name,n,ate_rmse_m,ate_mean_m,ate_max_m,yaw_abs_mean_rad,yaw_abs_max_rad,rpe_trans_rmse_m@1.0s,rpe_yaw_rmse_rad@1.0s
wheel,3173,4.528174560623979,3.5965822960622824,8.197553390780982,1.6149901932576274,3.139348288486657,0.1072591790805509,0.1304280748341319
ekf,3171,4.437713439100619,3.489456220764861,8.052446683509004,1.630042244927738,3.1345950977677797,0.1071414360746805,0.12914721112721345
