Estimator,Phase,ATE_RMSE_m,ATE_Mean_m,Yaw_Mean_rad,Yaw_Max_rad,Samples
wheel,GLOBAL (1-3),0.30644114828361674,0.27084701967371877,0.061378466491476165,0.15916959186356427,3289
ekf,GLOBAL (1-3),0.3255546952586354,0.2815188095985826,0.07766338840136162,0.1620714864727404,3289
wheel,square,0.2919018555681376,0.2377179857278718,0.0749759416709834,0.1591695918635642,2119
ekf,square,0.2835391637213437,0.2216172408453135,0.0764685622754503,0.1620714864727404,2119
wheel,straight,0.3411829306752685,0.3407244232392015,0.0185955955427597,0.0306223017274733,454
ekf,straight,0.4026535370090117,0.4022826555142383,0.0704657755019519,0.10548409652954,454
wheel,cw_rotation,0.3246317308023683,0.3245845639649483,0.0482644630073161,0.1335334979135498,716
ekf,cw_rotation,0.3822614926488149,0.38222361147354,0.0857633225035096,0.1387376348144466,716
