Estimator,Final_ATE_m,Drift_Rate_m_per_m
wheel,0.3171824362380253,0.01826013437787601
ekf,0.37615001582689783,0.021654887063434155
