t_ns,x,y,yaw
1778752914736089983,-0.0015416128920141868,4.6555580570287516e-07,-9.749589717003031e-06
1778752914738426176,-0.0015487659455026312,2.3538156322112797e-07,7.174777335558887e-05
1778752914740599328,-0.0015556795215085537,7.201876068352241e-07,6.702461894648026e-05
1778752914742038001,-0.001561878600629146,6.081232512009389e-07,-6.41724733310359e-06
1778752914743519976,-0.001567600776588233,6.147185585964485e-07,5.404408248311119e-05
1778752914752761811,-0.0015737999823854294,2.581704463071117e-08,5.9957307473089174e-05
1778752914756214723,-0.0015799984485673666,6.290081096316347e-07,5.4699947407954754e-05
1778752914760651660,-0.0015864364989871607,1.5959102858984697e-07,5.163215811171556e-05
1778752914763271464,-0.0015923967099893915,-7.195777757183041e-08,6.095959910432221e-05
1778752914766860064,-0.001599071972577499,7.702014843461665e-07,5.447961188681363e-05
1778752914770810755,-0.0016050334344785023,-5.7392951169736956e-08,-1.788512133120257e-05
1778752914773254112,-0.001611470696765811,-1.6918268276449753e-07,-7.138770360973839e-06
1778752914774609015,-0.0016174298356375941,6.721515276042598e-07,-1.5604911149574018e-05
1778752914775789956,-0.00162529818334164,2.043830885752002e-07,-2.6879450659576982e-06
1778752914777180857,-0.0016324502678804775,5.702546866889925e-07,6.816834925427607e-05
1778752914778794252,-0.0016379337509150335,8.149936147452909e-07,6.43996026008988e-05
1778752914782416216,-0.0016441334879170127,7.029297520074035e-07,-1.686519880563749e-05
1778752914782476341,-0.0016503327335567475,-1.2439035872750261e-07,-5.60996878315777e-06
1778752914784571043,-0.001656769413550154,7.174939798924425e-07,-9.909509290536995e-06
1778752914785883245,-0.00166249192049873,8.833655411430403e-09,5.843571499439213e-05
1778752914787711670,-0.0016691675375720906,1.3573730305634824e-07,6.394565375831528e-05
1778752914789123371,-0.0016756047906616137,5.007848178102537e-07,-1.3712203035402483e-05
1778752914790390155,-0.001681565383219356,-3.268102690330324e-07,5.9771386187234834e-05
1778752914791603157,-0.001687763668584172,5.147992871164035e-07,5.844656366532388e-05
1778752914791737273,-0.0016942019304658407,4.538236450560028e-08,-1.427806292100036e-05
1778752914793429318,-0.0017004000733303749,5.2526620721631475e-08,6.25542657881278e-05
1778752914795032123,-0.0017070752184396632,8.946857946224145e-07,5.7560584138755905e-05
1778752914796046076,-0.001712559585638556,6.654156532073583e-08,5.3854322988349834e-05
1778752914798096725,-0.001719235759461259,-4.497299652777417e-08,-1.1495556780623011e-05
1778752914798907170,-0.001725672217269307,4.392832356971044e-07,5.7103609891742034e-05
1778752914799529586,-0.0017323490111796542,-1.490681148105592e-07,5.681380674999055e-05
1778752914800753299,-0.001737831973732912,-2.353889001802974e-08,6.266101476029897e-05
1778752914801729820,-0.0017447461642031883,5.804769272736063e-07,-1.3237900990840096e-05
1778752914802632240,-0.0017507067838311889,-1.2790882597820975e-07,-1.0310516732565641e-05
1778752914803165977,-0.0017576204139776285,5.953158848188261e-07,5.836163087303941e-05
1778752914804469562,-0.0017633427365345887,5.864735498298717e-09,-9.21628417556167e-06
1778752914805423501,-0.0017700181365227846,7.288147870489252e-07,-1.30065684373162e-05
1778752914806324438,-0.0017762176370414266,-2.1771444603613796e-07,-9.332946120741788e-06
1778752914808513881,-0.0017828925941846046,6.244445870371029e-07,-1.238441735778772e-05
1778752914808541584,-0.001788853969251542,3.526871308348277e-08,-1.4606122652021442e-05
1778752914808883455,-0.0017950520921948072,1.6162226768409857e-07,6.257438233244683e-05
1778752914809600632,-0.001802204670144685,5.274942354701888e-07,9.457763593104168e-07
1778752914810375359,-0.001808164942436422,7.727827284675062e-07,-2.0461412961639906e-05
1778752914811125940,-0.0018141258639348577,-5.481211192758075e-08,-7.742076796949606e-06
1778752914812004404,-0.0018208013778273778,5.489287116522316e-07,-8.980648984622968e-06
1778752914812385852,-0.001826761991832088,4.3658952073710906e-07,-1.5996376515392697e-05
1778752914813616748,-0.0018329609662461408,-3.310285327502852e-08,6.366898921773208e-05
1778752914818782033,-0.001839159510064359,8.085068965122773e-07,-1.1413145997323911e-05
1778752914852179743,-0.001845597562532949,-3.761660628542309e-07,-1.1347577628400479e-05
1778752914853086832,-0.0018520343799264438,3.465090653983435e-07,-1.1997300044646096e-05
1778752914869946829,-0.0018584721483970719,-1.229082268847574e-07,5.433541722829132e-05
1778752914886460315,-0.0018644323195567646,-1.1603843627726602e-07,-7.631578094151103e-06
1778752914902703397,-0.0018708689055671158,7.258458319289081e-07,-1.2437520180330738e-05
1778752914920502073,-0.0018777845262275873,-3.3906766559494226e-07,-1.5673057489781114e-05
1778752914936861676,-0.0018837441406379376,-9.377966549402327e-08,6.0749631010968606e-05
1778752914952574777,-0.0018897041217827235,6.283458626106469e-07,-1.6326954889671653e-05
1778752914970267742,-0.0018959037704249378,-7.97646328777046e-08,-1.751750776834352e-05
1778752914986714691,-0.0019028171186222117,6.434598666780179e-07,5.3413668539277226e-05
1778752915003149187,-0.0019090159990532095,1.7376742225210892e-07,5.366316026838076e-05
1778752915019729581,-0.0019154536010046954,4.1960588506962916e-07,4.934465391047544e-05
1778752915052363184,-0.0019216531990808874,-4.0771396161363547e-07,5.316977036910724e-05
1778752915053534317,-0.0019280892048461323,6.725884984825236e-07,5.664093299071039e-05
1778752915069750467,-0.001934765328102813,4.418645854391008e-07,4.7341647018194575e-05
1778752915087026967,-0.001940964839344939,-1.4703669968188023e-07,5.331808452797802e-05
1778752915102956631,-0.0019476393265728407,6.951219813225045e-07,5.762649862777305e-05
1778752915119775830,-0.001954077129262717,5.833326546069282e-07,5.393710603997302e-05
1778752915152179395,-0.001960276412696194,2.3284982542757365e-07,5.354347509464406e-05
1778752915168828159,-0.0019662361716556217,5.973472471371769e-07,5.5061034371472154e-05
1778752915169887799,-0.001972435328412495,7.237015762892748e-07,4.7335659345593674e-05
1778752915185871486,-0.001978396383736524,-3.423117904612101e-07,5.34055327647207e-05
1778752915218859064,-0.001985548140860367,8.580247555171309e-07,-1.7297511775618788e-05
1778752915235634469,-0.001991509716665695,-8.87789079695859e-08,-1.6857391895162316e-05
1778752915236205929,-0.0019977077599238834,5.144118401693676e-07,-1.3133308973566661e-05
1778752915252610287,-0.0020039061520440347,9.983935363719357e-07,-2.0988018805545835e-05
1778752915270032847,-0.0020101062997205793,-3.0576315178081133e-07,-1.619142200010885e-05
1778752915286166860,-0.002016780824742224,1.0132328107791256e-06,5.111773804403139e-05
1778752915304452504,-0.0020227423229112703,-1.719895374939737e-07,5.210090292641381e-05
1778752915335553746,-0.0020294170956628326,7.893786707397514e-07,5.5344566698026264e-05
1778752915336555837,-0.002035615822346968,6.773140510538249e-07,-1.6098854494921765e-05
1778752915352989100,-0.0020420539069860096,5.655249355795617e-07,4.9034873726182427e-05
1778752915385511812,-0.00204753722402452,-2.4201453900987174e-08,5.376926665896323e-05
1778752915402146570,-0.002054212717995771,6.9874866806341e-07,-2.0238468661196784e-05
1778752915403184207,-0.0020611281941071654,-4.853742510691243e-07,5.1036267252594055e-05
1778752915420004168,-0.0020666105707920256,4.746197279500841e-07,-1.382701077691722e-05
1778752915436263129,-0.002073047863724088,6.012486459348204e-07,4.699302410384037e-05
1778752915453239578,-0.0020802012047849883,-2.2497194764230665e-07,5.21135766335294e-05
1778752915485456087,-0.0020861611624340103,4.971535628589207e-07,-1.2643735284429354e-05
1778752915486554460,-0.002092120635869778,7.424414573391832e-07,5.20535255140064e-05
1778752915518786127,-0.0020995124563445394,3.933329629950026e-07,-7.929690995418279e-06
1778752915535477092,-0.0021049954766128084,8.764901709585002e-07,4.1662272223536866e-05
1778752915536724911,-0.0021116725616701065,-1.8869821465651678e-07,5.261295283657415e-05
1778752915553031603,-0.002117393372826096,5.331519500640322e-07,5.8111822903609464e-05
1778752915568937802,-0.0021238306259156194,8.98199464817938e-07,4.3811641968061316e-05
1778752915602104792,-0.0021305079622773305,-4.054073591352623e-07,-1.5929114187125456e-05
1778752915603449365,-0.002136944195851224,4.364766450192693e-07,5.6461986435058135e-05
1778752915635475861,-0.0021426657246524086,8.006994074824631e-07,-1.8920335459743146e-05
1778752915636430360,-0.002149581168070253,9.341371709515185e-08,-2.1853714973162362e-05
1778752915668904880,-0.0021557791934559683,1.0055788529396873e-07,5.44035565544345e-05
1778752915669582552,-0.002161739539809491,4.650557470896417e-07,-2.123794413587664e-05
1778752915702215724,-0.0021679399331671584,-4.814728170645952e-07,-1.86999130106092e-05
1778752915703437222,-0.0021746143968992965,3.6068584633634683e-07,5.587904834415129e-05
1778752915719442350,-0.0021808125775575732,8.446673841079297e-07,-1.637084345033e-05
1778752915736630613,-0.002187250443585751,4.944594782266268e-07,5.1932833468499326e-05
1778752915768858292,-0.0021936878034306095,5.018791330336647e-07,-1.5657589248446887e-05
1778752915770424147,-0.0021991709973670105,5.08199217872595e-07,5.21317477111731e-05
1778752915786759123,-0.002205370291523972,5.153443366573224e-07,-2.2624195127488693e-05
1778752915818854661,-0.002212047098206599,-4.3063494421098005e-07,-1.7179111152582614e-05
1778752915836064695,-0.0022182442700727305,8.878110309253108e-07,-1.4005557256904355e-05
1778752915836097688,-0.002224205370339491,5.370535777064319e-07,-1.7277081354460648e-05
1778752915853056303,-0.00223088123514277,3.0632947102513883e-07,5.118707775877939e-05
1778752915870152480,-0.002237556781728839,4.332330658597281e-07,5.2512945196767807e-05
1778752915886101861,-0.0022435168859757347,5.593121196449185e-07,5.2221237578569834e-05
1778752915903650801,-0.0022497157137919143,6.856662023488177e-07,-1.6574023346469907e-05
1778752915919871890,-0.002256152889245157,8.122950323163406e-07,4.6328838351074496e-05
1778752915936380157,-0.002262591536256832,-1.3395885498804425e-07,-2.1816736028044555e-05
1778752915953174298,-0.0022692673341473133,-2.454736984916383e-07,-1.5196388215197925e-05
1778752915969640004,-0.0022752265200106244,5.958605470840043e-07,5.266120227166453e-05
1778752915986348191,-0.002281664064247098,4.840710267305571e-07,5.0315617025864385e-05
1778752916002992467,-0.0022878633711763395,1.335882151546456e-07,-1.7022231673276843e-05
1778752916035581806,-0.002294300040446262,6.178446058105087e-07,5.220008772155146e-05
1778752916036652447,-0.0023004991231413492,6.249895661642507e-07,-2.33817265625873e-05
1778752916052887783,-0.00230693725324622,-3.212647084158746e-07,5.190642907088968e-05
1778752916069522160,-0.0023133735843776635,6.39828682140456e-07,5.493616866611812e-05
1778752916102225175,-0.0023198109171522633,5.280390033560241e-07,4.96968823655865e-05
1778752916118827271,-0.0023262487326144196,5.862174627980819e-08,4.984110752790755e-05
1778752916119763155,-0.0023324477718924736,1.8497598741469238e-07,5.272906262018415e-05
1778752916152243265,-0.002338407319390027,5.494732506933108e-07,-1.742122269703157e-05
1778752916152960983,-0.002344606562980966,4.374090182831249e-07,4.999534967856233e-05
1778752916169646798,-0.0023508056691718166,4.4455399624031006e-07,-2.303723596043051e-05
1778752916186144384,-0.002357481828696541,-1.4379782956030858e-07,5.102410976305615e-05
1778752916202724528,-0.002363680224391186,4.59393182630286e-07,-1.533688285425421e-05
1778752916220110027,-0.00236964016774223,7.046814291794043e-07,5.0239952443507666e-05
1778752916236360071,-0.0023763163379904384,4.739575513428674e-07,4.404700170437035e-05
1778752916268932187,-0.0023822773733931982,-4.7284651702303333e-07,5.121251316041381e-05
1778752916285632029,-0.0023887136447608348,8.458747686870506e-07,4.839032412296309e-05
1778752916286354676,-0.002394675240487432,-2.2013819318425036e-07,4.853954118185836e-05
1778752916318900492,-0.0024003962161137683,5.017120947603981e-07,5.2953110133501175e-05
1778752916319872294,-0.0024065949805916454,8.664847566300228e-07,-2.44038834095936e-05
1778752916352530605,-0.002413748643444251,-1.981542224749598e-07,-1.859588302536125e-05
1778752916352939434,-0.0024197081618227497,7.623895855369091e-07,4.836461523205773e-05
1778752916385472525,-0.0024256695496619675,-1.844142187773499e-07,-2.014766543107635e-05
1778752916386438326,-0.0024321062189318894,2.9984217187851367e-07,-1.654840513327043e-05
1778752916403182733,-0.0024385431936467415,7.84098791379133e-07,4.438771160545769e-05
1778752916435519510,-0.002444742902052763,-2.8163959926297186e-07,5.010137312907062e-05
1778752916452187762,-0.0024514177958576393,7.989380129759945e-07,-2.059238827748436e-05
1778752916453470867,-0.0024573792976011807,-2.670750193090776e-07,4.8186441187796205e-05
1778752916485461315,-0.0024635778036256567,9.769744892267704e-08,-1.672805505022301e-05
1778752916502168551,-0.0024700141980954025,8.203722603132811e-07,-1.8081573902351967e-05
1778752916503098243,-0.0024762136025821935,5.890988351391682e-07,-2.4118817185522174e-05
1778752916519540363,-0.0024821747789595364,-3.577051276060759e-07,5.025299627066201e-05
1778752916552125754,-0.0024890880239759696,8.423565478845418e-07,-2.201466467086724e-05
1778752916552854243,-0.002494810738811926,1.4487065846487753e-08,-1.9862078048091014e-05
1778752916585533563,-0.002501724640184047,3.8008403992075566e-07,-1.645024606964128e-05
1778752916586231674,-0.0025074461689852307,7.443068023839491e-07,-1.8739186756687278e-05
1778752916603516150,-0.0025141226068846265,3.674587183661606e-08,4.956263606762098e-05
1778752916619649963,-0.0025203207640471393,5.207273920047559e-07,5.122575278694974e-05
1778752916636291523,-0.0025262811701644698,5.275973586466755e-07,-1.986800565252435e-05
1778752916653226453,-0.0025324809035919544,2.96324179920761e-07,-2.4159442132678613e-05
1778752916669246770,-0.0025389179002768716,-5.38843772879245e-08,5.102929008047061e-05
1778752916686769630,-0.0025451160717373626,9.069344068323245e-07,4.522581607487368e-05
1778752916718835742,-0.0025515546646085203,-2.7773814765500004e-07,-2.087585425855252e-05
1778752916718944268,-0.002557752221604658,5.638708627877093e-07,5.2410399504971817e-05
1778752916752206700,-0.0025637125444624175,9.283687069799395e-07,4.3260396671602835e-05
1778752916752661166,-0.002570151019854756,-2.563039355245989e-07,4.914399614255595e-05
1778752916770137248,-0.00257611072977386,8.234493293028396e-07,-2.136462246571979e-05
1778752916802165397,-0.002582310116388178,-3.870675811409855e-09,-2.024308450013082e-05
1778752916818801297,-0.0025892239074304696,6.001448422216985e-07,-1.7529818755764868e-05
1778752916818969337,-0.0025949456369700444,6.067398151517948e-07,-2.0058107992622315e-05
1778752916852171213,-0.002601145115518621,4.946757587760376e-07,-2.5537679563610543e-05
1778752916854244596,-0.002607582802778474,-3.323695342814736e-07,5.027854419524653e-05
1778752916869914955,-0.002613542030010022,1.1050113088377481e-06,-2.2744855256510023e-05
1778752916886356414,-0.002619980803698301,-3.1807973679808873e-07,4.708875992722347e-05
1778752916902785550,-0.002626178572156313,5.23529432075606e-07,-1.6482624243416218e-05
1778752916919553010,-0.0026321389420056003,8.880273114747217e-07,-2.590182657497681e-05
1778752916936077808,-0.0026390541162465593,-1.7688652051454233e-07,4.9638084464305214e-05
1778752916953030622,-0.0026452522499133086,3.0709498205015515e-07,5.201074503316138e-05
1778752916969849922,-0.002651689067306803,1.0297701103027296e-06,-2.0670122323146292e-05
1778752917002127236,-0.0026574121545004854,8.269159393173243e-08,-1.9906050112981743e-05
1778752917018792191,-0.002663849078649315,4.4773886223743923e-07,-1.806185125653695e-05
1778752917019561678,-0.00267028571369999,5.743672873257784e-07,-1.986642747499442e-05
1778752917036421554,-0.002676008410140375,7.001722979850561e-07,-2.624615994488561e-05
1778752917052846803,-0.0026822076956226483,-3.6556640951901923e-07,4.976273232055098e-05
1778752917069689166,-0.0026886438730072296,9.53154805777294e-07,4.499320401393062e-05
1778752917085947506,-0.0026946049354802486,1.255600710028634e-07,-2.234960889459694e-05
1778752917102975714,-0.0027005651010166497,7.284764239470481e-07,-2.4101257053276056e-05
1778752917135508415,-0.002707241797369447,2.091568703758595e-08,-2.091938341322489e-05
1778752917152105891,-0.002713439484616684,5.048968551368706e-07,4.880075452878454e-05
1778752917168774183,-0.0027198769256723174,8.699445107183182e-07,-2.777040233894533e-05
1778752917170582800,-0.002725361329139254,-3.158276313405563e-07,-2.108902067836934e-05
1778752917186074138,-0.0027320363639187126,7.647500865190673e-07,-2.4229391942531383e-05
1778752917218809325,-0.0027382358950821077,5.66395030135018e-08,4.635706547865613e-05
1778752917235548331,-0.0027444338208614774,6.598301631352413e-07,4.9364047651322155e-05
1778752917236093761,-0.0027501559299077678,7.856347337084495e-07,-2.790351145261686e-05
1778752917268824008,-0.0027570713590276334,-3.984882206309706e-07,-2.164292757105381e-05
1778752917285493071,-0.002763269275609218,6.815396858394352e-07,-2.393965169504702e-05
1778752917302176842,-0.002770183762849736,2.1267190568702455e-07,-2.208237476899458e-05
1778752917302859303,-0.0027759052446593925,5.768946329433325e-07,4.932371153940569e-05
1778752917319513087,-0.002781865591012916,9.413924947390054e-07,4.037131346820912e-05
1778752917336158806,-0.0027873498335839997,-1.2517045455594148e-07,-2.20598039661773e-05
1778752917352804294,-0.0027947403704664396,5.986039091993275e-07,4.467353041692178e-05
1778752917385476070,-0.002800701188784035,2.478462447391354e-07,4.602273390692779e-05
1778752917386528055,-0.002806423167579226,7.312786576557687e-07,-2.5914567206925254e-05
1778752917418765994,-0.0028121452786743118,1.4182734990425633e-07,4.7195535754323024e-05
1778752917419882973,-0.0028188204202091055,8.647772078170121e-07,-2.424357937295057e-05
1778752917452123397,-0.0028245429812981987,3.945355505189403e-07,4.023480943828552e-05
1778752917452956685,-0.002831219473338111,-7.460671284545294e-08,-1.899992869888612e-05
1778752917469796053,-0.00283717879660151,6.475183223628194e-07,4.804332112175647e-05
1778752917486675306,-0.002843616035393055,5.357285731646161e-07,-2.4284334889409216e-05
1778752917518873129,-0.0028495763511018246,6.618077853807915e-07,4.0635625045744695e-05
1778752917535491365,-0.0028562532624909908,7.345652289034138e-08,4.324598550091485e-05
1778752917552162552,-0.002862213158850507,3.187447342325746e-07,4.988290029889208e-05
1778752917568802069,-0.0028686503577995135,4.4537358180353997e-07,-2.3318938587035773e-05
1778752917585480500,-0.0028750876001655524,4.52793148593364e-07,4.5011424407013256e-05
1778752917602911886,-0.0028815250539934666,4.6021287381417305e-07,-2.026473227113812e-05
1778752917618814167,-0.002887485091327565,7.055011907770625e-07,4.631725358169565e-05
1778752917619887844,-0.002893922169223258,7.129206343427866e-07,4.53334034747355e-05
1778752917636122569,-0.0029001213459014,7.200656651103002e-07,4.013565560505162e-05
1778752917652796431,-0.0029063208264987726,-1.0725426959017822e-07,4.691083749611678e-05
1778752917669353240,-0.002912042091223264,8.530148615718379e-07,4.240207176134467e-05
1778752917702119015,-0.0029189567592809032,1.4572859027091482e-07,4.529981024926299e-05
1778752917703140262,-0.002924917089287652,7.486450664391997e-07,-2.5261112498090546e-05
1778752917719948420,-0.002931354458330295,2.7922747489757094e-07,4.597914785061326e-05
1778752917736233972,-0.00293755258842255,6.439996614742411e-07,4.7683612381976024e-05
1778752917771141730,-0.00294375149387501,1.008772428964523e-06,-2.937434530704083e-05
1778752917771180083,-0.002949951531221725,-5.6965715229383034e-08,-2.2342755254842967e-05
1778752917802167258,-0.002956626931209921,6.659843363212428e-07,-2.5798818531705255e-05
1778752917802884645,-0.0029623487838516048,7.653283493186029e-08,4.45535800156168e-05
1778752917820691006,-0.0029687858760452765,5.607895424496939e-07,4.165082422786215e-05
1778752917852218260,-0.002975700762713779,9.192206155581015e-08,-2.230381673341854e-05
1778752917853327755,-0.0029811835046073772,6.942883742660213e-07,4.784034034962894e-05
1778752917885487565,-0.00298738237584059,7.014331761887787e-07,4.5207770173378926e-05
1778752917886299062,-0.002993820057477152,4.7043444546796076e-07,-2.2771279248946337e-05
1778752917902851903,-0.003000495466663133,7.165472506699207e-07,-2.1644843157291336e-05
1778752917935468113,-0.00300597924084464,4.844491436188666e-07,4.536569316069407e-05
1778752917952172504,-0.0030119399524069002,4.913193391055423e-07,-2.8279091102850224e-05
1778752917953150929,-0.0030179005321923622,2.135218262289468e-08,4.6287590607114626e-05
1778752917969091844,-0.0030248140050174446,9.829954021718863e-07,4.1208593763321275e-05
1778752917986937429,-0.0030307751578990236,3.6191421823199394e-08,4.4969925205502986e-05
1778752918003178907,-0.003037211924726496,6.396571988808611e-07,4.7116867829652854e-05
1778752918019526357,-0.003043649143596772,6.470767480672423e-07,-2.3868175073283672e-05
1778752918052156293,-0.003050086526937394,6.54496420477723e-07,4.043211862992209e-05
1778752918052830979,-0.0030562863941904716,1.848047153964104e-07,4.786214123680134e-05
1778752918069568864,-0.0030622454789217385,7.877202585822276e-07,-2.1679502890617875e-05
1778752918102183951,-0.003068683606977813,5.567218623268229e-07,-2.9377549270841667e-05
1778752918103411882,-0.003074882574242877,-1.5138914366136922e-07,-2.2343105668244946e-05
1778752918119658760,-0.0030822733660042234,4.5317609774374254e-07,-1.1460993683130568e-05
1778752918136528095,-0.0030877562182276518,8.171238664951133e-07,4.3753304747646984e-05
1778752918152805221,-0.0030932407841161385,3.466077259850589e-07,-2.470545503006243e-05
1778752918185468451,-0.003099916488023565,2.3509281206769332e-07,4.764872082757205e-05
1778752918202206435,-0.003105399528213104,5.990407216466062e-07,-2.3467271295296423e-05
1778752918218887591,-0.0031125529269890157,1.3044811124044625e-07,-2.353156692207409e-05
1778752918220571040,-0.003118513262619055,1.373180250720375e-07,4.6762348613166435e-05
1778752918252235155,-0.003124950065714571,3.831558893725026e-07,4.456320718137226e-05
1778752918253829093,-0.0031309114009389705,3.23986121880517e-08,-2.3875789586428474e-05
1778752918285527935,-0.0031371097082738514,3.954299162818236e-08,5.1754293149249293e-05
1778752918302179875,-0.0031435463177799665,8.814272774377989e-07,4.4942996153075403e-05
1778752918318826525,-0.0031504614685251616,-1.8348657215490712e-07,-2.027267373756475e-05
1778752918319726641,-0.0031568982460761182,7.776071528668367e-07,-2.0928768611990724e-05
1778752918352131709,-0.003162620447579764,6.89465995410676e-08,4.910489227461689e-05
1778752918368820760,-0.0031688191216490812,5.529285069849491e-07,4.4837899620660895e-05
1778752918369851985,-0.003175733746289687,-3.5148483534831846e-08,-1.9325111712302947e-05
1778752918386418773,-0.003181931863609662,6.872516334024768e-07,4.5246260858643964e-05
1778752918402902583,-0.0031878927759103125,3.364940393560558e-07,4.233861246844534e-05
1778752918419716903,-0.0031938540370729258,-1.334726066267508e-07,-2.29597026124244e-05
1778752918436387028,-0.003200529234797032,1.1264004014422416e-07,-1.6764042432405392e-05
1778752918452930822,-0.0032064887496010366,9.539745321680658e-07,-2.433534140029249e-05
1778752918469546824,-0.003212926628401495,2.4613869592612416e-07,4.208426661329556e-05
1778752918502187120,-0.003219364474508404,1.5140088429406122e-08,-2.2244120813750428e-05
1778752918518894787,-0.003226040162069056,1.4204378888465166e-07,4.531215123765084e-05
1778752918519967842,-0.0032319997729049112,2.681224729975441e-07,4.962987371008882e-05
1778752918536079132,-0.0032384374959097107,6.331703398203055e-07,-2.343193487812311e-05
1778752918553853091,-0.003244636721628177,-7.494047253001612e-08,4.865726430435339e-05
1778752918569892594,-0.0032510731467426763,8.861529884400855e-07,-2.362498538760448e-05
1778752918586503115,-0.0032572725839230157,1.780423345207486e-07,4.834784820786642e-05
1778752918602175929,-0.0032641867202527755,5.436394846294443e-07,-2.2607000050725482e-05
1778752918635558149,-0.0032699089758969385,7.339759848661596e-08,-2.034007795877457e-05
1778752918652199730,-0.003276345739149916,5.576540595562502e-07,4.360125245814221e-05
1778752918652873835,-0.00328230720105092,-2.6994037595965305e-07,-1.981725831964328e-05
1778752918670255316,-0.003288743300799221,8.103621545502771e-07,-2.349261098381912e-05
1778752918702176802,-0.0032944657643307635,2.209111108504064e-07,4.141719694645883e-05
1778752918718910227,-0.003301618676844625,-9.263237251997251e-09,-2.3563370302084763e-05
1778752918719817847,-0.003307340142307507,5.933781043769222e-07,4.512429879045179e-05
1778752918736323830,-0.0033140156383275536,6.010723480165986e-07,4.114668345064739e-05
1778752918768971229,-0.0033202158003020773,-2.2624707618403915e-07,-2.1766765140424172e-05
1778752918786451508,-0.003326651939892916,6.156368575567218e-07,-2.036693722976723e-05
1778752918802161934,-0.0033323737399197817,6.22231883297147e-07,-2.4077565032908886e-05
1778752918802997907,-0.0033392882848753114,5.109920863157036e-07,3.970245994827912e-05
1778752918819294621,-0.0033454881414049058,-3.163275667296907e-07,-2.0451432709625514e-05
1778752918836418861,-0.003352162780330874,8.834591678594333e-07,-2.191983165890565e-05
1778752918853169169,-0.0033581236078462544,5.5864257050575393e-08,4.687502803445898e-05
1778752918869813064,-0.003364322234924043,5.398461292875704e-07,4.6295779547296875e-05
1778752918886309448,-0.0033702830695884135,-4.933014954523319e-08,4.744656595381077e-05
1778752918918852959,-0.0033771969581882547,6.738947548896732e-07,-2.2196396757977437e-05
1778752918920418724,-0.0033833960664279017,-3.4216145477862256e-08,4.87109819144446e-05
1778752918936423411,-0.003390071164545662,8.079429932160352e-07,4.54577463657787e-05
1778752918952951595,-0.003396031979288763,3.379760127678154e-07,-2.5078863384582276e-05
1778752918969955126,-0.0034022315176011476,-1.317159387616957e-07,-2.4040173365125702e-05
1778752919002098665,-0.003408429956712826,3.522657926477579e-07,-2.289196687388422e-05
1778752919019526213,-0.0034148675009493005,2.404762722943107e-07,-2.3113157234577145e-05
1778752919019714342,-0.0034208278565006087,1.281368877413178e-07,-1.820758515152966e-05
1778752919052254787,-0.003427741228193646,8.51361404900483e-07,-1.813854614185639e-05
1778752919069232158,-0.0034339401627651606,6.200876276575144e-07,4.78467844496238e-05
1778752919085489496,-0.0034401393864348304,6.272326936319135e-07,-2.5289673421424274e-05
1778752919086559596,-0.0034463387965449122,-2.0008729387889448e-07,-1.9768455191680987e-05
1778752919118865374,-0.003452536780039293,7.607313494138126e-07,-2.2165033067698186e-05
1778752919119568725,-0.0034587365262390576,1.7183024032725962e-07,-2.6625275482450304e-05
1778752919152163384,-0.003465174291135191,-4.1679636794386806e-07,4.9379557451483e-05
1778752919152837198,-0.003471609861204408,1.0211337056509595e-06,4.6375626445482594e-05
1778752919185474909,-0.003478048300328703,1.9408897590361679e-07,-2.6826970501252855e-05
1778752919186594253,-0.003484486112216364,-3.945375971606253e-07,4.992744480825582e-05
1778752919202196713,-0.0034906833111527547,1.0431177115671351e-06,4.79568908507639e-05
1778752919220091692,-0.0034966443174364596,6.923601879344857e-07,4.112354366918736e-05
1778752919252136112,-0.003502844197461818,-1.3495944750746582e-07,-2.5376144224325024e-05
1778752919253128624,-0.0035095194258306776,3.4957184884300626e-07,4.6639011534141594e-05
1778752919269227951,-0.0035154793855284956,3.564414810195135e-07,4.87868476040395e-05
1778752919302902378,-0.00352191680666286,8.406984349855452e-07,-2.4855598037886975e-05
1778752919303540775,-0.0035288312326138722,-1.0500664432586051e-07,-2.162779550024445e-05
1778752919335662953,-0.003534790985950009,8.55537339720437e-07,4.460976929726011e-05
1778752919352131805,-0.003540990524262394,3.858453881909264e-07,4.190748201982929e-05
1778752919368999937,-0.0035479051054859673,-8.302232154771395e-08,4.9756982425264955e-05
1778752919385607353,-0.003554341322713086,9.9728029697943e-07,-2.414403841331403e-05
1778752919387459864,-0.0035600639471404815,2.886200605156319e-07,-2.702594805551321e-05
1778752919403153998,-0.0035665017462558632,5.762141781202832e-08,-2.455133885284006e-05
1778752919419907583,-0.0035722227652992323,6.602624249755345e-07,4.3712250996767205e-05
1778752919452143678,-0.0035786608228680155,4.29263975909802e-07,-2.5689433853181412e-05
1778752919468863327,-0.003585098078006335,7.905561233898622e-08,-1.9938914618363645e-05
1778752919485503575,-0.003591296242317837,8.014557644831813e-07,4.3444735496748486e-05
1778752919486430903,-0.00359773452054628,9.36202274997661e-08,-2.8336050675899706e-05
1778752919502911276,-0.003603933478613558,-1.3765353213975932e-07,-1.9068075056499313e-05
1778752919535547023,-0.0036103697627534745,8.234398232096861e-07,-2.461259015881196e-05
1778752919552148708,-0.0036160926727045305,2.339891139752274e-07,-2.812694865827251e-05
1778752919568878096,-0.0036222915567100224,-1.1649401446265373e-07,-1.917684711787414e-05
1778752919569971821,-0.0036289661450699686,9.640833689315565e-07,4.339653348268579e-05
1778752919602183640,-0.0036356428414227662,2.565226320220944e-07,-2.800086074618889e-05
1778752919603216589,-0.0036416038712022356,-9.42348740071126e-08,-2.4241533804195965e-05
1778752919619887996,-0.0036478014516941374,7.473741540390394e-07,4.374833561399605e-05
1778752919635595667,-0.003654000805614906,3.968913776700135e-07,-2.6391850107143346e-05
1778752919668894448,-0.0036604377895275435,4.043107508219665e-07,4.272703972845158e-05
1778752919685517824,-0.003667590474232756,4.125548586611894e-07,5.8975513362062465e-05
1778752919702313568,-0.0036733117118869893,1.253614656231736e-06,-2.895237405643575e-05
1778752919703445666,-0.0036792741861546327,-2.89234900660849e-07,-2.6468342977440246e-05
1778752919719590540,-0.003685471880550859,4.3316489941449e-07,5.360297641853946e-05
1778752919736107613,-0.003692385715010183,9.179711366664573e-07,4.518396658027354e-05
1778752919753376359,-0.0036983466165873497,2.0958559465595387e-07,-2.579039674732342e-05
1778752919785604569,-0.003704307006357906,4.54874175670485e-07,-2.0909844375943578e-05
1778752919802265006,-0.003711220488380773,9.396801488708107e-07,4.66085171130669e-05
1778752919802967485,-0.0037167037870237136,1.3036282520875937e-06,-2.9451573429271636e-05
1778752919835475859,-0.0037236197223268993,-2.3812226294016723e-07,-2.309121002327134e-05
1778752919836412174,-0.00372934061111917,7.221465865667645e-07,-1.9605847135602138e-05
1778752919852631931,-0.0037362546463168846,8.493250342856351e-07,-2.4965681924103708e-05
1778752919870019924,-0.003742215990739069,2.173051075251794e-08,4.368599296190056e-05
1778752919902208589,-0.003749129449266173,5.065364663493996e-07,4.803972868335172e-05
1778752919903999633,-0.0037548513539995775,8.707595104676776e-07,-2.2314653823415954e-05
1778752919920440291,-0.0037615271212453065,5.20826017384586e-07,4.444189723222706e-05
1778752919953579708,-0.0037674877893905338,6.469054936524031e-07,-2.2010455478083216e-05
1778752919953596740,-0.0029225255517776466,6.9447758463719625e-06,7.014918203590787e-05
1778752919969868165,-0.0011527764409053416,-1.9890580823781423e-05,-2.6778152743219894e-05
1778752920002209571,0.0015399713547527914,2.3259000622714647e-05,0.00013163209485887755
1778752920129683450,0.005146971490125677,-4.7402916287547825e-06,5.162239286560198e-05
1778752920129697276,0.007737373184270764,-1.7262731085600673e-05,6.859310317641796e-05
1778752920129704240,0.01076508008360093,9.407512716569987e-06,0.00022624879575031302
1778752920129710411,0.014697301599362845,-2.6349451914749073e-06,0.00028428100614977334
1778752920129716653,0.019513835767384705,1.588698999873984e-06,0.00024986221418541073
1778752920129736932,0.025118342242974597,4.665710015576268e-06,0.0004478121210348198
1778752920129743294,0.0313162707849733,7.416372070468556e-06,0.0005059037905852711
1778752920129749566,0.037779321290046165,1.069592088049071e-05,0.0006108631909032353
1778752920152151306,0.04433487872509244,1.4107265365692173e-05,0.0006491753191696808
1778752920168807605,0.050926200071975625,1.8431063452326015e-05,0.0008228534696374017
1778752920170363871,0.057529442314353044,2.3098749483226313e-05,0.0007061857044956228
1778752920202146703,0.06413650016867821,2.83580845887458e-05,0.0008110307550061288
1778752920218801258,0.07074522751939548,3.4211542233601696e-05,0.0009092446964154599
1778752920235468698,0.07735419377092465,4.042235265667543e-05,0.0009355822993983441
1778752920252224576,0.08396411469454558,4.698969107046937e-05,0.001032337595469046
1778752920268858011,0.09057379686395252,5.3795723162761535e-05,0.0011240453302121406
1778752920285448434,0.0971830031859816,6.131755999418173e-05,0.0012829832320540994
1778752920286315227,0.1037922093634616,6.89586062472106e-05,0.0012346287967180036
1778752920302812682,0.1104021316973515,7.707566467743548e-05,0.001252954289915685
1778752920335497563,0.11701157816751677,8.567010923241574e-05,0.0013391215076670614
1778752920336236462,0.12362030891901697,9.486142510202343e-05,0.0014919797581279854
1778752920368833234,0.13022951739603042,0.00010417140001854039,0.0015742298421953119
1778752920385490014,0.1368394414890512,0.00011395738751713253,0.0015884327345568078
1778752920385912660,0.14344841261649624,0.00012445972956624194,0.001604170185777195
1778752920403312155,0.1500580996490468,0.00013519966535420914,0.0017473609678886654
1778752920435544714,0.15666802537094737,0.00014629695407882514,0.0018215207939914243
1778752920452164803,0.1632772355999427,0.00015751427669568547,0.0017709072043810541
1778752920468859515,0.16856297984388746,0.00016393892614473905,0.0018243565878542545
1778752920485504542,0.17420755046584993,0.00017447995006817925,0.001832222616711603
1778752920502149028,0.1804281372903591,0.00018554915163391695,0.0018481059390142713
1778752920502889911,0.1868988278328544,0.00019776059735507375,0.0019141280903796818
1778752920629913982,0.19210637034819128,0.00020415617235248175,0.0018395251896482626
1778752920629943007,0.19769276755512663,0.00021488345635226478,0.0018449650278696823
1778752920629958106,0.20231236708213488,0.00022016855154959687,0.001842914241620284
1778752920629972123,0.20739855957912973,0.00023016106626917973,0.0018482767733631776
1778752920629986079,0.2131971473987136,0.00024112061659371776,0.0018545139012859921
1778752920629999845,0.21951262672988756,0.00025279570204164085,0.0019249084152860056
1778752920630013672,0.2260171726894582,0.00026508733543307764,0.0019297150207207932
1778752920652190132,0.23124736509465363,0.000271337594984248,0.0019171047127491652
1778752920653493427,0.23504608768154214,0.0002729196661179739,0.0018963314049709329
1778752920685453556,0.23935217695061617,0.00028440737259053766,0.0019008886291714791
1778752920686780004,0.24451060914327052,0.000293839786380709,0.00184832702848647
1778752920718825657,0.24864431310899218,0.00029849283056399624,0.0018307339318481947
1778752920719526232,0.2532686894442337,0.0003088984239044743,0.001767883463225112
1778752920736282952,0.2587082188253503,0.0003191989398774057,0.0019002240207817817
1778752920752851624,0.26477907987019533,0.0003303215059750803,0.00177832826354079
1778752920785551994,0.2711970796384251,0.00034235526416225964,0.001844604202185295
1778752920786721453,0.2777373882497361,0.0003544864682794259,0.0018469650463575809
1778752920818960434,0.2843227582553333,0.0003668041535329361,0.001850402253700707
1778752920835457339,0.290923625384873,0.0003793423954488224,0.0018540808532907134
1778752920852135670,0.2975309297639277,0.0003916347991659427,0.0019150394792268614
1778752920853298506,0.30413966471864134,0.00040404476334579716,0.0019165853365428426
1778752920885527698,0.30942803207528624,0.0004105855989227496,0.0018991406430944264
1778752920886257730,0.31507546317638724,0.0004218385815285063,0.0018369318186204915
1778752920903244138,0.32129795894565194,0.000433620839374943,0.0018407221796078886
1778752920936058295,0.32776936529364636,0.0004454738323430347,0.0019037513025694118
1778752920952300975,0.33432707776300485,0.0004578233951796749,0.0018433090048560568
1778752920968856642,0.3409181699210653,0.000470134485143393,0.0019075527773392358
1778752920969951789,0.3475216599354966,0.00048255049473123644,0.0018477774744850193
1778752920986293238,0.35412944117072126,0.0004949615581465934,0.0019131894580728544
1778752921003165829,0.36073769958748214,0.0005076104903297272,0.0018543038477670875
1778752921035491405,0.3673469116603936,0.0005200199046981924,0.001980824258533494
1778752921036152585,0.37395636191289744,0.000532548253758606,0.0019237716721962957
1778752921053313415,0.38056581309450827,0.000545434230062846,0.001988121236504425
1778752921069588007,0.3871759790840726,0.0005583193823013295,0.0019311925945232954
1778752921102141627,0.393785667868605,0.0005709666657896402,0.002056807736090851
1778752921118765514,0.4003955960473604,0.0005839713016864963,0.0020613336730978082
1778752921119484174,0.40700552352124286,0.0005969759381114556,0.002002373726563172
1778752921136057083,0.4136152132277333,0.0006102192674755686,0.0020667309959449915
1778752921152794066,0.42022537986445563,0.0006234620471691198,0.0020692380494250397
1778752921169484620,0.4268343546853563,0.0006369446192837756,0.0021310070190410286
1778752921186064082,0.4334426143152222,0.0006506664343778189,0.0021375696055025368
1778752921218811201,0.4400518271818895,0.0006640295226580678,0.0021413526128338982
1778752921219594735,0.44666127939578815,0.0006777499633820691,0.002146036295671594
1778752921252140010,0.45327049324775187,0.0006919475161172862,0.0022096781528780085
1778752921252497291,0.4598804219653841,0.0007057866168035758,0.0022726279806078767
1778752921270836186,0.46648987446328083,0.0007202223131946606,0.002278250642732374
1778752921287507854,0.47309980410287117,0.0007346574597567526,0.0023401411920774633
1778752921318927193,0.47970949559556275,0.0007494505088556415,0.0023460171368625414
1778752921319732037,0.48499619513731024,0.000757304569646411,0.002218631543827369
1778752921352258937,0.48887359536352265,0.0007584383290718204,0.002074204932869261
1778752921352882225,0.49145352366868805,0.0007601138763590491,0.0020735488896325093
1778752921385558920,0.49454583021348303,0.0007769344943903128,0.00221715759317687
1778752921386387139,0.49854387479612616,0.0007821015273587638,0.0022200896177254487
1778752921402877862,0.5034504098241084,0.0007954006012184933,0.002126566664762852
1778752921435596106,0.5091138678566388,0.0008078273218789556,0.0023160003291426965
1778752921436481544,0.5152362189509624,0.0008252085347856662,0.0022661642892844104
1778752921452983498,0.521680486288647,0.0008399538480215313,0.0023953840594475515
1778752921469168128,0.5282029368663451,0.0008569932265139136,0.002107995924175962
1778752921502241359,0.5347337543799126,0.0008717578971691385,0.0021340758507363998
1778752921503105155,0.5413308058076192,0.0008851350018374688,0.0020747522139757772
1778752921535546241,0.5479359661280219,0.0008977875054181673,0.002135211186511069
1778752921536360624,0.5545425562998125,0.0009119880817639563,0.002078458389676957
1778752921553248494,0.5611515312274685,0.0009258282817385589,0.0021398977681149124
1778752921569879715,0.5677619372206201,0.0009399052511222113,0.0020789596598594284
1778752921586206164,0.5743711510792096,0.0009523146641528149,0.0021378085290882825
1778752921603076741,0.5796511807680615,0.0009670905551312726,0.002064705270520788
1778752921619719304,0.5852866943851747,0.0009809798800695503,0.0020055774997460767
1778752921636375262,0.5898860345525679,0.0009909374918613755,0.0020713129684817467
1778752921652690881,0.5949529163384059,0.0010015483110867164,0.0020061670688782955
1778752921669853996,0.6007276652493081,0.0010105087809168366,0.0020680386477571005
1778752921686766773,0.6070100007095467,0.0010235333688322515,0.0020783708688212454
1778752921702895346,0.6135038189920415,0.0010354797394340866,0.002135684352232987
1778752921719577053,0.6200694004077448,0.001049489163394343,0.0020801211581403726
1778752921752176321,0.6266638318732322,0.001063465335454238,0.0020780876045928924
1778752921780021667,0.6332687551254926,0.0010757604848836504,0.0021354419570545585
1778752921780040202,0.6398731981172692,0.0010902019541182875,0.00213896067369082
1778752921785528574,0.6464802666377122,0.0011033290959110193,0.0021379877991047295
1778752921803272075,0.6530854281191283,0.0011180081569481355,0.002134831792926908
1778752921819940647,0.6583625779539035,0.0011160980557767904,0.0019291424542411159
1778752921946911116,0.6639878355411567,0.0011240387344874665,0.001928575077792594
1778752921946930643,0.6701769513923851,0.001136455511945196,0.0020003080235927724
1778752921946942165,0.6766359590774806,0.0011468922834470183,0.0020578524572066556
1778752921946952104,0.6831862810120055,0.0011606808765257384,0.0020008200356300214
1778752921946961642,0.6897757051345088,0.001173828354615356,0.002062681197312327
1778752921946972613,0.6950552505669841,0.0011806177767614864,0.0019174409099408526
1778752921946982782,0.7006960079868622,0.001192474498817754,0.0018515552455126807
1778752921952767158,0.7069137352184459,0.0012046198807368579,0.0019161141857201693
1778752921969764557,0.7133810872528934,0.0012167159648359587,0.0018545814148193235
1778752921986399514,0.7199395161514132,0.001229064702392205,0.001852650288065495
1778752922003203144,0.7265306088120824,0.0012418526292325993,0.0019150206248023229
1778752922019972869,0.7331333837800281,0.0012543886723782216,0.0019124639444426112
1778752922052249171,0.7397385425497105,0.0012670411771207478,0.001907880020905307
1778752922068880983,0.7463465612683292,0.0012784982919298677,0.0017820964262054235
1778752922070475131,0.7529552964309302,0.001291027465267279,0.0018461626049093795
1778752922086541966,0.7595652236371615,0.0013035552646395276,0.0018431314889564305
1778752922103400911,0.766175150608435,0.0013160830641878107,0.001842115451638627
1778752922120381648,0.7727850779086494,0.0013286108634896455,0.001778856945609132
1778752922136274301,0.7793942901424566,0.0013411394870508745,0.0018409445061823063
1778752922168874581,0.7860042171877921,0.0013535480772303593,0.001838979739543642
1778752922169548245,0.7926129524714465,0.0013659580411637658,0.0019003767549754776
1778752922187482980,0.7979048947152324,0.0013716602905838992,0.0017538528449614927
1778752922218841503,0.8035563796471928,0.001382312554480355,0.001749737872190866
1778752922219765314,0.8082486950405556,0.0013857256972003627,0.0016697066651058575
1778752922236554365,0.813403551416962,0.001395639069903526,0.0016003784264107615
1778752922268869401,0.8192519686061404,0.0014055875125199107,0.001728154982084021
1778752922269726525,0.8255879499545351,0.001416166082796271,0.0016635444462614632
1778752922286324382,0.8320977389650062,0.001426425113869008,0.0016624416191097357
1778752922302984117,0.8386714242570383,0.0014369681262938556,0.0016594024899945956
1778752922335487753,0.8452691903997179,0.0014479602206998931,0.0016546461490580735
1778752922336109277,0.8505539777568226,0.0014518825761779756,0.0014263657317278144
1778752922368821871,0.8561990238374585,0.001461350167713582,0.001418798671916305
1778752922369531403,0.8608896684544115,0.001462977095720166,0.0013943284104086554
1778752922402271399,0.8660426164514863,0.0014713429465258352,0.0012488785123315426
1778752922418866381,0.871888407966403,0.0014796254838604593,0.0013190297394494147
1778752922419905111,0.8782231950564193,0.0014880596621217317,0.0012432209421448387
1778752922435953270,0.8847346510936555,0.0014966478406312042,0.0013042790278387996
1778752922453296478,0.891309287420513,0.0015050439881923675,0.0012989787914912236
1778752922485691507,0.8965826280372833,0.0015063569311818664,0.001189204321455194
1778752922502316245,0.9022221875073761,0.001513804287035825,0.0011046874525617023
1778752922518842085,0.9084372868693483,0.001520707485918664,0.0011762699739459495
1778752922535530114,0.9149058251801968,0.0015276761999011843,0.0010964782127104885
1778752922536572701,0.920116937355848,0.0015281071921854764,0.0009040159977996199
1778752922568976536,0.9239013501402552,0.0015255334288903678,0.0008436813209826872
1778752922585999975,0.9281952754568014,0.0015331012462949936,0.0007606806937857238
1778752922587026271,0.9333401121538447,0.001537065699519585,0.0008399943160560008
1778752922618785237,0.9391897137433376,0.0015417675641116763,0.00082959269363102
1778752922620109481,0.9455256889266008,0.001546385673341565,0.0007411274065525612
1778752922636304601,0.9520371399397972,0.0015509207389625985,0.000651222849261704
1778752922668930309,0.9572723302180942,0.0015494166290207331,0.0005105415324858586
1778752922685451029,0.9628818454990288,0.001553918379477636,0.00040928149417018627
1778752922702266511,0.9690745286778214,0.0015566750872573797,0.00048204597626517353
1778752922703694262,0.9755349563827881,0.0015596000310786821,0.0004601442641772426
1778752922719526921,0.982089797758982,0.0015624161540002855,0.0004380486855656512
1778752922736416594,0.9886804010927668,0.0015647142202277577,0.00026832199936585246
1778752922753204534,0.9952831638014598,0.0015668790623002637,0.00032665796218366087
1778752922769930876,1.0018909339593691,0.0015686805051303564,0.00023251594696833738
1778752922786428021,1.0084998944058752,0.001570242156683568,0.00029107157336101964
1778752922804144210,1.0149896462887156,0.0015709875333937827,-4.7682649581892096e-05
1778752922819350255,1.0216462818903274,0.0015658185097325449,3.2710779566533035e-05
1778752922852220990,1.0281810956011013,0.0015663927393142776,0.00040128236268398976
1778752922853060550,1.0348224861378206,0.0015738774798080412,0.0005159696269681577
1778752922869492280,1.040085811340254,0.0015735330354026923,0.0003633367417831344
1778752922886589399,1.0457153520478417,0.0015765811921641813,0.0003390649366154119
1778752922903096744,1.0519225785514028,0.0015790827186482651,0.00026725384930836464
1778752922919744476,1.058387772829081,0.001580571656049301,0.00026034734930543784
1778752922936543908,1.0649435673317462,0.0015827906336131512,0.00032901807650572194
1778752922968905663,1.071534647559495,0.0015847305222573046,0.0003242161826834464
1778752922968948584,1.0768160887682876,0.0015816233816655758,0.00016707103910104795
1778752923002255511,1.0824594578731626,0.001583701925406854,0.00014520263656070463
1778752923003567622,1.0886778873857963,0.0015849984451343742,0.0001433504398674511
1778752923035533813,1.095146656658896,0.001585171959044225,0.00013290616026528628
1778752923052198658,1.1017043565088935,0.0015858390186311393,0.0001182311932153756
1778752923068952392,1.108296627292367,0.001586466231978485,9.142191072037926e-05
1778752923085525893,1.1148998649770459,0.0015872000140848654,7.403677731389009e-05
1778752923102208632,1.121507632667377,0.001587451737690682,5.796158956894574e-05
1778752923102968190,1.1281170686573416,0.0015874631195392976,-3.352201574160074e-05
1778752923120044128,1.1347265042677996,0.0015875937109855564,-0.00012312179845428212
1778752923136377211,1.1413364176344158,0.0015876045428291452,-0.00013852728077160754
1778752923153013802,1.1479458528362483,0.0015872582973283137,-0.00015447542253679025
1778752923169694437,1.1545557657942387,0.0015867922922248123,-0.00010330718629086128
1778752923202120514,1.1598488864484013,0.0015809298745029926,-0.0002786693595405536
1778752923218834162,1.1654996432502227,0.0015806157156219066,-0.00025075183630956783
1778752923235591744,1.171723314714556,0.0015789259593477884,-0.0003197553947423045
1778752923252287798,1.176797804326955,0.0015717658134357828,-0.0004922169901595952
1778752923268858654,1.1822814292839887,0.0015704521968275711,-0.0004900022243227529
1778752923285500364,1.1883744458463215,0.0015676017298735753,-0.0005605551726658412
1778752923286399478,1.1948005330340374,0.001563175273704319,-0.0005458514908655881
1778752923319012743,1.201342729763529,0.0015590918272158103,-0.0006280546612441452
1778752923321163652,1.2079290346249603,0.0015548383328167186,-0.0006624328244297288
1778752923352356669,1.214530359291398,0.0015504483171018598,-0.0007334555027145399
1778752923352954709,1.2211378824837815,0.0015458127382171533,-0.00074609013214062
1778752923369761174,1.2277468366584008,0.001541056300863946,-0.0007595999202427118
1778752923386841040,1.2343555512002653,0.001536061720594216,-0.0008330298285169131
1778752923403030529,1.2409647422366652,0.0015307089630404254,-0.0008710402985030794
1778752923420323150,1.2462516601468476,0.0015208005763695212,-0.0010350734332986201
1778752923452225860,1.2518985968822038,0.0015164377016652316,-0.0010800737396239246
1778752923453297152,1.2581184493588276,0.0015099839728798254,-0.0010820230575224906
1778752923486595843,1.2645886402060937,0.0015025264486313416,-0.001125788985597885
1778752923502321147,1.2711472846402612,0.0014952053918353286,-0.00116617226755709
1778752923518845945,1.2777393072195595,0.001487607444696245,-0.0012030970359288992
1778752923520406660,1.2843422966239522,0.0014795200198066693,-0.0012391930671027513
1778752923536304503,1.2909495778023135,0.0014717852762700886,-0.0012694244131174635
1778752923553230125,1.2975587661050096,0.0014635714972449992,-0.0012852938938292496
1778752923569741287,1.304167953760548,0.0014550000907648413,-0.0013251104238413954
1778752923587823313,1.3107778568747723,0.0014466662783580069,-0.0013485646924944858
1778752923618875221,1.3160642960848687,0.0014354471402372607,-0.0015062644478680443
1778752923635778841,1.3217121833360943,0.0014282221451782375,-0.0015472907504254171
1778752923637609380,1.327934178130112,0.0014191433408809462,-0.00153118688597738
1778752923653331298,1.3330048470503344,0.001406861595794741,-0.0016598868898852063
1778752923669578747,1.3384848866277776,0.0013989955957792602,-0.0017477576668407857
1778752923702361034,1.3445771816112355,0.0013892318177919374,-0.001772170264005651
1778752923703118628,1.3510020677502539,0.0013771773462827631,-0.001754533142931556
1778752923735663552,1.3561866996119598,0.0013641682008854066,-0.0019350566941695349
1778752923896676038,1.3617582907945034,0.0013551237945369804,-0.0019788046254140467
1778752923896700555,1.3679223467101964,0.0013432507455912392,-0.002004008006652423
1778752923896713579,1.3743720268932338,0.0013298563935075223,-0.0020328934241942574
1778752923896726214,1.3809225582575158,0.0013168226380100279,-0.0020666130639797995
1778752923896738577,1.3875107598769862,0.0013036262546440335,-0.0021606956547738604
1778752923896750941,1.3941130276667595,0.0012898176118810113,-0.002188462086250939
1778752923896762974,1.400719586335613,0.0012756463952615905,-0.002213081256909103
1778752923896774977,1.4073294827677991,0.00126135212219556,-0.0021654281276214846
1778752923896786949,1.413938424994234,0.0012468205301027285,-0.002184875697850994
1778752923896800766,1.4205480827804868,0.0012322881133808306,-0.002273300152114608
1778752923903249438,1.4271572632912208,0.001217517827961569,-0.0022158431363212844
1778752923935568801,1.4337666820157662,0.0012025088492686894,-0.0022284711328381967
1778752923936515736,1.4403761002739703,0.0011873806616118905,-0.0023171979412729853
1778752924079104265,1.4469869501110029,0.001172608452292853,-0.0023413405561624498
1778752924079141346,1.4535954147273544,0.0011572429451867706,-0.002417795899818074
1778752924079159089,1.4602067403811196,0.001141993349778185,-0.0024433698221979143
1778752924079175501,1.4668166353887389,0.0011266261939596757,-0.002461279917763019
1778752924079191551,1.4734265305245602,0.001110901410105185,-0.002474177649787682
1778752924079208073,1.480035948307226,0.0010951771762381182,-0.002566379986253379
1778752924079224244,1.4866448884655108,0.0010790958646217524,-0.0025123575393429594
1778752924079241006,1.4932552600325295,0.0010627744849040356,-0.0025980416356297196
1778752924086590003,1.499864199959431,0.0010465739641477157,-0.0026173230440104836
1778752924118872287,1.5064736243944497,0.001029180794910249,-0.0025500473054174827
1778752924120220356,1.5130730197830111,0.00101263364407087,-0.0027072890352089186
1778752924136520546,1.5196805288502557,0.0009956003071847329,-0.002648040205696464
1778752924168866821,1.526288037172785,0.0009783285522299299,-0.0026635572069127205
1778752924170018476,1.5328964998221186,0.0009611749068979227,-0.0026733682939654004
1778752924186750179,1.5381836459322529,0.000942563973210954,-0.0028064005199037708
1778752924202667218,1.5438308091518467,0.0009279488317030134,-0.002893441258750982
1778752924235682960,1.548520479042921,0.0009100265473006274,-0.0029383529980760536
1778752924235698319,1.5537175101891387,0.0008980759949638867,-0.0031178201679644742
1778752924253060453,1.559594505255544,0.0008810501809613537,-0.003122346910585916
1778752924285525054,1.5659435658616463,0.0008618113341841141,-0.0030713116264194625
1778752924302109545,1.5724585651676561,0.0008419043895379005,-0.003082993477694695
1778752924318850686,1.5790355530720939,0.0008218067876444878,-0.0031057411852800916
1778752924319496156,1.5843017155544978,0.0008013126894734419,-0.003234165211000376
1778752924352380988,1.588136893662009,0.0007829447776948299,-0.003429190630259291
1778752924369167154,1.5924803894686586,0.0007729316829713116,-0.003577079706252599
1778752924370613521,1.5976726464289708,0.0007553837932734906,-0.003515571157138577
1778752924386754938,1.603555836150624,0.0007347745582284275,-0.0035922814106949213
1778752924403551123,1.6099072775407608,0.0007120758959097086,-0.0036763306770692954
1778752924435570836,1.6164232262690632,0.000688949203788159,-0.0036247459769759337
1778752924436164317,1.623000209247019,0.0006646792796199058,-0.003707114589116346
1778752924453955980,1.6295986497892538,0.000640265414181819,-0.0037922299985352187
1778752924469461415,1.6348762515341495,0.0006147513380500527,-0.003830849147089541
1778752924487249832,1.6405439121499275,0.0005948673588668639,-0.004046815285640671
1778752924518885352,1.6467809097108168,0.000569320370095613,-0.0040518507778303
1778752924535489692,1.6532558467235683,0.0005436183415396144,-0.004127963572324098
1778752924536418091,1.659815660969622,0.0005168648093653331,-0.004140870307183924
1778752924568808381,1.6664074230905928,0.0004897168261564021,-0.004151133381473331
1778752924585698795,1.6730096743979785,0.00046219912471163246,-0.0042237906667969
1778752924586038022,1.67829538035429,0.0004353644044329829,-0.004441793462273263
1778752924603270309,1.683941102689644,0.00041181022100074367,-0.004453820337239911
1778752924619928751,1.6901623609792664,0.0003842548134615246,-0.004521135966227296
1778752924652207057,1.6966325260964477,0.0003541475389615856,-0.00458723054596258
1778752924668864508,1.7031904289275956,0.00032286625433136667,-0.004653962630735462
1778752924669711462,1.7097798011838763,0.0002925023719219455,-0.004663480631540542
1778752924702211510,1.7163830047595934,0.00026009599048319824,-0.004782372999677414
1778752924703389806,1.7229862023587115,0.0002287624973420136,-0.004845832627892042
1778752924719845863,1.7295946488019838,0.000197303746554681,-0.004797851400373812
1778752924736303303,1.736203572312888,0.00016596365530715344,-0.004858608179982157
1778752924753089940,1.7428115396152775,0.00013379019996678142,-0.004865659799585117
1778752924769901955,1.749420462742054,9.958908548761034e-05,-0.004924679389240803
1778752924802184800,1.7546909131701427,7.861320634460769e-05,-0.0051039642596414705
1778752924802982550,1.7603232809425797,5.1140506735783897e-05,-0.005213838110408322
1778752924835616023,1.764995770020265,2.2270762134027158e-05,-0.005230043260985745
1778752924852091848,1.7701322291212331,-2.8422143909143576e-06,-0.005335470836598052
1778752924868817859,1.775965338887849,-3.352652394960522e-05,-0.005337508781178328
1778752924885416307,1.7822962632085682,-6.71688004636932e-05,-0.005393715992893536
1778752924886241560,1.7888060000269268,-0.00010209006003217234,-0.005400476936372061
1778752924918801954,1.7953791554498506,-0.0001376804625249705,-0.0055040137943188445
1778752924919967836,1.8019756749974905,-0.00017389384135362834,-0.005557504856548445
1778752925096705276,1.8085803006673753,-0.0002101165633143868,-0.0055622509112058915
1778752925096729532,1.8151887408535816,-0.00024682051919945277,-0.0056142202771576845
1778752925096739591,1.8217976578428199,-0.00028555158298604967,-0.005664969644979598
1778752925096749119,1.8284037111222742,-0.00032225278882837716,-0.005715780283987655
1778752925096758337,1.835012627347399,-0.0003597917589093868,-0.005765218595655033
1778752925096767755,1.841621544862219,-0.0003995957069095479,-0.005720696616636671
1778752925096776972,1.8482218754253115,-0.00043629031703960045,-0.005769672448413491
1778752925096786280,1.8534951693209516,-0.00047455483106470726,-0.005923240602444501
1778752925096795448,1.8591318222236357,-0.0005065624261886507,-0.0059271649818502
1778752925096804675,1.8653463941953246,-0.0005430508298745069,-0.005929618786910251
1778752925118811733,1.8718146415286787,-0.0005823350152777625,-0.005976231064569544
1778752925135558113,1.8783706262583058,-0.0006216011174401762,-0.005980112212030422
1778752925136709207,1.8849618969515478,-0.000661265518014309,-0.006071262244350367
1778752925153403368,1.891564135113468,-0.0007009425595678778,-0.006117471635119641
1778752925169951230,1.8981706636104914,-0.0007408629652569784,-0.006163502484293538
1778752925187064149,1.9047795765579354,-0.000781143747088421,-0.0061653758509402894
1778752925218949546,1.911388965898783,-0.0008215442875015334,-0.006210617274955977
1778752925220018744,1.9166737058528573,-0.0008587491096001933,-0.00630753134302646
1778752925235592689,1.9223198936488486,-0.0008931518816209763,-0.006352730695413981
1778752925268905086,1.9285406610154003,-0.0009320316137703962,-0.006312692978745488
1778752925269984513,1.9350098595046332,-0.0009735818734413416,-0.006398230265459489
1778752925286191606,1.9415672714617511,-0.0010154722268386435,-0.006359752759317105
1778752925318943674,1.9481585404372306,-0.0010574016030786872,-0.006444488560271893
1778752925319840534,1.954760774397986,-0.0010995820370641777,-0.006405620260201221
1778752925336469961,1.9613673005970016,-0.0011420058366110792,-0.006490244597365796
1778752925352707842,1.9666510857160397,-0.0011804016517715484,-0.006582599318901655
1778752925386058422,1.9705005534210702,-0.0012118990644133527,-0.006792487064395579
1778752925402471858,1.9748559528521707,-0.0012371846782964374,-0.006794562263596452
1778752925418952181,1.9800582026860567,-0.0012723870724676834,-0.00679389151769182
1778752925435604862,1.9842395482357966,-0.00130438621598759,-0.00691889933759995
1778752925436596773,1.9889106086481287,-0.0013336119411099356,-0.006921163022026594
1778752925468941045,1.9943889461219422,-0.0013704438558026005,-0.006920568065706571
1778752925469878361,2.0004900246321298,-0.001412404287558126,-0.006882789347736342
1778752925486366299,2.0069177340541824,-0.0014573637988704092,-0.0069622414385404315
1778752925502974897,2.013460838992565,-0.001502217895649078,-0.006964421462330672
1778752925535530110,2.0187026573858216,-0.0015440224122346168,-0.007126080515988037
1778752925553711115,2.024038417357673,-0.0015827165522143381,-0.006404149454929256
1778752925568938189,2.0295997410515296,-0.0016034316432440871,-0.004996821368916571
1778752925569850378,2.0353560931656274,-0.001625086778408205,-0.0030484097166653093
1778752925602160104,2.0412755647251406,-0.0016093789741841156,-0.00014730977672788978
1778752925602948136,2.0473881572286468,-0.0015925824572691968,0.003432963801938446
1778752925620209738,2.0536514623590256,-0.0015475878216871333,0.00772399721978169
1778752925652190977,2.0600645359443064,-0.0014660493234238963,0.012834450045591092
1778752925668897712,2.0665920965872475,-0.0013447076439695351,0.01852865292753919
1778752925685594698,2.0731783559908448,-0.0011817103415639595,0.024688017067690797
1778752925686400053,2.078470004961325,-0.0010166248281768828,0.030741896032836735
1778752925702952564,2.084048722238012,-0.000836492182315145,0.03660860117104766
1778752925735565347,2.0901210664757053,-0.0005774158366320876,0.04244529292633928
1778752925752182962,2.0964986415555535,-0.0002663583881893279,0.04855759980813318
1778752925768939402,2.1030412583692066,9.302704686970773e-05,0.05498241849963228
1778752925785525847,2.1096435343414677,0.0005001466756196396,0.06161624906260045
1778752925786299261,2.1162682763098024,0.0009544473202568576,0.06842687798879031
1778752925818973201,2.122894024972771,0.001455238458159537,0.07537651005046925
1778752925835563534,2.129520305164372,0.0020032358935563057,0.08245624174191214
1778752925837159626,2.136141395234751,0.0025989230586136326,0.08966724150339887
1778752925868803413,2.142757771432764,0.0032422994041714547,0.09698069633392792
1778752925885578027,2.149366575259061,0.0039347987377037425,0.10439574161590964
1778752925887467769,2.155966852601875,0.004676183740113279,0.11191360541281868
1778752925903207590,2.162560035255594,0.0054682409013360475,0.11952103909117129
1778752925919740143,2.1691404007909045,0.006310023142362778,0.12723763129275795
1778752925936222911,2.174430784054881,0.0070316986572676815,0.13463093715767507
1778752925953067869,2.1800058785336085,0.007792742732267069,0.14195327439148922
1778752925969221670,2.1860828427822137,0.008699716695627822,0.14944024603579295
1778752925986728910,2.1923653093874176,0.009697887335172505,0.1573684923908405
1778752926002945160,2.1987628305237275,0.010766735750548448,0.16563590609241136
1778752926019662285,2.205204296689023,0.011900860249393585,0.1740699941920066
1778752926130188098,2.211651075068029,0.013092795169383614,0.18264026214289264
1778752926130204840,2.218100302580727,0.014341590135158226,0.1913299591288591
1778752926130214879,2.2245343365223973,0.015646431016552543,0.20012615873345976
1778752926130224437,2.230950315069543,0.01700755953039795,0.2090407148887038
1778752926130233505,2.237345854926611,0.018425216842658233,0.2180757475631998
1778752926130243133,2.2437209569542693,0.019900475836508346,0.22721611581439263
1778752926136297954,2.2500784822547955,0.021432856377030646,0.23645694900436495
1778752926153086134,2.2564136627262057,0.023023079215911294,0.24581333342460826
1778752926185535065,2.2614687035005043,0.02434536436666916,0.2549621951909461
1778752926202190251,2.2668137310394116,0.025733834104675026,0.26392360556174765
1778752926202922557,2.272649722421855,0.027369097404973303,0.27301022354074483
1778752926219752126,2.278705188938868,0.029124389988590224,0.28241697698908685
1778752926236630137,2.2835348400101614,0.030579614950670398,0.29173513905197496
1778752926253294601,2.2886745237637234,0.03211828675314059,0.30092269947548117
1778752926269477377,2.2943295258193186,0.03393185745940746,0.31031339745016323
1778752926313350163,2.300253600468363,0.03587779805430013,0.32006212526083794
1778752926313368679,2.3062593508121116,0.037934986063783815,0.330081697282143
1778752926335460698,2.311048750963093,0.03963404057769395,0.33997821347241053
1778752926352274928,2.316115759540796,0.04141741376954079,0.3497365277695895
1778752926369006931,2.320178278075465,0.04295041297267907,0.3592667218963572
1778752926385789179,2.3246066638345644,0.04461340552100344,0.36873664616064333
1778752926402122903,2.3296935267928456,0.04664709550936221,0.37840851222275
1778752926403100717,2.3352002494325323,0.04889845471030184,0.3886704502824617
1778752926419584236,2.339591197280951,0.050755324846546754,0.3988769895200422
1778752926436306050,2.3442931715222266,0.05273164190660374,0.4090287418232732
1778752926468945824,2.349491471940614,0.055054763009459065,0.41953684226021787
1778752926469827845,2.35496416257324,0.05756639548764768,0.43029749711208376
1778752926502161046,2.360576255228298,0.06022032248774987,0.44111284307168636
1778752926504069564,2.36626953393967,0.06298382853124847,0.45187324716284966
1778752926519702912,2.3708044783157236,0.06524858636606298,0.4624581711014329
1778752926536476003,2.3755746060073997,0.06760891745870262,0.47304711288974177
1778752926568834562,2.37938637010973,0.06961057928983169,0.4836520272509729
1778752926569826102,2.3834958509953688,0.07177223456878098,0.49429481605142145
1778752926602153231,2.3881661278897672,0.07436621190883749,0.5051396898119702
1778752926603381071,2.3931866895005416,0.07721513197653743,0.5164513873370717
1778752926635517206,2.3983934301878045,0.08024885039489867,0.5278302393938452
1778752926636741950,2.403686158191208,0.08341789154768253,0.5390704388402503
1778752926669046887,2.4090739350631,0.08672474838681929,0.5502152193918481
1778752926685622732,2.4144928242907637,0.09013408942298559,0.5612668372045844
1778752926686692080,2.4199127589200424,0.09362329953114416,0.5722176932308539
1778752926703627521,2.425307977154225,0.09718060667715492,0.5830901092416712
1778752926719814665,2.4306713192056915,0.10080077390066168,0.5939162585556826
1778752926752232246,2.434926663837239,0.10374272479696994,0.6045617572262999
1778752926768949171,2.4380753554369208,0.10593779321733585,0.6146523589049984
1778752926770125753,2.441524293387665,0.10840037902920067,0.6248838492336827
1778752926802221150,2.4455584716132748,0.11140779237021498,0.6351551954675725
1778752926803010705,2.45003175218843,0.11478246050122691,0.6460274010269292
1778752926835534820,2.4547270561702814,0.11841126552209066,0.6571355746136556
1778752926852216977,2.4595875884562948,0.12224229761327203,0.6682333112806635
1778752926852879150,2.4634655309790814,0.1254104660433536,0.6790629176980969
1778752926869519868,2.4675763480334107,0.12870949637951187,0.6899714411400597
1778752926902139915,2.4719907259221414,0.13242421764626783,0.7014582487757635
1778752926918889682,2.4764513966763024,0.13628682413750023,0.7128349656971434
1778752926919960924,2.481034203488538,0.1403666086521726,0.7242977896682575
1778752926936736791,2.4846577318704632,0.1437334347039382,0.7356296512312602
1778752926953102616,2.4873671318539197,0.14623609278344804,0.7463073729611595
1778752926969933527,2.490309530050055,0.1489910869666333,0.7571832162632403
1778752926985990172,2.493756607017374,0.15231615470865328,0.7681792656099208
1778752927018786896,2.4975198655365416,0.15608789315372487,0.7797895039643832
1778752927020014967,2.500497435362365,0.15916030134578976,0.7914410823032626
1778752927052559099,2.502669146421119,0.16140656376579393,0.8022863881197887
1778752927053745661,2.505168890193794,0.16403081863663302,0.813072928762108
1778752927085518924,2.5081800993086105,0.16732038753017858,0.8241147024578743
1778752927086506456,2.510491013647185,0.16994331032331114,0.835034594066131
1778752927103089736,2.5131193009457466,0.17281334595935247,0.8459831062375848
1778752927119692302,2.516097361212684,0.17630215191536183,0.8577123209999448
1778752927135986921,2.51940590059109,0.18023713525480511,0.8700225170262971
1778752927153031600,2.5219687493999494,0.18341754830481363,0.8822632886432813
1778752927169753423,2.524754474334248,0.1867727038184456,0.8947177359579298
1778752927202208336,2.52776349653018,0.19064508983731773,0.9078600689479419
1778752927203361584,2.530959812134684,0.1948497349078463,0.9213773466115697
1778752927219866624,2.534249882602083,0.19930997601280787,0.934843293481206
1778752927236491633,2.5375931094368323,0.20396804340176775,0.9480657812108294
1778752927253969738,2.5409751722673675,0.2088102445031508,0.9610392963432198
1778752927285467676,2.5443750598863337,0.21381025826390762,0.9737162354386748
1778752927287075481,2.547783213886614,0.2189491414114695,0.9861175206638653
1778752927318751759,2.550420570727449,0.2230622818941095,0.9983020956749615
1778752927319600848,2.5531700976323846,0.22728138942449022,1.0106914465509735
1778752927336721241,2.5559935531386935,0.23191454509941048,1.0236859781420826
1778752927352819455,2.5588678082340577,0.23677664341657287,1.0366709692245502
1778752927369210989,2.561764690655169,0.24182670882777058,1.0493870900550935
1778752927386804144,2.5646932716259996,0.24707379078991973,1.06188204696653
1778752927402830662,2.5669320626161323,0.25124735297099254,1.0741366991032155
1778752927419523841,2.5685864515839536,0.25436122139365863,1.0856285335420364
1778752927453181025,2.5697511136714017,0.2566265259443051,1.0960216157965053
1778752927468835413,2.5705707710941126,0.25825934560799535,1.1047915863226137
1778752927469656799,2.5711514212929036,0.25938043651245724,1.1116551222221573
1778752927486710205,2.5715170171653914,0.26008859561519027,1.116613461327335
1778752927502803210,2.571717753783869,0.26049224558794076,1.119846232879484
1778752927519618952,2.5718286408864315,0.26071909241763325,1.121592076675655
1778752927552251873,2.5718817004515833,0.2608322801617074,1.1225035818703395
1778752927553006332,2.571922329605742,0.26091758724054664,1.1228387440624759
1778752927569535838,2.5719481395047348,0.2609698904051731,1.1229456686933315
1778752927586567883,2.5728002822812495,0.2614141552199959,1.121875991864545
1778752927602931955,2.573813488215512,0.26259161043068013,1.1218585221468154
1778752927619528329,2.5742078016449277,0.26339355420652666,1.1227391811636573
1778752927652255110,2.5749051725340175,0.2644247459240914,1.123413322524357
1778752927653318396,2.5754065999965303,0.2663150669872316,1.1262354313194438
1778752927670080166,2.576802025835312,0.268556382896783,1.1282876611006378
1778752927702116080,2.577552377628037,0.2700465888276146,1.1306641014439205
1778752927703344641,2.578095775984846,0.2719478287757954,1.1343557022028046
1778752927735544738,2.5794450277013072,0.2742565511993977,1.1376492173686517
1778752927736509276,2.580715964400066,0.2772975478297815,1.1426800601349538
1778752927752719334,2.582370449293279,0.28089862483642236,1.1483300485114105
1778752927785526258,2.5842072598535313,0.28506561698653293,1.154574350504681
1778752927802197945,2.586213857186575,0.2896751570361946,1.1610452706444645
1778752927802910293,2.5883085343077132,0.2945813076840863,1.1673305790918227
1778752927819593032,2.5904649856921114,0.29971507702539585,1.1732210316954792
1778752927852255911,2.5926655214909977,0.30503607347326045,1.1785766371770736
1778752927868897742,2.5949010475468346,0.3105141475394905,1.183376943038922
1778752927869733335,2.5971318666978664,0.316045752037353,1.1873829053008134
1778752927886022914,2.5994746343129327,0.321897185449407,1.1908806137882695
1778752927903325034,2.6017950045267404,0.32775985035770305,1.1938134938966605
1778752927919835044,2.6041517585732143,0.33374895446971425,1.1962972755724077
1778752927936343891,2.606514297652352,0.3397919345489409,1.1984714335946391
1778752927952823914,2.608874487802305,0.3458651965153375,1.2004407499417817
1778752927969697035,2.6107521360882964,0.35071258867241106,1.2022337109399528
1778752927986173361,2.612730711642635,0.3558333307927179,1.2043861456594684
1778752928018894160,2.6148581217586178,0.36141893711515577,1.2069979752420763
1778752928019263805,2.617069762979217,0.3672727866415257,1.2095808135686483
1778752928038432702,2.618842833957643,0.3719904803313464,1.2120225104925595
1778752928068803903,2.6207278364421773,0.3770136978304666,1.2146435014502597
1778752928085434593,2.6227631406139627,0.3825327722769441,1.2177089192595434
1778752928103311578,2.6248817431460987,0.3883383300358104,1.2207462265445899
1778752928103335904,2.6270448929846495,0.39431895501212144,1.2235724859545507
1778752928119562634,2.628764643675666,0.39911073917676176,1.22626358739222
1778752928152263936,2.630593455953412,0.40420089789617314,1.2289597843438451
1778752928153251198,2.632563032484465,0.4097854940437163,1.2319310589700672
1778752928185488265,2.63411550048517,0.41423808194561235,1.2349685436584872
1778752928186811357,2.635805734056044,0.4190716234101114,1.2377649320655757
1778752928203106196,2.637669299352086,0.4245182972991451,1.2407891922887697
1778752928219563666,2.6396338483067883,0.43029864102169824,1.243656559779
1778752928236301109,2.641646809526363,0.43629207529817876,1.2464402606000655
1778752928252999558,2.6436885270823827,0.4424133880823253,1.24891152007367
1778752928269493998,2.645317330462789,0.44731626099507615,1.251303386392916
1778752928286548596,2.6464963400926407,0.45086066553476384,1.2535568695410162
1778752928303104293,2.647249507589493,0.4531387229383016,1.2553313129022021
1778752928319835885,2.648120954595398,0.4558522350461125,1.2570177021481197
1778752928336442559,2.6487062512445494,0.4576946564854421,1.258458451651635
1778752928368821175,2.6494359091866255,0.4598492400791188,1.2597241048980259
1778752928385509094,2.6503716340336134,0.4628925304243995,1.2614009553047014
1778752928402170452,2.6516144925327882,0.4667720781343949,1.2635430506692256
1778752928418879191,2.6530866040953467,0.4714585282106299,1.2660784051983167
1778752928419392379,2.654751208595716,0.4768080373639171,1.2688796742755246
1778752928436827131,2.6565207388793937,0.48259015558849355,1.2716980666168145
1778752928452895760,2.6583592120637456,0.4886132356935185,1.2744011785131302
1778752928485527539,2.6598229607712436,0.4934565749538962,1.2770424979124726
1778752928502208465,2.6608769629059097,0.4969349623771744,1.279498715681921
1778752928503358116,2.661541358260791,0.4991429077811868,1.281461776923443
1778752928518841028,2.6623202137958257,0.5017827360103498,1.283269614581068
1778752928552179524,2.6628386907933534,0.5035706365750879,1.2846452057235587
1778752928553011981,2.6630799600572823,0.5043909957823314,1.285537363422071
1778752928570018978,2.663423337578995,0.5056799685384996,1.2861206863652772
1778752928587105637,2.664121968222581,0.5078040702966596,1.2869672530482532
1778752928618899830,2.6649208826122353,0.5108371471357978,1.2889145624932021
1778752928635500232,2.666068220323086,0.5146656640854467,1.2909980471527633
1778752928636569871,2.6668949861369478,0.5175016557144899,1.2931879584193164
1778752928668923089,2.667809072538621,0.5208043705853548,1.2953715545665323
1778752928685587032,2.66896634511304,0.5249305419000432,1.2977104687194747
1778752928686524680,2.669826338504804,0.528048902225755,1.3001827795713254
1778752928703206076,2.6708222861281343,0.5316311879226043,1.3025345949478186
1778752928719747375,2.6720228190470463,0.5360566441004592,1.3051793712371176
1778752928736440694,2.6734010803770376,0.5411965555939734,1.3081583387750686
1778752928753102433,2.6749058324764636,0.546862988285226,1.3112419320361721
1778752928769210036,2.676473408790793,0.5528395313433727,1.3142356856268311
1778752928786330589,2.6780688518424554,0.5589987902445032,1.317034271370818
1778752928818933905,2.6796772910867315,0.5652646073414135,1.319548248910889
1778752928835510411,2.681285319856952,0.5715872877806532,1.3218372685840742
1778752928836182532,2.682884785953327,0.5779277402851104,1.3239210976837528
1778752928852623711,2.684474739105666,0.5842884693470164,1.3259012190984827
1778752928870576470,2.6860532554993597,0.59065612573402,1.3277829620928763
1778752928887035002,2.687309847365149,0.5957303738917309,1.329639277015171
1778752928918805129,2.6886349833989014,0.6011152026599468,1.3315572028573621
1778752928919453295,2.6900584597992125,0.6070079884122184,1.3337507505793522
1778752928936088543,2.691540119836114,0.6131994458375696,1.3357041428348964
1778752928968829851,2.6930292102761766,0.6194705264396865,1.3378857427232482
1778752928985513261,2.694526662164116,0.6258349383996984,1.3398330328014605
1778752929002219826,2.6960160351605733,0.6322236783823559,1.341700349905414
1778752929002853954,2.6974949280446436,0.6386212519376958,1.343513431705837
1778752929035466567,2.6989638107718488,0.6450220556835476,1.3453018628610158
1778752929052271840,2.700422211338439,0.6514302624918568,1.3470687935564445
1778752929068796798,2.7018696453583084,0.657839077987021,1.3487769383714732
1778752929070905728,2.70330612107189,0.6642557739309786,1.3504523864197908
1778752929086225328,2.7047335377257222,0.6706706921770181,1.3520904982740531
1778752929102988040,2.706149985794851,0.6770883648790796,1.353706773401924
1778752929135538755,2.7072721602428897,0.6822072330601328,1.3553434772630686
1778752929152197658,2.708463848364569,0.6876493169278393,1.3568703414739336
1778752929153038821,2.7097515261757392,0.6936291628308278,1.358463232815398
1778752929185502781,2.711095327193839,0.6999001725332515,1.359908121723791
1778752929202219214,2.7121706919412647,0.704949476395895,1.3613608102676251
1778752929218996353,2.713317983441009,0.710347146340649,1.3627849924321842
1778752929220397223,2.7145665401096144,0.7163093943478912,1.364312759889008
1778752929236458397,2.7158721941772517,0.722580567227678,1.365687688796038
1778752929253275202,2.717190856813711,0.7289671197831572,1.3670309199502584
1778752929268828678,2.7185105172081747,0.7353918181866657,1.3683835950391507
1778752929287363588,2.719824480921807,0.741839172935909,1.3697048427269507
1778752929318791162,2.7211336896691987,0.7482973812186282,1.3709986614252303
1778752929335485623,2.7221743723082286,0.7534567553031635,1.3722722974996409
1778752929337701497,2.7232783761063373,0.7589451934707437,1.373496105628281
1778752929353430648,2.724474560020444,0.7649762856484195,1.3747901264260114
1778752929370158663,2.7257211300430524,0.7712853159982407,1.3759585656555178
1778752929402181101,2.7267173722892832,0.7763626060496115,1.377110250351687
1778752929418850474,2.7277841207423807,0.7817968468949867,1.3782480362207021
1778752929420868120,2.7289468977768654,0.7878038972846189,1.3794964038820783
1778752929436472674,2.730162947357886,0.7941101017875191,1.380605382337371
1778752929452600185,2.7313919995433373,0.8005260831328547,1.3816940172112875
1778752929485527848,2.7326220457126484,0.8069791374452272,1.3827886448486857
1778752929487258236,2.733847347285591,0.8134513899352385,1.383857733405449
1778752929518887184,2.735067413062767,0.8199321123250511,1.3849063399801662
1778752929535475613,2.7362808087295964,0.8264173723589784,1.3859211035543793
1778752929552135168,2.7374870527297115,0.8329039519386972,1.3869190236091002
1778752929568780856,2.7386871026977175,0.8393929228458585,1.387884694505948
1778752929585444739,2.7396505468394023,0.844561803494645,1.3887798018569093
1778752929602464891,2.7403524849586733,0.8483154935106948,1.3895371300432564
1778752929603322236,2.741128434684925,0.8525703736171243,1.3903035823016778
1778752929619828679,2.7417110202689607,0.8557850172242566,1.3910399396832538
1778752929652251229,2.7423847563096717,0.8594788966429345,1.3916529521401186
1778752929668978803,2.743204929851737,0.8640416435765469,1.392478986348203
1778752929669486872,2.7441638242589734,0.8693978073887448,1.393452022920987
1778752929686412243,2.7452048331274765,0.8752544366947592,1.3956415115077432
1778752929703725845,2.7462245122929447,0.8812210016238058,1.3986575169207867
1778752929718931879,2.7472696576597935,0.8873546687360468,1.4024617186160515
1778752929752759257,2.748072529719797,0.8922137901019259,1.4062711922145348
1778752929753739926,2.748925811496096,0.8973721880893459,1.4100400945405653
1778752929785538738,2.749824490206999,0.9030242989597854,1.4138742184555633
1778752929786543654,2.750722591952026,0.9090055475612387,1.418097070806751
1778752929818917712,2.7514280845049153,0.9137732283715283,1.4220023608262928
1778752929819834940,2.752202184584078,0.9189082333779895,1.4252326167906864
1778752929836430363,2.7530323312241443,0.924675698697663,1.4279658589864568
1778752929853078355,2.753895310979528,0.9307984893016348,1.4305577007913144
1778752929870803752,2.75457808374233,0.9357134198685386,1.4331173635596417
1778752929902261443,2.755309427214319,0.9409852073025123,1.435665108354815
1778752929918857787,2.756089590659656,0.9468262824131211,1.4383759474757716
1778752929919486375,2.75689493399043,0.9530015915710436,1.4409141057736308
1778752929952172829,2.7577105151776085,0.9593726307117721,1.443274798112002
1778752929969061000,2.7585238063603192,0.9658249732816198,1.4454772966783809
1778752929985509612,2.7593280824630795,0.9723164269150644,1.44753062150799
1778752930003293330,2.7601218847631346,0.9788225553728164,1.4494534357825117
1778752930019067096,2.7609037736250936,0.9853343004027022,1.451333900836043
1778752930020837521,2.761674697229549,0.9918483230488638,1.4531506165876353
1778752930052171957,2.762432753596734,0.9983674865292016,1.4549417521545451
1778752930068778801,2.763180325374043,1.0048935762365632,1.4567071046294877
1778752930069439891,2.7639159823969695,1.011423732795972,1.4584467871226623
1778752930086429625,2.764641623089225,1.0179522319686725,1.4601817251046554
1778752930102958010,2.7652079133394194,1.0231638897026194,1.4619854389911284
1778752930119677529,2.7658131982845506,1.0286980830428418,1.4636872185271383
1778752930136657395,2.766296176548518,1.0331981568709994,1.465479080667677
1778752930153508845,2.7668202159024786,1.038160000465815,1.467153346600448
1778752930185508369,2.767398003185789,1.0438286936692533,1.4689460253001516
1778752930186328372,2.768010191096395,1.0499741846958075,1.470692172658819
1778752930203060686,2.7686422195342764,1.0563704693665061,1.4723328500448045
1778752930235789079,2.7692724538448346,1.0628649846249476,1.473945481663167
1778752930236686730,2.769897955272774,1.0693900229370163,1.4755598533972747
1778752930252822797,2.770385087314098,1.0745989108836094,1.4771800667022552
1778752930269263935,2.7709059845622237,1.0801439303320264,1.4787118674200546
1778752930302209222,2.7714565999843885,1.0862344175996623,1.4803179534693567
1778752930318771642,2.772018415721912,1.0925285015589992,1.4819489901537253
1778752930320097098,2.7725919658920595,1.0990748190173516,1.4829903517686664
1778752930336394232,2.7731606987760906,1.1055782266555687,1.4839794181413504
1778752930368758662,2.7737261692518014,1.1121474416254085,1.4849056931051636
1778752930385439648,2.7742849531056595,1.1187068891341363,1.4860358536955123
1778752930386527541,2.7748342076776438,1.1252727849322095,1.4872758643541395
1778752930402530925,2.7753777447217765,1.1318427404387599,1.4884967718615052
1778752930435452347,2.7759127030703925,1.1384162821142483,1.4896648572025792
1778752930452147459,2.7764400334998642,1.1449912630940036,1.4908114635276721
1778752930452939739,2.7769602136146516,1.151567921246478,1.491923844720451
1778752930485548645,2.7774732416035315,1.158145541317148,1.49301203726176
1778752930486527882,2.777980072706069,1.1647243606242659,1.4940654139385976
1778752930503009768,2.778480230252535,1.171305094973187,1.4951003040591704
1778752930535568918,2.778972759290413,1.1778865533709373,1.4960968000352621
1778752930552242109,2.7794609969215807,1.184468731970879,1.4970738447216385
1778752930568916893,2.7799416061054503,1.1910511577823513,1.4980211691567433
1778752930569748498,2.780416494675328,1.1976347822810938,1.498949636574269
1778752930602228638,2.78079258626669,1.2028981576846423,1.4998246902199588
1778752930603002443,2.781189099081743,1.2085029251830366,1.5006858887000456
1778752930619672448,2.7816167756700962,1.2146662718650076,1.5016208926596541
1778752930652199939,2.781970638552513,1.21967671060777,1.5023786073040266
1778752930653219923,2.7823421323127695,1.225087434090806,1.503212635168162
1778752930668854915,2.7827439121729456,1.2311244486896389,1.5041571944458016
1778752930687139767,2.78316516804593,1.2375121548026167,1.5049626884843703
1778752930702971384,2.783509187530725,1.2426673250658506,1.5057164464355979
1778752930735446956,2.783869371748471,1.2481951251841703,1.5065195524511859
1778752930752183727,2.7842574259682307,1.2543213242108855,1.5074208430034406
1778752930753654621,2.7846582241480338,1.260748154576772,1.508192217448026
1778752930785536651,2.785064384602695,1.2672777372374149,1.5089544336964829
1778752930802128757,2.7854662990590633,1.2738459486278613,1.5097311057549656
1778752930818820333,2.7858653709544945,1.2804294220941839,1.5104808760372626
1778752930819795322,2.7862587258338807,1.287017908943107,1.511221825191269
1778752930852233642,2.786648269854133,1.2936094996281073,1.5119376575052854
1778752930853504945,2.787033523017274,1.3002022873521408,1.512642968817651
1778752930885567911,2.7874135320083444,1.3067953195396333,1.5133266800110292
1778752930886600819,2.787789250939112,1.3133888335096822,1.5139986807363193
1778752930918787941,2.788160195193134,1.3199790151196906,1.5146486367449394
1778752930919833244,2.7885273276440943,1.3265708700547234,1.5152726387576496
1778752930936108195,2.788890169524994,1.333162968354068,1.5159053281452441
1778752930953090265,2.7892501531221043,1.3397579309724845,1.5165308509643534
1778752930969832026,2.7896048914336453,1.3463526612179413,1.5171206711065643
1778752931002189042,2.7898889652247543,1.351625917849322,1.5176607858611268
1778752931002951014,2.7900998633891985,1.3554680311414768,1.5180678214154313
1778752931019608214,2.790234805673146,1.3579476688959633,1.5183362855382494
1778752931052117330,2.7903812307179927,1.3608752822228234,1.5186491995946032
1778752931053277972,2.790581629210199,1.3647085861239452,1.5190874982455136
1778752931069590505,2.7908221487416793,1.3694273309725693,1.519627229353402
1778752931086359258,2.7910998285404296,1.3749442589236915,1.5202285347980313
1778752931102951044,2.7913344386487493,1.3795011242604374,1.520798202016488
1778752931119785041,2.7915853239035027,1.3845259868201922,1.521326385351023
1778752931136320068,2.7918651754050168,1.390272271093661,1.5219245660353682
1778752931153047743,2.7921694667025467,1.3965382800451336,1.5225087378494295
1778752931169342933,2.792475912308696,1.4030174328653742,1.5230582002461466
1778752931202252963,2.792786733103963,1.4095712057066643,1.5236083759207149
1778752931203201090,2.7930947246931703,1.4161516847079023,1.5241470235333123
1778752931219776033,2.793343969196894,1.4214073384968893,1.5245973310012413
1778752931252276733,2.79360364991676,1.4270284761822207,1.5251230830928195
1778752931268811239,2.7938825855510183,1.4332225118997033,1.5257052531773616
1778752931269584744,2.7941704080053293,1.4396785595674504,1.5262058693871103
1778752931302121231,2.7944602365672266,1.4462228198546518,1.5267039697054796
1778752931318768312,2.7947477244633423,1.452803084069871,1.5272086439665573
1778752931319548930,2.7950328427119784,1.4593962256280395,1.5276947620418444
1778752931337160269,2.795315106122553,1.4659948541075911,1.5281797197897506
1778752931352262946,2.795594511317777,1.472595631650284,1.5286457916491643
1778752931370847991,2.7958701014470786,1.4791964135900597,1.5291100285125696
1778752931386395877,2.796142832221988,1.485798152500697,1.5295579798063097
1778752931402947115,2.796412224633398,1.4923996568402902,1.530004619218876
1778752931435500024,2.7966797106743857,1.499002355470687,1.5304329294107581
1778752931436395120,2.796944812242983,1.5056045800120497,1.5308576995047753
1778752931453004349,2.7972060993024086,1.5122070473687044,1.531266736975494
1778752931485540025,2.7974659560502513,1.5188099932112653,1.5316767120691221
1778752931486256140,2.79772200012874,1.5254129434491135,1.5320709698010644
1778752931502793492,2.797975657155405,1.5320144659253532,1.5324587786501829
1778752931519629623,2.798226927193584,1.5386147990585637,1.5328279672819172
1778752931552172293,2.798475816235742,1.5452170422864018,1.5332022334160242
1778752931568853709,2.7987218452962703,1.5518200040669445,1.5335618345392839
1778752931570322859,2.798967397426568,1.5584229663971578,1.5339229091727014
1778752931586463595,2.799208659012348,1.5650268873475432,1.5342695033189844
1778752931618801274,2.799448966587492,1.5716303325601289,1.5346186025121702
1778752931635489063,2.799686890366523,1.5782342573576802,1.5349508285803826
1778752931636547009,2.79992243013593,1.584837946484477,1.5352876257710668
1778752931653131451,2.8001551093363126,1.591442354164419,1.5356154469911238
1778752931669883702,2.800385880611455,1.598046525624569,1.5359291518270206
1778752931702105810,2.8006156991396334,1.6046511750204795,1.5362496606505665
1778752931718781456,2.800843133416081,1.6112558271644433,1.5365519456356598
1778752931735426743,2.801029944499348,1.6165394479062931,1.5367775518588656
1778752931736396031,2.801220979457216,1.6221778308611836,1.5370441030355837
1778752931768780609,2.8014279405236966,1.6283953145729397,1.5373712853164498
1778752931769597857,2.801642339857653,1.6348614604541887,1.5376351843311358
1778752931802102243,2.8018592260520876,1.6414160568209841,1.5379165219748268
1778752931803815439,2.802075671935201,1.6480023633873548,1.5381957630732206
1778752931819589826,2.8022515031439394,1.6532750295226541,1.5383677413819392
1778752931852372183,2.8024339494552466,1.6589072234902464,1.538598611578768
1778752931869801324,2.80258953524062,1.6635786209036258,1.5387935232217091
1778752931885458458,2.802752808771141,1.6687118265517826,1.5390217704277624
1778752931887141556,2.802936912486255,1.6745423829979287,1.5392868121362493
1778752931902592618,2.8030922330437646,1.6793961710517311,1.5394431187399158
1778752931935481998,2.8032053869472775,1.6828304625440516,1.5395314508568023
1778752931936521038,2.8032736171263037,1.684936098191354,1.539555593428993
1778752931953204248,2.8033067694488687,1.6859815261435942,1.5396274902100509
1778752931985533832,2.8033351305691356,1.6874191584420835,1.5398087524569954
1778752931986294001,2.8034336927271672,1.6897772445719235,1.5398876548810518
1778752932003132216,2.8035109055667125,1.6930568437291982,1.5400813885867273
1778752932019252773,2.803648765167582,1.6972404568377397,1.5402692863664638
1778752932037007646,2.8038000213084264,1.7022909450347508,1.5405256061683095
1778752932068855120,2.8039224313205358,1.7063091133465949,1.5406929363369295
1778752932085499646,2.804058284181778,1.7108200776947002,1.540896161796093
1778752932086744419,2.804216072500926,1.7161590450353998,1.5411806215791386
1778752932118823675,2.804391304173156,1.7221526901238189,1.5414576850913475
1778752932119545280,2.804577957356492,1.728540905058138,1.5416905890492227
1778752932152160528,2.804767155784619,1.7350685920203575,1.5419309955726939
1778752932153123293,2.8049564118410983,1.7416458700137376,1.5421876124209786
1778752932185545723,2.805143780967481,1.748241270005846,1.5424436757797317
1778752932186999054,2.805296256449256,1.7535220692979279,1.5426089547222657
1778752932218992586,2.8054548677946363,1.7591602512060638,1.5428193283467444
1778752932219622948,2.805627971387138,1.7653772971037505,1.5430807857831
1778752932236141925,2.8058051782997,1.7718432474345809,1.5433092252097667
1778752932252936156,2.8059513691981315,1.777050382580056,1.5434250632015445
1778752932269757970,2.806061098815871,1.7808232326264803,1.5435075787212031
1778752932302165402,2.806173797138326,1.785103195905789,1.543686779230405
1778752932303263805,2.806312272837389,1.7902347612045257,1.5439192479221804
1778752932335453272,2.8064682514506853,1.7960727410483341,1.5441358054232812
1778752932336369528,2.806636719367294,1.802403994864762,1.5443465386993833
1778752932368787690,2.8068077756253307,1.8089121524011813,1.544541198973652
1778752932385452415,2.8069798583850605,1.8154832513012629,1.544755299364835
1778752932402083986,2.8071505358563704,1.8220767631821515,1.5449567479115045
1778752932403852737,2.807320270621646,1.8286790976432092,1.5451636318731197
1778752932435508697,2.8074584449336495,1.833963251281133,1.545262455533779
1778752932436577043,2.8076017998227023,1.8396045502168934,1.5454283510010738
1778752932468793741,2.8077591701798195,1.8458228063427498,1.5456411646379578
1778752932470057720,2.807920643844748,1.8522911589948912,1.5458036139828017
1778752932486492857,2.808052529254241,1.8574975953727921,1.5458966070591895
1778752932503279284,2.808152727086261,1.8612749863614244,1.5459187924902262
1778752932520065049,2.8082563697359757,1.8655585363593763,1.546056992881604
1778752932535997478,2.808382453376542,1.8706948843159905,1.5462449947353292
1778752932568790244,2.8085250852229815,1.8765369326617733,1.546410803158315
1778752932569243438,2.8086484663789144,1.8813976716724945,1.5464807438645003
1778752932586920171,2.808776648312804,1.8867001950704003,1.5466248732427392
1778752932602994931,2.8089203657429747,1.8926564447403036,1.5468000319359223
1778752932619645689,2.8090731487134426,1.8990318241015134,1.5469504480230563
1778752932636318339,2.8091978247497087,1.9041886776916572,1.5469908643152603
1778752932668810532,2.809329149996459,1.9097350998354936,1.5471202905964787
1778752932669854502,2.809474037000132,1.9158794605408427,1.5472884174261063
1778752932686377186,2.8096240367899963,1.9223216003567904,1.5474057185900685
1778752932702239271,2.809777493628439,1.9288679251760668,1.5475397256596908
1778752932720881685,2.8099018043738324,1.9341215771946465,1.5475964909307935
1778752932735848323,2.8100308309420368,1.939742388633929,1.5477130908744254
1778752932753473308,2.8101733997869958,1.9459439725082022,1.5478660003455211
1778752932769667235,2.810321039664866,1.952407334311737,1.5479663911856463
1778752932786219906,2.810470214877026,1.9589620087219293,1.5480826312244207
1778752932803218386,2.8105926218896693,1.964219000796976,1.5480957549864742
1778752932819528385,2.810685246525574,1.9680447995183206,1.548084334634854
1778752932836439850,2.8107813169772418,1.9723779493413702,1.5481717667569457
1778752932853172534,2.8108532790372625,1.9756532630131485,1.5481712636706897
1778752932885441121,2.8108974931815447,1.9776053846754458,1.5481760164308587
1778752932886439424,2.810946421850268,1.979928003620191,1.5482131787044313
1778752932903160706,2.811024066984938,1.983168978443724,1.5483084465772772
1778752932919980396,2.811114678797818,1.987317360036658,1.5484108616372376
1778752932936029537,2.811183101974996,1.9904179168529397,1.5483870075172204
1778752932953962650,2.8112616125113155,1.993995299517913,1.5484906043524487
1778752932985426693,2.8113184397681596,1.9965508444655684,1.5485202663554232
1778752932986660545,2.811381495163753,1.999544238246627,1.5485614887951253
1778752933003212715,2.811468481273282,2.0034427611817267,1.5486758245300194
1778752933019851440,2.811574608191041,2.008226749246312,1.5487787265176416
1778752933052143993,2.8116959542991267,2.013803700490169,1.548892869600927
1778752933053203352,2.811830865537324,2.019980497642025,1.549041253375558
1778752933069148194,2.811942067080841,2.025031032005712,1.5490356328728072
1778752933086506391,2.8120263553048037,2.0286572838522448,1.5489957660016176
1778752933103001011,2.812077144048794,2.0309374621184664,1.5489565855462035
1778752933119599529,2.812124608604763,2.0336429832438867,1.5490584558931373
1778752933136410452,2.812210315631394,2.0372592198680715,1.5491668010727229
1778752933152999843,2.8122700549460267,2.039858392088557,1.5491214883979305
1778752933169211314,2.8123317324264634,2.0428976830646364,1.5491981362814298
1778752933187513950,2.812418770865505,2.046841505499587,1.5493349208704843
1778752933203627845,2.812522085351262,2.051667935340911,1.5494319946863442
1778752933235581522,2.81264061051569,2.057279698971831,1.5495394548600283
1778752933252206300,2.8127717360517415,2.0634817728731916,1.549683707356994
1778752933268906122,2.812880571494637,2.068547568763437,1.5496680363709245
1778752933269956253,2.812996078587649,2.0740224835179455,1.5497410883583318
1778752933302157682,2.8131237334403427,2.080109643587994,1.5498475173867052
1778752933303050404,2.8132594050053905,2.0865320111632717,1.5499360596165952
1778752933335565130,2.8133961663323603,2.0930726331761913,1.5500273247531333
1778752933352200569,2.8135099799441035,2.098320575243983,1.5500264743334808
1778752933353006365,2.813596396452403,2.1021385133023855,1.549978624141402
1778752933385533735,2.813682919964499,2.1064628526359064,1.5500482667897364
1778752933386331526,2.813790927434008,2.1116368915876613,1.5501519512683084
1778752933402958538,2.813877250172404,2.1157881391486795,1.5501368056809555
1778752933419641798,2.813972720830863,2.1204281345782565,1.5501963867154895
1778752933436299479,2.8140839074659825,2.125878258763674,1.550322708449813
1778752933468808735,2.8142086936210764,2.1319582695782793,1.5504285895807532
1778752933485490442,2.814339594892887,2.1383792121392453,1.5504922542024
1778752933486394165,2.814472539425449,2.14491793120153,1.5505732832942312
1778752933503106500,2.8146060124331975,2.1515014723773302,1.5506582207316364
1778752933519686603,2.814739027479076,2.1581012265552006,1.5507428128765213
1778752933552132157,2.814872048523566,2.1647062259383616,1.5508301250495906
1778752933568794808,2.815004119460812,2.1713145642788243,1.550894289185096
1778752933585498767,2.815136190750495,2.1779229026190237,1.550974276102352
1778752933602192798,2.815268261326107,2.184530764122504,1.5510421789482882
1778752933618871138,2.8153989021070434,2.1911391041115036,1.5511206279895153
1778752933635532146,2.8155295431791267,2.197747920937538,1.5511851238600873
1778752933636501914,2.8156597063627524,2.2043557846394544,1.5512601649454987
1778752933668835926,2.815788917067064,2.2109646031141836,1.5513314599330281
1778752933669998121,2.815917649812431,2.217572468464848,1.551404284408423
1778752933702134967,2.816046383083903,2.224180810652371,1.5514682594403848
1778752933718759264,2.8161507081383386,2.2294702485171087,1.551457197172295
1778752933719300556,2.8162592613140065,2.2351177864524785,1.551510621040473
1778752933752202821,2.81637944277004,2.241339900141931,1.551590591145748
1778752933753250117,2.8165041995105646,2.2478080566950567,1.5516304036007464
1778752933785500640,2.8166074816927757,2.2530202480907997,1.5515965411236372
1778752933802123094,2.816684801103996,2.2568057716862624,1.5515468610131349
1778752933818820320,2.81673337390064,2.259232341611186,1.5514619656097262
1778752933819215694,2.8167810277540877,2.262101894609895,1.5515494153486808
1778752933837036923,2.8168573830973953,2.2658783594045353,1.5516532013944273
1778752933853084341,2.8169466877288665,2.270547449026754,1.5517115482275006
1778752933869440497,2.8170498032047004,2.2760281001133174,1.5518023888094301
1778752933886145649,2.817165556284008,2.2821314863756443,1.5518850591969815
1778752933903368607,2.817287407080786,2.288560545605266,1.5519318396913468
1778752933919928222,2.8174103416878657,2.295102614067202,1.5519956321708401
1778752933952117027,2.8175342814562083,2.3016890272559136,1.5520432592133122
1778752933952560131,2.817658237900528,2.3082897455497284,1.5520937756721123
1778752933985603144,2.81778172179712,2.3148947559252093,1.5521524579662562
1778752933986355097,2.8179047320753807,2.321502151034146,1.5522080734295984
1778752934002988362,2.8180272653059313,2.3281095466928408,1.5522611380260294
1778752934035537945,2.8181392698600516,2.3346826221891845,1.553613928814934
1778752934036294677,2.818236873343812,2.3411727445633823,1.5562637087104336
1778752934053086654,2.818306323318157,2.34764525640073,1.5601410901005168
1778752934085545434,2.8183438730555728,2.3541592898665136,1.5650300722437687
1778752934086917830,2.818345728633405,2.3607329691575973,1.5706846683204605
1778752934102801385,2.818305177262495,2.3673343539001994,1.5768152414907848
1778752934119460549,2.8182231563622864,2.373949137889698,1.5832537589427067
1778752934136230574,2.81809584799218,2.380574464501811,1.5898942154824487
1778752934152982835,2.8179255024097007,2.387093505961832,1.5965792625514412
1778752934169642601,2.817707220372186,2.393808582874721,1.603429173480019
1778752934186581337,2.8174440085511256,2.40042929775418,1.6103295994180307
1778752934218826710,2.817195989070275,2.40575204351584,1.6169221104372085
1778752934219563204,2.816927321479458,2.4113675912841432,1.6233639265967572
1778752934236289536,2.8165648386606206,2.4174939401232014,1.6297636048088513
1778752934268808580,2.816143084080456,2.423912658649196,1.6365185966081355
1778752934269640055,2.8156666436310407,2.4304616168367366,1.643548594913881
1778752934286236189,2.815240721266611,2.435747374325688,1.6502678683479748
1778752934302818857,2.8147874811773286,2.4413311867209044,1.6569420194710551
1778752934335490863,2.8143764596478613,2.4458883193755185,1.6630449844518171
1778752934337050846,2.8140821052724236,2.449075363490672,1.6686582376467964
1778752934368852043,2.8136967980094143,2.452778450587775,1.6741497268410501
1778752934370733950,2.8131914009752985,2.4573690706424203,1.6795066015769828
1778752934387649232,2.812579067646221,2.4626822227244825,1.6855789471176217
1778752934418782234,2.8118662630886595,2.4685314559313594,1.6925616726431576
1778752934420257737,2.8110599185545655,2.4747250736090414,1.7003631568496766
1778752934436404915,2.8101774871993506,2.4810980698748932,1.7085759039716624
1778752934453201100,2.8094204612054217,2.486228283138852,1.7165772437457074
1778752934469770693,2.808863061140247,2.4899763913096353,1.7241151874938627
1778752934502299095,2.8081870415297185,2.4942305607644664,1.731523539808185
1778752934503461601,2.8073145852025285,2.4993237137528515,1.7388732649315983
1778752934535509487,2.8065697216449337,2.5034234672145588,1.7460913465431658
1778752934536441283,2.8057614793245174,2.5079758124884446,1.7532605221315092
1778752934568853464,2.804735238084015,2.513271321818337,1.760923174141069
1778752934585449658,2.803563214030193,2.5190996266333814,1.7693881234246964
1778752934602112489,2.802276131241432,2.525217981250166,1.7785105634602336
1778752934603089531,2.800903814764994,2.5314403846766766,1.7879954697498304
1778752934635515598,2.7994552562308823,2.537708175539503,1.7977128510132871
1778752934636871543,2.7982455635307626,2.542709687590087,1.8072675716887305
1778752934652787971,2.796976587935332,2.5479964167771523,1.8166683030298536
1778752934685459837,2.7954612085468753,2.553787924023451,1.8262308573107757
1778752934686540196,2.7938221290480656,2.559828959841464,1.8360345250111172
1778752934702944324,2.7924587023071124,2.564663279131835,1.845725714929376
1778752934735482234,2.7914471078366216,2.5681992412915435,1.854864913339857
1778752934752196533,2.790723214539493,2.570634330958293,1.8631871242716587
1778752934753118711,2.79022676967965,2.5722389844250273,1.8701600719739089
1778752934768844095,2.7894348273919327,2.5743794669659135,1.8768758187113033
1778752934802195386,2.7888659359160988,2.5760085226474407,1.8823284102487272
1778752934804033880,2.788309166990911,2.578234088034038,1.8872056550483036
1778752934819556538,2.7871556909142323,2.581120761089458,1.8933884826241707
1778752934836092076,2.7860031009149,2.5847775256449954,1.8999295984895013
1778752934868914458,2.7844530807927748,2.5890675116061663,1.907686569279327
1778752934870478099,2.783241386256106,2.5923309533685033,1.9156376653243818
1778752934886125705,2.7824413642852424,2.594501009142413,1.9227170753140364
1778752934902764991,2.781430235448946,2.5971929684379886,1.9297397081786636
1778752934919831922,2.780640496685331,2.599172754211884,1.93592441158192
1778752934936328566,2.779757368672645,2.6016371144961092,1.9418427566842271
1778752934968822342,2.779058409548115,2.603360257075965,1.9471911323325195
1778752934969347784,2.7782131170233875,2.6055542069029065,1.9523524046009435
1778752934986693426,2.7775896901459243,2.607030260612475,1.9571365159389777
1778752935003188578,2.776895273669093,2.6089798957530737,1.9614015187629885
1778752935019658040,2.775654650987857,2.611551956520104,1.9669872421726953
1778752935052134183,2.774331475509088,2.614901357520481,1.9728628077642674
1778752935052885765,2.773315685439184,2.6172728874052713,1.9787177259964204
1778752935069250277,2.7720895177096296,2.619981783863696,1.985094620041736
1778752935086528962,2.7705618674928116,2.6234043766763415,1.99222588249585
1778752935103043701,2.768674471796603,2.6274754062573886,2.000307198281604
1778752935119455403,2.766465921472016,2.632162403180644,2.009227093264462
1778752935136717676,2.7639737290210666,2.637328948691318,2.018828340338126
1778752935168777155,2.7612725674270044,2.642810924629653,2.0288157351255696
1778752935169726044,2.759066505109839,2.6471755765515836,2.0387215406460677
1778752935202188109,2.7567505598628417,2.6517773433465335,2.048953953446457
1778752935203107923,2.7540903237672234,2.6567666990060634,2.0599158819439456
1778752935219622651,2.7512357990601792,2.6619894521240575,2.0711365068213645
1778752935252111237,2.748224549294177,2.6673454235387255,2.0823330989225517
1778752935252739585,2.7450956271895883,2.6727911760286607,2.0933897077509354
1778752935270115746,2.741871338574917,2.6782437141596165,2.104371528727305
1778752935302163482,2.7385455274231716,2.6837316552794896,2.1153222848429203
1778752935303381433,2.735146277316845,2.689213958995371,2.1262329409987974
1778752935319525595,2.732371340547066,2.693572114038079,2.1369726145404195
1778752935352233891,2.729493639701095,2.6981382886625975,2.1476894906720623
1778752935353136731,2.7262581830122317,2.7029933623141744,2.1589005753426775
1778752935369712366,2.723639962174471,2.70679439055657,2.1700133991264408
1778752935402114347,2.7217224388016663,2.7095570128276756,2.180379160155326
1778752935403151514,2.720350403354809,2.71147309669382,2.189717327852731
1778752935419530334,2.7185769311160795,2.713854559793092,2.198783007247147
1778752935452217899,2.7162840790117775,2.716967613379645,2.207788539591522
1778752935453548055,2.714492415491362,2.7192866317371207,2.216494487897613
1778752935485489939,2.712477088086311,2.722002159827596,2.2251737422733124
1778752935502216722,2.710878660026157,2.724003858543768,2.2332542465238
1778752935503839605,2.70903228555413,2.7264378577894766,2.241197476543058
1778752935535603701,2.7065780524510026,2.7293689454677375,2.2501057672205023
1778752935536398626,2.7037148531685884,2.7328564970131817,2.2597282941978105
1778752935568780799,2.7003772551118432,2.7368047435125673,2.270076138011578
1778752935569373128,2.6966738550843674,2.7411081787153955,2.2809757534343618
1778752935602128834,2.692722718314117,2.74560168077368,2.2920128041814265
1778752935618756026,2.688601933053052,2.7501855006516522,2.3029578188065987
1778752935635457671,2.684343873019555,2.7548171624992825,2.3137813752219563
1778752935652144849,2.679969501444854,2.75948138335522,2.3245552252258683
1778752935653024546,2.675515477722035,2.764127099356861,2.3353028814741306
1778752935669573580,2.670996090421954,2.7687409425854845,2.346036322856993
1778752935686124678,2.6664165783739016,2.7733167081159693,2.356784141045993
1778752935702168368,2.6617888436608057,2.777839600267564,2.367541260373165
1778752935720900053,2.657108606881333,2.7823182070481427,2.3782904183434397
1778752935736360221,2.652379672813269,2.786745371509534,2.3890569643641433
1778752935768781229,2.6476034783307045,2.791125860370699,2.3998293339030847
1778752935769583137,2.6427962103260283,2.7954377204507206,2.410585323252158
1778752935802145554,2.6379126189606183,2.799723919277238,2.4212419088152544
1778752935818855645,2.6329989103056284,2.8039438724077588,2.432029448623184
1778752935819605334,2.6280403189161623,2.8081114251478856,2.4428068487165353
1778752935836438740,2.6230349357136378,2.812225626022811,2.4535950091676924
1778752935853134824,2.618983185585884,2.8154775592629337,2.4641711117049523
1778752935869681043,2.614764727415398,2.81889610092615,2.4746905321334896
1778752935902154541,2.6100877758653205,2.8224954156192896,2.485558763289182
1778752935918803535,2.605195379779427,2.8261750873262206,2.4965406528577616
1778752935920251084,2.600147565703903,2.8298811642287807,2.507495315930287
1778752935936401218,2.5949748347166426,2.8336016902335492,2.518392196556803
1778752935968845880,2.589715767667571,2.837296089688519,2.5292510171208953
1778752935985473504,2.585464306779449,2.840206837482783,2.5399140911761537
1778752936002149600,2.5810284832340082,2.8432746772990267,2.5505397496266
1778752936002972469,2.5773743928227284,2.8456730899581575,2.5611716375383025
1778752936019621133,2.5734401131072704,2.848249685934975,2.5718470458958644
1778752936052156188,2.568862436791517,2.8511016818808668,2.5826957512857316
1778752936052880368,2.5639082493309187,2.8541257732800713,2.593982344070023
1778752936069598324,2.5587099948548198,2.8572135653744315,2.6053259116682224
1778752936086527973,2.553336332351154,2.860330646743363,2.6166282862584094
1778752936118758999,2.547997792229367,2.8633651947195706,2.626614135067111
1778752936119837324,2.5428059821157927,2.866254138158255,2.635329925038098
1778752936152116642,2.5389007308787295,2.8683595852547707,2.643511518857237
1778752936168804680,2.534863033568276,2.8705700892501267,2.651443308883545
1778752936169869961,2.5304988023268375,2.8728567867707517,2.6594805846027905
1778752936186260934,2.527205771605069,2.874515685184444,2.6673737937307993
1778752936202683657,2.5236263776308783,2.8763670791595493,2.6750849179798384
1778752936220155430,2.5207855378605633,2.877737446546475,2.682906157576101
1778752936236865841,2.5175911251122693,2.879325182507483,2.6906002551625807
1778752936253009182,2.513751824754998,2.881139682731863,2.69853945791591
1778752936269916289,2.5094930943036684,2.8831215595037993,2.7067335458785666
1778752936286075379,2.5049431163636457,2.8851891258752387,2.7147269990025222
1778752936318794094,2.5015120956006265,2.8866889196189214,2.722650023813191
1778752936319680554,2.4991824870228445,2.8877096527257695,2.7298060088890685
1778752936336148654,2.4964024875254727,2.8889149642201786,2.7368675144020678
1778752936352264221,2.4928560524329897,2.8903924796311466,2.7441346714334087
1778752936370446048,2.488754329652383,2.8920713836401726,2.7519702263757795
1778752936386139851,2.4842584093703084,2.8938775807684394,2.759858994768263
1778752936418889265,2.479491717594006,2.8957460788589464,2.767459880187267
1778752936419731059,2.475889350635768,2.8971058798779894,2.7750301201342515
1778752936452150143,2.472030595960691,2.8985999677375514,2.7826588606689118
1778752936453097669,2.4676751074361873,2.9001976250301267,2.7908399205725627
1778752936469571620,2.463015466229121,2.9018590522706984,2.7989195592446454
1778752936486072252,2.458114118676559,2.9035651039859105,2.8066434492612706
1778752936503058700,2.453012059289923,2.9053028583143576,2.81391433999375
1778752936535534692,2.4477459864645255,2.9070565373209534,2.820665465919033
1778752936536284731,2.443732511167488,2.908351008610937,2.827301968023751
1778752936568780792,2.439462134776089,2.9097478192224497,2.8339745731466266
1778752936585526952,2.4347255084304757,2.911220030719818,2.841047216058384
1778752936585891056,2.429692816838133,2.91273979036944,2.847951051697229
1778752936604063133,2.424430335236041,2.914299869221845,2.854489375257902
1778752936619375600,2.4189962072356574,2.915873020525163,2.860557674692523
1778752936636538635,2.414830949319091,2.9170379669665154,2.8665391032540657
1778752936652981126,2.411979904102237,2.9178366179798276,2.8722268378665925
1778752936670009163,2.408689811011476,2.9187349572349093,2.8779188675984733
1778752936686138567,2.404615995708,2.9198006160867336,2.8839358281872776
1778752936719222828,2.4015098103682266,2.9205666593901736,2.890419029679723
1778752936735552264,2.3995386565792347,2.921062934958508,2.8960118894702904
1778752936736314917,2.3970373950239647,2.9216709246617105,2.901311125081952
1778752936768808844,2.393612743888729,2.9224878798013254,2.9063570236500946
1778752936769551580,2.3894663266265193,2.923450625437713,2.9121143097963436
1778752936802186134,2.384720654937942,2.924525164905038,2.9184277673675734
1778752936803218662,2.381116657636794,2.92529702719701,2.924943851404953
1778752936835476258,2.378725910576536,2.9258133367239054,2.9307504065338703
1778752936836353570,2.375889891814365,2.9264059766306607,2.936516715788845
1778752936853062970,2.372190488562595,2.9271412324031574,2.9424152942809507
1778752936869524387,2.3678465227494034,2.927983565852587,2.949029856500166
1778752936886445230,2.3645227007816527,2.9285777216745927,2.9559466461143242
1778752936918759323,2.362358788083307,2.928972653034154,2.9619936915667053
1778752936919489255,2.36106967971813,2.929196821957779,2.9668532044966462
1778752936936444463,2.3591589281187173,2.929552837691331,2.9711169593138433
1778752936968825474,2.356333688261213,2.929980479408761,2.975527741807157
1778752936969586264,2.352767632746652,2.9305734839164312,2.980690634399441
1778752936986826556,2.3485092850305422,2.931231659417237,2.9866348794079256
1778752937003943943,2.3452768596913147,2.9316898112156675,2.993066485967982
1778752937019569066,2.341652574628472,2.9322399674633646,2.999570911657831
1778752937052089243,2.3373702938304803,2.9328147239932423,3.0066854319162384
1778752937053239445,2.3325907123943055,2.9334291543811934,3.0141453808057967
1778752937070552415,2.3274902204212036,2.9340439546498507,3.0214564533432524
1778752937086022773,2.32363642437773,2.934457999915232,3.028770662267781
1778752937118843452,2.3210246341265117,2.9347423443654637,3.035418882872041
1778752937120232399,2.31796847035054,2.935054380738103,3.0420248761771265
1778752937152423879,2.3140664501505004,2.935408876904166,3.0487294498822184
1778752937296310190,2.309564594666301,2.9357883831486116,3.0560639137462524
1778752937296341780,2.3061550060721996,2.936024532881241,3.0635041691921607
1778752937296352410,2.302358305246454,2.936334084929896,3.070832526649761
1778752937296362049,2.2979259518765986,2.9366086068239,3.078562240849078
1778752937296371487,2.293084459577979,2.9368769245633457,3.0864261181109462
1778752937296380524,2.287964941109719,2.9371188598564504,3.0940416573463416
1778752937296389591,2.2826174713706426,2.9373415075486817,3.1012713605538544
1778752937296398398,2.2770959163647473,2.9375290699182237,3.1080181128173616
1778752937296407736,2.2714226962547146,2.9376901041977885,3.1142362357936357
1778752937302798868,2.265611156574376,2.937819349793195,3.1198811444196823
1778752937319512486,2.2596675024520287,2.9379220447647376,3.124919119298936
1778752937336047122,2.255076577051271,2.93797406632532,3.129745627309108
1778752937352425501,2.250194312076212,2.9380359604311335,3.1347150710887397
1778752937385494183,2.244835635639037,2.93804690520314,3.140068945795698
1778752937386233752,2.239170313367014,2.938026732139393,-3.1379104023523072
1778752937403294873,2.233303253520285,2.9379757971619007,-3.133066377290571
1778752937419495512,2.228759872704707,2.937907600878823,-3.1283084483441237
1778752937452242772,2.2256169855468424,2.937862585938103,-3.1237483984483565
1778752937452959989,2.2219996187393165,2.937791414984013,-3.1191967906067832
1778752937469764610,2.2179272991377754,2.937673084661361,-3.114952214214676
1778752937486149301,2.2136279739370646,2.937531174109351,-3.1111353846354173
1778752937518879548,2.20913122627371,2.9373790006814127,-3.1078692703256263
1778752937519244383,2.204481853872903,2.937194578220126,-3.1052415336202093
1778752937536655049,2.1996760762792444,2.9370084286808495,-3.10326029668489
1778752937568960486,2.194734859514859,2.936806222774649,-3.101963059396591
1778752937585496566,2.18963723448068,2.9365999056064975,-3.101337379448411
1778752937602107077,2.1843955992205215,2.9363880323748073,-3.1014032350058276
1778752937618769988,2.1790032785805997,2.936172518122577,-3.102136667274949
1778752937620599926,2.1749690685613188,2.9360245799501707,-3.1029400284427138
1778752937636355147,2.1723258471973272,2.9359255833000333,-3.103524125985022
1778752937669571520,2.1708905018064932,2.935868586665488,-3.1037892273722156
1778752937685598960,2.169186709774432,2.9358214361917754,-3.103723667428469
1778752937686523973,2.166619266404452,2.9356875430649247,-3.1020934634620296
1778752937703138772,2.1631458460324735,2.9355647077517784,-3.1003144625892243
1778752937735451934,2.158780174453184,2.9353656531733536,-3.098355458538269
1778752937736097315,2.1536124206225873,2.9351284224003376,-3.096066002827673
1778752937755195377,2.1477813363489227,2.9348480871322056,-3.093583126335478
1778752937785446789,2.1415763729320374,2.9345338504979686,-3.091223714955386
1778752937786247115,2.1351587119874047,2.9341960171441337,-3.0890009479626603
1778752937819047084,2.1300209501793983,2.933917266941735,-3.086802117651777
1778752937835460400,2.1245503314627623,2.933618396377235,-3.0846664631447878
1778752937836238643,2.1185393938199475,2.9332619744123507,-3.0824026273686758
1778752937868881283,2.113681995609004,2.9329695496140498,-3.080166152504275
1778752937869916346,2.1084306954444103,2.9326475380648978,-3.0780287571273144
1778752937886508963,2.1025427447632326,2.9322595030720255,-3.0757275808681928
1778752937902985769,2.0963033196892096,2.9318327725142184,-3.07355724145846
1778752937919642428,2.089870268465664,2.9313809927426,-3.071497038402339
1778752937952180950,2.083364718069852,2.9309111767096123,-3.0695277739385793
1778752937952947942,2.076832925262839,2.9304270857993364,-3.0676194642405994
1778752937970763660,2.070296350109174,2.9299306026269543,-3.0657536294104846
1778752938002233204,2.0637511762792644,2.92942077791599,-3.0639429723850595
1778752938002974036,2.0572059897615556,2.928899985957707,-3.0621581252492946
1778752938019830095,2.050653159118641,2.9283663281982366,-3.060402061430259
1778752938036379199,2.0454360668888873,2.927935558277244,-3.0586082713754106
1778752938068896500,2.0416429467885586,2.9276247406455775,-3.057028280376958
1778752938085463128,2.0373428851195725,2.927257286816906,-3.055525250737672
1778752938102141137,2.032217798639709,2.9268039994898993,-3.053799854352573
1778752938118818055,2.0264069361213046,2.9262790232894806,-3.051959135653058
1778752938135537374,2.0201802158413797,2.9257058889829306,-3.0502384196931125
1778752938152197890,2.0151314062779693,2.9252396391267124,-3.048535798430756
1778752938152959131,2.010053501721932,2.924767700755044,-3.047599872795631
1778752938185499206,2.004846336075571,2.9242615790716022,-3.0471803513117806
1778752938187262166,1.9994942082357237,2.923751809771557,-3.0474564078596877
1778752938202993401,1.9955017040684964,2.9233816172659313,-3.0477536669560914
1778752938219366049,1.9912020761554698,2.9229769696141834,-3.047990008965263
1778752938252187860,1.9860812447208573,2.9224936366211534,-3.0473386171700243
1778752938253074330,1.9802746386625498,2.921937661079145,-3.046353939608956
1778752938269795462,1.9740025821862608,2.9213326309161776,-3.045418810325667
1778752938302323844,1.9675454871374076,2.92070444899222,-3.0445337680172906
1778752938303494666,1.9623583482048663,2.920197827388625,-3.0436398812025467
1778752938319417636,1.9568140135401708,2.9196520399775228,-3.042747370911716
1778752938336547507,1.9506945358044758,2.9190382508785873,-3.0417731078244135
1778752938353097553,1.9442884406915395,2.9183918903479307,-3.0409178309547165
1778752938386322764,1.937779331432158,2.9177303897519264,-3.040069820291185
1778752938402145303,1.9312330166805014,2.917057964777098,-3.0392192535041453
1778752938402235164,1.925992912509756,2.9165199329476885,-3.03842846643221
1778752938436464719,1.9204084858422146,2.9159412899608137,-3.0376344338900028
1778752938437793832,1.914262267166202,2.915294629897566,-3.0367643476021042
1778752938453186001,1.9078451639427572,2.9146120424070925,-3.036000004484514
1778752938469884600,1.9013341093076757,2.9139181191047614,-3.0352434107948016
1778752938502217720,1.8947882353862955,2.9132146991858487,-3.0344776709367993
1778752938503451251,1.888229956718619,2.912505094677495,-3.033734665980508
1778752938519984986,1.8817436946376025,2.9118078049373795,-3.0342566530429504
1778752938536124650,1.875404798998878,2.9111313261919487,-3.036141082078559
1778752938553725268,1.8705233191014916,2.9106291206619472,-3.038502245437103
1778752938585519040,1.8670477202425757,2.910273591170765,-3.0406276652102573
1778752938602204063,1.8631181262636147,2.909876146418607,-3.0423177193559456
1778752938618799956,1.8601785730517362,2.9095886636801125,-3.0431726244430495
1778752938635566094,1.8567792884973973,2.9092497355414078,-3.0437769125678367
1778752938636602299,1.8543757603848792,2.90901504077889,-3.044124690588018
1778752938652215620,1.8515563721009767,2.9087302805630335,-3.044407955122902
1778752938685479604,1.8478332935668846,2.9083716984548014,-3.0447012366243777
1778752938686677297,1.8451298085000154,2.9081139843855626,-3.045177378793209
1778752938719066403,1.8419789832052544,2.9077986117471837,-3.0454198489442246
1778752938735534803,1.8379282856009045,2.9074122738407113,-3.0457266024762113
1778752938736154725,1.833008215464398,2.90694015355018,-3.046213503075109
1778752938753641306,1.8291268186992928,2.9065746013568385,-3.046838013481985
1778752938769798613,1.8247499272815821,2.906156214471982,-3.047323834960632
1778752938804232898,1.8195337206637676,2.9056648851716207,-3.0478518038715308
1778752938804265400,1.8136408123359193,2.905114731150463,-3.048416316369194
1778752938819486774,1.8087541483670129,2.904666891067135,-3.04907649294129
1778752938836413588,1.8052757345589536,2.904349988656551,-3.0497076136543346
1778752938853106245,1.8012946686694447,2.903975491429583,-3.050162366606216
1778752938869213177,1.7964447287768959,2.903533807905577,-3.0506798040357603
1778752938902186196,1.7926325046890565,2.903195355720108,-3.0513520715666695
1778752938918808540,1.788325737211246,2.902802160396716,-3.051875513220198
1778752938919617001,1.7831744153189102,2.9023417507459754,-3.0524271935349083
1778752938952156735,1.7773282748709598,2.9018234909315543,-3.053026679212041
1778752938953078171,1.7710100200271195,2.901266197764107,-3.053579329184788
1778752938969778844,1.7658916189401803,2.9008229163177597,-3.0543056099888526
1778752938985824088,1.7603807352334642,2.900339556060563,-3.0549164684230234
1778752939003147878,1.7542718477907284,2.899813016012924,-3.0555565728414864
1778752939035529280,1.747856804372236,2.899262986966224,-3.0561275832491965
1778752939036162818,1.7413354190292303,2.898707358438894,-3.056699466139364
1778752939068879699,1.7347739799582393,2.8981517760775892,-3.0572699390689273
1778752939085510699,1.728197763383837,2.897600025448602,-3.057825550708322
1778752939086524201,1.7229325070337278,2.8971659731791943,-3.0584963779889276
1778752939118864986,1.7173105366636283,2.8966970460843044,-3.059036070330379
1778752939119933202,1.7111187001571113,2.896187767792891,-3.059612881724024
1778752939136161214,1.7046736444227069,2.8956625688869155,-3.060117850475839
1778752939168890148,1.6981398897284867,2.8951317501650866,-3.0606208718145362
1778752939169711524,1.691618544558398,2.894609977052638,-3.06240991426053
1778752939186290314,1.6851892607929075,2.894115277566814,-3.0654581939034813
1778752939202889995,1.6787495186804342,2.893648723546122,-3.069593982952015
1778752939235537594,1.6722473458178702,2.8932127590811847,-3.074628074803364
1778752939236590752,1.6656746357121388,2.8928064398409057,-3.078624172253576
1778752939268932237,1.6590742760220243,2.8924092123800644,-3.080958328057933
1778752939285571173,1.652487284926462,2.892024367286131,-3.0827513042400985
1778752939286186676,1.6459231922906652,2.8916495093859775,-3.0844477242616737
1778752939303068905,1.6393514845930945,2.8912861043627767,-3.0860712855429133
1778752939319675679,1.6327864620258963,2.8909312747086724,-3.0876534422126816
1778752939352176108,1.6262119163000648,2.890587900130484,-3.0891849091329004
1778752939352966053,1.6196431014355173,2.8902526251837863,-3.090689791487789
1778752939385530514,1.6143875908934735,2.889999759921958,-3.092407105162068
1778752939387259299,1.608789683199564,2.889723447431895,-3.093880936398587
1778752939403238938,1.6026467467749712,2.8894410874169254,-3.095374563380545
1778752939419683834,1.5976282636823123,2.889223711767972,-3.096993975435377
1778752939452179984,1.5922082561382778,2.8889815265291467,-3.0984654876460445
1778752939453904151,1.586160246550974,2.8887310052124255,-3.100009925754378
1778752939485434901,1.5797703356818011,2.8884742022447267,-3.1013692813778047
1778752939502176081,1.5732521635898267,2.8882223154862094,-3.1027357772928723
1778752939503646644,1.5680448798736684,2.8880285224844457,-3.104321600878764
1778752939535585002,1.5624789996798136,2.887820837676098,-3.105696033583927
1778752939537802088,1.5564463006272804,2.8876160751096926,-3.1082815024161485
1778752939552965811,1.5517574063468638,2.8874784282744326,-3.1108390099032577
1778752939585526665,1.5466207335908075,2.8873188861847146,-3.1129311618178583
1778752939586670325,1.5424883379432621,2.887207300829239,-3.114863730522584
1778752939618806780,1.539736901967278,2.8871332244551122,-3.1165969743320407
1778752939619823969,1.5381742624984978,2.8870925870145334,-3.117925362495514
1778752939652124567,1.5362434762546038,2.887029962536236,-3.118951597351356
1778752939668785073,1.5333752515170394,2.8869855846967853,-3.1196431265175546
1778752939669774268,1.5296057486083698,2.8868921777332246,-3.120621758978723
1778752939686540036,1.5249698410189674,2.886805491435089,-3.122192160054044
1778752939702976244,1.5195495309140878,2.8867135103500643,-3.124032542702486
1778752939735494758,1.5135226828176642,2.8866207978463785,-3.1259382922946206
1778752939752135076,1.5086078479781853,2.886554460212516,-3.127939424352093
1778752939768798979,1.5032786339596154,2.8864814476287366,-3.1297585420408436
1778752939785447352,1.4973023716275005,2.8864230091188587,-3.13167416304172
1778752939802109211,1.4909732555720145,2.886371176193562,-3.1334237517757937
1778752939802894618,1.4844839358683457,2.886330972018004,-3.13511256200267
1778752939819380552,1.4779474192453648,2.8862994053160245,-3.136786867855113
1778752939836477971,1.4727112688566875,2.8862954269015773,-3.138663748630785
1778752939853110434,1.4688903696984508,2.886292201459226,-3.1404320540433175
1778752939869257632,1.4645606810211937,2.886283363559867,3.141167135655964
1778752939886815719,1.461280529065394,2.8862904821166118,3.1395649880578476
1778752939918923860,1.4575159071351922,2.8862957748840956,3.1381293254150147
1778752939935538740,1.4528744061080898,2.88632019816482,3.136605119217603
1778752939936201563,1.4474490010895262,2.886358876420188,3.1348180858068644
1778752939952783309,1.4414161240331638,2.8864130368080017,3.1329663397670195
1778752939969943799,1.435043989028941,2.886478555484871,3.1312907740969305
1778752939986187310,1.4285352574351833,2.886558059889793,3.1296560961594886
1778752940018840049,1.421990773503889,2.886647142252014,3.128027762974821
1778752940020286977,1.415418884786984,2.8867472234631038,3.126448939095408
1778752940037074055,1.4088474844101413,2.886857794535546,3.1248961409082905
1778752940068974520,1.4022644155814608,2.886979823156753,3.1233842900108004
1778752940085598056,1.3956832607818626,2.8871085252960973,3.1219215138374743
1778752940102325630,1.3904179236368468,2.887225220403234,3.120268107662586
1778752940118983652,1.3865713807412667,2.8873131004756756,3.118718746005222
1778752940119886152,1.3840716322416302,2.8873722485012343,3.1173900374498604
1778752940136386914,1.381120561933719,2.8874362082558385,3.1162322039575385
1778752940168814524,1.3772506762063386,2.8875417582204674,3.1153296816420393
1778752940185453780,1.3725060584548368,2.887669774084926,3.1141608916533525
1778752940187054441,1.3669925812790176,2.887831577920858,3.1126785657766196
1778752940218948424,1.360893577702613,2.888020282693337,3.1111223625588647
1778752940220268500,1.3559127311114847,2.888186717832321,3.109476992771601
1778752940236347678,1.3523439836853233,2.8883076563416683,3.1079209244070536
1778752940252940075,1.3482674205690839,2.8884411010953297,3.106551418525001
1778752940269771157,1.3433259314393264,2.8886222728333135,3.1051169351205345
1778752940286648977,1.3376532551983904,2.8888405269834454,3.1035457683259704
1778752940302805573,1.3314744489305108,2.889087497908362,3.101998931255813
1778752940319519231,1.3250353129241934,2.8893538423879663,3.1005659689663467
1778752940336295017,1.31850845025568,2.8896312552424264,3.0991253601242295
1778752940353148702,1.3119434565275998,2.889921109821614,3.0977069681112246
1778752940385505086,1.3053746549294916,2.8902185981885458,3.096322903279094
1778752940386707758,1.298793706887907,2.8905261141429484,3.09497801012397
1778752940402956620,1.2922103838203187,2.8908417390717966,3.093668854137436
1778752940435499530,1.2856227787106727,2.8911654751732465,3.0924002031357407
1778752940436627069,1.2790351837522862,2.891497794337649,3.0911680773342174
1778752940452727407,1.272447120267044,2.891838220278731,3.0899766712313284
1778752940485667685,1.2658588271480846,2.892185799046831,3.0888188336062115
1778752940486362299,1.2592693517046338,2.892541485414919,3.0876936991979296
1778752940518831879,1.2526803603454166,2.892903846949521,3.0866020689396922
1778752940519390373,1.247384756240791,2.8932070204093594,3.0853845970677747
1778752940552112595,1.2417279715224248,2.8935234848762037,3.084564527415158
1778752940552879376,1.2368967621318268,2.8936806875037235,3.0836918466892476
1778752940569356693,1.2334288823565247,2.8938153380404086,3.0829528393524677
1778752940585979217,1.2294621526338876,2.8940883695805684,3.082015688795984
1778752940602775913,1.2264990885212257,2.8942944407274322,3.081107136221293
1778752940619789463,1.2247547040970879,2.8944018323818903,3.0805478308452985
1778752940635520788,1.2226650505401806,2.8944752896943573,3.080232949662098
1778752940668884422,1.2195930248579305,2.8947306007614726,3.0798875286114256
1778752940669875130,1.2157405310508318,2.89498061236287,3.0787104958874068
1778752940686523674,1.2112395270604555,2.895271425855567,3.0781198440806627
1778752940718833269,1.206233266110359,2.895588094156893,3.0781445863275363
1778752940735768760,1.2007279510895608,2.895939669834501,3.0773336023364815
1778752940736528538,1.1946218008936007,2.896339621845902,3.076271891761277
1778752940753054297,1.1882014452881606,2.8967656852332393,3.075388964123418
1778752940785577399,1.1816757211223339,2.8972033141671094,3.0745248875561426
1778752940786588797,1.175110430582765,2.897649094942829,3.073662716022041
1778752940802956145,1.1685337017971689,2.8981020414633876,3.0728113871160985
1778752940819529565,1.161950780858123,2.8985597634962468,3.0719884899968006
1778752940852184549,1.1553638133121842,2.8990232122428763,3.0711885728970056
1778752940853259417,1.1487761379856176,2.899492860692598,3.0704113833859936
1778752940869714622,1.1421882296899386,2.8999672777855694,3.0696537307686502
1778752940902187559,1.1356003272753934,2.900446940083921,3.0689172035888457
1778752940903096171,1.1290117140267732,2.900930417901386,3.0681995296955082
1778752940935465199,1.1224245372855115,2.901419139275343,3.0675014987410356
1778752940936238673,1.1158373650350362,2.901911675343961,3.0668219272609782
1778752940952923586,1.109250198280564,2.902408979780993,3.066160196004283
1778752940970316168,1.1039811415316678,2.902814642685326,3.065375807294703
1778752940986293683,1.0983568688018839,2.9032440800469317,3.0647371327206794
1778752941003249111,1.092164503648254,2.9037242401252734,3.06406512568281
1778752941019683577,1.0871114535647501,2.9041301308981082,3.0632884233551745
1778752941035929373,1.0816488250961636,2.904556520924162,3.062639739869666
1778752941053754178,1.0755773425020525,2.9050408332107214,3.061953120688241
1778752941069732424,1.0691752133527208,2.905559858897709,3.0613445297784194
1778752941086555480,1.0626574619494673,2.9060880777626514,3.0607305624205585
1778752941102609791,1.0574239594941615,2.90651992574823,3.059983039065669
1778752941120393819,1.0518245140791396,2.9069769910674674,3.0593741088537945
1778752941152156402,1.0471929626862466,2.907360461498519,3.0585912224132383
1778752941153817227,1.0420967786608555,2.9077835681364963,3.057956200554055
1778752941169748283,1.0362985316508302,2.9082737643801595,3.0573275168978915
1778752941202183157,1.0299989411172576,2.9088098380301304,3.0567341263170413
1778752941202970197,1.0235186557595926,2.9093661471236287,3.0561490310643284
1778752941235585565,1.0169747176233406,2.9099296821439036,3.0555711841903737
1778752941236274258,1.0104059924862183,2.910499444621322,3.054996892513698
1778752941253086854,1.0038289283282265,2.9110739850850695,3.0544408267717547
1778752941285555612,0.9972485295436084,2.9116513904171195,3.0538990882150823
1778752941302263559,0.9906671823148453,2.912233088379732,3.053375502898463
1778752941318803686,0.9840858401121704,2.9128195547111115,3.052866916246153
1778752941319823270,0.9775044998637413,2.913407451552786,3.052372844986744
1778752941336233238,0.9709226870583877,2.9139991636388802,3.051892937863932
1778752941352963287,0.9643408783116985,2.9145942135827068,3.0514264876317876
1778752941369155661,0.9577595496661664,2.9151916471607535,3.050975800195579
1778752941386648595,0.9511791775535121,2.9157924174982295,3.0505356434529367
1778752941418814726,0.9445980928170079,2.916395572844401,3.0501088197521007
1778752941435604188,0.9380172501721622,2.917001588936539,3.0496979515583713
1778752941436677584,0.9314366492195473,2.9176104657749438,3.049296873023703
1778752941452926476,0.9248567658136899,2.9182212491362436,3.0489061882806654
1778752941485472001,0.9182766483160236,2.9188358474671285,3.048527321271677
1778752941486410890,0.9130098434266104,2.9193335374086473,3.048023072375745
1778752941518913463,0.90738520614352,2.9198602500353887,3.047645076187592
1778752941535479239,0.9011903404487921,2.9204462709153023,3.047243913493967
1778752941552169993,0.8947494556971721,2.921057847742001,3.0468885261039924
1778752941568868482,0.8882222746235344,2.9216790607831196,3.046533154182186
1778752941569843470,0.8816633914457965,2.9223069860885706,3.046135729959049
1778752941586567197,0.8750911605501248,2.922937787803574,3.0457759181915645
1778752941603017753,0.8685151180506036,2.9235714549365874,3.045428418706371
1778752941635455613,0.8619371721707689,2.9242084621258027,3.0450775517442956
1778752941652168719,0.8566758699932536,2.924722835036477,3.0446248494066896
1778752941653829204,0.85105649902867,2.9252676614174162,3.0442966057338894
1778752941685507917,0.844865947285514,2.925873704498763,3.0439498264582197
1778752941702168293,0.8384279487533173,2.9265067356853747,3.0436376233453855
1778752941703230147,0.831901508309652,2.9271498823967304,3.0433285742255882
1778752941719509667,0.8253431248869073,2.927797834300046,3.043020477568901
1778752941752110197,0.8187718706529648,2.9284486620632624,3.042721195373092
1778752941752795052,0.8121868620482725,2.929105227852742,3.042191282051651
1778752941769590075,0.8056987481306305,2.9297550059907063,3.0422977084508918
1778752941802163984,0.8004386559077972,2.9302855899806057,3.041985636861641
1778752941802853278,0.794823178125532,2.9308471012098,3.0416600572309984
1778752941835454308,0.7886540444447836,2.9314688552181427,3.0414356532094726
1778752941836315820,0.7822174921758749,2.932117143536254,3.0411969947346735
1778752941852969514,0.7770336906340011,2.932644301731694,3.0408185276704005
1778752941869510833,0.7714703668030188,2.9332052759870852,3.0405504024926477
1778752941902158282,0.7668701495172431,2.9336774020725094,3.040175026722864
1778752941904049116,0.76180530169929,2.9341896412005393,3.0399186562117166
1778752941919777726,0.7577796046149435,2.9346015004116857,3.0395737847157314
1778752941936527412,0.753262820017468,2.935061132558731,3.0393284512651957
1778752941968792793,0.7479257401799821,2.935609448271361,3.0390666507623516
1778752941969292986,0.7419473925412305,2.936225737191243,3.0387715105058755
1778752941987490412,0.7355859566051434,2.936885383030452,3.0385108785283985
1778752942003503124,0.7290898308606174,2.9375590123997357,3.038238039643351
1778752942019457935,0.7238717204597025,2.93810671415078,3.0378408479367707
1778752942037004931,0.7182836232452806,2.938686790458951,3.037557065736251
1778752942052910669,0.7136562438805395,2.939174206650511,3.037168359475846
1778752942069688800,0.7085673387885649,2.939706023843531,3.0368921526943344
1778752942086248714,0.7045163869559503,2.940133647799676,3.0365275295676404
1778752942102910593,0.6999733971086346,2.940611429974811,3.0362542888584314
1778752942135424838,0.6946108285536506,2.941178371727426,3.035972771489233
1778752942136389287,0.6886108096445901,2.941816143311945,3.0356528297863523
1778752942152918503,0.6822431990431811,2.9424967771169634,3.035376754894299
1778752942169686644,0.6757466202453939,2.943191387857172,3.035088173418335
1778752942202144652,0.6692018880843003,2.9438922529859686,3.0348008058185476
1778752942203150309,0.6626397559144104,2.9445969528698153,3.0345220317676977
1778752942235538965,0.6560716667064925,2.9453045206446244,3.0342503881572336
1778752942252405674,0.649542901320943,2.945999168482948,3.035275459290184
1778752942252997442,0.6431023272956387,2.94667225698634,3.037631738566427
1778752942268964988,0.6366900947286257,2.947319086762295,3.0412405640532953
1778752942302176772,0.6302384900540987,2.947937351669879,3.0459126850252978
1778752942303287850,0.6252281708452594,2.9483889695893324,3.0507832113793256
1778752942319919562,0.6214141145426441,2.948740503339931,3.055280840544077
1778752942336053424,0.6172619857007086,2.949091949916515,3.0591510244738926
1778752942352953507,0.6123357611570047,2.9494829125505273,3.0627438898055503
1778752942385428678,0.6067923049509848,2.9499070115505313,3.0664702840884366
1778752942402135633,0.6008735492258614,2.9503048402216905,3.07057312857101
1778752942403969248,0.5961491664540198,2.9506126004916844,3.0742868924977587
1778752942419836632,0.5910848311573944,2.9509512701870255,3.0780337976002694
1778752942436798553,0.5854633193340557,2.951292012596932,3.0819248390545644
1778752942453084516,0.5794648296919388,2.951601718236084,3.086344738585304
1778752942469777544,0.5731538249717563,2.9519175063392455,3.0917598936025703
1778752942486367907,0.5678576462534061,2.95199370560088,3.096894960328072
1778752942503180834,0.5622308784031749,2.952239086806198,3.102425956052448
1778752942519508335,0.5564404929486526,2.9524350651123674,3.1072837920327685
1778752942536811817,0.5517720521449258,2.9526369029026025,3.111993325711135
1778752942553020613,0.5466738780421899,2.9527829692606593,3.116629901740547
1778752942570451287,0.5409744627492713,2.952903025741371,3.121499975145137
1778752942586020854,0.5348999184054505,2.9529748771556976,3.127348191360978
1778752942602753127,0.5285524547405605,2.9530260622287745,3.133599699729947
1778752942619899289,0.5220362458129068,2.953031188605705,3.1402827307161805
1778752942652116378,0.515436543760312,2.9529949263566793,-3.1359264787855423
1778752942668753800,0.5101130576486623,2.9529266755458305,-3.129251974284089
1778752942668923243,0.504496540229475,2.9528492257307706,-3.122624281785751
1778752942686889438,0.49837282549775613,2.9526927286555846,-3.1158333261564684
1778752942702860731,0.49196365772564604,2.9524826779563282,-3.1085574114794694
1778752942735469236,0.48542067530442906,2.9522188988568088,-3.101008978808184
1778752942736213204,0.478836621794476,2.951900807623363,-3.0932623381193975
1778752942753024638,0.4722336719089214,2.9515293323727194,-3.0853622944512327
1778752942769844819,0.4656285146815123,2.9511044538690494,-3.077335614991154
1778752942786269926,0.45903068542337944,2.95062473060965,-3.0691960017548974
1778752942802791518,0.4524475755846887,2.9500911077498593,-3.060934900218583
1778752942819428179,0.445879663547309,2.949504538413425,-3.0525698719263397
1778752942836303735,0.4406057292845213,2.9489884801003337,-3.0445005985858895
1778752942853221141,0.4350380084973644,2.948431752378657,-3.0365578910230044
1778752942885477044,0.42893943450729005,2.947744506218043,-3.0285521359824696
1778752942886976592,0.42262689502339723,2.9469735832747705,-3.0199887415219053
1778752942902233092,0.41623345375310083,2.9461326584709675,-3.0111159620698653
1778752942935465035,0.4098003587573924,2.94523074417274,-3.0020779430666327
1778752942937487671,0.403386270443341,2.944268249609369,-2.9928545329285217
1778752942968807058,0.39692752111346485,2.943239049275718,-2.9836939897433448
1778752942970052773,0.3905123396785988,2.9421559160909547,-2.9744666703184697
1778752942986987001,0.38411378078093733,2.9410141127380345,-2.9650294245946314
1778752943002774874,0.377723732171944,2.9398103107039057,-2.9554772753744953
1778752943020586965,0.3713336141355405,2.9385445198788727,-2.9458202151915542
1778752943035884985,0.36494866287768785,2.9372133963632976,-2.936041278993359
1778752943068820202,0.35982995700131226,2.936092052378851,-2.926414429814407
1778752943085449509,0.35443557633627726,2.9349223887109877,-2.9169781328920226
1778752943086507916,0.34855647177829535,2.933515818678257,-2.9074341619224473
1778752943103140349,0.34245455001357644,2.931999832841454,-2.8976771076962597
1778752943119806025,0.3362745657911766,2.930396675721653,-2.8876847461068915
1778752943136509143,0.3300670764310581,2.9287191636575765,-2.8775339075964648
1778752943168788400,0.3238516390975742,2.926970611971238,-2.867255447038493
1778752943169311928,0.31763826542019474,2.9251519627969897,-2.8568774063697395
1778752943202188343,0.3114610623627155,2.923273667248122,-2.846483150695267
1778752943203324809,0.3064932371699466,2.9217058294823124,-2.8362947701286223
1778752943235556706,0.30141759563927145,2.920099968984346,-2.8270221676581424
1778752943252206803,0.29569572527084476,2.9181739417136767,-2.8175596904038342
1778752943253276652,0.2898352061799293,2.9161446005136415,-2.807896599642722
1778752943269774599,0.2840044257091982,2.9140594350526525,-2.7984172794194975
1778752943302216426,0.27786373913836565,2.911800581110087,-2.7886205482970827
1778752943303006782,0.2720256579667663,2.909586677945727,-2.779473271900902
1778752943319887188,0.2671148845976478,2.907666868365099,-2.7705806385239136
1778752943336057099,0.26347807503768345,2.906245792926916,-2.7619826765862827
1778752943353227838,0.2610155046139503,2.9052582398432882,-2.754468876515417
1778752943369763226,0.2581165830910289,2.9040237110476044,-2.747219318465853
1778752943402129689,0.25446415884242785,2.9024658012677875,-2.7400399563698032
1778752943419205176,0.25003875268830966,2.9005249282313432,-2.7322786943659096
1778752943420264756,0.24505849578569017,2.8983047911296356,-2.723629563341191
1778752943436395493,0.23972608663612216,2.89587239040302,-2.714278495932576
1778752943454380443,0.23397877592472488,2.89318631351686,-2.705079463266691
1778752943485517393,0.22824713758609627,2.8904468127689014,-2.695492636275752
1778752943486308010,0.22250874205406135,2.887635317351155,-2.685629492901827
1778752943503008072,0.2167724089665516,2.8847518170973934,-2.6755889220018463
1778752943519718383,0.21104887158295735,2.881800114336308,-2.6653454777225254
1778752943536651299,0.2053328805100041,2.8787759235813657,-2.6549142666346404
1778752943568776412,0.19964160863071545,2.8756859007634272,-2.644377088873363
1778752943585561276,0.19397673054673378,2.8725343354899198,-2.6337791308336675
1778752943602168400,0.18834205840640872,2.8693197928541867,-2.6231359518930537
1778752943603137006,0.1828680932631091,2.866116032250152,-2.6124555262390365
1778752943635489864,0.17720317720446357,2.8627250946077964,-2.602393940754556
1778752943652176851,0.1727010376177939,2.8599636727315842,-2.592602157995366
1778752943653191344,0.16801281738218288,2.8571090051835895,-2.5827687988751213
1778752943685494447,0.16301642119120952,2.853912800375239,-2.572480004498409
1778752943686886230,0.15901963916263215,2.851280018981251,-2.562200997124718
1778752943703261453,0.15614114845011304,2.849369311093951,-2.5524856270018708
1778752943735653895,0.1530228783335022,2.847304384237436,-2.5430103765051464
1778752943752164225,0.14943824798377178,2.844807980156859,-2.533839990615628
1778752943768849499,0.1455812999298872,2.842073471208294,-2.5249350811541396
1778752943769416580,0.1415536842580087,2.839166066967694,-2.5163397998226413
1778752943786212364,0.13737282150420924,2.8361010061547614,-2.508142169526461
1778752943818904258,0.13424325436289083,2.8337337773675806,-2.499960640692606
1778752943819708992,0.13089916474919855,2.8312452022643804,-2.491927477027462
1778752943852453065,0.12722712088135085,2.8284112980034077,-2.4834948980413776
1778752943854268224,0.12335694163370962,2.825366383109369,-2.4752178421765185
1778752943885474807,0.11932132962248417,2.8221409374893938,-2.467295947348853
1778752943886579002,0.1151510713661721,2.8187611517202877,-2.459840818830344
1778752943902860245,0.11088816158595347,2.815255110810357,-2.4529173848617534
1778752943919625551,0.1065397632863612,2.8116328200900793,-2.4465494889482993
1778752943936366411,0.10324494022287944,2.8088413964157173,-2.440343829800783
1778752943968820130,0.0997310534132566,2.8058833321159664,-2.4340711431648905
1778752943969584227,0.09590992107107839,2.8025684706819747,-2.427405188826362
1778752943986299949,0.09187251545733725,2.799029268070204,-2.4209667392666256
1778752944003000992,0.08768661354715132,2.7953152372621513,-2.41488504315925
1778752944019555196,0.08452833261168095,2.792461190500709,-2.4088590678219046
1778752944052125067,0.08237626824008042,2.7905172203896003,-2.4031517612543576
1778752944069189764,0.07990913203779129,2.7882569933480865,-2.3974462836808264
1778752944069813412,0.07813000681469211,2.7865581646913937,-2.3922052008068144
1778752944102318961,0.07601708493118728,2.7846494354384093,-2.387106908636003
1778752944118989035,0.07335455980347566,2.7820723366818423,-2.3817531574846753
1778752944135529753,0.07018102463647846,2.779014221063652,-2.375727335577044
1778752944153406448,0.06661720255467059,2.7755469518976406,-2.3692138478054203
1778752944168821791,0.06396747637128467,2.7729064190038555,-2.362661360722294
1778752944169200312,0.060976694977284064,2.7699625337355673,-2.356457436462246
1778752944186849473,0.057612258614183356,2.7665489173952387,-2.349772787955775
1778752944219322359,0.05400119041143538,2.7628413765973048,-2.3430451673912023
1778752944235511117,0.05023299276134848,2.758916102180634,-2.336637516781927
1778752944252185289,0.04640769701160235,2.754890757705036,-2.33063692805081
1778752944268908254,0.0424071346235232,2.7506329185537024,-2.3254378494563785
1778752944269680376,0.03835043607578327,2.746282160796846,-2.320588564912247
1778752944286097308,0.034262176426930566,2.7418527612341763,-2.3164344772237477
1778752944302827367,0.030144283281585464,2.737363314304989,-2.313112810439756
1778752944319714005,0.025746579605110106,2.7325389731405276,-2.3101958468702644
1778752944335581690,0.021442669091306616,2.7278003546141645,-2.3079161159794146
1778752944353387098,0.017096723971457506,2.722996457803625,-2.3059141706334074
1778752944370210876,0.012732376796285918,2.71815395836804,-2.3040209773017386
1778752944386152482,0.008367292673874097,2.7132928631202318,-2.3022291761562546
1778752944418774082,0.004008633176515966,2.7084207932054842,-2.3004637560835413
1778752944419899387,-0.0003488521698681453,2.7035334631380743,-2.2987399131826876
1778752944452289265,-0.0046979997304572975,2.698639447736247,-2.2970153344537203
1778752944453036769,-0.009044066053530996,2.6937301699835503,-2.2953153925764203
1778752944485648640,-0.013381317289745946,2.6888151600209937,-2.293600016025717
1778752944486351590,-0.017713098052517688,2.6838886996538056,-2.2918990915726187
1778752944503209924,-0.022035588226340313,2.678955552853652,-2.290186317598911
1778752944520125286,-0.02635380400551856,2.674007619165081,-2.288485714107747
1778752944552189804,-0.030663917706818176,2.669055861438382,-2.2867805839570754
1778752944553066224,-0.03496832471495164,2.6640907456848852,-2.285085280002249
1778752944585639912,-0.039263200123282445,2.6591218042451996,-2.2833891295518134
1778752944602272636,-0.04355331692095793,2.654144274246261,-2.2817042484570393
1778752944618862377,-0.0478303267622976,2.6491605302535506,-2.280002558718437
1778752944635581796,-0.05210139035125474,2.6441653353074006,-2.2783547824949486
1778752944652198920,-0.05636769535305232,2.639161551802015,-2.2767230304194412
1778752944653092833,-0.06062638280762493,2.634147269092321,-2.275130362020573
1778752944685541624,-0.06487720678121157,2.629129639456686,-2.2735603561500057
1778752944686463050,-0.06912566044024013,2.624099609314855,-2.2720471787077736
1778752944718950935,-0.07336840223903969,2.6190609895148875,-2.2705673226504373
1778752944735591152,-0.07760495489494204,2.6140137795068483,-2.269134792081748
1778752944752183449,-0.08098656466142432,2.609978386890849,-2.2676934810746476
1778752944768889141,-0.08457780197794403,2.605686697329168,-2.266317132019969
1778752944785538126,-0.08850379292210887,2.6009676703892133,-2.264882241150514
1778752944786361956,-0.09170590281945092,2.5971146996346333,-2.263552384357644
1778752944818897852,-0.09515655670895605,2.59295731620488,-2.2622195647221157
1778752944819915482,-0.09899807428179912,2.58830161128542,-2.2607593075397676
1778752944852193637,-0.10302369041618342,2.5834062693068613,-2.258198495511032
1778752944853122537,-0.10704290207685857,2.578480879186332,-2.254542457907132
1778752944869637767,-0.11108700699514006,2.5734711175244396,-2.2499472188255187
1778752944902637988,-0.11513714762908522,2.5683965129224973,-2.244605756423036
1778752944903826143,-0.1192296144676604,2.5632122844864713,-2.2385453466412732
1778752944919688758,-0.12329303592371658,2.557991782924779,-2.23222780611026
1778752944936657362,-0.12733003692679987,2.552733580750208,-2.225658634517294
1778752944952836851,-0.13054022239482255,2.5484929504366405,-2.2192815338302387
1778752944969464275,-0.13392139296373448,2.544016005810395,-2.2130877481878537
1778752945080003863,-0.1366299769420821,2.5403651221481613,-2.2075376194301217
1778752945080040222,-0.13850687255483124,2.5378295564095756,-2.2024758408083587
1778752945080053928,-0.13966001914426568,2.536246831431542,-2.198158365043101
1778752945080067544,-0.1411002222743172,2.5342500655482247,-2.1942453525390406
1778752945080079878,-0.1430780108595761,2.5314657069392523,-2.190763838823473
1778752945080092862,-0.14554585015233487,2.527975240022629,-2.1868671440376763
1778752945102289581,-0.1484321199245705,2.523858214108604,-2.1820998748243783
1778752945103187944,-0.15165254123666186,2.519217052114284,-2.1764001466285747
1778752945119473656,-0.1550875090936657,2.514187991701245,-2.1697931329221034
1778752945152170549,-0.15865416368756988,2.5088834710091876,-2.1625846163603017
1778752945152898456,-0.16226080372328847,2.5034316536245704,-2.1550792667917804
1778752945169556548,-0.16585775931426472,2.497901623731572,-2.1473864387342703
1778752945186853127,-0.16941852266296098,2.4923305441006307,-2.139531349452477
1778752945203033588,-0.1729354536180505,2.486727465837886,-2.131533404291026
1778752945235500823,-0.1763796448405382,2.481143854071866,-2.12356044686761
1778752945236553169,-0.1798153514594996,2.4754748786184733,-2.115187437407715
1778752945268903502,-0.18317594852880964,2.469811538644221,-2.106705915086471
1778752945270170607,-0.18584961344149675,2.4652264901187864,-2.0986260964424344
1778752945286589733,-0.18781450299732735,2.4618498844952486,-2.0909927487295072
1778752945303377572,-0.1899968896514235,2.4580028909728644,-2.0834935270837924
1778752945319308217,-0.19248187942920214,2.4534848590685465,-2.0759286815449762
1778752945352167420,-0.19529310244074752,2.44828723293696,-2.068026423044601
1778752945353244994,-0.19823177274321163,2.442768365242663,-2.0595989364911365
1778752945385642727,-0.20117512967722823,2.437112173758027,-2.050558773240786
1778752945402217580,-0.20408972592156083,2.4313801319651756,-2.0412295765362996
1778752945418973047,-0.2069590790021618,2.4255989237653925,-2.031759781789151
1778752945419900856,-0.20978676777952798,2.419767122770858,-2.0221592096337435
1778752945436349298,-0.21256300694500316,2.4138928239404587,-2.0124285701619744
1778752945453026446,-0.21528731710230303,2.407978410908942,-2.0025780380572344
1778752945469519152,-0.2174214055965881,2.403216787441198,-1.9929072422663263
1778752945486117701,-0.21898662772301117,2.399702391968701,-1.9837458826181245
1778752945518882002,-0.22069635401805104,2.3957480420650348,-1.974614208465545
1778752945519558902,-0.22267190665612147,2.3909690697232624,-1.965544767297085
1778752945552215358,-0.22483576652639578,2.385612864239075,-1.9559930788452193
1778752945552928207,-0.2265529099631416,2.3812226934320178,-1.9463988550811313
1778752945585557982,-0.22778753334417953,2.3780459946820387,-1.9374427868575204
1778752945602145880,-0.22913647574495782,2.3745542381281926,-1.9286818811122948
1778752945602893185,-0.23064806756253647,2.3703955734183504,-1.920213221134627
1778752945619547790,-0.23225282583441828,2.3658760501210567,-1.9117957811403823
1778752945636482449,-0.23390460455310477,2.3611048108325106,-1.9036574944069693
1778752945653115413,-0.23559192490632597,2.356111883083233,-1.8959169711854995
1778752945685514508,-0.23729279792222316,2.350944448438852,-1.8886862245862917
1778752945702142773,-0.23900409310561088,2.3456292061898782,-1.882000860395079
1778752945718805974,-0.240268569098452,2.3415756377342283,-1.8754768362824807
1778752945720330580,-0.24113365326793107,2.3388023943966285,-1.8692773507737201
1778752945752168526,-0.24210053157528702,2.335620141835242,-1.863013457745013
1778752945752335214,-0.24325163493534097,2.331669439603336,-1.8564462846627443
1778752945770462797,-0.24454215911944124,2.3271476467712815,-1.8493115177994766
1778752945802217344,-0.24590464019652297,2.32225304997047,-1.842149697109137
1778752945818870967,-0.24729531783996264,2.317096225057983,-1.8352954108489905
1778752945819565731,-0.24871723037245927,2.3117320118445583,-1.828890706530067
1778752945836625138,-0.2501450429961567,2.306212833252435,-1.8230015892151772
1778752945868853057,-0.2515794687108374,2.3005410742905914,-1.817642513769848
1778752945869958765,-0.25301524761953054,2.2947296035082494,-1.8128621360195039
1778752945886735753,-0.25410405382247425,2.290222836975263,-1.8082972493164644
1778752945903035081,-0.2552685326057408,2.2854305320134882,-1.8035827854903799
1778752945919260117,-0.25612561902601105,2.281728400059949,-1.798407598557586
1778752945952755362,-0.25708117745727854,2.277614394023684,-1.7931913141405909
1778752945953541200,-0.25812736047367846,2.272850562966016,-1.7874659603667244
1778752945969952291,-0.259239610359484,2.2676547933029547,-1.781522210984369
1778752945986201884,-0.2603776961273446,2.2621772424704383,-1.7757483077651866
1778752946003210784,-0.2615257885375311,2.2564989545945555,-1.7703742415153487
1778752946019942496,-0.26267620737918057,2.25066426670817,-1.765491596462879
1778752946052271358,-0.263826783791661,2.2446927266481596,-1.7611276792646648
1778752946068854577,-0.26497822456468045,2.2385919646286347,-1.757308518722138
1778752946069751998,-0.26612836705687903,2.2323758064440926,-1.754011549859057
1778752946086553803,-0.2670350691124381,2.227414880741857,-1.7510409030612573
1778752946118877996,-0.2679931241077135,2.222167434905976,-1.7478488307673592
1778752946135511411,-0.2687217073455959,2.2180488757239085,-1.7441656069611808
1778752946136323899,-0.269519206628424,2.2135093484820008,-1.7403078991834684
1778752946168941291,-0.2703844612972144,2.208305187897222,-1.7359786746224444
1778752946169394294,-0.27129717852730567,2.2026757429884256,-1.731545991880646
1778752946186899851,-0.27198174777490564,2.1982710305901767,-1.72707039980566
1778752946203006582,-0.27274019783837794,2.193480641828154,-1.722868001614073
1778752946236857445,-0.27354680033396483,2.188071373526507,-1.7183972636249178
1778752946252146206,-0.2741477140374702,2.183847762947726,-1.7137825275214615
1778752946253073424,-0.27482088093478924,2.1792031881557783,-1.7094297482543868
1778752946285555928,-0.2755360564797014,2.173891566158098,-1.7048778952141255
1778752946302182169,-0.27627623671126744,2.1681937346250666,-1.7003369528061059
1778752946303571658,-0.27702337434194313,2.162252247161079,-1.696016769354376
1778752946319538321,-0.2777668918411541,2.156141955058411,-1.6920788468941563
1778752946336229396,-0.27833222958314346,2.151343237479788,-1.6882451791306121
1778752946352831481,-0.2789391807711887,2.1462284246177252,-1.6844079125043356
1778752946385459793,-0.27955767381446467,2.140610084687562,-1.6802009997909104
1778752946386587393,-0.2801827176243748,2.134688483672785,-1.676067007596577
1778752946403193395,-0.2808039369507199,2.128568990697603,-1.6722370009755663
1778752946419643170,-0.2814179277854526,2.1223083454983853,-1.6688062525530376
1778752946452216147,-0.28202298505985596,2.11593849422042,-1.6658193541999207
1778752946468893906,-0.28262194238189176,2.109483282003435,-1.6632239442904806
1778752946469577639,-0.28320926196332025,2.1029884788627524,-1.6609311512837974
1778752946486208178,-0.2837849218487233,2.09647411194656,-1.658843754448078
1778752946502765869,-0.2843493901369332,2.0899473343567094,-1.6568995487205749
1778752946535587389,-0.28490218279070745,2.083414821259752,-1.6550551767641204
1778752946552181680,-0.2854437659546323,2.076885156267835,-1.6532494430831668
1778752946568811277,-0.28597248443264833,2.070346893373567,-1.651487478962487
1778752946585503113,-0.2864909509221194,2.063809095500142,-1.6497364233912044
1778752946602182846,-0.28699798089505174,2.057264608720428,-1.648012066724435
1778752946603128178,-0.28749404316434857,2.050720109299558,-1.6462902313289618
1778752946619859299,-0.287978669001892,2.0441693978097155,-1.644581671400462
1778752946636390218,-0.28845208539657763,2.037621534424948,-1.6428715934923466
1778752946652847758,-0.28891287615786443,2.031065073413106,-1.6411802125156214
1778752946685496759,-0.289285819681127,2.025844132916258,-1.6394510998834115
1778752946685923322,-0.28966724394771354,2.020298952711013,-1.6377341462702582
1778752946703117656,-0.290062399618815,2.0142154388241855,-1.6359273787810737
1778752946719677922,-0.2904688763589857,2.0078267620011876,-1.6342826672885284
1778752946736281970,-0.29087214630365255,2.0013236404884025,-1.6326507561258568
1778752946768851180,-0.2912682473917987,1.9947636479731177,-1.631277499376391
1778752946769486852,-0.2916512944184921,1.9882960274134531,-1.629320563844526
1778752946786381144,-0.2920272602374805,1.9817144347520543,-1.6279642733844477
1778752946819653183,-0.29240188164230635,1.976465601110029,-1.6264368232520197
1778752946819673351,-0.2927127973522222,1.9708640728154359,-1.6250223079609236
1778752946836471039,-0.2930343242831,1.9647437575786981,-1.6234684139551427
1778752946868809239,-0.2933647703143768,1.9583323433434332,-1.6220717854715954
1778752946885776089,-0.29369033179798265,1.9518169729077395,-1.6206768978122499
1778752946902314783,-0.29400902686498076,1.9452589176044233,-1.619295392873646
1778752946903549577,-0.2943196343337243,1.9386839252493635,-1.6179545331017062
1778752946935500899,-0.2946223838552793,1.9321012944372296,-1.6166386967115998
1778752946952271044,-0.29491679203293486,1.9255155545674123,-1.6153651242184792
1778752946953238368,-0.29520261971814943,1.9189274206204445,-1.614118005823023
1778752946969916267,-0.2954805798637137,1.9123392776052677,-1.6129141130362452
1778752946985562370,-0.2956995561871632,1.9070740521797895,-1.6117189353687964
1778752947003253581,-0.2959286946499961,1.9014733833034045,-1.6105695754989733
1778752947035486049,-0.2961651426852347,1.8953217371502056,-1.6093541764004629
1778752947052154360,-0.296406921204446,1.8888904319613076,-1.6082581243672842
1778752947052854985,-0.29664166347863946,1.8823570754433474,-1.6071751061219623
1778752947179110138,-0.2968740628815013,1.8757893839261026,-1.606091672399345
1778752947179135206,-0.297056314090682,1.8705317455709296,-1.605045995856339
1778752947179148712,-0.2972480191417113,1.8649324640613694,-1.6040268487045037
1778752947179161747,-0.297445614969627,1.8587724284712792,-1.602928814953195
1778752947179173840,-0.2976468701889371,1.8523341624320266,-1.6019504524301118
1778752947179185903,-0.2978413264280124,1.845794560593527,-1.6009787948726855
1778752947179199459,-0.2980339142272418,1.8392234853270617,-1.6000076662725635
1778752947186264686,-0.29818565064816005,1.8339636660318859,-1.5990848268565085
1778752947218901975,-0.29834350615967314,1.8283591002953008,-1.5981757252217068
1778752947235479503,-0.2985060620838881,1.8221925870123457,-1.5971864559113358
1778752947236440545,-0.2986710838408917,1.8157490339982605,-1.5963086334644847
1778752947253445959,-0.2988017579380485,1.810559762373075,-1.595459619094736
1778752947285498634,-0.2989378594878954,1.8050054779165106,-1.594593585519071
1778752947302137489,-0.2990772608642725,1.7988630182382666,-1.593634277346015
1778752947302166274,-0.299191290524848,1.7938420510572313,-1.5928276807176365
1778752947335798760,-0.2993103147392484,1.7884176851292504,-1.5919735559517187
1778752947352171368,-0.299431730513049,1.7823655654223887,-1.5910213680382288
1778752947353602275,-0.29955641093471197,1.77596464286479,-1.5902123990523225
1778752947369478466,-0.29967861097377047,1.76943902444922,-1.5894144919878095
1778752947386111511,-0.2997757194161922,1.7642053682511079,-1.5886229577375006
1778752947403332695,-0.2998746693203005,1.7586148013256395,-1.5878296204623223
1778752947419618458,-0.2999742829771647,1.752448215495553,-1.5869583214261749
1778752947452135097,-0.3000532849120814,1.7474100417925786,-1.5862255785986674
1778752947453704869,-0.3001370430460367,1.7419682306492796,-1.5854547509055752
1778752947469469007,-0.30020463901992883,1.737517030731711,-1.5846263314870894
1778752947486319335,-0.3002524963828286,1.734470809683149,-1.5840948515821327
1778752947503078630,-0.3002918593252787,1.7309339130822592,-1.5835940866424538
1778752947535495459,-0.3003467929947695,1.726504871512975,-1.5829295523444695
1778752947537594840,-0.30040555583341905,1.7212361235636926,-1.582099085340112
1778752947568785543,-0.30046652341039054,1.7152957525720889,-1.5812291772068219
1778752947585511383,-0.30052845729481675,1.7089317125973025,-1.5804752158398137
1778752947587249567,-0.30058698600165534,1.7024179417311842,-1.579725527355385
1778752947603273820,-0.3006412885826487,1.6958481375904082,-1.578957578484471
1778752947635442226,-0.30069084697642157,1.689257108713974,-1.5782132082117086
1778752947636514740,-0.30073540768148455,1.6826582062588717,-1.5774751100750475
1778752947652966018,-0.300775441739787,1.6760564375615192,-1.5767626511088737
1778752947685681636,-0.30081071016010824,1.6694522791839403,-1.5760566581790187
1778752947687402847,-0.3008414490988331,1.66284787716688,-1.5753785355598129
1778752947703274700,-0.30086813458415645,1.6562437088965862,-1.574709599576878
1778752947719640565,-0.30089029131830086,1.6496385817314787,-1.574063691794518
1778752947737273946,-0.3009085403718745,1.644355005124292,-1.5734674298720652
1778752947752860074,-0.3009251391308609,1.6405038463894075,-1.5729955334425352
1778752947769648434,-0.30093063944816073,1.6361453197894502,-1.5724803630864659
1778752947785935819,-0.30093591848257273,1.6309439826977377,-1.5718381137731225
1778752947803474209,-0.30093793817990383,1.6250543269540796,-1.5711766012396022
1778752947819760302,-0.3009371492140489,1.6187069039965887,-1.5705924674906153
1778752947852167683,-0.30093010765114575,1.6121954417427566,-1.5700154242264504
1778752947853591907,-0.3009277922439972,1.6069666777415568,-1.5694734915147568
1778752947885534423,-0.3009194575175568,1.6013728877165505,-1.5688998477572194
1778752947886983194,-0.30090392973777574,1.595193532981694,-1.5682498624440244
1778752947903187501,-0.3008807617957287,1.590058443510617,-1.567576842235385
1778752947919917940,-0.30086169971464105,1.584509225500053,-1.566758482065527
1778752947936180619,-0.3008301249726332,1.5784178287721602,-1.5661678396959249
1778752947968992791,-0.30079630177309247,1.5720191076920678,-1.565763171369819
1778752947985471792,-0.3007602875968407,1.5655059430679488,-1.5653832527276539
1778752947986179821,-0.30073105179275733,1.5602571208653264,-1.5649239770340306
1778752948002845297,-0.3006972235454391,1.5546482810761357,-1.5644070666094532
1778752948035522322,-0.30065452738978465,1.548459119858838,-1.5638133345313914
1778752948052140217,-0.300604512009567,1.5420007754508582,-1.5633010269389496
1778752948068877219,-0.3005524596288619,1.5354492069681565,-1.5627989342686537
1778752948069232216,-0.3004973471978484,1.5288625874044486,-1.5622868799089895
1778752948086813287,-0.30045241408161616,1.5235803684859779,-1.561860435914833
1778752948118840724,-0.300401211971361,1.5179448057731715,-1.561396789040653
1778752948135518804,-0.30035915619981557,1.5132691274391739,-1.560934729160409
1778752948136220501,-0.3003324018476551,1.5100044288298902,-1.5606575351936556
1778752948168853042,-0.30031534431969975,1.5080467529168997,-1.5604886622904721
1778752948169592862,-0.3002796502403369,1.505713546010309,-1.560284497909172
1778752948202218920,-0.3002521568293688,1.502469112142053,-1.559952944512811
1778752948218894445,-0.3001999579285449,1.4983191354334209,-1.5595282025656252
1778752948235512210,-0.30014136891160437,1.493300830317688,-1.5590438105421018
1778752948237074748,-0.3000693215227355,1.487547464722456,-1.558538933324021
1778752948268849523,-0.2999897745477029,1.4812688540040757,-1.5580400334521582
1778752948270053909,-0.2999236505482181,1.476168762576534,-1.5576452704759207
1778752948302153674,-0.29987948750018356,1.472494202092213,-1.5573465736765746
1778752948302597610,-0.2998206503750315,1.4683115543654148,-1.5569659394579787
1778752948335478323,-0.2997487355158903,1.463270822529135,-1.556479219981712
1778752948352166593,-0.2996619256742815,1.457500750607023,-1.5559826946176192
1778752948368810938,-0.29956617649058864,1.4512128228834593,-1.5555028628381056
1778752948369634458,-0.2994625556382416,1.4447207996480336,-1.5550470671010392
1778752948402228294,-0.29935734986614415,1.4381570105453345,-1.5545829970989256
1778752948419041632,-0.2992478828918596,1.4315662752141456,-1.55413209309967
1778752948419806801,-0.29913580522859773,1.4249652848681345,-1.5536804013239436
1778752948435842476,-0.299047002825048,1.4196830153861861,-1.553323564532073
1778752948468814624,-0.2989851600811737,1.4158336735896369,-1.5530567195849643
1778752948469449434,-0.2989057811128444,1.411476956508043,-1.552702488962429
1778752948486221252,-0.29880925578897416,1.4062752636582074,-1.5522545547344573
1778752948502912858,-0.29869754869763215,1.4003869073456672,-1.55180601699465
1778752948535460436,-0.29857468980228025,1.3940388668533983,-1.5513914288971162
1778752948536255191,-0.29844629699463465,1.3875267878917577,-1.5509910686141046
1778752948553172136,-0.29831439666215936,1.3809551002029674,-1.550582449070613
1778752948569570843,-0.29818001930582355,1.374463756773788,-1.5499261133259272
1778752948602153829,-0.2980358216831186,1.3678045552346854,-1.5496923460669794
1778752948603536695,-0.2978979334951531,1.3612569409366513,-1.5494155425738039
1778752948619532695,-0.297786037437026,1.355946749844433,-1.54907666040012
1778752948652078279,-0.29766260521337257,1.3503010902928114,-1.5488314748812084
1778752948668773342,-0.2975245758484559,1.3440834473644203,-1.5484636960385139
1778752948685481168,-0.2973768164967002,1.3376183145724538,-1.5480890359901136
1778752948702290979,-0.2972597917335174,1.3324137370696785,-1.5477572787037919
1778752948702924096,-0.2971303245276692,1.3268338741331638,-1.5474109650039851
1778752948719718357,-0.2970271587663282,1.322223213679261,-1.5470968703228851
1778752948752147860,-0.2969066484172393,1.317146663021096,-1.5467929542629997
1778752948752909011,-0.2967652625905566,1.311357216277318,-1.5464352019419774
1778752948785527605,-0.29661040682464584,1.3050508621849042,-1.5460965120186814
1778752948802157283,-0.29644599556066265,1.2985535236703267,-1.5457564041920415
1778752948802369597,-0.29628023280165877,1.2919887110948138,-1.5454176047161083
1778752948835637008,-0.29611068523744594,1.2853971912587088,-1.5450742918626073
1778752948852194177,-0.2959394791417778,1.2787966095989798,-1.5447340011845019
1778752948868834445,-0.29580513575764245,1.273517625488653,-1.5444953700874342
1778752948869913582,-0.29565594142315677,1.2678826650871167,-1.5442052453468103
1778752948902267631,-0.2954888229426505,1.2616668959805528,-1.5438497556799928
1778752948903335747,-0.2953117402333241,1.2552002988779694,-1.5435564554644283
1778752948919528642,-0.295131898274505,1.2486461989180624,-1.5432528490733113
1778752948952159629,-0.2949494711453314,1.2420591941929229,-1.5429548443102092
1778752948952881826,-0.2947634817448034,1.2354595491690612,-1.542649429078303
1778752948969459444,-0.29461698203563214,1.230177928441285,-1.5424533241543534
1778752949002157229,-0.29451294193981475,1.2263254385649667,-1.542337984840901
1778752949003206379,-0.2943861208815238,1.2219660441956008,-1.5421118915477245
1778752949019627679,-0.294235239537201,1.2167619045075637,-1.5418174775220255
1778752949036165502,-0.29406297626190603,1.2108710942110514,-1.54153294091083
1778752949053418127,-0.29392198763501914,1.2059800097270041,-1.5413821002245442
1778752949069582147,-0.2937655208732908,1.200656415814185,-1.5411339808234819
1778752949086040818,-0.2936400682383043,1.1963523361684794,-1.5409173489461458
1778752949118819767,-0.2935566340125117,1.1934456771739874,-1.5408385598862073
1778752949135548284,-0.2934515812037547,1.190058341087116,-1.5406403900480274
1778752949136171461,-0.2933208570872962,1.1857757130525133,-1.5403699084693918
1778752949168840010,-0.293162991143894,1.180632362092262,-1.5401031503710274
1778752949185546785,-0.2929820929238317,1.1747873182403796,-1.539818024676602
1778752949186436200,-0.29278530745915304,1.1684537360836116,-1.5395755318834645
1778752949203695167,-0.292580853076111,1.161946576247266,-1.539312437127146
1778752949219938799,-0.2923726567290941,1.1553769463884327,-1.539051370645682
1778752949236594646,-0.29216624185224455,1.1489167527833104,-1.539185964182147
1778752949252973596,-0.29195816731424196,1.1422407883082657,-1.5390143660103393
1778752949285447173,-0.29175037120676073,1.1357369624825917,-1.5390501566550476
1778752949302145281,-0.29158747398173906,1.1304090696200058,-1.5393999422941609
1778752949302963942,-0.29140755951801983,1.1247435562118808,-1.5393067887261975
1778752949335574901,-0.29126370615296704,1.1200627537522967,-1.5390369948222236
1778752949336826807,-0.29109964363071605,1.1149174882999482,-1.5389217657034617
1778752949352962623,-0.2909130163411945,1.1090783983132593,-1.5388320933990007
1778752949385508218,-0.29071098092854086,1.1027486248053573,-1.5387300829853328
1778752949402135581,-0.29050223560665445,1.0962414600230506,-1.5386345789684774
1778752949402993055,-0.2902909415433094,1.0896703960813445,-1.5385347865356425
1778752949435540513,-0.290078005288396,1.0830757267920328,-1.538455906019669
1778752949436548845,-0.2899107629511015,1.0777943205750888,-1.5384675706020166
1778752949468818624,-0.289727481553863,1.0721533604165177,-1.538401889316196
1778752949485462208,-0.2895257941319202,1.0659365977907003,-1.538301225778813
1778752949486574248,-0.28931509323608234,1.0594704387776375,-1.5382231893261793
1778752949503153249,-0.2891018722842363,1.0529167771826318,-1.5381418994179257
1778752949519802133,-0.2889331720685079,1.0476589727404166,-1.5381569977337937
1778752949552144641,-0.28874891883846454,1.0420337470983958,-1.5381033116506062
1778752949552975965,-0.2885457863903578,1.0358296190001124,-1.5380139531628805
1778752949569226710,-0.2883816325690612,1.030764462137905,-1.538042088330269
1778752949602320640,-0.2882670987565753,1.0271215302368686,-1.5381093167089448
1778752949603215696,-0.28812978284257273,1.022972885935064,-1.538066612519761
1778752949635480866,-0.28802820890164305,1.019877139973746,-1.5381082980796237
1778752949652257965,-0.2879682891823326,1.0180796320497654,-1.5381237252219382
1778752949668845663,-0.2878846873821295,1.0159409196145852,-1.5380693575736843
1778752949669696434,-0.2877971363703171,1.0128830983953332,-1.5380539259835917
1778752949685806201,-0.2876603280087458,1.0089146992440396,-1.5380033249268752
1778752949718865424,-0.2875026013039523,1.0040648419098235,-1.5379470654872904
1778752949735505662,-0.2873169245143291,0.9984347270423631,-1.537894913681627
1778752949752171629,-0.2871126130362811,0.9922179613926537,-1.5378110374462461
1778752949753862862,-0.28689881475100687,0.985751083552843,-1.537773296127702
1778752949785535513,-0.2866827327908664,0.97919694182299,-1.5377190939055574
1778752949787427229,-0.2864647828148499,0.9726082272233426,-1.5376847822563489
1778752949802946430,-0.28629348136368005,0.9673318231214567,-1.537738137043902
1778752949819702147,-0.28610661895963485,0.9616951503726161,-1.5377081135779704
1778752949836422568,-0.2859015891967397,0.9554823178035748,-1.5376530487053397
1778752949868819118,-0.285686358618567,0.9490162727788204,-1.5376362348028274
1778752949885495545,-0.2855175954608259,0.9438134237828839,-1.5377127500797028
1778752949886543492,-0.2853318618820724,0.9382311118075134,-1.5376967908800658
1778752949918836576,-0.2851277383687229,0.9320595267245477,-1.5376551041927127
1778752949935514145,-0.28496356157811586,0.9270142778004544,-1.537729735375427
1778752949936556962,-0.28478293156925194,0.9215551149852239,-1.5377273266368063
1778752949968844295,-0.28463715914020654,0.9170921058300495,-1.5377899517415474
1778752949970136197,-0.284473574461323,0.9121525962990016,-1.5377844513572103
1778752950002142985,-0.2842843905805174,0.9064632303326564,-1.5377578605420759
1778752950018798892,-0.2840770295722038,0.9002025921206378,-1.5377177182375301
1778752950019527441,-0.2838630108717913,0.893720216808785,-1.5377098278436445
1778752950036382508,-0.28364550563096885,0.8871595169233149,-1.5376950751888927
1778752950053147213,-0.2834275589939227,0.8805685373492163,-1.5377002238766595
1778752950085506472,-0.28320962247034254,0.8739684978748832,-1.5376887323651793
1778752950086896061,-0.28299145191114283,0.8673641665937543,-1.537680663839953
1778752950118835350,-0.28277232934254487,0.8607588805401646,-1.5376798064831851
1778752950137093662,-0.2825536841363001,0.8541531181993162,-1.5376772346050902
1778752950137111346,-0.2823819168102438,0.8488669383923511,-1.5377580311831824
1778752950152909728,-0.2821943499609667,0.8432216817566502,-1.5377599152606405
1778752950185532931,-0.28198885061900614,0.8370016960846476,-1.5377439617528066
1778752950202214387,-0.28177457562415975,0.8305343408580785,-1.537734524633163
1778752950218805852,-0.28155801799388414,0.8239791256956792,-1.5377305788010318
1778752950379178255,-0.2813398288223342,0.8173911260765292,-1.537720626791788
1778752950379200437,-0.28116923939484817,0.812117464610829,-1.5378153194364195
1778752950379212871,-0.28098190001510537,0.806481625777477,-1.537826123619283
1778752950379224383,-0.2808306526383254,0.801803318192385,-1.5379118978809418
1778752950379235614,-0.2807271273211821,0.7985385310972309,-1.5380302435163726
1778752950379247086,-0.28060390891207876,0.7947768566550834,-1.5379829057136964
1778752950379258538,-0.28045119173422495,0.7901312107435993,-1.5379122400566936
1778752950379270741,-0.28027057050772014,0.78466561063203,-1.5379084567119705
1778752950379282634,-0.28012625168188215,0.7801813838851895,-1.537986335024337
1778752950385521746,-0.2799624535589968,0.7752206548402835,-1.537999707009798
1778752950402145432,-0.27983582741532165,0.7713133026215413,-1.5380712382310573
1778752950418857046,-0.2796902224216928,0.7669097791353269,-1.538091814380807
1778752950419949198,-0.2795188815479443,0.7616663959836917,-1.5380465340140987
1778752950436378944,-0.2793242439418329,0.755744684671526,-1.5380563070548452
1778752950468973963,-0.27911652590094976,0.7493805723157132,-1.5380580191711724
1778752950469787143,-0.27889651781067337,0.7429220319748407,-1.5367916229948326
1778752950502131925,-0.2786668944710109,0.7365323835662264,-1.534263841767535
1778752950518866352,-0.27846784493169624,0.7315409770832113,-1.5315234199933039
1778752950535498895,-0.2782609731775152,0.7263061360519936,-1.5287053951625913
1778752950552171825,-0.27798326777492366,0.720674603809845,-1.5257491266762568
1778752950553393674,-0.2776975976073322,0.7147144021575031,-1.5222989631195445
1778752950585522083,-0.27737497094197006,0.7085484025389387,-1.5181658966478218
1778752950587048653,-0.2770117764842473,0.7022074760180583,-1.5133217885141563
1778752950618807759,-0.2766945902234634,0.6971137709416082,-1.5084427254630333
1778752950635458787,-0.27635272592275567,0.6917150998543224,-1.5036567492488078
1778752950636346829,-0.27593059294059574,0.685827339422477,-1.4988426856017114
1778752950668808704,-0.27545138504695,0.6796106145559837,-1.4936504438651201
1778752950685482987,-0.2749180607335838,0.673182707523196,-1.4879652788491349
1778752950686358375,-0.274335519072212,0.6666367264879132,-1.4818293694701752
1778752950702784214,-0.2738320949402466,0.6613651847946396,-1.475885906640944
1778752950719723572,-0.27329515475917987,0.6558028528188203,-1.4700115384072647
1778752950752229962,-0.27264885971346464,0.6497508019268863,-1.4641043480548863
1778752950768897031,-0.27192781143480005,0.643399687776232,-1.4577864449351998
1778752950785456204,-0.2711470935281976,0.6368978242085909,-1.4510939512796206
1778752950787027249,-0.27031136853253196,0.6303377230678079,-1.4441571723798947
1778752950818821651,-0.2694260699427499,0.623762305989524,-1.4370403591443093
1778752950819660029,-0.2684923729599861,0.6171865947085627,-1.429782889206276
1778752950852201225,-0.2675100318803368,0.6106167878289577,-1.4224086604543422
1778752950853205971,-0.26647880388887496,0.6040566997706404,-1.4149283688891545
1778752950869770474,-0.2656098883283299,0.5987818757879981,-1.4078288193172028
1778752950886130127,-0.26496778325336595,0.5948947910671301,-1.4011742222974068
1778752950902834427,-0.2641991911746947,0.5904910263651817,-1.3947030886870941
1778752950919689874,-0.2632376701826546,0.5852968003908997,-1.388280372065308
1778752950935587927,-0.26242760715149627,0.581088968091333,-1.3820847695450438
1778752950968912557,-0.26153390736266136,0.5764286398365487,-1.3759028137439773
1778752950970080182,-0.26078615429441476,0.5727643548697599,-1.3701189182287594
1778752950986124254,-0.25993714329622364,0.5686338445578268,-1.3643265703152696
1778752951003061007,-0.2588708776448359,0.5637153483342194,-1.3581268118381051
1778752951019922055,-0.25763201842018235,0.5581626977545022,-1.3510384241700755
1778752951052160264,-0.25658911967438985,0.5536607459957987,-1.3436964136187928
1778752951053125063,-0.25544585518029506,0.5487426378566713,-1.3363883826528808
1778752951068836480,-0.2540682453069335,0.5431767143253649,-1.3286721294038937
1778752951087018436,-0.2525418626539548,0.5372024464377905,-1.3202132394198098
1778752951118994565,-0.2512637628611181,0.5323908752753409,-1.3116940578789014
1778752951135476341,-0.24989379856831437,0.5272355176171601,-1.3032779988799656
1778752951152137348,-0.24827197678584542,0.521523996387724,-1.2946248581348254
1778752951168771194,-0.24651269591891706,0.5155178695796421,-1.2854793803616693
1778752951185514658,-0.24465982540391257,0.5094162674059041,-1.275996431231201
1778752951185538373,-0.2427297525921272,0.5032759524132762,-1.2663007571592653
1778752951203421580,-0.24073102523341294,0.4971270944243788,-1.2564524347780104
1778752951235585708,-0.238664348873728,0.49097815811758355,-1.2464844845058725
1778752951236734407,-0.23652971422963023,0.4848368920913003,-1.2363995066967943
1778752951252802224,-0.2343323543289626,0.47871426963883645,-1.2262287402436518
1778752951285553150,-0.23207226162391806,0.47261637042951604,-1.2159896703137911
1778752951286368784,-0.2297480104724685,0.4665393781201588,-1.205676521458194
1778752951302986509,-0.22736031465385412,0.46048424720856623,-1.1952987825555483
1778752951335769526,-0.2253941625554454,0.45565340554632355,-1.1850830754115005
1778752951336893679,-0.22334557446134032,0.4505728444474734,-1.1750629511045412
1778752951352970663,-0.22097655634814556,0.4450619258348209,-1.1649144201777235
1778752951369835709,-0.21845731567825696,0.4393657019240396,-1.1546256729075486
1778752951402195840,-0.21583493047243874,0.4335919922483013,-1.1442368553034765
1778752951402941301,-0.21367969627189043,0.42898206602957867,-1.1339845127367967
1778752951419567662,-0.21141986427249645,0.4241127388717668,-1.1238342665679828
1778752951436227447,-0.20881384521063698,0.41881958102806827,-1.1133994561324125
1778752951469935738,-0.20603567746620588,0.4133340592613986,-1.1027898651506096
1778752951469955866,-0.20313650942072878,0.4077493350439195,-1.0921795284338318
1778752951502400659,-0.2001481969067124,0.402104664993845,-1.081485813818674
1778752951503807300,-0.1970817385475201,0.3964877998300922,-1.0708393385233717
1778752951519651721,-0.19392727667661006,0.39085855468544456,-1.0600604281463675
1778752951536176288,-0.1907031741731482,0.38524699146997105,-1.0492668324397665
1778752951552874195,-0.18741323684053804,0.37966312815613273,-1.0384573513992643
1778752951569667384,-0.18406460529782168,0.3741167481426891,-1.0276469888862156
1778752951586698527,-0.18132978498400634,0.36970594879652097,-1.0170526003015443
1778752951603146268,-0.17848936644297542,0.36507651696218496,-1.0065693669521987
1778752951619514347,-0.17527713987465754,0.3601185924064194,-0.9957595321514762
1778752951636136480,-0.17188651077615283,0.35501621888564205,-0.9848433580680219
1778752951668823544,-0.1691255319287549,0.35096003726145114,-0.974205530205251
1778752951668881795,-0.16621655465025223,0.34665286853940896,-0.963597624013714
1778752951687388250,-0.16288884390103053,0.34197876759359863,-0.9526126880094912
1778752951719811982,-0.16018798318108282,0.3383042444508188,-0.9416639568960123
1778752951721060101,-0.15732080826348896,0.33434330791631756,-0.9308079699577733
1778752951737452627,-0.15397269482223727,0.32999236005430094,-0.9197857070568077
1778752951752883379,-0.15036789733216321,0.3253656234825035,-0.9084982405739614
1778752951770064838,-0.1474497873491581,0.3217347189864299,-0.8973929122475939
1778752951802216923,-0.14436532932519122,0.31784529605259343,-0.8862472879114975
1778752951803801273,-0.14082300847457993,0.31361392976200664,-0.8746466368200939
1778752951820058641,-0.1370405882042682,0.30919333988070946,-0.8628213766996692
1778752951852354529,-0.13306660488288996,0.3046638102601568,-0.8510834601066863
1778752951853488962,-0.12985967573808188,0.3011145889177153,-0.8395865439018466
1778752951869326379,-0.12650352229972156,0.2973446582437003,-0.8280569741372559
1778752951886335259,-0.12370050378379314,0.2943834854291287,-0.8165786305146704
1778752951902839528,-0.12167044041304348,0.2922612453763444,-0.8060260300368428
1778752951935673662,-0.11924213277527827,0.2897924815141197,-0.7955494103033569
1778752951952170296,-0.11616765803143975,0.2867431385147864,-0.7849485832989748
1778752951953460676,-0.11259657062624616,0.2832745598154176,-0.7736077805796734
1778752951969748762,-0.10861196892108115,0.27947684427070096,-0.7617059322263406
1778752951986561008,-0.10436933654692579,0.2755256472818829,-0.7497185330257772
1778752952003168653,-0.10098872995351352,0.2724847729262085,-0.7379499452307064
1778752952035510359,-0.09850840926857049,0.27026342775977963,-0.7269195618657583
1778752952036590989,-0.09568385666332371,0.2677890811838214,-0.7157477031552976
1778752952068834788,-0.09337838624486597,0.26588968364208204,-0.7054417542331375
1778752952070200050,-0.09075034280322977,0.2635837679780687,-0.6953740763518397
1778752952102190306,-0.08746959643642038,0.26098265287576167,-0.6843324495914797
1778752952118843579,-0.08488719890998876,0.25898887995410946,-0.6735548584628535
1778752952136429449,-0.08200360452051082,0.2566540594941576,-0.6627892877758544
1778752952136722908,-0.07850257622074681,0.25403826616196923,-0.6510611557903018
1778752952152967151,-0.07451413164830568,0.2510912242438123,-0.6387618568377568
1778752952169612659,-0.07012660273996553,0.24791424430671846,-0.6260996309447389
1778752952186384918,-0.06546930163949523,0.24463502942081278,-0.6134551426421444
1778752952203228914,-0.06062608114870331,0.24131530747797408,-0.6010305434091059
1778752952219510278,-0.05561385136925643,0.23796964151205632,-0.5888546902679925
1778752952252203183,-0.0504519124825477,0.23460949786718738,-0.5769202320751055
1778752952268946046,-0.04514740201637869,0.23124656728882365,-0.5652377036734713
1778752952269946543,-0.040874886552893175,0.22860735416876896,-0.553851133930719
1778752952302251539,-0.036475897221585556,0.22586559442426027,-0.5422062138131561
1778752952318830721,-0.03190849096016105,0.22318992097887225,-0.530839032849845
1778752952319773969,-0.027400824705597657,0.22061123360289756,-0.5205965162441244
1778752952336405379,-0.022845206951805343,0.21805859780965375,-0.5112400898040841
1778752952353022423,-0.01820733112497857,0.21550932427760833,-0.5026490767299031
1778752952385615628,-0.013452885775395924,0.21294501521685474,-0.4947484474646396
1778752952386608571,-0.008583065768751194,0.21036340702651968,-0.48751034833675355
1778752952403047174,-0.0035845298776083375,0.2077555436269334,-0.48093478096647846
1778752952419872334,0.0015415232341767042,0.20511653881517536,-0.47500911700838516
1778752952436280499,0.006785799202465336,0.20244890670107396,-0.4697241676802159
1778752952468872683,0.012151402282600738,0.1997564584066432,-0.4650717827807321
1778752952469848593,0.016328015570423474,0.19768741502450723,-0.4606762651616241
1778752952486581126,0.01921599199145409,0.19625440839022754,-0.4562376987131823
1778752952503263474,0.02248048654638194,0.19465991592628346,-0.4514085571487127
1778752952535590041,0.026423676461170807,0.192783664719601,-0.4458011593965473
1778752952536265909,0.03091376145059727,0.19067158307726412,-0.43960569875154215
1778752952569397561,0.03575274462454001,0.18843273736485838,-0.43337900493099274
1778752952585709563,0.04083530393228068,0.18611827058608899,-0.4274376579276852
1778752952586646409,0.04472334268627148,0.18438608786224567,-0.4215416912250254
1778752952603317916,0.04890326595673251,0.1825034841159799,-0.4157028134925316
1778752952635549642,0.0535898992500674,0.18046735072083187,-0.4093941423515941
1778752952652323214,0.05857325912652189,0.17834432931603367,-0.40316347425131416
1778752952653577144,0.06377470398796597,0.17616312079354537,-0.3972743112850763
1778752952685913009,0.06914824274724439,0.1739434477087877,-0.39186099770393085
1778752952702202278,0.07465717545065112,0.1716997766955674,-0.3869689823717971
1778752952703334225,0.08030340421840318,0.16942769481480585,-0.382617617933972
1778752952719482976,0.08607406034729564,0.16713186606452413,-0.3788141104758424
1778752952752228071,0.09195817833924336,0.16481397201461156,-0.37554610557560897
1778752952753222406,0.09794288381269507,0.16247450434137772,-0.37276945322637606
1778752952785581746,0.10398980426053152,0.16012507058142741,-0.37037822449460395
1778752952945839941,0.10881824585192931,0.15825602448080714,-0.3682191949491395
1778752952945867323,0.11229497617319334,0.15690697790300942,-0.3659448121092347
1778752952945877272,0.11621595137794286,0.1554119838603807,-0.36322970415369443
1778752952945887101,0.12084761323794668,0.1536732219903334,-0.35975045918585047
1778752952945896288,0.12452246031887776,0.15231560240826195,-0.35583976210790436
1778752952945905335,0.12864675866933864,0.1507813925513164,-0.35213320662075664
1778752952945914934,0.13348249022700487,0.1490284479748984,-0.34833145061192067
1778752952945924422,0.13882443064084435,0.14711219915373563,-0.34434499257046935
1778752952945946875,0.14302317721738228,0.14562880588967023,-0.34022315819824295
1778752952945956563,0.14760894702356758,0.14400227292797463,-0.3363629108484014
1778752952953619679,0.15282418358500133,0.1422003727217651,-0.3322829360719783
1778752952986566699,0.15839669608844587,0.1403024548055017,-0.3282418850745355
1778752953002208804,0.16419278773165566,0.13835456888586967,-0.3244249543530883
1778752953018918965,0.17014215023810048,0.1363787305237569,-0.3209666845740109
1778752953019798502,0.17620640880112753,0.1343848783271047,-0.3179354113618223
1778752953052226823,0.18236339393033169,0.13237577966398237,-0.31529823991944655
1778752953053055302,0.18856544330448147,0.13036817878230703,-0.31297917627696376
1778752953069856797,0.1947906260418341,0.12836710775215804,-0.31087171043451406
1778752953102258307,0.20103107797235428,0.12637460219754587,-0.3089125084745162
1778752953103545380,0.20728012486216738,0.12439245795146821,-0.30705666740497817
1778752953135474399,0.21353037712699377,0.12242175641551506,-0.3052415299737492
1778752953152218104,0.21979065371009246,0.12046058007496421,-0.3034741697120887
1778752953152847403,0.22605332750752183,0.11851060665209913,-0.3017187850923844
1778752953185579163,0.2323248337910551,0.1165701597984431,-0.2999884093417373
1778752953202315644,0.23732388646172248,0.11503076937539251,-0.2982367517876947
1778752953218850741,0.24248977448785614,0.11344266844472685,-0.29564467410930295
1778752953220017605,0.2479972696545881,0.11181197366313116,-0.2923757696613322
1778752953252312161,0.2538145920449485,0.11008018985885495,-0.28852022251893517
1778752953253299784,0.2584223813591328,0.10873127013871055,-0.28491638417857235
1778752953269984065,0.26334596820763895,0.10729257940326273,-0.2812458699020541
1778752953286469288,0.2687915621945696,0.105736819452864,-0.27745672332888216
1778752953302288701,0.27459234172547853,0.10413332399602208,-0.2731822313699324
1778752953335578864,0.2806514947129057,0.10246563451775241,-0.2683357107931044
1778752953336323604,0.2855392151119426,0.10114106848904325,-0.2636171297578563
1778752953352718283,0.2890659873762295,0.10018547435818921,-0.2593400147482152
1778752953369733496,0.29309331991604515,0.09912356457452101,-0.25547481050952126
1778752953402298758,0.29792868745752865,0.09788286307481525,-0.2520165148961292
1778752953403359029,0.3033792460004976,0.09649935493915623,-0.24836626740391643
1778752953419764519,0.3091956963597053,0.09504652206223145,-0.24479101152876104
1778752953436625497,0.3152295480168075,0.09356172891729422,-0.2414176477368685
1778752953452897042,0.32141024909578886,0.09206269980863528,-0.23837767185700662
1778752953469377155,0.32769584025625353,0.09055282096015498,-0.23571963781742297
1778752953502171794,0.3327231811064441,0.08935469435486554,-0.23325361322132365
1778752953518898546,0.33804560372224024,0.08808839750765296,-0.23068395679858192
1778752953519779666,0.34384453870829396,0.08674418455478276,-0.22774314086974382
1778752953536770762,0.34992189463306667,0.08535649690254067,-0.2248405934239775
1778752953568856450,0.3561687410580989,0.08394739462824705,-0.22218244413351007
1778752953585498331,0.3624997428295858,0.08253354619099192,-0.21976457645477482
1778752953586500381,0.36887795614965757,0.0811231004098419,-0.21756473283531805
1778752953603080614,0.3739711926573929,0.08000524496778369,-0.2154561165325335
1778752953619779724,0.3793676217858713,0.07882278621652358,-0.2132927151599064
1778752953637079218,0.38526321165234145,0.07756131237079356,-0.2108237457659692
1778752953669059455,0.3914403214303808,0.07625612183501077,-0.2084544800332662
1778752953669999106,0.3977673752155446,0.07493311548733997,-0.2062071413182839
1778752953702230912,0.4041554658103975,0.07361135009197063,-0.20409517601218852
1778752953703383910,0.41057312804463286,0.07229610712778632,-0.20210727764699735
1778752953719865796,0.4170034383626219,0.07099145921914962,-0.2002183589342944
1778752953736499621,0.42343566921958864,0.0696981339869916,-0.198380437573391
1778752953753317778,0.4298762579248121,0.06841624322100867,-0.1965900328843886
1778752953769366739,0.43631781257813235,0.06714496097551292,-0.19482260064302237
1778752953786905910,0.4414598211762971,0.06614387450029403,-0.19297543834441086
1778752953818883331,0.44519809034933056,0.06540988523500856,-0.1912888117882263
1778752953820009738,0.44761272519643314,0.06493765563958627,-0.19004524181434532
1778752953836317412,0.45047598457423077,0.06439743645781455,-0.18890162333962807
1778752953868847216,0.45422500706654434,0.0636831043448633,-0.18752435210179455
1778752953869844026,0.4588347859505125,0.06281912604360489,-0.18580227777502809
1778752953886500896,0.464195193816038,0.061824225148244386,-0.183879899647121
1778752953903236004,0.4685411175553293,0.06102516244325028,-0.18185790795794252
1778752953935578472,0.4732176569026504,0.060165637149338196,-0.1796299607849378
1778752953936717232,0.4784667824196213,0.059221409290315094,-0.17704294984654675
1778752953952855122,0.4841116461529227,0.058246684543089636,-0.17382688603577615
1778752953985584066,0.49006400990060517,0.05721963008764372,-0.17006444047489835
1778752953986354795,0.4962249814347118,0.05618494421075586,-0.16564873880280778
1778752954003125361,0.5025580991205776,0.05515804694601335,-0.16055254291191057
1778752954020176031,0.5090245138022775,0.05414899665840771,-0.1548245169623009
1778752954052873375,0.5155560525239941,0.05317074653563818,-0.14864537240695982
1778752954068832164,0.5221152927270047,0.052232161203693325,-0.1421591202244584
1778752954069836829,0.5286934169901754,0.05133611185066137,-0.1354666726525885
1778752954086229374,0.535285419581529,0.050483677130378025,-0.12863891585996423
1778752954103088218,0.5418886797456136,0.04967605215739569,-0.12171983627337832
1778752954119475374,0.5485003380994403,0.048915147577103635,-0.11472213786772689
1778752954136481809,0.5551127644524041,0.04819823036950541,-0.10763253751821496
1778752954153069016,0.5604264575095036,0.04763349071838156,-0.10095854137939557
1778752954169754880,0.5658784346212974,0.04707121428695192,-0.09523121664683988
1778752954186620738,0.571653047564578,0.04655005085001606,-0.09022735457124724
1778752954219236106,0.5776102983866707,0.04604012100311215,-0.0855811666149326
1778752954219503425,0.5837206279669014,0.045542889329667706,-0.08139560060348752
1778752954252160462,0.589947083119252,0.04505911367835789,-0.07770035305558444
1778752954269007664,0.5962891857601494,0.044588079343837496,-0.0744832315458822
1778752954285551869,0.6027266664277591,0.04412659103559134,-0.07173274698179663
1778752954287025798,0.609214941710236,0.043675415396530644,-0.06934778834507266
1778752954318995324,0.6157282647547836,0.04323529735921661,-0.06720560169476653
1778752954335481208,0.6222575758718889,0.042807439459035854,-0.06523389075433526
1778752954352172182,0.6274637777526629,0.04247802378755825,-0.06338373342662242
1778752954353138784,0.6329787063382407,0.042127152220084334,-0.0612935349710763
1778752954385508564,0.6373960554471286,0.04186015781317513,-0.0587084460843167
1778752954402214346,0.6422565986590297,0.04157393670961171,-0.05608459805397974
1778752954402985126,0.6478087895055686,0.04128012348268055,-0.05320030575824749
1778752954419823361,0.6538170785871041,0.04099150660697788,-0.050301846499638585
1778752954436403844,0.6586185766141825,0.04077532945892778,-0.047340608488692926
1778752954452931107,0.6638096122798421,0.040527589684936,-0.04463405114588096
1778752954485607891,0.6696169675695959,0.04028355029077289,-0.041741073304792646
1778752954485638349,0.6742520936541393,0.040105354272596816,-0.03880937572436764
1778752954521478173,0.677495628893992,0.03997918776021573,-0.03635553029298368
1778752954521516776,0.6812462739280555,0.039845761030694864,-0.03401581539266726
1778752954552267289,0.685867376318322,0.03970358240614507,-0.03146400138678881
1778752954553218001,0.6912261337135996,0.03955208969691692,-0.028599047520924868
1778752954569970262,0.6971241921507277,0.03940009459980078,-0.025652047437391905
1778752954602296819,0.7033322096466074,0.0392606168568153,-0.022777270373319933
1778752954603359896,0.7097223931937459,0.039133803761469015,-0.02012196397566558
1778752954619857872,0.7162053343921746,0.03901916231842437,-0.01769359564068558
1778752954636580597,0.7213822546018928,0.03893451723096975,-0.015351752962664743
1778752954652562340,0.725129641662756,0.0388717854115948,-0.013148174308741802
1778752954670322622,0.7293841575822233,0.038818721083286704,-0.011009554781846441
1778752954686171712,0.734452651215657,0.0387786660635196,-0.00851576221413155
1778752954703500271,0.7402018363488141,0.038746409554289735,-0.005771070964609527
1778752954720002105,0.7463480046802852,0.038728239026407915,-0.0031678621030716485
1778752954736349264,0.751286592519651,0.03871849370491086,-0.0004599138363089191
1778752954752584139,0.756587343993181,0.03871476826014783,0.002056673335533875
1778752954785635768,0.7624779815434555,0.03874171497970556,0.004654405615288846
1778752954802206092,0.7687033786967195,0.038787945401254374,0.007126013187025917
1778752954818815852,0.7751250130143731,0.03885063895193461,0.009537406435562671
1778752954835528658,0.7816289177240777,0.03892742359278145,0.011760601276339265
1778752954836173657,0.7868196028380924,0.038994635375713044,0.013894972992648968
1778752954853046809,0.7905845209041764,0.03904143676010188,0.015955256010537808
1778752954869288547,0.7930087984712574,0.039074762983356784,0.017527587862435537
1778752954902186443,0.7943024819998722,0.03909675613280913,0.018534919166082967
1778752954903056611,0.7947895827241871,0.039107281173033456,0.019024918037835768
1778752954919489203,0.7949684019273606,0.039111962650620655,0.01898938482177879
1778752954952817289,0.7950296766019994,0.039112845700596574,0.01887081930631815
1778752954952946044,0.7950435036906729,0.03911163766993018,0.018894383894763996
1778752954969415998,0.795042311710381,0.039111877462474506,0.018918235665901742
1778752955002269890,0.7950394522584302,0.03911295364272225,0.01892995840926717
1778752955002643462,0.7950339678570121,0.039112483126458514,0.018918175270657152
1778752955020215936,0.7950268154144134,0.039112252951758346,0.01892992807071485
1778752955036187529,0.795020616073265,0.039112260096912335,0.01890635579488704
1778752955052856842,0.795013941012941,0.039112625418769476,0.01891810452096687
1778752955069452164,0.795006788295542,0.03911215682564857,0.018906262773932456
1778752955086233260,0.7949996352384792,0.03911204586072207,0.01889445012582145
1778752955102864000,0.7949927210893771,0.03911205382994182,0.018894458864839262
1778752955120066159,0.7949855683214123,0.03911170444617212,0.01889439103317636
1778752955135877697,0.7949779388545989,0.03911147482121292,0.018894345462969336
1778752955168953772,0.7949712627512635,0.039111363306598264,0.018882506189924337
1778752955169784736,0.794964587295086,0.03911160941943868,0.01888252161910161
1778752955202104220,0.7949571965789122,0.03911126031011696,0.01889421768855424
1778752955218951572,0.7949495662264087,0.039110792267194716,0.018882423644796854
1778752955219334702,0.7949440830958105,0.039111037005858725,0.0188705448052249
1778752955236735459,0.794937407153371,0.039111044700436824,0.018870585401638267
1778752955252898257,0.7949292999212019,0.039110457997833956,0.01887061233139583
1778752955285606201,0.7949231016031435,0.03911082277016136,0.018870558929557055
1778752955302309499,0.7949166643444306,0.03911059177111378,0.01887051952449871
1778752955413740876,0.7949090344311979,0.039110362146489046,0.018858654915650662
1778752955413773388,0.7949021203796534,0.0391102509063224,0.01884672841996642
1778752955413789088,0.7948956822858165,0.03910966227996057,0.018858609941878057
1778752955413806461,0.7948892456471913,0.039109908117701646,0.018858505260506885
1778752955413824144,0.7948820926606157,0.039109797152722336,0.01884670046717928
1778752955413841387,0.7948751782801305,0.03910968591280214,0.018834811159645342
1778752955413859091,0.7948682639195667,0.039109693882180316,0.018834892006579625
1778752955435549184,0.7948615878775207,0.039109105530266496,0.01882289334734032
1778752955436311467,0.7948539589332374,0.03910947195148237,0.01883474766461984
1778752955453003664,0.7948479979106069,0.039108882775344356,0.018834687618950016
1778752955485559688,0.7948408455676147,0.03910924864713611,0.018834748986953562
1778752955486384941,0.7948341690556535,0.03910866029557436,0.018810988423160552
1778752955518880380,0.7948272552554134,0.039108787473846045,0.018822820148754704
1778752955535507322,0.7948205793635399,0.03910867595907295,0.0188109244283126
1778752955536263594,0.7948136649866292,0.03910844550983676,0.0188109355935802
1778752955553122929,0.7948069893261388,0.039108453204203635,0.01879899240961812
1778752955569606267,0.7948003127906819,0.03910786485265948,0.01881089848510326
1778752955602247654,0.7947941142376659,0.03910822962516292,0.018787128422522063
1778752955618823068,0.7947867230750725,0.039107880516175676,0.018798971076111143
1778752955620048494,0.7947802851891229,0.03910741109897141,0.018798942753436035
1778752955635529422,0.7947740870084646,0.039107895080509186,0.018775086722267482
1778752955668855815,0.7947664573935277,0.039107903874287586,0.01878704667877943
1778752955669897821,0.7947595423694591,0.039107315797596326,0.018787059251616136
1778752955686213510,0.7947542977581173,0.039107321842757864,0.018786926746229827
1778752955702855170,0.7947473827503956,0.039106972184680976,0.01877508532679966
1778752955735557003,0.7947399924122027,0.03910733833095594,0.018786924611323107
1778752955752371212,0.7947330776465875,0.039106750254071045,0.01877498897081043
1778752955752400929,0.7947268790736502,0.03910699581727609,0.018763086817266145
1778752955785501210,0.7947202026086806,0.03910640746567914,0.018774968476571757
1778752955802244835,0.7947130503126799,0.03910677333743568,0.018763113060076636
1778752955803062904,0.794706135778448,0.03910630446969074,0.018763031815275482
1778752955819729141,0.7946999366487614,0.0391063116146863,0.018763083176536535
1778752955852174014,0.7946925454626722,0.03910596250571666,0.01875108500909481
1778752955853131098,0.7946853930292714,0.039106209168262844,0.018751127809282116
1778752955885641886,0.7946791937529869,0.039105620266801686,0.018751019550710884
1778752955886259373,0.7946722792585974,0.039105389817653505,0.018751024165872265
1778752955903629823,0.7946656038024199,0.03910563593049392,0.018739121202889127
1778752955919872342,0.7946594046635355,0.03910516623824313,0.018739003688478296
1778752955952354375,0.7946522526224137,0.039105651319122026,0.018727101068744464
1778752955968848525,0.794645576063461,0.03910506296759548,0.018727104374461366
1778752955985580387,0.794638900168013,0.03910507066213838,0.018739086368179152
1778752955986608466,0.7946324629093001,0.0391048396630908,0.01872706485162982
1778752956003079381,0.7946248334082675,0.03910496766609717,0.018715128439372057
1778752956019523335,0.7946186341754,0.03910449797391679,0.01871507573759213
1778752956036652003,0.7946124356928713,0.03910486274636742,0.01871509450204021
1778752956068891073,0.7946057594122933,0.03910439360394563,0.018703130719069896
1778752956069918291,0.7945981297105222,0.039104163979162464,0.018715057726310377
1778752956086259198,0.7945921694147348,0.03910440926767307,0.018703112627444157
1778752956102741214,0.794586685365753,0.03910393875114528,0.01869114631996182
1778752956119644143,0.7945795327081181,0.039103827785919525,0.01870304324016507
1778752956136577970,0.7945723804626834,0.03910407444832487,0.018703058847589132
1778752956168894538,0.7945661808339625,0.039103485547127774,0.018691114822773826
1778752956170391020,0.7945595049890803,0.03910337403231948,0.01867912293764156
1778752956186216795,0.7945521138428338,0.03910326334194661,0.018691071332753172
1778752956202603570,0.7945459152065582,0.0391032704865725,0.0186670883843728
1778752956219699576,0.7945390009164816,0.039103278455897866,0.01866709803836159
1778752956236802566,0.7945332781674264,0.0391028082143814,0.01866710792133674
1778752956252952659,0.7945268414383926,0.0391029348428769,0.01866699314363459
1778752956268850662,0.7945199266186369,0.03910258518465918,0.01865509023267387
1778752956287609919,0.7945139661185365,0.03910259205469624,0.01865503492121469
1778752956302876247,0.7945077675057567,0.039102599199304526,0.018666971898257226
1778752956336664771,0.7945006144088513,0.03910224981578126,0.018654980238921655
1778752956352106674,0.7944939387447864,0.03910237671946411,0.018643031903420513
1778752956368780426,0.7944879779734604,0.039102025961764444,0.018654982744911505
1778752956385517468,0.7944817796084104,0.03910239073412706,0.018642952855819038
1778752956386642312,0.7944746261897133,0.039101802932218266,0.01863101273386911
1778752956418889147,0.794468188970843,0.03910181035176745,0.018630963073328934
1778752956435556256,0.7944617511753022,0.03910146014380876,0.018642968865694273
1778752956452140607,0.7944555526963479,0.03910170570694339,0.018642912826379542
1778752956453815089,0.794449353111044,0.03910123601502708,0.018618948503252165
1778752956469695348,0.7944426775210409,0.039101243709341135,0.018630903799415375
1778752956486141926,0.7944364785629736,0.0391010124355815,0.018618827545840478
1778752956502787694,0.7944293261060771,0.039101259098145276,0.018606861389073987
1778752956519797256,0.7944233651033679,0.03910078913130565,0.018606847312133926
1778752956552245755,0.7944166892314156,0.03910079682583095,0.01861887263200648
1778752956553040871,0.7944104907524614,0.03910104238896559,0.018606838852974483
1778752956569673985,0.7944040524507372,0.039100334553446206,0.018594857628691338
1778752956602336031,0.7943978542772279,0.03910058011635201,0.018606736975143454
1778752956602997742,0.7943916551511158,0.03910046805203157,0.018594767614897142
1778752956619642799,0.7943847400800557,0.03909987997537553,0.018582756479281003
1778752956652359009,0.7943785414637013,0.03910000632929979,0.018594729395378276
1778752956668963027,0.7943728192407508,0.039100012924642394,0.01858277904863601
1778752956685533843,0.7943656666066116,0.03909990195939904,0.018582717634877236
1778752956686690878,0.7943589908087211,0.039099790444555534,0.018582699926436942
1778752956702946613,0.7943523151788754,0.039099559720272827,0.018570620558161097
1778752956719528629,0.7943465929523503,0.03909968552493141,0.018582658501124696
1778752956752175076,0.7943403941388321,0.039099335041750165,0.018582568658396477
1778752956753729409,0.7943341946837792,0.039099222977676186,0.018570586403174497
1778752956785586831,0.7943275182622266,0.03909875383536,0.01855858163124778
1778752956786589493,0.7943217969719575,0.039098998848630453,0.01857055582156947
1778752956818883056,0.7943153590824336,0.039098648640742174,0.018546441135916046
1778752956819559125,0.7943086836461773,0.039099013962880964,0.018546452942744648
1778752956836362744,0.7951449195068224,0.039188172402341,0.018929795999167432
1778752956869017537,0.7956963988051083,0.039203510824135215,0.01945750060312151
1778752956885659989,0.7958890391652558,0.039201858275027826,0.019698899132060514
1778752956902248718,0.7968506940018845,0.039300289697127164,0.01994905421118493
1778752956902905951,0.7987089253078481,0.03909155806887843,0.020094947111898548
1778752956919577819,0.8013884148403267,0.039422375138528004,0.022150556219856572
1778752956936307046,0.8049402646774274,0.039327324538424545,0.0233473558511088
1778752956953250952,0.8093106541106356,0.039483815933838526,0.025419810208494396
1778752956969537275,0.814473536773837,0.03962973794588336,0.027848346163531025
1778752956986507912,0.8202954431392492,0.039807444526080725,0.030399726959397872
1778752957003100639,0.8264943208319392,0.040012492393183115,0.03280848692893421
1778752957035433138,0.8329089898913803,0.04023815317884263,0.03507746930858241
1778752957052187613,0.8394080791626071,0.04048052518332163,0.03721286025291656
1778752957053156299,0.8459448542009345,0.04073668203796762,0.03922969422465896
1778752957085546868,0.8525011952631306,0.04100628699962061,0.041139021461528355
1778752957102169382,0.8590606502548656,0.0412885245652244,0.042987352809601684
1778752957118762440,0.864280126680536,0.04151294032069208,0.044844659436640295
1778752957135672492,0.8698183947997087,0.04176071130183451,0.046734069959216244
1778752957137193361,0.8742987600591735,0.04197155462184475,0.048767165080988606
1778752957169929208,0.8792431199835716,0.04221297678696459,0.05067950995165295
1778752957169950859,0.8848927933763403,0.04251366753293834,0.052723079717978
1778752957186374965,0.8910219710031545,0.042854813625738016,0.054730251002994224
1778752957202949647,0.8974153411662994,0.04321770894409695,0.056601751148707205
1778752957235515450,0.9039145888526788,0.04359776758676151,0.05842279643393498
1778752957252268994,0.9091112819077659,0.04391304714128342,0.06031020482288786
1778752957253141477,0.914637250505614,0.04424594778814397,0.06212654478385601
1778752957285536454,0.9191212728011255,0.044527001211182714,0.06403468355627367
1778752957285967405,0.9222113960548526,0.04471930053589648,0.06551770654700029
1778752957318862686,0.9257979672699994,0.044963241360064216,0.06692289909387034
1778752957320207820,0.9300123502789612,0.04525461915560465,0.06806227490135469
1778752957336126633,0.9346800036729889,0.045579687601005815,0.06914238627352284
1778752957353390659,0.939631164405339,0.04592815194134843,0.0699384813550227
1778752957385576618,0.9447864296466142,0.04629330876138644,0.07021645126447217
1778752957386309535,0.9501145614426888,0.04667006806333804,0.0699052198987031
1778752957418794454,0.955851131073035,0.04706662219535679,0.07006981391735452
1778752957435459629,0.9621110779662378,0.04750966078289943,0.07089177540056962
1778752957436969677,0.9685737112480773,0.047977022885708084,0.071972324300073
1778752957452822003,0.9751031102308195,0.0484536063644714,0.07305042603622314
1778752957485590452,0.981665423396161,0.04894016549379125,0.07410978524576012
1778752957486679829,0.9869139422429857,0.049332632984997564,0.07512330251108264
1778752957518845098,0.9925034323994332,0.049753556140901406,0.07612049691065448
1778752957535584535,0.9986492165383557,0.050229389679911855,0.07719622844212568
1778752957536681686,1.0050715957543548,0.05073148810518853,0.07814608805482604
1778752957568940484,1.0115934168979746,0.05125147252898371,0.07910274581187837
1778752957569908028,1.0181452830898956,0.05177630990654523,0.08005392401493384
1778752957586247462,1.0233897836143242,0.052198941999558136,0.08095058365345398
1778752957603034690,1.0289781198339574,0.052652887480663706,0.0818376248355735
1778752957620062116,1.035126566535752,0.05316328866779186,0.08280896679525462
1778752957636348649,1.0415506560125525,0.053701267141806196,0.08366794360223856
1778752957653202584,1.0480710820082892,0.05425260523730935,0.08451850662492606
1778752957669676264,1.054629188674551,0.054812959814265524,0.0853716250274001
1778752957686221731,1.0611966013185719,0.055379979389816994,0.08620846633319332
1778752957702977268,1.0677697430049815,0.05595307203989542,0.0870641905478473
1778752957719077216,1.0730264455923288,0.05641252576389685,0.08787683772672676
1778752957737335818,1.0786272262469627,0.05690698808694107,0.08863974700319006
1778752957753306670,1.0847883576044304,0.05745969397955696,0.08946990382100257
1778752957785763115,1.0912186996973452,0.05804356085412708,0.09020369547484347
1778752957786649935,1.0963919653931788,0.05851228986819765,0.09087741731059991
1778752957818851804,1.1019319625965893,0.059018147140157615,0.09159771116141621
1778752957820038276,1.1080594950485008,0.05958638897679086,0.09241188176591715
1778752957836155506,1.1144776967747114,0.06018683994651145,0.09310255236503513
1778752957853003830,1.1209941391454104,0.0607990986206593,0.09379341114731887
1778752957869064854,1.1275477854423204,0.06141965906991157,0.09449417265149057
1778752957886773728,1.13279499343238,0.061915959432165914,0.09511060637531503
1778752957903134904,1.138084172247251,0.0624207944932466,0.09498667361587738
1778752957935545642,1.1435280967652912,0.06293546478215162,0.09430461742785122
1778752957936574432,1.1475632909354954,0.06331419115926364,0.09371941319423416
1778752957953225851,1.1521662148865888,0.06374471529312985,0.09398166239585388
1778752957969854988,1.1575431432113898,0.06425695940580081,0.09456662830138021
1778752957986402749,1.163561006938866,0.06483021522960704,0.0949469686487032
1778752958003123350,1.1698559472992647,0.06543140431692969,0.09498264898953841
1778752958035460246,1.1764124551816626,0.06605339197991522,0.0952839301327552
1778752958052282661,1.1829501342637576,0.06667993130134363,0.0955999399324128
1778752958052943381,1.1893612018450772,0.0672960069213253,0.09590488601867538
1778752958069611010,1.1947126163597763,0.06780804202127826,0.09612585555898298
1778752958086645179,1.2002128293128955,0.06834064804737434,0.09667074360306385
1778752958118890781,1.206258613272659,0.0689340180745573,0.09696969126601447
1778752958135793169,1.2127207094493222,0.0695587371618628,0.09736371039363417
1778752958136415024,1.2191971247726752,0.07019333412363514,0.09771171838620323
1778752958168870907,1.2257381594928862,0.07083560521389505,0.097993598590228
1778752958169274527,1.2323011340263692,0.07148214255382214,0.09829624750603286
1778752958186386163,1.2375593299035799,0.07199643086610896,0.09849271647073311
1778752958203176136,1.2431723421074872,0.07255203349796523,0.09874609622388265
1778752958219907457,1.24935762304324,0.07316622358948503,0.09905843709213186
1778752958236218938,1.255794469268868,0.0738081379299549,0.09932462565291957
1778752958252853505,1.2623195393904896,0.07445924891395025,0.09959018721669016
1778752958285433094,1.2675536617171297,0.07497881018582543,0.09978883750634715
1778752958286498294,1.2731490365141556,0.07554027440509295,0.10002957044176258
1778752958302812711,1.2793226442232868,0.07616139209504949,0.10034969351807412
1778752958319467696,1.2857554451547335,0.07681070207869149,0.1005726698804714
1778752958352239342,1.2922786175365943,0.07746980227788279,0.10081626534339468
1778752958369001071,1.2988346983537458,0.0781338713407776,0.10107090914445702
1778752958369972001,1.3040876659559268,0.07866282843152363,0.1012410915261795
1778752958386368023,1.307917583662105,0.07904524848043074,0.10132729121654933
1778752958418855577,1.3120834818030114,0.0794694813960108,0.10121311107049481
1778752958420038933,1.3168419176579607,0.07995347050380268,0.1010102771195177
1778752958452253055,1.322277779544197,0.08050498578106878,0.10112921715034125
1778752958452825516,1.3283352697464454,0.08112027683889993,0.10128304481918077
1778752958469883691,1.3347263499537871,0.08177106542248075,0.10142264365655221
1778752958502161194,1.3412335523059187,0.08243364110037767,0.10156209866364896
1778752958503554119,1.3464593398496445,0.08296239109999942,0.10157836304230157
1778752958519577671,1.3520504353285954,0.08353280095501993,0.10168739606139793
1778752958536266231,1.3582197602856956,0.0841629834926156,0.10183345034959225
1778752958568901155,1.364649471356115,0.08482052248410347,0.10195612460793471
1778752958585650962,1.3711695538840973,0.0854876132725087,0.10207405471584888
1778752958602231766,1.3777263584131378,0.0861595493193452,0.10218724621107608
1778752958603440420,1.3842948479376926,0.08683326003879914,0.10231181493073675
1778752958620199234,1.390867153656489,0.0875085160813979,0.10243162476514525
1778752958636531584,1.3974408906215983,0.08818424731189688,0.1025443990748341
1778752958653046944,1.4040148667081787,0.08886081273226197,0.10265476064245765
1778752958685534668,1.4105893207572788,0.08953821206737626,0.10276500733207188
1778752958685888081,1.4158489766479865,0.09007777108317888,0.1027902366755036
1778752958703596535,1.4214665457721398,0.09065756796422485,0.10287737951010749
1778752958719574681,1.426127221411696,0.0911345171878299,0.10292560270281775
1778752958736298227,1.4309729389678871,0.09163592947236665,0.10242704750229424
1778752958768968820,1.434609962808854,0.09200677012270722,0.10229336237247433
1778752958785505450,1.438744153067707,0.09243294693441506,0.10229109178166237
1778752958786488103,1.4418301296669804,0.09274994403871187,0.10221731786008867
1778752958818905333,1.4453901381910919,0.09311503219781626,0.10224727920039012
1778752958836230866,1.4498362152813618,0.09357220159351243,0.10232340172005057
1778752958852223780,1.4551225789841449,0.0941148292701201,0.1023440942016851
1778752958868955953,1.4610637147074,0.09472465159748246,0.10235791090981414
1778752958869659434,1.4674145038663078,0.09537727476076575,0.1023740698152668
1778752958886570317,1.4739078841374582,0.09604487316360313,0.10236026287856417
1778752958918939545,1.4804537210874913,0.09671658343287512,0.10237178015119505
1778752958919828149,1.4870186346711702,0.09739101352996204,0.102376389868222
1778752958952301476,1.4935897480010487,0.09806603252815804,0.10237408978571422
1778752958953092995,1.500163245962165,0.09874092956870285,0.10238559675907821
1778752958969670653,1.506738650921463,0.09941642045767345,0.10238330357561967
1778752959002149099,1.5119992571742935,0.0999527597252966,0.10229800868320539
1778752959002941710,1.5176165854541124,0.10053041111532082,0.10229337280673924
1778752959019975087,1.5238066599542834,0.10116605336835321,0.102309528164088
1778752959052249324,1.5302437658608303,0.10182680248959551,0.10231411330351066
1778752959068870405,1.5367676663094914,0.10249663069298519,0.10231642273909643
1778752959085479533,1.5433239957251463,0.10316987859057745,0.1023256496645649
1778752959102160008,1.5498941553825278,0.10384489868797375,0.10231411963536671
1778752959103072887,1.5564671764532545,0.10452003469678589,0.10230950558202555
1778752959119298966,1.5629858238586027,0.1051827163928559,0.10102666598234004
1778752959136436481,1.5693818963904276,0.10582038619200186,0.09845274261886665
1778752959152824478,1.575754571723958,0.10643018796638191,0.09469950606654189
1778752959168915298,1.5821882485538288,0.10701142839119335,0.08999337897024627
1778752959186691992,1.5887115371974634,0.10756324002512732,0.08452282070576404
1778752959218812676,1.5952891488456868,0.10808375619177463,0.0802403810255731
1778752959219485328,1.6018901106625782,0.10859423185679073,0.07775739382857313
1778752959236432551,1.6084738957395228,0.10909268717473578,0.07592875569594434
1778752959268801639,1.6149751688031964,0.10957574037726767,0.07434652128419256
1778752959269848665,1.6215832522191567,0.11005723995833151,0.07271528926493685
1778752959286515784,1.6279228418099925,0.11050876982493331,0.07098164348120212
1778752959303244259,1.6345786051276385,0.11097412119147501,0.07020448607564239
1778752959319760190,1.6411446849589362,0.11143242335271966,0.06977111189970957
1778752959335887379,1.6476988534232524,0.11188525561840879,0.06872050485994659
1778752959368838216,1.6542682707909893,0.11232984486165948,0.06755036219817982
1778752959385447986,1.6608453092676294,0.11276739196801937,0.06634920093530661
1778752959386409448,1.6674280608553977,0.11319694546187162,0.06516596918932115
1778752959418865332,1.6740122340842445,0.11361898712682872,0.0640161637284919
1778752959420079777,1.6805987833913043,0.1140338734910574,0.06290157525099749
1778752959436329600,1.6871858012599628,0.11444184517171349,0.06182408540566786
1778752959468817715,1.693778089845805,0.11485052604352891,0.060757806962995604
1778752959485534829,1.7003440816767488,0.11524016370623846,0.05978825363230366
1778752959502197549,1.7056039416175381,0.1155430918898969,0.05863065750782664
1778752959519655275,1.7112414883769853,0.11587407579176247,0.0577021093085591
1778752959520000052,1.7174298049491,0.11622469047077955,0.05670911015566606
1778752959552235495,1.723875147292644,0.11658394960554876,0.05579941458793422
1778752959553220783,1.72906202412048,0.11686443133816816,0.05470039379194684
1778752959568924686,1.7346246776499588,0.11716903708213292,0.05374889509414195
1778752959602160156,1.7407743405562046,0.1174937086708843,0.052740490450822956
1778752959603186672,1.7472115464320053,0.1178267511225928,0.05187517770201021
1778752959635580958,1.7537474565496174,0.11816099111016269,0.05099559564517542
1778752959636416511,1.7603215102184353,0.11849089559695049,0.05012411996393485
1778752959668878686,1.765583221723358,0.11874530343348319,0.04910028217760548
1778752959685509436,1.7694219680524663,0.11892779919483512,0.04813731988222718
1778752959702165273,1.7737690594013606,0.11914153794092856,0.04735239789840571
1778752959719184583,1.7770632252517158,0.1192941437865279,0.046509248909959465
1778752959719890869,1.7808447454438285,0.1194714602944478,0.04578345830705012
1778752959736141314,1.783593850721946,0.11959310389251532,0.045025386250793185
1778752959768931584,1.7851188574758832,0.11966465993567105,0.04455849438237624
1778752959785464417,1.7869495483428015,0.11976387784972675,0.04427061293853179
1778752959786213475,1.788144562538948,0.11981697916107002,0.044054893226382105
1778752959802846639,1.7896720158879882,0.11994229580976626,0.04395449388962154
1778752959819490824,1.7906719938836575,0.11998703884463481,0.04367875574729015
1778752959836373063,1.792081194842324,0.1201151143968134,0.04366808683862522
1778752959869216014,1.7944085959860538,0.12008119898581532,0.04297658614409076
1778752959870102504,1.7975608124711657,0.12036164167605169,0.042651025361578665
1778752959886223862,1.7997429713512842,0.12049526362454252,0.042175042998261865
1778752959919028120,1.8008469055103842,0.12054501284265985,0.041865887724656235
1778752959935565662,1.8023229146602775,0.1207172380677584,0.04199861872509901
1778752959952209296,1.8047131812519361,0.12061625453310308,0.04104304717806043
1778752959953196167,1.8079770032632345,0.12091933757638428,0.04078223537204469
1778752959968843652,1.810251205272214,0.12106501279171528,0.04028476882058277
1778752959987461008,1.812940058564778,0.1210391446373539,0.03934182259297283
1778752960002797811,1.8147683020928804,0.1210819793415335,0.03876670905328923
1778752960019886954,1.8169534221209365,0.12130285913474681,0.03859311833604613
1778752960036106260,1.8200499832711887,0.12128784594738469,0.0377196506807681
1778752960069397655,1.8240322946165464,0.12150093225397623,0.037101206818202635
1778752960069479772,1.828889543696303,0.12166496873357452,0.03618017208882554
1778752960102202404,1.8345088160250405,0.12186055185619454,0.03512412490638385
1778752960118798387,1.8391490895609632,0.12201196380929888,0.033873758444205586
1778752960119827268,1.8423888396749657,0.12211730625418993,0.03276714190116817
1778752960136358137,1.846126909666081,0.12224365123315792,0.03186261202147452
1778752960152906800,1.8507528694705861,0.12238637740087129,0.030939500450893633
1778752960185576601,1.8543316482225725,0.12248846805798733,0.029820433254323583
1778752960186320389,1.8584039784049224,0.12261359330357124,0.02884307878259443
1778752960218840615,1.8633436895348843,0.12274952053665777,0.02779099091647616
1778752960219637965,1.869026804477938,0.1228992536765874,0.026639339401354812
1778752960236285997,1.875238261834761,0.1230561264590368,0.0255006031871211
1778752960254442244,1.8816971991711593,0.12321295241616274,0.02445139794531099
1778752960285514260,1.888243391904616,0.12336645914922516,0.023405756921592136
1778752960302304814,1.893492542753985,0.1234796183611468,0.02216089798831002
1778752960319278156,1.8991002876890593,0.12360416598586522,0.02109355339847094
1778752960335621578,1.9052730827054125,0.12372663182330305,0.020005386229481163
1778752960352225296,1.911719105172176,0.1238480674837666,0.01901303648549858
1778752960353561763,1.9182600118811985,0.12396677117353148,0.0180440029574882
1778752960369841454,1.924839536602031,0.1240788738377411,0.017088572853035895
1778752960386033677,1.9314338365032457,0.1241854758409861,0.016135763227107587
1778752960418791136,1.9380333751760366,0.12428623054709262,0.015214860554186657
1778752960419833042,1.9446352911835627,0.12438102204466246,0.014331475819678727
1778752960436199577,1.9499129971609848,0.12444622617786671,0.013279667425105755
1778752960453167079,1.9538226259203033,0.12448475453212964,0.012180793013399248
1778752960468899546,1.9563751624172785,0.12450970747783427,0.011293068180912913
1778752960486869739,1.9593831089529734,0.12456131525529102,0.01058398809641196
1778752960502967693,1.9633017901303236,0.12459196535806988,0.010021095618273114
1778752960535450667,1.9681007316292287,0.12463960148984678,0.009292720721079617
1778752960536507462,1.9736797766757976,0.12468526559237791,0.008360527663094947
1778752960568871680,1.9798419920878028,0.12473073437145615,0.007355455519393824
1778752960585444830,1.9862888738245286,0.12477134508902331,0.00646885660897692
1778752960586175212,1.9928344551835546,0.1248081465547538,0.005606085981642066
1778752960618820667,1.9994167475332365,0.12483930286759351,0.00473853417396686
1778752960619635811,2.006016709161869,0.12487282301176125,0.003899831030452507
1778752960652152279,2.0113237339749346,0.12474594704958115,0.002617680867797789
1778752960653110536,2.016989528001452,0.12476242407882317,0.0018228722151015073
1778752960669764770,2.0231989050117485,0.12476814178001197,0.000813416421615364
1778752960686603165,2.0296624293389427,0.12476772529276746,0.00020437321595662172
1778752960703166486,2.0362155930365513,0.12476386762430117,-0.0007059776790507029
1778752960719456897,2.0428016537524725,0.12475472682714751,-0.0014908562663688584
1778752960736214789,2.0493996292784407,0.12474044629408516,-0.002164553998192207
1778752960752991216,2.0546767596345736,0.12472053560119775,-0.0030901802678500413
1778752960769784014,2.05852242858445,0.12470299006307575,-0.00397376765303974
1778752960786189695,2.0628749808340996,0.1246903439236382,-0.004654554855731662
1778752960803126848,2.0680753333490993,0.12466241548846772,-0.00539228228959377
1778752960819731308,2.073961841921913,0.12462594758178845,-0.006165815244328688
1778752960852225855,2.0788465143596406,0.12458765415456712,-0.007003587294942798
1778752960853287348,2.0841646353948136,0.12455255662619193,-0.0078038613392959165
1778752960870540323,2.090134575129705,0.12450121059601055,-0.008613563535822972
1778752960885855084,2.096513625386328,0.12443806813536089,-0.009316371256281968
1778752960903746908,2.103036679112307,0.12437309076588766,-0.01004353272395308
1778752960919852616,2.109611702030626,0.12430304670330372,-0.010789568573364171
1778752960952168202,2.116206269377504,0.12422773490171672,-0.011527772704369211
1778752960968786057,2.1228079835172298,0.12414752727859048,-0.012196302253227537
1778752961097151491,2.1294120769423626,0.12406290616653906,-0.012906823954255015
1778752961097181909,2.136018072256329,0.12397375290626914,-0.013558348565596276
1778752961097193692,2.142622631836771,0.12388019055412164,-0.014195591329620984
1778752961097202899,2.1479058892616063,0.12379756867142701,-0.01495927745127091
1778752961097213109,2.1535477267481404,0.12371369902482536,-0.01558357019473558
1778752961097224080,2.15975650383163,0.12361272503242351,-0.016261583290184036
1778752961097235511,2.166220856142935,0.12350370785572135,-0.016834448541137657
1778752961097245370,2.171426372176677,0.1234071088716788,-0.017577526993621872
1778752961102403782,2.175220946934176,0.12332596442194352,-0.018343308628576714
1778752961135853180,2.17773477249499,0.12327597929251999,-0.019010067638660425
1778752961152247799,2.1806896816610086,0.12323347279940293,-0.019458862443842834
1778752961152887368,2.184555303303851,0.12315069673945804,-0.01983237041643031
1778752961169495514,2.189304490802324,0.12305712711552344,-0.0203236106918519
1778752961202115931,2.1930041763017196,0.12297752254711168,-0.021032112708755237
1778752961203665324,2.1971992886143457,0.12289222094820608,-0.021611391343366884
1778752961235577942,2.2003396553018493,0.12282172491443985,-0.022242536783014855
1778752961279120678,2.2039601872169854,0.12274340367186193,-0.02272308586714733
1778752961279148371,2.208469514045291,0.1226393816676222,-0.02324731939035249
1778752961279175442,2.2138147089735933,0.12251162725484377,-0.02393775283294141
1778752961286458324,2.2198102850716905,0.12236357287766748,-0.024648693255506386
1778752961319658526,2.2261987558470318,0.12219921080507849,-0.025279546001194825
1778752961335528405,2.2313584452869213,0.12205831875579495,-0.026096009254976814
1778752961352300113,2.2369053234826755,0.12191459624663192,-0.02680304312281405
1778752961352814394,2.2430477416136907,0.12174563018972451,-0.027536026874012947
1778752961385537316,2.24948816813761,0.12156380366551284,-0.028178845717919596
1778752961402159399,2.256031106138984,0.12137554088989447,-0.028824039142995427
1778752961418790469,2.2626121857935058,0.12118198894040957,-0.029479717249262304
1778752961419628987,2.269208041912003,0.12098400921281817,-0.030095956449427183
1778752961436165697,2.275808185029684,0.12078185221625133,-0.030715514019940236
1778752961453649523,2.2824102308529275,0.12057456702428751,-0.03131427718007658
1778752961469237074,2.28901131674918,0.12036430270337721,-0.031893734473589376
1778752961486670724,2.2956143078619897,0.12015057911557502,-0.03247007982561744
1778752961502792453,2.3022168171814243,0.11993292217374768,-0.03304342891253178
1778752961535468386,2.3088202760350063,0.11971144943779469,-0.03359194035847555
1778752961536535670,2.3154246844789266,0.11948663774492713,-0.034116917685412175
1778752961568869521,2.3220247990296388,0.1192584931394616,-0.0346338924796399
1778752961569650990,2.327294100562677,0.11906657235049661,-0.03528266197020996
1778752961602218136,2.332925316418308,0.118868631580583,-0.03578186206747454
1778752961604113929,2.339131566173158,0.11864344433896148,-0.036307871356685735
1778752961635508780,2.3455924319566774,0.1184056850624748,-0.036772879944862544
1778752961636437971,2.3521429356548764,0.1181621004195908,-0.0372318294702564
1778752961652994860,2.358727767137061,0.11791406546421963,-0.037698030768393495
1778752961669949687,2.3653240388149417,0.11766279866988825,-0.038139050665612566
1778752961702157768,2.3719241220966714,0.11740866645754842,-0.038581268139764674
1778752961718808065,2.3785265856726006,0.11715095522072082,-0.03903090542160783
1778752961719816196,2.3838096894264225,0.11693541506881863,-0.03958078383500719
1778752961752183280,2.3894527979671127,0.11671326108944319,-0.04000650710915815
1778752961753211620,2.3956671240483094,0.11646231531533825,-0.040439762737902625
1778752961769775001,2.4007285025495286,0.11624989174832481,-0.040982345601666234
1778752961786546018,2.406202332985327,0.11602685999410857,-0.041405045880314635
1778752961803231482,2.41228790863484,0.11577189028955749,-0.04185269411937104
1778752961819958695,2.418705817576363,0.11549865613286993,-0.04223755027922316
1778752961836958899,2.4252400697949366,0.1152205195047859,-0.04264180729323297
1778752961868816572,2.431818185817597,0.11493792157273987,-0.043030776891300124
1778752961869753027,2.438410125777926,0.11465185063543534,-0.04341079755444096
1778752961886520196,2.443688438595804,0.11441652725043762,-0.04390435974214477
1778752961918826645,2.449328180797518,0.1141695816024364,-0.04428172262813665
1778752961919891915,2.455539615425316,0.11389229389049396,-0.044683388281367066
1778752961935662636,2.462001850514778,0.1136011272386982,-0.04504885450767361
1778752961953278683,2.4685518155032717,0.11330377979146826,-0.045411283372312025
1778752961969807679,2.4751342018690607,0.11300281869464192,-0.04577088862745124
1778752961986570620,2.480407730982633,0.11275414937404933,-0.04627567207627489
1778752962002980058,2.4860422135621767,0.11249457359524515,-0.04663873120849005
1778752962019569027,2.4922493397058108,0.11220298572481203,-0.0470093511426999
1778752962036170781,2.4987096502788413,0.11189680091080496,-0.047340912207214945
1778752962052777836,2.505258644691052,0.1115849110392161,-0.04767528204362198
1778752962070202509,2.5118400604877076,0.11126916909939889,-0.04801238859951033
1778752962085936539,2.5184343470991353,0.11095043209036495,-0.04837732184512929
1778752962103156401,2.5250329220459538,0.11062918674174081,-0.04870432312327204
1778752962135446278,2.531632925800103,0.11030591318726468,-0.049029105179824235
1778752962137397497,2.5382338802366413,0.10998049276818893,-0.04934186248639818
1778752962153056084,2.5448343559276276,0.10965292713250423,-0.049652544308946826
1778752962169610207,2.5514357829680825,0.10932369146897332,-0.049956402739022555
1778752962186134453,2.5567183462402956,0.10905236195572648,-0.05036989154578507
1778752962202997125,2.5623599534335577,0.10876905530049708,-0.05065492303301201
1778752962219563341,2.568575158137685,0.1084524241517865,-0.05096216570520371
1778752962252239865,2.5750373462455145,0.10812096478729147,-0.05123901483460774
1778752962252584171,2.5802412286063463,0.10784793782056484,-0.0516468470443261
1778752962269840674,2.5858256114901828,0.10756040558504061,-0.051934008691469545
1778752962302150208,2.591995509248342,0.10723858144417935,-0.05223365077654625
1778752962318869536,2.5984409974841642,0.10689796220650878,-0.05249904096283666
1778752962335569908,2.603631044463276,0.1066182754619834,-0.05290150256903963
1778752962337109453,2.60920349971544,0.1063246772965229,-0.053190909271721855
1778752962352911603,2.615365282832548,0.10599547152775096,-0.053483337960592535
1778752962385495109,2.6218064706744646,0.10564734705638702,-0.053742427661185914
1778752962402192035,2.628347311736594,0.10529398172228233,-0.054013783337591714
1778752962403149310,2.633592183668067,0.1050043374091386,-0.054409285869039786
1778752962419484946,2.637409015906543,0.10479060648704241,-0.054775181872460776
1778752962452255830,2.6398659978519117,0.10465247194318521,-0.055081085820832265
1778752962468910685,2.6427692839167194,0.10450190205320413,-0.055156225715861484
1778752962469662839,2.6465784881563668,0.10428913359818201,-0.055226927373318406
1778752962486359374,2.65127360130837,0.10402897160279449,-0.05546441596515457
1778752962518825347,2.654917351593799,0.10382342720234736,-0.05580146560163437
1778752962535609268,2.6590569872054544,0.10359561514098423,-0.05603654743562105
1778752962552154043,2.664058681761909,0.10331423814108097,-0.05628368080897941
1778752962569065648,2.669800377531104,0.10298921205471576,-0.056576884374348935
1778752962569749291,2.674595126103122,0.10270938488301319,-0.056975675633091714
1778752962586348030,2.679839512424661,0.10241223093930447,-0.05727812342228538
1778752962602980072,2.685749037056599,0.10207187182400576,-0.05757471035843779
1778752962619537000,2.6906491550787903,0.10178214803549081,-0.05797903374299724
1778752962652198175,2.695984605016279,0.10147416028902714,-0.05829285580928315
1778752962652938977,2.7019623051497725,0.10112370900764128,-0.05861329062514623
1778752962670397865,2.7083390866935453,0.10074645247556367,-0.0588906372429969
1778752962686158155,2.713490475244777,0.10043665031837451,-0.05931451947282453
1778752962702831776,2.7190328502114016,0.10010899294378708,-0.05962522733553697
1778752962719516659,2.7251683624647662,0.09974119361912832,-0.05994248165042136
1778752962752226867,2.7316009200968563,0.09935159423486631,-0.06022982213844413
1778752962753090172,2.7381359906416916,0.0989562738540021,-0.06053983549716857
1778752962769413005,2.7447115872308547,0.0985564960163065,-0.06084018751279559
1778752962802197364,2.7513010084247673,0.09815372201010587,-0.061139098347471464
1778752962819024839,2.756576353127145,0.09782529952925369,-0.061543206215285924
1778752962835635470,2.7622116900062292,0.09747905755492486,-0.06183073403878975
1778752962836543571,2.7668915047351144,0.09718529615010503,-0.062241975950882204
1778752962853129705,2.770160458478448,0.0969773227142901,-0.06260003608269941
1778752962885700928,2.7721220244902147,0.09685346826333385,-0.06277827954834865
1778752962886425459,2.7744593274567246,0.09672369710654787,-0.06287884465504344
1778752962903305143,2.777707767238228,0.09650692582184892,-0.06307171358308315
1778752962919350347,2.781861673999523,0.09624965259752064,-0.06331382934901066
1778752962937419247,2.7868809668385763,0.09592963147835847,-0.0635627000893838
1778752962969747087,2.792633580189494,0.09556167743559844,-0.06385610839480034
1778752962970787099,2.7974425961145144,0.09524893203368923,-0.06426565188286644
1778752962986242548,2.802702195720158,0.09491218304482818,-0.06458219943916176
1778752963018902631,2.8086226363248596,0.094527703881207,-0.06490470122906844
1778752963020133326,2.8135437025127867,0.09420874965297098,-0.06527753718783791
1778752963036136680,2.818971605741599,0.09385380606361209,-0.06549294700512577
1778752963068895300,2.8250207746678173,0.09345535024069258,-0.06579976894290172
1778752963069687240,2.829994749754812,0.09311988413653119,-0.06622271604896521
1778752963102116502,2.8353945174215283,0.09276390009142707,-0.06654804970944238
1778752963102877122,2.841419363988737,0.09236070392836253,-0.06686810582082915
1778752963135463584,2.8478099110010797,0.09192942968598909,-0.06715779372776669
1778752963152190246,2.8543291947735363,0.09148954319709393,-0.0674569781808778
1778752963153128645,2.859565878567684,0.09112909795642335,-0.06789435198227166
1778752963169273629,2.8651735193189762,0.09074879402498448,-0.06821155290921735
1778752963186246630,2.8713595122746223,0.09032478890404608,-0.06853788924681112
1778752963203075197,2.8778063117232207,0.08988021758574746,-0.06883097304029882
1778752963219688593,2.8830101323370108,0.0895210023317597,-0.06924090669083945
1778752963236382613,2.8867219498708594,0.08924373463134938,-0.06951815290355877
1778752963252943630,2.8909592731092935,0.08896061603769667,-0.06974444344044418
1778752963269797054,2.8941457217522544,0.08874177043519511,-0.07004621072877888
1778752963286128833,2.8978146829446003,0.08848279117958993,-0.07021220999268347
1778752963318833040,2.902367154504388,0.08816414258311069,-0.07037776272795375
1778752963335468027,2.9077492515961367,0.08778397940331384,-0.07065617838672526
1778752963352157749,2.913768824119789,0.08735623218892014,-0.07095738123070225
1778752963368833114,2.92015791106602,0.08689909119650377,-0.07123021087368998
1778752963369063843,2.9266752569237493,0.08643262325204447,-0.07151885680350532
1778752963402185435,2.9319090557692933,0.08605143890638844,-0.07192775576862184
1778752963403279591,2.937513333368882,0.08564896590882866,-0.07222361751796365
1778752963435491028,2.943695482632396,0.08520016966925188,-0.07252503843925756
1778752963436282487,2.9501393920955796,0.08473044850514903,-0.0727984785583147
1778752963468828382,2.956677227868598,0.0842527512629538,-0.0730840998295325
1778752963469711746,2.961923413706708,0.08386177747205653,-0.07349728350584754
1778752963486485738,2.9675382972972155,0.08344772899329776,-0.07392349954841099
1778752963502256548,2.973678345912626,0.08298992131490734,-0.07413070411137006
1778752963535537975,2.9801222435343804,0.08251078262392482,-0.07438194989538427
1778752963536855987,2.986658160425897,0.08202212033194903,-0.07469708905804112
1778752963568812439,2.9919019531609554,0.08162387752762496,-0.07509802853476762
1778752963585610016,2.9975119320951067,0.08120339734406272,-0.07537481732285632
1778752963602195209,3.0036978729419004,0.08073456956036065,-0.07567620885213525
1778752963618800219,3.0101436663721417,0.08024446142279637,-0.07594132015370911
1778752963619827717,3.016680048014323,0.07974590421727044,-0.07621188780738404
1778752963636574338,3.0232512378664897,0.07924384982147419,-0.07647186301704496
1778752963669003720,3.029828617110853,0.07873821200857856,-0.07674058992071497
1778752963669776073,3.0364126724207137,0.07822767891916695,-0.07701764848836289
1778752963702192300,3.0429957754831674,0.07771976953278072,-0.07727177172344588
1778752963718920365,3.049572193923524,0.0772098412891493,-0.07755026031315035
1778752963720063795,3.0561567201895463,0.07669716188690341,-0.0778151579537016
1778752963736406064,3.062744581886674,0.0761822136623187,-0.0780635560018722
1778752963768860565,3.069332919261086,0.07566595358655573,-0.07830499345926158
1778752963769996290,3.0759217314904306,0.07514838166023063,-0.07853339090781926
1778752963786394496,3.0825100650666806,0.0746294989824205,-0.07876113300137647
1778752963818818038,3.0890998268735896,0.07410823047125051,-0.07898511522873325
1778752963819895892,3.0956891104232582,0.07358577041761219,-0.07921457071956596
1778752963852164428,3.1022774385576444,0.07306188095272018,-0.07943118271891204
1778752963853115852,3.1075479033051687,0.07263666608906877,-0.07974737811215017
1778752963885616500,3.1131764464935117,0.07218815030671724,-0.07995346958651289
1778752963886292469,3.117850918536511,0.07180987561740136,-0.08025552671452653
1778752963918898478,3.1229869320510417,0.07139888242753335,-0.0804572257734436
1778752963919668275,3.1288133360519543,0.07092772722987065,-0.08067042004060213
1778752963936466033,3.1351289265689983,0.07041571543012655,-0.0808651302911849
1778752963953116079,3.1416180697985667,0.06988896005145405,-0.08107727024055866
1778752963969548491,3.1481706243596936,0.06935569427895409,-0.0812829143146128
1778752963986545679,3.154745586420724,0.0688191840266377,-0.08150289173398075
1778752964018892043,3.161329606430532,0.06828075598435898,-0.0817133447514454
1778752964020014372,3.167915532156455,0.06774101444245363,-0.08192028582004744
1778752964052158642,3.1745019327715296,0.06719960342202061,-0.0821237728102958
1778752964068787037,3.1810883316238994,0.0666566426818352,-0.08232087548310808
1778752964085506936,3.1876761598423973,0.06611260740988562,-0.08252042815594228
1778752964086319204,3.192946128007902,0.06567046538813824,-0.08281009285820674
1778752964102813834,3.19857417489975,0.06520490323816348,-0.08299968686587558
1778752964120732639,3.204775319985737,0.06468861260140726,-0.08318304600687557
1778752964136092275,3.211222964278814,0.06414986490792936,-0.0833602140869851
1778752964153717039,3.217758813743156,0.06360302852157593,-0.08354282911863485
1778752964169295753,3.2243266064940705,0.06305210219891291,-0.08374233235655597
1778752964186887474,3.229584646890502,0.06260377503801887,-0.08403920477592582
1778752964218812205,3.23341565154567,0.062274513902720215,-0.08431779983934833
1778752964221185589,3.237755403112535,0.06191200302021183,-0.0844553554151112
1778752964236136046,3.242936207914372,0.061473540049334204,-0.0845840875455288
1778752964253126932,3.248799297458328,0.06097563966939061,-0.0847528571701246
1778752964270095034,3.2551234403406384,0.06043703432296713,-0.08490950787665788
1778752964286076746,3.261615413819277,0.05988404962081781,-0.08508005181104085
1778752964302935861,3.2681650775307456,0.05932468032865466,-0.08527020388772534
1778752964319862885,3.273412143658982,0.058870405348168876,-0.08555609869720297
1778752964336246784,3.2790244384359672,0.058390794648404507,-0.08574236188801307
1778752964352597089,3.2852093526073993,0.05785854866391688,-0.0859254834241173
1778752964385587140,3.291652207374801,0.05730156745735988,-0.086099745962679
1778752964402273987,3.2981827916775512,0.05673721336250804,-0.0862875868379425
1778752964403232744,3.3047491336749157,0.05616876493475668,-0.0864722893648587
1778752964419521261,3.3113269173032664,0.055597799922849585,-0.08666215553928161
1778752964452324386,3.3179094676146583,0.05502563732306618,-0.08684326826425538
1778752964452865337,3.3244939239619087,0.054451684386163365,-0.08702395584686846
1778752964471746797,3.3310774245506383,0.05387677887551724,-0.08720985362797312
1778752964486499096,3.3376609245100823,0.05330091969083613,-0.08737597934735035
1778752964502934212,3.3429270500806076,0.05283422496825499,-0.08765211063893241
1778752964519833904,3.3485517275999532,0.05234160617497433,-0.0878173745298039
1778752964536290802,3.354747593211245,0.05179540007185907,-0.0879823074958615
1778752964553005261,3.3597986816317764,0.05134313911524241,-0.08825935547337221
1778752964569507826,3.365259816857492,0.050861914500868674,-0.08843160436038339
1778752964586257903,3.369726840058574,0.05046206360206709,-0.08868540490093146
1778752964603194516,3.3746687503283557,0.05002447202710903,-0.08886228949602917
1778752964620011670,3.378562675612147,0.049676303289388,-0.08910127475999716
1778752964652075306,3.3829524632186354,0.04928631658060281,-0.08926922797794644
1778752964653510201,3.388179487581858,0.048818117204636455,-0.08943687770490685
1778752964669416249,3.39407973230821,0.04828822588841825,-0.08963925414764591
1778752964686690916,3.400418142792778,0.047716225474348145,-0.08986540654878593
1778752964703424221,3.4069115088812345,0.04713033738131937,-0.09006407172070097
1778752964719542523,3.413461611197508,0.04653818500703951,-0.09025699335271821
1778752964752121211,3.4200317375536615,0.0459430293190302,-0.09045482059023396
1778752964752604923,3.426599954453253,0.04534620690061717,-0.09064755878621968
1778752964770005389,3.4331796132387096,0.04474698710717076,-0.09074574750209301
1778752964786349482,3.438448102774793,0.04426336192924482,-0.09097146712034819
1778752964802968539,3.44407275897873,0.04375131203386453,-0.09115442202565344
1778752964819894882,3.4502705071943254,0.04318471895830885,-0.09131331159530019
1778752964835941869,3.4567118910808508,0.04259269189268667,-0.09146392900847637
1778752964853079174,3.4632414808997027,0.04199305297087201,-0.09162223251072824
1778752964869720453,3.4684799277253355,0.04150731665163432,-0.09189600717233774
1778752964885798750,3.4740864597734142,0.04099242662082058,-0.09206929068707903
1778752964903584961,3.480268945229627,0.0404213211815603,-0.09222391468961703
1778752964919667125,3.4867022168778163,0.039824058253866874,-0.09237583962513794
1778752964936373118,3.493227985749614,0.03921917852375566,-0.09251424165378205
1778752964969272356,3.499788559351974,0.03861008635010112,-0.09266542097345275
1778752964971462751,3.5063624815436603,0.037998833022119885,-0.09283467071473238
1778752965002152538,3.512949411028336,0.037385657406489796,-0.09288505747565971
1778752965018798306,3.5194888696734163,0.03677742398095175,-0.09318513090800866
1778752965019529310,3.526075275123431,0.036161745554704194,-0.0932757940605951
1778752965036662206,3.5326257408658246,0.035549088713903755,-0.09354462003490534
1778752965052784797,3.53788849280802,0.03505152265317933,-0.09381273015090025
1778752965069761245,3.543512175988017,0.034523499823514235,-0.09397989294460324
1778752965086666167,3.549635048934739,0.03394507211282478,-0.09393871967530322
1778752965103225230,3.556114560476474,0.03333738467356564,-0.09414425005290789
1778752965135526118,3.5626331629884205,0.03271999621991038,-0.09436960542310267
1778752965136483823,3.5691922924523563,0.03209922319256351,-0.09447194919822785
1778752965153777076,3.5757647705326874,0.03147616980155634,-0.09460726443511007
1778752965169816488,3.5810251311723302,0.03097240760987595,-0.09484176300838296
1778752965186819868,3.586643086758001,0.030439384588418775,-0.09497405753710655
1778752965218862894,3.5928341328597533,0.02984919578301391,-0.09509854399314374
1778752965220011163,3.597882320848888,0.02936284428992108,-0.0953318160155636
1778752965236374262,3.6033381664935904,0.028842405890321984,-0.09547602391337574
1778752965268855363,3.6078113510648797,0.02841048056953454,-0.09569580330007094
1778752965269347681,3.610885651982805,0.02811248999805022,-0.095925071396114
1778752965286539761,3.6126821753480076,0.027940188351848225,-0.09600557269608025
1778752965303030854,3.614817714418236,0.027755575019749297,-0.09601312822739376
1778752965319778436,3.6162094489899417,0.02762450953537398,-0.09606848288928364
1778752965336415127,3.617883436288209,0.027461170617466685,-0.0961337230901116
1778752965353235818,3.6204757134396575,0.027213922769419783,-0.09615634470130517
1778752965370006494,3.6239776936472645,0.02687836514224896,-0.0962090242975793
1778752965402209956,3.6264750863404145,0.026636352660642085,-0.09638450288576951
1778752965403872235,3.6294020701753738,0.02636082403822382,-0.09642958727087948
1778752965419881069,3.633230640183623,0.025987577452124298,-0.09646967605318915
1778752965436453647,3.6379417423049727,0.0255336818036256,-0.09658217383456555
1778752965453084938,3.643452885938073,0.024999947427882536,-0.09670202257418387
1778752965469826208,3.6495671569257695,0.0244063900413705,-0.09683176213749267
1778752965486381093,3.6559808465718375,0.023781612319670676,-0.09697872024874167
1778752965518869498,3.661149172861927,0.02327390308787758,-0.0972348039240183
1778752965519600100,3.666703223706995,0.02273356274192067,-0.09738608942639487
1778752965536464445,3.6712908273463967,0.022282432043174892,-0.09761880408399287
1778752965553287491,3.6763432999228036,0.021789280678020863,-0.09776949465585728
1778752965585495502,3.682108559482767,0.021223543716374225,-0.09792488174321236
1778752965586518291,3.688391603633378,0.02060594992887867,-0.09806527583359312
1778752965618857993,3.6948629765447136,0.019968946366033066,-0.09822515676709583
1778752965619650604,3.701403004294125,0.019323876643953197,-0.09840193012654694
1778752965636427582,3.7066461769423578,0.018800941554832952,-0.09866398027316733
1778752965652575962,3.7122545716533324,0.01824742554158282,-0.09881552051600216
1778752965669805472,3.718437962292584,0.017634595779792917,-0.09897412694757549
1778752965702180131,3.724870706109171,0.016992987575354963,-0.09911789442025903
1778752965718829836,3.7313945169225677,0.016343764217088424,-0.09927358524231947
1778752965719714092,3.7379531312861176,0.015689732369596393,-0.09942662063132454
1778752965736088593,3.7445241412606447,0.01503389809439782,-0.09956974030789074
1778752965753148220,3.7510980103689056,0.01437663001124998,-0.09972715622895004
1778752965785536314,3.757675216238855,0.013718165988586191,-0.09987463761417868
1778752965802192772,3.762940314376531,0.013187457019220463,-0.10010630109336519
1778752965803522817,3.768563003139543,0.012624268571855727,-0.10023155693256285
1778752965819622003,3.774754487947232,0.012001058265631762,-0.10037589084100412
1778752965836137112,3.7811934209971247,0.011350979062367787,-0.10050321768695505
1778752965853014903,3.787718174738742,0.010692575495825888,-0.10063517167885902
1778752965869420252,3.794275825396013,0.010029961684493325,-0.10076696101526947
1778752965886197571,3.8008473021060953,0.00936542458739059,-0.1009200835589159
1778752965919385420,3.8074206844960243,0.008699216362748487,-0.10105866911187311
1778752965921030996,3.812684819520439,0.008160521475664477,-0.10129948054375612
1778752965936990546,3.8183055934555132,0.007590659510761328,-0.10143751674911428
1778752965952515047,3.8244956394435383,0.006960179091452586,-0.10154216678499947
1778752965969939610,3.830933609976762,0.006302590807276589,-0.10169646071004898
1778752965986127415,3.8374574011383715,0.005636439741243503,-0.10183156992996861
1778752966003447969,3.8440145660048923,0.00496607788085481,-0.1019688863937337
1778752966019794336,3.8505831726796425,0.0042935570641175255,-0.10211781185352604
1778752966037003608,3.8571551154183576,0.003619601889760416,-0.10225473664915463
1778752966052659269,3.863729918095286,0.0029448089534178656,-0.1023914845947605
1778752966069746619,3.8703042428638352,0.002268943683658933,-0.10252333001998123
1778752966086713439,3.87687999690453,0.0015920038822062497,-0.10265264947461873
1778752966103496018,3.883454319792895,0.0009145888927829539,-0.10278885265877433
1778752966119666990,3.8900291182139943,0.00023598126160302794,-0.10292018171297775
1778752966152224257,3.8966039160691475,-0.00044334162503274153,-0.10305601839453184
1778752966168938005,3.9018637470368454,-0.0009927603945252609,-0.10329448750452852
1778752966170172678,3.9074806946550145,-0.0015737044200539604,-0.10341813143414468
1778752966186608846,3.9136187573112626,-0.0022110390669894567,-0.10364491981309715
1778752966218865931,3.9200466962097895,-0.0028841130067516767,-0.1036909076637255
1778752966235412139,3.925245969798303,-0.0034327467217632065,-0.10364541559786043
1778752966252177715,3.9290177640059833,-0.0038332268140031374,-0.10362118204165825
1778752966253437386,3.933288285275905,-0.004273501619370468,-0.10359760872767582
1778752966269481107,3.9365008282112472,-0.004605745408164969,-0.10374184736610763
1778752966285906284,3.940193487934545,-0.004989981420060621,-0.1037789946840781
1778752966303444183,3.9447700968310895,-0.0054655373666212,-0.10378832909574298
1778752966319864241,3.9501681975306564,-0.006026917232599102,-0.10386261722010098
1778752966352133979,3.9545826942699587,-0.00649119985808754,-0.10404130569114274
1778752966353699052,3.959473024151823,-0.006999959579441738,-0.10413165594792737
1778752966369697877,3.9651166636554263,-0.007588921398370679,-0.10420111476214623
1778752966386385655,3.9713338669458453,-0.008239162269485303,-0.10427281975860812
1778752966418792495,3.9777804003319455,-0.008914224595729976,-0.10437453341226939
1778752966435476405,3.9843065554552775,-0.009597961768328193,-0.10446231726062917
1778752966436396038,3.9895396791510405,-0.010151224059566973,-0.10466531245425967
1778752966453410139,3.9933524741456043,-0.01055842713362268,-0.10487016977913394
1778752966485559107,3.995816463959821,-0.010821560778094617,-0.10504019220803744
1778752966486222201,3.9971276054096956,-0.01095974553765944,-0.10505402523584471
1778752966503196104,3.9976077227061446,-0.011009890016785259,-0.10504254768712146
1778752966535469910,3.9977703047032174,-0.01102682632459793,-0.10505170889123268
1778752966552212673,3.997826564467143,-0.01103297084721453,-0.10505858794468248
1778752966553097359,3.997838483699277,-0.01103435549306704,-0.10504022183655792
1778752966585470074,3.997838960906096,-0.01103417722897486,-0.10504480871718824
1778752966585941372,3.9978356243683795,-0.011033398522223301,-0.10504938854789037
1778752966602971804,3.9978289482867524,-0.011033450432197568,-0.10504480953081524
1778752966619589729,3.997822750261628,-0.01103266842749305,-0.1050448084928732
1778752966636532813,3.997817506440468,-0.011031589499103739,-0.10504709570798755
1778752966653046810,3.9978103544011336,-0.011031164022882836,-0.10504709997926931
1778752966669274130,3.9978046334472155,-0.011030382567954501,-0.10504249179314629
1778752966702139364,3.997797958148359,-0.011029898036605342,-0.1050447981820718
1778752966702551610,3.997790329426523,-0.011029114382959553,-0.10504251558680221
1778752966720116319,3.9977841313362736,-0.011028511192176207,-0.10504480405535127
1778752966736148768,3.9977798408658187,-0.011027671781372718,-0.10504479910721613
1778752966753040846,3.9977722120336523,-0.011027126546270886,-0.1050425050764541
1778752966768866691,3.99776601356747,-0.011026523355205885,-0.10504251933743687
1778752966802173606,3.997760769847442,-0.011025682845518964,-0.1050447957745085
1778752966804398116,3.99775409438769,-0.011025317523362567,-0.10504250582955654
1778752966819695945,3.9977469430154344,-0.011024415210388213,-0.10504019685747946
1778752966852208246,3.997742175338161,-0.011023754063676906,-0.10504249823671116
1778752966868871627,3.997734069250397,-0.011023327487974051,-0.10504481140989357
1778752966869687012,3.997727394045523,-0.011022842956695306,-0.10504021845685019
1778752966886464691,3.9977231039944177,-0.011021884336892692,-0.10504249936714359
1778752966902644210,3.9977149983260025,-0.011021338552190712,-0.1050470927180468
1778752966920384685,3.9977083234158513,-0.011020496393192846,-0.10504021147586755
1778752966936444085,3.9977011720453826,-0.011019653684876486,-0.10504020145282411
1778752966953553096,3.99769592760056,-0.011018932383959845,-0.10504250265981889
1778752966969743577,3.9976878215380793,-0.01101856541293259,-0.10504021913357618
1778752967002134616,3.9976840083232226,-0.011017607342730124,-0.10504019858766306
1778752967018874904,3.997675426051729,-0.011017001403946037,-0.10504708488239904
1778752967019990280,3.997669227496926,-0.011016577026784604,-0.10503791162400591
1778752967052135351,3.997663506609921,-0.011015676362593093,-0.10504250060460482
1778752967053103536,3.9976573083769096,-0.011015013567046131,-0.10504250517073356
1778752967069542220,3.9976501561279,-0.011014647695324795,-0.10504251182677019
1778752967102160222,3.9976444352120377,-0.011013568217141697,-0.10504021457957709
1778752967103183021,3.997637283615548,-0.01101302353193927,-0.10504249787797947
1778752967135542962,3.9976315619386233,-0.011012420890439212,-0.10504021635951735
1778752967136567585,3.9976244102879934,-0.011011637786569608,-0.10503791477725119
1778752967152827607,3.9976172591037042,-0.011010735473736079,-0.1050379030235335
1778752967169438830,3.99761249170123,-0.011009835908604035,-0.1050402090561103
1778752967186479450,3.997605339381734,-0.011009470036829887,-0.10504021690900125
1778752967202707773,3.9976010483129003,-0.011009047858174668,-0.10504250915101654
1778752967219728195,3.997593419780817,-0.0110083238093277,-0.10504251169107169
1778752967236051859,3.9975876981074667,-0.011007840377143628,-0.10503792248672172
1778752967253652627,3.9975795931367757,-0.011007056174337776,-0.10503791133744868
1778752967285666117,3.9975729182935367,-0.011006094806076732,-0.10503792016805262
1778752967302155076,3.9975657665542856,-0.011005490516110696,-0.10503791198575252
1778752967318792558,3.9975605220895414,-0.011004888424492439,-0.10503561780455951
1778752967319650333,3.997553370505824,-0.011003986111359653,-0.10503561778870069
1778752967336235957,3.9975481256740846,-0.011003682042749712,-0.10504021274718743
1778752967368890929,3.997541927535056,-0.011003019247273165,-0.10504251089739178
1778752967370123739,3.997534298865573,-0.011002414407636565,-0.10503790854896344
1778752967386274594,3.9975281010682577,-0.011001393984476106,-0.10503333034715531
1778752967403102870,3.9975214261688294,-0.011000909453426204,-0.1050379081970148
1778752967435476376,3.9975142743772247,-0.011000126349450978,-0.10504021773458001
1778752967452140088,3.9975085530726577,-0.010999404498916584,-0.10503561476938186
1778752967468910283,3.9975047390913767,-0.010998744451423174,-0.10504022133008993
1778752967485570308,3.997497587124317,-0.010998378579913076,-0.10504021579383
1778752967486477387,3.99749091228644,-0.010997596025626015,-0.10503561574989138
1778752967503121733,3.9974828068946127,-0.010996871427161296,-0.10503562011060223
1778752967535452988,3.9974775631457264,-0.010995852103482787,-0.1050379069709759
1778752967552207664,3.997469934125594,-0.010995306868240129,-0.10503561944556647
1778752967552561438,3.9974646898235333,-0.010994645172087104,-0.10503791196600464
1778752967570265503,3.9974580146819987,-0.01099392222222919,-0.10504251811243856
1778752967602250328,3.997450862206968,-0.010993854373621787,-0.10503332270064285
1778752967603259572,3.997443711451226,-0.010992356014542787,-0.10503562442081464
1778752967635488513,3.9974389435226474,-0.010991933286269816,-0.10503562114594861
1778752967636090320,3.997431314666985,-0.010991388051150384,-0.10503332438698368
1778752967653829883,3.9974260712235443,-0.01099036872770072,-0.105035597181823
1778752967669579763,3.9974193955505433,-0.010989943800727897,-0.10503332731108433
1778752967686136712,3.997413197349964,-0.01098957902848851,-0.10503560928917996
1778752967703011116,3.997406999089882,-0.010988797023607957,-0.10503791804593779
1778752967719960573,3.997398893390822,-0.010988012820256401,-0.10503104491435777
1778752967752225933,3.9973941267619213,-0.010987053651047275,-0.10503561625098616
1778752967768885537,3.997386497971385,-0.010986329602006671,-0.10503332223866382
1778752967769611450,3.997381253367454,-0.010985787114940788,-0.10503102653694445
1778752967786060083,3.9973731476050562,-0.010985241330168394,-0.10503563225523437
1778752967803669898,3.9973683800940396,-0.010984639788238304,-0.10503332259681973
1778752967835553681,3.9973612284904014,-0.010983856684403905,-0.10503561702984363
1778752967852175073,3.997355983978666,-0.010983254592750442,-0.10503333011285483
1778752967868868141,3.9973488321635653,-0.01098247148875761,-0.1050333282533446
1778752967869712119,3.9973421575172288,-0.010981808143927364,-0.10503331764620479
1778752967886611882,3.9973350056804198,-0.010981084644574923,-0.10503332479876788
1778752967918760108,3.9973278540098685,-0.010980420750003701,-0.10503332014043204
1778752967935522749,3.997322609145697,-0.010979818658086185,-0.10503103327594836
1778752967952265702,3.9973154577734413,-0.010978916345111833,-0.10503103059554963
1778752967952880274,3.997309259822379,-0.010978253549776112,-0.10503331872291674
1778752967969367129,3.9973035380586204,-0.010977889326837615,-0.10503102963044714
1778752968002173530,3.9972987706814296,-0.01097704936638117,-0.10502872628959915
1778752968002874386,3.9972911419197508,-0.01097650413133215,-0.10503102520099174
1778752968019782474,3.9972844669191905,-0.010975781181579857,-0.1050287365258101
1778752968036194526,3.9972768386889777,-0.010974937923645747,-0.10503102543150472
1778752968068894926,3.997272070845446,-0.010974217172153218,-0.10502873936045606
1778752968069850337,3.997264919154974,-0.010973672486880382,-0.10503102712229902
1778752968085914146,3.9972587214352946,-0.010972890482404709,-0.10503101250264166
1778752968118829915,3.9972529996896697,-0.010972347445509833,-0.10502873261914704
1778752968135555325,3.997246324855367,-0.010971684100538757,-0.1050287284442597
1778752968136636606,3.997240126810322,-0.010971021305132625,-0.10502872471940558
1778752968152892200,3.997233451976019,-0.010970357960161551,-0.10503331759216787
1778752968185619060,3.99722677672058,-0.01096975421953161,-0.10503102855917115
1778752968202255170,3.9972196248114966,-0.010968971115468365,-0.10502644445944846
1778752968218920365,3.9972129503694727,-0.010968069352164574,-0.10502873153940905
1778752968219958042,3.9972062752368744,-0.01096764442559663,-0.10502873225569989
1778752968252101981,3.997200554047999,-0.010966862970492262,-0.10502872981932389
1778752968268915308,3.997193879076296,-0.010966318834731554,-0.10502872410193421
1778752968270301651,3.9971886347688734,-0.010965478324604545,-0.10502873156417765
1778752968286259868,3.9971805295849334,-0.01096463451698227,-0.10502872745756175
1778752968318805222,3.9971748084032073,-0.010964091480509877,-0.10503101246201318
1778752968320266157,3.997167656197615,-0.01096360639950776,-0.10503102349463235
1778752968336416931,3.9971609816562466,-0.01096252582215957,-0.10502643355840176
1778752968368861893,3.9971562141398684,-0.010961745466255496,-0.10502872895935128
1778752968369776557,3.9971528767471067,-0.010961443596116558,-0.10503332016593765
1778752968386356760,3.9971452479655065,-0.010961017570365923,-0.10502872292799909
1778752968418827572,3.997136665480764,-0.010960352026765416,-0.10502413280629301
1778752968435479491,3.997129990594108,-0.010959509867785152,-0.10502643490904957
1778752968452198248,3.9971233154977774,-0.010958727313304452,-0.10502644561624128
1778752968453458100,3.997118071295062,-0.01095824443119582,-0.1050241336656316
1778752968485480126,3.9971109196679273,-0.010957461327343817,-0.10502872893644669
1778752968502189235,3.997105674552451,-0.01095709765386464,-0.10502874543864095
1778752968518809414,3.997098523022874,-0.010956433759399038,-0.10502872337521986
1778752968520033116,3.997093755061864,-0.010955713007818495,-0.10502875435326972
1778752968552335998,3.9970856505792223,-0.010954749991408332,-0.10503102052239242
1778752968553436465,3.997078974861017,-0.0109543846690583,-0.10502414574179043
1778752968569645952,3.9970723004172064,-0.010953423301096514,-0.1050241410534448
1778752968586241715,3.9970656254618504,-0.010952640746721434,-0.10502414276465952
1778752968619180829,3.9970589506528307,-0.010952037006425958,-0.10502413342433149
1778752968619932151,3.997052752490306,-0.010951374210931807,-0.1050241362022063
1778752968636124104,3.9970479851131158,-0.01095053425047536,-0.10502413708567766
1778752968652941008,3.9970413101649087,-0.010949990114732256,-0.10502642899619219
1778752968685504336,3.9970341583515956,-0.010949266615397418,-0.10502643405533799
1778752968702156075,3.99702748335461,-0.010948662874961117,-0.10502643713352082
1778752968703289686,3.997020808635999,-0.010947939925420066,-0.10502642537475126
1778752968719779266,3.9970141337981215,-0.010947157371133004,-0.10502642542382935
1778752968737023866,3.997007458701791,-0.010946374816652305,-0.10502184640795491
1778752968753136127,3.9970022143581008,-0.010945891934438052,-0.10502412516953082
1778752968769614295,3.9969950621290127,-0.01094540685341833,-0.10502413903014399
1778752968786305079,3.996990294797026,-0.010944507288339095,-0.10502413708038343
1778752968818850683,3.996985050079191,-0.010944084010501183,-0.10502873065133977
1778752968820284336,3.996976944273376,-0.01094365743500957,-0.10502414198360759
1778752968852209828,3.9969697931741335,-0.01094245709895649,-0.10501953870415495
1778752968868897125,3.996963594830792,-0.010942032721953487,-0.10502413536096034
1778752968885516954,3.996956919994702,-0.010941309772324421,-0.10502413637967506
1778752968886636738,3.996952629339856,-0.010940589570696092,-0.10502413360764039
1778752968903014626,3.9969450003702893,-0.01094016354480463,-0.10502872973219556
1778752968919796763,3.9969383253462336,-0.010939440595034733,-0.10502184229489145
1778752968936404759,3.9969316505336394,-0.01093871764542327,-0.10502184324636485
1778752968953023666,3.9969244992952095,-0.01093757691392256,-0.10502184040167623
1778752968969549896,3.9969183009030895,-0.010937092932226358,-0.10502184685727424
1778752968986053934,3.996912579459335,-0.010936430686244338,-0.10501955053180001
1778752969018955266,3.9969068581185003,-0.010936066463622702,-0.10502413461152378
1778752969019748759,3.9968992296134873,-0.010935461624109327,-0.1050264261443967
1778752969052189914,3.996893984776386,-0.010934978741525403,-0.10502184193789109
1778752969052948530,3.9968944300811016,-0.010962397409562856,-0.10602286413828962
1778752969069234903,3.996807203616482,-0.010931958088398036,-0.10782476677764534
1778752969102185820,3.996513512042156,-0.010897525700735496,-0.11074324085421347
1778752969118836988,3.9961568830204675,-0.01085843121099024,-0.11439992654766304
1778752969120014011,3.995874636423509,-0.010823713991127812,-0.11874852279546488
1778752969137039062,3.9957034766802106,-0.010801939817298963,-0.12374065182668506
1778752969152956983,3.995630054880719,-0.010792795279293143,-0.12931237526076597
1778752969169949432,3.995627197961734,-0.010789215705363632,-0.1335699725160968
1778752969185991369,3.9956543744733315,-0.010791392797848175,-0.13573601627007942
1778752969218994866,3.9956777294680905,-0.010800181605305442,-0.13817640134891238
1778752969235522318,3.9956434098540488,-0.010788459530827464,-0.1418196902901085
1778752969252292814,3.9956062210594587,-0.01078501919990773,-0.14654609423488676
1778752969253104791,3.9956181403401096,-0.010787238310989761,-0.15205193578728277
1778752969269734890,3.9956643864776873,-0.010793550105924428,-0.15808517465636013
1778752969302423486,3.9957316098143103,-0.010802985522717554,-0.16446045896312375
1778752969303717292,3.995811704218797,-0.01081523719494706,-0.1710804454306499
1778752969335535720,3.9958989493644665,-0.010829285249527938,-0.17786915481096421
1778752969352178272,3.995990960254873,-0.010845365356475298,-0.18479370666509282
1778752969353186755,3.9960905984895394,-0.010863301999856132,-0.1918218805050025
1778752969385524292,3.99619071193515,-0.010882669703379125,-0.198945460608612
1778752969386169853,3.996321340076565,-0.010905052812028459,-0.20447496685966043
1778752969402917164,3.996462926347811,-0.01093334941566924,-0.2078498425168153
1778752969436348717,3.9965949774917955,-0.010961635028504101,-0.21141962406374748
1778752969436538348,3.9967246474844873,-0.010987533709342115,-0.21471443204833768
1778752969453066833,3.9968509774776515,-0.01101473984381784,-0.21659858222775283
1778752969471214734,3.9970145089547304,-0.011035253527089018,-0.21897051084819028
1778752969502210524,3.997190879566402,-0.011087491700349273,-0.22276520528347643
1778752969503001983,3.9973434242685655,-0.011123907171503317,-0.22617587855050253
1778752969519668119,3.9974773773772325,-0.011156903746583485,-0.22981804478186488
1778752969536193558,3.9976084672465104,-0.011191804371411039,-0.23488343859428817
1778752969552944136,3.9977247862795937,-0.011217985687069346,-0.23927046365329172
1778752969569234837,3.9978267977742465,-0.011244686954796803,-0.2435555688238388
1778752969586792082,3.9979416810577204,-0.01127474092041069,-0.24915473198941923
1778752969618934468,3.9980746830462537,-0.01130666351438305,-0.25389785514215285
1778752969619928963,3.998202433243419,-0.011342037127900453,-0.25850661677815995
1778752969636468058,3.998350207317519,-0.011381248520218393,-0.2642954324412234
1778752969652731086,3.9984727197672,-0.011412801395690862,-0.26924228927359933
1778752969669865516,3.9986214454099027,-0.011452371513572753,-0.2723242921506049
1778752969686016481,3.9987420463624654,-0.011485710327233433,-0.2758311619530866
1778752969719148282,3.9988430977084204,-0.011518967003140557,-0.2809429547288218
1778752969719807298,3.9989503516839284,-0.011549846640399203,-0.2854684320415461
1778752969736191398,3.9990733306837707,-0.011587837360684037,-0.2899921938020174
1778752969753202963,3.9991839183460742,-0.011621581865541207,-0.29583441750177586
1778752969769819816,3.9993178600630443,-0.011664890037687826,-0.3024746274677683
1778752969786568931,3.9994313103663583,-0.011697147724945877,-0.3080350241937416
1778752969818922479,3.999550470987856,-0.011739067953005377,-0.3134051948347815
1778752969819876677,3.99966439069709,-0.011777405859275449,-0.3197895578180805
1778752969852190159,3.9997792606982214,-0.011818188653135869,-0.3268181288806949
1778752969868848220,3.999888889179252,-0.0118570580551378,-0.3342514253595149
1778752969885593087,3.999985893035937,-0.011885720505090968,-0.3404064798909937
1778752969902243715,4.000066916805878,-0.011918715678825437,-0.34633416750836443
1778752969903097362,4.000152709024879,-0.011952252790536142,-0.35309825033416214
1778752969935514050,4.000215623767008,-0.01197622678436391,-0.36040390004948414
1778752969936328062,4.000278537652042,-0.012001392870682628,-0.3680493403577322
1778752969952723022,4.000329058820698,-0.012021776298630734,-0.3759200672779179
1778752969970394455,4.000373860136425,-0.012040484202625561,-0.38394981725044625
1778752969986809152,4.00041103554523,-0.012055905059504076,-0.39209896291512963
1778752970002970477,4.000430098371954,-0.01206522536198906,-0.4003471864134093
1778752970035531430,4.000418665040901,-0.012055854248536465,-0.4071435454250977
1778752970036099984,4.000367185586382,-0.012038330741451086,-0.4136549346060512
1778752970068854957,4.000344306281418,-0.012031271017778018,-0.4208146081556139
1778752970069257835,4.000315711885797,-0.012017588587217288,-0.42838200856150316
1778752970102206718,4.00027853805888,-0.012000856429077545,-0.43620205576495125
1778752970103160406,4.000228018271374,-0.011979519327657737,-0.4441906388846108
1778752970119575644,4.000172735971868,-0.011952693106207486,-0.4522639126005853
1778752970152169620,4.00010506188688,-0.01192078620380079,-0.46045164170896574
1778752970153040390,4.000018326285829,-0.011878605325384605,-0.4686899177923907
1778752970185489911,3.9999256355450683,-0.011831828022385029,-0.4769793138462739
1778752970202243895,3.999816979073824,-0.011777641336561687,-0.48530050350965936
1778752970219043887,3.9997040366012024,-0.011718860149913905,-0.4936437102830674
1778752970235581549,3.9995520259700967,-0.011631483289801337,-0.5005141548225956
1778752970236400170,3.999365216218335,-0.011535006408502775,-0.5070894609415019
1778752970253006152,3.999237504330773,-0.011465538960080958,-0.512668308659869
1778752970269514157,3.9990792936712567,-0.011379525861402555,-0.5181416676125062
1778752970286107776,3.9989739836647544,-0.011317892447149893,-0.5246311039627573
1778752970318900972,3.9988539028547523,-0.011247062886499234,-0.5317403259277361
1778752970320006829,3.9987381117452054,-0.011177251550045134,-0.5392351287125516
1778752970336743621,3.998607079860552,-0.011092104243100542,-0.5454354838447663
1778752970353210869,3.9984074263528995,-0.010968850054852911,-0.5497724419917367
1778752970369917112,3.9982549437486887,-0.010877538741444518,-0.554377049208388
1778752970386624397,3.9981253353526047,-0.010798830380959466,-0.5602469481120228
1778752970418841054,3.9980062144361592,-0.01072233948178781,-0.5669639231065284
1778752970435454941,3.9978623176214416,-0.01062907110956309,-0.5741785269355023
1778752970436540531,3.9977422464675003,-0.010549598880931953,-0.5817395977404817
1778752970453068113,3.9976193175448897,-0.010467202728957911,-0.5895059506982315
1778752970469515273,3.9974597051946397,-0.010355736814678353,-0.5959149457532321
1778752970486190827,3.9972324266001418,-0.010205867096291133,-0.6020554532907538
1778752970502960001,3.9970699530370224,-0.010094934326174204,-0.6073326108959771
1778752970519437638,3.996881750356965,-0.009966686542234036,-0.6125727533674906
1778752970536355214,3.996742149329937,-0.009869012375010932,-0.6188687698049518
1778752970568904896,3.996588735774548,-0.009758924512579143,-0.625820576300746
1778752970569696144,3.996468677297683,-0.009668127408681452,-0.6331960509544649
1778752970585906432,3.9963386137692023,-0.009570404629384225,-0.6408582532050496
1778752970603282362,3.996189500519621,-0.009451440626089982,-0.6471590407163306
1778752970635607566,3.9959784396492704,-0.009297059644166642,-0.6532183539312678
1778752970636253657,3.9958250366305315,-0.009177137021281027,-0.6600051116002781
1778752970668819149,3.9956806851336735,-0.009064198579358265,-0.6672741492918894
1778752970669718173,3.995553963165162,-0.008963141789266167,-0.6748525644683053
1778752970702208251,3.995427721918157,-0.008858449667629168,-0.6825988951515688
1778752970718834001,3.9952905237748704,-0.008745102237718788,-0.6904975805422903
1778752970735494738,3.9951476111735253,-0.008625072496738042,-0.698501542936096
1778752970737029082,3.9949985077370647,-0.00849800226749089,-0.7065902199759311
1778752970768940417,3.994845119532253,-0.008365145445210003,-0.714738445302959
1778752970785559675,3.994688874925625,-0.00822793418885056,-0.7229329490195513
1778752970802280285,3.994527869679772,-0.00808422053470065,-0.7311683591086123
1778752970803057116,3.9943654383526206,-0.00793692895566812,-0.739432272936131
1778752970819669711,3.9942006251006035,-0.007787310048715827,-0.7477131378464029
1778752970836159010,3.9940362931774076,-0.007633936601360331,-0.7560047397183375
1778752970852919647,3.9938719646639314,-0.007477523319070055,-0.7643094444372683
1778752970869838716,3.9937095433815464,-0.007321231444408341,-0.7726140019392147
1778752970886791970,3.9935480788033964,-0.00716261608960881,-0.7809311006955454
1778752970902945911,3.9933875678635244,-0.007003644206044008,-0.7892480865104631
1778752970920636580,3.993230396149607,-0.006843424472918574,-0.7975604964643184
1778752970952212386,3.993071795633459,-0.006682130208451458,-0.8058755998296692
1778752970953346618,3.992886059535117,-0.006481823204352058,-0.812733989605965
1778752970969232307,3.9926612585360504,-0.006250297924335825,-0.8192507101728225
1778752970986375974,3.9925060014508587,-0.006084596766655823,-0.8263055289965471
1778752971018884979,3.9923721802046463,-0.005937338163561754,-0.8337268034133317
1778752971019759495,3.9922607439717144,-0.005812874350819598,-0.841395605724487
1778752971052208806,3.9921421664365773,-0.005678567534149502,-0.8492263190858438
1778752971052965679,3.992014067315758,-0.0055311963170116335,-0.857175535395658
1778752971069516646,3.9918802548830725,-0.005376189115155668,-0.865224078236406
1778752971086393985,3.991745494174549,-0.005216233631640316,-0.8733483341918176
1778752971118845891,3.9915864615134495,-0.0050158381962909,-0.8800463464084116
1778752971135584466,3.9913807433057498,-0.0047761690693176075,-0.8864343056432803
1778752971152115826,3.991241230879809,-0.004602439426584259,-0.8933883156043395
1778752971168806479,3.991104582583046,-0.004425136804383828,-0.8991984158323352
1778752971185512802,3.9909498272180777,-0.004237561305955115,-0.9048781625108011
1778752971186953198,3.9908227016294306,-0.00407314427109344,-0.911401984335476
1778752971218863461,3.9907098628525075,-0.003923764084020749,-0.9169416883563303
1778752971221004923,3.9905622653919224,-0.003730832414511602,-0.9206902222573408
1778752971252169434,3.990445612360705,-0.0035810902030242293,-0.9247845207002845
1778752971268846312,3.990323725896071,-0.003422520465565079,-0.9285696837400884
1778752971269557547,3.990217554897267,-0.0032798236884989973,-0.9326562686825379
1778752971287382272,3.990093767392218,-0.00311445682650409,-0.9380871581991218
1778752971318867946,3.989977125936305,-0.002956608390384063,-0.9444665567462909
1778752971335484819,3.989870012007232,-0.0028054466609209474,-0.9514577124692326
1778752971336646784,3.9897752740879153,-0.002673134276282118,-0.9588524942969121
1778752971368831851,3.9896757827193836,-0.002528061010290931,-0.9664903798521819
1778752971369698873,3.989572959649469,-0.0023773810639825983,-0.9742762176383074
1778752971386538761,3.9894487253788697,-0.002186026044615474,-0.9806750872824992
1778752971403942594,3.98927973108127,-0.001940140753538128,-0.9867972100101806
1778752971436949968,3.989158822135459,-0.0017603528753761914,-0.9935929136834213
1778752971452295448,3.989053633836316,-0.0015936961472827699,-1.000845771853184
1778752971452308884,3.9889651026328106,-0.0014542383545245628,-1.0083937132909715
1778752971469531962,3.988869435066091,-0.001301182468169532,-1.01614199964415
1778752971486719072,3.9887718661693357,-0.0011426407595081652,-1.0240093831121664
1778752971504198709,3.9886709685648807,-0.000976465814446304,-1.0319814016248374
1778752971536451916,3.988540099199511,-0.0007494595464251965,-1.0384834173651987
1778752971552242634,3.988368757484128,-0.0004719810668638098,-1.0446496498715196
1778752971568919982,3.988253600137816,-0.0002665698036922662,-1.0514679547332482
1778752971569493255,3.9881460535157163,-7.761820538263118e-05,-1.0587282901980617
1778752971586200530,3.9880537496630732,9.84412118651634e-05,-1.0647454882675884
1778752971603206535,3.9879181251833398,0.00033653943209984593,-1.0705454089775954
1778752971635590761,3.9878096281684714,0.0005289491972385334,-1.0755608949763324
1778752971636278402,3.9876987564151727,0.000730063983174865,-1.0805936577535815
1778752971668930349,3.987603592799511,0.0009066035343369116,-1.0866977196455678
1778752971685447712,3.987516048772154,0.0010743128100477533,-1.0935226659963515
1778752971686251855,3.987442786201492,0.001222216869449294,-1.1008028525131275
1778752971702817911,3.987366192430008,0.0013754891901663331,-1.1083575269657222
1778752971720142683,3.9872739076218373,0.0015683571063223754,-1.1145763069761478
1778752971752281622,3.9871402194892402,0.0018312486435960176,-1.1205237277980222
1778752971769623146,3.9870417508656075,0.0020360446246049267,-1.1256272868639037
1778752971770483776,3.9869389968629956,0.002247402059641579,-1.1307445926768742
1778752971786218337,3.98685385613184,0.002431917086207117,-1.136900065807803
1778752971818869934,3.986773950585562,0.002607962213428583,-1.1437477619364889
1778752971819662995,3.9867059380297882,0.002759794130959379,-1.1510490167108576
1778752971836372074,3.9866317618711866,0.002942150751075731,-1.157075353890823
1778752971868870989,3.9865223823248965,0.0031973848702289047,-1.161239280045068
1778752971885475659,3.9864353437891173,0.0033904851586055375,-1.1657097719891585
1778752971886756480,3.986354023907461,0.0035803602028540264,-1.1714082891416426
1778752971918865933,3.9862798373370976,0.0037534185043328794,-1.177971009469397
1778752971919628296,3.9862070956754185,0.003939111333433454,-1.1850604046196476
1778752971936309842,3.9861414934702433,0.004113828671512474,-1.1909604590783787
1778752971968869783,3.986039256985029,0.004360113855269757,-1.1966576312717667
1778752971985481396,3.9859665179972903,0.0045483100779464755,-1.2031935170886292
1778752971986260080,3.985889985354548,0.004755107334540948,-1.208708775084115
1778752972002907251,3.9858063090158207,0.004969303805933966,-1.2141573352221005
1778752972019821841,3.9857321489294546,0.0051657271129792875,-1.2205273147184688
1778752972052226817,3.98567654193518,0.005323982037966818,-1.2275256202682117
1778752972068898765,3.9856123792203224,0.005506327116568081,-1.234865016747718
1778752972085526869,3.9855567735387587,0.005666250970958443,-1.242496076037607
1778752972102425339,3.9854897792570187,0.005874110118144004,-1.2487719342516035
1778752972104326372,3.9853933024636117,0.006153528867586519,-1.254771829276826
1778752972135560567,3.9853267818145017,0.0063585264440527015,-1.261488137891809
1778752972136045521,3.985266443676817,0.0065488541424368945,-1.2686931159323849
1778752972153079579,3.9852170461392054,0.006716877078383126,-1.2762407317353446
1778752972185490547,3.985165753787077,0.006895631041539787,-1.283983210200188
1778752972186447491,3.9851106566413392,0.007082853255328097,-1.2918572060331754
1778752972219058109,3.9850465546900145,0.007318365642140483,-1.2983329240321646
1778752972235519475,3.9849572582258,0.007621617989425409,-1.304498697851538
1778752972252184179,3.984890775238612,0.007858802052268297,-1.3097306315129789
1778752972268831180,3.9848247732806863,0.008101111562841889,-1.3149387685916873
1778752972285635941,3.9847744540919465,0.008296672925372036,-1.321161716009347
1778752972286490229,3.9847265131777725,0.008486271078661334,-1.3280564379260087
1778752972303251187,3.9846895054098477,0.0086474848001184,-1.3353845362870371
1778752972335547285,3.9846486987672414,0.008821935140304948,-1.3429887758942152
1778752972336655197,3.984603164951529,0.009032392158252762,-1.349225513600151
1778752972353315182,3.9845362565576172,0.00931511468984829,-1.3551918031813444
1778752972369387517,3.984492625505706,0.009521635605488597,-1.361896440072548
1778752972402125417,3.984454223336139,0.009713606951527991,-1.3690911750547592
1778752972402545368,3.984422938639061,0.009875529332887056,-1.376614927234631
1778752972419909044,3.9843845586705933,0.010087170198989135,-1.382823140621689
1778752972436418482,3.9843257582213956,0.010371790735100096,-1.3887771887380242
1778752972452869709,3.9842888101029814,0.010584145207276663,-1.395463227956377
1778752972485680819,3.9842570854036015,0.010777658578666366,-1.402645049273798
1778752972486036598,3.9842300996830113,0.010945774892334358,-1.41016644826683
1778752972518862666,3.984203597366804,0.011119731907833426,-1.417872775760528
1778752972535511741,3.984176631035973,0.011304895138777589,-1.425728101487519
1778752972552234315,3.9841482470251703,0.01150102726573517,-1.4336940212977138
1778752972568911422,3.984120827910255,0.011706814239461795,-1.4417395053580289
1778752972585555317,3.9840948481538807,0.011920705791062632,-1.449855504871827
1778752972602183521,3.9840674470582984,0.012142228380645765,-1.458028282935309
1778752972618842755,3.9840419579088264,0.012367801885033614,-1.4662411605915164
1778752972619829716,3.9840188533022327,0.012593849478403014,-1.4744800607036415
1778752972635766062,3.9839971792549504,0.012819776213620777,-1.4827417685546826
1778752972653761212,3.983979377253259,0.013095766420655705,-1.4895399901500759
1778752972669732935,3.983947333149536,0.013426847771254469,-1.4960082841716282
1778752972702185682,3.983932818738175,0.013658369094881986,-1.5030137226985503
1778752972703081129,3.983920178017984,0.013861158800815258,-1.5103974559383673
1778752972719741204,3.983911318834519,0.014034976271652039,-1.5180575660697653
1778752972736051322,3.983901516497075,0.01421845078818656,-1.5258703277485743
1778752972753392446,3.9838912514827394,0.014413965984357095,-1.5338044238015238
1778752972768880988,3.983885285598639,0.014616032740661299,-1.5418286985155771
1778752972802272274,3.983880282290971,0.014825966205772676,-1.5499198322254983
1778752972803137272,3.9838771944854696,0.015042811606543941,-1.558078316681171
1778752972835696903,3.983875068683304,0.015267046879298514,-1.566280797158035
1778752972837939698,3.983873425676158,0.015496288389147544,-1.5745204691655785
1778752972868860766,3.98387607215417,0.015723856023738114,-1.582775216124965
1778752972885617846,3.9838777679824866,0.015954047360157063,-1.5910565168673465
1778752972902118928,3.9838890547041057,0.016231672970686544,-1.597877727883007
1778752972918836172,3.9838922944253596,0.01656080630340286,-1.6043666129183656
1778752972936042429,3.983902093531888,0.01678788885667445,-1.6113851953915879
1778752972952113972,3.9839104320988143,0.016989223869571184,-1.6187775011742478
1778752972968901320,3.9839196946092525,0.017164927803179464,-1.6264551318445641
1778752972985591572,3.9839294417841704,0.017347545321494528,-1.6342790000631657
1778752972986274324,3.9839425384918368,0.017540291775489776,-1.6422160029900164
1778752973018957560,3.9839599371482266,0.017741973973773233,-1.6502477930355923
1778752973019376379,3.9839759071760548,0.017945207540521497,-1.6583533980640326
1778752973036519504,3.983995221166566,0.01815392088390405,-1.6665108512146634
1778752973052854380,3.984016446600579,0.01836620830521464,-1.6747010910815574
1778752973070300824,3.9840391121414234,0.018586719513152116,-1.6829376438061554
1778752973102271532,3.9840655972246775,0.01881151785593205,-1.69119097283624
1778752973118852827,3.984093035069194,0.01903536142568792,-1.699461827335138
1778752973135532169,3.984121903435229,0.01925956097457371,-1.7077403507783966
1778752973152148110,3.9841522061480146,0.01948661989530299,-1.716031958021629
1778752973153479768,3.984185844254112,0.01971188683097498,-1.724327224938127
1778752973170094096,3.984220436911248,0.019937629504041706,-1.73262171581101
1778752973202751544,3.984257414362567,0.02016408468452832,-1.7409241627301884
1778752973203326740,3.984294867272558,0.020389466432627103,-1.749231823457328
1778752973235556212,3.984335655355202,0.020612579358580678,-1.7575379708903307
1778752973236496273,3.984379305337453,0.020836046614212404,-1.7658376679135308
1778752973253043894,3.9844234309122033,0.021058678855982647,-1.7741402040899827
1778752973269854857,3.9844843027424757,0.02133112131201574,-1.7809780624062554
1778752973302152909,3.9845476223865792,0.02165899330306256,-1.7874761941822872
1778752973302872070,3.984599888039269,0.021910464830081505,-1.7929481678565624
1778752973335619158,3.984657406486016,0.02216955970186011,-1.7983556634106233
1778752973336275880,3.9847043725530304,0.022373830427157602,-1.804695722849295
1778752973352976913,3.9847513216856147,0.022563796047545468,-1.8116833688262877
1778752973369650063,3.9847920403413712,0.02272646990366675,-1.81906705837429
1778752973402459370,3.984846628108781,0.022925129003389985,-1.8251682001964022
1778752973402975434,3.9849137035324556,0.023201498218422455,-1.8310219871886608
1778752973419934789,3.98496830261519,0.023409098008166294,-1.8376457473962828
1778752973435907665,3.985022881185469,0.023598697206968628,-1.8447964370379935
1778752973452950489,3.985069315783614,0.023756119262667182,-1.8522787542952908
1778752973469709854,3.9851176739435394,0.023927486597472507,-1.8599839139772876
1778752973486345402,3.985169854189564,0.024105286832854084,-1.8678261474088793
1778752973503000578,3.985244492464505,0.024324069205799968,-1.8742737185975913
1778752973535525903,3.9853306544616234,0.02461174131175861,-1.880437766107412
1778752973537020382,3.9854005286442034,0.0248338670382794,-1.8856885224015683
1778752973552961557,3.985474230351171,0.02506755166177431,-1.8909094398101238
1778752973570519193,3.9855397851152947,0.025265482864991855,-1.8971208837423235
1778752973586374053,3.985601506001934,0.02544589471032963,-1.9040115217738647
1778752973618833774,3.985657476795374,0.025602948146482143,-1.911335956231957
1778752973635467899,3.9857258759750755,0.025786451737626743,-1.917378997538793
1778752973652121743,3.9858143888719715,0.026045510885325314,-1.923190831104419
1778752973652191856,3.985888046173166,0.026239975678010848,-1.9298025757432047
1778752973685474375,3.9859573998405673,0.02642371658797101,-1.9369548406673398
1778752973686128362,3.9860338931110695,0.026597078053366332,-1.942902300573377
1778752973718834221,3.986126681995222,0.026842303985961706,-1.9486648678456315
1778752973719914460,3.9861979450272513,0.02702842688227433,-1.9552518905839305
1778752973752383198,3.986279711536831,0.027225743353035004,-1.9608088208981316
1778752973768930508,3.9863634016715284,0.02743724352148162,-1.9662811993416067
1778752973769393140,3.986439915848291,0.027628009530956857,-1.9726737300579391
1778752973802221232,3.986508283865242,0.027784333422014473,-1.9797124863286861
1778752973803507764,3.986587165550846,0.02796067236906972,-1.9870969171290382
1778752973835767213,3.9866540990907953,0.0281137792604415,-1.9947535199324422
1778752973852226045,3.9867281931636023,0.028273911251310752,-2.0025379197002913
1778752973853115109,3.986825696039649,0.028472163259195937,-2.0089331894678097
1778752973869466145,3.986949029789911,0.02874095744092896,-2.0150562499816838
1778752973886334698,3.987040324921434,0.028931110366959018,-2.0218620869375505
1778752973903068524,3.9871254045435407,0.029106488495406188,-2.0291193676883714
1778752973919622537,3.9872018778981793,0.02926232620666627,-2.0367011610805057
1778752973936182732,3.9872836029236556,0.029423283867948034,-2.044456448115798
1778752973968943035,3.987368673385422,0.02959150944445969,-2.052339498870092
1778752973985447453,3.9874637698990476,0.02977021388958131,-2.0603216950363086
1778752973986260042,3.9875669838722123,0.02995868414676815,-2.0683921821266624
1778752974002983067,3.987672109939611,0.030150966900022103,-2.0765349525821426
1778752974019641379,3.987782963755083,0.030348607472892877,-2.0847356764966993
1778752974052195500,3.987896203725967,0.030547795017356855,-2.0929659643280294
1778752974068844724,3.9880409614372496,0.0307875966291752,-2.099751544339999
1778752974069570598,3.988205803917726,0.03107791986344078,-2.1061970643394305
1778752974086345452,3.9883262018287367,0.031281271485825324,-2.113198399079024
1778752974118775014,3.9884308301316564,0.03145531577942279,-2.1205799605132634
1778752974120305902,3.988540697774148,0.03162494328721596,-2.1267041451606477
1778752974152107228,3.988684024557336,0.03186462733883562,-2.1325955447948646
1778752974169502905,3.9887948543150205,0.032041048671961746,-2.1392509496942615
1778752974169655586,3.9889157005790934,0.03222031948479763,-2.1448459746612683
1778752974186274403,3.9890360835589607,0.03241151176841123,-2.1503650534212304
1778752974218925187,3.989145952848205,0.03258185453085048,-2.15678501894386
1778752974235531380,3.989238138950794,0.03271764695778792,-2.1638245614365212
1778752974236187841,3.9893451299264813,0.03287321107593615,-2.171199814930035
1778752974252976140,3.9894377879894027,0.03300471142164742,-2.1788335265294605
1778752974285515202,3.9895442975711433,0.03315634218547127,-2.1866373763388576
1778752974286194266,3.9896584440791445,0.03331487829021092,-2.194556053314912
1778752974303028093,3.989805994939425,0.033495548835874925,-2.201098201290883
1778752974319709218,3.9899636108972083,0.03372210338694824,-2.2074880657298217
1778752974352149211,3.9901011534225694,0.03390636174969901,-2.2144054300285716
1778752974368935927,3.990205728342242,0.034034987334921066,-2.2201133230210353
1778752974369576899,3.990356646192231,0.03424068796734993,-2.2256710724712248
1778752974385579241,3.9904760329561393,0.03439480728559875,-2.2321318378697677
1778752974403307872,3.9905901673872313,0.03454237614256212,-2.239174663004874
1778752974420030457,3.990689970765819,0.034667311737454506,-2.246594100103446
1778752974436487395,3.990799321622856,0.03480189228666535,-2.2542481490063273
1778752974468818841,3.9909129691496985,0.03494123625815362,-2.262054462652249
1778752974485527388,3.991061461493711,0.03511153450349139,-2.268476432335521
1778752974486163461,3.9912624782931663,0.035345787639765966,-2.2730145590821103
1778752974519053010,3.9914143260939547,0.03553002951437145,-2.2778003830585862
1778752974519784805,3.9915465876500895,0.03568484924913618,-2.2837236412649435
1778752974552219618,3.991671206353363,0.035826683972446594,-2.2904285799909516
1778752974568947963,3.99180012003065,0.03597185160754522,-2.297601415589779
1778752974570627054,3.9919118409800594,0.03609438927866666,-2.305113998607563
1778752974602123728,3.99202833523836,0.03622121298535983,-2.3128147845209295
1778752974618844489,3.9921839736412283,0.03638601936314172,-2.319163776414808
1778752974619604658,3.9924021524650035,0.036616080390902396,-2.3236084207003542
1778752974636258171,3.9925668659410944,0.03679398933936907,-2.3283091395506337
1778752974652941490,3.992712479363712,0.03694784001048488,-2.3341680499024062
1778752974685842762,3.992847583919531,0.03708608636659788,-2.340827578350547
1778752974702140828,3.9929860278604137,0.03722575938612228,-2.3479728357230574
1778752974718873982,3.9931215978140546,0.03735446845614021,-2.3539089055306497
1778752974719581020,3.993305399669713,0.03754534922456622,-2.359640139956491
1778752974736310116,3.993457688942836,0.03769990745705265,-2.364611585971206
1778752974753324577,3.9936180894746216,0.03785946313371771,-2.3696144758305606
1778752974785611829,3.9937632101031824,0.038000916597805315,-2.375693985413068
1778752974802239512,3.993902602598016,0.03813498568423875,-2.3824892162998097
1778752974803347534,3.9940224176290293,0.03824690439236456,-2.3897577059415447
1778752974820342548,3.9941484371248364,0.03836346511471674,-2.397296602783247
1778752974836345540,3.9942806633471784,0.03848681361724032,-2.4050313923507027
1778752974852838217,3.9944229079959346,0.03861479973773481,-2.4129004993352217
1778752974885479713,3.9945770841414396,0.03875159359947593,-2.4208862356800265
1778752974886315086,3.994738894841135,0.038892908617643836,-2.4289556297309822
1778752974919241466,3.9949426961783248,0.039059805251597385,-2.435603756941301
1778752974919679671,3.995187083686942,0.03927469648152766,-2.441943142616002
1778752974952176141,3.9953617747433054,0.039420765028695036,-2.448877892081677
1778752974968838270,3.9955192795203986,0.03954932960752613,-2.456218323708544
1778752974970064457,3.9956543518035432,0.03965980021781717,-2.463849348235078
1778752975002221310,3.995798011508898,0.039774194839370905,-2.471636187985981
1778752975018822022,3.9959493049910346,0.03989239536205403,-2.479540442331748
1778752975035528636,3.9961373422033653,0.04003439540770485,-2.4860391712531187
1778752975036429513,3.9963983943610493,0.040228763418186105,-2.4906424264572578
1778752975053103074,3.996602185137831,0.040385050431167115,-2.495471377085511
1778752975069462807,3.9967740027366325,0.04052051265637111,-2.499775877296197
1778752975086412244,3.9969524907333533,0.040652033283811825,-2.504248380968819
1778752975103484805,3.997134320411096,0.040786768712643404,-2.509894409359332
1778752975120050631,3.997303264083946,0.04091079015104178,-2.516392048221225
1778752975136506216,3.9974822235128458,0.04103682660451891,-2.521881517049954
1778752975168941760,3.9976688243552174,0.04117370230288917,-2.5273163855151215
1778752975185494421,3.9978439659303513,0.04129712055064503,-2.5336638182815725
1778752975186087672,3.997986176742418,0.04139542357747639,-2.5406476171757815
1778752975202862275,3.998148903729015,0.04150395496329372,-2.5479901121003885
1778752975219843452,3.998289201720005,0.041597611029409357,-2.5556103084530615
1778752975236153049,3.9984648050807157,0.041708154133003814,-2.5618487070681906
1778752975269029654,3.9987024542907488,0.041868932075987804,-2.5678251040830418
1778752975286986151,3.998892380756205,0.04199447905155601,-2.572958424095818
1778752975287005517,3.9990861183974866,0.04211811428394295,-2.5764061856187346
1778752975304157260,3.9992383362011164,0.042211398982934294,-2.5802151790684444
1778752975319883946,3.999429209863394,0.04233193807299488,-2.585409628087497
1778752975336624695,3.9996038585642624,0.04244093255545635,-2.591614892138276
1778752975353266796,3.9997708666617613,0.042540279885550834,-2.5984969983761066
1778752975369860414,3.9999135379089,0.04262451567609952,-2.6058107607333825
1778752975386454273,4.0000650349095395,0.04271243678454925,-2.6133867410138834
1778752975402555794,4.000253986762019,0.042820937943203415,-2.6196280133145797
1778752975419803709,4.00052404957373,0.04297178414881123,-2.6239625492005807
1778752975436109379,4.000711092786376,0.043078022529883214,-2.626905011894442
1778752975468933704,4.000852324489056,0.04315486899857684,-2.6303543147958917
1778752975469791329,4.001048908876093,0.04326550712890475,-2.635346656078139
1778752975502241030,4.001219723985524,0.043358412765031856,-2.6397943176043186
1778752975518804692,4.001406764119701,0.04346310142733725,-2.6443452406366923
1778752975519504866,4.001583305720683,0.04356017279088948,-2.6501023778918564
1778752975536098505,4.001765570296479,0.043657237558535816,-2.65667867242047
1778752975568835594,4.0019163403908085,0.04373490749917095,-2.663806961825268
1778752975585436967,4.002072835130723,0.04381483581960129,-2.6712643119999666
1778752975602247579,4.002239825764112,0.04389952041724308,-2.6789475996609227
1778752975618811010,4.002416355776495,0.04398657820715967,-2.686774507643046
1778752975635566277,4.002601471475452,0.044075891079252964,-2.6947117831357117
1778752975636390918,4.002792311639177,0.04416722391265032,-2.7027406193828525
1778752975668876157,4.00298791850944,0.04425735915815377,-2.7108269385165307
1778752975668907006,4.003191157648659,0.04434986979415658,-2.718979102258684
1778752975687091337,4.003397258311552,0.04444273476011919,-2.7271774857258593
1778752975718768556,4.003608126237733,0.04453464055639738,-2.7353996465472603
1778752975719610400,4.003817084506613,0.04462452199448231,-2.743641043524906
1778752975752216950,4.004031764002423,0.04471392000071764,-2.751895841740929
1778752975768845375,4.004248349355325,0.04480200450722072,-2.760167973449769
1778752975769815665,4.004477335865772,0.04489293574508077,-2.7683876409486965
1778752975802151609,4.004675788693658,0.04496971626117574,-2.77657378409847
1778752975803246105,4.004881873940671,0.04504934900491079,-2.78481752665478
1778752975835473022,4.005142329434409,0.04513869424974316,-2.7916087862766017
1778752975838689623,4.005476247899148,0.04525549218490944,-2.796493070755712
1778752975855493532,4.0057357590773695,0.0453509181969105,-2.801562070768467
1778752975869705671,4.005944695158445,0.04542303746393575,-2.8076599565322353
1778752975886886740,4.006128827840525,0.04548564857103324,-2.814469507310535
1778752975918787434,4.006315818767076,0.04554670666153442,-2.8217095510413075
1778752975919302667,4.006472279126324,0.0455970710980225,-2.8292643759675733
1778752975936226745,4.006645912122391,0.04565289937242372,-2.837019170069574
1778752975952883454,4.006830991916508,0.04571097943133036,-2.8449082007218576
1778752975985508309,4.007024654618551,0.04576916880685594,-2.8528931302409086
1778752976002209101,4.0072278555441985,0.045828300863762245,-2.8609735849836575
1778752976018794965,4.00743487001007,0.04588659405953563,-2.8691145132578777
1778752976019698287,4.007644743016656,0.045942857401237484,-2.8772965845730374
1778752976037033269,4.0078612943648215,0.046001378023516656,-2.885529693762913
1778752976068868478,4.008083566260066,0.04605858074926242,-2.893779145336869
1778752976085468239,4.008305835866501,0.04611375691839671,-2.90203727999007
1778752976086172431,4.008527149762934,0.0461671460485582,-2.910307001065722
1778752976102877121,4.008750369955726,0.046219460097284955,-2.918582973461018
1778752976119652506,4.0089764489803805,0.0462702211289753,-2.926870036873605
1778752976152256040,4.009200617315448,0.04631812333805264,-2.935157351331796
1778752976153427133,4.00942669059637,0.04636375837357397,-2.9434467811750364
1778752976170131222,4.009651808602985,0.04640796399773598,-2.9517435260171188
1778752976186973083,4.009878832463115,0.04645097533148174,-2.9600514445623483
1778752976218865282,4.010104900412503,0.04649184199846515,-2.968357249520059
1778752976235565183,4.010383422560423,0.04653491318472854,-2.9751938043409694
1778752976236413911,4.010740157124037,0.04658909990357444,-2.9801171548229437
1778752976252573021,4.011010102790666,0.046636353303683084,-2.985228415184105
1778752976270209768,4.011224716298689,0.046669722982101945,-2.991356482270406
1778752976287300874,4.011411668620915,0.046696329609979596,-2.9981881581432743
1778752976302588654,4.011608156556665,0.046723163665313615,-3.0054422407971138
1778752976335462293,4.0117741215199105,0.0467453837359232,-3.013017048402885
1778752976336714009,4.011947714462065,0.04676652213016033,-3.020756943875453
1778752976368787263,4.01213656869152,0.046789550284312156,-3.0286449389686507
1778752976369648134,4.012338772539014,0.04681137095787302,-3.0366443857672425
1778752976402223534,4.012586750327008,0.04683123152255944,-3.0432344196422085
1778752976402989685,4.012895781629788,0.046867234191195324,-3.0495282857851773
1778752976419309211,4.013133272556445,0.046889848658641785,-3.0548482982192713
1778752976452140549,4.013372667951892,0.04691043437151629,-3.0584621703295958
1778752976453027249,4.013546256747023,0.04692883095465432,-3.0624514682660813
1778752976469544152,4.013757040987351,0.046947661504572434,-3.0678025825080693
1778752976502148778,4.0139535135087465,0.04696042887248459,-3.0725072270630345
1778752976503424810,4.014157616627324,0.04697569084146194,-3.077302359345918
1778752976519717866,4.014352180176893,0.04698786436242699,-3.0832396029298863
1778752976536387790,4.01454292687944,0.0469975388862298,-3.0899459287960744
1778752976552846281,4.014706966541698,0.04700426395796262,-3.0971555138764235
1778752976569731425,4.014877681938506,0.04701086212595979,-3.1046585865609635
1778752976586301158,4.015059840580883,0.0470167318482912,-3.1123779170179526
1778752976602898534,4.015283957390917,0.04701993060348077,-3.1187225514085988
1778752976619429342,4.015582470389709,0.04703222273087928,-3.124789189656552
1778752976652218220,4.015803726870776,0.04703518636452726,-3.131538252450542
1778752976653492399,4.016004952669768,0.04703543126984226,-3.1387600058729697
1778752976669922035,4.016168983216627,0.04703428853372605,3.1368980098425623
1778752976702252058,4.016381646870414,0.04703022871801486,3.13068992513893
1778752976718901763,4.01668490689841,0.04702368029389219,3.1263757062030435
1778752976719744890,4.016898525688581,0.04701938095925731,3.123456809255382
1778752976736323570,4.017042527891215,0.04701826130726269,3.1199838153606243
1778752976768823417,4.017282849653813,0.04701309672971961,3.115038617631246
1778752976785523038,4.017485975516118,0.047008571069557185,3.10898709790068
1778752976803203608,4.017683377672144,0.04700023730782278,3.1022167605395548
1778752976818825144,4.017865515124263,0.046987987230407195,3.096545701050182
1778752976819324355,4.018123951111118,0.0469799407486996,3.091027977301753
1778752976836478883,4.018325164446543,0.046969576034467934,3.084614163157554
1778752976852974635,4.0185378162548036,0.046954668180120424,3.079185161977085
1778752976869875078,4.018753330548539,0.046940949120205286,3.0754742749380974
1778752976902163822,4.0189249812517,0.04693240661997203,3.0714192547486094
1778752976902955882,4.019105214229405,0.04692158925056607,3.0676519218793055
1778752976935473593,4.01926636975316,0.04690876730983961,3.0652684501625664
1778752976952136884,4.019417034302774,0.04689559983280854,3.0622593792009507
1778752976952914126,4.019656384572754,0.04687589283159308,3.057640293413529
1778752976985522169,4.019874755098475,0.04685799815169659,3.0534825389903073
1778752976986636042,4.020087402312769,0.046838798765511794,3.049132551008051
1778752977003213339,4.02031721339582,0.046818149083637364,3.043572849344634
1778752977019884055,4.020523183275277,0.0467968116254343,3.0371320843804757
1778752977036355731,4.020715802027343,0.04677608560238648,3.030121824961949
1778752977052915014,4.0208798108414925,0.04675610781104982,3.0227255272523643
1778752977069599074,4.021052399209778,0.04673290147807216,3.015120739702872
1778752977102246442,4.021271708205627,0.04670248873246772,3.0088828953385303
1778752977102595067,4.021574935400103,0.04666649563255694,3.002927188842661
1778752977120002507,4.021789474480173,0.046633823407164834,2.996229750130564
1778752977152367336,4.021989710443374,0.04660283659868711,2.9890518891296787
1778752977168824995,4.022156571759784,0.0465753453293908,2.9815509129466906
1778752977169520251,4.022334874907921,0.0465456951037283,2.9738565209427077
1778752977186810477,4.022552265306266,0.04650503256401037,2.967552353825977
1778752977203900441,4.022858326836069,0.046447578510093665,2.9631501746265734
1778752977235486126,4.023099559341048,0.04640569639701482,2.9584800639303115
1778752977236956929,4.023318856923492,0.04636491244970353,2.952664516793982
1778752977269138038,4.023513361739885,0.04632594521926255,2.9460396724644458
1778752977269595781,4.023709772181986,0.046285545279949374,2.9389208872014927
1778752977302196500,4.023869948950318,0.04625043231562683,2.9314598224937907
1778752977303344258,4.0240425194096,0.046211728785336616,2.9238027328474407
1778752977319808660,4.024226530409867,0.046170031834454076,2.9160003126253518
1778752977337512755,4.024421979799707,0.046123434115578135,2.9080891148463186
1778752977352982471,4.024626007369683,0.0460724157629575,2.900083501517379
1778752977369564848,4.024835754266483,0.04601924504952452,2.891995056821669
1778752977386532419,4.025055033495031,0.045962129440040835,2.8838473705441827
1778752977402978557,4.025277171743407,0.04590346081337992,2.8756433409519966
1778752977435500876,4.02549835375925,0.04584240910157111,2.8674152747396233
1778752977436398277,4.025719533047013,0.04577909241485335,2.8591719918571608
1778752977468801449,4.025942616844935,0.0457131509269661,2.8509139265108177
1778752977469707456,4.0261685583356766,0.04564446432976273,2.842643383494261
1778752977486196515,4.0264345316373005,0.0455567773021386,2.8358377362245695
1778752977519046139,4.02676343499759,0.04545852731695866,2.829388518996523
1778752977519822368,4.026992231709475,0.045384115379458245,2.8224033652335816
1778752977552140298,4.027189565281411,0.045317011477646454,2.815034733844332
1778752977568828367,4.027357344841018,0.04525888234217345,2.807379090472525
1778752977585522317,4.027532748857697,0.04519645288150726,2.7995749050325176
1778752977602220414,4.027716731671023,0.045130198833201025,2.791655295019389
1778752977602872768,4.027910243531267,0.04505749649572563,2.7836472730733774
1778752977619553753,4.028109472601145,0.044980376822071226,2.775558729981136
1778752977636452563,4.028309653255448,0.04490158712039461,2.767420141957461
1778752977669278191,4.028517459673912,0.0448195699763653,2.759228587764626
1778752977669987863,4.028728123145187,0.04473421167693283,2.751004492894041
1778752977686465791,4.028936876539812,0.04464670981030798,2.7427601335120446
1778752977703064550,4.029147535122399,0.044556702351319116,2.734489203152898
1778752977720497418,4.029356285246491,0.04446622025431185,2.7262089140957895
1778752977736081412,4.029569799520661,0.04437203717574652,2.717918550275577
1778752977768884166,4.029782357864167,0.04427559022112045,2.7096210537231014
1778752977785579648,4.029993006268423,0.04417711890851236,2.7013166594824187
1778752977802172455,4.030202700262616,0.044078171858403924,2.693016453192908
1778752977818979100,4.030408577540037,0.0439770834389756,2.684717825357146
1778752977819887822,4.030619221225698,0.04387455901325023,2.676413133595327
1778752977852212475,4.030827000137075,0.04376881923648104,2.668112242615726
1778752977853619246,4.03103477794925,0.0436621257860289,2.6598012099819095
1778752977869807763,4.0312377877478,0.04355555704063018,2.651499214522412
1778752977886447299,4.031521801440269,0.043398707785958515,2.644964406595154
1778752977903074491,4.031784856882656,0.04326262511731828,2.6390428486636837
1778752977919780494,4.031944021243266,0.04317565724491168,2.6325703822588107
1778752977935969842,4.032118426881852,0.04307460509942758,2.627091544750623
1778752977968853760,4.032337632145735,0.04295323572548546,2.6217087228111464
1778752977985523534,4.032512039688002,0.042853733299648124,2.6153630482649923
1778752978002328786,4.032674054793791,0.04275829827609182,2.608389757390916
1778752978019097749,4.032810334189486,0.042675171480139454,2.601016236727038
1778752978020283869,4.0329561450961,0.042587265323558186,2.5934023672752096
1778752978036130704,4.033114342301131,0.042489212094315824,2.585601254148228
1778752978053307535,4.0332801612479265,0.04238495119290165,2.577669301773009
1778752978085941327,4.033451695681492,0.042274961654152864,2.5696473703234006
1778752978086627274,4.033626086350618,0.04216067728610675,2.561549316784457
1778752978103024739,4.033837637562269,0.04201821667579603,2.554891479586224
1778752978135502924,4.034105420918904,0.04184648495677918,2.548556984842979
1778752978136483563,4.034294102694901,0.041719667133305584,2.541643164729354
1778752978153170390,4.034458003181593,0.04160527564698829,2.5343176665675897
1778752978169590998,4.034592359823561,0.041508680408576984,2.526721301754756
1778752978202158013,4.034740058454028,0.041403605927179,2.518929725799175
1778752978218840872,4.034926821211646,0.04126725356578711,2.512517403222302
1778752978235527357,4.035170760899156,0.041093999607095685,2.506390674614438
1778752978236786807,4.035347040515962,0.040963262169195803,2.4995958136165544
1778752978252965685,4.035501398985988,0.040844351724940324,2.4923397656527704
1778752978269512545,4.035647174338673,0.04072604722010266,2.4863179735233065
1778752978286309962,4.0358587073466,0.040567731784760266,2.480500333405358
1778752978302885325,4.036015920982104,0.040444168884069244,2.4738823141048663
1778752978319742757,4.036163603496918,0.04032490850646152,2.46673778597206
1778752978336400978,4.036289370098927,0.040222362700422516,2.4592486015396657
1778752978368805553,4.036422758079016,0.0401124171293511,2.451556389184607
1778752978385489735,4.036561860774092,0.039996623712209994,2.4437335103747153
1778752978402182472,4.036696194058045,0.03987976290803623,2.435845843311693
1778752978418956474,4.036842915952721,0.039754781587795204,2.4278474459550456
1778752978435592373,4.036998205252611,0.03961643894338402,2.4197647055357008
1778752978436810054,4.037190643463009,0.039439787273791806,2.4130874454857794
1778752978468934435,4.037430727992367,0.03923077494822804,2.4067226353728697
1778752978485492626,4.037593636736013,0.03908372123778726,2.3997597538233926
1778752978486158986,4.03773843936253,0.03894813249599529,2.3924024464262637
1778752978502810315,4.037858470122634,0.03883355315485815,2.3847843531954247
1778752978519556444,4.03798898178683,0.038710378659072044,2.3769904946848683
1778752978552146913,4.038124252734384,0.03857968848734819,2.3690806643466096
1778752978553069131,4.0382642817159216,0.0384400521288629,2.3610760231480095
1778752978586521874,4.038411930533496,0.03829194312268073,2.3529932082332303
1778752978587311459,4.038563386849262,0.038137630840793475,2.344837901312563
1778752978602973522,4.0387186514370566,0.03797794974781455,2.336627341565202
1778752978619476919,4.038908197326239,0.03777412167584185,2.329848113705181
1778752978637212754,4.039141572628116,0.037536626043912856,2.3234129418063714
1778752978668867851,4.039296827763901,0.037367765840890674,2.316433065646652
1778752978669621187,4.03944730905959,0.03719509643994798,2.3106085378568673
1778752978702229811,4.039603509027799,0.03702015546936983,2.3065409816029105
1778752978718885097,4.03973685879994,0.03687742736576424,2.302163847378425
1778752978718923139,4.039861629571121,0.03673828543132516,2.296502173632009
1778752978752277495,4.039992112661198,0.036589361745272345,2.2899787039582926
1778752978768905769,4.040102590616942,0.036460965127841166,2.2828829898782077
1778752978769766029,4.040222584855692,0.03631455692741272,2.2769992604585725
1778752978802191113,4.040391151051179,0.03611242196740779,2.2729480538299693
1778752978802854087,4.0405292509458155,0.03595347591485631,2.2685815609262696
1778752978819411967,4.0406654413389465,0.03579357838781462,2.2629543656119897
1778752978836402542,4.040790199863123,0.03564287315916015,2.256446289585007
1778752978852800889,4.040907335038626,0.03549789876662814,2.2493834090459965
1778752978885677534,4.04100827792892,0.03537058602377638,2.241946869488372
1778752978886252469,4.041115885507618,0.03523384805902674,2.2342896772841696
1778752978918876793,4.041226346660709,0.03509066949933397,2.226496309123529
1778752978935557027,4.041361557667605,0.0349083617398555,2.22010261871036
1778752978952270314,4.041550107259617,0.034667818330518796,2.2140024134996383
1778752978953089395,4.041684369502102,0.03448873031802277,2.2072375563628683
1778752978985824510,4.041801485897211,0.03432754347295122,2.200006922978929
1778752978986548730,4.041898604385525,0.034191890482245337,2.192473875986449
1778752979002890819,4.042000481916617,0.03404812576921538,2.184744274639724
1778752979019642880,4.042105211436638,0.03389672836929706,2.1769050794581113
1778752979036129274,4.042215652713708,0.03373626447406582,2.168961691106096
1778752979052772667,4.042322279732908,0.03357628181256526,2.1609437288519033
1778752979085808365,4.042435572185228,0.033407112347235486,2.152874141239982
1778752979086994737,4.042547907268022,0.033235082960356446,2.1447555806501706
1778752979118778388,4.042661188215004,0.03305625754926858,2.1365954776646983
1778752979135634557,4.042781135898619,0.03286943742650798,2.1283913695686802
1778752979136358186,4.042899171518645,0.03267856638903071,2.1201585996856482
1778752979152848869,4.043020061624297,0.03248220843043407,2.1118984699752548
1778752979169678287,4.043137138880302,0.032287166169706207,2.1036295218727585
1778752979202154338,4.04325325748676,0.032088071895254984,2.0953494163285096
1778752979218952085,4.043366516818511,0.03189041142885866,2.087065309600642
1778752979219423694,4.043478820789121,0.031691083132541445,2.0787727452980973
1778752979236524149,4.04359112118018,0.03148889381538666,2.0704775452664244
1778752979268891894,4.0436986531382635,0.031286709994286156,2.0621766311888545
1778752979285511462,4.043806185606106,0.03108476459143036,2.053874690371163
1778752979302254335,4.043911810956761,0.030883059805431094,2.0455774357915
1778752979319789378,4.044013623125253,0.030682789926863043,2.037277481602698
1778752979320033042,4.044115430508238,0.030478347725914526,2.0289853272439053
1778752979352159717,4.044215330388907,0.030273669304857854,2.020694840029939
1778752979368879186,4.044311416655291,0.030069948954302903,2.012398555926278
1778752979369941110,4.044407501497108,0.02986515572099548,2.0041022258496035
1778752979386456629,4.044502631644864,0.029659171494520613,1.9958031533268799
1778752979418919786,4.044594897473951,0.02945044875391382,1.9875108427120458
1778752979419907068,4.044705224718144,0.029191518051324014,1.9806748295498438
1778752979436565620,4.0448412480491145,0.028886900543089983,1.9741959577172101
1778752979452998853,4.044943973720238,0.028651105220051244,1.9687501754583465
1778752979485582840,4.045047646868606,0.028411136476487957,1.9633547610975421
1778752979502141372,4.045125630633683,0.028222099743332157,1.9570132803914426
1778752979679029411,4.0451969515670445,0.0280440379517562,1.9500362477914597
1778752979679058667,4.045254950239804,0.027891979157442976,1.9426601221004112
1778752979679072503,4.045315800986277,0.027731810838924634,1.9350357403557685
1778752979679084947,4.045380451419061,0.027558763529008653,1.9272363481267938
1778752979679097361,4.045446053530253,0.02738404619100004,1.9193282085462446
1778752979679109734,4.0455116441233345,0.027199315279302975,1.9113318904070147
1778752979679121947,4.045578176549009,0.027004331276331617,1.9032618786077364
1778752979679134111,4.045648512236971,0.026799448512116186,1.8951112421210519
1778752979679146134,4.045718842358441,0.026589797379538867,1.886908871265901
1778752979679158437,4.045790117919128,0.026372634967191253,1.8786732086019926
1778752979685525964,4.045868966359762,0.026107422450308188,1.871885647320065
1778752979702184436,4.045974457159986,0.025790203940519146,1.8654426499203727
1778752979703305232,4.046042855160506,0.02555742841812288,1.8584684515391947
1778752979735614426,4.046097941690167,0.025360669467223526,1.8510975780785692
1778752979736641423,4.046146383855915,0.025191336329304377,1.8434450933858322
1778752979768851628,4.046194818880432,0.02501568510313014,1.8356432879739075
1778752979785547782,4.046243245355499,0.0248328813245627,1.8277307403970635
1778752979786185848,4.046298294297301,0.02460381667791784,1.8212254020144367
1778752979803089838,4.046377110322237,0.024310113159440115,1.815012732577951
1778752979819724605,4.046425510906324,0.024104540421428455,1.8081524318766322
1778752979854029221,4.046469160075126,0.023913635912258254,1.8008460243658375
1778752979869470203,4.04651185484306,0.023722732502834062,1.7947801132087684
1778752979869721712,4.0465744787564555,0.023447167471159686,1.7906100079689746
1778752979886792270,4.0466257352706565,0.023237299904079533,1.786140776828063
1778752979903102027,4.046671281003908,0.02303685645952092,1.7804406973192972
1778752979935521882,4.046709208490162,0.022845958545288446,1.773885995294612
1778752979937215329,4.046746188255539,0.022660306935582845,1.766785488506805
1778752979968859665,4.046773662337638,0.022501965227371194,1.759323621100299
1778752979985501215,4.046804941652617,0.022335393686825404,1.751647252776367
1778752979986285580,4.046837159663483,0.02215582724314927,1.7438113356281033
1778752980018811897,4.046870315012584,0.021962312222853508,1.735865547521654
1778752980019649424,4.0469034191548685,0.02172445137637149,1.7293184286468921
1778752980036289892,4.0469478670528085,0.02140074670906002,1.7246382735215844
1778752980053646324,4.046988579633547,0.02114273071071602,1.7197474258194994
1778752980069595604,4.047018851095451,0.02092990709639931,1.7137710716519172
1778752980102132832,4.047044377926766,0.02073663928768656,1.7070299103609623
1778752980118768962,4.047068945951215,0.020539081046741705,1.6998330843529563
1778752980135513588,4.047090684697592,0.0203690634309926,1.6922969788921531
1778752980137446572,4.047109558206915,0.020195592045919766,1.6845838268737008
1778752980153111861,4.0471312733674685,0.02000507044595226,1.6767101166905836
1778752980329894871,4.047152020967392,0.019802867442885917,1.6687216201071844
1778752980329917243,4.047171806956257,0.019593512986168984,1.660657316805658
1778752980329925449,4.047189624741087,0.01933182788490624,1.6540132289971863
1778752980329934376,4.047223583472532,0.019008612145128997,1.6476851165261959
1778752980329942101,4.047239528977985,0.018776373916382625,1.640782657401593
1778752980329951348,4.047251692142233,0.018572511876768918,1.6334602980446202
1778752980329958602,4.047261029758133,0.018399528320329272,1.6258446872147
1778752980329967479,4.0472674998880125,0.018221302856551207,1.6180904297781893
1778752980329977819,4.047276816843333,0.01803055712790764,1.6101690958360713
1778752980329987467,4.047283259496769,0.017828370612740112,1.6021503250764997
1778752980336119525,4.047287788877085,0.017620941090628995,1.594067666312005
1778752980352952810,4.047289390837874,0.017356413654792884,1.5873910039095591
1778752980386539188,4.047300462559226,0.017033939550856095,1.581027182449389
1778752980402217311,4.047302105014724,0.016803505948287275,1.5740924142502377
1778752980418807453,4.047299965450808,0.016601686953236647,1.5667399543131877
1778752980419821035,4.047298805537204,0.016422874236991507,1.5590967712536246
1778752980452275075,4.047294775933555,0.016236316219479737,1.5512840881317946
1778752980468854155,4.047288828519008,0.016040700500398245,1.5433479422196026
1778752980469804978,4.0472828764762765,0.015841150877445042,1.535299558626526
1778752980486462197,4.0472759638711215,0.015635522683875382,1.527195291126373
1778752980503417916,4.0472556592331905,0.01539521999936825,1.5205324135053464
1778752980519878621,4.047233347982537,0.015069446509991615,1.515737855805058
1778752980536271146,4.047220654106613,0.01481220732334102,1.510761858229102
1778752980568952759,4.04720897195651,0.01460527332421235,1.5047069071566244
1778752980585588228,4.04719540332273,0.014416461323477712,1.4978982846345759
1778752980602091544,4.047175118443342,0.014193443974597073,1.4922216584067964
1778752980603038910,4.047157687309966,0.013963747612018114,1.4883067941455748
1778752980620439386,4.047146990530413,0.013784945887881555,1.4840743972215176
1778752980636654924,4.047131514340176,0.013596136085705939,1.4785195975077563
1778752980668910725,4.04711412562511,0.013402202485339415,1.4720621982718494
1778752980685524763,4.0470948574792365,0.013233305018254768,1.4650051765095962
1778752980686589562,4.0470736526858815,0.013038660559849705,1.4576145192549035
1778752980718969530,4.047047682782698,0.01284759787440847,1.4514964730556423
1778752980720069477,4.04701780234198,0.01257297392894882,1.4456184423001228
1778752980736543758,4.046990852077989,0.012358308918667866,1.440551421502774
1778752980752982681,4.0469629322087135,0.012130412785746924,1.4354773725904828
1778752980785503739,4.046934090429856,0.011930055079603543,1.430984285690332
1778752980802272270,4.046909068050386,0.011733269252529915,1.426349960394528
1778752980819947491,4.046878309688036,0.011524449890463763,1.42055399216204
1778752980835568154,4.046848526797282,0.011333033972608299,1.4139301826080275
1778752980836526140,4.046820679100846,0.011167245837848677,1.4067764322982372
1778752980868902311,4.046790919508867,0.010997287578933146,1.3993086575728366
1778752980886917169,4.046760201093674,0.010822800469171145,1.3916361256117442
1778752980886953488,4.046715118313867,0.010597308305728415,1.3853913712806216
1778752980902783521,4.046680516232313,0.010363817034357486,1.3794351349995178
1778752980935744647,4.04663543210915,0.010136894360161502,1.37281404998581
1778752980936397371,4.046606667208956,0.010002340137366356,1.3657182079865
1778752980953076402,4.046573106887656,0.009844784033376667,1.3582820535653908
1778752980969497983,4.046526152447033,0.009650050044433277,1.3521530751769666
1778752981002139620,4.046468619618743,0.009379272670725202,1.3462580316925985
1778752981019007120,4.046424521484168,0.009180243852431663,1.3395889431814696
1778752981020143887,4.046380437009916,0.008992659117981323,1.3324025618048592
1778752981052274360,4.046344032356298,0.008849888253942124,1.3249262405920523
1778752981068873088,4.046303797478807,0.008692339843491938,1.3172391703568127
1778752981085489790,4.046265474618438,0.008540392068866285,1.3094533679366054
1778752981086354037,4.0462166321628175,0.008362349567704503,1.3015478914772978
1778752981103069398,4.0461630066592456,0.008171795595649263,1.2935454689026094
1778752981119788405,4.046106514967545,0.007976595761849755,1.285461515461651
1778752981152204282,4.0460481092922285,0.007775556875072425,1.2773253484720204
1778752981154107219,4.045985886560476,0.007572734247169613,1.2691568696514945
1778752981170048875,4.045920801290632,0.007368126778307297,1.2609537796220847
1778752981202294627,4.045853808430113,0.007163879135969573,1.2527253184913605
1778752981203603783,4.045783948285837,0.006953912748888652,1.2444762182774514
1778752981219704512,4.045713136895275,0.006746093226829848,1.2362096822712636
1778752981236404042,4.045642328554584,0.006540777098065535,1.2279506950085444
1778752981268864664,4.045567705768059,0.006335942203172717,1.219691552950291
1778752981269764429,4.045473009595102,0.006091195306189079,1.212898898722669
1778752981302138606,4.045363942861754,0.005789721313127818,1.2064361562457466
1778752981303074720,4.045285500885256,0.005580599283128496,1.199424324413957
1778752981335445531,4.045210898488084,0.005393168932702867,1.1920293237328234
1778752981337270730,4.045144909716697,0.005232193134123323,1.1843664014729025
1778752981353279614,4.045063617525221,0.005033445603889415,1.1780665800566523
1778752981385571564,4.044953624022722,0.004755456924594049,1.1720596060711728
1778752981387074218,4.044868514761516,0.004553018304231661,1.1653378299166215
1778752981418790010,4.044777676076888,0.004345460284134269,1.159667967615455
1778752981435519989,4.0446858795543426,0.00413420787764537,1.1557602455332305
1778752981436525856,4.044616074061083,0.003972044384256231,1.1515229724245888
1778752981452681790,4.044542445040812,0.0038021366889239828,1.1459633747161235
1778752981485459577,4.04446308676974,0.003624486988834578,1.139505461857456
1778752981486252729,4.0443885233671235,0.0034710312634868754,1.1324448807402632
1778752981502919126,4.044314912105683,0.0033161439283264497,1.1250227028643514
1778752981535545313,4.044236526761517,0.0031561360929808803,1.1173607210854848
1778752981536440610,4.044155273036443,0.0029901710950874997,1.1095570512095723
1778752981552877710,4.044071156126121,0.002822063628779551,1.1016532568476327
1778752981570171823,4.043984173181416,0.0026496679285520743,1.093678193172896
1778752981586158475,4.0438943234954055,0.0024722687390548474,1.085633782590023
1778752981618845859,4.04377486451524,0.002255922213363938,1.079028656494796
1778752981619918083,4.043632446184097,0.0019783285347913845,1.072742418312534
1778752981652276941,4.043526364090003,0.0017830666496687889,1.0658539911560712
1778752981668890928,4.04342888844267,0.0016084180654187407,1.0585452430849527
1778752981685538880,4.043346707771204,0.0014655807534841164,1.0509584625624921
1778752981702185209,4.043260703690202,0.001314999239518366,1.0431979851681874
1778752981718874720,4.043166106204728,0.0011554869276129316,1.0353184073031108
1778752981719595955,4.043064821034467,0.0009856111088252094,1.0273440192398953
1778752981736160067,4.042932972649823,0.0007764314252897742,1.0207787348023662
1778752981768844565,4.042775306876095,0.0005085112798208835,1.014513880429525
1778752981785532203,4.042658742550899,0.0003206524572083693,1.0076423849563405
1778752981786304886,4.042551738084458,0.0001526905805834213,1.0003375848309148
1778752981802688354,4.0424600198906875,9.029796055959603e-06,0.992729950582196
1778752981819521880,4.042362577000763,-0.00013677015891551156,0.9849774115616645
1778752981836204868,4.042259399190892,-0.00029400760310932116,0.9770789783644296
1778752981868907101,4.042146677363119,-0.00045719451550167917,0.9690813668960202
1778752981869559424,4.042033001598772,-0.0006209763750624404,0.9610251945623299
1778752981886121072,4.041914550846087,-0.0007902363620697758,0.9529177933948375
1778752981902854366,4.041792286254885,-0.000958895906347316,0.9447805844937186
1778752981919404131,4.0416652457406155,-0.0011339872518775944,0.9365916077380446
1778752981937439648,4.041500966951639,-0.0013480171402984493,0.9298375437470617
1778752981953123001,4.041309924443048,-0.0016141106754078381,0.9234246183768964
1778752981985498641,4.0411695240869445,-0.001797292859125491,0.9164528937586262
1778752982002175097,4.041048228139225,-0.00195355574523562,0.9090859207347793
1778752982018867634,4.040945081870085,-0.002082898233745775,0.9014641357838522
1778752982036048973,4.040836204582339,-0.0022205787722551647,0.8936739297013077
1778752982037062876,4.040698679839305,-0.002389816774851705,0.8873015456924433
1778752982068911401,4.0405124426625,-0.0026249214122000394,0.8812299339355347
1778752982070043649,4.040376834649034,-0.0027866514334897344,0.8744604148618792
1778752982102179862,4.040251734245845,-0.0029339692319683168,0.8672245472300589
1778752982118838194,4.040152421758157,-0.003046507618406615,0.8597118553409642
1778752982135493671,4.040043557899351,-0.0031728632822127585,0.8520110034305332
1778752982136451967,4.03990318564745,-0.0033302962753116293,0.8457039988005213
1778752982168905315,4.039710286090972,-0.003553829924852257,0.8396937667098492
1778752982171237551,4.039571824633366,-0.0037087617233564863,0.832948561096597
1778752982186308096,4.039440054816029,-0.003850468994422508,0.825723252127108
1778752982203194462,4.039331203701212,-0.003965380573698919,0.8181887024308881
1778752982235522672,4.039209937081524,-0.00409517901422732,0.8104675258835187
1778752982236553126,4.039090584698283,-0.0042197344485338725,0.8026362190508213
1778752982253087171,4.038953095881536,-0.004358454893839676,0.7946718941826306
1778752982269420733,4.03877933072293,-0.004528724009999937,0.788105197117505
1778752982302289744,4.038565448921921,-0.004752471894674621,0.7818413159889109
1778752982303169120,4.03840886647171,-0.004909170947162464,0.774963560813803
1778752982335536274,4.038264702892934,-0.005047287652207999,0.767653078415396
1778752982352221196,4.038141544058346,-0.005164507323117343,0.7600452548931239
1778752982353458545,4.038011705236953,-0.00528553399444439,0.7522701078519014
1778752982385592414,4.037869455558795,-0.0054173944138533325,0.7443654251353027
1778752982385858561,4.037688073294023,-0.005576985512065745,0.7378522666144433
1778752982418843512,4.037465627717917,-0.005784630261083878,0.7316297047369613
1778752982435488569,4.037305246141981,-0.005927556252744261,0.7247577917960301
1778752982452175435,4.037154415965759,-0.006057618641564704,0.7174581071583018
1778752982468790204,4.0370093206155016,-0.0061762435410923945,0.7114110123502366
1778752982469439271,4.036812662441044,-0.0063507778080715924,0.705583476311573
1778752982486225416,4.03666278863118,-0.006478218693217799,0.6989615140875102
1778752982502946267,4.0365167371296,-0.006599584305894145,0.6918111553607443
1778752982519512333,4.036372603468037,-0.006711296170456031,0.6858671593321294
1778752982536297937,4.036174047062193,-0.006877900826527602,0.6801185415868661
1778752982568959632,4.036019408762327,-0.007002057962457643,0.6735421374671132
1778752982569618488,4.035869546991057,-0.007119604483618651,0.6664259032474149
1778752982585895243,4.035740687020858,-0.007218399736078014,0.6589641503410559
1778752982603246515,4.035601328141531,-0.007324812287008876,0.6512800065840869
1778752982619864901,4.035452424403554,-0.007438127980014863,0.6434349554478938
1778752982636411179,4.035292068581199,-0.007558404221441394,0.6354707506651861
1778752982652586059,4.03512312789667,-0.0076802202897824365,0.6274199115067597
1778752982670186116,4.034948463354687,-0.007803937110569238,0.6192845129636981
1778752982702267335,4.034772844852896,-0.00792747401797052,0.6111098225411561
1778752982703137393,4.0345495135685585,-0.008076049503963307,0.6043780334945401
1778752982719714079,4.034287034323354,-0.008265409077048343,0.5979693449868982
1778752982736464246,4.034083740352304,-0.008405961025234079,0.5925698088988444
1778752982753302100,4.033869948691114,-0.008551686481881749,0.5872262709963049
1778752982769638999,4.033700064810713,-0.008664799179000142,0.5809226947168648
1778752982786406028,4.033537819817968,-0.008769814443539147,0.5739790568284441
1778752982818911305,4.033398481268493,-0.008858405217361654,0.5666134179271578
1778752982835453836,4.033249599937454,-0.008952647437025724,0.5589884524956236
1778752982837164777,4.033094995870131,-0.009047002270275904,0.5512094759092381
1778752982853250357,4.032930848352381,-0.009147425781463103,0.5432996404461545
1778752982885556455,4.0327581141844675,-0.009250879234641594,0.5352963591334374
1778752982886449848,4.032578702522871,-0.009355874713152789,0.5272149963650316
1778752982919567672,4.0323945210361645,-0.00946223560166975,0.5190792080502492
1778752982935577077,4.0322103415111155,-0.009566629537986801,0.5109150478703935
1778752982936627890,4.0320166210504675,-0.009674767572515484,0.5027028461033048
1778752982968869134,4.031819086102356,-0.009782603187111447,0.4944654053716532
1778752982970460317,4.031623462565053,-0.009887341561008121,0.4861998418039765
1778752983002213690,4.03142974815001,-0.00999023439028064,0.4779282096688406
1778752983018881090,4.031228403693269,-0.010093774076678228,0.469644928564819
1778752983019779211,4.031026106956166,-0.010195941757815467,0.46135861132815237
1778752983036365556,4.030821904658483,-0.010296497916159343,0.45306841356515
1778752983053021653,4.030619613064685,-0.010394672089154155,0.4447739742128563
1778752983069614631,4.030414461697406,-0.01049123363975043,0.43647711342625556
1778752983086266019,4.030210266003863,-0.010586365779286644,0.4281792184977521
1778752983103245683,4.029958370188503,-0.010695450040762182,0.42135280445071316
1778752983119889437,4.029662571759154,-0.010833153553642174,0.4148705356775947
1778752983136717903,4.029451703850846,-0.010925655396500302,0.4078435222925058
1778752983154237066,4.029268509175342,-0.011003347569194619,0.4004474604504954
1778752983169748241,4.029110122667208,-0.011069922259804053,0.3927799356623603
1778752983202297121,4.028945060287123,-0.011136489255888192,0.384969642693094
1778752983203284523,4.028736113362685,-0.011216833957407786,0.37854585713586086
1778752983219874485,4.028462275675101,-0.011331257350827673,0.37241239956171784
1778752983236664327,4.02826000760915,-0.01140934477215724,0.36561852253734617
1778752983253098271,4.028078731963011,-0.011477085174344901,0.3583599890570375
1778752983269417677,4.027905095141449,-0.01153619170199602,0.35235425677784543
1778752983286871655,4.027658938782026,-0.011629964174965092,0.3465588316614733
1778752983318835530,4.027470034294784,-0.011696861318760955,0.3399546737108682
1778752983319821640,4.027290671737373,-0.011759477923180188,0.33281782752631006
1778752983336994923,4.027137070032746,-0.011811753004511809,0.3253374317394883
1778752983368799354,4.0269729764733855,-0.011865565714621402,0.31764712029269043
1778752983385463968,4.026806023737137,-0.011917288965526192,0.3098352918542585
1778752983386304811,4.026629529087144,-0.01197382919772956,0.301883809509312
1778752983403373925,4.026438727330317,-0.012031962266145226,0.2938519163555948
1778752983435545506,4.026235524629191,-0.012093001670734271,0.2857344316587046
1778752983452161257,4.026032324486316,-0.012151597286317149,0.27757530243710155
1778752983469109632,4.025818631953666,-0.012211909344247098,0.2693582604487844
1778752983485435149,4.025600172027479,-0.012271619860334973,0.26110965960929067
1778752983486513204,4.025379804705732,-0.01233120896867106,0.25284136339198066
1778752983503069972,4.025111748348156,-0.012395213462187499,0.2460429138340637
1778752983520226283,4.024791211832892,-0.012482701317960667,0.23958291280603133
1778752983552204686,4.024562267686615,-0.012537631374941094,0.2325919952699335
1778752983553302077,4.02436385199812,-0.012582821450834412,0.225215564917841
1778752983585730858,4.0241997783474766,-0.012618871988176784,0.21758404000496298
1778752983587286463,4.024018535095325,-0.012658180993410173,0.20976818691370638
1778752983618835478,4.0238287091324105,-0.012697122478156988,0.2018384910280013
1778752983635523226,4.023629346102807,-0.012736410598584757,0.19381159602804446
1778752983652231202,4.023415675928317,-0.01277758957847959,0.18569275771258575
1778752983668900715,4.023195330243509,-0.01281828402686683,0.17750542897373464
1778752983685575208,4.0229749865093725,-0.012857428755642516,0.1692872481927729
1778752983702181129,4.02275083017153,-0.012894840554137109,0.16104368547138231
1778752983703493381,4.022525720591524,-0.012931714811843924,0.1527767212156168
1778752983735674850,4.022299660251495,-0.012966203786266318,0.14448222683622153
1778752983752147679,4.022074556030092,-0.012998428884768804,0.1361863525694688
1778752983752879794,4.0218456390423025,-0.013028980657524968,0.12788682045534908
1778752983785553652,4.021617678731677,-0.013057089740809718,0.11957876414412187
1778752983785952653,4.021389719654078,-0.013084006731885178,0.11126650636346751
1778752983818812686,4.021160809353688,-0.013108776857956124,0.10296034550221876
1778752983819675711,4.020884216218609,-0.01313241914078451,0.09611935049351403
1778752983835959449,4.020550385656492,-0.01317024097174115,0.08962838440447703
1778752983853413076,4.020310990506725,-0.013191184312739655,0.08262184403212876
1778752983869686535,4.020109747895883,-0.013206687997562595,0.0752332238782869
1778752983902230836,4.019936165052635,-0.013219064514837724,0.0675753063003257
1778752983903150228,4.019761632678813,-0.013227744447303147,0.05978514378691843
1778752983919916927,4.019543232854441,-0.013234943305907333,0.05336194009898683
1778752983952186084,4.019250431683709,-0.013254752207598933,0.047220771291983876
1778752983953494588,4.019039660013439,-0.013263390370646756,0.04040672768899825
1778752983969846185,4.018846056767578,-0.01327026018133803,0.03313196007674479
1778752984002175747,4.018675343438919,-0.013275308629811659,0.025547282738766577
1778752984018834539,4.018502725395789,-0.013277970695589331,0.017808977875635547
1778752984035523960,4.018317709479941,-0.013280976099605503,0.009938970801294498
1778752984052157575,4.01811934429339,-0.013281820348784472,0.001939292435149026
1778752984053086365,4.017916213376662,-0.013280334522324588,-0.0061308628429247326
1778752984069424116,4.017705454849809,-0.013277528601141937,-0.014254827437576788
1778752984102161205,4.017488975587911,-0.013273404783285037,-0.02243666337669139
1778752984102864586,4.0172667773120425,-0.013266592162940289,-0.030660773950167433
1778752984119498280,4.017042672707121,-0.01325918129838956,-0.038906023987560094
1778752984152140098,4.0168157091602685,-0.013249680974810064,-0.047176684469428694
1778752984168815913,4.016542025300756,-0.013231722541049968,-0.053992576051649005
1778752984168954797,4.01620825291123,-0.0132192976900304,-0.060452704915715826
1778752984187743049,4.015954593420539,-0.013204342570246202,-0.0658818458471978
1778752984218875890,4.015694255910322,-0.013190631452117461,-0.07127204541932937
1778752984220082710,4.015492094617012,-0.013175735689061219,-0.07760730367986991
1778752984236382238,4.015299472407975,-0.013158824361449292,-0.08456758338477172
1778752984253357604,4.015118295845694,-0.013139661248469383,-0.09037533895797585
1778752984270332369,4.014858925767904,-0.013113911099205818,-0.09433981314602305
1778752984302449246,4.014678701677527,-0.01309623920094307,-0.09695965540640591
1778752984303456535,4.014575717500647,-0.013085153239816499,-0.0985619325288552
1778752984319364196,4.014512783133802,-0.013078226163088869,-0.0995122323403651
1778752984352187099,4.014466059086058,-0.013072927096912589,-0.10003704203997824
1778752984369853512,4.014427917405578,-0.013068293574248801,-0.10029479566662047
1778752984370589094,4.0144059860132915,-0.013065824504023106,-0.10044143609107781
1778752984386119436,4.014396450459792,-0.013064919443048013,-0.10052065696848171
1778752984402813395,4.014391682057724,-0.013064377505106983,-0.10054468194992236
1778752984419562290,4.014391681189907,-0.01306521196964997,-0.10054947423213868
1778752984436194071,4.01439168073965,-0.013065867620535835,-0.10053987701812453
1778752984452871469,4.014392634276535,-0.013066047533604493,-0.10051346808564834
1778752984469654619,4.0143954952741066,-0.013066170040503765,-0.10048225231108886
1778752984486258937,4.014398355787202,-0.013066590570323335,-0.10044622083777313
1778752984503020837,4.014400262318782,-0.013066890791397777,-0.10041261544804059
1778752984535443175,4.0144050310137835,-0.01306701549696169,-0.10038134686154321
1778752984536319386,4.014405030482318,-0.013067313519846779,-0.10035491200227012
1778752984569308234,4.014407891342489,-0.01306755523595642,-0.10032845286257568
1778752984570586761,4.01440979871098,-0.013067557434374617,-0.10030440395488681
1778752984586534619,4.014411705739544,-0.013067976865134718,-0.10028514992670219
1778752984602147428,4.0144126590831,-0.013067977964088567,-0.10025869531009506
1778752984620178486,4.014415519919776,-0.0130682196801806,-0.10024184787157642
1778752984652196173,4.0144174271761495,-0.01306840069248476,-0.10022258124006424
1778752984652903161,4.014418380754664,-0.013068401791614642,-0.10020332279335692
1778752984685490394,4.014420287754371,-0.013068642408383159,-0.10018887971010448
1778752984686954725,4.014420287457862,-0.013068940431444286,-0.10017442199611977
1778752984703089920,4.014422194528057,-0.013069181048265611,-0.1001575572500446
1778752984736286725,4.01442410205923,-0.013069123642149036,-0.10014791910143506
1778752984752270020,4.014424101484348,-0.013069540874314908,-0.10013346229842178
1778752984768862957,4.014425055384653,-0.013069303555059262,-0.10012141630995366
1778752984769655518,4.014426008760642,-0.013069602677320682,-0.10010936558145837
1778752984786402008,4.014426962176475,-0.013069663380985336,-0.10009972888442072
1778752984818886936,4.014428869613665,-0.013069605974798346,-0.10009008141698846
1778752984819803272,4.01442886919789,-0.01306984439311346,-0.10008285733486899
1778752984852092768,4.014429822845105,-0.01306978588763816,-0.10007321620701018
1778752984853104096,4.014428869080412,-0.013069844393025444,-0.10006597895230941
1778752984886663802,4.014430776078332,-0.013070025405135965,-0.1000563384521614
1778752984902202670,4.01443173028587,-0.01306984769076716,-0.1000490921785721
1778752984903540851,4.014430776566381,-0.013069846591531657,-0.10004427427330881
1778752984919259692,4.0144317302135955,-0.013069788086056354,-0.10003945238450761
1778752984936540410,4.0144326841644675,-0.013069669976151903,-0.10003221401220484
1778752984952921684,4.0144317304033486,-0.013069847690855178,-0.10002979748421756
1778752984970166203,4.014433638046639,-0.013069611470852635,-0.10002496822287665
1778752984986170829,4.01443268372341,-0.01306984878979142,-0.10002016360476824
1778752985018797377,4.0144345914660455,-0.013069791383833277,-0.10001773685361584
1778752985019988768,4.014435544467889,-0.013070150110471034,-0.10001291867448796
1778752985036220847,4.014435544766185,-0.013069911692067905,-0.10000567328389542
1778752985052823011,4.014433637025337,-0.013070028702684042,-0.10000086253232496
1778752985069677958,4.014435544977647,-0.013069911692226335,-0.0999984304209376
1778752985086287296,4.014435544860167,-0.013069911692138319,-0.09999602888110623
1778752985102838013,4.014437452112967,-0.013069973495126489,-0.09999119270454795
1778752985135509166,4.014436498689987,-0.013069674372829862,-0.09998879177463588
1778752985152143803,4.014436498557949,-0.013069972396014212,-0.09998636512827157
1778752985153602633,4.014436499111123,-0.01306961476848873,-0.0999839542202218
1778752985169434399,4.014436499089415,-0.013069674373129121,-0.09998153179230106
1778752985202128957,4.014437452485325,-0.013069854286092157,-0.09998154357088113
1778752985203593799,4.0144374525721584,-0.013069615867530596,-0.09997913071672082
1778752985219598605,4.0144384065048975,-0.013069676571582521,-0.09997670058126004
1778752985252223570,4.014436498970149,-0.013069614768383109,-0.09997671901820725
1778752985253384002,4.014435545178386,-0.013069554064436802,-0.09997188776266541
1778752985285571664,4.014436498924945,-0.013069674373005897,-0.09997430024587828
1778752985286406004,4.014436499178036,-0.013069495559225552,-0.0999718819884866
1778752985318880653,4.014437452707772,-0.013069437053662234,-0.09997431174885496
1778752985335454093,4.014437452709559,-0.013069496658320228,-0.09996946507482377
1778752985336114341,4.014437453056633,-0.013069317844610297,-0.09997188070721268
1778752985353134102,4.0144364990135655,-0.013069495559102327,-0.09997189545075877
1778752985385471468,4.0144384063115695,-0.013069497757467715,-0.09996946912766405
1778752985386486984,4.014438406524818,-0.013069557362284137,-0.09997429371855054
1778752985403292917,4.014437452593867,-0.013069556262890204,-0.0999718933451274
1778752985419747501,4.014437452893951,-0.013069377449145067,-0.09997188404166507
1778752985436379111,4.014436499250311,-0.013069555163936358,-0.09997429415939924
1778752985453326424,4.014436499107549,-0.013069495559172742,-0.09997430464872263
1778752985485461175,4.014437452543301,-0.01306943705353901,-0.09997189666148938
1778752985502139274,4.014436498944866,-0.013069555163707513,-0.09997188932889173
1778752985502963836,4.014435545691717,-0.01306943485550809,-0.09997187701139779
1778752985535452691,4.0144374527565505,-0.013069496658355434,-0.09997671884134249
1778752985552152993,4.014437452479963,-0.013069675472118175,-0.09997429880068812
1778752985552945984,4.014438406617014,-0.01306949775769656,-0.09997187735357974
1778752985585504563,4.0144364990117785,-0.013069435954444335,-0.09997189994449998
1778752985585850062,4.014437452868667,-0.013069317844469469,-0.09997188972486143
1778752985603089180,4.01443840675084,-0.013069259339170202,-0.09997188444795539
1778752985620655232,4.0144384065230305,-0.013069497757626145,-0.09997187868103835
1778752985636171417,4.014437452758338,-0.013069556263013428,-0.09997429541991242
1778752985668859923,4.014436499084053,-0.013069495559155138,-0.09997430284956994
1778752985669612387,4.014436498876165,-0.013069614768312695,-0.09997430572557993
1778752985685906365,4.014437452595654,-0.013069615867548198,-0.09997188219199032
1778752985718875386,4.0144364991997445,-0.013069435954585162,-0.09997188127521676
1778752985719586250,4.014437452780046,-0.013069496658373038,-0.0999742969200907
1778752985736188074,4.014437452848746,-0.013069437053767854,-0.09997188119101114
1778752985768827908,4.014436498919583,-0.013069495559031913,-0.09997189310227018
1778752985769814168,4.014438406383844,-0.013069557362178517,-0.09997429297815522
1778752985802210818,4.014437452897525,-0.013069496658461055,-0.09997429511126242
1778752985803049115,4.014436498686413,-0.013069555163513874,-0.09996948528715581
1778752985836303029,4.014437452846959,-0.01306937744910986,-0.09997188664763121
1778752985852247220,4.014437452642646,-0.013069615867583406,-0.09997188483486047
1778752985868872809,4.014436499152753,-0.013069435954549955,-0.0999694649575184
1778752985869800177,4.014437452803542,-0.01306949665839064,-0.09996946469899155
1778752985886527901,4.014437452987933,-0.01306937744921548,-0.09997429895282188
1778752985902832228,4.014437452895738,-0.01306943705380306,-0.09997429710080194
1778752985935597701,4.014437453011429,-0.013069377449233083,-0.09997429771012618
1778752985936622935,4.014437452664355,-0.013069556262943014,-0.09997188010632092
1778752985952310666,4.014436498901449,-0.013069674372988295,-0.09997429774088286
1778752985970741717,4.014436498970149,-0.013069614768383109,-0.09997429931622524
1778752986002277727,4.014436499384136,-0.013069316745410002,-0.0999718792511783
1778752986003149268,4.0144364990135655,-0.013069495559102327,-0.09997430515585083
1778752986019686489,4.0144374527782585,-0.013069437053715044,-0.09997429874738889
1778752986036279035,4.01443745282525,-0.01306943705375025,-0.09997188385203902
1778752986052966823,4.014435545295864,-0.01306955406452482,-0.09997431060756186
1778752986069278253,4.014437452709559,-0.013069496658320228,-0.0999743031958695
1778752986086701874,4.014437452640859,-0.013069556262925412,-0.09997429962516113
1778752986103323866,4.014436499156328,-0.013069555163865943,-0.09997429636825704
1778752986135457615,4.0144364994094195,-0.013069376350085598,-0.09997187669895188
1778752986136805885,4.014437452846959,-0.01306937744910986,-0.09997430981791011
1778752986153054375,4.014438405899369,-0.013069855385098817,-0.09997188900773317
1778752986169532143,4.0144374527601245,-0.013069615867671422,-0.09997188284799696
1778752986202169121,4.014436498829174,-0.013069614768277489,-0.09996947879823231
1778752986218849915,4.014437453221104,-0.013069317844733521,-0.09997188102856781
1778752986235556159,4.014439360291299,-0.013069558461554848,-0.09997429142540877
1778752986236609907,4.014437452895738,-0.01306943705380306,-0.09997188674799419
1778752986252944632,4.014437452640859,-0.013069556262925412,-0.09996947124645483
1778752986269486983,4.014436499362428,-0.01306937635005039,-0.09997188417329554
1778752986302188674,4.014437452593867,-0.013069556262890204,-0.09997189292576038
1778752986318860692,4.0144384067309185,-0.013069378548468588,-0.09997187599193764
1778752986336076386,4.014436498986496,-0.013069376349768735,-0.09997431772477375
1778752986352161014,4.014436498854457,-0.013069674372953087,-0.09997429887037737
1778752986369010370,4.0144364987857575,-0.013069733977558269,-0.09997430478277404
1778752986371048655,4.014437452848746,-0.013069437053767854,-0.09997430038459482
1778752986402182919,4.014437452293785,-0.013069735076635341,-0.09996948054838109
1778752986403222019,4.014437452687851,-0.013069556262960618,-0.09997188822008937
1778752986418979614,4.014437452875817,-0.013069556263101446,-0.0999718858793627
1778752986437043695,4.014437452245006,-0.013069675471942141,-0.09996948282979418
1778752986453300472,4.0144374527565505,-0.013069496658355434,-0.09997429985775573
1778752986485478715,4.014437452481751,-0.01306973507677617,-0.09997188368631099
1778752986486429648,4.014436499297303,-0.013069555163971564,-0.09997187563035981
1778752986502905281,4.014437452754763,-0.01306943705369744,-0.09997189619973411
1778752986519656841,4.014438406291648,-0.013069616966766099,-0.09997429826518812
1778752986536043064,4.014438406340426,-0.013069676571459297,-0.09997188029694647
1778752986552877321,4.014437452781833,-0.013069556263031032,-0.09996946609944041
1778752986569169544,4.0144364992196655,-0.013069316745286778,-0.09996948198226788
1778752986586693496,4.014438406175956,-0.013069676571336074,-0.09997188540726942
1778752986618807918,4.014438406175956,-0.013069676571336074,-0.09997188425773737
1778752986635484304,4.014437452434759,-0.013069735076740963,-0.09997188767473592
1778752986636382356,4.014437452707772,-0.013069437053662234,-0.09997188827060968
1778752986668859199,4.01443649901714,-0.013069614768418315,-0.0999718869419229
1778752986685588295,4.0144384067291305,-0.013069318943810592,-0.09997188153464846
1778752986686442914,4.014437452689638,-0.013069615867618612,-0.09997429619072114
1778752986702830600,4.014436499178036,-0.013069495559225552,-0.09997429936158865
1778752986719537003,4.014437452823463,-0.013069377449092257,-0.0999718901401088
1778752986736434681,4.014437452942729,-0.013069437053838267,-0.09997188173011248
1778752986753400660,4.0144364992033195,-0.013069555163901151,-0.09997187351995765
1778752986769556664,4.014437452642646,-0.013069615867583406,-0.09997188123379293
1778752986786264320,4.014437452642646,-0.013069615867583406,-0.09997188133586316
1778752986818848316,4.0144355454350515,-0.013069494459972446,-0.09997429913601037
1778752986819559843,4.014437452642646,-0.013069615867583406,-0.09997430001991822
1778752986835543148,4.014437453060208,-0.013069437053926285,-0.09997187580179868
1778752986853873306,4.014437453011429,-0.013069377449233083,-0.099971883547596
1778752986869893411,4.0144374525721584,-0.013069615867530596,-0.09997188363276194
1778752986886380346,4.014438406589944,-0.013069378548362967,-0.09997188529388923
1778752986918866707,4.014437452687851,-0.013069556262960618,-0.0999743000353693
1778752986935486976,4.013356325038772,-0.01277559155345123,-0.10006353142427896
1778752986936252035,4.01116472921705,-0.012822120181325653,-0.10134531312413164
1778752986952908944,4.008145775276015,-0.012495106316463318,-0.10252165922673849
1778752986985650992,4.004148459501086,-0.012075888836256987,-0.10360532527564677
1778752987002180528,3.999480555411353,-0.011584134398167746,-0.1037566409476944
1778752987002950445,3.9943394440888005,-0.011044687238034381,-0.10271463356968863
1778752987035573647,3.9887940026134268,-0.010482481895605085,-0.10040842543131923
1778752987036306925,3.984102470014024,-0.010012694351797337,-0.0983102809552589
1778752987052810411,3.9789923137642464,-0.009506244261371977,-0.09577748228871354
1778752987085844045,3.9745796687568613,-0.009091376052984802,-0.09390937388259124
1778752987086619984,3.9696868989152017,-0.00862964161594036,-0.09174097917172024
1778752987103223862,3.964159016159876,-0.008141485529182035,-0.08883031335127206
1778752987119681081,3.9582406347719483,-0.007626772502955347,-0.08502691936052778
1778752987135537544,3.95201134943744,-0.0071166483189055215,-0.0803173904488664
1778752987168811325,3.9455827207667467,-0.006628705733578146,-0.07490611326862465
1778752987185544450,3.9390510583248908,-0.006172950130698793,-0.06907559456491938
1778752987186261206,3.932471666930695,-0.005756180583953515,-0.06301959345252868
1778752987202884391,3.925866956403518,-0.005379853435196897,-0.05683186310984685
1778752987219583650,3.9200227126521234,-0.0050792066775655915,-0.05146865576980429
1778752987252258631,3.9139286224903285,-0.004761642242075639,-0.04615752234575635
1778752987253056081,3.907486386156035,-0.0044992280967405315,-0.040334617578349316
1778752987269503550,3.9009039150343123,-0.004271699873412481,-0.03428818960254739
1778752987302149105,3.8942665621143875,-0.00408404353183975,-0.02812323175301348
1778752987303307603,3.887604366236012,-0.00393748578858326,-0.021884732964850523
1778752987319423571,3.8809287708056495,-0.0038326358801160022,-0.015593230370804555
1778752987352189044,3.8742474046337594,-0.0037700986461801952,-0.009357205985174548
1778752987368934982,3.867558837161028,-0.003749753228624202,-0.003080764168572916
1778752987385627289,3.8608678380136143,-0.003770651449889787,0.0033203214276575324
1778752987402328372,3.854174405860934,-0.003833866192799842,0.009567999253405719
1778752987418887354,3.847478539659976,-0.003939874293826164,0.015874666144908834
1778752987419830572,3.8407788111090704,-0.0040878396406287204,0.022203989576829265
1778752987452163320,3.834082848534461,-0.004277890235333712,0.028522870324324264
1778752987452918209,3.827380638750858,-0.004510014536619685,0.034859903712464495
1778752987468938044,3.820679333152225,-0.004785055252820605,0.04119514584355117
1778752987486742139,3.8139841770476273,-0.005102780010994138,0.0475432330662969
1778752987502260498,3.8072870657935276,-0.00546234500392289,0.053904462464198534
1778752987536114626,3.801319044410163,-0.005815240154168435,0.05962308088203565
1778752987536808559,3.7951025706397967,-0.006183465367270652,0.06519873207981572
1778752987552836759,3.78944543423003,-0.006550964360567341,0.07058257108029654
1778752987585567316,3.783429646288854,-0.00697378035557621,0.07591375938328435
1778752987602308325,3.777026084810881,-0.00749467594394822,0.08188600933563314
1778752987618802644,3.7704503153835853,-0.008071818684026254,0.0881305350893428
1778752987635457188,3.7638139317419843,-0.00869836344794491,0.09448385055614554
1778752987636373755,3.7571565144789427,-0.009370064319622982,0.10089777683839722
1778752987653102652,3.7512177338428545,-0.0100039696544769,0.10674436732943061
1778752987669791311,3.745030488633049,-0.010662860997435093,0.11246922337185795
1778752987686403976,3.739403576081155,-0.011285443270951084,0.11801685077212948
1778752987703212514,3.73342513161639,-0.011991305349484511,0.12349474926149197
1778752987719548040,3.7270331381866484,-0.012818641953355995,0.12963266038164598
1778752987736148021,3.7205342589949884,-0.01370593688492914,0.1359036325258853
1778752987752622642,3.7147263847321477,-0.014534006349714232,0.14166564360021983
1778752987770068746,3.7086256848043484,-0.015400302536745803,0.1473764618857269
1778752987786207347,3.7030643592767083,-0.0162108343707444,0.1529512846440364
1778752987818871336,3.697142423237563,-0.017120848019949998,0.15849234566241543
1778752987835484622,3.6908183670793324,-0.01816492595604524,0.16461803336230804
1778752987836589548,3.68432351347604,-0.019282955260685762,0.17100359633369475
1778752987853050564,3.6777675610483653,-0.02045676373200455,0.17751158186031743
1778752987886579672,3.6719145714978243,-0.021538875966414614,0.18348258170604603
1778752987902227648,3.665809754135288,-0.022667606833075133,0.1893223066157401
1778752987919454313,3.6594315682943592,-0.023926735685024896,0.19558038517934004
1778752987920138918,3.652940765112844,-0.025253505263032733,0.20204857829149064
1778752987936254505,3.647141975170627,-0.026474380068227717,0.2080279446275568
1778752987969067819,3.6420982004027476,-0.027532629454653245,0.21312293274002286
1778752987985453872,3.6366113962190956,-0.0287197103311151,0.21850473246366314
1778752987986764219,3.6305624735122706,-0.030096461143552564,0.22423159559893163
1778752988003201279,3.624255558894771,-0.03157150070681064,0.23052974146171062
1778752988019499244,3.6178408324526004,-0.03311597465966393,0.23707726656463604
1778752988052721688,3.6113773409457135,-0.03471689767208549,0.24364349783951395
1778752988053364754,3.6049142918896133,-0.03637229986452764,0.25028598890882675
1778752988085594766,3.5984445172732955,-0.03807096730594869,0.2569251799209568
1778752988086768142,3.5919799379048962,-0.03981434424803855,0.2635847752910604
1778752988119047318,3.5855224609618888,-0.04160076395868599,0.2702484717401338
1778752988120719275,3.5790763781944843,-0.0434306486170567,0.27693232533909445
1778752988136365217,3.5726426431124976,-0.04530405892688577,0.2836283115826605
1778752988168811922,3.5662193484324836,-0.047220694666535425,0.2903307397809344
1778752988185524137,3.5605029221770574,-0.04896725851064828,0.29647295252785916
1778752988187113246,3.554548472480566,-0.050780543676817065,0.3024730658075404
1778752988203138851,3.5490543109032617,-0.052481527697824694,0.30748085593922714
1778752988219498514,3.5435639063856335,-0.05422185514584813,0.31261830100947674
1778752988236508105,3.538586700079707,-0.05586466479048694,0.31836722713866483
1778752988253128695,3.5330981284441165,-0.05767300329436533,0.32421301383376094
1778752988269760877,3.528042156557447,-0.05939147970795695,0.3297562180634956
1778752988286365927,3.5225473033413937,-0.06127097896511224,0.3352787839853036
1778752988318862357,3.5166096859809786,-0.06338087643833595,0.3413695953112786
1778752988336511467,3.5104578318487705,-0.06560693493267573,0.347805051379325
1778752988353263167,3.5049432531695586,-0.06764102600434228,0.3537984986414392
1778752988353421158,3.5001518685449233,-0.06940224591895681,0.3589234888392194
1778752988369242925,3.496105148381388,-0.07088805641786132,0.3633594916847185
1778752988387492399,3.491413873490992,-0.07267651184789667,0.36786554209955274
1778752988402806399,3.486031306372508,-0.07477673745971752,0.3730190502544685
1778752988435531515,3.4802117073079812,-0.07708978451670989,0.37894911094636197
1778752988436230717,3.4741592542775477,-0.07954019040276253,0.38530228727369004
1778752988468948980,3.4680256454323755,-0.08207126709639143,0.3918270100034168
1778752988469581736,3.4618714668989132,-0.08465912334576038,0.3984237913171536
1778752988488452816,3.4557005354335137,-0.08730215422348905,0.40545098042226174
1778752988518791743,3.450705482710377,-0.0895328839060652,0.41153921715047365
1778752988535611923,3.446245719871089,-0.09151627507781349,0.4168823205249337
1778752988536199433,3.441227787396046,-0.09374149475745476,0.4222396867022876
1778752988553266845,3.4366515797838932,-0.0958149932044721,0.4272950870414448
1778752988569436525,3.4315806153103314,-0.09812461159967659,0.43255564452550493
1778752988587610345,3.426097157095947,-0.1006968495224627,0.43806425380983977
1778752988602696340,3.4202199951837926,-0.10348815793283407,0.44481094333427423
1778752988620163263,3.4142876962080364,-0.1063610611010239,0.45143672057037
1778752988652218692,3.408326267040734,-0.10929991306617028,0.4580777008184767
1778752988668985120,3.402342285749691,-0.11230031070492939,0.4648999291847616
1778752988669737184,3.3963764129933103,-0.11534108157262628,0.4716267541686065
1778752988703234611,3.3904305201933513,-0.11842228744540381,0.47837238611502575
1778752988703623523,3.3851492126973612,-0.12119854689123548,0.4845753034267232
1778752988719718891,3.3796479463082836,-0.12408964946047034,0.4906296495958382
1778752988735987991,3.3746457397912244,-0.12673819973360498,0.4965269976937645
1778752988753080210,3.369384401136329,-0.1295924451098821,0.5022229177635076
1778752988785540441,3.3637784190710827,-0.13271034202839255,0.508554938101069
1778752988786844056,3.3580459654466854,-0.13595213051098387,0.515083375676528
1778752988819762540,3.3522867441015944,-0.1392661290112154,0.5216911388795855
1778752988835556805,3.3465140812760423,-0.14262535198956527,0.5284595307853728
1778752988852212892,3.340750437352753,-0.14603518973311022,0.5351570532856084
1778752988853930927,3.335012493270724,-0.1494889857500694,0.5418885695483607
1778752988869377098,3.329927748819781,-0.15258644297939458,0.5481679540779293
1778752988886649490,3.32549482542767,-0.15527933964396334,0.5535803210671023
1778752988903058387,3.320649095158454,-0.1582753271633752,0.5590779344381401
1778752988919738329,3.3153886028731354,-0.16161189463245745,0.5651514883559327
1778752988937444859,3.309917618777256,-0.1651251857983764,0.571614810051765
1778752988954561094,3.304366879893868,-0.16874519663354218,0.5782372124109053
1778752988968925703,3.2988041491171947,-0.17242688449515742,0.5849333242299155
1778752988987353758,3.293254239533941,-0.17615472116023037,0.5916796145839108
1778752989003102446,3.2883236943985175,-0.17950919270403928,0.5978768929281426
1778752989019982921,3.283186514196409,-0.183002662625331,0.6039346526269824
1778752989052090891,3.2785203207415785,-0.18620085735274405,0.6098175595911602
1778752989054480315,3.2744954968063102,-0.1889575245661846,0.6148861537806848
1778752989069830674,3.2700305752576604,-0.19211422800042174,0.6200605469905485
1778752989086158365,3.2659502511389964,-0.19503814159123814,0.6250492137567392
1778752989102632776,3.2625108460167653,-0.19750008274096345,0.6293907050697843
1778752989119911921,3.2597180890030146,-0.19950178658514467,0.6331192305750496
1778752989152253747,3.2562418645069586,-0.20205690702151052,0.6367814816343564
1778752989153002033,3.252008216290792,-0.20520833378455836,0.6411558151531627
1778752989185597381,3.2481887537722365,-0.20810298412105865,0.6456688440457349
1778752989186965770,3.243882511081062,-0.21134832380199522,0.6505387735593013
1778752989202911754,3.2391041770084352,-0.21503228666376217,0.6560324520882229
1778752989219174912,3.2340303721499697,-0.21898263992994946,0.6621934395049243
1778752989236532757,3.228850549752479,-0.22307067703129652,0.6686271154299006
1778752989252989595,3.223642503534782,-0.22723706176194575,0.6751657901090635
1778752989270740309,3.2190209767502274,-0.2309811676729341,0.6811113212539248
1778752989285547171,3.215001301991182,-0.23423434784231642,0.6862193824816869
1778752989303424346,3.2106064422737224,-0.23783447167152386,0.6915026762907734
1778752989319242196,3.205845874215472,-0.24182369059978104,0.697370665800151
1778752989337329902,3.2015343919203536,-0.24548005814394638,0.7029919767915228
1778752989368898944,3.196946077346086,-0.24936522701997554,0.7085967895593199
1778752989385627209,3.1927486428755394,-0.25295234616113504,0.7141529231597187
1778752989386992792,3.1882695310011715,-0.25683168043532617,0.719692166041617
1778752989402904591,3.1834977189070024,-0.26106306023538395,0.7258412874251363
1778752989419551902,3.1792022185464934,-0.26491989675359195,0.7316473718626122
1778752989436201276,3.175478084714734,-0.2682582946330588,0.736572273283771
1778752989452843677,3.1713648828908156,-0.27199017142974996,0.7416902970174757
1778752989470212393,3.1668682812351596,-0.27615475356258246,0.7473842434669415
1778752989502252553,3.1621525176316188,-0.2805725222086918,0.7535873644459248
1778752989502940114,3.1579083262974286,-0.2845937479802952,0.7594665103177638
1778752989519584058,3.1542221662179575,-0.2880823934328191,0.7644677550318953
1778752989536048210,3.1511169506637615,-0.291024835499525,0.7688488286382433
1778752989553772804,3.1475266510663147,-0.29450405468889806,0.7733266706229598
1778752989569379271,3.1434145164724594,-0.298551360705233,0.7784108599606788
1778752989586074523,3.1389796046267513,-0.30297338696957793,0.7842643525538706
1778752989603478686,3.1349647464705455,-0.30701722882632443,0.7899168322227386
1778752989619865270,3.1307083195596976,-0.3113082709028446,0.7955157565407374
1778752989652233034,3.1262336100172172,-0.3159256354498484,0.8016809377608377
1778752989652969228,3.1222147537495766,-0.3201273059031936,0.8074669232183576
1778752989685491397,3.117982497773382,-0.3245462278871762,0.8131674860975482
1778752989686194507,3.113567273668807,-0.3292665386823584,0.8193853804032017
1778752989702776633,3.109083221858232,-0.33412499341156515,0.8258380954179835
1778752989719832623,3.1045938428481383,-0.3390547292030933,0.8323789116683625
1778752989736249354,3.100613350342903,-0.34348234562799584,0.838376116628474
1778752989752815099,3.096460024703157,-0.34809561025345653,0.8442479264548473
1778752989769590364,3.0921690673351834,-0.35297967913629863,0.8505332659628015
1778752989786001565,3.088329249292046,-0.35740012632629675,0.8564122100796636
1778752989803500418,3.0843008262787848,-0.3620380324395507,0.8622003742538683
1778752989820417042,3.0801147095223778,-0.3669772372850451,0.8684708905248416
1778752989836224713,3.0758779561204306,-0.3720317784192774,0.8748963620025741
1778752989852196967,3.072093668912905,-0.37663682573544505,0.8810084915702975
1778752989870675327,3.0687998327849324,-0.38063733157121343,0.8861547653729074
1778752989886331579,3.0652056078198697,-0.38504065726233433,0.8914571802867022
1778752989918815976,3.0613257064617057,-0.3899031461948961,0.8973462749447567
1778752989919628755,3.057299132973731,-0.39500930883825847,0.90366735823399
1778752989936229688,3.053229501030773,-0.40023969761945083,0.9101831063941206
1778752989968920618,3.0491669464359026,-0.4055348252454347,0.916782272486131
1778752989985545647,3.0451305712180265,-0.41087069304499607,0.9234138671507155
1778752989986207658,3.041125628895996,-0.416239558464605,0.9300658780658286
1778752990018830269,3.0371564199612737,-0.4216340354799543,0.9367287501560896
1778752990019849742,3.0336475339762603,-0.4264625005374345,0.9428364292414266
1778752990036334312,3.029990593983908,-0.43149058985208233,0.9488048913796542
1778752990052740854,3.0266871126539066,-0.4360517858120741,0.9545188555131823
1778752990069837622,3.0232186273179,-0.4409443128890922,0.9602418232372946
1778752990102242217,3.0195833618401293,-0.446206077544673,0.9664728956523116
1778752990102957099,3.0163263003491076,-0.45098697029291035,0.9723342424729284
1778752990119225558,3.0128886967598243,-0.456023120627451,0.9781304255659412
1778752990136165977,3.009755320364569,-0.4606472764040469,0.9838379307137094
1778752990152760076,3.0064632463945733,-0.4656026513137438,0.9894385808017994
1778752990169724722,3.002988612473551,-0.4709149074681456,0.9955760816447142
1778752990186298943,2.9994469788733125,-0.47644064998155805,1.0020156393388127
1778752990202987903,2.99590809611845,-0.4820588425325003,1.0085733606749085
1778752990219540073,2.9927757116757063,-0.4870862847362502,1.0147103677727873
1778752990236203815,2.9895056773209316,-0.49233601299324065,1.0206834311449882
1778752990269818676,2.986555206684802,-0.49713359079916847,1.026504189108868
1778752990270768837,2.9834460350935923,-0.5022640566660509,1.032207815001984
1778752990302196190,2.9806034095033556,-0.5069921405026168,1.0378852520201902
1778752990318750192,2.977591547603408,-0.5120927373719267,1.0434998738877759
1778752990335580181,2.9744142155740096,-0.5176194362207708,1.0497225845338916
1778752990352282727,2.971172329137977,-0.523320523567631,1.0561972477352621
1778752990368878660,2.9679235902895797,-0.5291354479819099,1.0628264408496158
1778752990369749019,2.964706766495961,-0.534999463827121,1.0694387242489853
1778752990402250629,2.9618697375804874,-0.5402470685447174,1.0755336029975782
1778752990402940133,2.9589162039598604,-0.545675856408049,1.0814000976496907
1778752990419782606,2.955897351440941,-0.551419400970703,1.0877931396001637
1778752990436142539,2.953219189013443,-0.5565987030146022,1.0936843588305394
1778752990453140688,2.950415798030147,-0.5620308826079018,1.0994858089511108
1778752990469851760,2.947543904700302,-0.5677446153752489,1.1056187731637184
1778752990502469551,2.9446293577375107,-0.5736405701069971,1.112085171885351
1778752990503069916,2.9420449879494837,-0.5789437195813776,1.1180853331566585
1778752990519475516,2.939793297964797,-0.5835476723230053,1.123224158007056
1778752990552131380,2.9373498417017263,-0.5886381358854453,1.1285173643132398
1778752990552900175,2.9347279222260076,-0.5942536898341334,1.1344022553362456
1778752990585562972,2.9320155467889966,-0.6001563148939857,1.1407362336393219
1778752990586648531,2.9292925282830935,-0.6061914885046514,1.1472724407486623
1778752990618841883,2.9265894612213077,-0.612291773426891,1.1538843466842592
1778752990635427767,2.924211858904358,-0.61775108707509,1.1599511464302739
1778752990652113882,2.9217286051971354,-0.6234413663127849,1.16588644239106
1778752990653422416,2.919202103052934,-0.6294292018875243,1.1722303177865552
1778752990670089444,2.9166701965356125,-0.6355497708677765,1.1787757649761808
1778752990687037969,2.9141615883390886,-0.6417284216640786,1.1854077054051027
1778752990703077030,2.911687271750483,-0.6479431132137912,1.1920748884698338
1778752990719892632,2.909251551204757,-0.6541816315183728,1.1987568056861155
1778752990752208147,2.906857293831919,-0.660438615460905,1.2054501595780047
1778752990768899772,2.9045040264746147,-0.6667113822849945,1.2121542345147567
1778752990785499351,2.9024414419905646,-0.6723192958719302,1.2182980502553766
1778752990786522101,2.9002903735862597,-0.6781567047185735,1.2243018503374754
1778752990818855711,2.8981165674561957,-0.6842857330744615,1.2306929729979847
1778752990819952371,2.8959459426303886,-0.6905457165909317,1.2372762207081842
1778752990836257079,2.8938038641586887,-0.6968619402268209,1.2439475645436626
1778752990853059865,2.8919271975443612,-0.7025121490092501,1.250071100367858
1778752990885536578,2.889966327016119,-0.7084018119668186,1.2560644458014842
1778752990887876047,2.887991292771471,-0.7145910317389943,1.2624594349350484
1778752990904408990,2.8860208671852474,-0.7209133540858289,1.269045889993628
1778752990935805032,2.8840785096468498,-0.7272938233503937,1.2757202489515576
1778752990952174674,2.8823805917223804,-0.7330003857708206,1.2818538635091572
1778752990952951394,2.8806084806936427,-0.7389486788828812,1.287854912800011
1778752990969559300,2.878830789154462,-0.7451969559350633,1.2942526894359343
1778752990985913682,2.877061522249074,-0.7515773266805053,1.3008344757977384
1778752991003524679,2.8753246162830766,-0.758013584314149,1.3075058513376094
1778752991019548181,2.873811653442223,-0.763770368243376,1.3136353627599644
1778752991052227520,2.8722287863169673,-0.7697710931809066,1.3196355705865588
1778752991068787173,2.8706503521937123,-0.7760717539954687,1.3260310622212543
1778752991069744157,2.8692638341259236,-0.7817555487173296,1.3320250158571454
1778752991086168844,2.8678083251440643,-0.7877198827756853,1.3379302018937347
1778752991118904319,2.8663510010391384,-0.7940254515564307,1.3442911431556102
1778752991119716377,2.864904471791894,-0.8004764086064137,1.3508638278688436
1778752991136225124,2.8634917256892787,-0.8069899895133796,1.357527725218927
1778752991152885068,2.862118522614378,-0.8135339547816364,1.3642294444314347
1778752991169667807,2.860928275362868,-0.8193799216517466,1.3703815739618899
1778752991186301442,2.8596876772335125,-0.8254673486705244,1.3763902760503242
1778752991203040026,2.858469634830562,-0.8318519310344846,1.3827957931829764
1778752991235496891,2.8572714669111132,-0.8383639115185628,1.389394213509505
1778752991236261518,2.8561094754454452,-0.8449310680323817,1.3960708273788767
1778752991268841598,2.854989415901968,-0.8515243797284008,1.4027854470022412
1778752991285529947,2.8539127312984593,-0.8581324041707149,1.4095163601279106
1778752991302271767,2.8528803819966027,-0.8647494204164972,1.4162484323658324
1778752991318822945,2.851892371093263,-0.8713729250724881,1.4229811765425944
1778752991319760271,2.850949175587372,-0.8780028590837534,1.4297215660075318
1778752991336410868,2.8501460397193927,-0.8839182347572578,1.435919342869706
1778752991353093256,2.849304469168339,-0.8900793758511831,1.441972037735652
1778752991385611387,2.8485574830742415,-0.8956861235807568,1.4478594489722343
1778752991402247426,2.847818181141661,-0.9016525348355782,1.4536548396669011
1778752991418831326,2.847103689603371,-0.9080264323060169,1.4599882527702204
1778752991435462366,2.8464133087544163,-0.914577502689835,1.4665480767732655
1778752991436191646,2.845762901196418,-0.9211987738602964,1.4732220844926853
1778752991452847793,2.845152989398801,-0.9278504304905447,1.479930868188888
1778752991485482908,2.8445893123345543,-0.9345182932801881,1.486659660683711
1778752991502131130,2.8440690195877014,-0.9411931202177873,1.4934018281360777
1778752991502552403,2.8435944961912174,-0.9478735431448777,1.5001496158057919
1778752991535516514,2.843164790920263,-0.9545581304523333,1.5069028609692492
1778752991536491463,2.8428179357955554,-0.9605187951517075,1.513110957140235
1778752991569269209,2.8424560081472596,-0.9667276959907224,1.5191629774526214
1778752991585470750,2.8421571807265136,-0.9732221759929386,1.5255997261472276
1778752991587316999,2.841899690339794,-0.9798396681063729,1.5322117023766413
1778752991603143996,2.8417059497730968,-0.9857568190516187,1.538342050516268
1778752991635451926,2.8415009316231945,-0.9919397938922231,1.5443360010448333
1778752991636563385,2.8413332720953846,-0.9975726605522841,1.550198275837096
1778752991668906673,2.8412057154109998,-1.0035705925248697,1.5559659344432881
1778752991669678725,2.8411458812355983,-1.0099792192215304,1.562302916143326
1778752991686308071,2.841129224181352,-1.0165707628573568,1.5688416179546085
1778752991702995669,2.841159240550328,-1.0232109977114758,1.5755718631520321
1778752991735499292,2.841233559788913,-1.029888953789272,1.58231892618461
1778752991752166982,2.8413545948675045,-1.0365790038579534,1.5890699837611773
1778752991768827367,2.841520927740923,-1.0432705366491735,1.5958167392765212
1778752991769531249,2.841732083724328,-1.0499616442659307,1.6025689295766417
1778752991786565577,2.841989018005194,-1.0566511357154276,1.6093307115239104
1778752991802951530,2.8422903019243133,-1.0633372212105494,1.616093341581579
1778752991819500012,2.842637839140374,-1.0700231215983944,1.6228532698741773
1778752991836117426,2.8430302020606777,-1.0767065702553942,1.629619600011695
1778752991853356675,2.843466912809538,-1.083388162677736,1.6363859908540221
1778752991885617736,2.843947976796125,-1.090063368915567,1.6431578813682108
1778752991902241502,2.84447529779303,-1.0967352906067576,1.649928491780364
1778752991918866710,2.8450483982463597,-1.103404284829109,1.6566993624028392
1778752991936171183,2.845666801200339,-1.1100710662888125,1.6634816864945823
1778752991952250301,2.846330508443215,-1.116733370010254,1.6702606609281048
1778752991952288083,2.8470390462463295,-1.1233890496785228,1.677044876099872
1778752991985873348,2.8477924137311397,-1.1300385821302132,1.6838259030143974
1778752992002151856,2.8485910866781103,-1.1366828023793283,1.690607347352687
1778752992018878278,2.849434587155367,-1.1433227827592662,1.6973905575295696
1778752992035894281,2.85032291613186,-1.1499579272241867,1.7041823944971488
1778752992036775100,2.8512565516298713,-1.1565870442314452,1.7109715017558975
1778752992068778390,2.852235969305239,-1.1632107303763242,1.717760031276911
1778752992069716869,2.853259738985307,-1.1698292224289017,1.7245573112400236
1778752992086454311,2.854328342763795,-1.176437633360871,1.7313528724205407
1778752992118790836,2.855441776509503,-1.1830400162857895,1.7381480507144393
1778752992135648828,2.856600042256361,-1.1896344638561682,1.7449447925224995
1778752992152213802,2.8578026627145516,-1.1962207371034403,1.751745029720514
1778752992168843048,2.859051542737475,-1.2028019376662862,1.7585385994755613
1778752992185578938,2.8603438234141034,-1.2093754396437895,1.7653378181317205
1778752992202207202,2.861680461725261,-1.2159387407420506,1.7721405651321067
1778752992203162273,2.8630638375657185,-1.2224954199852571,1.7789364650426922
1778752992235587306,2.8644910962690315,-1.2290402288707816,1.7857337499019545
1778752992252196404,2.865962239091723,-1.235571975306432,1.792541637537916
1778752992268849396,2.8674777360832966,-1.2420962626744496,1.7993225659111116
1778752992269568466,2.8690375932367416,-1.248608441816105,1.8061060848285406
1778752992286347498,2.8706413304871683,-1.2551105387377055,1.8128943832850557
1778752992302863158,2.8722903806806497,-1.2616013629966696,1.8196784458828625
1778752992335533559,2.873982357443165,-1.2680822231458002,1.8264690683731453
1778752992336252800,2.8757186932576273,-1.2745515711143036,1.8332527687503817
1778752992353160387,2.8774989128533295,-1.281008333469933,1.8400398573296526
1778752992385523783,2.8793225354620344,-1.2874553706836618,1.846833524724272
1778752992386473704,2.8811909977228782,-1.2938879160363506,1.8536247119187574
1778752992418795010,2.883101914120459,-1.300306920453506,1.86042049437389
1778752992435561087,2.885057189770725,-1.306714055062245,1.8672111452743234
1778752992452400113,2.887054921823042,-1.3131056221788213,1.8740013461177407
1778752992453016728,2.88909606257948,-1.3194829342038548,1.8807948816096258
1778752992485467251,2.8911806106461184,-1.325847302438748,1.8875912065822082
1778752992486316980,2.8930742782147623,-1.3315103803679293,1.893831803580987
1778752992503117543,2.8950430107213423,-1.3374083872749785,1.8999266324985835
1778752992535524332,2.8968521604232578,-1.3427632115693855,1.9058395869721478
1778752992536570075,2.8988235347576934,-1.348438419210892,1.9116696306284748
1778752992553203760,2.9009981207254456,-1.3544660055454067,1.9180306278594101
1778752992569796747,2.9032774287063012,-1.3606477310884215,1.9246244091343512
1778752992602118975,2.905623913989388,-1.3668786483197284,1.93132059817874
1778752992602830130,2.9080218880960054,-1.3731174927154186,1.938055555059392
1778752992619751664,2.9104651732093054,-1.379347091005348,1.9448097492142848
1778752992636257615,2.912678460796899,-1.3848891821903688,1.9510126944314214
1778752992653091060,2.9145997916272313,-1.3897144885627888,1.9563652780376108
1778752992669467916,2.9167499419668013,-1.395014392746917,1.9618271055066667
1778752992686455545,2.9187485723889566,-1.3998008067481573,1.967338318992538
1778752992718850782,2.9209583474283525,-1.4050783682965122,1.9729322243233163
1778752992719582627,2.9234627159527165,-1.4108545645513242,1.9789580264579536
1778752992736088057,2.926043741950636,-1.4167262166576244,1.9857764524992985
1778752992752941891,2.928751889816154,-1.4227666965405912,1.9926532386012143
1778752992769676899,2.931523899434443,-1.4288362179074101,1.999459404350148
1778752992786198831,2.9340310808835115,-1.4342376231503986,2.005709382407826
1778752992802747834,2.9366409891785366,-1.4398693400888938,2.0118152120237847
1778752992819332976,2.939448531359859,-1.445728855500889,2.018295990769146
1778752992836356003,2.9420054634576176,-1.4509916775905476,2.024381108072874
1778752992868881038,2.944693222868691,-1.4565138116406278,2.030354464108922
1778752992885501377,2.9475952678106387,-1.462296426723872,2.0367768888250017
1778752992886400491,2.9506006602676607,-1.4681837075437567,2.043383636161983
1778752992903426733,2.953322589637785,-1.473436348593747,2.0495109494158363
1778752992919864414,2.9556848140707426,-1.47800490932103,2.0547844874444716
1778752992936136680,2.9583240543661242,-1.4830172481843797,2.0602637437851903
1778752992953332977,2.9612237187541903,-1.4883806011750835,2.0661398576007
1778752992985532111,2.9643247400671484,-1.4940408983691424,2.0725980695316615
1778752993002492017,2.9675400700326877,-1.4998164835649619,2.0792269000647634
1778752993018913107,2.970820697851257,-1.5056171779902845,2.085935134291353
1778752993035585064,2.974150921877242,-1.5114131612054142,2.092672710408816
1778752993052151701,2.9775316946149775,-1.5172062224483758,2.0994697220129432
1778752993052612569,2.9809354176771765,-1.5229449506718644,2.1060965743739017
1778752993070086466,2.9843863538846698,-1.5286778920541784,2.112843099298367
1778752993102205857,2.9875042331908412,-1.5337807856692702,2.11897173024472
1778752993103460268,2.990733446770971,-1.539088490097886,2.1250643043073665
1778752993119551909,2.994178937685609,-1.5445858674892377,2.1316257990002883
1778752993152240435,2.9977373296863674,-1.5501730204576905,2.1383146465209473
1778752993153026894,3.0013586480681576,-1.5557750279162226,2.1450696267129556
1778752993169121552,3.0050267113952773,-1.5613638570130248,2.1518613791111805
1778752993202171537,3.0087353292953782,-1.566932228841551,2.1586672914385696
1778752993202806016,3.012077022537142,-1.5718790969425251,2.164928659979719
1778752993219539341,3.0155538938363713,-1.5770330683154599,2.171058767392625
1778752993236487925,3.01873616248201,-1.581709385814211,2.177002192336458
1778752993268824400,3.0221565374953445,-1.586649549671191,2.182853958087825
1778752993269593847,3.025314664295568,-1.5911721784679422,2.18864927778489
1778752993302195237,3.028742798934968,-1.5959998176243424,2.1943837050826884
1778752993302665253,3.032492430458649,-1.6011532689107784,2.2007181916819154
1778752993335453910,3.035916484794542,-1.6058005395879913,2.2067134564778854
1778752993336519491,3.0395290680664897,-1.6107031356139154,2.2126150886620235
1778752993353064466,3.0428527069917344,-1.6151826821786073,2.218436345243479
1778752993369989526,3.045713094974792,-1.619038110596921,2.223433823076064
1778752993402263101,3.048100726965157,-1.6222522437594675,2.2277269099028407
1778752993402991550,3.0510231928009897,-1.6260347875928405,2.232019793443683
1778752993435562883,3.0544842351812593,-1.6304500002597775,2.2369883594958133
1778752993435599883,3.0583181673585447,-1.635271789039708,2.2428154179725723
1778752993468809432,3.0623845334453867,-1.6403229661282628,2.2491695242882
1778752993469416690,3.0665681130043354,-1.645450453103544,2.2557222330222495
1778752993486188588,3.070821295041026,-1.6505908949145862,2.2623559994714846
1778752993518859580,3.075120747309088,-1.6557168465134413,2.269024883894531
1778752993535480791,3.0794583760778296,-1.6608168544721844,2.275707787699651
1778752993552185481,3.083829417081222,-1.6658880522743635,2.2824087193813525
1778752993568840747,3.0882324405159145,-1.6709288885506335,2.2891461161197344
1778752993585730991,3.0926750698189407,-1.6759456901837495,2.295844431576193
1778752993586305436,3.096662499229567,-1.6803925040006007,2.301992728217403
1778752993618830440,3.1008118359461974,-1.6850240405359116,2.308006149720212
1778752993620485435,3.105209435479032,-1.6898108353936832,2.314401953516951
1778752993652186348,3.109722354690541,-1.6946580831112634,2.3209938995158454
1778752993652843861,3.11430154868446,-1.699509937173082,2.327669095300123
1778752993685517940,3.1189241602680404,-1.7043406220098434,2.3343811153538017
1778752993685600487,3.123582087190259,-1.7091452406994698,2.341133302264212
1778752993703077499,3.128279621514183,-1.7139236789794516,2.3478499091202085
1778752993735531348,3.133006281485772,-1.718668772206263,2.3545874113722873
1778752993736474967,3.1377649274590156,-1.7233811197235738,2.361337100795693
1778752993769377180,3.1420354366080865,-1.7275544358972748,2.367519892747012
1778752993785509990,3.1464769216949264,-1.731904736633024,2.3735711574892604
1778752993786587143,3.1511790866305893,-1.736393859110053,2.3800013653259113
1778752993802817168,3.155998012331955,-1.7409334225212985,2.386617501754131
1778752993819647808,3.160884648527284,-1.7454740176500818,2.3933055969080006
1778752993836257417,3.1658166069276628,-1.749994876261923,2.400024143268549
1778752993852960063,3.170780074536865,-1.754482869405383,2.4067360310940153
1778752993869680854,3.1757764794936136,-1.7589396676578728,2.4134746724860703
1778752993886169532,3.1808039178118075,-1.7633628846372422,2.420221383278695
1778752993902867880,3.1858619122664913,-1.76775287742154,2.4269789941036715
1778752993920166703,3.1903883425427373,-1.7716339487784676,2.4331698502370074
1778752993952231430,3.1950995859359197,-1.7756826031067852,2.439235816014122
1778752993953133229,3.2000649064536035,-1.7798436070691057,2.445755341319115
1778752993985437943,3.2045595213793665,-1.7835764645257839,2.4517884748695877
1778752993986751427,3.2084496374513662,-1.786811522157657,2.4570183889674597
1778752994002894085,3.212789064266259,-1.7903525120640607,2.462371390555121
1778752994019841989,3.217613079000723,-1.7942037664441621,2.4683257402371828
1778752994052168996,3.2227020245900815,-1.7982176893442483,2.4747043353340086
1778752994052918054,3.2279244326232286,-1.8022767080047546,2.481290420939973
1778752994085645364,3.233215984592002,-1.806332706917144,2.4879712821619906
1778752994086281276,3.2379640001135077,-1.8099251893720492,2.494116055782494
1778752994102843013,3.2420921785537358,-1.8130557363587119,2.499396213572347
1778752994119555057,3.246643958325322,-1.8164597610380553,2.5048012073415555
1778752994153184767,3.250856582584798,-1.819555477009461,2.5100836186628346
1778752994168863361,3.2554737132080973,-1.822932635697412,2.5154821347929115
1778752994169691410,3.2597426390889623,-1.8260004023591883,2.520746999911623
1778752994202219410,3.2644127414716086,-1.8293403095698573,2.526142470929878
1778752994202988395,3.2695398601437673,-1.8329201159461512,2.532131310516403
1778752994219585721,3.2749104976232415,-1.8366250152108825,2.5385446442071813
1778752994236795924,3.27974613959968,-1.8398991904405437,2.5442675639336665
1778752994253625953,3.2848095063763667,-1.8433477930337856,2.5500532695605447
1778752994269880525,3.2901965085234974,-1.8469220576915912,2.556372000448326
1778752994302110587,3.295080880361023,-1.8501176109030335,2.5622891666850016
1778752994303086267,3.3002125219054674,-1.8534899981938977,2.5680864222225934
1778752994319159213,3.305656385388557,-1.8569621659608893,2.574526490969082
1778752994336592431,3.311257071543429,-1.8604801716710304,2.5811307751487593
1778752994368848684,3.3162922145637608,-1.8635967436402068,2.587210222911055
1778752994385513257,3.3215479635439973,-1.8668567403327516,2.5931802579426186
1778752994386433120,3.3271049776659427,-1.8702080410071946,2.5995602425171516
1778752994402825916,3.332794037668821,-1.873587627290529,2.606140563400934
1778752994419958141,3.3385427237980982,-1.876948566427872,2.6127874611299102
1778752994452147906,3.3443376921089802,-1.8802845249424105,2.619480397666628
1778752994453077428,3.350161311138535,-1.8835857073438473,2.626188139159713
1778752994485943943,3.356008338745569,-1.8868482928908465,2.632928149139328
1778752994486801257,3.3618797296343463,-1.8900729979392599,2.639656397804147
1778752994503109502,3.3677788203627657,-1.893259707126005,2.646365082804397
1778752994535570043,3.3736908324002286,-1.8964063768576935,2.6530670835691716
1778752994536329951,3.379627214369301,-1.8995081327462937,2.6596910571864907
1778752994568944446,3.385566032442554,-1.9025643534641117,2.666541032175885
1778752994585572811,3.3915516126300003,-1.905594640436539,2.673279476636466
1778752994602247935,3.397530577865346,-1.908569129801454,2.6800322642066248
1778752994618859257,3.403520591318992,-1.9115058425155282,2.6868266442905084
1778752994619834035,3.408956896550735,-1.914054486607304,2.69312985214931
1778752994652118701,3.414579940228738,-1.9167890741165938,2.6993525319143883
1778752994652849363,3.420481443425721,-1.9195397182120995,2.705981704874471
1778752994685556545,3.4258096701438334,-1.9219776114242484,2.712136661781578
1778752994686553786,3.430437304057081,-1.9241005804506897,2.71744896966378
1778752994703157834,3.4355573022445114,-1.9264118717270313,2.72280215725117
1778752994719999295,3.4402689100815373,-1.9284963137036046,2.7280396708277963
1778752994752198488,3.4454585632422625,-1.9307706111527603,2.7334308892683334
1778752994769022525,3.4511039308464246,-1.933172749460625,2.7392735632501997
1778752994770132060,3.457043403942166,-1.9356603422447092,2.7455779761211168
1778752994802231614,3.4631402106859794,-1.9381702893123995,2.7521067420475633
1778752994803154082,3.4685631204892116,-1.9403869198524812,2.7582094165943802
1778752994818891578,3.4742567414657235,-1.9426875474046315,2.7641639097758506
1778752994852223341,3.4802722009469464,-1.9450324149447276,2.7705617275699885
1778752994868833641,3.486443090508006,-1.9473908130836741,2.777155272976815
1778752994885545755,3.4919705785326975,-1.9494635592489038,2.7832573306177153
1778752994902151015,3.4977473378059982,-1.951631721801539,2.789278470253663
1778752994903264057,3.50384116577407,-1.953832674750957,2.7957025909914113
1778752994935670725,3.510080895936599,-1.9560371337315268,2.80230718395774
1778752994936864481,3.516383597999432,-1.958216750534948,2.808998284389413
1778752994968808598,3.5220247591181058,-1.9601283374435088,2.815153276028672
1778752994968942784,3.527902329677733,-1.9621240010250758,2.821180356200248
1778752994987162010,3.534080777391637,-1.9641345549356757,2.8275968954408275
1778752995002939583,3.540371796497874,-1.9661404702078764,2.83414386160269
1778752995035496408,3.5467428727231294,-1.9681250200980185,2.8409066980024185
1778752995036246618,3.5531355083759117,-1.9700559506054456,2.847453389765458
1778752995068814154,3.559535812588666,-1.9719496966300765,2.854241399053965
1778752995070282082,3.5659452662654996,-1.9738045909280826,2.8609442125222837
1778752995102517654,3.572398071130047,-1.9756201961356588,2.8677836156398584
1778752995118812643,3.5788605095990964,-1.977389797612884,2.8745259356321022
1778752995286124698,3.591823682780266,-1.980799106495729,2.8880950190604766
1778752995286134487,3.5983005806355512,-1.9824340180525217,2.8947554133385425
1778752995286144115,3.604797079672781,-1.984025202363068,2.901492300603451
1778752995286203609,3.6113069778426468,-1.985574798047824,2.90825767008112
1778752995286226693,3.6178326608250226,-1.987081854181407,2.915028582766604
1778752995286245799,3.6243527112625036,-1.9885456308061045,2.9217536838513514
1778752995286264074,3.6309022977977308,-1.989964737992729,2.9286012323402986
1778752995286281347,3.6374591290386693,-1.991338792371974,2.9353395945340064
1778752995286299411,3.6440231643974115,-1.9926674362854908,2.9421048482144583
1778752995286316955,3.6505991716015362,-1.9939522249498773,2.9488804933368655
1778752995302957292,3.657186673502202,-1.995192919396673,2.95562247546658
1778752995335502956,3.66377994741164,-1.9963904667046937,2.9623143845782223
1778752995352819202,3.669662451490734,-1.9974194671996781,2.9685025998176844
1778752995354914826,3.675791897825037,-1.9984959592314648,2.9745562830881975
1778752995385464525,3.6822074933340017,-1.9995402369163384,2.9809707255549656
1778752995387478795,3.6887518579084912,-2.000559390636271,2.987588568657634
1778752995418869296,3.694609740843442,-2.00143720527339,2.9937295313213865
1778752995419574651,3.700726975921418,-2.0023522737450694,2.999735332584273
1778752995436207394,3.7071465767397602,-2.0032303781868057,3.0061745774734985
1778752995453007696,3.7137116376238697,-2.004083139482277,3.0127959874577104
1778752995470657377,3.7203291950671065,-2.004897575868272,3.019491901754432
1778752995502844157,3.7262397477920515,-2.005586504362993,3.0256529779001338
1778752995518796783,3.7313803018812135,-2.006190383547135,3.030947010671604
1778752995535448733,3.7370296213477814,-2.006817260491377,3.0363811501861844
1778752995537265295,3.7432168255425564,-2.0074337901378305,3.0424313813444672
1778752995552790487,3.749694908585458,-2.0080411183018554,3.0488600787314932
1778752995585587810,3.756280825516511,-2.0086190068174306,3.0554273184974035
1778752995586579871,3.7629339549053,-2.009153819039135,3.062165996294171
1778752995602961976,3.768876273176543,-2.0095888681906504,3.0682658029327126
1778752995619634335,3.7750755695036333,-2.0100506780167176,3.0741393422390173
1778752995636449195,3.7815424530875195,-2.010448661619433,3.080627900056562
1778752995653129648,3.788152902712314,-2.0108110478865173,3.087256687844039
1778752995670566314,3.7948148986265693,-2.0111310550308232,3.093955077177505
1778752995702189930,3.8007641063099458,-2.0113791918335817,3.1001402686296515
1778752995703248377,3.806966016732045,-2.011641448189424,3.1061921931156977
1778752995719950993,3.8134603175320385,-2.0118344232784318,3.1126307434685168
1778752995752242493,3.820079116981892,-2.0119846264935433,3.1192579874782673
1778752995752805075,3.826748034110517,-2.012091495263991,3.125956956619079
1778752995785603480,3.8334379847701747,-2.0121533271359247,3.1326715136920904
1778752995786580633,3.8401356166459126,-2.0121698683012403,3.139410229072392
1778752995818854048,3.8468404539373457,-2.0121404029552323,-3.13702714681009
1778752995819713836,3.8527876795391363,-2.0120928982142416,-3.130925315592154
1778752995836306743,3.8589908565171425,-2.0120304297342453,-3.1248611953235974
1778752995896609884,3.8654707688980814,-2.011882449444403,-3.118465104307708
1778752995896633649,3.871311737210151,-2.011713705538091,-3.112468418386209
1778752995896646804,3.8774411960221578,-2.011538618421747,-3.1065560279647815
1778752995903071731,3.883892634059146,-2.0112723496188587,-3.1002164143174085
1778752995935623686,3.8904909865731625,-2.0109590432413915,-3.093640722518672
1778752995936616789,3.897145184954821,-2.010597640646541,-3.086962450433694
1778752995969567756,3.90382089513395,-2.0101895327734605,-3.0802466899087104
1778752995971026927,3.9105028572840848,-2.009735178871402,-3.073512131302105
1778752995986380552,3.916460499872415,-2.00930383198541,-3.0673559600282423
1778752996003137692,3.9226551124006077,-2.0088451016767603,-3.0613698762533166
1778752996019258479,3.929119759269357,-2.008288215657655,-3.0550286681987755
1778752996036240708,3.93570987420681,-2.007676161107067,-3.048449926632822
1778752996053740954,3.9423410538911487,-2.007014562790332,-3.041774206956339
1778752996069307845,3.9489803947374527,-2.0063048132953893,-3.034986398927869
1778752996086771442,3.9549039630440888,-2.005630240032278,-3.028876917340785
1778752996103032446,3.9610759831304536,-2.0049349722867573,-3.0228632701575573
1778752996135539706,3.9675075572559346,-2.004141298328514,-3.016499617431379
1778752996136441395,3.974070269323592,-2.0032791109518193,-3.009833993437426
1778752996152618069,3.9806736114027634,-2.0023617764531947,-3.0031793147012373
1778752996185684846,3.9872836840037698,-2.001410713454374,-2.9964884835377528
1778752996186651648,3.9939052283874106,-2.0004051850105364,-2.9897274156415636
1778752996203113826,4.000523750449446,-1.9993487506752898,-2.9830167820715214
1778752996219685232,4.007131117616459,-1.998247838388603,-2.9762818253988668
1778752996236487297,4.013730906147543,-1.9971028099004076,-2.9695303474931345
1778752996253041100,4.019615339607646,-1.9960440989445754,-2.9633365764240054
1778752996269822025,4.025739185829268,-1.9949460864266897,-2.9572842890985496
1778752996286212416,4.032123545367006,-1.9937179591221414,-2.950854899186393
1778752996303004152,4.038618600928768,-1.9924240366270232,-2.944248684937396
1778752996319384033,4.044403956775648,-1.9912744931450943,-2.9380784302051413
1778752996336436967,4.049429053982344,-1.9902779726879103,-2.932791128567461
1778752996352492078,4.054953130051459,-1.9891079816709951,-2.9274042608262802
1778752996370012984,4.061006706018163,-1.9877540648518213,-2.921394405404881
1778752996386429916,4.067342685661032,-1.986298072683173,-2.9149752409545404
1778752996419212922,4.0737826899084,-1.9847790194469712,-2.908374704053839
1778752996435545603,4.079509185338354,-1.9833963538073525,-2.902298365513056
1778752996436788131,4.084478246535381,-1.9821994970238106,-2.8971021243729465
1778752996468836968,4.0899405562331,-1.9808351235447628,-2.8917694013611697
1778752996470378626,4.095904722515345,-1.9792784477445977,-2.8859005546366516
1778752996502202774,4.102156073714579,-1.977606469866831,-2.8795860962672846
1778752996503173244,4.10852767857823,-1.9758563100375832,-2.873036848966023
1778752996519770099,4.114945128062213,-1.9740463599458695,-2.866394067325269
1778752996553125546,4.120657647850058,-1.9724054706924432,-2.860310021101264
1778752996554168414,4.126609560559059,-1.9706904707426127,-2.8543508384193217
1778752996585533667,4.132821096054733,-1.9688159102538394,-2.847991018517231
1778752996586965496,4.139142388862198,-1.9668627980899798,-2.841428501984478
1778752996603279772,4.145500942750736,-1.9648516739101871,-2.8347864148259365
1778752996620023096,4.151169785893031,-1.9630179727779917,-2.828675533885077
1778752996636240828,4.15708093925448,-1.9611127868940519,-2.822690637948547
1778752996653107657,4.163236435909223,-1.9590406318910056,-2.816317770978808
1778752996669222572,4.169483599194127,-1.956903494211584,-2.809792095050741
1778752996702174691,4.175776537967809,-1.9546898769140388,-2.803050661604262
1778752996703196238,4.182072439284048,-1.9524284600555217,-2.79638545017002
1778752996719963968,4.18765854493215,-1.9503922460527285,-2.7902551014302897
1778752996752280966,4.193451727576589,-1.9482893942490793,-2.7843619689218913
1778752996753082724,4.198746844078382,-1.9463106614179684,-2.7784727838040237
1778752996769615476,4.204359758362152,-1.9441813757983601,-2.7727118846120176
1778752996786208013,4.210327694604841,-1.941836730415813,-2.766398238829396
1778752996802954182,4.216444522262437,-1.939385445052573,-2.759852311171224
1778752996835545001,4.222609104876473,-1.9368746100461354,-2.7532029369963857
1778752996836657131,4.228082937055259,-1.9346117688371292,-2.747102578970622
1778752996852546197,4.233794358042703,-1.932239290435295,-2.741150306145457
1778752996870150471,4.239753009251835,-1.9296769580432127,-2.7347770081390927
1778752996886208318,4.245104862537095,-1.9273363709419222,-2.728814779748874
1778752996902983963,4.249746816434023,-1.9253092015104962,-2.7237118977311754
1778752996919335370,4.254868754399563,-1.9230455970768359,-2.718597308996669
1778752996937457391,4.260445908470872,-1.9204987990315365,-2.7128762205914323
1778752996968909170,4.266304621297972,-1.9177931809859066,-2.7066375820728776
1778752996985666751,4.272283557742286,-1.9149711147767108,-2.7000691683895655
1778752996986853142,4.278290259477462,-1.912086495636342,-2.6934714940974978
1778752997018811526,4.2842998812074615,-1.9091502622050978,-2.6868147270520324
1778752997019371804,4.2902962028232965,-1.9061696675589337,-2.680136281917085
1778752997035873257,4.295627478090988,-1.903480011707633,-2.674016441568304
1778752997053617729,4.3002678808580095,-1.9011439690139027,-2.6687600016168194
1778752997085464029,4.3053158110830205,-1.8985789179823116,-2.663438050305581
1778752997102138331,4.310820859570195,-1.8956814420871972,-2.6573662314651636
1778752997103455703,4.316575049879706,-1.892612234219047,-2.650979179936647
1778752997135575755,4.3223617461309045,-1.8894730879175377,-2.6443259567727657
1778752997136671894,4.328205754558625,-1.8862542566062404,-2.6376798398344325
1778752997169270469,4.333396135158902,-1.8833487886119702,-2.6315700730057263
1778752997169948972,4.338813619902374,-1.8803258035232848,-2.6255703116688274
1778752997186548030,4.344444033183419,-1.8770880101495295,-2.6191770129361434
1778752997203400993,4.350163247767991,-1.8737488719580102,-2.6125919049905897
1778752997235538940,4.355261251315597,-1.8707312406835834,-2.6065015547663744
1778752997236272688,4.360588286409757,-1.867579405224307,-2.600541799452315
1778752997268925155,4.3661320715785115,-1.8642052556951532,-2.594172304208837
1778752997269880787,4.371766573876277,-1.8607234454593837,-2.587610204387944
1778752997285863050,4.377420226542494,-1.8571756153056753,-2.5809690546871833
1778752997303543279,4.382445955545534,-1.8539803979777718,-2.574848408600034
1778752997335507154,4.38768641121555,-1.8506508407678564,-2.568864138114431
1778752997352170786,4.3924373164450765,-1.8476025302477646,-2.5630658579524557
1778752997369403943,4.397466954428306,-1.844321963518976,-2.557336192493154
1778752997370079450,4.402795428747912,-1.8407568308334392,-2.5510548854740955
1778752997386996365,4.408248034681672,-1.8370542736119029,-2.544527818533689
1778752997418906527,4.413730290491654,-1.8332768870812715,-2.5378946494211574
1778752997419604518,4.419210700066988,-1.8294469270908542,-2.531216922537125
1778752997452375631,4.4246711317887915,-1.825573790282726,-2.524518824802389
1778752997453176518,4.4295188559157905,-1.8220901195334347,-2.518380844297549
1778752997469628796,4.434569872044294,-1.8184644663227225,-2.5123772342500903
1778752997485983750,4.439805221883414,-1.8146084746516995,-2.505983185400657
1778752997503437578,4.445112217543807,-1.8106433697799007,-2.49940335765278
1778752997519824522,4.450428824555296,-1.806614141345455,-2.492732080110288
1778752997536199814,4.455733089957615,-1.802536380472945,-2.486034036650398
1778752997553067304,4.461014510443309,-1.7984206846903783,-2.4793250024691753
1778752997568922355,4.466271179010623,-1.794267528636866,-2.472605428486101
1778752997587521646,4.471497369967382,-1.7900795283193582,-2.465880891236553
1778752997603347801,4.4766940361218435,-1.7858576385109146,-2.459159459044637
1778752997619581594,4.481297978562758,-1.7820625503271832,-2.453010722980166
1778752997652194586,4.486099500467148,-1.7781170092326992,-2.446992097876332
1778752997669057527,4.491061527338549,-1.7739310886253707,-2.440598009388721
1778752997685564821,4.4960856592133664,-1.7696390240550295,-2.4340297928519847
1778752997686858347,4.501112722329371,-1.7652872389689336,-2.4273992627073433
1778752997719441271,4.506123623726848,-1.7608895396488042,-2.420733540968422
1778752997735518315,4.511106914299494,-1.7564542575523963,-2.414073408807988
1778752997737457351,4.5160540185582905,-1.75199854893369,-2.4074459699690762
1778752997752723870,4.520983031845356,-1.7474895328887103,-2.400733723082402
1778752997769634161,4.52535649644277,-1.7433957980202248,-2.3945441159477894
1778752997786035854,4.529907559788657,-1.7391846081723368,-2.3885990361779235
1778752997802957728,4.534612400832163,-1.7347263553570258,-2.382202679318095
1778752997835948810,4.539293800189771,-1.7302279018229034,-2.375713042332792
1778752997836803369,4.5441053642056035,-1.725543989612425,-2.368907786376992
1778752997868849130,4.548846695599016,-1.720867983339208,-2.362195630451684
1778752997869729528,4.553564228921781,-1.7161493918939037,-2.355451983584746
1778752997886317285,4.55825986627376,-1.711383329889138,-2.348678877601268
1778752997902740930,4.562921221888961,-1.7065993469539804,-2.341975278601118
1778752997919582701,4.5675625779987845,-1.7017709950917563,-2.3352179195545633
1778752997952223285,4.571660720504105,-1.6974529484713945,-2.3290988627789937
1778752997968788419,4.575219375440819,-1.6937069618475693,-2.323794581389274
1778752997970324257,4.579101792625746,-1.6895636659335302,-2.3183459543589384
1778752998002189924,4.583301335105466,-1.6849787071993596,-2.312315279147528
1778752998018901778,4.587647042450774,-1.6801743332772496,-2.307265038065093
1778752998035552114,4.592006156151683,-1.6753208605480223,-2.3032873226911112
1778752998052222509,4.59636339481654,-1.6704392522466598,-2.3000198543211683
1778752998053089682,4.6007158882000745,-1.6655383265578323,-2.29726892633163
1778752998069348682,4.605060778620193,-1.6606156960001721,-2.294872770346481
1778752998102157187,4.609396131748387,-1.6556913855196977,-2.2926367797590324
1778752998118865473,4.613721970491108,-1.6507496595042142,-2.290585564947123
1778752998119530711,4.618039229287938,-1.64580339364435,-2.288584076791739
1778752998152174793,4.622352697384606,-1.6408391227993482,-2.286682439993448
1778752998168902196,4.626659492181128,-1.6358697182612754,-2.2847958390326903
1778752998169774188,4.630445875985453,-1.631473230171281,-2.2826806261373926
1778752998186405187,4.634402231579426,-1.626886441419663,-2.280540459072408
1778752998203251878,4.638553463737719,-1.6220180663335158,-2.278713843551547
1778752998235539680,4.642776320059119,-1.6170634662185213,-2.2768861652963817
1778752998252165991,4.6470268939371,-1.6120568035561618,-2.275152322991968
1778752998253114639,4.651277483665653,-1.6070341668576944,-2.2734677278225366
1778752998285499536,4.655025784809985,-1.6025820833078153,-2.271618187120706
1778752998302161294,4.658946923952015,-1.5979349340252702,-2.269942387862751
1778752998303127977,4.663059114663369,-1.5930151347021717,-2.2684914912049066
1778752998320419896,4.667241022106,-1.5880093465703877,-2.267004679405473
1778752998352260796,4.671449690268939,-1.5829541173945607,-2.2655981393627407
1778752998368925320,4.675665053224196,-1.5778802992745578,-2.2642542884449037
1778752998370075612,4.679389557883823,-1.573388372367986,-2.262758763867235
1778752998386500409,4.682584982982306,-1.5695417120057982,-2.2612754166815634
1778752998418927406,4.6852513398492635,-1.566331854335238,-2.2600139874517646
1778752998419831419,4.687175730007536,-1.5639566799414073,-2.258871615410509
1778752998436538674,4.688057225251965,-1.5628688375761721,-2.2577095673496905
1778752998468830524,4.688542376299206,-1.5622746612193465,-2.2572217185161616
1778752998469586164,4.688739109071189,-1.5620350387231898,-2.2572469875577656
1778752998486530240,4.6883581073448335,-1.5624564815376565,-2.2576095897125126
1778752998518810328,4.687611965874666,-1.5636038461766248,-2.25759204220717
1778752998535436959,4.686028121561122,-1.5650780710458387,-2.2589001552731327
1778752998536644771,4.6843897793162625,-1.5675011396754344,-2.259019958570839
1778752998552894955,4.681949987373286,-1.570238116499918,-2.260407260747811
1778752998569570349,4.680196723077977,-1.57225156848893,-2.261761675102278
1778752998586245222,4.67836575948732,-1.5746543879307875,-2.2624442951430845
1778752998603797888,4.675872375296694,-1.5775540237729277,-2.2634835682186965
1778752998635626184,4.672935725225145,-1.5811147607042155,-2.2646426838794085
1778752998636419807,4.669502525384039,-1.5852297257159418,-2.266077512346579
1778752998668822548,4.665672067725112,-1.5898043810125915,-2.267634122651891
1778752998669620109,4.661603831818072,-1.5946503211889858,-2.269144213056543
1778752998702138871,4.6574238790529785,-1.5996149843415413,-2.270756534314735
1778752998702903739,4.653206703195626,-1.604606188279778,-2.272481443005043
1778752998735488828,4.648962810757615,-1.609608924733495,-2.2742796353618235
1778752998736295525,4.644714163975499,-1.6145996155610693,-2.276193449058108
1778752998752856782,4.640456941912948,-1.619583859198745,-2.278181382458837
1778752998785575164,4.637091650841805,-1.623526525735008,-2.280549748413944
1778752998786285579,4.63351343250077,-1.6276925836278493,-2.2828502770092647
1778752998818883782,4.63062281500163,-1.6310316441900135,-2.285410924222872
1778752998835544529,4.62744380898076,-1.6346965291906306,-2.2876753907181735
1778752998852205645,4.62494571919547,-1.637543230648687,-2.289944926493737
1778752998853405973,4.622159226407297,-1.640728035093617,-2.291944401031753
1778752998869664843,4.618847565742187,-1.6444775250566048,-2.294005451138833
1778752998902206730,4.615096664772309,-1.6487035846465372,-2.2963376781290816
1778752998903256180,4.611035452634243,-1.6532476947968069,-2.2987531841439672
1778752998920359340,4.607761120244996,-1.6568787336723567,-2.30156257615111
1778752998936810647,4.6054044391454685,-1.6594923053845687,-2.304201730837189
1778752998968844525,4.603899528060661,-1.6611593827810112,-2.3064743682981494
1778752998969900077,4.603110785554965,-1.662033828073224,-2.3081506427459533
1778752998988951820,4.60277848485817,-1.6623992986173992,-2.3089428874240947
1778752999018934519,4.602660077223569,-1.662531842168212,-2.309058270819971
1778752999019776975,4.602617110271682,-1.6625764961579634,-2.3090157065117904
1778752999052202930,4.6026066060744375,-1.662588762615692,-2.3090116608583884
1778752999053470045,4.602606607665524,-1.6625869744771844,-2.30903245706443
1778752999069910131,4.602610426555152,-1.6625836410163592,-2.3090158989451486
1778752999086829279,4.602617109148985,-1.6625774498316286,-2.3090152475729075
1778752999103118487,4.602622839153175,-1.6625705422926291,-2.3090141392377457
1778752999119874806,4.60262856860419,-1.6625639923811553,-2.309004426870071
1778752999152251507,4.6026342984944755,-1.6625572040513836,-2.309003905176715
1778752999262781413,4.602640981782458,-1.6625506552392328,-2.309000189307383
1778752999262807973,4.6026457582117075,-1.6625438658104197,-2.308994452063929
1778752999262821629,4.602652441382211,-1.6625373169981812,-2.308992562223281
1778752999262834394,4.602660078319195,-1.6625307692852132,-2.3089870201749374
1778752999262847108,4.602665808504202,-1.6625236233277225,-2.3089817413480023
1778752999262859231,4.602672491819256,-1.6625171937249057,-2.3089790016510476
1778752999262872005,4.6026772685902175,-1.6625100466684082,-2.3089734610726365
1778752999270576671,4.602683951234616,-1.6625039746930288,-2.3089732649962107
1778752999302285599,4.602689681000274,-1.6624969479445373,-2.3089675304022754
1778752999302771105,4.602694456323174,-1.6624908737707749,-2.3089623150168235
1778752999335710649,4.602701139876759,-1.6624845633774499,-2.308960031823029
1778752999336818701,4.602705916248294,-1.6624774163206533,-2.308957033940508
1778752999352296312,4.602711644992387,-1.6624715816645295,-2.308952210200432
1778752999387468582,4.602719281898726,-1.662464795532912,-2.30894953893246
1778752999387499551,4.602724057935697,-1.6624582445224312,-2.3089440627844553
1778752999403650796,4.602731694554464,-1.662452054437165,-2.308939173366017
1778752999419860934,4.602736470517374,-1.6624453842173155,-2.308936762235305
1778752999452249027,4.60274315300445,-1.6624395506604448,-2.3089332410140058
1778752999453576708,4.602748883196607,-1.662432643121586,-2.308929329053635
1778752999469637781,4.602753658589994,-1.662426568947876,-2.3089242439203788
1778752999486367348,4.602760341713506,-1.6624200201356027,-2.308922158929023
1778752999502825508,4.602766070540859,-1.6624138278516014,-2.3089157062797856
1778752999520020863,4.602769892664751,-1.6624078717883064,-2.3089121842227014
1778752999552156666,4.60277562181747,-1.6624015602952356,-2.3089100337265247
1778752999568892635,4.602781350816442,-1.6623956064299894,-2.308908533818841
1778752999585580573,4.602787080200544,-1.6623891757277787,-2.308901689313924
1778752999586767025,4.602793763186655,-1.6623827461247151,-2.3088997345455473
1778752999603045292,4.602798538693947,-1.6623765527417775,-2.308895105222748
1778752999619593514,4.602805220906225,-1.6623709576033276,-2.3088909987870045
1778752999636204244,4.602810950572277,-1.6623645269013279,-2.308889107492436
1778752999668834108,4.602815726048924,-1.6623580950997405,-2.308888847931158
1778752999685468314,4.602823362533864,-1.6623521434330006,-2.3088874126739705
1778752999686313826,4.6028262312457615,-1.662345471014821,-2.3088799814519496
1778752999702948662,4.602832913297143,-1.6623399950855637,-2.3088778299063066
1778752999735523682,4.602837689095582,-1.662333324865591,-2.30887633159553
1778752999752201230,4.602844371633226,-1.6623276105180715,-2.3088685076161934
1778752999753607430,4.602850101017328,-1.6623211798158608,-2.3088664872665197
1778752999769925373,4.602854875790627,-1.6623155824789397,-2.3088608808571705
1778752999786541745,4.602859651462389,-1.6623093890961254,-2.3088592503938545
1778752999803149129,4.602866333479552,-1.6623035555389025,-2.308858535432063
1778752999820289961,4.602871109221802,-1.6622973621561412,-2.308850516019179
1778752999836262024,4.602877791611322,-1.6622914093898837,-2.3088478440951907
1778752999852832548,4.602881613194811,-1.6622854533261844,-2.3088464096988086
1778752999869593295,4.602888295783021,-1.6622798581880158,-2.3088404754545415
1778752999902187000,4.602893071286739,-1.6622735455957625,-2.3088372819052245
1778752999918906448,4.602898799772379,-1.662267710939445,-2.308833893301711
1778752999935794638,4.602902621413583,-1.6622621125037282,-2.308830436216656
1778752999952241316,4.602910257425035,-1.6622560416273202,-2.308826460532259
1778752999953380027,4.6029140787373,-1.6622504431913576,-2.308823526828749
1778752999969828358,4.602918853604582,-1.662244845854507,-2.308820788857036
1778752999985520488,4.60292553578979,-1.6622391315067233,-2.308815769262823
1778753000018810961,4.602928403901521,-1.6622328167160338,-2.3088109466696567
1778753000019539910,4.602935086140869,-1.6622273407869175,-2.308806513136011
1778753000035557871,4.602939861286526,-1.6622216242409624,-2.308803709525266
1778753000053881307,4.6029455901644445,-1.6622155511663121,-2.308799863751085
1778753000069620777,4.602949411422569,-1.662209714311682,-2.308797191423743
1778753000086156555,4.602956093708907,-1.6622042383826008,-2.308793539131287
1778753000102854161,4.602961822959184,-1.6621980460989165,-2.3087885194515936
1778753000119265252,4.602965644830246,-1.6621914939888656,-2.308782654225004
1778753000136602247,4.602973280497936,-1.6621864959960198,-2.3087820646869197
1778753000168930957,4.602977102750554,-1.6621793478396882,-2.308777962208831
1778753000169688791,4.6029837845848505,-1.6621744679568353,-2.3087738517831853
1778753000202225057,4.602987606804775,-1.6621677966377326,-2.308771962646077
1778753000203264829,4.602993335002842,-1.6621625580277661,-2.3087676591529784
1778753000235530619,4.602999063813848,-1.662156604162379,-2.3087648562205922
1778753000252142893,4.603003838834877,-1.662150649197704,-2.3087586637048556
1778753000252580407,4.603010521168208,-1.6621451732686578,-2.308757619492953
1778753000270170975,4.603015296632083,-1.6621390990950011,-2.3087547503831343
1778753000287445101,4.603021979701454,-1.66213231186406,-2.308753515061409
1778753000303120879,4.603026754552391,-1.662126952945824,-2.308750840177799
1778753000319965436,4.603032483453805,-1.6621208798711913,-2.308746147036888
1778753000336426181,4.603038211930247,-1.6621155220521202,-2.3087418425687245
1778753000368827790,4.603042034311067,-1.6621087315238245,-2.3087400839814363
1778753000370014592,4.603048715876187,-1.6621034940128299,-2.3087374765198754
1778753000402142199,4.603052537349347,-1.6620977763676743,-2.30873232546707
1778753000418900861,4.603058265748152,-1.6620921801299182,-2.3087290016353865
1778753000435557680,4.603063994579079,-1.6620861070552329,-2.3087263291527824
1778753000436575139,4.603067815965405,-1.6620806278286386,-2.308723198603914
1778753000468804059,4.603073544360637,-1.662074912381567,-2.3087197448165315
1778753000470249324,4.6030783190670235,-1.6620694342539093,-2.3087165497851485
1778753000486066703,4.603083094216256,-1.66206383691727,-2.308714071665774
1778753000502246432,4.603088822662053,-1.662058240679549,-2.308709246737001
1778753000535584125,4.60309359802122,-1.662051808877874,-2.3087049460586697
1778753000552223952,4.603099325877575,-1.6620469278955914,-2.308703967926469
1778753000568792782,4.60310410094917,-1.6620410921402673,-2.3086995351765696
1778753000569767500,4.6031098292105765,-1.6620356151117217,-2.3086964057378507
1778753000586915024,4.603113650613248,-1.6620298974665133,-2.308691386081628
1778753000604127192,4.603120332369909,-1.6620247791649754,-2.308689103195741
1778753000635529025,4.603125107555409,-1.662018824200423,-2.3086882551616195
1778753000652304259,4.603127975030706,-1.6620132246651367,-2.308680237171778
1778753000654253314,4.603133703020886,-1.6620081052643279,-2.3086840178903265
1778753000685541701,4.603140385484467,-1.6620022717074396,-2.308681085250905
1778753000686522040,4.603143252688538,-1.66199702979989,-2.308672086373189
1778753000718827015,4.603149934944232,-1.661991315452159,-2.308675347179918
1778753000719788357,4.603153756088452,-1.6619855978067573,-2.308669220015847
1778753000736566307,4.603159483501961,-1.661980836033456,-2.3086666780156087
1778753000753178560,4.603164258506644,-1.6619751194873953,-2.3086662222290557
1778753000769599810,4.603169032592943,-1.661970118196526,-2.3086597674983405
1778753000786233084,4.603173806910625,-1.661964997696517,-2.3086571599071934
1778753000802876647,4.603180488817458,-1.6619594025578381,-2.30865605317332
1778753000819691397,4.603184310176713,-1.6619538041219106,-2.30865077115246
1778753000836284013,4.6031890844709,-1.661948683621884,-2.3086484241269694
1778753000868916192,4.603192905370964,-1.661943442813552,-2.308646728987755
1778753000885663904,4.6031995871638935,-1.6619379668841012,-2.308641775254237
1778753000886899158,4.603203407895911,-1.66193260686633,-2.3086392974948504
1778753000918881308,4.603208182260586,-1.6619274863663562,-2.308637016717453
1778753000920083109,4.603212956789729,-1.6619223658665057,-2.308632581126169
1778753000936623636,4.603216777914029,-1.6619167674304018,-2.3086292572328904
1778753000953072858,4.603221551698457,-1.6619118853486197,-2.308628737059618
1778753000985473896,4.6032272795982285,-1.6619068851570566,-2.3086231941131614
1778753001002216008,4.603231100518213,-1.6619015251394267,-2.3086191516388497
1778753001018888476,4.6032358747219915,-1.6618965238486454,-2.3086151746482586
1778753001035576685,4.603240649592849,-1.6618910457211107,-2.308611459044255
1778753001052526161,4.603245423675574,-1.6618859252209255,-2.308609829145334
1778753001053465351,4.6032492444780795,-1.6618805652032074,-2.3086084614215348
1778753001085456187,4.603254018128683,-1.661875921539952,-2.3086014845778977
1778753001086475300,4.603260700180065,-1.6618704456106947,-2.3085999209632084
1778753001102658175,4.60326452066078,-1.6618653240113619,-2.308597378488187
1778753001135502879,4.603268340693026,-1.6618609176675732,-2.3085930746707395
1778753001136482636,4.603274068994274,-1.661855202220431,-2.30859007821772
1778753001153200581,4.603277889324817,-1.6618505574582392,-2.308585643111503
1778753001185558507,4.603281709480164,-1.6618455550679758,-2.308583492486873
1778753001202182643,4.6032864838719085,-1.6618405537773355,-2.3085810786617214
1778753001203488813,4.603292212270714,-1.6618349575395797,-2.308579255363528
1778753001219958485,4.603295079039089,-1.6618300732596436,-2.30857195305169
1778753001236286286,4.603300806915364,-1.6618250730680626,-2.3085686926717885
1778753001252194909,4.603305582003307,-1.661818998894124,-2.3085692808291296
1778753001270012210,4.603310356407824,-1.6618136399755534,-2.308563805380974
1778753001286453999,4.603316085119223,-1.6618082821566582,-2.308559305151719
1778753001318943645,4.603321813384203,-1.661802924337429,-2.308555132037167
1778753001319966074,4.603325634799647,-1.66179684906429,-2.308554155114393
1778753001336027408,4.6033304085605815,-1.6617919669824903,-2.3085508972452247
1778753001353034785,4.603335183046308,-1.6617869656919206,-2.308545548244013
1778753001385602550,4.603340911056409,-1.6617817270818136,-2.3085436576455134
1778753001402967438,4.603344732412091,-1.66177600943657,-2.3085413114840767
1778753001418815726,4.603349506485618,-1.661771365773631,-2.308537136809946
1778753001419592346,4.603354281707386,-1.661765053181166,-2.3085347923629334
1778753001436132282,4.603359055667008,-1.661760528727455,-2.3085287274550708
1778753001452749085,4.603363830080723,-1.6617546929716382,-2.3085266447796977
1778753001469550669,4.6033666967224205,-1.6617502855288606,-2.308525208004528
1778753001486241292,4.603372424434226,-1.6617452853371562,-2.308521883201334
1778753001502509350,4.603378152256361,-1.6617400467269081,-2.308517972934986
1778753001519741906,4.603382926828922,-1.6617348070177766,-2.3085143856623023
1778753001536596081,4.603385793955357,-1.6617293266915425,-2.308513148049268
1778753001568840049,4.603392475323312,-1.6617245660176532,-2.3085079978464265
1778753001569754172,4.603397249935716,-1.6617190878899248,-2.3085087151524277
1778753001586217231,4.603402024209982,-1.6617140865991964,-2.308505781006681
1778753001603156919,4.603405844938425,-1.6617086073721092,-2.30850180494675
1778753001619873562,4.60341157221096,-1.661703845598703,-2.3085008292775404
1778753001636302045,4.603415393024191,-1.6616988432089326,-2.308495480661736
1778753001652537921,4.603419213504905,-1.6616937216096002,-2.3084905919961947
1778753001670060039,4.603425895171156,-1.6616887225173074,-2.308489808882324
1778753001685939557,4.603429716185126,-1.661683362499748,-2.308485505811067
1778753001703661365,4.603432582601063,-1.6616784782195477,-2.3084836817334384
1778753001719666562,4.603438310377732,-1.6616740740744587,-2.308480940208104
1778753001752268092,4.60344117770133,-1.6616681169111187,-2.3084763139263673
1778753001753282435,4.6034478587546435,-1.6616638330742468,-2.3084739645253496
1778753001769660663,4.6034516800526095,-1.6616577578010199,-2.3084731846174615
1778753001802213831,4.6034564530361335,-1.6616535909745178,-2.3084669261627515
1778753001803262149,4.6034612274549485,-1.661648708893211,-2.3084664024304278
1778753001835473445,4.603465047821759,-1.6616437065031064,-2.3084633385917557
1778753001837100156,4.603469821998466,-1.6616385860029916,-2.3084598197357122
1778753001868857717,4.603474595793619,-1.6616340615491576,-2.3084574049825304
1778753001869812878,4.603477462755583,-1.6616285812228,-2.308453300449458
1778753001886388261,4.603483189924937,-1.6616242962865693,-2.3084507567416366
1778753001918777897,4.60348796387741,-1.6616195334142265,-2.3084486691820287
1778753001919610524,4.6034908313491325,-1.6616138146696242,-2.308444237447024
1778753001936373024,4.603496557827912,-1.6616100065701294,-2.3084423460648873
1778753001953176132,4.603501332282994,-1.6616047668609102,-2.308441498403607
1778753001985566189,4.603505152633457,-1.6616000028894198,-2.3084361520388184
1778753001986549152,4.603508972980347,-1.6615951197086134,-2.308434261072115
1778753002018839159,4.603513747204046,-1.6615899992085337,-2.3084323059726026
1778753002019773249,4.603518520509362,-1.6615855939636461,-2.3084288501321732
1778753002036674754,4.603521387190902,-1.6615809481022716,-2.308425785456499
1778753002068845132,4.603524253697249,-1.6615759446128258,-2.3084243523009
1778753002069952303,4.603529980226593,-1.6615722557226822,-2.3084226558823095
1778753002086417757,4.603533800448854,-1.6615671341231557,-2.3084189408246782
1778753002103594105,4.603538573764895,-1.661563086506216,-2.308414245496926
1778753002119648045,4.603544301767847,-1.6615576094774769,-2.3084117042581305
1778753002136807973,4.603548121792944,-1.6615529647150562,-2.308410466070012
1778753002153506350,4.603551942358443,-1.6615483199530403,-2.3084078564920243
1778753002185477810,4.60355576257713,-1.661543079144198,-2.3084023824737234
1778753002186626619,4.6035595819693675,-1.6615392688464963,-2.308400554775118
1778753002203124876,4.603565309288894,-1.661534507073125,-2.30839723067464
1778753002219724946,4.603569129247078,-1.6615299815199676,-2.3083926669527095
1778753002252232367,4.603571995532766,-1.6615254548676095,-2.3083896681347134
1778753002268815345,4.60357772297692,-1.6615209315129582,-2.3083883629960136
1778753002285564279,4.6035805903710045,-1.661514974349671,-2.308385562160942
1778753002286696687,4.603584409951209,-1.66151116405211,-2.308381387746006
1778753002318773467,4.603590136831465,-1.6615066406970365,-2.308381845520805
1778753002319506013,4.603593956930624,-1.6615021151439844,-2.3083769549307984
1778753002352232362,4.603598730687982,-1.6614971138528687,-2.3083727839988097
1778753002353374669,4.603601597212202,-1.661492706410003,-2.308371412582341
1778753002385490914,4.603607324072536,-1.6614883022642275,-2.3083720664568417
1778753002402169594,4.603609237309388,-1.6614834168851969,-2.308372064729107
1778753002403482086,4.60361401079552,-1.6614787732218177,-2.308367632989174
1778753002435525803,4.6036197383137365,-1.6614743690765352,-2.3083654790229184
1778753002437799526,4.603622605105607,-1.6614694847966167,-2.308360784757784
1778753002453358973,4.603627378316939,-1.6614650795516586,-2.3083590255622926
1778753002485533479,4.603630244481573,-1.6614604336898964,-2.308357852329516
1778753002486165173,4.603635018142899,-1.6614561476545888,-2.3083522441187743
1778753002502292593,4.603639792610754,-1.661450550317439,-2.3083506169779917
1778753002520416047,4.603644565742402,-1.6614466219096744,-2.3083465071124905
1778753002536329679,4.603647432228827,-1.661441737629527,-2.3083452029939897
1778753002553303102,4.603653159179571,-1.6614372142745057,-2.3083416846597675
1778753002569735412,4.60365793362188,-1.661432332193217,-2.3083381626342767
1778753002602148383,4.603659846208001,-1.661427685232325,-2.308336141291734
1778753002602975219,4.603665573259875,-1.6614234002960064,-2.3083324247454295
1778753002619843661,4.603669393599616,-1.661418278696568,-2.3083304048839515
1778753002636271002,4.603673213588444,-1.66141399156206,-2.3083272743564858
1778753002653211211,4.60367703367688,-1.6614091083810605,-2.3083257097957377
1778753002669329243,4.603681807311137,-1.6614047031364192,-2.30832284097196
1778753002702216738,4.603685627349006,-1.6613997007460681,-2.3083196476484225
1778753002703116954,4.603690400900003,-1.6613956531293042,-2.308315277594797
1778753002735514204,4.603694221219822,-1.6613906507391643,-2.3083128007945093
1778753002736659788,4.60369899442758,-1.6613861262848904,-2.3083112377512056
1778753002768797594,4.603703768002073,-1.6613820786681441,-2.3083080406658514
1778753002769994235,4.603707588023595,-1.6613773146964073,-2.3083052374420463
1778753002786510305,4.603710454144813,-1.6613727880439264,-2.3083046516102153
1778753002819374366,4.603715227916469,-1.6613682635900746,-2.3082980664045634
1778753002819939453,4.603719047632548,-1.6613634996181088,-2.3082968944268503
1778753002836360833,4.60372382131737,-1.661359213582819,-2.3082946107589524
1778753002853242149,4.603727640839858,-1.661355045657275,-2.3082909597088004
1778753002869701461,4.603730507132695,-1.661350757423549,-2.308289327901506
1778753002886703127,4.60373432707658,-1.6613457550331274,-2.308287244203129
1778753002918885208,4.603739099960499,-1.661342184253117,-2.308284373207779
1778753002935499666,4.603742920484629,-1.6613369434445036,-2.3082817668791544
1778753002937078185,4.603747693303684,-1.6613327766178785,-2.3082838547860565
1778753002953417117,4.603750559573024,-1.661328488384135,-2.308281506362118
1778753002985985003,4.603755332543776,-1.661324679185563,-2.3082758980990254
1778753003002105459,4.603759152852872,-1.661319319167475,-2.3082749228714747
1778753003003477124,4.603762971785917,-1.6613158664973693,-2.308272900815718
1778753003019782352,4.603766791791093,-1.6613113409442473,-2.3082689226662856
1778753003036274708,4.60377156556275,-1.6613068164903955,-2.3082652066265585
1778753003052794054,4.603774431546566,-1.6613024090471245,-2.3082635770191153
1778753003069504515,4.603778250528652,-1.6612982411211756,-2.308261362429686
1778753003086460985,4.603782070642109,-1.6612941924053874,-2.308258881713351
1778753003102821168,4.603785889989404,-1.6612896668517725,-2.3082550375059974
1778753003119654132,4.60378970977392,-1.661285618135738,-2.308254514043028
1778753003136404800,4.6037935296074775,-1.6612808541638604,-2.3082519721556656
1778753003168872295,4.603797348865888,-1.661277282284685,-2.308246819665616
1778753003169965248,4.60380212189283,-1.661272996248902,-2.308245907883501
1778753003202093355,4.6038059416196315,-1.6612685899048845,-2.3082426488067416
1778753003202991417,4.603808807429781,-1.6612646592987368,-2.308237822475481
1778753003235465184,4.603811673550997,-1.6612601326462557,-2.308238148930688
1778753003252177057,4.603818353930081,-1.6612560872275053,-2.308236519627077
1778753003268866197,4.60382026611115,-1.6612520363128767,-2.3082309113405213
1778753003269693124,4.603823131738956,-1.6612475096600259,-2.308229023964019
1778753003302167822,4.603826950887037,-1.6612441761993944,-2.308230586227452
1778753003302860322,4.6038317238199955,-1.661239890163541,-2.3082258275506025
1778753003319490079,4.603835543306216,-1.6612360798659098,-2.308221001483115
1778753003352406769,4.603839362704076,-1.6612316735216457,-2.3082227633941548
1778753003368833299,4.603842228282842,-1.661227862124638,-2.308219632593286
1778753003369490382,4.603847001195879,-1.661223695298083,-2.3082149392444644
1778753003402138651,4.603849867190419,-1.6612196454827604,-2.3082108965171253
1778753003418812372,4.603853686662342,-1.661215358347865,-2.3082090719492117
1778753003435510178,4.603857506121492,-1.6612114288409003,-2.3082075056035514
1778753003452121080,4.603861326005615,-1.6612067840783737,-2.308203659216902
1778753003468856598,4.603866098905879,-1.661202974879749,-2.3082032034210846
1778753003485638876,4.603868964560755,-1.661198567436232,-2.3082003352209197
1778753003502246872,4.603871829962278,-1.6611951136670313,-2.3081961604986256
1778753003503148380,4.603875649732497,-1.6611905881137328,-2.308194792250444
1778753003535448465,4.603879468571559,-1.6611871354435568,-2.3081926398896044
1778753003537134930,4.6038832881900795,-1.6611822522622048,-2.308190948539245
1778753003553231811,4.603886153508343,-1.6611791561208817,-2.3081870330522674
1778753003569391162,4.603891880113798,-1.6611748711842287,-2.308185535331088
1778753003602211959,4.6038947460143556,-1.6611708213688354,-2.3081828610945903
1778753003604351197,4.60389665793697,-1.6611667704540132,-2.308180253271261
1778753003619764135,4.603900477117746,-1.661162960156153,-2.3081779704205716
1778753003636278502,4.603905250390368,-1.661159031748494,-2.3081755569011024
1778753003653070829,4.603908116289399,-1.6611541474679066,-2.3081741262810773
1778753003685557270,4.603912888670708,-1.6611510535247729,-2.30816995131043
1778753003685671447,4.603915754164689,-1.6611467652904486,-2.3081680625763665
1778753003719641576,4.603919573524233,-1.6611434318299754,-2.308164929705044
1778753003735507136,4.603923393072265,-1.6611385486485708,-2.30816395435067
1778753003752193922,4.603927211502702,-1.6611355728153416,-2.308161410065848
1778753003753100460,4.603930077513589,-1.6611312845814044,-2.3081608886602525
1778753003785526976,4.6039338963020855,-1.661127712701877,-2.3081548248885957
1778753003802187542,4.6039377153183905,-1.6611239024038935,-2.3081552821416023
1778753003802932973,4.6039405809512965,-1.6611203294255532,-2.3081529327402883
1778753003835583025,4.603944400412495,-1.6611156846627098,-2.3081485019134056
1778753003852586745,4.603947265609706,-1.6611124693119832,-2.308149673811406
1778753003853875211,4.603950130946364,-1.6611084194961676,-2.308146740176168
1778753003885584370,4.603954903156054,-1.6611050871342787,-2.3081439364099334
1778753003886461963,4.603958722823092,-1.661101038418156,-2.30814022009619
1778753003902997330,4.603961588226663,-1.6610968693930772,-2.3081379393164143
1778753003920422153,4.603964453306395,-1.661093654042262,-2.308134612146021
1778753003936501050,4.603968273053117,-1.6610891284889464,-2.308133439815287
1778753003959159648,4.603971137556178,-1.6610862707656393,-2.3081303089181744
1778753003973972532,4.603974003630403,-1.661081744113123,-2.3081280931619963
