t_s,gt_x,gt_y,gt_yaw,est_x,est_y,est_yaw,est_x_al,est_y_al,est_yaw_al
0.0,-0.0024447427505827,1.939262070606652e-07,5.2222100560558194e-05,-0.0013000876642763,0.0003908037906512,-0.00011354627330106837,1.9841858435267175,3.202459178312179,-2.299244370560522
7.1376e-05,-0.0024511801266048,-3.7076045045610334e-08,-1.2696620620901774e-05,-0.0012992750160511592,0.00039069293256051773,-0.0001135388783168878,1.9841852198739889,3.2024586456359847,-2.299244363165538
0.000108917,-0.0024578554294139,5.666610666979337e-07,-1.2787576977812912e-05,-0.001298847594690758,0.000390634625516381,-0.00011353498884281166,1.9841848918569092,3.2024583654690235,-2.299244359276064
0.00015144800000000002,-0.0024640539246241,5.738024734994872e-07,5.3768602506791546e-05,-0.0012983633599106712,0.00039056856822184495,-0.00011353058237473235,1.9841845202393598,3.2024580480618945,-2.2992443548695958
0.00024447600000000004,-0.0024700149417674,5.806696335630122e-07,-1.9617773809817813e-05,-0.0012973041938171886,0.00039042408118894885,-0.00011352094411298808,1.9841837074007862,3.2024573537977017,-2.299244345231334
0.00028454200000000004,-0.0024759754308674,2.299087329500998e-07,5.281187842483055e-05,-0.0012968480241832992,0.0003903618524249207,-0.00011351679303350792,1.9841833573213445,3.202457054786768,-2.2992443410802546
0.00034129,-0.0024814584043697,7.130630820213192e-07,4.627946322934253e-05,-0.0012962019223916566,0.0003902737139059502,-0.00011351091359879106,1.984182861481776,3.2024566312787446,-2.29924433520082
0.000397507,-0.0024886120541457,6.048231133278364e-09,4.444331818456053e-05,-0.0012955618662765375,0.0003901864001130242,-0.00011350508917828961,1.9841823702818566,3.2024562117335527,-2.2992443293763993
0.000421934,-0.0024948107336968,-1.0601955103602785e-07,-1.4893827874858212e-05,-0.001295283753770996,0.0003901484611618208,-0.00011350255839381873,1.9841821568492575,3.202456029435842,-2.299244326845615
0.0005498380000000001,-0.0025012469713531,8.550704085862044e-07,-2.178008517205816e-05,-0.0012938275085542788,0.00038994980624657444,-0.00011348930676824409,1.9841810392792256,3.202455074893475,-2.2992443135939893
0.000615423,-0.0025069699478729,1.4640742597276125e-07,4.335111499323958e-05,-0.0012930807934981555,0.00038984794248456204,-0.00011348251176679369,1.9841804662257594,3.2024545854352784,-2.299244306798988
0.00067164,-0.0025134077704223,-8.459462218757288e-08,-2.084290936240532e-05,-0.0012924407373830363,0.00038976062869163603,-0.00011347668734629224,1.98417997502584,3.2024541658900865,-2.2992443009745673
0.000747164,-0.0025203212254987,2.8099849789423845e-07,5.3363137780911535e-05,-0.0012915808622911912,0.00038964332810823704,-0.0001134688626045488,1.984179315129675,3.202453602257536,-2.2992442931498256
0.000883664,-0.0025265195980533,8.841862145059866e-07,-2.3860238665128878e-05,-0.0012900267477046114,0.0003894313222606394,-0.00011345472038160054,1.9841781224514994,3.2024525835635695,-2.2992442790076026
0.000970971,-0.0025322423990513,-1.8210466777394026e-07,5.069536569773992e-05,-0.0012890327177983072,0.0003892957208354657,-0.00011344567484972146,1.9841773596005583,3.202451931994968,-2.2992442699620708
0.001099506,-0.0025396327248897,5.416656397661818e-07,6.306347114080156e-05,-0.0012875692883595816,0.0003890960858785356,-0.00011343235784844197,1.9841762365171203,3.2024509727434736,-2.2992442566450695
0.001337389,-0.0025451159099049,1.0248200854433733e-06,-2.8748407978568704e-05,-0.0012848608822042748,0.00038872661637638124,-0.00011340771173529163,1.9841741579979817,3.202449197432288,-2.2992442319989563
0.001545806,-0.0025517933829502,-3.9799945541157693e-07,-1.5807868830403147e-05,-0.0012824879598614819,0.0003884029121804929,-0.00011338611847699909,1.9841723369400526,3.202447642024666,-2.299244210405698
0.001599338,-0.0025577526433492,5.625410876108661e-07,5.2337856417733616e-05,-0.0012818784736926263,0.0003883197686124812,-0.00011338057223886366,1.9841718692005061,3.20244724251752,-2.29924420485946
0.0017585220000000002,-0.0025637133946355,3.309895799147548e-07,4.276492580963012e-05,-0.001280066091448303,0.0003880725309652725,-0.00011336407981676899,1.9841704783193144,3.202446054533781,-2.299244188367038
0.0020179860000000003,-0.0025701513435111,-3.7684950321293867e-07,-1.516925511129778e-05,-0.0012771119757919488,0.00038766954279500826,-0.00011333719778150453,1.984168211234698,3.2024441181644674,-2.2992441614850025
0.0021780510000000003,-0.0025765873769957,8.226589094889917e-07,5.018349852756287e-05,-0.0012752895629619054,0.00038742093681701765,-0.00011332061408220184,1.984166812655708,3.2024429236058616,-2.2992441449013032
0.004819426,-0.0025825483919463,-4.93884361333247e-09,4.468826999340959e-05,-0.0012452163071661002,0.000383318468350364,-0.00011304695170277768,1.984143733459255,3.2024232111313142,-2.299243871238924
0.011671217000000001,-0.0025894632152544,-2.3539146443988047e-07,-1.974627415558197e-05,-0.001167205550116308,0.00037267656535756616,-0.000112337064834378,1.984083865462268,3.2023720764928436,-2.2992431613520554
0.013731304000000001,-0.0025951843681962,1.2882817854643853e-07,4.837158568996337e-05,-0.0011437505225974538,0.00036947692806408715,-0.00011212362739732029,1.9840658653098537,3.2023567021470756,-2.2992429479146184
0.013752494,-0.0026018607065462,1.7310124262831442e-08,-2.161696266428167e-05,-0.0011435092648092516,0.00036944401668012676,-0.00011212143198546798,1.9840656801607657,3.202356544006965,-2.2992429457192065
0.015894246,-0.0026082981530727,-2.1369209564145335e-07,5.455179308100394e-05,-0.0011191244441203386,0.00036611754086984143,-0.00011189953356183224,1.9840469664547749,3.2023405601986124,-2.299242723820783
0.017984942,-0.0026149730563573,3.900448336241431e-07,-1.53837528764818e-05,-0.0010953209192140808,0.0003628703630123396,-0.00011168292484819986,1.9840286988541098,3.2023249574191186,-2.2992425072120692
0.019645798000000003,-0.0026211719004185,2.7797712659281465e-07,5.024978007460595e-05,-0.0010764113182191453,0.0003602907938986573,-0.00011151085015059792,1.9840141870101256,3.2023125625181192,-2.2992423351373716
0.021073208000000003,-0.0026271328397163,4.6425704768678886e-08,4.622742952501149e-05,-0.0010601596061163617,0.00035807380293221517,-0.00011136296186631256,1.9840017149166862,3.2023019098151546,-2.2992421872490874
0.02244353,-0.0026333319657947,-6.56418734546868e-08,4.722170472742237e-05,-0.0010445578668598686,0.000355945478557917,-0.00011122098824278837,1.9839897416335885,3.2022916831576196,-2.299242045275464
0.024214526,-0.0026400074345917,-1.7716032489617938e-07,5.465951818699622e-05,-0.0010243942718681134,0.0003531948447991475,-0.00011103750237717591,1.983974267433749,3.2022784662862653,-2.299241861789598
0.024902768000000002,-0.0026462058813212,5.452366987603947e-07,4.7242595688516925e-05,-0.001016558323653484,0.00035212589733715267,-0.0001109661963552,1.9839682538717502,3.2022733299641195,-2.2992417904835762
0.025610167000000003,-0.0026521665202489,-2.8236122608588014e-07,-1.885108545315352e-05,-0.0010085042642803558,0.0003510271960581437,-0.000110892905552884,1.983962072924141,3.2022680506740597,-2.299241717192774
0.025702913,-0.0026593183141263,5.603436265291885e-07,6.280765225193165e-05,-0.00100744830888514,0.0003508831470153504,-0.00011088329650776885,1.9839612625495617,3.2022673585144217,-2.299241707583729
0.027095999000000003,-0.0026664713675473,3.301655959285692e-07,5.408685587053161e-05,-0.0009915873911345158,0.00034871946658892976,-0.00011073896439706132,1.9839490903644423,3.202256961970077,-2.299241563251618
0.027894451,-0.002671716777796,3.362085666884292e-07,3.8133465847782206e-05,-0.0009824966519412274,0.0003474793457609002,-0.00011065623995465401,1.9839421138349582,3.2022510031551694,-2.2992414805271757
0.028693143,-0.002678155236362,-6.100488299770032e-07,-1.8297447511548107e-05,-0.0009734031802387758,0.00034623885217533644,-0.00011057349064680366,1.9839351352084575,3.2022450425491513,-2.299241397777868
0.033707712,-0.002684114413767,7.081194946379576e-07,4.283022319790249e-05,-0.000995029513235706,0.0003381685705972674,-0.0001088197483105624,1.9839435075706866,3.2022665537386663,-2.2992396440355316
0.066172564,-0.0026903136749907,-3.576222071901116e-07,-2.3442960559567417e-05,-0.0014392624490634344,0.0003018275462527168,-9.718218538390389e-05,1.9842120805563397,3.202622267278895,-2.299228006472605
0.08289199400000001,-0.002696512215726,3.647748594024501e-07,4.566452869130456e-05,-0.0013095319233715603,0.00037101286342781535,-0.0001196721179046456,1.984177360233279,3.202479399799826,-2.2992504964051257
0.09958691700000001,-0.0027036648424506,1.5387360747051775e-08,5.696072616855986e-05,-0.0012159087224851103,0.0003906241269999982,-0.00011855943637151256,1.9841296776178536,3.2023964765003905,-2.2992493837235926
0.10077420000000001,-0.002709148034807,7.369603561099138e-07,4.1487167618159096e-05,-0.00121388917796292,0.0003856295566852252,-0.00011543635248001394,1.9841246059851187,3.2023982938704982,-2.299246260639701
0.117426972,-0.0027155867048859,-2.0929694394954694e-07,-1.846247899506004e-05,-0.001185563147461443,0.0003155759631528644,-7.163213395422474e-05,1.9840534715179352,3.2024237842127734,-2.2992024564211753
0.14955975200000002,-0.0027213078144954,2.74131952411614e-07,-1.5133796783919172e-05,-0.0007522108489489794,0.00011478817430574616,-8.281908919682834e-05,1.9836151755359794,3.2022340302062875,-2.299213643376418
0.151078126,-0.0027275063912217,6.389012159436635e-07,4.093583681649255e-05,-0.0007327324898400643,0.00010564712901249199,-8.347513907835946e-05,1.9835953883859243,3.202225578349963,-2.2992142994262994
0.167375311,-0.0027339446581057,-4.265655414365788e-07,5.0894561537551935e-05,-0.001002048283925903,0.00010624718493757864,-4.219779979219851e-06,1.9837751002293538,3.2024261650153782,-2.2991350440672003
0.184051228,-0.0027403811814498,6.53733821836451e-07,-2.0541499546553797e-05,-0.0007414315195580134,0.00011642064732842669,2.9416305361795736e-05,1.9836092188051675,3.2022248991456523,-2.2991014079818592
0.21625750700000002,-0.0027468184524544,6.510370226568255e-08,4.810723222151528e-05,0.0018860389327870202,8.482418936182756e-05,-0.00012783619632639187,1.9818367219668342,3.2002850913530603,-2.2992586604835474
0.232811922,-0.0027534947004693,7.279487988892276e-08,-1.6151818815766575e-05,0.0026037053511338204,-0.0001259803713661153,-0.00022297457183784175,1.9812017032967248,3.1998898256962436,-2.299353798859059
0.23343597200000002,-0.0027594541415386,7.949169590976707e-07,-1.9120255338234307e-05,0.0026307591448419838,-0.0001339270481965727,-0.00022656099293705267,1.981177765066284,3.199874925409333,-2.299357385280158
0.266254459,-0.002765654028482,2.0601263572486145e-07,-2.51464881544577e-05,0.016757961162553486,2.6796320404403034e-05,6.749964166763434e-05,1.9718942544833453,3.189225038080966,-2.2990633246455534
0.26758205900000004,-0.0027725684882568,-3.8206797064014534e-07,5.118871854423834e-05,0.017469367584066593,3.967087176701172e-05,8.471112665864311e-05,1.9714303307917738,3.1886855571646757,-2.2990461131605624
0.299773591,-0.0027787664958002,5.787473987561579e-07,4.6915936225573935e-05,0.030207715266087322,4.885769056102946e-05,0.00017844015603207808,1.962958190707173,3.1791730165759273,-2.298952384131189
0.31627797,-0.0027849660103912,1.0905217848223357e-07,4.132265800175503e-05,0.03730661743611838,0.00014810603176614815,0.0002823685407418175,1.9583070327984207,3.1738091567380162,-2.2988484557464792
0.31728654300000003,-0.0027914041472783,-5.987868187734847e-07,-1.6751190497342347e-05,0.03775471425993019,0.00015596658907489103,0.0002899686401391932,1.9580146333841622,3.1734695170253606,-2.298840855647082
0.334118036,-0.0027978398084106,7.199306970273306e-07,4.639882843452096e-05,0.04497716195434729,0.00028396667934389757,0.00040980009576463416,1.9533026971334364,3.167994319175895,-2.2987210241914564
0.35071613500000004,-0.0028047553852425,-2.257772186343312e-07,-2.1146771826333383e-05,0.0459314561004952,0.00033344307443095966,0.00035898398581313273,1.952704416035444,3.1672492118287106,-2.298771840301408
0.36700529400000004,-0.0028109536527796,1.9782630512923584e-08,-1.590680333769303e-05,0.04754040134774448,0.0003703030664943301,0.0003319081921335787,1.9516609656623172,3.1660239466384423,-2.2987989160950875
0.383704074,-0.0028176285597348,7.427288346213553e-07,-1.92365570376688e-05,0.05688486674765642,0.00027424733169108755,0.0005650102317109607,1.9453693465283035,3.1591142585856535,-2.29856581405551
0.41620662900000005,-0.0028238282153345,2.730336787514127e-07,-2.635041121410157e-05,0.07353528723606313,0.00018094235024744996,0.0008078232789658912,1.934216734734196,3.1467504218660003,-2.298323001008255
0.417245238,-0.0028302661840409,-5.540146684851196e-07,-1.714979712686959e-05,0.07403317270967195,0.00018004229240236276,0.0008108952771186395,1.9338846567121473,3.146379456985982,-2.2983199290101024
0.44953103000000005,-0.0028364640035729,4.068006150392085e-07,-1.7071712908144478e-05,0.08783128750629514,0.0004335885773113934,0.0009612850554145957,1.9248894679343396,3.135913376701989,-2.2981695392318064
0.466152512,-0.0028429011555924,5.334260801214705e-07,4.192340839367188e-05,0.09488546348861306,0.0005401947268296941,0.0010042650234902695,1.920273572026427,3.130577997743757,-2.2981265592637308
0.46701183,-0.0028493395671555,-4.128313380119557e-07,-1.876356685782446e-05,0.09527415674993628,0.000539640515560923,0.0010034167294405982,1.9200144334566354,3.130288291064175,-2.2981274075577804
0.49951032700000003,-0.0028555373793463,3.0956539582670226e-07,5.205904404623532e-05,0.10821776143966302,0.0005585683866937707,0.0010396735916939903,1.9114129382302436,3.1206160865327055,-2.298091150695527
0.49968480000000004,-0.0028617359795741,6.743346700927483e-07,4.106194259940166e-05,0.10827010592862556,0.0005590593760242018,0.0010405353447002774,1.9113784627100938,3.1205766958598797,-2.2980902889425208
0.5328076070000001,-0.0028688902022035,-5.095170118167105e-07,-1.8363213205384137e-05,0.12045927835644868,0.0007899293316595158,0.0011578003360899203,1.9034373074306257,3.1113264375802965,-2.297973023951131
0.5494581350000001,-0.0028746105707789,3.315393655850553e-07,5.175686809288363e-05,0.12658720903358314,0.000952829208753845,0.0011565048313100235,1.8994799570920238,3.1066448300517555,-2.297974319455911
0.550692438,-0.0028817632826902,4.589889985029879e-07,-1.3680920466722363e-05,0.126732579811915,0.0009590315801776824,0.0011460247098171727,1.8993878230175172,3.106532213690072,-2.297984799577404
0.582896223,-0.0028884389431692,4.666799077763058e-07,5.156835534297879e-05,0.1338311441734194,0.0010410070220404227,0.0010120814685801172,1.8947239994743235,3.1011801032721675,-2.298118742818641
0.584223302,-0.0028941615855204,3.54063138367086e-07,-3.032494073735925e-05,0.13474681064196473,0.0010293334273634917,0.0010328561519536983,1.8941057947639812,3.1005045262665334,-2.2980979681352673
0.6009404070000001,-0.0029005992017054,-4.729853698793996e-07,-1.6229399766614106e-05,0.14628138582524336,0.0008822821154659424,0.001294553129524978,1.8863183208801486,3.091994338298241,-2.297836271157696
0.617362119,-0.0029070352858634,8.457323391333598e-07,-2.120564355945433e-05,0.15607147673070307,0.0009070914165350399,0.001496139496138582,1.8798202807485271,3.0846716359359694,-2.2976346847910825
0.6341821710000001,-0.0029129964961666,2.565532215886813e-07,3.941688438693107e-05,0.16496198619548838,0.0010574231234302422,0.0016616650902236962,1.8740147022393039,3.0779367256664276,-2.2974691591969973
0.649866437,-0.0029199119283193,-8.08364033319797e-07,-1.765643911837112e-05,0.1668496216508323,0.0010841741652780372,0.0015893752644564607,1.8727782038177943,3.0765102072178556,-2.2975414490227646
0.6683552,-0.0029261090773215,5.100787634471266e-07,5.071448814507921e-05,0.16821696529574265,0.0011005111474301577,0.0014737940815430228,1.871880254149643,3.0754789061300403,-2.297657030205678
0.6840689120000001,-0.0029320697419433,5.169457625006983e-07,-2.931880844475581e-05,0.17665465779576695,0.000949691490298922,0.00160599261289196,1.8661513386623367,3.069282380600903,-2.297524831674329
0.7007926800000001,-0.0029387462697827,-3.098278442339481e-07,-1.7892285846831384e-05,0.18580170722155612,0.0008264444054010572,0.0017527146946072492,1.859970832582853,3.062538120252783,-2.297378109592614
0.717625756,-0.0029449439284752,7.701966389952371e-07,4.658479059097421e-05,0.19340922848493802,0.001032119926978515,0.0018550125390102146,1.8550605486633651,3.0567238452315095,-2.297275811748211
0.7333610300000001,-0.0029511436905702,-5.712628773322688e-08,4.643096946928465e-05,0.2003572511476959,0.0012136767302236868,0.0019433301936278013,1.8505712458137602,3.051417797576283,-2.2971874940935932
0.7661586370000001,-0.0029578192607141,6.97738534469383e-08,5.065213739132952e-05,0.2065434088978335,0.0009061301150158645,0.0017573433488031753,1.8462240512175678,3.047005878291783,-2.297373480938418
0.7669854930000001,-0.0029635405186734,7.916213638977511e-07,-2.550933195200568e-05,0.20710794738824198,0.0008938850057900783,0.0017711721892732513,1.8458391404757317,3.046592722908577,-2.297359652097948
0.7995446150000001,-0.0029699790477437,-1.546360005656906e-07,4.130555487855517e-05,0.22830525724922976,0.0004331309220922361,0.002244975409535499,1.831385772125362,3.031080199484037,-2.2968858488776855
0.8003395200000001,-0.0029761779894812,-1.4749438981819613e-07,-2.2791256471135388e-05,0.22864305984281916,0.00042561045460214427,0.0022442314156778664,1.8311553089838102,3.030833108630193,-2.296886592871543
0.8328978010000001,-0.0029826144276387,4.5596784188150245e-07,4.415843262048584e-05,0.24221920839003946,6.069890000087536e-05,0.002284478147335456,1.821846321856615,3.020944340836146,-2.2968463461398856
0.8339397770000001,-0.0029885753669365,2.2441642005736653e-07,-2.501563209349408e-05,0.242617082951978,4.10053738672954e-05,0.0022957309760243128,1.8215667885942923,3.0206605219550533,-2.2968350933111967
0.85033557,-0.0029957282485062,-2.441802353669012e-07,-1.80547773384542e-05,0.24887775398231834,-0.0002688779419924421,0.0024727974822069676,1.8171682520582726,3.0161945499711633,-2.296658026805014
0.8828873880000001,-0.003002164921678,3.592821036727662e-07,4.874268186969844e-05,0.26477467815106526,0.0007612961989867588,0.002495170035975214,1.8073556227665901,3.0036452167947894,-2.296635654251246
0.8836378890000001,-0.0030081253204428,1.277304349667015e-07,4.621919856838247e-05,0.2651627052888013,0.0007952575887529493,0.0024936432685094267,1.8071226860292873,3.0033330326952115,-2.2966371810187116
0.9161595090000001,-0.0030148009412602,3.738398724576962e-07,4.238555036074794e-05,0.2716465202341939,0.0003658345742955732,0.002482357582007211,1.8024864081706164,2.998780100893763,-2.296648466705214
0.916964694,-0.0030212388739756,-9.558067171832364e-08,-1.93144734968995e-05,0.27178104323480934,0.0003504169749397115,0.002482216305036644,1.8023853600374147,2.9986899709051857,-2.2966486079821844
0.933815825,-0.0030271984362226,7.457507360032433e-07,-2.3505840413484318e-05,0.28047705145204627,0.0004133508236965893,0.00254820693499358,1.7966440233040673,2.9921583882410925,-2.2965826173522275
0.9663483570000001,-0.0030336365224363,-8.129755756330408e-08,4.670495613736096e-05,0.29387696078589254,0.0005039261614494451,0.0026194157057197742,1.7877922684639802,2.9820979603029723,-2.2965114085815013
0.982923702,-0.0030395964768665,5.216154829505399e-07,-2.4717891615173648e-05,0.2960647926303537,0.00036901501678736424,0.002590701170693599,1.7862353051243176,2.980555016896512,-2.2965401231165274
0.9995457560000001,-0.0030462729650442,-6.673959556643007e-08,-1.9916514877768933e-05,0.30465669834968545,0.00017178180520450702,0.0027442079538042563,1.7803691033637532,2.974274298646663,-2.296386616333417
1.016181556,-0.0030531859339318,5.372718487871171e-07,4.932479564546053e-05,0.3137758129643273,-2.42231916608296e-06,0.002894849504416097,1.7741691630407983,2.9675848040152486,-2.296235974782805
1.0328395380000002,-0.0030593852553628,6.636229061213967e-07,-2.6702873772482018e-05,0.3221085724942747,0.00011160446989819816,0.002845792946697401,1.7687077445129176,2.9612902991772274,-2.2962850313405236
1.0495532870000002,-0.003065107989527,-2.834587335176856e-07,-1.962748246248913e-05,0.33014748040953656,0.00012949320262308953,0.0028309249721574226,1.763370175438983,2.955279083255486,-2.2962998993150636
1.066154161,-0.0030717826651386,5.586966380936125e-07,4.913024384533544e-05,0.33699852078623915,-0.00019279614186479364,0.0029371887891311843,1.7585694143383526,2.9503807858452165,-2.29619363549809
1.082870795,-0.0030777433767632,5.655636586151779e-07,-2.9324136223963495e-05,0.3441790374504237,-0.0005218277554196135,0.0030881745634374624,1.7535443130725592,2.94524109338011,-2.2960426497237836
1.099534468,-0.0030846584563944,-4.993537573032539e-07,4.87061281729885e-05,0.3516375748937434,-0.0008546160798806515,0.0032856397502660784,1.7483313499236124,2.9398964190149104,-2.295845184536955
1.1173402780000001,-0.0030908563030984,5.806708117979064e-07,4.383667883391314e-05,0.35985117749561224,-0.000544883152792931,0.00328436249152686,1.7430952979058771,2.9335605716796977,-2.295846461795694
1.117437554,-0.0030968170632038,-1.277177845355483e-07,-2.31649790474936e-05,0.35989655493530953,-0.0005418126143339935,0.0032839157231787652,1.7430673849225027,2.9335246633854046,-2.2958469085640423
1.149561306,-0.0031034928558724,3.568102777790948e-07,-2.2667900411461525e-05,0.369189724998271,4.647807320361637e-05,0.003099088990103027,1.737320626195339,2.926197736343054,-2.296031735297118
1.166199862,-0.003109691613269,4.831610774974489e-07,4.238111525604234e-05,0.3699690528516687,4.94743524549939e-05,0.0029769296270907297,1.736804120125826,2.925614141996845,-2.2961538946601303
1.166800717,-0.0031163676585901,1.4015069877373273e-08,-1.985812153822704e-05,0.36999719610144066,4.9582554715429644e-05,0.0029725181827284786,1.736785467951058,2.925593067116255,-2.2961583061044926
1.183508845,-0.0031225659408095,7.364120183959687e-07,4.271561547310501e-05,0.3778454768007073,0.0001324044699166196,0.002946851003488238,1.731623244215208,2.9196808919238957,-2.296183973283733
1.2161844400000001,-0.0031282882086157,-9.146056108021572e-08,-2.2097000499604192e-05,0.39972614301730325,0.0006023817712156431,0.0029527002542129033,1.7174096049790952,2.903038870039177,-2.296178124033008
1.2168247300000001,-0.0031349638602757,3.9306743683044606e-07,4.422207576210675e-05,0.40000550433516846,0.0006183918874468346,0.0029495450323442363,1.717235602463977,2.9028197303703043,-2.296181279254877
1.2495574930000002,-0.0031406858482573,3.996596417121477e-07,-2.699652452931392e-05,0.40913943977977785,0.0009969234994020744,0.0028032148084289332,1.7114382948463425,2.8957512590168886,-2.296327609478792
1.266200146,-0.0031473620110855,-6.948631223794353e-08,4.274870392701788e-05,0.41026691015967215,0.0008888375555956513,0.002739041812013454,1.7106071566048615,2.894981790854886,-2.2963917824752076
1.282790059,-0.0031540379139201,1.766232540610134e-07,-2.442941734757512e-05,0.4188495653159301,0.0007430143998239037,0.002945732880183627,1.7047854787788048,2.888673756199496,-2.2961850914070374
1.2995343160000001,-0.0031607134693817,-1.733137041301617e-07,-1.999921165056713e-05,0.428516905245408,0.0005987228104949804,0.0031781794462704127,1.6982429477913963,2.8815552191550164,-2.2959526448409506
1.3002616930000002,-0.0031666732468122,7.872270750402125e-07,-2.604864140430031e-05,0.42878465044488345,0.0005974626629071575,0.003176089219127931,1.6980637887632468,2.8813562439745377,-2.295954735068093
1.332898683,-0.0031731113528567,-1.5903048263517324e-07,-2.2578455193898287e-05,0.44103783731099117,0.00048012813223316595,0.00311774062795811,1.6898201642542614,2.8722899872650296,-2.296013083659263
1.349553319,-0.0031793096784084,4.441572125085811e-07,-2.4089968423121398e-05,0.44822876255684957,0.00018223810110736265,0.0032267148646312194,1.684811375215002,2.8671217983441055,-2.29590410942259
1.366211933,-0.0031855084754668,3.32089484009259e-07,-2.888872641585779e-05,0.455696528276918,-9.028832788157732e-05,0.0033298567879507246,1.6796372419610517,2.8617301250811296,-2.2958009674992703
1.3828564,-0.003191708006218,-3.760242752163386e-07,4.2739832489906016e-05,0.46373876604874104,-0.0003088878307506319,0.0034205435326488676,1.6741209690464227,2.855873837242189,-2.295710280754572
1.3835536190000002,-0.003199336629003,2.288113799088673e-07,5.949761803693973e-05,0.46407564682582053,-0.00031804473116630016,0.003424342303822936,1.6738898982476242,2.8556285235802505,-2.295706481983398
1.416266244,-0.003206012041978,5.941299956367252e-07,5.353720644816189e-05,0.478821786474261,0.0009258743789082675,0.003302835482205335,1.6650027773776357,2.8437957279711847,-2.2958279888050157
1.4172886930000002,-0.0032126884199898,2.441934131354409e-07,-1.7487457406886937e-05,0.4792714606519133,0.000982475769520091,0.003295863619319217,1.6647457025391499,2.8434224678596216,-2.295834960667902
1.44955663,-0.0032179333602098,2.502361692153627e-07,4.7715581837684335e-05,0.49280871495522427,0.0010283101981562888,0.003590886665541415,1.6557691376673356,2.833289322347518,-2.2955399376216796
1.4662187800000002,-0.0032243711555871,-9.997516452180317e-08,4.508220038807216e-05,0.49727384163786764,0.0009082409062347214,0.0034729888637725637,1.6527074202204552,2.8300369909987184,-2.2956578354234485
1.467027432,-0.0032305702148318,-9.283350010432466e-08,4.615544619374263e-05,0.4974435995607781,0.0009034749263333089,0.003460960436103999,1.65259086788337,2.8299134757378184,-2.295669863851117
1.4836597950000001,-0.003237007370522,1.530012398207725e-07,-1.766700451858584e-05,0.5009532892840549,0.000806385227737285,0.0032136750021840577,1.6501822649703795,2.8273588758922883,-2.295917149285037
1.5162712170000001,-0.0032434437616766,7.564634500524771e-07,4.782846161883999e-05,0.5125178190072349,0.00085836316411238,0.002758662003115475,1.6425233848691692,2.818693853963899,-2.2963721622841056
1.53286107,-0.0032498816238876,2.870428736744659e-07,-2.169880682312255e-05,0.5191275856032078,0.00029724303290895604,0.0030592916485958632,1.6377049866564624,2.8141345876941286,-2.296071532638625
1.549535974,-0.0032563189764083,5.6040610834194337e-08,4.822440022595056e-05,0.5259315607435193,-0.00038926495418916844,0.0034729680300729093,1.6326637429166082,2.809513848307222,-2.295657856257148
1.550237472,-0.0032627562062733,4.210846578041166e-07,-2.561722970791889e-05,0.5262229756004955,-0.00038954753278661015,0.0034670480997549546,1.6324695582547877,2.8092965581421647,-2.295663776187466
1.5828747730000001,-0.0032687174797397,-4.065129772242418e-07,-2.069482462626772e-05,0.53979133599219,-0.0003991447026791292,0.0032068158033324856,1.6234309205940003,2.799177095455758,-2.2959240084838886
1.583735804,-0.0032749152956011,4.350930314572511e-07,5.052739775094651e-05,0.5401553534963273,-0.0003972972175661424,0.003208941318571412,1.6231899992374381,2.798904205264524,-2.2959218829686496
1.6162328080000001,-0.0032815911477622,5.619933014453794e-07,-2.848398680996385e-05,0.5532927905444162,-0.00033609694793250054,0.0032809937880768913,1.6144910310559017,2.7890592090612683,-2.295849830499144
1.632902222,-0.0032885064859091,-5.029239963990866e-07,-1.9356096471697065e-05,0.5542853010300604,-0.00038619740746696253,0.0032398888510236645,1.6137929994892806,2.78835186257463,-2.2958909354361974
1.6338895240000002,-0.0032942271636738,4.57341795387474e-07,-1.874397609258379e-05,0.5543440857952295,-0.00038916477535999724,0.0032374542731457012,1.6137516562265966,2.78830996760454,-2.2958933700140753
1.649933016,-0.003301141802641,3.460983635317862e-07,3.877829253676436e-05,0.5567141435794892,-0.00035173270775064357,0.0031908845174233313,1.612202015257128,2.7865163154849357,-2.2959399397697977
1.6667729150000001,-0.0033068643054615,-4.817741086044301e-07,-1.853456728193896e-05,0.5704727951000022,0.0003698875304948533,0.003086172510061047,1.60358241044746,2.775768123062193,-2.29604465177716
1.683116107,-0.0033135391330934,7.180091519393551e-07,4.5102217020250494e-05,0.582337873185977,0.0008426916089029293,0.0030205189341176997,1.596037532888566,2.7665986931832887,-2.2961103053531033
1.700324839,-0.0033192614949053,-1.0986338460084217e-07,-2.340919486673081e-05,0.5894148688456561,0.0005121609721186123,0.0030823439817559972,1.5910802193655937,2.761537254583056,-2.296048480305465
1.7328984490000001,-0.0033264140569888,4.94423272550453e-07,-2.2484098821754992e-05,0.6027112538072942,0.00022270932883033752,0.0032393023500350004,1.5820137651358395,2.751807041687048,-2.295891521937186
1.733642608,-0.0033326131448834,-9.44814157782499e-08,4.797839489436289e-05,0.6030140643030564,0.0002193170631286199,0.003243270648018548,1.5818096745122263,2.751583317032252,-2.2958875536392025
1.766170561,-0.0033390500964019,3.897717772265449e-07,-1.984132490582598e-05,0.6156384440246377,-0.00031871255239363373,0.003318034459880881,1.573005015757882,2.742520071286858,-2.29581278982734
1.7669125550000002,-0.0033450102674935,3.966385508661818e-07,-2.20601830934108e-05,0.6159198894320799,-0.00033514493324903166,0.003318686628259737,1.5728054146973396,2.7423209709173424,-2.2958121376589613
1.7834384660000002,-0.0033519247926242,4.046043401833444e-07,4.526252111515492e-05,0.6225757281785378,-0.0005265573795245843,0.003340354348129626,1.5682322565339495,2.7374812340901937,-2.2957904699390914
1.8000669020000002,-0.0033578855564001,-1.8457498130727545e-07,4.978265205384763e-05,0.6298426013642444,-0.0004624157614672646,0.0033726606604198572,1.5634430928904353,2.7320153881684766,-2.295758163626801
1.817039244,-0.0033640842543042,2.994036107375943e-07,-1.6059659283363105e-05,0.6372093278103644,-0.00032615283450824453,0.003403829193542318,1.5586412871406359,2.72642701741678,-2.2957269950936787
1.8336126050000001,-0.0033705208261291,6.64447357155604e-07,-1.9637036162084915e-05,0.6443513307046592,-0.00012074059824281573,0.0034324193553310067,1.5540406686199884,2.720960326575293,-2.29569840493189
1.850530583,-0.0033769586685093,3.14236044886432e-07,-2.658195465547413e-05,0.6498166721971574,-0.0004815707776931852,0.003493495012934833,1.550133504560761,2.717121807972719,-2.295637329274286
1.8828368130000002,-0.0033836351801885,-2.741190228965416e-07,-1.9137066473143254e-05,0.6585492447795106,-0.0020278845009493868,0.0036820840506202046,1.5431668737944604,2.711634097539138,-2.295448740236601
1.8836151170000002,-0.0033895944369169,5.672122452830658e-07,5.053349402919523e-05,0.6588857456994365,-0.0020676282905917605,0.0036898701423253577,1.5429132293317704,2.7114094268368363,-2.2954409541448957
1.916203394,-0.0033962700342329,8.13321672040064e-07,4.033637185927493e-05,0.6736361094279975,-0.0028237270198902312,0.003846815233156331,1.532530715401418,2.7009047459802216,-2.2952840090540647
1.9329327930000002,-0.0034029472289315,-4.902887227800141e-07,4.7580601498451946e-05,0.6830727065680586,-0.0006498805306401653,0.003450356969870949,1.527871762641669,2.6924153918631486,-2.29568046731735
1.949496756,-0.0034089068110094,2.3183342083271494e-07,5.218292617566817e-05,0.6911109653575197,0.0003251147561860538,0.0032934917341447267,1.5232488989910054,2.6857675838151485,-2.2958373325530763
1.9502785560000002,-0.003415104478521,8.350208154245563e-07,4.638929657566781e-05,0.6914424808024411,0.0003279363560893977,0.0032947346849332426,1.5230303388691135,2.685518300994308,-2.295836089602288
1.9828653310000002,-0.003421065974512,3.650511015306754e-07,4.019694272160518e-05,0.7048102471180924,1.7846793170198214e-05,0.003418065704246409,1.5139009694884484,2.6757485545022917,-2.2957127585829746
1.9995867950000001,-0.0034279807831378,-3.4223861866721414e-07,4.8324501844222855e-05,0.7112051122018006,-0.0005825062465468506,0.0035551376242262123,1.5091963367645427,2.671375780309141,-2.295575686662995
2.00075927,-0.0034346555094228,6.191260492549134e-07,4.636886969070063e-05,0.7116535071174025,-0.000624601778986009,0.0035647488280883266,1.5088664574996073,2.6710691702885048,-2.2955660754591327
2.017155954,-0.0034413324801188,-3.268566283766281e-07,-2.277945392615704e-05,0.7189781481361208,-0.00029366760897394056,0.003425751764287721,1.5042379450147234,2.665382628663295,-2.2957050725229333
2.0496330300000003,-0.0034472926857237,3.763798052551282e-08,-1.874877709808536e-05,0.7289175469697858,0.0004602387373625636,0.0031976579217682932,1.498184634891567,2.657463193045361,-2.2959331663654527
2.0506376150000003,-0.0034537288616948,5.218908193084093e-07,4.711910488980362e-05,0.7290000542472028,0.0004546808032436467,0.0032023220700097,1.4981255679712633,2.6574053186953925,-2.2959285022172113
2.066659365,-0.0034594513197051,5.284832388700489e-07,-2.8181477964713256e-05,0.7303159319200299,0.0003660393931392194,0.0032767088238272457,1.4971835317768345,2.656482302358692,-2.295854115463394
2.083403932,-0.0034661281927248,-5.367087565403137e-07,-2.0919873255048335e-05,0.7391695225194459,0.0005218683151723429,0.003195711942587831,1.49140662996806,2.649771284950967,-2.295935112344633
2.10097236,-0.0034725643833783,4.243811816139247e-07,-1.8522695219621875e-05,0.7486369184655659,0.0006885407327498591,0.003105403995506517,1.485229254694385,2.6425949766783536,-2.2960254202917145
2.117108979,-0.0034790011902175,7.894250353719025e-07,4.583056083654748e-05,0.7543438640613295,0.0007239446901840721,0.003075561749466438,1.4814569754837188,2.6383124084033596,-2.2960552625377546
2.133268922,-0.00348520072831,3.197298258319755e-07,-2.1729567301091552e-05,0.760059058522551,0.0007593998207855509,0.003045676369201722,1.4776792437900814,2.634023650069442,-2.2960851479180193
2.150629985,-0.0034921152027672,2.0848631883830893e-07,-1.9706773768162916e-05,0.7684981371322395,0.0009224185077720526,0.003035648042696515,1.4721836182176795,2.6276171906384636,-2.2960951762445245
2.1828593680000004,-0.0034971212151725,4.526727123580659e-07,-2.134869450743314e-05,0.78288907391612,0.0004138652187183653,0.00314446924787104,1.4622250880009426,2.6172159712922625,-2.29598635503935
2.183302212,-0.0035037968756515,4.603636216313842e-07,-2.2271692316421972e-05,0.7830674971749988,0.0003982047089341231,0.003147214409713328,1.4620946373631032,2.617093240929422,-2.2959836098775077
2.2162503360000003,-0.0035107116556273,3.491202541796773e-07,-2.54781089881588e-05,0.7952035934081493,-0.0014193490167241196,0.00365106790551728,1.4526601051615204,2.6092460799483255,-2.2954797563817038
2.2332669220000003,-0.0035161949287851,-1.2139944521582774e-07,4.68566854418355e-05,0.8017951678253497,-0.0019505235713634058,0.0038358605939938784,1.4478761640713869,2.604680457608368,-2.295294963693227
2.2495508020000003,-0.0035238244571142,1.258088040067512e-07,-9.674966550020272e-06,0.8095952535699084,-0.001121087171015299,0.0036412298720684966,1.4433032067038898,2.5983072823181583,-2.2954895944151525
2.266259701,-0.0035300229038437,8.482058276633249e-07,-3.290791429426636e-05,0.817007863033255,-0.0006002294192126098,0.0034881463064544427,1.4387578769306684,2.5924286728646924,-2.2956426779807666
2.282827011,-0.0035359844953183,-3.3701948161758285e-07,-2.402185244548196e-05,0.823431155966926,-0.0006014232875046507,0.0034094488929183875,1.4344814647724968,2.5876358665270116,-2.2957213753943027
2.299538966,-0.0035428980047389,2.669922096178925e-07,5.441859604766789e-05,0.8302428038935588,-0.000491017449146702,0.0034048475485790597,1.430029837884417,2.5824789532084784,-2.295725976738642
2.316271721,-0.0035488578379914,7.506959216189175e-07,4.3861963500951263e-05,0.8375086196026588,-0.0002307682942493166,0.003500549293345312,1.4253877300516753,2.5768833618715035,-2.2956302749938757
2.332945544,-0.0035550577609258,-1.958362048144043e-07,4.313075529198317e-05,0.8445983691642698,-0.00020345519041382472,0.0035617406505261684,1.4206889802522293,2.5715742145600973,-2.295569083636695
2.333590042,-0.0035610179393586,4.9449118510903175e-08,-2.0579614469953077e-05,0.8448674106368775,-0.00021010991456166424,0.0035629702500834526,1.4205049325024823,2.5713778627708272,-2.2955678540371376
2.3661955630000002,-0.0035676930108239,7.723953977573136e-07,4.773233719100406e-05,0.8593998554840792,2.884082348020441e-05,0.0035479264374864705,1.4110100609365042,2.560373478888131,-2.2955828978497346
2.367328683,-0.0035738919885526,4.2190920544429633e-07,-2.3113455810718573e-05,0.8599584643032072,7.060911049289686e-05,0.0035429126115018583,1.4106694064832872,2.5599287959155412,-2.295587911675719
2.383407882,-0.0035805679038768,3.103909579487444e-07,-2.1881815627364157e-05,0.8678852349593728,0.0006633094412312172,0.0034717654198908043,1.4058354517887182,2.5536186557642964,-2.2956590588673302
2.41621136,-0.0035870050632375,6.754349727166763e-07,-2.706665827555496e-05,0.8721571964487363,0.0008550153409583092,0.003372628094199026,1.4031349832798872,2.5503029543375373,-2.295758196193022
2.4170036500000003,-0.003593204959,-3.90306439293476e-07,4.622749534556e-05,0.8725770132211138,0.0008660065407762343,0.003375622751219165,1.4028637441975258,2.5499823357338314,-2.295755201536002
2.4333606590000003,-0.0035996414044986,4.5157434209189306e-07,-1.9258636500147454e-05,0.8812442268980851,0.001092922385154641,0.0034374481331211904,1.3972639510519111,2.5433630910300122,-2.2956933761541
2.4504097170000003,-0.0036060782509995,5.781996676321945e-07,4.531324546176638e-05,0.8900362272035682,0.0013086239954643844,0.003500456135947516,1.3915727274757275,2.536658184560702,-2.2956303681512735
2.4828287920000003,-0.003612754777361,4.666816992205625e-07,-2.814799309505453e-05,0.9043816027806567,0.0014932022558810153,0.0035744920110141187,1.3821617970706037,2.525829599311841,-2.295556332276207
2.484753581,-0.0036184767433191,-2.419817449547471e-07,-2.2125858274458976e-05,0.9052645571417406,0.0014959097282009402,0.003562877847992141,1.3815760988033208,2.5251688623945543,-2.295567946439229
2.5002849460000003,-0.0036249135178378,5.998991867065789e-07,4.385205864865847e-05,0.9123892271499019,0.0015177566635419869,0.0034691617029696253,1.3768500256758047,2.5198372929439,-2.2956616625842514
2.5328034710000003,-0.0036315900493478,-1.0766514518523345e-07,-2.46493582604734e-05,0.9266835350813479,0.0010353001883849626,0.0036981674397074116,1.3669752899279586,2.5094908154080606,-2.2954326568475136
2.5342355210000003,-0.0036380272285394,1.3816960547386061e-07,-2.0256948327861663e-05,0.927298536389808,0.0010017647757309897,0.0037181455692452126,1.366540901126918,2.5090541718430783,-2.295412678717976
2.5499945,-0.0036444638040349,6.224226267347051e-07,4.676143427523214e-05,0.93368483132995,0.000977584689868467,0.003749951553261077,1.3622719616078105,2.5043042767788446,-2.29538087273396
2.567478817,-0.0036506633854596,3.351816381993662e-08,4.507103911265612e-05,0.9403378463791637,0.0013417118319417744,0.003572062478884863,1.3581152733044284,2.4990968647374188,-2.295558761808336
2.599533097,-0.0036573389321021,1.604182942661053e-07,-2.191833917419914e-05,0.9543396868977786,0.0012739301761288207,0.003644416862614186,1.3487446771447855,2.4886926319509763,-2.295486407424607
2.6007781910000003,-0.0036635371636481,7.636059464738721e-07,4.6703282628458265e-05,0.9549045010721396,0.0012627668334275195,0.00365185000739654,1.34836039020519,2.4882785507755587,-2.2954789742798245
2.632855364,-0.0036699751668678,2.941854344998426e-07,-2.29384064354942e-05,0.9673434106290534,0.0016439131885495205,0.0035600407203753015,1.340365151873383,2.478741889539743,-2.2955707835668457
2.649462009,-0.0036761738735909,3.013269379073681e-07,4.63787326941632e-05,0.9749789696544288,0.0017498222443109628,0.0035853427635577084,1.3353617511237845,2.472973097699418,-2.2955454815236633
2.649955039,-0.0036828490280502,6.666454355612602e-07,4.617281234497719e-05,0.9752569374201506,0.0017465851359358133,0.0035899675281507726,1.3351743122989,2.4727678095005925,-2.2955408567590703
2.668176491,-0.0036888097088322,4.3509389566315814e-07,-2.340137841136935e-05,0.9855300978782333,0.001626947761178507,0.0037608900400480927,1.3282469294812747,2.465180747737497,-2.295369934247173
2.699534895,-0.003695247307379,5.617195646913601e-07,-2.6158932427985998e-05,0.9978539222516325,0.0017553154637557115,0.0037658085837875,1.320139650351972,2.455898229190625,-2.2953650157034335
2.700511967,-0.0037009691903432,2.106839021085693e-07,4.617402962918369e-05,0.9982163392931795,0.001760661435207226,0.0037647969233596257,1.3199024051720396,2.4556242047099426,-2.2953660273638614
2.716972052,-0.0037078831154483,5.762772368703184e-07,4.789429738489741e-05,1.0058518496528628,0.001541971653410818,0.0037422060875713647,1.314656793883356,2.4500715111400138,-2.2953886181996497
2.749850293,-0.0037140818728449,7.026280365886731e-07,-2.346205926569201e-05,1.016376560717857,0.0014616432802482479,0.003722017807409106,1.3075913077143066,2.442270556016177,-2.295408806479812
2.7500465170000004,-0.0037212348755925,3.5324070967722506e-07,4.4433683605588165e-05,1.0164046826409645,0.0014644613746499678,0.003722071440021235,1.3075746920844145,2.4422476932722774,-2.2954087528472
2.782834986,-0.0037271953720336,2.408983587499828e-07,-2.2645629884052883e-05,1.0274577595770136,0.0016658541730271738,0.004048588620193971,1.3003677550121224,2.433864905737723,-2.295082235667027
2.799495594,-0.0037338707813381,4.870076996350058e-07,-2.301499600363457e-05,1.0388630857937748,0.0015226479522606026,0.004503818379144153,1.2926691823405156,2.425448614811644,-2.294627005908077
2.8008865650000003,-0.0037398311639426,4.938745698806148e-07,-2.3494121983198e-05,1.0398153006236932,0.0015106918639770344,0.00454182487884891,1.2920264392108773,2.4247459503827264,-2.294588999408372
2.8169552340000004,-0.0037462688961568,3.8208175362712805e-07,-2.890287534350149e-05,1.0435160397892433,0.0014666419572274055,0.0046597398451044825,1.289530251262378,2.422013468636861,-2.2944710844421166
2.849537671,-0.0037524686582518,-4.45241173101336e-07,4.433230672559247e-05,1.052885804684513,0.0015407214410213831,0.004767380179828251,1.2833487612839738,2.4149716532736583,-2.294363444107393
2.850373545,-0.0037596199387683,5.166727182086359e-07,4.741015968733992e-05,1.0531986800471713,0.0015456625869060894,0.0047688028867689525,1.2831441902990322,2.414734870420392,-2.294362021400452
2.8827917480000003,-0.0037653421580937,4.040557555874725e-07,4.432578811819227e-05,1.0668732656460624,0.0016564331869288462,0.0049112180015336016,1.2741246747520885,2.4044560134447512,-2.2942196062856874
2.8995816220000004,-0.0037715411468341,4.111973878029599e-07,4.467600307193171e-05,1.0740931447758115,0.0014799870727786413,0.00503510304753485,1.2691872448651402,2.3991853802768235,-2.294095721239686
2.9172241110000003,-0.0037772628564691,5.369987387195346e-07,-2.340172148908932e-05,1.0798039671182813,0.0005735102251915689,0.00521214529277092,1.2647094745711351,2.39552686072698,-2.29391867899445
2.917257014,-0.0037839387916242,3.0627122711514413e-07,-2.463420874741044e-05,1.07981461772362,0.0005718196583041032,0.005212475474129619,1.264701123590954,2.3955200376382,-2.2939183488130914
2.933435202,-0.0037903764570047,3.136876535025024e-07,-2.886365385674408e-05,1.0860472776216326,0.0008201588547412654,0.005213244033238862,1.2607378245907586,2.3907034015925945,-2.293917580253982
2.966248739,-0.0037965753877304,-3.6798560278508625e-08,-2.3338151256314903e-05,1.0997960190011395,0.003638456151092025,0.004796690388618519,1.253689532873024,2.3785669987881017,-2.2943341338986025
2.9675456010000003,-0.003802296716194,6.850489823742945e-07,-2.6473030992789036e-05,1.1000804465742524,0.003577054426312058,0.004799142695348646,1.2534543868969197,2.378395605713344,-2.2943316815918724
2.9995275930000003,-0.0038092117759944,-2.606591694352994e-07,4.173552824400567e-05,1.1099344391191162,0.002339875883959189,0.004891524757453691,1.2459720106811563,2.371865228543099,-2.2942392995297674
3.016213048,-0.0038156485703439,4.620124981171886e-07,-2.746962143643491e-05,1.1191927353894464,0.002096125487779002,0.0049859821094297985,1.2396275259310747,2.3651181567826356,-2.2941448421777912
3.032972013,-0.0038220864920475,-3.65035870587337e-07,4.376915206570498e-05,1.1280932008703397,0.002398211725730475,0.005042677806005091,1.2339285724072684,2.3582748044897004,-2.294088146481216
3.049492663,-0.0038285235375717,1.192173653534445e-07,-2.202591492939655e-05,1.1365017628712237,0.00319724957230629,0.005063577059699842,1.2289279104813826,2.351467767196871,-2.294067247227521
3.05062938,-0.0038347216714414,6.031956997823888e-07,-2.416538458037335e-05,1.137080320940789,0.0032522280328297066,0.005065015050152333,1.2285838357977346,2.3509994033606785,-2.2940658092370687
3.082884333,-0.0038406820268739,4.90853284451166e-07,4.282829303902844e-05,1.1504021400143722,0.003795688349683758,0.00492611189182357,1.220122040824272,2.3406958001864306,-2.2942047123953975
3.099737487,-0.0038473582947197,3.7933519796556796e-07,4.0940321723597176e-05,1.1566426212728989,0.0037397670685477193,0.004962649105135775,1.2159264709716555,2.3360758513620903,-2.2941681751820853
3.1003235040000003,-0.0038535575779669,2.8849145194510293e-08,-2.345624866919095e-05,1.156854360158967,0.0037350243022589596,0.0049651805057631115,1.2157819922698923,2.335920990926723,-2.294165643781458
3.1328159990000004,-0.0038597554804928,6.320366471263197e-07,4.5847650102028725e-05,1.1673347791685214,0.0035999503678413487,0.005202188813717257,1.2087051323776268,2.328189530414709,-2.293928635473504
3.1495370620000003,-0.0038661933735465,4.0103463116797627e-07,-3.1359695012714897e-05,1.17210189619764,0.003573175039856885,0.005384364933630703,1.205512025611351,2.3246497294504365,-2.2937464593535903
3.1668515960000003,-0.0038723926692834,-3.070792353975898e-07,-2.4194088921144095e-05,1.1800791849411076,0.002878667028047924,0.005548570147001275,1.1996838216385712,2.3191586898833965,-2.2935822541402198
3.166870372,-0.0038788291419541,6.540108315646114e-07,-2.578451839278009e-05,1.1800878355679998,0.0028779138987734374,0.005548748212266474,1.1996775014940155,2.3191527353622465,-2.2935820760749546
3.1996324510000003,-0.0038857438132418,6.593032180557625e-08,4.183016675606644e-05,1.195060643657298,0.0007115432489505915,0.006051054441705173,1.188094459024791,2.3094207637723008,-2.293079769845516
3.2162469610000004,-0.0038921811532729,1.925558727598128e-07,-2.320092185064008e-05,1.2025142790438563,0.00018715005751227846,0.00615495101245811,1.1827417671657507,2.3042072852255773,-2.292975873274763
3.232869215,-0.0038981412377,4.378411531491327e-07,4.469367774648495e-05,1.2097493393443224,0.0015768856345224893,0.005779886923984012,1.1789630486742433,2.297882828799344,-2.293350937363237
3.233558829,-0.0039038632256816,4.444333580308344e-07,-2.5185104454066883e-05,1.2100495031412446,0.0016345421418893303,0.005764326492390115,1.178806279491568,2.297620443584082,-2.293366497794831
3.250097735,-0.0039107774849553,2.1398047958836058e-07,4.3582905781473945e-05,1.217222843686242,0.003027623576291738,0.005448850183754406,1.1750711403340275,2.291339820531296,-2.2936819741034666
3.2665531920000004,-0.0039169761990196,4.5954053268155677e-07,-2.4220228433129297e-05,1.2242980082620472,0.004438804492212688,0.005275555495831252,1.1714148571674974,2.2851204171227417,-2.29385526879139
3.283684656,-0.0039234136763887,4.669568731969398e-07,4.44857858865837e-05,1.2322762251338495,0.005574645004718971,0.005095975289494792,1.166951995300689,2.2784103543748127,-2.2940348489977263
3.299601977,-0.0039293740589932,4.738237434425487e-07,-2.464534689434246e-05,1.240269292624432,0.006314151617229068,0.004929912202304099,1.1621834707872165,2.2719530196379907,-2.294200912084917
3.332873247,-0.003935573044063,3.617561008152021e-07,-2.4771581138691047e-05,1.2549086197829151,0.004103120767096722,0.005573355965526439,1.1507890732417865,2.2624996466076888,-2.2935574683216946
3.3336025670000002,-0.0039420102592457,2.499630484137828e-07,4.337708008725277e-05,1.2552207402380713,0.004038706439946006,0.005591665450686012,1.1505332458614217,2.262309592048352,-2.293539158836535
3.35020833,-0.0039482089968115,4.955231122409757e-07,-2.961482899593198e-05,1.263073775111776,0.003790039414508003,0.005594107701235362,1.1451204727094644,2.256614517086368,-2.2935367165859857
3.3667381680000004,-0.0039548860380119,-4.504595331885738e-07,-2.5647616001617903e-05,1.2705730594639995,0.0038801600723548492,0.0055025753677990785,1.140195997516933,2.2509579340535986,-2.293628248919422
3.3835445130000004,-0.003961083571856,3.911463466849568e-07,-2.2163122951934625e-05,1.2734970222339175,0.0047268659526652984,0.005358522461584858,1.138881610221207,2.248212236480221,-2.293772301825636
3.416267738,-0.0039675207943799,5.177718439692081e-07,4.23917071155475e-05,1.2859133988707303,0.005273592073315129,0.005323031312217896,1.1310249399599832,2.238582176737696,-2.293807792975003
3.4171484370000003,-0.0039734817300071,1.6701114730223704e-07,-2.66478073550537e-05,1.286358132437277,0.005270185868432205,0.0053261050442277025,1.1307263710178348,2.2382525464383765,-2.2938047192429933
3.4338512650000004,-0.0039801573669847,1.7470204584155844e-07,4.36933913101253e-05,1.293705579564723,0.005079674047760937,0.005412097286531026,1.1256935313357788,2.2328960738323462,-2.29371872700069
3.450461777,-0.0039868326896246,6.592298934762636e-07,3.796657909299524e-05,1.2989454594481813,0.004650815651566923,0.005550276525367437,1.1218856723784467,2.2292710950905987,-2.2935805477618536
3.482906732,-0.0039927943244315,-6.45204669179486e-07,4.258144354543553e-05,1.313236380331517,0.0048193807087162375,0.005526600647627333,1.112499038123519,2.218493807341055,-2.2936042236395937
3.483673623,-0.003999707174334,6.740623598270919e-07,4.661095097806067e-05,1.313606492146706,0.004831383748823499,0.005523701514971613,1.1122616391538145,2.2182096092448305,-2.2936071227722494
3.5162620820000003,-0.0040054292761522,5.614453435359424e-07,-2.6504363447335005e-05,1.3279729033092984,0.006778453226814742,0.005121273045172181,1.1041520259506754,2.206192162638323,-2.294009551242049
3.516757075,-0.0040121058891783,2.11508868374627e-07,-3.029135676221325e-05,1.3281869432299622,0.006812434664937248,0.005114304131560221,1.104034914872495,2.206009809077507,-2.294016520155661
3.549549803,-0.0040178278154747,-2.5873604758300537e-07,-2.4745913121929043e-05,1.3374335404692983,0.008292148547940031,0.004636258240408253,1.0989844112079918,2.198124282689441,-2.294494566046813
3.5663102400000004,-0.0040240255211701,8.212884571141739e-07,3.985418525960016e-05,1.3471892605154976,0.0064270692399571,0.005264571035524579,1.0910988555607586,2.1920851928093956,-2.2938662532516965
3.567114413,-0.0040307025822013,-2.439034524242152e-07,4.0275964763529946e-05,1.347657344173263,0.006337581929910354,0.00529471775457413,1.0907205031978995,2.1917954346708637,-2.293836106532647
3.5996078000000002,-0.0040371392987054,2.403496332406115e-07,4.5025986257903095e-05,1.3628547110272562,0.006294705698652522,0.005640696204028739,1.0805727182088911,2.1804824219208085,-2.2934901280831923
3.617029919,-0.0040435758506994,7.246026437674591e-07,4.328022888985004e-05,1.3693442584985547,0.0070935629519180915,0.00552069006087752,1.0768492705847614,2.175107634754446,-2.2936101342263435
3.6173382870000004,-0.0040500137672545,4.936006385431127e-07,3.590460191071605e-05,1.369448214871972,0.007109275167154419,0.005516972562604305,1.0767918001267394,2.1750195952875213,-2.2936138517246167
3.649509971,-0.0040559748762109,-3.339970716232244e-07,-2.571638412764468e-05,1.3824881287928479,0.007564169763990722,0.005393626999473877,1.0684515538259112,2.164985325219419,-2.293737197287747
3.650409906,-0.0040626499748482,5.081584932000181e-07,4.642682214493034e-05,1.3829401940685724,0.007529774085590341,0.005400699965674605,1.06812497774609,2.1646708508320724,-2.2937301243215464
3.6832394440000003,-0.0040683715941481,7.5316907602344e-07,-2.6950868111931235e-05,1.3908444734947105,0.006883066355917162,0.005533164522550482,1.062381043379233,2.1592024797653533,-2.2935976597646706
3.6995701220000003,-0.0040750481924918,-7.360449850921639e-08,4.062924620193206e-05,1.3913038567727607,0.006807256030940461,0.005548283596505055,1.062018689145116,2.1589101108023243,-2.293582540690716
3.700111134,-0.0040814847753284,6.490670724372987e-07,-3.001161786608953e-05,1.3913190754835836,0.006804744543325784,0.005548784469796342,1.062006684867712,2.158900425036833,-2.2935820398174247
3.732910184,-0.0040883999563065,-1.7743175085947537e-07,-2.6068826454819252e-05,1.3960084776319004,0.0065815009046513535,0.00531351426740434,1.058718686107746,2.1555493961820913,-2.2938173100198167
3.7337629390000004,-0.0040941211437615,5.444157273893476e-07,-2.383682417362645e-05,1.3961490411070183,0.006575345405406411,0.005306082740859974,1.0586205294253748,2.15544859317413,-2.293824741546361
3.7502522600000003,-0.0041005582451076,5.518318961607796e-07,4.1532737268898616e-05,1.4065255502634997,0.005975456824927391,0.005645119769991602,1.051265951048844,2.1481040723941884,-2.2934857045172294
3.7665369710000003,-0.0041065189927233,2.0107111362183338e-07,-2.7443058855572317e-05,1.419294991036314,0.005224679936571924,0.0061388990819502,1.0422059657575344,2.1390741803622895,-2.292991925205271
3.7995433760000004,-0.0041131944328704,6.85599014926523e-07,3.837682972792561e-05,1.443238375733298,0.007219545540838531,0.005765016963421132,1.027757323932248,2.1198777768207027,-2.2933658073238
3.80062632,-0.0041198712625579,-2.603837271089994e-07,-2.720769452041393e-05,1.4440160064198335,0.007299430001406627,0.005747107842171584,1.0272993279665616,2.119244270145839,-2.2933837164450495
3.833092896,-0.0041255924735143,4.614637618738196e-07,4.449436344352273e-05,1.4506447573901664,0.008987542868100593,0.005265463870353315,1.024146859921552,2.1131736845313713,-2.2938653604168677
3.849501633,-0.0041317912074095,5.878145508581777e-07,-2.713942612049205e-05,1.4584170032855197,0.007916069836561873,0.00560504275166096,1.0181738151535542,2.108086583498893,-2.29352578153556
3.8504954270000002,-0.0041379905104876,1.1811923397828053e-07,-2.802817955168882e-05,1.4588877288104232,0.00785117614791873,0.00562560932267564,1.0178120581181305,2.107778483583374,-2.2935052149645454
3.86701702,-0.0041451431952268,1.263595813193814e-07,-2.5718086935195733e-05,1.4666989837160083,0.006982568003365857,0.005918938368886462,1.0119644427031715,2.102527238277016,-2.2932118859183346
3.899589047,-0.0041508644458449,6.097885420845245e-07,4.220171619168157e-05,1.4805474397683136,0.0074941170051549605,0.005976469907339688,1.0031282887053503,2.0918518553826813,-2.2931543543798814
3.9001672590000003,-0.004158017773942,1.4119209060619728e-07,-2.7056362566158465e-05,1.4806988316058374,0.007423886619686923,0.005995334856277346,1.0029751063008332,2.0917856213547337,-2.2931354894309437
3.918326393,-0.0041637395070784,2.6699345225676884e-07,-2.579771335051609e-05,1.4854533933653669,0.005218254462994697,0.006587801176011876,0.9981643105891059,2.089705497474807,-2.292543023111209
3.9496559110000002,-0.0041701765254306,6.320374026207195e-07,-2.636571121614705e-05,1.5073708753849753,0.007622124032218654,0.006169332979017561,0.9853693986748907,2.0717487484345947,-2.2929614913082035
3.950485002,-0.0041761372965477,2.8127663081577017e-07,4.110672987646884e-05,1.5080643274826657,0.0077370971334562895,0.006146342877509259,0.9849936203955865,2.0711547069288034,-2.292984481409712
3.98289017,-0.0041825744015644,4.079020744300378e-07,-2.718925816458683e-05,1.5262008804921685,0.00782145288796445,0.00627063914896997,0.9729843831192448,2.057563537332321,-2.292860185138251
3.9838366040000004,-0.0041887733668033,4.150436959115284e-07,-2.705752146605595e-05,1.5266618938582657,0.00779014102430526,0.006282104474105932,0.9726541523450458,2.0572403324556587,-2.292848719813115
4.016244859,-0.0041952106759918,3.032506864460984e-07,4.223977875762248e-05,1.5348248138294656,0.008895579531683045,0.006276303272006345,0.9680456584623733,2.050412665146601,-2.2928545210152147
4.032841535,-0.0042011709484303,5.485360527073925e-07,-2.730721316703228e-05,1.5407740549691609,0.009616583584341032,0.006002690573014835,0.9646237530550843,2.045492921213655,-2.293128133714206
4.049617031,-0.0042073698321532,1.980498174583878e-07,4.138279598915503e-05,1.5470314811102919,0.010179056466635064,0.005784153761900335,0.9608784019160141,2.0404487064581067,-2.2933466705253207
4.066161497,-0.0042133305312882,5.625446517744617e-07,-3.151177829329346e-05,1.5548457688159747,0.009614352081654075,0.005959209445510094,0.9552555663114202,2.0349929110849914,-2.293171614841711
4.067336146000001,-0.0042197681276423,-1.4529459236318465e-07,-2.738171254083738e-05,1.555400579423896,0.009574258346316008,0.005971638313488903,0.9548563477316181,2.0346055522799844,-2.293159185973732
4.100395773000001,-0.0042262048984904,5.773770644553048e-07,-2.4760765566587924e-05,1.5716592551794875,0.00835856495456982,0.006443970800920518,0.943126871493168,2.0232811611299124,-2.2926868534863005
4.100562190000001,-0.0042328799986056,7.042769909555334e-07,4.000823082689344e-05,1.5717428341958455,0.008352210116745487,0.0064466786625905215,0.9430664964773048,2.0232230173993937,-2.2926841456246305
4.11712957,-0.0042386028723006,4.724510540434464e-07,-3.2367057461270114e-05,1.579638110278012,0.008047644823229451,0.006634658873216903,0.9375838904248517,2.017533625928836,-2.292496165414004
4.133848979000001,-0.0042457564244002,-3.5377311462341735e-07,-2.752197412246936e-05,1.5869515677565074,0.008244993871179218,0.006698838226229409,0.9328631295684802,2.0119443483481967,-2.2924319860609916
4.149584864,-0.0042514773768408,3.680742562854367e-07,4.384637614612036e-05,1.5935739676127552,0.009295104826566938,0.00644015440622514,0.9292387583556625,2.006303174163122,-2.292690669880996
4.182791571,-0.0042579141638492,8.523273741522524e-07,-2.822954057241812e-05,1.6048472282807777,0.011440390096659338,0.005878237495199556,0.9233359568394766,1.9964621585021358,-2.2932525867920215
4.184854703,-0.0042641137651048,1.4421364712864592e-07,-2.9214640099658403e-05,1.6053256813360255,0.011471841592961182,0.005877008826566943,0.9230409570204015,1.9960841616378089,-2.293253815460654
4.216319279,-0.0042705508936229,2.7083910147691044e-07,3.5625536247213625e-05,1.6158171001656938,0.011745558851499778,0.005886266096212456,0.9162618496875965,1.988072389426403,-2.2932445581910086
4.2328602680000005,-0.0042767504317153,-1.9885610806301614e-07,-2.779360398861558e-05,1.6229027756998853,0.011860639954360526,0.0058762549394701935,0.9116313115303438,1.982707861692268,-2.293254569347751
4.233873971,-0.0042839022850853,2.862209522255369e-07,4.327272305229588e-05,1.6232682805786913,0.011914787515097365,0.00585816758895108,0.9114284308479199,1.9823990491221484,-2.29327265669827
4.266220608,-0.0042889084656712,6.496166957261069e-07,-2.832721900386084e-05,1.6352577399040704,0.013395083831149282,0.005363913414432542,0.9045526370793153,1.9724661808480868,-2.2937669108727885
4.283082349,-0.0042955849413593,4.18889431003646e-07,3.550935445183049e-05,1.6442247587432939,0.012106414855693763,0.005796335041251766,0.8976222285724669,1.9666320114539495,-2.2933344892459693
4.283705998,-0.0043010688453851,-1.7083925341677825e-07,4.156766123627199e-05,1.644556413246353,0.012058752095491574,0.005812328604143158,0.8973659002173526,1.966416228640746,-2.293318495683078
4.300703086,-0.004308220388088,9.102840308099944e-07,4.301358563883069e-05,1.6523999457282927,0.011085439714887032,0.006125414824839748,0.8914186608556103,1.9612105891257947,-2.2930054094623813
4.3328923040000005,-0.0043139432779432,4.400395549462345e-07,-2.899445265713058e-05,1.6619860106227127,0.010192182953819231,0.006312737908053645,0.8843712880212156,1.9546512382482872,-2.2928180863791674
4.349528104,-0.004321334534305,9.092682899471153e-08,4.0243579570236496e-05,1.6634101141176365,0.010144832742500073,0.006199863320883736,0.8833880286930145,1.953619970145284,-2.2929309609663373
4.350200716000001,-0.0043268175437985,2.1645337500541934e-07,4.098537471955968e-05,1.6634676928995362,0.010142918297728206,0.006195299620801897,0.8833482739458272,1.9535782743265497,-2.292935524666419
4.36723188,-0.0043334930544498,7.009813085120997e-07,3.4173370217911096e-05,1.6712114722765343,0.010310178101420417,0.006123225252673059,0.8783186238251592,1.947687882612477,-2.293007599034548
4.38364765,-0.0043396933497367,-3.6475992102010557e-07,-2.8496906430832363e-05,1.6837350954201193,0.010645046048727826,0.006088755764911191,0.8702324609529932,1.9381188051653313,-2.29304206852231
4.41627899,-0.0043458908872514,5.960552336962591e-07,-2.462629196236521e-05,1.7006149764563783,0.011909701389775372,0.005835072693044729,0.8599405379978229,1.9246798298020553,-2.2932957515941763
4.417209594,-0.0043523278115978,9.610991411242222e-07,-2.8710280966018143e-05,1.7010220332776542,0.011951323498602054,0.0058261205755236745,0.8597006516499204,1.9243483449671375,-2.2933047037116974
4.449645992000001,-0.0043592431299139,1.5391107388594592e-08,3.969382848349512e-05,1.715332694650264,0.009905001920083,0.006440387716902141,0.8486479430304581,1.9150306149271823,-2.292690436570319
4.466334764,-0.0043649645377009,2.604015936060454e-07,4.087411165093322e-05,1.7193056643580162,0.010244577096497487,0.006372259996879404,0.8462568441912679,1.9118396204207038,-2.2927585642903416
4.467166038,-0.0043711633692724,5.059617003692259e-07,-2.7718847564319128e-05,1.719460141215355,0.010286485614649387,0.006362050677793718,0.8461852957865386,1.9116964413400823,-2.2927687736094273
4.4995535030000005,-0.004377124053725,3.936194353139588e-07,-2.926626152010215e-05,1.7291999401596336,0.010814655263630985,0.0062559850512986515,0.8400963811680862,1.9040762205150485,-2.2928748392359224
4.5005900290000005,-0.0043837991068374,5.205193403461927e-07,3.878392923982518e-05,1.729644592580591,0.010792095228566974,0.006263011681849395,0.8397835720408882,1.9037594000918008,-2.2928678126053716
4.532935875000001,-0.0043899984245978,5.276611228376375e-07,3.501928614576958e-05,1.743326256606602,0.009577542853718429,0.006606628945897697,0.829770277511545,1.8943574321775545,-2.2925241953413233
4.533491754,-0.0043966748856035,-1.7990324125616555e-07,4.022249176913187e-05,1.7435578322874994,0.009547334890528898,0.006614807808022594,0.8295935906211773,1.894204718197201,-2.2925160164791984
4.550322897,-0.0044021574867536,4.224602109139394e-07,4.151494853261914e-05,1.7506544727218902,0.00883836265398503,0.006809140662582536,0.8243407760670638,1.889380520196775,-2.2923216836246385
4.582819740000001,-0.0044090719017182,6.68844496246788e-07,-3.493473987858626e-05,1.7658776785198862,0.011515352975951198,0.0061419655113130744,0.8162055849665393,1.876237805952374,-2.292988858775908
4.599552806,-0.0044150332185168,-2.7796239215641186e-07,-2.871472191687205e-05,1.7707755902933255,0.009064990786552284,0.006848241924843457,0.8111167334082565,1.874213601314153,-2.2922825823623776
4.616164891,-0.0044217075687789,6.834021040217649e-07,4.291404041204501e-05,1.7763876857504692,0.007207987799224654,0.007388956302648353,0.805995315967057,1.8712614565162116,-2.2917418679845727
4.616836932,-0.0044271913538197,8.089290042543694e-07,-3.609288627746813e-05,1.776740757007109,0.0072296492916322196,0.007383852467284235,0.8057764676126129,1.870983546584263,-2.291746971819937
4.649616845000001,-0.0044343449925838,-2.557136711621765e-07,3.981725030370392e-05,1.7932828446261364,0.007993758405084959,0.007266656421121009,0.7953358396244679,1.858129838452132,-2.2918641678661
4.650908387,-0.004440066297546,4.661338607566301e-07,-2.522629714095379e-05,1.7938537914195805,0.007989081793215749,0.007277708037483954,0.7949523115879229,1.8577068628537503,-2.291853116249737
4.682865181,-0.0044465029435457,9.503869142194654e-07,3.700786720655204e-05,1.808160816971498,0.008816177814131522,0.0072589064146653115,0.7860464087697645,1.846479220048399,-2.2918719178725557
4.699572217,-0.0044524644791985,2.419986721079073e-07,3.1878442967550134e-05,1.8157063059323828,0.009970613446356741,0.007021594535482123,0.7818854597938594,1.8400797178093418,-2.292109229751739
4.716165306000001,-0.004459140712531,-2.2714724964019242e-07,-2.772596412438749e-05,1.8203108980966631,0.008556569196724062,0.0074575391604096986,0.7777652374093877,1.8375846110697873,-2.2916732851268113
4.717046135,-0.0044651003144397,3.7576562986369817e-07,4.074064750525912e-05,1.8205553286732405,0.008481505947056728,0.007480680883330315,0.7775465191609237,1.8374521606035543,-2.2916501434038907
4.733462837,-0.0044715376111385,6.216004341927766e-07,-3.0699507763708675e-05,1.8262752825742188,0.007767526958173549,0.007680327705034351,0.773206328729301,1.8336586944256197,-2.2914504965821867
4.750272389,-0.0044774984960922,1.5163044121497614e-07,-2.9175630451774724e-05,1.8338881038282249,0.008069617647274659,0.0075353612692508065,0.7683644700905314,1.8277762875073538,-2.2915954630179702
4.782821432,-0.0044839353697652,3.974650523321097e-07,-2.8361503672020407e-05,1.8489314976693618,0.008596113470240306,0.007530203240218025,0.7587440870694067,1.8161991925937748,-2.291600621047003
4.79955082,-0.0044898955915303,5.235411222825753e-07,-2.9586641901904908e-05,1.8526297410771941,0.009341459256486597,0.0073778818976033556,0.7568386737741819,1.8129431298150447,-2.2917529423896177
4.800806915,-0.0044965713930179,5.312320959598749e-07,-3.497567710121622e-05,1.8528494173512084,0.009404281702683794,0.007363907518303403,0.7567393345675939,1.8127373725620852,-2.2917669167689176
4.816876365000001,-0.0045030098045811,-4.150253221735508e-07,3.8551103144985e-05,1.8556597755657234,0.01020798059332814,0.007185130762210168,0.7554684701717413,1.810105082895641,-2.291945693525011
4.83371388,-0.0045092073890987,5.457898540108076e-07,-2.6009809294044985e-05,1.8634845270843108,0.010038516182767864,0.007235803819618525,0.7501336308496773,1.8043783959021131,-2.2918950204676025
4.850249359,-0.0045154063616788,7.913500251779694e-07,-2.9542341024370163e-05,1.871354537084563,0.009778249411949939,0.007330181781098677,0.7447009018797621,1.7986783737850065,-2.2918006425061224
4.8828534470000005,-0.0045220822189884,3.222039316859187e-07,3.7321628244000365e-05,1.8862538225942815,0.009263599312982974,0.007641446111491312,0.7343994507581535,1.7879018401023428,-2.2914893781757297
4.89951699,-0.0045280430282894,4.482802699863074e-07,3.308948785189985e-05,1.8948855504727693,0.009409783713935967,0.007610941430522988,0.728763029352292,1.7813628149622405,-2.291519882856698
4.900511445,-0.0045337652601044,-2.1964506429366235e-08,-2.8915412519232952e-05,1.895400678914986,0.009418507777506944,0.007609120957379201,0.7284266562622974,1.780972575848884,-2.291521703329842
4.916864026000001,-0.0045404404960798,7.009818479550228e-07,3.567387589558671e-05,1.9029573823962933,0.009547212220243293,0.007645220325348312,0.7234927557744022,1.7752474594034717,-2.2914856039618727
4.949573595,-0.0045464012561852,-7.406748378432768e-09,-3.096600408044493e-05,1.9139711871931386,0.009104837832254496,0.007898663519001037,0.7158315261451556,1.767322489260303,-2.29123216076822
4.966174168,-0.0045533151812903,3.58186586383316e-07,4.089469588781868e-05,1.9176438313768946,0.008624770507358739,0.008039563819058237,0.7130286461516271,1.7649011995876727,-2.291091260468163
4.98293197,-0.0045597519176252,7.232304079393048e-07,3.76151883930899e-05,1.9189060790507535,0.00856273008475938,0.00794295929611577,0.712142159458276,1.7640005001113155,-2.2911878649911053
4.999542783,-0.0045657126652409,3.724696254003578e-07,-3.205682606347144e-05,1.9221975901797226,0.008470068545215271,0.007905391761933611,0.7098820869083631,1.7616057759639097,-2.2912254325252874
5.0000994940000005,-0.0045721498444325,6.18304376059451e-07,-3.5093920463697346e-05,1.922572642754514,0.008462919234845146,0.007911682911105,0.7096271061390833,1.7613306389911234,-2.291219141376116
5.0328154650000005,-0.0045788272308132,-5.660966580458158e-07,3.783588468301183e-05,1.9438908669611519,0.008135476347557458,0.008239066424631236,0.6951927418789106,1.745639143505557,-2.29089175786259
5.034265639,-0.004584786346533,2.752345457298106e-07,-2.765842992864348e-05,1.944537347501548,0.008159266533794415,0.00823608830038891,0.6947801808112248,1.7451408499901444,-2.290894735986832
5.066198999,-0.0045907461364533,8.781475111056763e-07,3.690867023047594e-05,1.9586996800669676,0.00896331278026343,0.008095769865887448,0.685953387962593,1.734036531818039,-2.2910350544213336
5.082871409,-0.0045974230204848,1.705833402238183e-07,3.192719383248386e-05,1.9658399386876195,0.010352202204402635,0.007763997288781077,0.6822371406172862,1.7277833875952675,-2.29136682699844
5.0995553000000005,-0.0046038602591689,5.879029855639672e-08,3.932703288697125e-05,1.9729493481703886,0.010898856425223986,0.007654250127129725,0.6779128806189241,1.7221138806063494,-2.2914765741600913
5.116163879,-0.0046098199749142,5.424939568874369e-07,3.963493386647162e-05,1.9799509215337856,0.009657368432123864,0.008015677984177572,0.6723259373222035,1.7177150868399549,-2.2911151463030435
5.132967068,-0.0046160190539897,4.30426357196077e-07,3.6259903954742575e-05,1.9873011816662092,0.008629415788195144,0.008404189725361277,0.6666662565043548,1.71291393867597,-2.2907266345618598
5.149504100000001,-0.0046226953144943,8.04897210248091e-08,-3.0367292063760945e-05,1.9947587415704904,0.007809114641568677,0.008805718568448029,0.6610901209932509,1.7078944958324958,-2.290325105718773
5.149907469,-0.0046284166356167,5.63918713991942e-07,-2.956817627659707e-05,1.994940645341435,0.007789105969322448,0.008815512604518627,0.6609541086661916,1.7077720622760795,-2.2903153116827024
5.166578095,-0.0046346155303514,5.710603032714427e-07,-3.716779293448567e-05,2.001502443658029,0.007915239935154056,0.008754415697777684,0.6566805262301405,1.702791138658188,-2.2903764085894434
5.184291359,-0.0046408155274607,-2.562625161170524e-07,-3.060359379104402e-05,2.0079119761767252,0.00861019233796295,0.00841530764430587,0.6529327962368263,1.6975452273124245,-2.290715516642915
5.217298415,-0.0046472517614465,5.856181686623442e-07,4.120322962248549e-05,2.0230006366771387,0.009812944184919918,0.008256715723936381,0.643786961555564,1.6854842159251024,-2.2908741085632847
5.232818599000001,-0.0046536890038012,5.930344018377584e-07,3.593999815093834e-05,2.0297486775067495,0.009541443757440074,0.008384010674027387,0.639092662756652,1.6806289789271025,-2.2907468136131937
5.249514023000001,-0.0046601274697083,-1.1480444514200386e-07,-3.1961922699698895e-05,2.0363831165449326,0.00866879947098089,0.008606541374233334,0.6340253563793703,1.6762586590897426,-2.2905242829129877
5.266260764,-0.0046658485991487,2.494151871103191e-07,-2.905343678232875e-05,2.040896531394715,0.007731878247050937,0.008962944423901664,0.6303218934336701,1.6735140102604915,-2.2901678798633194
5.282934717000001,-0.004672524458651,6.147340067841171e-07,-2.979494614317484e-05,2.044958157780225,0.006796757559631967,0.009340890558989123,0.6269204970802242,1.671105325465364,-2.289789933728232
5.284136979,-0.004678961642991,2.645223939630321e-07,3.7022731810125e-05,2.0452451407925616,0.006818225176721835,0.009335304682811074,0.626745494200545,1.670876865184227,-2.28979551960441
5.299525722,-0.0046851604943934,3.9087323661737377e-07,3.7902330792383086e-05,2.0489184730797114,0.007093006914993926,0.009263806446214051,0.6245054879958705,1.667952613605015,-2.289867017841007
5.42651953,-0.004691359627813,5.172242080796782e-07,-3.0413154548053847e-05,2.1047369642460327,0.009706203231000701,0.00867850707804596,0.58930134523023,1.62455674878811,-2.290452317209175
5.426548515,-0.0046970812559319,2.853977022657569e-07,3.6614824081134094e-05,2.1047444082428477,0.009707343043408968,0.008678394142524137,0.5892972409241508,1.6245504347614617,-2.290452430144697
5.42656649,-0.0047037570177579,5.315072041607324e-07,-3.026023975522589e-05,2.1047490246252094,0.009708049896196204,0.008678324105746427,0.5892946956454974,1.6245465191282373,-2.2904525001814746
5.426583642000001,-0.0047101943776197,5.389234910061302e-07,3.698826604818424e-05,2.1047534296427486,0.009708724385153503,0.008678257275659629,0.589292266904498,1.624542782775466,-2.2904525670115614
5.426601096000001,-0.0047166319181519,3.079213140378343e-07,-3.1162555679402744e-05,2.104757912220648,0.009709410750024083,0.008678189268877201,0.5892897953999849,1.6245389806356996,-2.290452635018344
5.426618419,-0.0047228304875371,4.342720278842132e-07,3.755014222339397e-05,2.104762361154815,0.009710091963422327,0.008678121772515812,0.5892873424452083,1.624535207032676,-2.2904527025147052
5.426644889,-0.0047292677298918,4.416882610596266e-07,-3.133527502858522e-05,2.104769159243333,0.009711132875426694,0.008678018636298468,0.5892835942657393,1.6245294408679225,-2.2904528056509226
5.433730906,-0.004734989721544,5.67489740784164e-07,3.061467493757548e-05,2.10675392385159,0.009834340297457582,0.008687280403391728,0.588054427854481,1.6229662324517256,-2.2904435438838293
5.450139543000001,-0.004741666554902,-2.592837264085236e-07,3.657555196038258e-05,2.1133598792808623,0.00822512553322214,0.009158105269101213,0.582456390161129,1.6191074511318302,-2.28997271901812
5.467090624,-0.0047473876483513,4.6256370890431094e-07,-2.843518626150454e-05,2.1202967556546186,0.0072663582941548425,0.009464014475849325,0.5771235009545943,1.6145687529534634,-2.2896668098113717
5.4994893010000006,-0.0047545400385837,8.284317412319585e-07,-3.207029560993319e-05,2.1345162411227045,0.00932403190619333,0.009019973547768956,0.5691942276520758,1.6025873334814325,-2.290110850739452
5.516144137,-0.0047605012452163,1.2004334884444476e-07,3.646904271464315e-05,2.1425106577742543,0.009185287925863778,0.00901864402087682,0.5637693806980459,1.596713579739914,-2.290112180266344
5.53290213,-0.0047669382327258,2.4666873878872706e-07,-2.9998119401496983e-05,2.1499314457943135,0.009287699731001364,0.009002099672414943,0.5589063275194095,1.591107395940016,-2.290128724614806
5.549614106,-0.0047724213002339,7.29823130795935e-07,-3.154886563454403e-05,2.1562840899065923,0.009796758970101503,0.008960032123080275,0.5550577349192376,1.586027675128388,-2.2901707921641408
5.550628529,-0.0047790974160593,2.606771553778492e-07,3.51779682236252e-05,2.1566696977065503,0.009827659050409523,0.008957478607589664,0.5548241239535894,1.5857193342341158,-2.2901733456796314
5.582987901,-0.0047850575709907,5.059624679691598e-07,-3.173421061464798e-05,2.1710125793287056,0.008325124632272337,0.01035238656521642,0.5441557883257704,1.5760155989823146,-2.2887784377220046
5.584005581,-0.0047919719117804,6.331374462571828e-07,-3.583053463369442e-05,2.171480373273802,0.00825749969080458,0.010408342547916671,0.5437939443404427,1.5757115048553414,-2.2887224817393044
5.600671198000001,-0.0047979334599228,-4.328786096488829e-07,-3.231325200442924e-05,2.178689803720054,0.008046046198311018,0.012479003093072816,0.5388373439380443,1.5704719712511188,-2.2866518211941482
5.632887557,-0.0048046078535171,4.09276633154452e-07,3.794678987400418e-05,2.1918466035487496,0.009521268058313104,0.01991515727957882,0.5311807491019529,1.5596713130867044,-2.279215667007642
5.649632254,-0.0048100918735723,5.348036407270262e-07,-0.0001106289689545,2.1987262875651785,0.01057067617866115,0.02523797700728725,0.5273845979311433,1.5538385996652067,-2.273892847279934
5.666294264,-0.0048167682839045,-2.9197001967760545e-07,3.660106584858753e-05,2.205060851896675,0.011746720644085388,0.03159397268922648,0.5240458001626682,1.5483284077161226,-2.2675368515979946
5.682837598000001,-0.0048227278659824,4.3015212393512405e-07,3.882702462910835e-05,2.2112118083119303,0.0129501034211791,0.0381917466152939,0.5208496190403626,1.5429370422894433,-2.260939077671927
5.68349423,-0.0048291648138302,7.951960420970839e-07,-3.414731422303296e-05,2.2114559498382307,0.012997867652965005,0.03845362305982514,0.520722757380996,1.5427230501725673,-2.260677201227396
5.716267210000001,-0.0048356031747199,-2.7027067234717133e-07,3.415296525548444e-05,2.2185114609730716,0.0140963589495426,0.04474437773100304,0.5168462008148005,1.5367264486607435,-2.254386446556218
5.732825753,-0.0048420398280608,4.524009308013345e-07,3.121304276699297e-05,2.2240624959939668,0.015220084510895581,0.05120114518658925,0.5139898970340195,1.531835817039742,-2.247929679100632
5.733708495,-0.0048477629419186,-3.7547126225096267e-07,-3.27936289098378e-05,2.2243714124607483,0.015283694860440209,0.051566659169909546,0.5138317450899319,1.5315629368048416,-2.2475641651173115
5.7501500750000005,-0.0048541990583972,4.664093688584503e-07,-2.984970055404233e-05,2.2301251602170638,0.01646847438930151,0.058374568386740044,0.5108860737149752,1.5264803846972805,-2.240756255900481
5.782896204,-0.004859921026548,5.9221083784899e-07,-3.261684989480867e-05,2.2440377149953425,0.01928217770721813,0.07345487891365376,0.503725314861565,1.5142247884464581,-2.2256759453735673
5.799486998000001,-0.0048665967031873,3.614832081706346e-07,3.423129374976808e-05,2.253091974130347,0.02045953658844557,0.08151151183227867,0.49857719403919143,1.5066840567566777,-2.2176193124549424
5.800137589,-0.0048723192552033,3.680756706682617e-07,-3.777089698844619e-05,2.2534470276319998,0.020505705511517962,0.08182744444328893,0.4983753157521156,1.5063883546841437,-2.217303379843932
5.832857928,-0.0048792344361814,-4.584231526285124e-07,-3.2858599565563324e-05,2.2673648915394606,0.023474235696534927,0.09653143362471761,0.4913265678157701,1.4940257392757512,-2.2025993906625034
5.835078641,-0.0048844780896859,5.012932010902661e-07,-2.9591447728646667e-05,2.2681833141562646,0.02369641912134434,0.09749141759526392,0.4909476150607057,1.4932670721132975,-2.201639406691957
5.866281087,-0.0048911534989903,7.474025419752883e-07,-3.355402503970006e-05,2.2798253305529963,0.02686861868565768,0.1115451477214009,0.485565729295776,1.482467317418359,-2.18758567656582
5.883001779000001,-0.0048973532287648,3.969166931501708e-07,-0.0001106331237367,2.286034739634241,0.02881230864258465,0.1189624160762035,0.4828831198984922,1.4765395607930827,-2.1801684082110175
5.883973051000001,-0.0049037905504429,-7.250413010976862e-08,3.715158659689704e-05,2.286391488411474,0.028941421934142786,0.11937779822290207,0.4827420132476872,1.476187383500781,-2.179753026064319
5.900239106000001,-0.0049092732764413,7.682779254159913e-07,3.093006586067117e-05,2.2923660199862113,0.03110370387135028,0.12633427266488528,0.4803788765126984,1.47028941135052,-2.1727965516223358
5.917077853,-0.0049161891514506,-4.158484003893815e-07,-3.4257027472052154e-05,2.297601398635143,0.03258492364400741,0.1322560083772948,0.47799947455656255,1.4653963910211392,-2.1668748159099263
5.9495777720000005,-0.0049223863202836,7.833851322687042e-07,-2.962586050539567e-05,2.307242693231095,0.03441115150900935,0.14402506397210058,0.4729448472845026,1.456985659017241,-2.1551057603151205
5.966180229000001,-0.0049290627724702,5.526578568122463e-07,-3.883757972352962e-05,2.3161773041807963,0.03727049503407799,0.15728860117392074,0.46913160589656355,1.4484146434219818,-2.1418422231133003
5.982893527000001,-0.0049345465751492,-2.75489420229836e-07,3.41184058187789e-05,2.3246466345189227,0.03940775553631159,0.168435391524266,0.4650891890986437,1.4406714977264252,-2.130695432762955
5.9995330540000005,-0.0049416986943761,4.480063078183534e-07,3.89619254541196e-05,2.332742749604519,0.0410614050740556,0.17812210621483437,0.4609342835362962,1.4335287814335242,-2.1210087180723867
6.016299043,-0.0049469432424129,6.924674311059982e-07,3.434559062335944e-05,2.3372360315455705,0.04252458802120337,0.18318254166543158,0.459035381051216,1.4292015818436326,-2.1159482826217895
6.0166994460000005,-0.0049531430426917,3.419816144828723e-07,-0.0001112354931031,2.337324712377543,0.042558499464226233,0.18327950323430864,0.45900166020876454,1.4291128283608188,-2.1158513210529124
6.049512953000001,-0.0049593424596064,-2.4692292356987456e-07,-3.205439035107895e-05,2.344614101297361,0.045085250901980574,0.19167284637516513,0.4560353158792636,1.421990998190743,-2.107457977912056
6.0500442660000004,-0.0049660169472065,5.952323621694487e-07,3.704660518071714e-05,2.3447326027866757,0.04512071742730958,0.19181840354713353,0.4559829061167222,1.421878954921516,-2.1073124207400875
6.067452037000001,-0.0049722161004569,6.023740695229153e-07,-4.090119327047834e-05,2.3486683902617886,0.04631150780462891,0.19669070475246198,0.4542518051187807,1.418149116572888,-2.102440119534759
6.083700960000001,-0.0049786540728339,-1.0546500287078259e-07,-3.273096785516144e-05,2.3567908730937015,0.049827464394295556,0.20987099804806197,0.45146915848915126,1.4097471194394826,-2.089259826239159
6.116182995,-0.004984852120039,6.169318383078448e-07,-2.955445489605297e-05,2.370912624923821,0.058147989405467296,0.23236639544217796,0.4482788054481419,1.393669910145369,-2.066764428845043
6.116996656,-0.0049908127883314,7.430081122042512e-07,-0.0001127755255517,2.371215970867827,0.05838719802769338,0.2328381118067302,0.44825540758646887,1.3932843040422516,-2.066292712480491
6.150324694,-0.0049967736894454,3.4619580274777065e-08,-0.0001057359750147,2.3852201969017335,0.06632538445138242,0.2532751997949263,0.4448579497753431,1.3775492974986363,-2.0458556244922947
6.150365442,-0.0050027333890305,7.56741777557491e-07,-3.53652189173594e-05,2.385238433255271,0.06633377737772786,0.25330097395633455,0.4448520746617175,1.3775301014354238,-2.0458298503308865
6.166889128,-0.0050098872194767,-1.8869153714424494e-07,3.193709189808637e-05,2.391370616796355,0.06962949625007192,0.2642353748872708,0.44322986632003336,1.3707600292080957,-2.0348954493999503
6.199587416,-0.005015846825056,5.334306172024805e-07,-3.145848102683927e-05,2.398474045950999,0.07461099180521388,0.28110744089515505,0.4422192383070287,1.362143032356508,-2.018023383392066
6.200637738,-0.0050218066509674,7.787157795178354e-07,3.38748438810918e-05,2.3985851291266034,0.07471462773434535,0.28141490330392127,0.4422226401171594,1.3619911498183503,-2.0177159209832998
6.232837605,-0.0050275295408226,3.084713036540748e-07,-0.00011247446295,2.4051403558487348,0.08030517795013263,0.29617606615706205,0.4420314385585964,1.3533778640888634,-2.002954758130159
6.2334784370000005,-0.0050342055861436,-1.6067470396600085e-07,3.4331006910276524e-05,2.4053371681507785,0.08046727931513907,0.29658223038751474,0.4420214085160248,1.3531230870627822,-2.0025485938997063
6.2662676180000005,-0.0050399267104355,7.995912917665012e-07,-3.622962011756344e-05,2.4190400785957227,0.08681049379066082,0.3180963862754971,0.43763421257216106,1.3386746049177685,-1.981034438011724
6.267134239000001,-0.0050466038889739,-2.656005641019036e-07,-3.55816062281701e-05,2.419470679454615,0.08694139394886065,0.3186787988443909,0.4374452814460066,1.338266123607712,-1.9804520254428302
6.283778135,-0.0050528015366546,4.567960945987766e-07,3.6727205537559495e-05,2.4267625638051866,0.08975885775421226,0.329803933331398,0.43469423008943453,1.3309489249559,-1.969326890955823
6.300261134,-0.0050592384374996,8.218399912927428e-07,3.4060255890283486e-05,2.4323144322841035,0.09306710303919245,0.3407184252139053,0.433467643743757,1.3246035946721888,-1.9584123990733158
6.316491491000001,-0.0050651996478028,2.3266087374806385e-07,3.2559992958719484e-05,2.4380090116023343,0.09671741289822754,0.3516324092352936,0.4324013424543731,1.3179240739379707,-1.9474984150519274
6.349516041,-0.0050718756138005,2.403519225633409e-07,-3.346425044637875e-05,2.4501866667236873,0.10437489677684941,0.37295924116615975,0.4300102168642901,1.3037390514840435,-1.9261715831210613
6.350438188,-0.0050771200046685,7.232315203986788e-07,-3.290302991799832e-05,2.450534643237423,0.1045652694441275,0.3734987269546961,0.4299206661688495,1.3033526448594828,-1.925632097332525
6.366985249000001,-0.0050837960066573,3.732947661534434e-07,3.368099368047128e-05,2.4567787546419524,0.10798132798813827,0.3831792922567048,0.4283137631262237,1.2964189412445393,-1.9159515320305163
6.399739343,-0.0050897566279468,4.993710185818569e-07,3.386511265915736e-05,2.4672946780429172,0.1152900832246434,0.40381936153078657,0.42676848144725876,1.283706166070929,-1.8953114627564345
6.400633808,-0.0050964321944201,5.070618849191877e-07,3.422820977455042e-05,2.467572350467103,0.11549249203394799,0.4043906258283503,0.42673470947639336,1.283364214677861,-1.8947401984588708
6.416725632,-0.0051021539980608,6.328632787717491e-07,3.388963928636949e-05,2.47352898786379,0.11971331571811297,0.4162194515283,0.4259197404547992,1.276109374421711,-1.882911372758921
6.43374353,-0.0051083531043084,6.400049646572218e-07,-0.0001113572988169,2.4798077470057325,0.12416264112301338,0.42860442353647654,0.42506088548990184,1.2684620427909725,-1.8705264007507445
6.466341536000001,-0.0051145531410794,-4.2573638294895e-07,-3.463579805242485e-05,2.4861178435041626,0.12919454183523132,0.44172657255364545,0.42461593816970544,1.2604035463754264,-1.8574042517335756
6.482840065,-0.0051209891907243,5.35353490801308e-07,-3.107573439460795e-05,2.4914831095396455,0.13302809295972634,0.4530779992017555,0.42390558692935576,1.253847816441166,-1.8460528250854655
6.4835816180000005,-0.0051269498355152,6.614297539637176e-07,-4.047621926138504e-05,2.4917242600764244,0.13320039809899198,0.4535882073836599,0.4238736590469767,1.2535531585840964,-1.8455426169035611
6.500443379,-0.0051331493192636,-4.6684026729874194e-08,-3.39818800013324e-05,2.497137431001346,0.1363167162498234,0.4652590898981863,0.4225961614668601,1.2474390880731834,-1.8338717343890347
6.517026178,-0.0051393473392967,5.565035288719205e-07,-3.152207616297325e-05,2.5023849278869195,0.13851247331105537,0.4768122758175437,0.420741941053121,1.2420614083418005,-1.8223185484696773
6.54950654,-0.0051457846829983,8.023383546689928e-07,-4.214593607534938e-05,2.513934955650117,0.14668535548547912,0.5000223809105484,0.4191532150913153,1.2280017108277737,-1.7991084433766726
6.549924808,-0.0051517459491235,-2.6367783004503654e-07,-3.472279172534781e-05,2.5140893212317774,0.1468077403414928,0.500323842686984,0.41914179896140435,1.2278050475171114,-1.798806981600237
6.582887629,-0.0051579437488246,8.163467175881304e-07,-3.602083368414835e-05,2.5247706868431083,0.15671418112215285,0.5245334397124273,0.4194250056436484,1.2132397142137235,-1.7745973845747938
6.583956036,-0.0051636664668286,1.0768361690072099e-07,3.0676036246163185e-05,2.525055707376097,0.15698813605700904,0.5252254234642106,0.4194397363003237,1.2128446559669912,-1.7739054008230104
6.5998717540000005,-0.0051701038377022,4.72727728274625e-07,-0.0001108300975622,2.5269808819591963,0.1589580563032938,0.5313959544033589,0.41962840696545545,1.2100966955720343,-1.7677348698838622
6.632895181,-0.0051763030901068,-1.1617688491610001e-07,-3.37601480430904e-05,2.5383538207360523,0.1679770524449643,0.5528176485006062,0.4187889976752328,1.1956059599154476,-1.7463131757866148
6.649499261000001,-0.0051829777187155,7.259784652272038e-07,-3.303879580910347e-05,2.542357121755117,0.17306505949560155,0.5649268116924495,0.41992138840668347,1.1892316422242821,-1.7342040125947715
6.666185817000001,-0.005189415329752,4.949763204608977e-07,3.17293409764234e-05,2.5443663251547832,0.17772611734671467,0.5765012051620464,0.4220624802181556,1.1846296769432851,-1.7226296191251746
6.683189699000001,-0.0051956147540078,1.4449033209382145e-07,3.3464357184742155e-05,2.548292374243345,0.18111586269618626,0.5843327679364427,0.4219789063626751,1.179443421030708,-1.7147980563507783
6.699460013,-0.0052015747047675,6.281940977648306e-07,-3.3698340331148e-05,2.552476069234767,0.1843748472026876,0.5919593959983662,0.42162625154751465,1.1741519261213078,-1.7071714282888548
6.716171668,-0.0052080119904545,5.164010775654028e-07,-3.5221426480684414e-05,2.5569445385236493,0.18888688859659378,0.6035354187595163,0.4220191794522514,1.167813839423598,-1.6955954055277047
6.732883903,-0.0052137342604533,5.229934112550672e-07,-3.463976531122154e-05,2.561957949490384,0.19359721979931002,0.6155436219148069,0.4221973596443491,1.1609370842745612,-1.683587202372414
6.749584227000001,-0.0052194558489106,5.295854336588217e-07,3.2444541816809934e-05,2.568065550988127,0.1987034391048414,0.628413315421624,0.4219426613698558,1.1529802381380332,-1.670717508865597
6.766174159,-0.0052263704445455,5.375512551779749e-07,-4.139651541661947e-05,2.572927027653854,0.20490469784320028,0.6411956007671322,0.4233346286559325,1.1452244665847982,-1.6579352235200888
6.7828266610000005,-0.0052320931155466,-1.7111186697742657e-07,-0.0001070509319978,2.5770178767712517,0.21186795045013135,0.6540245659664503,0.42580821078727893,1.1375365979068919,-1.6451062583207707
6.799529048,-0.0052382908844052,6.704941202360729e-07,3.569905838531853e-05,2.5790359467775024,0.21400549401915442,0.6603250681864399,0.42606014230363254,1.1346077364266116,-1.6388057561007812
6.816165129000001,-0.0052452050173526,9.168782767609588e-07,-0.0001079053615302,2.5813226465428416,0.2166867771065813,0.6676347016985282,0.42653905055780306,1.1311164728021041,-1.6314961225886928
6.8333915350000005,-0.0052509275003423,2.082150687335805e-07,-3.612415966682088e-05,2.5849712249709547,0.22205665787054213,0.6799252509714027,0.42811791229745566,1.124819255990503,-1.6192055733158184
6.8344665440000005,-0.0052568876897869,8.111282165873933e-07,-0.000111901806482,2.585198913477044,0.22239176376263506,0.6806922392267172,0.4282164407182931,1.1244262799543279,-1.6184385850605039
6.866218277000001,-0.0052638030242632,-3.729983560999079e-07,-3.629362535417971e-05,2.5893473342136635,0.22878742493038207,0.694544924121006,0.4302281171566327,1.1170732510350274,-1.604585900166215
6.8828483270000005,-0.0052695237328705,8.256859961063206e-07,-3.253259079507524e-05,2.5900411328591946,0.23134101443504915,0.7049169041586341,0.4316720087103969,1.1148557404713872,-1.594213920128587
6.899554591,-0.0052759605051965,8.331020146017961e-07,3.06344139742669e-05,2.590353097634626,0.23383573832845964,0.7170675075266324,0.43332612896840095,1.112962369008223,-1.5820633167605886
6.900403549000001,-0.0052819222325313,2.4392313320504885e-07,-0.0001131992648482,2.59036895066986,0.2339625120827295,0.7176849616704253,0.4334101859799504,1.1128661540285831,-1.5814458626167958
6.932831832000001,-0.0052883602085789,-3.447066643458124e-07,-3.4663897075147615e-05,2.5905415831330036,0.23804590740129392,0.7234824854521791,0.4363426498050471,1.1100193004655234,-1.575648338835042
6.933328258,-0.0052933656282999,4.955258243042013e-07,-3.4173578911905e-05,2.5905067029900843,0.23806256491861089,0.7235422383584225,0.436378298230935,1.110034243255924,-1.5755885859287986
6.966143058,-0.0053000411786129,7.416352295932048e-07,-4.422131902685005e-05,2.5885208771314008,0.23908839832813425,0.7269228659965754,0.4384656818752515,1.1108334103514368,-1.5722079582906456
6.982919977000001,-0.005306479590176,-2.046221885402217e-07,-3.5442969082643576e-05,2.588404793701177,0.23940126259174838,0.7270510340919403,0.43877643581977654,1.1107117904674482,-1.5720797901952808
6.983739900000001,-0.0053133925737459,8.762263551846662e-07,3.6141536126828166e-05,2.588399120461987,0.23941655292042047,0.7270572979339045,0.438791623012756,1.1107058466502227,-1.5720735263533165
7.016199332,-0.0053188763551161,8.825439805744366e-07,-3.773000254206925e-05,2.589084293476861,0.23988058764162923,0.7272005546863038,0.438681854636086,1.1098856386361908,-1.5719302696009172
7.016573856000001,-0.005325314649172,-6.371349122897363e-08,-3.784111167031911e-05,2.589094183799943,0.2398856335641819,0.7272019791713173,0.43867903705533884,1.109874898940487,-1.5719288451159037
7.03398824,-0.0053307975323393,5.386500897490931e-07,-3.415656353131044e-05,2.589492017585542,0.23904152981281865,0.727360338124674,0.43778428674024994,1.1101398607069317,-1.571770486162547
7.066197846000001,-0.0053372342143301,6.652753401514167e-07,3.059032073755282e-05,2.59212199214126,0.23951010594047026,0.7274964768508987,0.4363833939201196,1.107865255453786,-1.5716343474363224
7.082899312,-0.0053434343671304,3.147896845382441e-07,-0.0001138149139579,2.5934036284057216,0.24002982706217255,0.7278927926809957,0.43591816100172487,1.1065628500290554,-1.5712380316062253
7.099573705,-0.005349633126005,-2.7411515406641645e-07,-3.503174440866341e-05,2.5944331309442936,0.24045919779178168,0.7284732950792376,0.4355533281996746,1.1055087476967747,-1.5706575292079834
7.100273008,-0.0053558312077233,8.059095223747132e-07,-3.317075216613096e-05,2.59447630698157,0.24047720505833273,0.728497640617249,0.43553802757236104,1.105464539975194,-1.570633183669972
7.116821071,-0.0053620296794321,8.130509184422697e-07,2.9400091411676568e-05,2.5956315239641667,0.24178048516586592,0.7297940656455149,0.43574170038637194,1.1037349207395226,-1.5693367586417062
7.149494141000001,-0.0053682298682236,1.0493745976858477e-07,-4.243897171884042e-05,2.5953448882691617,0.24444039418868005,0.7342160273030327,0.4379175406772833,1.102178323469916,-1.5649147969841883
7.150385780000001,-0.0053737131920547,-2.4637294331609124e-07,-0.0001071125615175,2.5952827343371734,0.24451147299543552,0.7343730099309251,0.4380119570303185,1.1021773959404348,-1.564757814356296
7.182861934000001,-0.0053799112032688,8.336517009230469e-07,-4.006937287040861e-05,2.6017652624093706,0.2512454637858039,0.7427962221709539,0.438722477154204,1.0928572584240062,-1.5563346021162672
7.199583909,-0.0053863495516687,1.2581280027330024e-07,-4.407167450115158e-05,2.606394996766251,0.25588664749517,0.749729687060527,0.4391044394244985,1.0863128614874324,-1.549401137226694
7.199726,-0.0053925491565949,-4.630916519074714e-07,-3.36505116578031e-05,2.6064319979104154,0.25592726788584724,0.749796842432608,0.4391101247902569,1.0862582100700267,-1.549333981854613
7.2176618580000005,-0.0053987466309465,7.361420202925739e-07,-3.5430932740354366e-05,2.6111090478234438,0.2610324516282177,0.7582154031485739,0.4398068683393075,1.0793696510509592,-1.540915421138647
7.2338212,-0.005404707362402,6.237997767053014e-07,-0.0001111236964617,2.615663107095781,0.2644621916954341,0.7627330803526267,0.4393351209789369,1.0736880995715992,-1.5363977439345944
7.250159753,-0.0054111448919224,3.516977520849911e-08,-3.637048630727192e-05,2.6194095863015847,0.2680681258556909,0.7686883043094648,0.43953241205669946,1.0684919525530612,-1.5304425199777563
7.266605040000001,-0.0054180588206981,5.199723848130828e-07,-3.491910480186044e-05,2.6204221295453727,0.2721417385580405,0.7791425243126007,0.4418985074568045,1.0650247985577956,-1.5199882999746204
7.283747276000001,-0.0054237808050092,4.073553148519496e-07,-3.693259031210714e-05,2.6237855758986726,0.2782386525424419,0.7903208703837841,0.4442097342709914,1.058456437870524,-1.508809953903437
7.316224191000001,-0.0054295027694894,4.1394750899965445e-07,-0.0001093252232609,2.630954429066815,0.292400374769587,0.812721874612774,0.45000661488893723,1.0436800036833969,-1.486408949674447
7.3179180200000005,-0.0054359405487065,3.021547142141622e-07,-0.0001128941315251,2.6309230896463203,0.2929978368558787,0.8139457884123509,0.4504733516931574,1.043305704525745,-1.4851850358748702
7.349557309000001,-0.005441662804023,-1.6809005146751453e-07,-3.6316464678670185e-05,2.628071458174058,0.3015434184737735,0.8283773993604213,0.45874890755110687,1.0397456564244325,-1.4707534249267997
7.350320784000001,-0.0054478605765521,7.927252105888198e-07,-3.49920017443702e-05,2.627959043218239,0.3016993243176763,0.8285634448147015,0.4589400840939539,1.0397257746760205,-1.4705673794725196
7.367019735,-0.0054542980737519,6.809322869953649e-07,-3.751960650281852e-05,2.6255002700575054,0.30510934304513504,0.8326326860142079,0.4631215539801352,1.0392909151946692,-1.4664981382730131
7.383719807,-0.0054602589587057,2.109622940175644e-07,-0.0001096579313765,2.6311170983673455,0.31030663317503976,0.8441822422040928,0.46326149259793525,1.0316397060000466,-1.4549485820831283
7.41621619,-0.0054666960203901,4.5679699100667394e-07,-3.675808344047121e-05,2.640536555840967,0.3207623846255032,0.8679644630594483,0.46479460197820943,1.0176504782472597,-1.4311663612277727
7.416856601,-0.0054728948247896,5.831478121930218e-07,-4.220510524602356e-05,2.64067846915989,0.32096993466217505,0.8684373419258495,0.4648550318335234,1.0174064195649781,-1.4306934823613715
7.4350465230000005,-0.0054793333538599,-3.631095522704202e-07,-3.737075127996675e-05,2.644717118729061,0.3273552193169657,0.881928187987179,0.4669320311668632,1.0101422180097779,-1.417202636300042
7.466184857000001,-0.0054848152448184,8.35299941359957e-07,-3.46486711342133e-05,2.651850431893354,0.3396896945529196,0.9049298692994991,0.47138892292386303,0.9966085728277649,-1.394200954987722
7.467377711,-0.0054910145589082,7.232324490085669e-07,-4.522437979357164e-05,2.6521415791190517,0.3401664769044876,0.905787825561684,0.4715509423488893,0.996073934797213,-1.393342998725537
7.48355626,-0.0054969760203861,-1.043651001478168e-07,-0.000108334375157,2.6560903772596127,0.3466330240571006,0.9174241929860489,0.4737483941801688,0.98882269736619,-1.381706631301172
7.500250161,-0.005503173785574,6.18031612222847e-07,-3.488474309996278e-05,2.6596021167652033,0.352971856618307,0.9297327236493853,0.4761414529493899,0.9819826401792073,-1.3693981006378357
7.5167979030000005,-0.0055091342695255,8.633170750901141e-07,-0.0001169641477482,2.6628826172714293,0.3590905724927513,0.9417887702566103,0.47852416121303265,0.9754616687137054,-1.3573420540306107
7.549521629000001,-0.0055158113775595,-2.018748129802805e-07,-0.0001085579126968,2.666742190925864,0.36777526573406094,0.9576325583030751,0.48243637035413545,0.9668005587891098,-1.341498265984146
7.5503970670000005,-0.0055215319341464,6.391816502934595e-07,3.308959965861514e-05,2.6669745769402624,0.3681274533712304,0.9583113707537345,0.4825445198174425,0.9663927069961145,-1.3408194535334865
7.56672435,-0.005527731067566,7.655326217557648e-07,-0.0001168606315091,2.671308672812647,0.37469589936188824,0.9709715054358465,0.48456155231284415,0.9587861013355252,-1.3281593188513745
7.599526655000001,-0.0055344078502506,-1.804501417477505e-07,-3.70908420386179e-05,2.6709729460416773,0.3878541139316425,0.9929625641976303,0.49460478687087606,0.9502781778085541,-1.3061682600895907
7.7432005880000006,-0.005541082710203,5.424960408926866e-07,3.279269912666055e-05,2.6820348419807254,0.4353051667482338,1.0794146499503041,0.5226536468579683,0.9104381300099664,-1.219716174336917
7.7432277,-0.0055465662800603,5.488135696764849e-07,-3.957004941546737e-05,2.6820366359153156,0.43531267974891424,1.0794348674288887,0.5226580595980657,0.9104317903644423,-1.2196959568583323
7.7432411750000005,-0.0055530041856036,-3.981626007636788e-08,2.9309029802066668e-05,2.6820375275230393,0.43531641380336145,1.0794449157663015,0.5226602527845814,0.9104286394820491,-1.2196859085209195
7.7432539600000005,-0.0055589636538449,8.015151047092119e-07,3.1251367951290194e-05,2.682038373475154,0.4353199566520521,1.079454449569182,0.5226623336669267,0.9104256499435412,-1.219676374718039
7.743266323,-0.0055651627564219,6.894475157518489e-07,2.9813026718433974e-05,2.682039191504563,0.4353233825604105,1.079463668685726,0.5226643458646927,0.9104227590820186,-1.219667155601495
7.7432798190000005,-0.0055716003909598,4.584453817195405e-07,-3.812204234951567e-05,2.682040084501805,0.43532712243416327,1.0794737326828852,0.5226665424691614,0.9104196032891596,-1.2196570916043359
7.743292112000001,-0.0055773222342622,3.458282473544251e-07,-3.7796872873488274e-05,2.6820408978994856,0.4353305289448363,1.0794828996002739,0.5226685432737503,0.9104167287958567,-1.2196479246869472
7.743304506,-0.0055839979527559,7.111470026242426e-07,-4.339745945213468e-05,2.6820417179800886,0.4353339634435982,1.0794921418335868,0.5226705605170658,0.9104138306855503,-1.2196386824536343
7.743316890000001,-0.0055901979931975,-2.3538507013909345e-07,-0.0001100742251998,2.6820425373990164,0.4353373951712624,1.079501376609878,0.5226725761327846,0.9104109349135605,-1.219629447677343
7.750082526000001,-0.0055959182479363,7.248805284355227e-07,3.2662664819540795e-05,2.6834171492678482,0.4386081149440711,1.0847451442977807,0.5241984824751869,0.9072080025920166,-1.2143856799894404
7.767101416000001,-0.0056021175186939,7.320222894589736e-07,-0.0001162915321802,2.687938773632666,0.4484375656539028,1.0981637318237008,0.5285243266070581,0.8972908325974926,-1.2009670924635203
7.783605616000001,-0.0056085561417699,-2.142350320684809e-07,-0.0001100199873351,2.6911244590997914,0.4556434860777664,1.1088712225505883,0.5317815097845235,0.8901169467049699,-1.1902596017366327
7.816231254000001,-0.0056149923485837,5.084363671340848e-07,3.215409525476224e-05,2.6960570576646683,0.46684378778301044,1.1264603335185823,0.5368568423583491,0.8789805969369451,-1.1726704907686387
7.816724645000001,-0.0056202371044628,6.336883121848667e-07,-0.0001119203400535,2.6961267529731754,0.46699358466271884,1.126692682197632,0.536922242256737,0.8788288754998006,-1.172438142089589
7.849507343000001,-0.0056269137211595,4.029611118663862e-07,-0.0001157736300703,2.6969478444297383,0.47481159362668884,1.1371772802231064,0.5422101564290582,0.8730122253429733,-1.1619535440641147
7.850053745,-0.0056331127855526,-1.85943587196314e-07,-3.7302571697999165e-05,2.696898328457181,0.47490648009566233,1.1372698549684355,0.5423139278856006,0.8729860192684935,-1.1618609693187856
7.867229384000001,-0.0056395495439111,8.943558834166856e-07,-0.0001135275415556,2.697175841090035,0.47904152958718177,1.1409210917222623,0.5452151292578071,0.8700265128642743,-1.1582097325649587
7.88366387,-0.005645748812476,6.703273127428693e-08,-0.0001116630437301,2.701446578210438,0.48551478434904277,1.146033526484544,0.5472032953936201,0.8625305527403175,-1.153097297802677
7.900408077000001,-0.0056521856699887,5.512858813430941e-07,3.1859311263090844e-05,2.7037118601486076,0.4932531214979673,1.1499618577275506,0.551470458687533,0.8556891580350761,-1.1491689665596705
7.916971309000001,-0.00565814566041,7.965711187964257e-07,-3.8965524429481134e-05,2.7046282119786462,0.5016336134138917,1.153034721312185,0.5571147369746801,0.8494270123926841,-1.146096102975036
7.9337076810000005,-0.0056643448966544,4.460850445573744e-07,-0.0001119237181922,2.7062446854513347,0.5063855396437755,1.154501444498969,0.5595850542940151,0.8450576506859862,-1.144629379788252
7.966164248,-0.0056705442614177,4.532268485168128e-07,-0.0001140679327798,2.7162668746139613,0.5175367198962662,1.1594909480354092,0.5612359562309961,0.8301557172735232,-1.1396398762518118
7.982842349,-0.0056760277225869,-1.7292765006716646e-08,-3.824648275192965e-05,2.721498746054523,0.524176794257267,1.1624483405277886,0.5627088596206105,0.821831438211944,-1.1366824837594325
7.983893893,-0.0056824647791228,8.245882954625703e-07,-0.0001139955919605,2.7217084982764073,0.5245996216393524,1.1626125098608977,0.5628847920756956,0.8213934578917534,-1.1365183144263233
8.000532689,-0.0056877104023623,1.1537572450538845e-07,-4.002623537216881e-05,2.7250274506269268,0.5312901058737066,1.1652101948299158,0.5656686073320614,0.8144632056154224,-1.1339206294573052
8.032843007,-0.0056943860070195,5.999037009480564e-07,-0.0001137620558224,2.73191893655591,0.543608981416518,1.170007323336585,0.5702748241743092,0.8011204158265204,-1.129123500950636
8.033637511,-0.005699869565865,2.485934052033485e-07,-0.0001105881273285,2.7319169511807884,0.5438164546117362,1.1700373102116384,0.5704309796294296,0.800983797590971,-1.1290935140755827
8.066181484000001,-0.0057065447673271,6.139119243252343e-07,3.0593440039271e-05,2.732142123837892,0.5524967930494331,1.171436572438557,0.5767590965390796,0.7950378818081614,-1.1276942518486641
8.083018218000001,-0.0057127439477496,7.402629172555326e-07,-4.562664899322984e-05,2.7341106850267853,0.5580870775003206,1.1731935387597048,0.5796207079108342,0.7898477282696521,-1.1259372855275163
8.099480206,-0.0057194204520875,-8.651070021311065e-08,-3.785816758075204e-05,2.736215221805839,0.5637192353048053,1.1749495495774802,0.5824230595895674,0.7845282262574607,-1.1241812747097408
8.100475674,-0.0057251415653676,5.161274709908851e-07,3.145300646504647e-05,2.7363687191086457,0.56408408174326,1.1750613035620727,0.5825931666196631,0.7841708218031882,-1.1240695207251483
8.132930237,-0.0057318166603344,1.239073760971292e-06,-4.668179817812267e-05,2.741835733428538,0.5764873380870645,1.1788843121798012,0.5882105231551853,0.7718349262517146,-1.1202465121074199
8.149518306000001,-0.00573777860066,-6.536066214249724e-08,-0.0001100797346906,2.7453618076118276,0.583631039027913,1.1811223504931458,0.5911947007941181,0.7644484286989068,-1.1180084737940752
8.150278846,-0.0057442148148148,8.957292867457373e-07,-4.100285624806966e-05,2.74552347323182,0.5839585678266871,1.1812249614515906,0.5913315212077244,0.7641097680115894,-1.1179058628356304
8.166799627000001,-0.0057501762924529,-1.702868013623192e-07,-4.26050700521571e-05,2.749875214237607,0.5915744901634967,1.1834520679253577,0.5941185234957973,0.755792764881372,-1.1156787563618633
8.184235181,-0.0057568518736086,3.1424116434635185e-07,-0.0001144546607417,2.754185648280561,0.5992375063930047,1.185573786230953,0.5969681662598307,0.7474752414825625,-1.113557038056268
8.216243934000001,-0.005762812413382,8.268956004426933e-08,-0.0001100325578189,2.7555562436452923,0.6082126504645098,1.187214738632993,0.6027538669175754,0.7404782842397983,-1.111916085654228
8.232967792,-0.0057694870853229,8.056356568127312e-07,-3.798439079284031e-05,2.753712866805212,0.6147523726793018,1.1887697745592485,0.6088613597817658,0.7375009472190608,-1.1103610497279726
8.24947648,-0.0057752093751526,6.930187263935585e-07,-4.699064581590891e-05,2.7569424156920306,0.6239680590878084,1.190607031659102,0.6135892025367509,0.7289565710056429,-1.108523792628119
8.250171765000001,-0.0057814092547548,-1.3430414666492185e-07,-0.0001106489087868,2.7571921239785233,0.6244183382776629,1.1906912153366225,0.6137590259776577,0.7284704994305868,-1.1084396089505986
8.282880543000001,-0.0057873684049878,1.0646548923732078e-06,-0.0001139234150284,2.7663995689820453,0.6355815085243539,1.1943072898929383,0.6159611920721741,0.7141686157105429,-1.1048235343942827
8.299496986000001,-0.0057938070008918,-8.117147310794097e-10,-4.166029352474875e-05,2.76789333220157,0.6372746158056134,1.1955251168944443,0.6162304409585999,0.711926865086808,-1.1036057073927767
8.316214292,-0.0058000053697759,4.831667270378339e-07,-0.0001087538854013,2.7652525884735657,0.6389141034670688,1.1958326724537098,0.6192117164012405,0.7128063217168732,-1.1032981518335112
8.316899398,-0.0058066802223871,9.676943599926011e-07,-0.0001119085280846,2.765144365930261,0.6389812926920426,1.195845276647172,0.6193338945616098,0.7128423634698926,-1.103285547640049
8.333717115,-0.0058128800189953,4.979992685266396e-07,-4.70698647599546e-05,2.767898016746279,0.6492008303719502,1.1976241988462215,0.6251276664009655,0.7039849512585805,-1.1015066254409995
8.3499047,-0.0058190795262451,-2.1011450143295535e-07,-3.7525571279030345e-05,2.7731901676485795,0.6632220462212302,1.2000539924696163,0.6320688742156151,0.6907025949488492,-1.0990768318176047
8.382964026,-0.0058252770365878,6.314913677065783e-07,2.962758331009628e-05,2.7760350846929356,0.6690967980756471,1.2015042479167777,0.6345594524078411,0.6846690816598402,-1.0976265763704434
8.38363222,-0.0058317147291404,7.581170796707691e-07,-4.703461787436468e-05,2.776216448871115,0.6692094790245829,1.201550639922167,0.6345228233953726,0.6844587289160371,-1.0975801843650541
8.416197875,-0.0058374373729695,-6.975532806146585e-08,-0.0001106754548268,2.7832036646085365,0.6777012842016404,1.2054358108639391,0.6362092382938564,0.6735919012411111,-1.093695013423282
8.416771768,-0.0058441122402631,8.916094042646426e-07,-0.0001140738727387,2.783181285917001,0.6780866629495073,1.2056318962579802,0.6365117361784733,0.6733520833624103,-1.0934989280292409
8.433501287,-0.0058507890464491,-5.437334850487671e-08,-4.256034075458132e-05,2.7825289260777417,0.68932081475939,1.211347969332989,0.6453298331201556,0.6663611673584473,-1.087782854954232
8.466165389,-0.0058574640635703,4.301543595878689e-07,-3.761844619055435e-05,2.7855374738858467,0.7047111513387063,1.2247249080020959,0.6548128231808326,0.6538717030205587,-1.0744059162851252
8.482862306000001,-0.0058634239908286,9.138581145248812e-07,-3.978003474471489e-05,2.785234509029958,0.7070306091739764,1.2285489126727027,0.656745459324126,0.652553905657101,-1.0705819116145183
8.499656699,-0.0058693850167909,4.438881859510619e-07,-0.0001134586216838,2.7847217100806927,0.7089375493383797,1.2321043146633457,0.6585099114812147,0.6516672872846727,-1.0670265096238754
8.500178032,-0.0058758223259793,3.320951764856311e-07,-0.0001120537196298,2.784792823216807,0.7091692218796671,1.2323353030419737,0.6586354701339976,0.6514600090435914,-1.0667955212452473
8.532966381000001,-0.0058822596733516,6.971392771255381e-07,-0.0001164177106958,2.789099985692023,0.7236877524875526,1.2469989156571337,0.6666034515197914,0.638581707438346,-1.0521319086300873
8.533693778,-0.0058882205002907,-1.3045856184876157e-07,-3.952634875294229e-05,2.789155254546682,0.723997145108382,1.2473573486151244,0.6667975578189991,0.6383345209000253,-1.0517734756720967
8.566175082,-0.0058946570001333,9.498407906902722e-07,-0.00011529359811,2.79211277099152,0.7380090598929384,1.2629241581123178,0.6752858215769006,0.626800656073895,-1.0362066661749032
8.566769545,-0.0059010950826764,3.583222280889157e-09,-4.111196792526358e-05,2.7921990205434346,0.7382783789590097,1.263180269724252,0.6754294000139056,0.6265570232005335,-1.035950554562969
8.599517788,-0.0059072933413944,7.259801600654877e-07,-0.0001098410019922,2.796067884815413,0.7535335112030745,1.2775303312584416,0.6842388388358549,0.6135155141551345,-1.0216004930287794
8.616210857,-0.0059134917932724,8.52330820241883e-07,-0.0001134771811343,2.7967878232847507,0.7619036926041127,1.2851873309073296,0.6900061607082661,0.607406811632837,-1.0139434933798914
8.632888487,-0.0059199299176698,5.021196367806729e-07,-4.635559256740179e-05,2.7988434691548307,0.7636663254753304,1.2893543349934697,0.6899532908210706,0.6046994588008436,-1.0097764892937513
8.649720311000001,-0.0059256517029576,3.1874656419059163e-08,-0.0001108639893039,2.800677154335727,0.7649916128608085,1.2930033976291924,0.6897217801427642,0.6024488609241501,-1.0061274266580287
8.650359068,-0.005933280725267,6.367104940222127e-07,3.942510192952572e-05,2.800637207015261,0.7651971398226215,1.2931493937421976,0.6899017516743153,0.6023418685493023,-1.0059814305450234
8.682896068,-0.0059385257705045,1.000381117566628e-06,-0.0001224351647436,2.7997392672879258,0.7770442862968352,1.3000441416354036,0.6993407815080506,0.5951261987166907,-0.9990866826518174
8.683521009,-0.0059447258777798,-6.536019783755409e-08,-0.0001073935969206,2.799821605844234,0.7773925414029402,1.3001290935897245,0.6995458719187218,0.5948329425484111,-0.9990017306974965
8.716236059,-0.0059506850441731,8.951803022489018e-07,-3.857681066407441e-05,2.8034299501218234,0.7944903180203664,1.3045224764909742,0.709903856134459,0.5807593404270088,-0.9946083477962468
8.732966279000001,-0.0059573616733594,3.0682528813591364e-07,-0.0001174845820014,2.8042317903241893,0.8015498592349064,1.3066892970179564,0.7146385520960221,0.5754619142574922,-0.9924415272692646
8.733734674,-0.0059635609257641,-2.820793250548114e-07,3.3309977478365674e-05,2.8042686176941998,0.8018740938338265,1.3067888159757963,0.714856009888172,0.5752186110742987,-0.9923420083114247
8.766242638000001,-0.0059697587761387,9.17154518889184e-07,-0.0001135017276364,2.8038830104795007,0.8071945963725811,1.3117560213206936,0.7190832868377643,0.5719649101383846,-0.9873748029665275
8.782802484000001,-0.0059759585382337,8.983159216072022e-08,-0.0001103623233406,2.810320636090826,0.8197098868428984,1.312560806751513,0.7241381869693255,0.5588300898606664,-0.9865700175357079
8.78361892,-0.0059821567896105,5.738099802596474e-07,-3.4643641033101384e-05,2.8106380248699008,0.8203269175622911,1.3126004844029833,0.7243874044103458,0.5581825149902091,-0.9865303398842378
8.800520928000001,-0.0059885938946272,7.004354238739158e-07,-0.0001111410247939,2.8144353685583123,0.8301446493086226,1.313842686018404,0.7291866040902233,0.5488136645717474,-0.985288138268817
8.833028672000001,-0.0059950320586863,1.118057121950297e-07,-3.881389967125101e-05,2.814143721083953,0.8402088462893123,1.3176773953249938,0.7368914823005126,0.542332308935769,-0.9814534289622272
8.833870176000001,-0.0060012305612378,3.5736566868225374e-07,-3.801005603770357e-05,2.814225466554141,0.8405158771619742,1.3177828671746612,0.7370662024981509,0.5420669353666234,-0.9813479571125598
8.850155628000001,-0.006007190708828,3.642324315878938e-07,-3.846864015245666e-05,2.81580746964737,0.8464577818222623,1.3198240419582588,0.7404475261663301,0.5369312158425497,-0.9793067823289623
8.866839109,-0.0060136279783547,4.908579503401389e-07,-4.471486599580345e-05,2.817699855016276,0.854516761889605,1.321699528178967,0.7452021904094477,0.5301546791131062,-0.9774312961082541
8.883971005000001,-0.0060200660087464,1.406467239429419e-07,-0.0001138544414379,2.819671607286166,0.862793089970044,1.3235279153791284,0.7500662292046867,0.523174239291198,-0.9756029089080926
8.916119134,-0.0060269799265104,2.678215090190201e-07,3.23731706729836e-05,2.822529021193574,0.868635035086468,1.3260689094574687,0.7525240059946785,0.5171532368636829,-0.9730619148297524
8.932869422000001,-0.0060324629595052,3.933480657637257e-07,-3.837247323877072e-05,2.8239370062445572,0.8760329569171402,1.3278988626006472,0.7571077632565053,0.5111782189824394,-0.9712319616865739
8.949563724,-0.0060386619555868,6.389082476648836e-07,-0.000116612512145,2.825299545915942,0.8832031542753772,1.3297432716853965,0.7615518230786256,0.5053886959615355,-0.9693875526018245
8.950669161,-0.0060451000888033,-1.8814002443367e-07,-3.730757054979014e-05,2.8253852622579476,0.8836554856063079,1.3298676773629179,0.7618323355675121,0.5050236429957797,-0.9692631469243032
8.966587704,-0.0060512973553126,1.130302826003238e-06,-4.159376891994927e-05,2.826619596983508,0.8901691591504979,1.331659147276679,0.7658717788975027,0.4997667976643285,-0.967471677010542
8.984146303000001,-0.0060572590048019,3.027053627188297e-07,-0.0001167540005247,2.828206350240235,0.8974273763489055,1.333595444881011,0.7702322837662972,0.4937513591860285,-0.96553537940621
9.016252993,-0.0060636965651649,-4.75060783583051e-08,-0.0001145903090443,2.831112500656301,0.9083078369807596,1.3361196009124239,0.7764177839113033,0.48434021038483177,-0.9630112233747972
9.016975740000001,-0.0060696567979418,4.361978161206667e-07,-0.000113468711961,2.8311729449808216,0.9084888428309749,1.3361508593577431,0.776512632276789,0.484174619256617,-0.9629799649294779
9.049528831,-0.0060758553599858,3.241299802813752e-07,-4.346149477678674e-05,2.8346312034537204,0.919838239147045,1.3388731098665367,0.7826805932670413,0.4740393044796929,-0.9602577144206843
9.066215348,-0.0060820547012477,3.312717735068168e-07,-0.0001143405255835,2.8361097055200357,0.9266177700037259,1.3405139360841405,0.786755917140513,0.4684232789880216,-0.9586168882030806
9.082999361,-0.0060887301193712,1.005440257544948e-07,-3.740125418722841e-05,2.83652758887566,0.9328576929686131,1.3416537834062225,0.7911345173647479,0.4639579542313039,-0.9574770408809985
9.084915143,-0.0060954054926846,7.042811697000295e-07,-4.345070164235884e-05,2.8365752874451737,0.9335699381329556,1.3417838892982044,0.7916343050790917,0.46344826749589263,-0.9573469349890167
9.099567151,-0.0061016053759573,-3.8324285156143105e-09,-0.0001117074211146,2.8378460062467785,0.9399823303329687,1.3429533080187106,0.7955739455122621,0.45823168496928846,-0.9561775162685104
9.132927411,-0.0061075647230209,7.182896077571453e-07,-3.626172992511111e-05,2.8427194064581145,0.9587830340864287,1.3458826252079632,0.8063607409018301,0.4420804764550996,-0.9532481990792578
9.134788548000001,-0.0061137630647329,1.083058763949227e-06,-0.0001122971859923,2.842979004333892,0.9600433532902559,1.3460314029459681,0.8071285014942424,0.4410478394301087,-0.9530994213412529
9.150172773000001,-0.0061194862329347,4.936051420505941e-07,-4.590042998886135e-05,2.8449245390763847,0.9687736012771355,1.3471782774394292,0.8123487445820998,0.4337848237031303,-0.9519525468477918
9.167543033000001,-0.0061256853678322,-9.529952481011545e-08,-3.809668033311179e-05,2.8462797075873474,0.9715411163174902,1.3481248205994785,0.8135120592991731,0.43093134861812654,-0.9510060036877426
9.183581815,-0.0061318831477025,1.1039342869318896e-06,-0.0001140799522727,2.8475181667250546,0.9775391133761085,1.3490907217634183,0.8171639161748314,0.42601467381591807,-0.9500401025238028
9.216175483,-0.0061385596953727,1.579514160884035e-07,-4.075128465453019e-05,2.8503590100987135,0.9917893113171753,1.3510599831106882,0.8259076676685453,0.41440927239031344,-0.9480708411765328
9.217245503000001,-0.0061452352221844,4.04060810643411e-07,3.081276133605086e-05,2.8504666955773112,0.9920063682991561,1.3511159589537831,0.8259979754013473,0.41418442931365007,-0.9480148653334379
9.249516265,-0.0061516720290236,7.691046644013887e-07,-4.0001819841959e-05,2.8513965214894244,1.0032080233185658,1.3552409214711574,0.8337386739695105,0.40603438409429415,-0.9438899028160637
9.266196630000001,-0.0061571558067232,6.562130149483243e-07,-4.578927196048334e-05,2.8518841000083675,1.0096535896857108,1.359539399236744,0.8382243515573191,0.4013801650208477,-0.9395914250504771
9.282782355,-0.0061635938261031,-5.162603597737889e-08,-0.0001103661199837,2.8535349057311796,1.0146372354466218,1.3655631818375848,0.8408447449707639,0.3968309427836414,-0.9335676424496362
9.283491176,-0.0061695530865021,9.089145070450646e-07,-4.307317101754859e-05,2.853605455903888,1.0148502205752126,1.3658206190980549,0.8409567322296696,0.39663652353121837,-0.9333102051891662
9.316149798000001,-0.0061759912270598,3.202847846321807e-07,-0.0001182025411048,2.855651932030865,1.032494247193423,1.379612712697205,0.8527619966847249,0.38336491959693,-0.919518111590016
9.317258862000001,-0.0061824290892708,-1.4913579174583017e-07,-0.0001090956022501,2.8557130193285207,1.0330614829572256,1.3800493711902702,0.8531446542903389,0.3829417633296517,-0.9190814530969509
9.349579509,-0.0061883885648533,9.306141227254202e-07,-0.0001164596783721,2.857433960566287,1.0392294769386334,1.3875019756663196,0.8566022237442017,0.3775518651886616,-0.9116288486209014
9.350015821000001,-0.0061945879979283,1.0329104572099975e-07,-0.0001135887858683,2.857441396168501,1.0393971524052912,1.3877022716575196,0.8567224079268851,0.3774347066954489,-0.9114285526297015
9.367452318,-0.0062007862294743,7.064786979287665e-07,-0.000114534306471,2.8577385478757473,1.0460980287766497,1.3957067740540943,0.8615253726420495,0.3727526587219403,-0.9034240502331268
9.38467674,-0.006206985563395,4.752019414685376e-07,-0.0001182886518228,2.8580412269887505,1.0533042692111292,1.4036796334926418,0.866701803298656,0.3677301014547387,-0.8954511907945792
9.400083607000001,-0.0062136620750742,-1.1315312631443593e-07,-0.0001104078857551,2.858324789368288,1.0605732675225887,1.4109033550132128,0.871937793783137,0.3626800373243029,-0.8882274692740082
9.416906885000001,-0.0062193831648528,4.89485034155563e-07,-3.953531352254935e-05,2.858909308994065,1.0678891861331667,1.4190689497655358,0.877008474682281,0.3573741421567953,-0.8800618745216853
9.449567641,-0.0062258203873767,6.161105314398159e-07,-0.0001143046570713,2.859713418964982,1.0785803774171532,1.4313619639211197,0.8844519023138424,0.3496576954998285,-0.8677688603661013
9.466211326,-0.0062327349286676,3.856577818053048e-07,-4.924910037769045e-05,2.859504702247796,1.082044752580009,1.434440484406613,0.8871762378230597,0.3475074736577235,-0.8646903398806081
9.467029816,-0.0062396492077721,3.599563925399386e-08,-0.0001118874181606,2.8595479502798935,1.0823693623046304,1.434679845845217,0.8873897017955052,0.3472591291428522,-0.864450978442004
9.499495139,-0.0062458470038027,9.968109120443243e-07,-0.0001173480683961,2.861511682309281,1.0965514617950738,1.444371229285185,0.8966664620395655,0.33635363012564534,-0.8547595950020361
9.516258092000001,-0.0062527623764628,2.89521449462361e-07,-4.079363537210986e-05,2.8619115674191393,1.1043084394002396,1.4475783602399535,0.9021891960612232,0.33089194370164066,-0.8515524640472676
9.517188716,-0.0062587213945063,1.0116433354591649e-06,-0.0001108599992214,2.861933767724806,1.1047390812762157,1.447756409599016,0.9024958000841636,0.33058872884047386,-0.851374414688205
9.549526667,-0.0062668278927516,1.020982451595863e-06,3.30260984848584e-05,2.8611115979195785,1.1181237433071547,1.4532608158748417,0.913031818688246,0.32229310030216984,-0.8458700084123794
9.566267006,-0.0062720727933099,1.265443735893462e-06,-5.174572440271507e-05,2.860881852451906,1.125135057312981,1.4558160313625024,0.9184171753688142,0.31779763141769557,-0.8433147929247187
9.582846008,-0.0062785111578702,3.191862962920408e-07,-4.016101651852779e-05,2.861138842639306,1.1316564339385426,1.4580901344801207,0.9231129149051664,0.31326503533425987,-0.8410406898071003
9.599554507,-0.0062847094165882,1.04158323407664e-06,-0.0001142289425836,2.8630471055461455,1.1352545347780185,1.4592965151741009,0.9245279276422849,0.30944593387888464,-0.8398343091131202
9.600547169,-0.0062916241818817,4.535027672535934e-07,-0.0001150089981538,2.8631604765960303,1.135468300118371,1.4593681869785193,0.9246119944021804,0.30921903875868884,-0.8397626373087017
9.616713574,-0.006297822594098,8.182719556476638e-07,-3.976497536205933e-05,2.865430682289672,1.1419129257053173,1.4608586604395928,0.9279104040156236,0.3032350996823516,-0.8382721638476283
9.633890405,-0.0063040210026437,1.0638318691989005e-06,-0.0001188336070565,2.8686757558891056,1.1545838715622687,1.463077520882985,0.9352065180782256,0.29237922149765216,-0.8360533034042361
9.650345151,-0.0063097438653269,4.743781077583089e-07,-0.0001186339265677,2.8684138767902896,1.1601140405368555,1.4641167456220519,0.9395079088914837,0.2888936244725362,-0.8350140786651692
9.682822537,-0.0063159423950503,8.391473498223638e-07,-0.0001157287369197,2.8686617601073956,1.1703401525300372,1.467101435362368,0.9469744950945667,0.2819018505125226,-0.8320293889248531
9.699508192000001,-0.0063226180592,9.66047533938517e-07,-4.569003919030219e-05,2.869411170674378,1.1765480206727283,1.4689993243045674,0.9511084996476127,0.2772104488637246,-0.8301314999826537
9.716183448,-0.0063295329618315,2.587578566766159e-07,-3.995010144207809e-05,2.870116656798691,1.1843466971995158,1.470599613828405,0.9564589364328444,0.27149294132561863,-0.8285312104588161
9.732833695,-0.0063359694345021,1.219847923638817e-06,-0.0001118818625477,2.87070041530716,1.1916293477560918,1.472413892600943,0.9615052965349025,0.26620975830344706,-0.8267169316862781
9.733779789,-0.0063424066423436,8.696363215517289e-07,-4.29836073422127e-05,2.870722278824479,1.1919959046840292,1.472537258267761,0.9617642991594568,0.265949451493543,-0.8265935660194601
9.766226887,-0.0063486055444195,1.1151964605168991e-06,-0.0001177639845179,2.871218938348641,1.2047652608421946,1.4765393560902824,0.9709632755813327,0.2570791662576113,-0.8225914681969386
9.782798195,-0.0063555203567158,5.271160151618464e-07,-4.003064990072826e-05,2.8712491899294315,1.2114614944862487,1.478381371565633,0.9759404315993732,0.25259939191664404,-0.820749452721588
9.783799623,-0.0063614799152923,1.249238148040578e-06,-0.0001171976479756,2.871251018076012,1.2118661575258654,1.478492687212741,0.9762412083031091,0.25232867270372905,-0.82063813707448
9.816185175000001,-0.0063686336047299,3.038047689348608e-07,-4.257822704833268e-05,2.8732183722422047,1.22084308605752,1.4805775700443808,0.9816310215337611,0.244885176104928,-0.8185532542428402
9.832897671000001,-0.0063748311150726,1.1454106380743944e-06,-3.9576070720795365e-05,2.875660107987482,1.229497116734886,1.4826696339239636,0.9864640997669174,0.2373025858346609,-0.8164611903632575
9.833527552000001,-0.0063810302484922,1.271761609536699e-06,-0.0001197362265728,2.875752135112154,1.2298232804328213,1.4827484821874748,0.9866462547335106,0.23701680389388846,-0.8163823420997462
9.849839424,-0.006386514235512,3.24405143523756e-07,-0.0001123527740902,2.875316694875301,1.2390229333821934,1.484609857741562,0.9938016499645642,0.2312182228884896,-0.814520966545659
9.867049549,-0.0063929507118533,1.404704485328793e-06,-4.454151731637769e-05,2.873976064075183,1.2475229671298114,1.48631404155023,1.00103745039134,0.22656085701959494,-0.812816782736991
9.883637829000001,-0.0063996283024057,-1.811500185617321e-08,-0.0001150878465278,2.8737650207161365,1.249161284468518,1.4871425335891733,1.002400576764877,0.22562784603816244,-0.8119882906980478
9.916146956,-0.0064058257965882,1.0619094062350332e-06,-4.47523972911909e-05,2.873897977671596,1.2635487693029592,1.4894127497105236,1.0130492272702216,0.21595191508407385,-0.8097180745766974
9.932854172,-0.0064120253075086,4.730049111182741e-07,-4.189332721579838e-05,2.875182529627934,1.2713918944251708,1.4911720769563583,1.0180473931208058,0.20977267374380792,-0.8079587473308627
9.933726114,-0.0064187005633148,1.0767420013938244e-06,-4.615765476424873e-05,2.875273972106617,1.271754461450982,1.4912738531934462,1.0182571044665647,0.20946309705448307,-0.8078569710937749
9.950759021000001,-0.006425138763365,1.3048448665442568e-07,-4.118721809449007e-05,2.8764517381626855,1.2782325602659241,1.4929572968519214,1.022307652612729,0.20427214754070544,-0.8061735274352997
9.967057168,-0.0064313361473815,1.448927390761319e-06,-0.00011690168253,2.8754366880031523,1.2823035043342033,1.4934955565800543,1.0260213786268735,0.20231993046125618,-0.8056352677071668
9.983844276000001,-0.0064382521163966,2.64801107891934e-07,-0.0001191873823473,2.875206817818972,1.288773012053878,1.4945713044025943,1.0310024769373296,0.19818519587992256,-0.8045595198846267
10.000286357,-0.0064439733560029,3.906022441285708e-07,-0.0001108713041879,2.8758278259740737,1.297471167493121,1.4961657907684867,1.0370804113501269,0.19193201489360323,-0.8029650335187344
10.016983164,-0.0064504102840199,8.748554263993687e-07,-4.238951800148568e-05,2.8753768283659875,1.3007632288869189,1.4968981615149364,1.039837420696371,0.19007730021803804,-0.8022326627722847
10.033733983000001,-0.0064570860348341,7.633371037658389e-07,-4.43067485498227e-05,2.875083012719399,1.304201663053801,1.4976351068599687,1.0425990410521895,0.18800785339231574,-0.8014957174272523
10.050191844,-0.0064630468676365,8.894134528002244e-07,-0.0001174984804892,2.876533017858632,1.312180646374985,1.498971358435866,1.0475884655000662,0.18161470601231056,-0.8001594658513551
10.067059135000001,-0.0064694839271282,3.007832366234844e-07,-4.102087441109803e-05,2.8777829986906016,1.3201714100305217,1.5002647377458285,1.0527198231272243,0.1753629922647737,-0.7988660865413926
10.099548404,-0.0064756820088465,1.3808079130646123e-06,-0.0001179228617557,2.8789247729626997,1.3342530771132173,1.502648666982668,1.0624687500545522,0.16513775778912887,-0.7964821573045531
10.100871847,-0.0064825973506641,4.350998900629825e-07,-4.873459018994324e-05,2.878910419283479,1.3347468021404334,1.5027570866122932,1.0628467633685346,0.16481983269565736,-0.7963737376749278
10.116535714000001,-0.0064890347068554,3.233069020655454e-07,-0.0001110153535985,2.8787405335216634,1.340590380716074,1.5040403082233862,1.0673208134594292,0.1610569684241323,-0.7950905160638349
10.149479961,-0.0064954711016805,1.0459783871400854e-06,-0.000114392368015,2.878661351579997,1.351706910419652,1.5048406506671776,1.075669607859979,0.15371659142511085,-0.7942901736200434
10.166248935,-0.0065016707411199,8.14701770221816e-07,-4.94524380387432e-05,2.8790970731379666,1.3587477902416438,1.5058956123526475,1.080634075804304,0.14870481529547552,-0.7932352119345736
10.167347719,-0.0065078691746449,3.4500605618403546e-07,-0.0001124256790614,2.8791256237145464,1.3592091426233892,1.5059647385270098,1.0809593716718826,0.14837641956757786,-0.7931660857602112
10.183143709000001,-0.006515498318132,1.0690512223000076e-06,3.490259532141622e-05,2.879331448598647,1.3653484912231706,1.506978690483554,1.085404066828346,0.14413629573935482,-0.792152133803667
10.216179589000001,-0.0065209818681585,1.1945780151926438e-06,-5.290937056029088e-05,2.8787824712524452,1.3791906537592031,1.5087674304199927,1.0960996663117653,0.13533226305592727,-0.7903633938672283
10.217696391,-0.00652789745748,-1.0875771426352645e-07,-0.000109825146994,2.878707032456069,1.379976471530947,1.5088199364455104,1.0967363237207866,0.13486549981195228,-0.7903108878417107
10.233965041000001,-0.0065338563095356,1.3286197349183132e-06,-4.114388200799709e-05,2.8778979041883943,1.3884048585533035,1.509383096404445,1.1035648725737492,0.12985917212442732,-0.789747727882776
10.250061784000001,-0.0065400558872897,6.20505997160709e-07,-4.367789480084707e-05,2.877510617395873,1.393165289986573,1.5098142695180883,1.1073752953686797,0.1269795234280764,-0.7893165547691328
10.267071406000001,-0.0065467317357802,6.281969923060024e-07,-0.0001101026429102,2.877390179222685,1.3986410590050733,1.5105634736614038,1.1115419413760466,0.12342458141071244,-0.7885673506258173
10.299507384,-0.006552691227523,1.469528367825579e-06,-0.0001162935217628,2.8778053934190964,1.4109056464605325,1.5127111217570102,1.120418429230252,0.11495106551377443,-0.7864197025302109
10.316228136000001,-0.0065591296354155,4.040616748493177e-07,-4.063156217307111e-05,2.877906860156348,1.4175991474062917,1.5137336761552396,1.125346143104003,0.11041996339750204,-0.7853971481319815
10.316742647,-0.0065650887511353,1.2453928786249432e-06,-0.0001101112246526,2.8778988607138896,1.417722188671546,1.5137411526821865,1.1254432914865427,0.11034403358909328,-0.7853896716050346
10.333657719000001,-0.0065729572469409,1.0160389621900123e-06,-3.337189033863818e-05,2.8776358709135925,1.4217672953082516,1.5139869511036244,1.128637143290197,0.10784776397351203,-0.7851438731835967
10.3507134,-0.0065779638505526,1.3794348989025264e-06,-0.0001224474466144,2.8779952085012117,1.4278693539240135,1.5143626893655382,1.1329518272310741,0.10351789730785077,-0.7847681349216828
10.366654816,-0.0065844021842702,1.947588988814386e-07,-0.0001107171684292,2.8793926889064134,1.437012237893669,1.5149312933748273,1.138844814072384,0.09638922387910842,-0.7841995309123937
10.383969971,-0.0065908384255972,1.2750581333465057e-06,-4.219136426338156e-05,2.878830073524965,1.4446050039245033,1.516235496636055,1.144885666528785,0.09175513997110363,-0.7828953276511661
10.416266803000001,-0.0065972761629599,5.672189536128407e-07,-4.409232517537932e-05,2.8784180730279463,1.4559035673879221,1.5196021531746915,1.1535918430424594,0.08454197345013714,-0.7795286711125295
10.432857367,-0.0066034750415343,8.12779081844015e-07,-0.0001159454816656,2.8792919422717396,1.4612993517290873,1.5221330318493278,1.1570369592812408,0.08029823568574912,-0.7769977924378932
10.449533414000001,-0.0066101511250391,8.204701843292765e-07,-0.0001170073114288,2.87707511964008,1.4651844054693173,1.5280116636010348,1.161411891261516,0.07936661596039007,-0.7711191606861862
10.466238456000001,-0.0066161116104685,3.505000088735288e-07,-3.922434477936818e-05,2.8753526356655703,1.4692543998281022,1.5328085556450262,1.1655957960097767,0.07794297760024893,-0.7663222686421949
10.467166125,-0.0066225477577897,1.4307992004026083e-06,-0.000116539976399,2.8752811278118022,1.4694890518829178,1.5330220146114026,1.1658185106961323,0.07784015188137872,-0.7661088096758184
10.483696133,-0.0066292254695198,1.2718904173046332e-07,-0.0001186702833271,2.8740069390711542,1.4736702849987406,1.536825610960821,1.1697870334636076,0.07600791435319687,-0.7623052133264001
10.49969018,-0.0066356618261612,3.730234166996661e-07,-0.0001099631824789,2.8740409151457995,1.4778021915365631,1.5384013636621283,1.1728479939594525,0.07323224743264811,-0.7607294606250927
10.532936472000001,-0.0066418598337047,1.3338387860959683e-06,-4.651018366465641e-05,2.872573532453297,1.4883013734827788,1.5419045148651627,1.1816600963437218,0.06733878621913814,-0.7572263094220584
10.53454619,-0.0066485367030538,1.4943751584276933e-07,-0.0001140781636247,2.8723283813183236,1.4889527548304415,1.54218446839357,1.182309391215039,0.06708816118219474,-0.7569463558936511
10.566221478000001,-0.0066547343455861,1.4678805380236291e-06,-0.000114793062585,2.871265547289889,1.5027100964748767,1.5456560827345989,1.1932837274215258,0.058724070668534356,-0.7534747415526222
10.567528028,-0.0066616496639022,5.22172504288001e-07,-4.143320489846648e-05,2.87138313148465,1.5033178962179945,1.545711846915638,1.1936590513823528,0.058231751163516865,-0.7534189773715831
10.583606276000001,-0.0066678478447748,1.006150860184939e-06,-0.0001114284598502,2.8727088429022536,1.51087458294262,1.5466481274572255,1.1984160559537091,0.05221245448325673,-0.7524826968299956
10.600525476000001,-0.0066745232577498,1.3714694759127962e-06,-0.0001187729290689,2.873657322571128,1.5191107191105695,1.5485542219988133,1.203931218672937,0.046022419520534985,-0.7505766022884077
10.632867294,-0.0066807234788617,1.865189393357638e-07,-0.0001124722366105,2.8693178932425063,1.5275964017124648,1.5520010471129888,1.2131523921985536,0.04361256165570593,-0.7471297771742322
10.633774644,-0.0066869213343848,7.897064197995811e-07,-4.023806294936479e-05,2.86912563583839,1.5277512817833956,1.5520954927138,1.2133959485623027,0.04365294783510443,-0.7470353315734211
10.666145918,-0.0066928817515026,1.1542011253076932e-06,-0.0001202334626316,2.8704323561327056,1.544360776753606,1.5556757887620378,1.2249215604730592,0.03162202471276476,-0.7434550355251832
10.682872351,-0.0066997970896495,8.92838274632277e-08,-3.991771690873081e-05,2.8711793259471885,1.550706027586015,1.556729875704919,1.2291597161672798,0.02684099884570701,-0.742400948582302
10.699540823000001,-0.0067064717814213,6.930206601228516e-07,-3.964072257143013e-05,2.8723510195856337,1.5577328687211867,1.5578148334590827,1.233623823918747,0.021289323035232677,-0.7413159908281384
10.700632294,-0.0067124318658484,9.383059405121716e-07,-4.387240493539552e-05,2.8725038803621037,1.558369918409554,1.5579103758412254,1.2339974955797706,0.02075120760878546,-0.7412204484459957
10.732866256000001,-0.0067188700174179,7.07304042627794e-07,-0.0001186639188482,2.873881630320601,1.5746402993936166,1.5606640412496189,1.2452227528280848,0.008892999817392777,-0.7384667830376022
10.750253478000001,-0.0067255457645615,4.765764451514284e-07,-3.841019562464819e-05,2.868784487805991,1.5786810164938296,1.5620228695295708,1.2516310743606507,0.010007303022741443,-0.7371079547576502
10.766190486000001,-0.0067317439527752,1.1989733507340362e-06,-4.057671075091014e-05,2.8694545390370014,1.583049300553382,1.562805157320387,1.2544450504357003,0.006599603956484401,-0.7363256669668341
10.767208256,-0.0067379438757096,2.524412243007157e-07,-0.0001147659739019,2.8695387648489747,1.583333422937914,1.5628515230343698,1.2546010234102338,0.0063476278702983,-0.7362793012528512
10.783477919000001,-0.0067441423980919,3.787919166791009e-07,-3.774449556216031e-05,2.8707187088728925,1.5889543867873919,1.5637685419830873,1.2580104556948215,0.0017255856816622561,-0.7353622823041337
10.816209329000001,-0.0067505782832268,1.33988171529138e-06,-0.0001103965268514,2.8682664151499235,1.6029673723866078,1.5664455935390666,1.2701004376557408,-0.0057717369132506136,-0.7326852307481544
10.833049329000001,-0.0067572548257485,9.899452079280737e-07,-4.5915784896850175e-05,2.861426999330069,1.6041013433975089,1.567411376366751,1.275499206204563,-0.0014223924607286165,-0.7317194479204701
10.833803576000001,-0.0067636926174553,5.205245993480722e-07,-0.0001112152453305,2.86112066863744,1.6041521328412773,1.5674546328275838,1.2757410117260384,-0.0012275896100590877,-0.7316761914596372
10.866177095000001,-0.006770129126117,1.1239868632497617e-06,-0.0001088599729787,2.8603975117834506,1.6083660731262386,1.568821806458856,1.279367161288163,-0.0034928242367131546,-0.7303090178283651
10.867366873,-0.0067765660666237,1.250612231726052e-06,-4.061112469200371e-05,2.860366399445884,1.6086580132791086,1.5688903383366508,1.2796057407965156,-0.0036639290250768397,-0.7302404859505702
10.883831426,-0.0067825273547724,8.998516960690336e-07,-0.0001176062679849,2.859713237153925,1.6150560285888083,1.5701620894085941,1.2848152403809443,-0.007435180138782638,-0.7289687348786269
10.916206277,-0.006789203376592,4.30705677714961e-07,-4.536146093448131e-05,2.8518181964381086,1.6207059218456557,1.5724025664849242,1.2942868227219335,-0.0053039622531509956,-0.7267282578022969
10.932866354000002,-0.0067958793660912,4.383967372642349e-07,-4.166616675214455e-05,2.850315878531737,1.6271733438973135,1.5733900444197841,1.3001133408815826,-0.008487701127706249,-0.7257407798674369
10.934028689,-0.0068020777511354,6.839566400814753e-07,-0.000110780928224,2.8504225450789646,1.6278877032164647,1.5734546659633608,1.3005754556412101,-0.009042801963672353,-0.7256761583238602
10.950174025,-0.0068085143303015,1.2874189361851555e-06,-3.91179214931337e-05,2.8519041895661017,1.6378104632060047,1.5743522871602487,1.3069944295727827,-0.016753392723274807,-0.7247785371269724
10.982872031000001,-0.0068147133080301,9.369327438721368e-07,-0.0001123474024049,2.8517455504181073,1.6429388707549148,1.5753574036489626,1.310927272882784,-0.020048612574206093,-0.7237734206382584
10.999538710000001,-0.0068213894892113,1.0638331641362216e-06,-4.524348497449677e-05,2.849311347781223,1.6488770560877717,1.5762717954890135,1.3169791183411457,-0.022184626168000765,-0.7228590287982075
11.000289612000001,-0.0068280655506926,3.562686175644731e-07,-3.987779192770927e-05,2.849201677004673,1.649144595604361,1.5763129925782167,1.3172517787108795,-0.02228086230956272,-0.7228178317090044
11.017056642,-0.0068340254852921,1.078390922187156e-06,-0.0001091538753301,2.8485980067873395,1.656103961242551,1.5773055701205259,1.3228472617951912,-0.02646269885233865,-0.7218252541666952
11.033287781,-0.0068399857070572,1.2044669921376214e-06,-4.6753700556660017e-05,2.849433044528826,1.6635989390266428,1.5783223331588863,1.327884819920654,-0.03207473842332531,-0.7208084911283348
11.050540707000001,-0.0068473777712868,3.785175425046486e-07,-4.025898368150381e-05,2.847174480773438,1.6688273366976487,1.5792273860058899,1.333290052083406,-0.033869374238772565,-0.7199034382813312
11.067071908,-0.0068540525100615,9.822543966322663e-07,-3.644396173145345e-05,2.845013530221477,1.6735639499325927,1.5799945193963687,1.3382632993253758,-0.03540951192602826,-0.7191363048908523
11.083479383,-0.0068600126055004,1.5851675015500916e-06,-0.0001173536870236,2.8456658490137214,1.679664805186469,1.5805360202491983,1.3423820688343,-0.03995722479821184,-0.7185948040380228
11.116153484,-0.0068662127054345,2.8100763646024165e-07,-0.0001134795422731,2.8463769177390215,1.6977879546817765,1.5818670494606772,1.3554337790979973,-0.05255115292067769,-0.7172637748265438
11.132850211000001,-0.0068724111051612,1.0034046386488208e-06,-4.185639315912085e-05,2.8481485599414795,1.703401996442017,1.5824324460751953,1.3584441948870245,-0.05761016248347106,-0.7166983782120258
11.149537108,-0.0068790871468116,4.150493561859093e-07,-0.0001132223004862,2.849124771722526,1.7086541564654045,1.5830150653684623,1.3617140045699156,-0.06183467653722863,-0.7161157589187588
11.150381848,-0.0068852855391971,8.990278086888203e-07,-0.0001116082512677,2.8489827491172024,1.7088508774141826,1.5830491743226132,1.3619553484434759,-0.06185963023046526,-0.7160816499646079
11.183001957,-0.006891484092422,1.263797061486872e-06,-4.552196067922801e-05,2.843219466421456,1.7164117951546516,1.584471442684186,1.3714341408401638,-0.06259134001563327,-0.7146593816030351
11.183484627,-0.0068981607847715,4.37023529890205e-07,-0.0001123197047079,2.843123516368048,1.716522311069855,1.5844965091357759,1.371580484109765,-0.06259329646770784,-0.7146343151514452
11.216286402000001,-0.0069050738278339,1.1602442812885773e-06,-3.762095098840298e-05,2.8380586160588988,1.7219003269173432,1.585604069747192,1.3789653490534448,-0.0623931980892376,-0.713526754540029
11.216941119000001,-0.0069110342177796,1.4055297012198567e-06,-4.123102798131702e-05,2.8379832739093067,1.7219699469443857,1.5856156345536103,1.3790674551843667,-0.062383312458317075,-0.7135151897336107
11.249486666000001,-0.0069172337051986,8.166251953691015e-07,-4.153669804927195e-05,2.8322537292862857,1.7279274043742872,1.5865252650006942,1.3873271537472416,-0.062072892957132364,-0.7126055592865268
11.250205696,-0.0069236712765734,8.240415788204704e-07,-0.0001111456911833,2.8321019400755514,1.7280907371036618,1.5865496137049515,1.3875500814478143,-0.06206833386756738,-0.7125812105822695
11.282792131,-0.006929869191589,1.0696012669577722e-06,-0.0001124832873107,2.8334988438170243,1.7464582455491957,1.5878232498712368,1.4003276421663347,-0.07533674178427807,-0.7113075744159842
11.283890324000001,-0.0069363066726286,1.196226882315991e-06,-0.0001184704389215,2.8336123549093197,1.7471652694719542,1.5878675384636045,1.4007797267184483,-0.07589206795254944,-0.7112632858236165
11.316200802000001,-0.0069429835963218,2.502441832164553e-07,-0.0001190519929324,2.8238347087120568,1.7418365790933934,1.5884898596151507,1.4033112815031474,-0.06504824313464086,-0.7106409646720704
11.316863886,-0.0069491824712256,3.7659503660479393e-07,-0.0001150033106608,2.823632526055558,1.741937335954483,1.588513205726903,1.403521053101254,-0.06496442399438518,-0.7106176185603181
11.349512499000001,-0.0069558575316791,7.419134913226993e-07,-3.953178198731311e-05,2.8150721298073664,1.7480956433916053,1.5896811421606154,1.4138149358514038,-0.06267507641432157,-0.7094496821266056
11.366165692000001,-0.0069625331994994,9.880229502816873e-07,-3.93360572607335e-05,2.8133282188189677,1.7534883516785051,1.5903115367547418,1.4190002233077799,-0.06496315906095029,-0.7088192875324792
11.366825229000002,-0.0069682549524667,9.946150478234209e-07,-4.194857196313264e-05,2.813259152555125,1.7537019257748012,1.590336503051561,1.4192055826603753,-0.06505377682803593,-0.70879432123566
11.383593332,-0.0069749307502837,8.830967466578849e-07,-0.0001131639763756,2.821538080664685,1.7728828661798912,1.5908012515891539,1.4280093291624387,-0.08399957248285839,-0.7083295726980672
11.416221245000001,-0.0069808909088857,1.2475913340920304e-06,-0.0001179338523309,2.8388891083561067,1.8071414562218557,1.5914956532858042,1.4420266449091623,-0.11975183133273415,-0.7076351710014168
11.432918051000001,-0.0069873296531395,4.205433410773959e-07,-0.0001179970030649,2.8414104173173,1.8143997201846973,1.59184663940594,1.4457651185874132,-0.12646474494673976,-0.707284184881281
11.434928904000001,-0.0069935276548196,4.2768452246501386e-07,-0.0001105516122301,2.840546192222239,1.8140422382663142,1.5919067257616213,1.4460735876305335,-0.1255818377113287,-0.7072240985255998
11.466287719,-0.0070004417481054,9.124872072075774e-07,-0.0001129677913765,2.823565146528731,1.8070216510819563,1.5928102305060516,1.4521372884979908,-0.10823605756029009,-0.7063205937811694
11.482823608,-0.0070066405921666,8.004195001762478e-07,-0.0001155307524319,2.8145003126010986,1.8047737765330376,1.593235726244088,1.4564935394355962,-0.09997486927458654,-0.7058950980431331
11.484450650000001,-0.0070128396749127,8.075611753277244e-07,-4.563662730531241e-05,2.814719370604524,1.8055887496471326,1.5932690122846545,1.4569559298071406,-0.10068081738164913,-0.7058618120025666
11.516297224,-0.007019753883513,4.578990005744212e-07,-4.174355075204312e-05,2.816005936321669,1.8197958862451618,1.5940186062308008,1.466702115446357,-0.11109762337703621,-0.7051122180564202
11.559765009000001,-0.0070257135397658,1.299230451231976e-06,-0.0001169090224077,2.812266755146496,1.8282457762282265,1.594960884347116,1.4754970357614556,-0.11393161230392579,-0.7041699399401051
11.559801168,-0.0070323904237973,5.916662803501188e-07,-0.0001194024678879,2.812263294318678,1.828257839607102,1.5949618233056224,1.475508342091182,-0.11393705926153519,-0.7041690009815986
11.566210395,-0.0070388276786416,2.414546997310236e-07,-0.0001110408868388,2.8116498583526566,1.830396088275618,1.595128254850005,1.4775124028715516,-0.114902539163658,-0.7040025694372161
11.582888476,-0.0070450252940019,1.4406884363350502e-06,-0.000116816972493,2.810053576191077,1.8359602357916363,1.5955613427681223,1.4827273668639214,-0.11741490953398115,-0.7035694815190987
11.583771850000002,-0.0070519406284783,2.5656186364774896e-07,-4.5553433535272e-05,2.809969027245775,1.8362549473503473,1.5955842817745092,1.483003583510297,-0.11754798015904333,-0.7035465425127119
11.600011184000001,-0.0070583772619884,1.0984427309050928e-06,-0.0001160650597995,2.8096994871685843,1.8423990006966091,1.5957596154683662,1.4877682057921864,-0.12143647831203852,-0.7033712088188548
11.616761933000001,-0.0070643382806095,3.90054252645603e-07,-4.241521717783671e-05,2.8095141666145427,1.8488812595953223,1.5959623065503026,1.4927291666397495,-0.12561294710835957,-0.7031685177369185
11.633636088000001,-0.0070707746519333,1.112725726986147e-06,-0.0001123472682184,2.809323631549266,1.85614039584482,1.5964810657424708,1.4982733695790058,-0.13030263542083986,-0.7026497585447502
11.666216420000001,-0.0070774505239252,1.1204167328654365e-06,-4.786381300836063e-05,2.80489278966403,1.8625914345121581,1.5973102958274144,1.5060369675289815,-0.13128995835209745,-0.7018205284598067
11.666937034,-0.0070834117070564,4.120283297439249e-07,-4.896385121238376e-05,2.8047624472520813,1.8626739041558065,1.5973272646567427,1.5061852728174911,-0.1312475799628392,-0.7018035596304784
11.699610825,-0.0070898490940903,5.386539021661561e-07,-4.4932060223574645e-05,2.81295230697075,1.8883682553018428,1.5979676255698063,1.5199091601914785,-0.15446241139391859,-0.7011631987174147
11.701159266000001,-0.0070962860544278,5.460700065336076e-07,-4.113757468407492e-05,2.813434829141813,1.8897329218171395,1.5979971089952434,1.520606408948904,-0.15573086971558592,-0.7011337152919777
11.732853961,-0.007102484128805,1.3876761332890674e-06,-4.686859386373792e-05,2.818784157314437,1.9044133770408345,1.5984329853634787,1.5280015378177059,-0.16949470444603598,-0.7006978389237424
11.734054780000001,-0.0071089223993595,4.414186507516579e-07,-5.004160487103488e-05,2.8186920827383184,1.9048308129304428,1.5984804735383706,1.528374350941453,-0.16970384751731205,-0.7006503507488504
11.766260448,-0.0071155985695289,2.106912464872389e-07,-0.0001118944153614,2.814835642616393,1.9143703071694798,1.5995402554991918,1.538060476317931,-0.17317559865207954,-0.6995905687880293
11.767162638,-0.0071222736409942,9.33637525733648e-07,-4.097994685651912e-05,2.81464259969127,1.9145360421131778,1.5995568373361913,1.538312656364476,-0.1731418515540244,-0.6995739869510298
11.783819578000001,-0.0071287107893432,9.410537159730744e-07,-0.000115638793592,2.811198747327157,1.9176115644253071,1.5998541381691291,1.5429001928404764,-0.17261891209330482,-0.6992766861180919
11.800218767,-0.0071351481528756,1.067679277661309e-06,-4.577374505026458e-05,2.809806280528382,1.9208985866376715,1.5999998602438064,1.5462801094235163,-0.17376766911807628,-0.6991309640434147
11.893056008,-0.0071411088894796,3.592906705938573e-07,-4.256638191242845e-05,2.7918327903245137,1.9394957733939524,1.6012870247174646,1.5721225446363238,-0.1727331413860238,-0.6978437995697564
11.893073221,-0.0071477838272775,1.3206554351219549e-06,-0.0001125841159926,2.7918345134295652,1.9395032376343584,1.6012875818101993,1.5721269681335037,-0.17273939571640762,-0.6978432424770218
11.893082108000002,-0.0071537440490426,1.4467315050724212e-06,-0.0001193185020816,2.7918354030615062,1.9395070913905021,1.6012878694348514,1.5721292519666208,-0.1727426248010615,-0.6978429548523697
11.893090484,-0.0071604209962372,5.007488167068823e-07,-4.959736569974052e-05,2.79183624153986,1.9395107235567504,1.6012881405211665,1.5721314044799757,-0.17274566821425408,-0.6978426837660545
11.899482077,-0.0071670972295698,3.160289495878097e-08,-4.022993491593732e-05,2.792476071098122,1.9422823721206708,1.6014950021967156,1.573773953344892,-0.17506804864214898,-0.6976358220905055
11.916190686,-0.0071735332593838,1.1119020328178775e-06,-4.20089301819183e-05,2.7940847613910313,1.9494286152511466,1.6020274423747818,1.5780362918565407,-0.18102532534803473,-0.6971033819124393
11.917214327,-0.0071802090807023,1.0003837423863375e-06,-0.0001163919943989,2.794005290388803,1.9495899464592683,1.6020368679568033,1.5782095888566734,-0.1810734039155486,-0.6970939563304177
11.934164276,-0.0071866462562233,1.1270092182025969e-06,-4.651131528097489e-05,2.7926893706134654,1.952261347614333,1.6021929413600429,1.581079125456032,-0.18186951238262328,-0.6969378829271782
11.950385846000001,-0.0071928455321293,5.381046157458688e-07,-0.0001147072014426,2.7962207546587026,1.9651445279598094,1.602402726538517,1.5883430505895888,-0.193080328621555,-0.696728097748704
11.982936172,-0.0071992823969832,1.2607763155003477e-06,-0.0001127112615004,2.811810207539609,2.000803157057867,1.6029595066397295,1.6045777459911914,-0.2284498569686515,-0.6961713176474915
11.999490537000002,-0.0072057200550225,1.0297741922020335e-06,-0.0001152475292501,2.8156694885490183,2.0103318243293224,1.6031967454026246,1.609119994274928,-0.2376725209226609,-0.6959340788845965
12.016151265000001,-0.0072123957316618,7.990465625236789e-07,-0.0001152316282211,2.8118994620040723,2.0162801275424678,1.603309472727645,1.6160685518356492,-0.23881836519238364,-0.6958213515595761
12.017073412,-0.0072188332832058,9.256722100838866e-07,-4.809274123577443e-05,2.8116907965322913,2.016609357451454,1.6033157120207049,1.6164531443641952,-0.23888178600183396,-0.6958151122665162
12.032867919000001,-0.0072247935769531,3.3649267391332897e-07,-4.365931840256856e-05,2.8097834151902084,2.0182400504778686,1.6034857625114194,1.61893971025091,-0.23854377206491817,-0.6956450617758017
12.051506546,-0.0072309920273532,1.1780989724127391e-06,-0.0001171906826521,2.804302526064283,2.0170111296965016,1.6037572076295232,1.621670817472587,-0.23363546836187954,-0.6953736166576978
12.082879909,-0.0072379069138244,7.092278341025117e-07,-4.895660047202133e-05,2.7846231021652597,2.0086085295112186,1.6045275944782746,1.6284992591575296,-0.21335602559274713,-0.6946032298089464
12.099485802,-0.0072438671245778,4.776760795244727e-07,-0.0001134717924586,2.783241239897342,2.0110306508280287,1.6049394948492202,1.631226655336213,-0.21393699468430416,-0.6941913294380009
12.100384234000002,-0.0072503039820904,9.619292295932785e-07,-4.2836560731852966e-05,2.783165375163019,2.0111617090814025,1.604960285228497,1.6313749596818063,-0.21396761403716003,-0.6941705390587241
12.116511515000001,-0.0072567414631301,1.0885548449514962e-06,-0.0001222457650286,2.7814287522536283,2.0135189394138906,1.604824881093398,1.634290067236209,-0.21424063769197454,-0.694305943193823
12.149553608000002,-0.0072631795728451,2.6150656211894575e-07,-4.296768979251987e-05,2.7737683234457955,2.0221417677053797,1.604820831122992,1.6458241393834276,-0.21426337460316836,-0.6943099931642291
12.150000129,-0.0072693773688757,1.2223218349092786e-06,-4.500906359403712e-05,2.7736346025336944,2.0222862185661343,1.6048227888416706,1.6460209490881468,-0.21425973130324172,-0.6943080354455504
12.182903097,-0.007276053484701,7.531758594911929e-07,-0.000117246071631,2.7673610213505206,2.031459410425995,1.605266344216485,1.657042624698536,-0.21568378765712426,-0.6938644800707361
12.184133672000002,-0.0072827291723521,8.80076054341342e-07,-4.773282869063901e-05,2.7674166187521316,2.031665638372438,1.6052811035382115,1.6571595221576905,-0.21586255012802713,-0.6938497207490095
12.216175969,-0.0072886898927958,4.101059862255641e-07,-4.376074688619793e-05,2.7644730710346144,2.036856992025462,1.6056365391440233,1.6629930532060118,-0.21712133582239357,-0.6934942851431978
12.233168710000001,-0.0072951265968102,1.2519868856848994e-06,-0.0001190967214757,2.7578629409583746,2.0394048307654247,1.605791833970918,1.6692943497536177,-0.21388421307390315,-0.693338990316303
12.233721644000001,-0.0073018029131367,4.252131823442802e-07,-4.621311086009095e-05,2.7576478511348097,2.03948773596982,1.6057968871750958,1.6694993903121276,-0.21377887896507275,-0.6933339371121252
12.266295614,-0.0073082399153286,1.0286756716599045e-06,-4.632899750392612e-05,2.77788998001425,2.069110922207601,1.6060332300398663,1.6781329813691688,-0.24860326768777563,-0.6930975942473547
12.267047417,-0.0073151546372898,5.598044582116997e-07,-0.0001156015521888,2.777869167979973,2.069458375609315,1.6060401663952666,1.6784061333628446,-0.24881901057985756,-0.6930906578919545
12.299456002000001,-0.0073211143295337,1.043508105808742e-06,-0.0001137864200014,2.777843220468148,2.0849009007522947,1.606388510645779,1.689947914815943,-0.2590786176363613,-0.6927423136414421
12.300157950000001,-0.0073273131772655,1.0506496736202482e-06,-4.408490307374386e-05,2.777929578687295,2.085281724923102,1.6064009774677972,1.690174635401232,-0.25939655248391924,-0.6927298468194238
12.316812216,-0.0073339890889191,8.199221512818609e-07,-0.0001165861626139,2.7799784950642352,2.0943170766013735,1.6066967625830184,1.6955537588335607,-0.2669398057190624,-0.6924340617042026
12.349786960000001,-0.0073401877559806,1.065482182907064e-06,-4.915872590085035e-05,2.7916909117025486,2.1245213039958264,1.6074515749656229,1.7102985836986053,-0.2957853633615217,-0.6916792493215982
12.350734927000001,-0.0073468646091695,1.194994516055385e-07,-4.456997705039355e-05,2.791732046383965,2.1248756097319847,1.6074565944355133,1.7105356160351386,-0.29605189720201386,-0.6916742298517078
12.382891221000001,-0.0073530619425126,1.3187330594016015e-06,-4.097507261010478e-05,2.792615019154781,2.1375018193884903,1.607665861265251,1.7193706237399846,-0.3051151995835606,-0.69146496302197
12.383371868000001,-0.0073594990005264,1.4453584815478755e-06,-5.093457443910135e-05,2.7926056191877646,2.1377173480851748,1.607670709296487,1.7195377262444567,-0.30525164639178115,-0.691460114990734
12.416233396,-0.0073656989073006,7.372448940662286e-07,-5.052604638284963e-05,2.7925567447760007,2.1510192494063793,1.6080047239070954,1.7294972550786643,-0.3140692851271667,-0.6911261003801257
12.432850060000002,-0.0073723747557911,7.449358892115212e-07,-4.6328741201166233e-05,2.7936524321877116,2.159533044026814,1.6082165562153623,1.7351216443302995,-0.3205539960142625,-0.6909142680718587
12.433414396000002,-0.00737857372103,7.520775106930117e-07,-4.2452254301016943e-05,2.7937279421285957,2.159976765249433,1.6082260109845032,1.7354025248952543,-0.32090570097983084,-0.6909048133027178
12.466836433000001,-0.0073845334529356,9.973626300723785e-07,-4.3666421766036245e-05,2.7928605705300455,2.17686322403472,1.60870041091537,1.7485819660953459,-0.33149848878335586,-0.6904304133718511
12.466869796000001,-0.0073909705381215,1.2431973377954846e-06,-5.1787786717238295e-05,2.7928515104082052,2.1768656662751718,1.608700753190064,1.7485898193677651,-0.331493352981715,-0.6904300710971571
12.483777585,-0.0073966933538018,6.537435548869001e-07,-4.9894555775030246e-05,2.7888926608497777,2.1784795691992227,1.6088609539226892,1.752429368977082,-0.3296131850976902,-0.6902698703645318
12.516154289000001,-0.0074036075770844,7.80918479504938e-07,-4.6375305074136975e-05,2.7901756352844798,2.187717370295723,1.6089813748801092,1.7584694092921223,-0.33671958400932533,-0.6901494494071119
12.517357202000001,-0.0074102830223799,6.694000173294494e-07,-4.3591083737725816e-05,2.789813174289936,2.1879288859388257,1.6089943671906894,1.7588685240905093,-0.33658987580776767,-0.6901364570965316
12.533654487000002,-0.0074164813949346,1.272587733941196e-06,-4.410909894312812e-05,2.78490248654322,2.190794538498566,1.6091703893870868,1.7642758042654048,-0.33483256540574,-0.6899604349001343
12.566199502,-0.0074229190764753,1.0415856213768805e-06,-0.000122315308727,2.750091824055342,2.1555419412121837,1.6087740660529697,1.761138291945257,-0.28538882106207497,-0.6903567582342514
12.56706383,-0.0074298342574534,2.15086798080108e-07,-4.443506804917476e-05,2.749399907179362,2.1549158186192687,1.6087707381373066,1.7611315856301974,-0.28445569004771354,-0.6903600861499144
12.599565763000001,-0.0074360316106273,1.2951111417673322e-06,-0.0001131464475047,2.7353133587424865,2.1240405811470633,1.608928723382089,1.7474662843531408,-0.2533917128902923,-0.690202100905132
12.600426894,-0.0074422308307114,1.1830436064799557e-06,-0.0001228966758246,2.7354110639578986,2.1229332271648715,1.6089440833745154,1.7465748484580155,-0.25272754333673175,-0.6901867409127056
12.617229082000001,-0.0074489073820523,3.562700104793043e-07,-4.568198618913172e-05,2.7336969125931505,2.108940802959463,1.609113331200085,1.7372735120682086,-0.2421345554952854,-0.6900174930871361
12.633476351,-0.0074553434045251,1.1981505986527303e-06,-4.081299021321778e-05,2.726429511678219,2.1072080204654395,1.6090748594143962,1.7408177469263737,-0.23555762228138466,-0.6900559648728248
12.649511707,-0.0074617806307196,1.4439853707798166e-06,-5.1533414245085685e-05,2.725551127351933,2.108530026290551,1.6090708013087252,1.7423890156455197,-0.2357820616685844,-0.6900600229784959
12.667524041,-0.0074682189049447,6.169371630852444e-07,-0.000122927530066,2.7254421106286713,2.110446474617856,1.6091710972987503,1.7438917949904174,-0.236976345168316,-0.6899597269884707
12.699606304000001,-0.0074746563823137,6.243535036006275e-07,-4.709809073902718e-05,2.7208590723752373,2.1156734994940214,1.609476977772033,1.750843237088096,-0.23703534899115475,-0.689653846515188
12.716551724,-0.0074810930444737,8.701880181117891e-07,-4.3740984568808885e-05,2.716630970670781,2.119023231034299,1.6095063176752626,1.7561574295576061,-0.2361096579994304,-0.6896245066119584
12.717546050000001,-0.0074870532067463,1.3538918803887702e-06,-5.1142129666708834e-05,2.7167080636716157,2.1190924126120705,1.6095105144412543,1.7561577434343252,-0.23621324044467107,-0.6896203098459668
12.749476494000001,-0.0074934914971317,2.884251337425252e-07,-0.0001188910243096,2.7167331349875683,2.1229909574757797,1.609684534882553,1.7590504770902562,-0.23882692990998278,-0.689446289404668
12.750591409,-0.0075011202844267,8.932608640057089e-07,-3.2701382583976094e-05,2.716545193789746,2.123256290345512,1.609693635433647,1.7593735896289482,-0.23886328528014067,-0.689437188853574
12.767021216000002,-0.0075070803328627,1.496173947455541e-06,-5.814471702098862e-05,2.7139865725381993,2.127136807360736,1.6098283725317,1.763972646525909,-0.23953680638064645,-0.6893024517555211
12.799681862,-0.0075128032748692,4.298831295795937e-07,-4.709113478840472e-05,2.717102861899749,2.1364019633484577,1.610067969131629,1.7688127963067357,-0.24802958713613998,-0.689062855155592
12.816186432,-0.0066659325070031,7.798878371278399e-06,5.367884249372827e-05,2.720958044928054,2.1456777638487843,1.6100999810969254,1.7731690618840008,-0.2570808777249969,-0.6890308431902956
12.817608482,-0.0048907006844043,-1.975713082322544e-05,-0.0001242642009672,2.7212902112932125,2.146476975951947,1.6101027392793714,1.7735444020148952,-0.25786074583315655,-0.6890280850078496
12.833724652,-0.0021903246821841,2.255059686911732e-05,3.57086827210525e-05,2.720779874293544,2.151788488022505,1.6101795795321108,1.777847993111563,-0.2610153786171101,-0.6889512447551103
12.85019662,0.0014269258783653,-7.246769272177514e-06,0.0001010874736057,2.7206856743461847,2.1597335175481716,1.6102815572814464,1.78383994394156,-0.2662335098002724,-0.6888492670057746
12.867221973000001,0.0059454445905826,3.7600220581042056e-06,0.0001590934031663,2.7249851514165493,2.180419081807596,1.610452774915097,1.796415399741785,-0.28321102384756314,-0.6886780493721241
12.883413105,0.0113146294686926,4.488450195272031e-06,0.0002899720972542,2.7206718396613314,2.1858705171483788,1.6109640024739011,1.803354778380641,-0.28362069405520574,-0.6881668218133199
12.916299712,0.0173633063801912,5.864562558315571e-06,0.0002546603465948,2.7025925972087026,2.1741185602134365,1.6134096548069436,1.806618523605429,-0.26230601679822296,-0.6857211694802774
12.916943960000001,0.0238590189845956,7.679330642216045e-06,0.0003711533995993,2.7023468854741237,2.1739153072126345,1.6134757332774115,1.8066303916518687,-0.2619873552405818,-0.6856550910098096
12.933686844,0.0305130420204273,1.014617834531823e-05,0.0004847364478056,2.699405262977369,2.174253604579796,1.6177765486229294,1.808840882762104,-0.26001724938717796,-0.6813542756642916
12.966194317000001,0.0372242861162955,1.3143149826383726e-05,0.0005986404957171,2.6983190927212717,2.1780410244139627,1.6269651459667758,1.8123903586656598,-0.2617276691121422,-0.6721656783204453
12.966710361,0.0439562730678303,1.659306136088899e-05,0.0007102895645483,2.6982969015594396,2.178035165947239,1.6270728067233824,1.8124007576356904,-0.2617072086449408,-0.6720580175638386
12.983385146000002,0.0506966056620865,2.0867823683571577e-05,0.0007384406831375,2.7006640902241594,2.1753778908749655,1.6327462075773038,1.8088420094967965,-0.26170504808407236,-0.6663846167099172
13.016219663000001,0.0574390839687884,2.5259323217683863e-05,0.0007690083491987,2.7215513644619875,2.14966307834833,1.645038653399899,1.7757483086250572,-0.26017639803318193,-0.654092170887322
13.017437284000001,0.0641820404021252,3.0484737722396387e-05,0.0007982287038652,2.722861831738383,2.1479017897886505,1.645349084417254,1.7735616038653756,-0.25998201653471265,-0.653781739869967
13.049643673,0.0709257123446802,3.582853735558406e-05,0.0008237076525926,2.800956638229666,2.0506630443632083,1.6601860744695554,1.6490118197085348,-0.2535381295626098,-0.6389447498176657
13.066189442,0.0776686693471999,4.16499979661608e-05,0.0009940116721093,2.851593915461195,1.9933676814571752,1.6690778041838499,1.5725476343589158,-0.2531905453629246,-0.6300530201033712
13.066987694000002,0.0844121037624923,4.782853678072033e-05,0.0010890438174254,2.854032074147836,1.9906764319157444,1.6695014676753246,1.5689162920090345,-0.25321873425175667,-0.6296293566118965
13.176516571,0.0911555388409734,5.460312165820815e-05,0.0011117256408023,2.915841416451456,1.9010729048456128,1.7146739737390133,1.4609046042443818,-0.239703477478574,-0.5844568505482077
13.176541618000002,0.0978992123934008,6.185426892676738e-05,0.0011304759157323,2.9158892096762616,1.9010254081294875,1.7146883310825736,1.4608373457126012,-0.23970752967338038,-0.5844424932046475
13.176555996000001,0.1046424100349545,6.958280221753391e-05,0.0012223352358917,2.9159166449374188,1.9009981430764118,1.7146965727836037,1.4607987365709931,-0.2397098557985422,-0.5844342515036174
13.176569892000002,0.1113858467181595,7.766868836691312e-05,0.0013778734564097,2.915943160474285,1.9009717920416664,1.7147045381944768,1.4607614217405702,-0.23971210394398934,-0.5844262860927443
13.176584701000001,0.1181290451205781,8.587405840282908e-05,0.001328782011038,2.915971418144509,1.9009437096817412,1.7147130269516442,1.4607216552377125,-0.23971449979789927,-0.5844177973355769
13.184152947000001,0.1248724826638023,9.503282761790193e-05,0.0014125873104341,2.930412703825301,1.8865920175904691,1.7190512673784157,1.44039869783406,-0.2409389181766599,-0.5800795569088053
13.184190438000002,0.1316161589703312,0.0001044297405455,0.0014969196040314,2.9304842419652433,1.8865209232724196,1.719072757823076,1.4402980235171798,-0.24094498360706984,-0.580058066464145
13.200306638,0.138360312834312,0.0001140645223379,0.0015778876921401,2.954007949420506,1.8506051768310035,1.7241840263473813,1.3978366456878606,-0.2345938382205528,-0.5749467979398397
13.216820305,0.1451032747538282,0.0001242967238098,0.0015265856159937,2.969911526793725,1.8234878467228484,1.729568003721714,1.3670135546142195,-0.22841238029166355,-0.569562820565507
13.343219970000002,0.1518464754564798,0.0001348862782585,0.0016063776751981,2.854981271691482,1.793897014193063,1.7954273313504796,1.4214311407914375,-0.12294528958410034,-0.5037034929367414
13.343244086,0.158589438603219,0.0001457145255357,0.0017478643784116,2.854973206560925,1.7938800823765209,1.7954424984690922,1.421423873220625,-0.1229280004211124,-0.5036883258181288
13.343254065,0.1653335939669062,0.0001570182364675,0.0018202924489679,2.854969869277054,1.7938730761318171,1.795448774496486,1.4214208659603358,-0.12292084630942535,-0.503682049790735
13.343263533,0.1720770343038935,0.0001685611898699,0.0017684979251128,2.854966702887266,1.7938664286596397,1.7954547291439829,1.4214180126944358,-0.12291405854216775,-0.5036760951432382
13.343272991000001,0.1788202370306243,0.000180581254672,0.0018425482512423,2.8549635398417847,1.7938597882084504,1.7954606775022448,1.4214151624421238,-0.1229072779440763,-0.5036701467849762
13.34328277,0.1855636781953102,0.0001927202540622,0.0018514916676987,2.854960269444052,1.7938529223835227,1.795466827744943,1.4214122154536115,-0.12290026721572778,-0.503663996542278
13.349487407000002,0.1923071203250329,0.0002055745086506,0.0019242076260303,2.852885248401218,1.789496653707123,1.7993690696312337,1.4195423929804387,-0.11845205937121284,-0.4997617546559874
13.350099203000001,0.1990508002728544,0.0002180708610175,0.0019935819927896,2.852640354590661,1.789674632407094,1.799682558451,1.4198382237284055,-0.11838776656718597,-0.49944826583622115
13.383827223,0.205794242210895,0.0002310443249666,0.0020617674434507,2.835543931506348,1.8520870393599922,1.8109896450093013,1.4777954584426105,-0.1471724008051707,-0.4881411792779198
13.383867159000001,0.2125381614713732,0.0002442556578878,0.0020701751055786,2.8355291882893314,1.8520641582482935,1.8110160747482222,1.4777881961265675,-0.14714616787765067,-0.4881147495389988
13.416487899000002,0.219281365453977,0.000257467814848,0.0021374557118614,2.833270999511424,1.850744911351478,1.8326969747242368,1.4783067760444757,-0.14458279045710443,-0.4664338495629843
13.417607072000001,0.2260248082233868,0.0002709181155101,0.0022032293356272,2.833934121784713,1.8520144555283593,1.833447811959319,1.478812824102399,-0.1459227116971249,-0.4656830123279021
13.433576402000002,0.2327684901409434,0.0002850833968016,0.0022100189519504,2.8433961248999733,1.8701294117596199,1.8441614081444637,1.4860335562258848,-0.1650418688389692,-0.4549694161427573
13.450164702,0.2395116955130875,0.0002997260644051,0.002217146917875,2.8439316196578326,1.8868435824940717,1.8495042148284364,1.4981506350079647,-0.17656691373107147,-0.44962660945878463
13.482809076,0.2462553783560191,0.0003143681823667,0.0022817967495677,2.832920260426648,1.8551857880990184,1.86768832002861,1.481854393113351,-0.1472770096993079,-0.43144250425861097
13.499514920000001,0.2529985839793379,0.0003292492684019,0.0022887478164677,2.833284579050994,1.8318144404231809,1.879316892020693,1.4641702287786063,-0.13199228032562704,-0.41981393226652797
13.516289775,0.2597420291576688,0.0003446069163343,0.002407995527223,2.8384815616794183,1.814054416710046,1.8909331516162382,1.4474569513248445,-0.12404914319444016,-0.40819767267098284
13.517254184,0.2664859510150797,0.0003597255964401,0.0023567518644989,2.8380996050021974,1.81272588270016,1.8912666042886555,1.446719728509178,-0.12287978608954964,-0.4078642199985656
13.549659282,0.2732286804109942,0.0003754416964615,0.0023635058146411,2.8286367210335093,1.786812373611899,1.905257421097752,1.4336796471631672,-0.09856903939674622,-0.39387340318946906
13.566276397000001,0.2799728412248697,0.0003913945665575,0.0024243073864549,2.8306627201354795,1.811732788864582,1.9181172005290863,1.4509287944083131,-0.11666872690903807,-0.38101362375813475
13.582923097,0.2867160481782363,0.0004073485354436,0.0024291943984539,2.8334599137377716,1.8207767957603156,1.9252846575305789,1.4558163031020783,-0.12477616864778307,-0.3738461667566422
13.584877413000001,0.2934594942422806,0.0004229446015179,0.0024342045440286,2.8338066047003156,1.8214589605100668,1.925989846564235,1.4560946246878368,-0.125488966279804,-0.37314097772298593
13.616321479000002,0.3002017474379631,0.0004393765062401,0.0025502660504188,2.8441368871165045,1.8582859956087066,1.9463208539636438,1.4767019319654617,-0.15771138294460751,-0.3528099703235772
13.616840138,0.3069454327999817,0.000456164389968,0.0026088386132239,2.8443524791587556,1.8591393145425728,1.946741660918791,1.477195246249845,-0.15844026849694037,-0.35238916336842996
13.633671581000002,0.3136886408755539,0.000473072032527,0.0026126277349548,2.840154691986006,1.8825429754295384,1.959743890992102,1.497455187967771,-0.17088565003572942,-0.33938693329511915
13.650042847000002,0.3204318489981289,0.0004899796750645,0.0026710239885003,2.8307456912967295,1.8998690201439046,1.9716947841190438,1.5166482293811931,-0.17539655689773426,-0.3274360401681773
13.668034622,0.3271757728304232,0.0005073633304584,0.0026222268421925,2.8164898036266,1.8602843634664956,1.9781297114929215,1.496595944412706,-0.1384089745886099,-0.32100111279429955
13.683898921,0.3339194591538081,0.0005249856786594,0.0027331041883422,2.8206013128002625,1.8462481060560856,1.986728244612035,1.4833841754375936,-0.13213440764541318,-0.31240257967518614
13.700274225000001,0.3406626679630731,0.0005424893672491,0.0026836936953576,2.845179609187219,1.8571965941341249,1.9991686241379627,1.4751948644192314,-0.15776441407390518,-0.29996220014925834
13.732833988000001,0.3474063540242715,0.0005602309248431,0.002793540467792,2.8416445908025305,1.8515974544013105,2.0233551866072457,1.4733693216682582,-0.15139934420845735,-0.27577563767997537
13.733728593,0.3541500410762007,0.0005778532727114,0.0027435892089154,2.842597903403221,1.851792593408116,2.0237798287811097,1.472880399596582,-0.1522406761016124,-0.2753509955061113
13.766224064000001,0.3608922956812544,0.000595834897341,0.0028526632712537,2.8829384388284853,1.8341433763804404,2.0434931856394645,1.4328572959682666,-0.17059836756988123,-0.25563763864775657
13.767782495,0.3676359823314666,0.0006142917103049,0.0028567066611739,2.885439516387978,1.83084420145695,2.044863840088876,1.4287303880677737,-0.1702688598837221,-0.2542669841983449
13.783450891000001,0.374379431143749,0.0006329872162263,0.0029115720789483,2.901354604148804,1.8019755924257579,2.055741791661241,1.396592683849979,-0.1629302923504672,-0.24338903262598022
13.816211958,0.381122879795192,0.000651563512948,0.0029152057650988,2.8832659429197194,1.7861473881009464,2.0663418841886987,1.3968206600968278,-0.13889532315890296,-0.23278894009852236
13.832928993000001,0.3878672832883409,0.0006710923846166,0.0029179399845094,2.864585284215294,1.8125118652604495,2.0746224038685046,1.4289304110687335,-0.1425031698917043,-0.22450842041871644
13.834035643,0.3946102554142023,0.0006902652769144,0.0029209167699997,2.8648718103411115,1.8102711931586846,2.07487622578145,1.4270675135338289,-0.14122554652668295,-0.2242545985057709
13.867208615000001,0.4013541821217759,0.0007096754886388,0.0029751175206959,2.8660194333031495,1.7918440439127545,2.0828096390440347,1.4125517365819689,-0.12981637971754978,-0.21632118524318633
13.883089356000001,0.4080981086303262,0.0007294433282737,0.0029264281657063,2.8537445949392337,1.8502474256134651,2.087805301145595,1.464307719762993,-0.15953076774599007,-0.211325523141626
13.899541075,0.4148417969285945,0.0007493306517629,0.0029801730010181,2.869636663990409,1.8263056368825894,2.0901654611935667,1.435862144798921,-0.15545444939181463,-0.20896536309365432
13.900361980000001,0.4215847703521834,0.0007690995898338,0.0029831144905894,2.8706746564400487,1.8243877717408932,2.0902591182258217,1.4337399562054984,-0.15495250258069948,-0.20887170606139938
13.917033819,0.4283289377641467,0.0007898208278428,0.0030855844207664,2.8914329364804736,1.7939899833353028,2.0927278265556577,1.3972372872699301,-0.15021046812615735,-0.20640299773156334
13.949508920000001,0.4350711949624624,0.0008098290089318,0.0030873295587214,2.890784228608938,1.7991841778480502,2.098808808871997,1.4015454296196654,-0.15318374712976013,-0.2003220154152241
13.950236988,0.4418139301375854,0.0008301942679671,0.0030928884334927,2.8889276396288333,1.8008720660303292,2.098911126766165,1.4040408705393854,-0.1529217093975328,-0.20021969752105617
13.983650128,0.4485578577051782,0.0008506773627573,0.0031426260116251,2.844237075038939,1.8608089212047276,2.1019642208679006,1.4785180632268697,-0.15946548055426168,-0.19716660341932046
13.983677541,0.4553015475685087,0.0008716375689902,0.0031459349545698,2.8442188437842404,1.8608501208382824,2.101965978322937,1.4785609450825916,-0.15947929847388842,-0.19716484596428385
14.000435794000001,0.4620449985980302,0.0008923596315427,0.0031973204234865,2.840538606438867,1.8713145216771434,2.1032075464355806,1.4888200280593291,-0.16369819030836918,-0.19592327785164043
14.017106571000001,0.4687886878106617,0.0009130814195264,0.0031506378162702,2.8416180697620868,1.8753431216633225,2.1048093354036777,1.4911079873344402,-0.16718532398378994,-0.1943214888835434
14.033610139,0.4755314242996723,0.0009342811428738,0.003202213636926,2.8462661400128617,1.8789705581344653,2.107063263456043,1.4907212013414455,-0.17306862654306165,-0.19206756083117815
14.066663433,0.4822753529498089,0.0009554794928086,0.0032046639017519,2.8395830944958256,1.890488673451715,2.111043404793821,1.503765406676662,-0.175747952021041,-0.1880874194933999
14.082957372000001,0.4890188045720148,0.0009767976014562,0.0032061740933426,2.8422063965417648,1.8968107039309974,2.11218204098767,1.5067372948328033,-0.18191379858032164,-0.1869487832995511
14.099539429,0.4957728080944828,0.0009997726918707,0.00346222615521,2.8434173533220535,1.9027731097004157,2.113847138511467,1.5103808968260557,-0.1867862582669364,-0.18528368577575405
14.116231236,0.502431089985926,0.0010251226249924,0.003199731612939,2.8429925042194415,1.908243749439302,2.116093828549328,1.5147463392566094,-0.19011060907546984,-0.183036995737893
14.117155518,0.5091852104879828,0.0010467861941915,0.0033056479116708,2.8423846532487156,1.9089084937973806,2.1161982186121264,1.5156470297580906,-0.1900994518020167,-0.18293260567509462
14.133521564,0.5158873432869717,0.0010693441134251,0.0028959296386965,2.8304764709383394,1.9213880213795802,2.118007402095296,1.5328867170960583,-0.18951928363574666,-0.1811234221919249
14.150266592000001,0.5225371929528964,0.0010864784261495,0.003485467914753,2.8237863142083532,1.930858178218891,2.1221263392426026,1.5444072971215743,-0.1908301243997621,-0.1770044850446184
14.167384091,0.5292318978800851,0.0011123825710675,0.0032705671291273,2.8226959637323468,1.9370876303745548,2.1287099555918116,1.549782005244986,-0.19416290865746033,-0.1704208686954094
14.200141711,0.535959667069283,0.0011351492953339,0.0031890499206434,2.8044372386745273,1.948050208063306,2.1375768906036825,1.5701167137458718,-0.18783370803629573,-0.16155393368353854
14.200801909,0.5426581529287715,0.0011544925508286,0.0031995032975584,2.8051790202460514,1.9478746575775867,2.1379645578965327,1.569491952917299,-0.18827043653315645,-0.16116626639068832
14.217308213,0.5493987430289433,0.0011761715836394,0.0032028491740556,2.823877225897593,1.9434378250985598,2.147558431128785,1.5537347735024252,-0.19927133076597947,-0.15157239315843585
14.234229808,0.556140525794783,0.0011974916149875,0.003251051006652,2.8501620039593876,1.936657855886578,2.152781764201775,1.5311791163933455,-0.21437430638838073,-0.14634906008544624
14.34405514,0.56288397811102,0.0012191673511376,0.003203232432838,2.8463512416979255,1.9732814377675458,2.2004472904016152,1.5610472597062592,-0.235908063000839,-0.0986835338856058
14.344079697000002,0.5696298426148688,0.0012410787462816,0.0032434706297954,2.8463620937543017,1.9732891247229352,2.200454746606468,1.5610457729299263,-0.23592127836715582,-0.09867607768075315
14.344086650000001,0.5763620624516353,0.001262409776642,0.003199987020358,2.8463651663750604,1.9732913011858915,2.2004568577353654,1.5610453519682517,-0.23592502012885275,-0.09867396655185567
14.344093192,0.5831012233128533,0.0012825407363782,0.0031493341060847,2.8463680573695957,1.9732933489955649,2.200458844072953,1.5610449558901163,-0.23592854071061886,-0.09867198021426793
14.344099524,0.5898353752438174,0.0013030350931138,0.0031994794960449,2.846370855562411,1.9732953310699843,2.2004607666485576,1.561044572526198,-0.23593194828074138,-0.09867005763866343
14.344106488000001,0.5965709561449226,0.001323885430315,0.0031505268626337,2.846373933044213,1.973297510976216,2.200462881117369,1.5610441508985407,-0.2359356959620964,-0.09866794316985183
14.350148294,0.6033153834413535,0.0013435335003849,0.0031901839149849,2.8490438853722972,1.9751887474134793,2.2022973455557917,1.5606783564542464,-0.239187097985901,-0.09683347873142933
14.366919643000001,0.6100440315816933,0.0013651070673434,0.0031972382672029,2.8478079842870683,1.977920748307943,2.210328903135366,1.5635398550217103,-0.2400832599847731,-0.08880192115185492
14.38333895,0.6167810453556556,0.0013870286388668,0.0031502970375066,2.84125168398505,1.978759578393651,2.219836600807901,1.5685299150995518,-0.23574874617322905,-0.07929422347931991
14.400272828,0.6235209199634841,0.0014072779845365,0.0031488924883941,2.8394530823064392,1.9766010569778012,2.225193192085527,1.5681162439701153,-0.23296970696917807,-0.07393763220169403
14.432849133000001,0.630261031111515,0.0014266925914757,0.0031496517084283,2.840809019043325,1.9929514711634504,2.243696063261938,1.5794157482023568,-0.24486490821095064,-0.05543476102528322
14.449522164000001,0.6370011448454667,0.001448372173424,0.0031504394203458,2.803272197038751,2.0163891871799895,2.2490815115380443,1.621892487155804,-0.23245256813521564,-0.05004931274917679
14.449621875,0.6437429261277602,0.0014682616941717,0.0031501333797328,2.8030477127168023,2.0165293535421647,2.249113718545459,1.622146514040163,-0.2323783376703843,-0.05001710574176199
14.482860402,0.6504847082355597,0.0014895817258204,0.0031509742939209,2.7955838166452724,2.0339201026183993,2.2691337325555008,1.6400931279272826,-0.23838391407784076,-0.02999709173172027
14.49956895,0.6572279211451343,0.0015105424814591,0.0031998815564319,2.80144481221803,2.0291173586393283,2.2752840164232566,1.6326076762021793,-0.23956104249204957,-0.023846807863964425
14.516141119,0.6639713727203373,0.0015318605901282,0.0031508102381994,2.7993851544927564,2.0306899324406147,2.280749718269684,1.6351522280053363,-0.2390707013589357,-0.018381106017537174
14.516694244000002,0.6707138707442206,0.0015530605881732,0.0031996395146536,2.7992924579548832,2.0307616965282893,2.28093021557361,1.635267485774674,-0.23904929157097143,-0.018200608713610844
14.533459100000002,0.6774575610592269,0.0015746168405656,0.0031991207411348,2.7955302754254765,2.0339781187810324,2.2879427448731917,1.6401720629783456,-0.238382574280255,-0.011188079414029328
14.550162789000002,0.6842017279358058,0.0015959341251849,0.0031499757526473,2.790204254299119,2.0389072429035298,2.297482933160416,1.647395736419672,-0.23768881087211957,-0.0016478911268049679
14.583076447000002,0.6909458950907313,0.0016173706189503,0.0031981405196012,2.779561280601992,2.0448682969682497,2.316285647135116,1.6589286331984168,-0.23371397168404284,0.017154822847894824
14.583517959000002,0.6976898234750111,0.0016388073875528,0.0030999585260658,2.779417947781623,2.044933964591856,2.316537887889094,1.659073046182157,-0.23365071487166444,0.017407063601873052
14.616273656,0.7044325607557291,0.0016602455290849,0.0031975108569685,2.7662068800909125,2.0563702698607482,2.339062772713744,1.6764014298520338,-0.23140382655192626,0.03993194842652281
14.616877877,0.7111762507600683,0.0016812057352534,0.0031971339495275,2.7660747731225688,2.056472980803404,2.3392748998340966,1.6765660154364446,-0.23137360447009137,0.0401440755468756
14.649535658000001,0.7179189868223824,0.0017025246680689,0.0031974237435951,2.756832187821338,2.0629607353625414,2.3542035136242756,1.6875598431925556,-0.22879443919056852,0.05507268933705456
14.666141761,0.7246626772622369,0.0017238425018579,0.0031971326976266,2.7504063914350603,2.0670284105402916,2.36463800844159,1.6948726718236748,-0.22670652684531367,0.06550718415436885
14.666892933000002,0.7314066064418947,0.0017453984793703,0.0030985316725113,2.750172291473332,2.067148210302114,2.3650382085346724,1.6951178998746426,-0.22661156381023018,0.06590738424745135
14.683565042000001,0.7381495810089979,0.0017669555560164,0.0030981992723768,2.7463663520045913,2.068229784169193,2.372156463660854,1.6984583996247895,-0.22449117736221202,0.07302563937363304
14.716273098,0.7448892179088935,0.0017878012224037,0.0031023892213513,2.73297648924269,2.076235022287582,2.395894392387591,1.713345243573257,-0.21982704406988107,0.09676356810037001
14.717181119000001,0.7516279022673164,0.0018100784982568,0.0030970038779579,2.732714360587889,2.0763895779261237,2.3962856855051626,1.7136350660526491,-0.2197342981399868,0.09715486121794159
14.74957672,0.7583720667041315,0.0018297268541662,0.003037625813667,2.725057811565307,2.081069174989531,2.410001736500446,1.722223785170725,-0.2171352068522765,0.11087091221322476
14.750253139000002,0.7651150415011005,0.0018506878843415,0.0030396608618253,2.7249369809376476,2.081147670267866,2.4102825050951413,1.7223627931474808,-0.2170972815085106,0.11115168080792026
14.782956967,0.7718580159022156,0.0018715297054244,0.0030877950075772,2.7361295457381667,2.085825590882837,2.4347500493486063,1.7184037703700636,-0.22856386717041044,0.13561922506138524
14.783889955000001,0.7786014665593848,0.0018921325588738,0.0030870557750478,2.7362402580325957,2.085857686776721,2.4351381272476615,1.7183540298623252,-0.22866785390240985,0.1360073029604405
14.816165888,0.7853449177100841,0.0019127354120978,0.0030871622650382,2.7384109930938547,2.088614559824406,2.452976479384553,1.7189665390076008,-0.2321228896843066,0.15384565509733195
14.832903582,0.7920886075499131,0.0019336956183414,0.0030864593537308,2.7371701921919236,2.0916051104787985,2.4658384262764876,1.7220242505881311,-0.23318749288973528,0.1667076019892666
14.833899400000002,0.798832058273916,0.0019544176810335,0.0030362060073378,2.7369476159304686,2.0917061390238603,2.4662344097108466,1.7222477994863976,-0.23308863516791067,0.16710358542362558
14.850363273000001,0.8055767020991024,0.0019751383698835,0.0030853026604678,2.733267759469343,2.0933764453803145,2.4727812094005355,1.7259437365656107,-0.2314542190625697,0.17365038511331443
14.882932704000002,0.8123191995303012,0.0019957423218333,0.003086620157823,2.73256907397397,2.099468764015108,2.496492915799309,1.7309554011016408,-0.23498801678564263,0.19736209151208817
14.883857137000001,0.8190631264633553,0.0020162254169133,0.0030380462141119,2.731906445934438,2.0995691086379487,2.496837516339255,1.7314713502177503,-0.23456030020694518,0.19770669205203406
14.901280267,0.8258063392899361,0.0020368285447704,0.0030886427849652,2.719417650668149,2.1014603407862573,2.503332329922869,1.7411956336686463,-0.2264989679591891,0.20420150563564787
14.916726780000001,0.8325505057618421,0.0020575497832088,0.0030897987427788,2.7121509520528178,2.1041101357809686,2.5129339433056552,1.7480100486966736,-0.22283972348719105,0.21380311901843418
14.949492827,0.8392949101818438,0.0020782707471857,0.0030917028927422,2.7004442981285504,2.1092706181461347,2.534066199257781,1.7596535065309884,-0.217538194084812,0.23493537497056005
14.96636615,0.8460388381614505,0.0020991114696072,0.0030936392437801,2.698351171759996,2.111262094650108,2.544718677610298,1.762532956389443,-0.21730170904667956,0.2455878533230771
14.967159933000001,0.8527827660940546,0.0021199521920501,0.0030955630181806,2.6985966988217154,2.1113945994441163,2.545425606564854,1.7624684130086745,-0.21757314082534718,0.24629478227763313
14.983944296,0.8595262179152836,0.0021409126727874,0.0031950881574303,2.7036343122020967,2.114084846443702,2.559820069223738,1.7611229268027546,-0.22312333400744988,0.260689244936517
15.016215049000001,0.8662701457972142,0.0021618726045266,0.0031973141098774,2.70677291275854,2.117751968673386,2.577275780656759,1.7617705023793782,-0.2279065593599614,0.27814495636953795
15.032883601000002,0.873013835492364,0.0021829520201095,0.0031999879338312,2.704182858554558,2.12163778759521,2.591888501184193,1.7663944386459682,-0.2285601516451674,0.29275767689697174
15.049524411,0.8797570483351048,0.0022037935665056,0.0032503407495077,2.7059835439988404,2.1229588225169875,2.598930979454657,1.7661817199580359,-0.23078329178776125,0.2998001551674361
15.050568441000001,0.8865005000043136,0.0022251116751318,0.0032048192811324,2.706096517443306,2.123041703103292,2.5993728184389813,1.7661683741718777,-0.23092276967393843,0.3002419941517602
15.082893467000002,0.893244189997641,0.0022464295091248,0.0032560211416114,2.714539011182674,2.1241756356252703,2.620306631638387,1.761395052895424,-0.23797804482771,0.32117580735116613
15.083583352000002,0.8999881192279722,0.0022678662773408,0.0032582027348576,2.7147545063645784,2.124189607471542,2.6208052094028673,1.761262040316094,-0.2381481654897475,0.3216743851156463
15.11641312,0.9067313327302312,0.0022894230790747,0.0033561782744714,2.7198906324869823,2.1292111477946682,2.6471710473062835,1.7615907883111728,-0.24532365038749182,0.34804022301906246
15.132902080000001,0.913475261479522,0.00231121747533,0.0033595351134866,2.722219491279014,2.130306432995464,2.6539632037022116,1.760858029440283,-0.24779069262090347,0.3548323794149906
15.133564112,0.920219190906684,0.0023331310805488,0.0033628611770401,2.722312994995671,2.130350408713281,2.6542359088869585,1.7608286091602403,-0.24788974440487754,0.35510508459973744
15.166265997000002,0.9269619280713728,0.0023552844777729,0.00341313990656,2.7303674918485354,2.136313055714364,2.679387258683499,1.7599171418842878,-0.25786958940453575,0.38025643439627776
15.183249499,0.9337056194020892,0.0023774367760673,0.0034623866466452,2.7323924419453496,2.1375122809511025,2.686439456291197,1.7594642418252273,-0.2601790147875085,0.3873086320039758
15.18390031,0.9404483577433276,0.002400305428393,0.0034658508574977,2.7324700384149976,2.1375582354883673,2.686709697833681,1.7594468866095396,-0.26026751240377877,0.38757887354646003
15.200591165,0.9471918111472568,0.0024232924660512,0.0034231812778093,2.7272389572109823,2.1390282391192272,2.6979726520305576,1.764025878996179,-0.2573421150015709,0.39884182774333654
15.217149888000002,0.9539359804202672,0.0024461594701272,0.0035189319444773,2.716878545443859,2.1406617534752566,2.712136357809097,1.7721411209267632,-0.2506976173122206,0.4130055335218761
15.234246427,0.9606794341025434,0.0024692657169314,0.0035230789823068,2.714745388869925,2.141320156648021,2.7193383663041484,1.77405236464254,-0.24954392794079983,0.42020754201692734
15.266209903000002,0.967422172871956,0.0024927304154274,0.003525960931248,2.6939014351580712,2.1441578526103098,2.7430792497987344,1.7900444031712937,-0.2358772667387674,0.44394842551151337
15.284047504,0.9741663420597798,0.0025160742566349,0.003575103616981,2.6895369167195065,2.145587584930965,2.749073189749307,1.794016533609938,-0.23357176560285442,0.449942365462086
15.284165609,0.9809093201220184,0.0025401347264212,0.003668241341987,2.6895080186939153,2.145597051368505,2.7491128763796926,1.7940428335852234,-0.23355650058982658,0.44998205209247155
15.300258996,0.9876530132542892,0.0025640751629902,0.003670924490903,2.6891145462828807,2.148090542664679,2.7569753310898175,1.796165592451651,-0.2349225950877818,0.4578445068025965
15.316789575000001,0.9943962293659704,0.0025878969397224,0.0037185033390409,2.6905404732794844,2.150714087155578,2.7650627348854604,1.797174365442789,-0.23773304532710693,0.46593191059823935
15.333662667,1.0011399238121288,0.0026126718406034,0.0037654997344217,2.692320244599473,2.1515194454177893,2.7690883518971203,1.796590726512115,-0.23959732896447727,0.4699575276098993
15.350309599000001,1.0078821874440225,0.0026374483896806,0.0037681511986411,2.692047336589788,2.151905790826431,2.772336383256854,1.797060705034229,-0.2396508242472617,0.4732055589696329
15.366912286000002,1.0145276548832052,0.0026618596194457,0.0035020217102158,2.684644748929632,2.1527711158343332,2.7764141473295316,1.802633850090415,-0.23470237543795713,0.4772833230423106
15.383690948000002,1.0212649042653688,0.0026811583135668,0.0036694096100017,2.669990192484894,2.154332770705041,2.781427427286223,1.8135537657391332,-0.22480539444615477,0.4822966029990021
15.400597354,1.0279821354579204,0.0027072750049705,0.0041277258620911,2.670061235385269,2.156202383033249,2.7838346317988343,1.8149017394664553,-0.22610287823485153,0.48470380751161324
15.432978287000001,1.0346903126709517,0.00273840892084,0.0040798308342157,2.671765066260508,2.1593423360012527,2.787470059774071,1.8161109193653255,-0.22946445944982452,0.4883392354868499
15.449583879,1.0414487885957708,0.0027638820476453,0.0043634081112854,2.673398815554866,2.16214344304779,2.78999515616157,1.8171138721964701,-0.2325481946948602,0.4908643318743491
15.466322646000002,1.0481788997467216,0.0027946330657361,0.0045765640275389,2.6743413826786218,2.1636314147541,2.7918627047391533,1.8175969230228317,-0.2342420525639617,0.4927318804519323
15.466774076,1.054918070574885,0.0028253736462319,0.0045782469734996,2.6743652028957223,2.163668509832147,2.79191153107302,1.8176087510931551,-0.23428452072039052,0.492780706785799
15.483758541,1.0616591489360547,0.0028561120292329,0.0046979951553632,2.6762681618411155,2.167050150161898,2.7943457697835017,1.8188657532695196,-0.23795558181989085,0.49521494549628065
15.516300110000001,1.0684021355169209,0.0028874442607916,0.0047021193920978,2.6787822726009463,2.1713515073400416,2.797689563276192,1.8204023259242024,-0.24269492470298593,0.49855873898897096
15.532815500000002,1.0751444067618976,0.0029191349442352,0.0047820015345044,2.6734649098944745,2.173079420263245,2.798921887509442,1.825231223251038,-0.23987680834108227,0.4997910632222209
15.533725535,1.0818883478899628,0.0029510621230557,0.0048608288058182,2.6731513041044384,2.173176171080891,2.7989896626801647,1.8255121715181355,-0.23970716936126246,0.49985883839294365
15.566241264,1.0886313356091943,0.0029835864468261,0.0049019089961201,2.670264316482176,2.176204256387193,2.8028454218275183,1.8296936419604763,-0.2395682337892553,0.5037145975402972
15.566887486,1.0953748009923738,0.003016706267232,0.0049787722747893,2.670328421983818,2.17628789071715,2.802899016170029,1.8297133865336932,-0.23967174402216296,0.5037681918828079
15.584409004000001,1.102117789880814,0.0030501842646537,0.0050187884263303,2.6720665641407346,2.178555533133789,2.8043521611217663,1.8302487364521778,-0.24247829720216307,0.5052213368345453
15.600158234,1.108861256091692,0.0030839001310474,0.0050944265828449,2.6730533421536986,2.1797131103306713,2.8053045039481788,1.8304557911398012,-0.24398522924109,0.5061736796609577
15.617006860000002,1.115604722428896,0.0031180928344761,0.0051331395733835,2.6734360352825712,2.1811933505733365,2.806475260359992,1.8313057396934054,-0.2452561158068849,0.507344436072771
15.649715558,1.1223474732877246,0.0031519287342159,0.0052077770996943,2.670034028542663,2.183920707668041,2.81038010041261,1.835605592420603,-0.24453265668238133,0.5112492761253891
15.650873264000001,1.129091417410054,0.0031865977249517,0.0052457984598183,2.669834952605535,2.183998295942581,2.8105514873050836,1.8357960057540834,-0.24443573438606947,0.5114206630178626
15.682872529,1.1358346460826574,0.0032215059583513,0.0053185177081297,2.669818510114504,2.190350773381833,2.8136951976190874,1.840547702866294,-0.24865184806166285,0.5145643733318663
15.683916539,1.1425783530339162,0.0032568904788326,0.0053904046779826,2.6699935582852716,2.190619292967489,2.81387049417782,1.8406315778504239,-0.24896121777092217,0.514739669890599
15.716322009,1.1493213445516095,0.0032927526605168,0.0054271563048867,2.672857343770157,2.195662504251564,2.817453145859118,1.842489031230081,-0.2544553159045253,0.5183223215718971
15.716394066000001,1.156065528552108,0.0033288518871876,0.0054636860269379,2.6728589057199588,2.1956675622548723,2.8174576363713264,1.8424917662603004,-0.25445984830944424,0.5183268120841054
15.749612435000001,1.1628082825623696,0.0033656680173172,0.0054661195549261,2.6724066872181265,2.1992252236990564,2.824226804337295,1.8454478013461326,-0.2564904425811201,0.5250959800500739
15.766213529000002,1.1695519901819655,0.0034022446302249,0.0055704592383708,2.671925383890969,2.20072443551101,2.830911122873573,1.846887007984567,-0.25712917038051586,0.531780298586352
15.782959589,1.1762952217768514,0.0034391794199336,0.0055725618949781,2.6720783217156003,2.2021796966600298,2.8376576186513667,1.8478712465157505,-0.25821196745466324,0.5385267943641456
15.783949887,1.1830386922180356,0.0034767099811365,0.0056076528510008,2.6721610370602744,2.2022783254365,2.8379480039608485,1.8478897939795682,-0.25833934663419633,0.5388171796736274
15.800431052,1.189782639656308,0.0035143592021869,0.0056430120294714,2.6736854438264896,2.203857990217869,2.8428013520462567,1.848053985347636,-0.2605284555864946,0.5436705277590357
15.832914039,1.1965256333244068,0.0035521287312595,0.0056781317184333,2.67753625459014,2.2075328579638316,2.8565884107255926,1.8482332744936976,-0.2658483476803126,0.5574575864383715
15.849551693,1.203269104452281,0.0035902553385147,0.0057464480862305,2.6777943690952832,2.2098874269826734,2.865032322610925,1.8498186436327848,-0.26760824059043076,0.5659014983237038
15.866248309000001,1.2100123374132057,0.0036286206388775,0.0057809778767873,2.678231269024242,2.210835556509039,2.870805051439839,1.8502354049072032,-0.26856539323595596,0.5716742271526178
15.883249265000002,1.2167562863423655,0.0036674619519786,0.005782414397171,2.6787351448827024,2.2121627832000788,2.876280252122534,1.8508904993171362,-0.2698248664926082,0.5771494278353129
15.884034572000001,1.223499757918245,0.0037063038146681,0.0058166085909622,2.6787584198819894,2.2122240903648676,2.876533162219032,1.850920759393439,-0.26988304399537677,0.5774023379318112
15.916308711000001,1.2302432305840092,0.0037456225139525,0.0058833625357433,2.6849153121027993,2.21512946983585,2.8914527061206856,1.8489908002061042,-0.2764117352290234,0.5923218818334646
15.917118815,1.2369862264333562,0.0037850609718531,0.0059170829311438,2.6851273064711854,2.215154945222282,2.891987718156356,1.8488687027733883,-0.2765869003638688,0.592856893869135
15.933703497000002,1.243730414581167,0.0038246172655515,0.0059502507530854,2.6881740107753527,2.2157251150570847,2.9009900241305857,1.8472662408846194,-0.2792401279554251,0.6018591998433647
15.950030629,1.250473649276812,0.0038646514949464,0.006015522838451,2.6890593745347946,2.2165712848000236,2.906984654833904,1.847308401287294,-0.28046409475270595,0.607853830546683
15.982935491000001,1.2572168842581457,0.0039045665149375,0.0060487235577893,2.6918335982631056,2.2184764457397694,2.919650167576849,1.8468835925529332,-0.2838025813919285,0.6205193432896281
15.983494236,1.2639605960647156,0.0039448386134011,0.0060813984324531,2.6919132839338227,2.2184940385041028,2.9198735292499167,1.8468436807687851,-0.28387375976617646,0.6207427049626957
16.016274850000002,1.2707040695941696,0.0039851109864763,0.0061143558801965,2.6923372470301823,2.2204483306191793,2.9316571162148097,1.8480199362392777,-0.2854909874700766,0.6325262919275887
16.03293142,1.277448020536397,0.0040257404377555,0.0060840638756445,2.690480184757654,2.2219329699988455,2.9402588000996444,1.8503640108576915,-0.28509330851034775,0.6411279758124233
16.049594131000003,1.2841917329158203,0.00406648937305,0.0061477476514297,2.6854093651286983,2.223277552853667,2.9519536224598912,1.8547427291898009,-0.2822040282312934,0.6528227981726702
16.066294123000002,1.2909352074646552,0.0041072385827523,0.0061800759442469,2.6800651917056864,2.222708285387764,2.9581268521804374,1.8578751234055806,-0.2778368367424857,0.6589960278932163
16.082968066,1.2976782052095623,0.0041484651788847,0.0061809786416773,2.6785896559787243,2.225669695852679,2.9649808172896552,1.8610673341108523,-0.2787068645790498,0.6658499930024342
16.083975767000002,1.3044216792773569,0.0041895720166262,0.0061827033438257,2.6785216422317344,2.2258680201572703,2.965398825710568,1.8612606122029756,-0.27878811714009544,0.6662680014233469
16.100231383,1.3111644398350328,0.0042312757239651,0.0062143658175858,2.6773176845257223,2.229719523661096,2.977235211845228,1.8649363153065601,-0.28045328983148465,0.6781043875580068
16.116828318,1.3179071988327953,0.0042725025949239,0.0062461490730032,2.677281309868244,2.232584253207679,2.9877967715963436,1.8670984292267083,-0.2823329871175049,0.6886659473091226
16.150831293,1.3246509127266075,0.0043144436222584,0.0063094186648599,2.6799362247113128,2.2335702128332717,3.0009087572068296,1.866067050510224,-0.2849705896558774,0.7017779329196085
16.150854136,1.3313936730345872,0.0043566241668041,0.0063410584287163,2.6799379864946626,2.233569937968107,3.000917810767943,1.8660656726910783,-0.2849717214888301,0.7017869864807218
16.166784181,1.338137387508594,0.0043988036124199,0.0063421845896779,2.6813420199764475,2.234003534651247,3.006500529941306,1.8654546955100504,-0.28630814319842113,0.7073697056540849
16.199595524,1.3448803868618953,0.0044412223005493,0.0063737292493711,2.6831725695016435,2.23673101382345,3.021525892072388,1.8662717053641495,-0.28948973856824756,0.7223950677851669
16.216226214000002,1.3516243397936885,0.0044836398900173,0.0064048352512308,2.6824313466051524,2.2373006523149956,3.02506498719852,1.8671901959128296,-0.2893157428633635,0.7259341629112988
16.232926818,1.3583659091405926,0.0045265370630666,0.0064370281397278,2.682774355834886,2.237883345896807,3.0283321411741104,1.8673967344164297,-0.289959582120086,0.7292013168868894
16.233723907,1.3651098628060785,0.0045695506985653,0.0065280939284572,2.6827907270322346,2.237911156785828,3.028488076402277,1.867406592117941,-0.2899903113792974,0.7293572521150558
16.266275866,1.371852862791726,0.0046128038513181,0.006529846933918,2.682902260964745,2.2381051088522637,3.0333511029717695,1.867477095383773,-0.2902026472257364,0.7342202786845484
16.266943909000002,1.3785972936981334,0.0046564129836456,0.006591022742297,2.6828340741274004,2.23814466947274,3.0335341098413906,1.8675520058858144,-0.29017809311888154,0.7344032855541696
16.283440204,1.3853414867901128,0.0047002608089198,0.006622159640242,2.682059712908611,2.23909508713171,3.0371893668397068,1.868776723633056,-0.29023282394418226,0.7380585425524857
16.300107904,1.3920849648517215,0.0047444670859395,0.0066239539235931,2.6833011710622947,2.2399971202942983,3.0388944514719665,1.8686235477498814,-0.291759722540216,0.7397636271847454
16.317086197000002,1.3988286813512854,0.0047887922975472,0.0066541256064989,2.6810196770621744,2.2410571643517154,3.0401626471964587,1.8709332671363048,-0.2907626745813743,0.7410318229092376
16.333757225,1.4055728753341263,0.0048334745873267,0.0066848326559633,2.680219502602647,2.2414727990648697,3.0421144642060174,1.8717760669115098,-0.2904421750971742,0.7429836399187963
16.349929762000002,1.4123161154491175,0.0048783963944461,0.0067152228454171,2.6807423949662113,2.2422485682505675,3.044135992527387,1.8720069594746682,-0.29134877472083875,0.7450051682401662
16.382862877,1.4190591180787002,0.0049235568943619,0.0067455797198207,2.682021171930554,2.244404760765035,3.0478519392958283,1.8727649022699748,-0.2937383268552405,0.7487211150086073
16.383538204,1.4258025976892108,0.0049685976355864,0.0068044547613814,2.6820173699043,2.244434069588776,3.0479268778817357,1.8727893057110938,-0.2937549982263383,0.7487960535945146
16.416264044000002,1.4325456000492662,0.0050141157634448,0.0068054051720051,2.6845129105407777,2.2460335242047393,3.051464732481863,1.8723218523893326,-0.2966820215485573,0.7523339081946419
16.432962453000002,1.43928812585509,0.0050596344405267,0.0068643474699585,2.6838936829332365,2.246844001953772,3.0536295975142504,1.873338873998473,-0.2967593782429008,0.7544987732270294
16.433641528000003,1.4460316056352591,0.0051052712280394,0.0068654733381379,2.6838349962468553,2.24686015809118,3.0536956227461705,1.8733899945454207,-0.29672633527671843,0.7545647984589494
16.450038282,1.4527746091050304,0.0051513854017569,0.0069234369302356,2.6831600460196268,2.2471829087545316,3.055128180617279,1.874080123728746,-0.29643746244959157,0.7559973563300582
16.467058024,1.4595185665888086,0.0051978561044334,0.0069528814694546,2.6849410515328747,2.247282456083895,3.0560746364761666,1.8729689278495463,-0.2978328598937101,0.7569438121889456
16.499517556,1.4662615704940951,0.0052443279057715,0.0069539726616339,2.685701515208591,2.24758543867039,3.0596279910392212,1.8726888532914654,-0.29860205537713336,0.7604971667520002
16.516321056000002,1.4730045747680636,0.0052910381254874,0.0070115679868596,2.686731802096065,2.248394929366536,3.0618384149485216,1.8726071758699507,-0.29990976140543735,0.7627075906613006
16.516893157000002,1.4797475788540204,0.0053377483452893,0.0069843323728879,2.6867792299607025,2.2484034529798693,3.0618845231063503,1.8725819676098567,-0.29995082961639596,0.7627536988191292
16.533915784,1.486490583171321,0.0053845777742586,0.0070415895386796,2.687922075918034,2.2487422553546965,3.0632722115468933,1.8720741005798147,-0.3010292335347744,0.7641413872596723
16.550305215,1.493233111131221,0.0054318845894541,0.0070708495312694,2.6878058622813312,2.2494546394224733,3.064679725930805,1.8726830964474233,-0.30141668766446417,0.7655489016435841
16.566789035,1.4999775470868144,0.0054794276254899,0.0070995984971912,2.6874117592384863,2.24999035258495,3.0660532029363283,1.8733452165020967,-0.30147916033072253,0.7669223786491073
16.582956773,1.5067200748785334,0.0055268536500354,0.0071283861193834,2.6873961824705175,2.2508388792582203,3.0678241460816142,1.8739888267440317,-0.3020323384281087,0.7686933217943932
16.601042788,1.513463557201291,0.0055746362033039,0.0071570533231791,2.6875424166832294,2.2518507313778278,3.0699873906328614,1.8746466183020218,-0.30281498740636037,0.7708565663456404
16.632988100000002,1.5202065624836285,0.0056221808874714,0.0071302366233921,2.687006933229844,2.252367518584618,3.073014021837139,1.875388720924299,-0.3027593524896153,0.7738831975499179
16.650357218,1.5269500456774174,0.0056706786959811,0.0071861093608049,2.686865073778453,2.252615625195514,3.0747046693705364,1.8756683044976883,-0.30281863165804834,0.7755738450833154
16.650500471,1.5336930512234188,0.005718819426394,0.007187066583785,2.6868613671233583,2.2526151762246482,3.0747147246782554,1.875670436689908,-0.30281556659309494,0.7755839003910343
16.666748622,1.5404360569537612,0.005767079365996,0.0072153617217586,2.6864650681558913,2.252627815158599,3.075849429022684,1.8759436564634666,-0.3025282278216017,0.7767186047354628
16.699784723,1.547179539782539,0.0058152195468528,0.0072161673083356,2.6872338232529267,2.2527731333867496,3.0782193247534133,1.8755404005118157,-0.30319866530870154,0.7790885004661923
16.716267321,1.553922546167251,0.005863598695429,0.0072715867434407,2.687540815302714,2.2527762327933187,3.0794050283378382,1.875338371161763,-0.3034298316269033,0.7802742040506172
16.733016447,1.560666028961515,0.0059120965041211,0.0072720962823993,2.687994408984514,2.2532162598574748,3.0804655839467987,1.875364831854271,-0.3040612355207073,0.7813347596595777
16.749563168,1.5674095124498109,0.0059609519403157,0.0072726675153163,2.6899970165386824,2.2527108875938473,3.0814640841603094,1.8736546896972466,-0.3052193598420234,0.7823332598730883
16.751302603000003,1.5741534727435125,0.0060100452457186,0.0073005269154806,2.689907639319029,2.252744527573016,3.081556863602618,1.8737392866229259,-0.3051750507486335,0.7824260393153968
16.766770437,1.5808964796775766,0.0060589012311366,0.0073281354029115,2.6891128571070007,2.2530436693136053,3.082381899900172,1.8744915603229015,-0.30478103447251703,0.7832510756129509
16.799630132,1.5876399631350298,0.0061079950858916,0.0073286591100472,2.68921146818475,2.2541720322880887,3.083626383744921,1.8752680013465528,-0.305605695908278,0.7844955594576999
16.800670245000003,1.5943834471726772,0.006157327358928,0.0073292817029725,2.689155376629259,2.2542204711544938,3.0836797511829115,1.8753414865881626,-0.30559607792296095,0.7845489268956904
16.832822932000003,1.6011264545620874,0.0062066601812306,0.0073568663683902,2.689061723763729,2.2552823171206398,3.0859543696048783,1.876196263221148,-0.3062329802881192,0.7868235453176573
16.834178877,1.607870415372821,0.0062557534863973,0.0073843360948293,2.6889974819193134,2.2553825571968082,3.086062479218393,1.8763138319363535,-0.30625176018825595,0.786931654931172
16.850232928,1.6146129460361485,0.0063053252765482,0.0074115347456663,2.688239680433419,2.2565604377523822,3.087340955274823,1.8776972789977242,-0.3064702548646383,0.788210130987602
16.867169712000003,1.6213559536892233,0.0063552541450963,0.0074120451662366,2.6878254945219355,2.256575952539963,3.088481727181782,1.8779845510189421,-0.30617148159988616,0.7893509028945611
16.883283116,1.628099914441942,0.006404705078109,0.0073853350661787,2.6881037369012604,2.2572074075911797,3.0892317864972965,1.8782705900335388,-0.3067994433706076,0.7901009622100754
16.916219097000003,1.634843875892362,0.0064543944293493,0.0074126588510109,2.686995913460293,2.2590906792480614,3.090540899880092,1.880413443497927,-0.30722625004830917,0.791410075592871
16.932852753000002,1.6415883140578535,0.006504202440566,0.0074126200916734,2.6853589684512182,2.2604108885660885,3.091372551583227,1.882488290455044,-0.30688339189880276,0.7922417272960058
16.933274016000002,1.6483313217381004,0.0065540120998285,0.0074398634953858,2.6853361529929924,2.2604222308203767,3.09138719690126,1.8825119415975893,-0.30687391480416926,0.7922563726140388
16.966181322,1.655074807697717,0.0066027483256212,0.0074397418343982,2.684157177637259,2.260993935949177,3.0921903644004303,1.8837233545726286,-0.3063746070357243,0.7930595401132092
16.982892936000002,1.661816859740165,0.0066530359215784,0.0074674347613327,2.6841580731446557,2.2620989905185955,3.0936448366550184,1.8845474430881621,-0.30711083018253005,0.7945140123677974
16.983848678,1.668559871950325,0.0067037992529573,0.0074937493221774,2.6841640107387854,2.2621779694157924,3.0937478583957487,1.8846024315520906,-0.30716783184970975,0.7946170341085277
17.016269086,1.6752990620153925,0.0067539709361929,0.0074942131053948,2.684919605836596,2.2648816557426827,3.0957582739875447,1.8861172045434325,-0.30953136871016884,0.7966274497003236
17.017736392,1.6820406394380678,0.0068040206619436,0.0074943169200595,2.6848800179739305,2.2648941599734975,3.0958165031828226,1.8861528870261788,-0.30951014808143773,0.7966856788956016
17.049582275000002,1.6887846013276742,0.0068539484315297,0.0074676586601836,2.685230694059627,2.26542139055964,3.0963686861859303,1.8863129311101314,-0.310122791288562,0.7972378618987093
17.066315421000002,1.695527132274497,0.0069042354771901,0.0074678040577774,2.684859156258445,2.2654986421470493,3.0957964637876643,1.886617888559633,-0.3098969393471096,0.7966656395004432
17.06724866,1.7022696629774865,0.0069540456858692,0.0074949302965769,2.6848359039394394,2.2655022036055934,3.0957629758489595,1.886636023805087,-0.30988195711768807,0.7966321515617385
17.099515835000002,1.7090136254201156,0.0070043310830222,0.0075214427727135,2.678962352683747,2.2673023197376834,3.0962695070272925,1.8918890196951992,-0.3066968265676602,0.7971386827400715
17.100337692,1.7157571113290588,0.0070531865181112,0.0074943589683606,2.678968543175067,2.2673265305622405,3.096352952055616,1.891902967285185,-0.30671756182608867,0.7972221277683951
17.11704585,1.7224972560970162,0.007103476311445,0.007548613337974,2.6791525299914443,2.2676200177457653,3.097349880089241,1.8919995253797453,-0.30705022142668525,0.7982190558020199
17.133724191000002,1.7292393109126332,0.0071537639061356,0.0075484230770078,2.679649551065237,2.2671575492486493,3.096802230701904,1.891323561565865,-0.30711330851683405,0.797671406414683
17.150576814,1.735982318766209,0.0072040504024116,0.007548631604413,2.681106887797518,2.2649880115216474,3.0958563489642685,1.8887344266012183,-0.3067567914275058,0.7967255246770475
17.166972727,1.7427258043182454,0.0072545747674879,0.0075222599729433,2.680884798079294,2.264785362017485,3.094953721470734,1.8887310215610238,-0.3064561603077278,0.7958228971835131
17.199627892000002,1.7494688122929989,0.0073047420544354,0.0075490113502188,2.6800586732028058,2.265422051402632,3.0934292743401093,1.8897560642245066,-0.30626343453687355,0.7942984500528882
17.216177548,1.7562127749831322,0.0073553850792949,0.0075755692172184,2.6800190819311713,2.2647806940332424,3.0930998648273764,1.8893037824988648,-0.30580698302278897,0.7939690405401554
17.232913720000003,1.7629548301835911,0.0074061495109024,0.0076027414027536,2.6803735727841262,2.2649419631496626,3.093111287624996,1.8891881761637561,-0.3061788790674336,0.7939804633377752
17.233782416,1.7696978388215334,0.0074569128439128,0.0075766912877035,2.680353422580579,2.2649962128413113,3.093169909092781,1.8892420743749287,-0.3061999513852789,0.7940390848055601
17.266209596,1.7764418018260042,0.0075080327057213,0.0076037828139714,2.6808339214246386,2.2649617051050295,3.0941869781867393,1.8888964884996564,-0.30653557070209203,0.7950561538995182
17.267168213,1.783185288182238,0.0075591531167962,0.0076305536362033,2.680775686221439,2.2649951631838827,3.0941800836628035,1.8889602206897134,-0.30651438132072295,0.7950492593755825
17.29961394,1.789928774205781,0.0076103927372962,0.0076836540574443,2.679681620899929,2.266600816048408,3.0935587591821454,1.8908867338954625,-0.3067666647271614,0.7944279348949244
17.316148557,1.7966722600956564,0.0076613939393109,0.0076844347727246,2.678861262682834,2.2678848825762,3.094237357694313,1.8923910653414717,-0.307009154629422,0.7951065334070919
17.316493845,1.803415746558385,0.0077128719781566,0.0076851620840902,2.678835773147267,2.267913319822725,3.0942640972617514,1.892429254143649,-0.30700906081255397,0.7951332729745304
17.349611552000002,1.810159232997613,0.0077643500170131,0.0077381186502158,2.678959023515016,2.2678359561479264,3.093329888804007,1.8922894800187149,-0.30704954519630245,0.794199064516786
17.350579367,1.8169017658583488,0.007815829154531,0.0077649549073528,2.678900472630774,2.2678004999867953,3.0932635660620544,1.89230199273727,-0.3069822490056078,0.7941327417748334
17.367112260000003,1.8236447757125025,0.0078675461611713,0.0077658196458632,2.6784600753897796,2.267364355122561,3.092668197548983,1.892269645353112,-0.30636327750447734,0.7935373732617621
17.383535165,1.830388739748844,0.0079195004874207,0.0077925042675292,2.6791570181323254,2.267395221803925,3.0932442077093345,1.8918287763252501,-0.30690394046666114,0.7941133834221135
17.416319126,1.8371312733124296,0.0079718140895298,0.0078709352473812,2.678858298425303,2.2667810728025786,3.093907327709286,1.8915692828144066,-0.3062722161778706,0.7947765034220651
17.432963432,1.8438752379216248,0.0080242452526102,0.0078973918407557,2.679541948456438,2.2659696108036242,3.0919964989614748,1.8905086453307123,-0.3062422817662269,0.7928656746742537
17.449619811,1.8506187259420743,0.0080770345927493,0.0078984402547369,2.678877817096774,2.265563758141678,3.0915841162794653,1.8906478281428076,-0.30547650438936413,0.7924532919922442
17.450705481,1.8573612601255172,0.0081298250316679,0.0079504996067338,2.6788221102625402,2.26554081137467,3.0915709983960795,1.8906677833443235,-0.305419657266051,0.7924401741088585
17.482898926,1.8641052281020436,0.0081835674952152,0.0080274044774314,2.681881890754236,2.2677655319981436,3.0916225454844195,1.8902913824331689,-0.30918395811268296,0.7924917211971985
17.483907759,1.870845853374714,0.0082368369693504,0.0080287488417957,2.6820123848676563,2.2678884149232923,3.091604338697649,1.8902962275129152,-0.30936313805612725,0.7924735144104278
17.516165486000002,1.877589344387188,0.0082893878895766,0.008079650370106,2.682115339742429,2.2683588275479494,3.091015267563815,1.8905787593392043,-0.30975309127230855,0.7918844432765941
17.517005227000002,1.884330446792092,0.0083437296976829,0.0081059654072306,2.6821080365747165,2.2683407461402747,3.0910028700892234,1.89057012666336,-0.30973560555042123,0.7918720458020023
17.549508723000002,1.891073936209423,0.0083977111299156,0.0081320875370322,2.682998334029687,2.267973915680104,3.091569801693499,1.8897037603682687,-0.3101558478466808,0.7924389774062779
17.550247221,1.897816949571202,0.0084522891575098,0.0081826103523587,2.6829507702534787,2.268002659770225,3.0915443448113322,1.8897568713872046,-0.3101394846198695,0.7924135205241112
17.582874503,1.9045604396407103,0.00850722426363,0.0082083167817662,2.682741477049864,2.2699731863103154,3.09362266131809,1.8913667552343312,-0.3112949293347045,0.7944918370308689
17.583546514000002,1.9113039302815944,0.0085619209509429,0.0082092543766888,2.6827730492646187,2.2700270589549465,3.093726211447594,1.891385944191094,-0.31135435029499936,0.7945953871603728
17.616257816,1.9180478976302089,0.0086169747167818,0.008234791818105,2.6820555390076013,2.270574078808692,3.093799918393043,1.8922717710235502,-0.3111829953644678,0.7946690941058221
17.632836988,1.9247913884444217,0.0086721482411082,0.0082601458277143,2.6831360222812237,2.2707053383319886,3.094322893758057,1.8916505284002982,-0.31207671275273396,0.7951920694708359
17.649665676,1.9315348789927775,0.0087275601841024,0.0082610083944046,2.6836396494897485,2.2707695352228794,3.096700468771683,1.8913632093348807,-0.31249529292499956,0.797569644484462
17.650347666000002,1.938277893818272,0.0087834495130329,0.0083110744366334,2.683612879878338,2.270798082919896,3.096676122758523,1.8914023326183353,-0.3124943173268555,0.7975452984713018
17.682893062,1.9450213858523668,0.0088394575017143,0.0083607113226977,2.6837753434404443,2.2718575252118627,3.0957532368176537,1.892084837259258,-0.3133207553427648,0.7966224125304326
17.683570042,1.9517648775030976,0.0088957039091171,0.00836136409339,2.6838168348834186,2.271871545994899,3.095740363861424,1.8920676828954137,-0.3133610523649639,0.7966095395742028
17.716245536000002,1.9585088461817597,0.008951830557807,0.0083864585339962,2.683130798274899,2.271272516217139,3.095658794180368,1.8920772814475004,-0.3124503434264603,0.7965279698931469
17.732911694000002,1.9652518617482877,0.0090080775142185,0.0084113498992281,2.6839274810761378,2.271333254251402,3.0957426441736526,1.8915923151956318,-0.31308532400029243,0.7966118198864316
17.749595806000002,1.97199487708862,0.009064801307826,0.0084120277823158,2.685324646811965,2.2714263324564743,3.096094218474283,1.8907317858700354,-0.31418996191627135,0.796963394187062
17.75014329,1.9787378924362944,0.0091212866828839,0.0084369297340624,2.6853393063630633,2.271435020795894,3.0961236707405426,1.8907285120369706,-0.31420668530400686,0.7969928464533216
17.782889529000002,1.98548186254268,0.009178367005107,0.0084858999433059,2.6860679902901663,2.2716025263931474,3.0969057442761088,1.8903684866423065,-0.3148619868421756,0.7977749199888877
17.799514528,1.992222017586724,0.0092353325130446,0.0084883201486763,2.685909484437229,2.2726842317758007,3.096974290940124,1.8912812519806137,-0.31546370943395763,0.7978434666529028
17.816217156,1.998964557059516,0.0092926529019277,0.0085847197002193,2.685152382490975,2.2721987869425684,3.098403247531741,1.89142292021582,-0.3145755708443967,0.7992724232445201
17.816782734,2.005707573733567,0.0093503303691114,0.0085846459917415,2.685123380408319,2.272172501067049,3.0984597230805155,1.8914226080736838,-0.31453643044816104,0.7993288987932945
17.849696231,2.012450589952272,0.0094075309994104,0.0085848902174795,2.6847431592396784,2.2720926256350276,3.0977628190210647,1.8916160840253398,-0.3141995101640376,0.7986319947338436
17.850359355000002,2.0191940836469127,0.0094653271264309,0.0086330806795171,2.6847130292954637,2.272093592371206,3.09774302164616,1.8916368608082053,-0.31417766815380554,0.7986121973589388
17.867621049,2.02593710059564,0.0095232430120354,0.0086335318979964,2.68482939512396,2.2723728345557963,3.098626691425884,1.8917677984846726,-0.3144503814255355,0.7994958671386629
17.89957639,2.032681071891065,0.009581396217174,0.0086337552883005,2.685815810097662,2.2718675583317345,3.0972166562252426,1.8907341338500816,-0.3148502013676868,0.7980858319380215
17.916279198,2.039424089278978,0.0096395505211243,0.0086815482032991,2.6879114270191473,2.270162858637124,3.0952416088735264,1.8880670431670652,-0.3152794316310503,0.7961107845863054
17.932866986,2.046166629525125,0.0096977053745663,0.0086581417942445,2.688355933479866,2.2708634072314147,3.0955425260938227,1.888293975625292,-0.3160774642030586,0.7964117018066017
17.949580915000002,2.0529110778176376,0.0097559772395524,0.0087056931126154,2.688687069406967,2.2702088459074443,3.0950738469487344,1.8875850737357935,-0.3158888915642155,0.7959430226615134
17.966279836000002,2.059654094990368,0.0098142507528741,0.0087060097163877,2.6884716464086353,2.269143937273717,3.0940156141186232,1.8869337409147853,-0.31501929221815184,0.7948847898314022
17.967271957,2.066398066650804,0.0098727615856655,0.0087061078809247,2.688482047421548,2.2692749846262665,3.094099961184588,1.8870246162611766,-0.31511428306559575,0.7949691368973668
17.982931767,2.073141561145972,0.0099312729679593,0.0087064514991893,2.6885293741187004,2.2710357485642545,3.0951406162459083,1.8883071443318753,-0.3163216153352928,0.7960097919586873
18.016254725,2.079884102588497,0.0099902622857671,0.0087069338647766,2.6885674016915333,2.271892631737557,3.093966324943132,1.888921310366592,-0.31692035981400224,0.7948355006559109
18.01784178,2.086626167135284,0.0100488945251347,0.0087067592303553,2.688616986531799,2.271892796402863,3.0938317634225037,1.8888884282144267,-0.316957473794762,0.7947009391352826
18.176525132000002,2.0933668007774684,0.0101074092034666,0.0087085476943344,2.6900742562530886,2.274248253387967,3.0970285434874185,1.8896762691950384,-0.3196128681606769,0.7978977192001975
18.176553726,2.100106957666399,0.0101662820589322,0.0087798806973339,2.690071846929343,2.274246874501381,3.0970274796542014,1.8896768438664167,-0.31961015229581724,0.7978966553669804
18.176564296000002,2.106849975663157,0.0102252708275166,0.0087792130273791,2.690070956303618,2.2742463647849642,3.097027086399774,1.8896770562982719,-0.3196091483547261,0.7978962621125532
18.176574336,2.113592516886066,0.0102822335877808,0.0088021379219135,2.6900701103355686,2.2742458806267027,3.097026712863875,1.8896772580783878,-0.3196081947531595,0.797895888576654
18.176583703000002,2.1203317197698084,0.010341226751376,0.0088025840168848,2.6900693210743416,2.274245428922476,3.097026364366787,1.8896774463328048,-0.3196073050732915,0.797895540079566
18.176593923000002,2.1270728298031933,0.0104004561361979,0.0088262097444158,2.6900684599395346,2.274244936084086,3.097025984134029,1.8896776517304923,-0.31960633437528285,0.7978951598468078
18.176603601,2.1338129875308343,0.0104595674098268,0.0088273779344209,2.6900676444735208,2.274244469382527,3.097025624066257,1.8896778462352692,-0.31960541515656216,0.7978947997790358
18.176613510000003,2.140555051988762,0.0105187956956009,0.0088277262323299,2.6900668095435005,2.27424399154147,3.0970252554041826,1.889678045382597,-0.3196044739974062,0.7978944311169616
18.1766238,2.147297595086686,0.0105789771053842,0.0088506639553857,2.69006594251051,2.274243495327475,3.097024872567091,1.889678252187118,-0.3196034966507808,0.7978940482798698
18.199591489,2.1540277398186163,0.01063881517079,0.0088792815908625,2.688674364583487,2.2733986756991476,3.0962967323868273,1.8899740494854285,-0.31800264897230024,0.7971659080996063
18.200434045,2.160767423154921,0.0107001919688446,0.008709660910504,2.6886442966150423,2.2733778239184588,3.096274897714996,1.8899785022045654,-0.31796633020612397,0.7971440734277748
18.232831790000002,2.1674742113081145,0.0107674479236088,0.0098056170301459,2.693616274242475,2.2750807604809014,3.096708759309573,1.8879398909456122,-0.32281035937596414,0.797577935022352
18.233660039,2.1740894607352264,0.0108457766008075,0.0121847160065337,2.693824435657382,2.275173747678889,3.096739481027252,1.8878707278201687,-0.3230276017653009,0.7976086567400311
18.249574383000002,2.1806751731230025,0.0109472659245924,0.0158072583751917,2.6941185453786396,2.275746174615476,3.09692172112924,1.8881021533537663,-0.3236281143365831,0.7977908968420189
18.267029405000002,2.1872938263349213,0.011083288014425,0.0204684215235014,2.6956008554671658,2.2765845613600515,3.097752105844788,1.887741161464178,-0.32529239207412486,0.7986212815575668
18.284083172000003,2.1939864329835563,0.0112570142742476,0.0259499145501662,2.695463113609812,2.27775336819695,3.0982991282771035,1.8887051081387887,-0.32596758763820555,0.7991683039898825
18.316175174,2.200711035273814,0.011471950114242,0.0320037932193161,2.695702480818741,2.278852714999302,3.0978499784645397,1.8893662036875227,-0.32687797916276873,0.7987191541773186
18.332957243000003,2.2074514237021456,0.0117314520706938,0.0383803282822112,2.6953820591640745,2.279528554042605,3.097928708763357,1.8900838530837263,-0.3270887107298406,0.7987978844761359
18.349501458000002,2.214201877695805,0.0120361227815272,0.044982041262312,2.6947348418759938,2.2788471933246712,3.0972436174821656,1.8900061701571451,-0.3261521702828487,0.7981127931949445
18.350724289000002,2.2209585843068638,0.0123873971520423,0.0517293092167253,2.6946601387443287,2.2787301549694976,3.0971442828304383,1.8899685507682504,-0.3260185165659477,0.7980134585432173
18.366920541000002,2.2277186815961243,0.0127846824324072,0.0585769406690739,2.694842042179156,2.2783233987726312,3.0966119208624043,1.8895439151592592,-0.32588352003685106,0.7974810965751833
18.383714012000002,2.234484555149054,0.013228929549405,0.065501228114199,2.694924052813848,2.2783707191703773,3.0967888250884936,1.8895246410732758,-0.32597622102851176,0.7976580008012726
18.416253266000002,2.2412586258303944,0.0137171555076908,0.0725087186907166,2.6952703535672176,2.27929830371647,3.097961694427749,1.8899863752704824,-0.3268520856487953,0.7988308701405278
18.417267389000003,2.248017898803841,0.0142608308151263,0.0794713025046007,2.695238015661705,2.279324148477318,3.097878300583588,1.890027187806165,-0.32684515537265435,0.7987474762963669
18.433644857,2.254780598784274,0.0148483712489019,0.0865170537987924,2.695236187177524,2.2797434388696396,3.097764312041016,1.890341314624226,-0.3271228820703671,0.7986334877537948
18.449996225,2.2615395394836217,0.0154834805521811,0.0936483527880767,2.6961098371337413,2.279622642572735,3.098136377458493,1.8896696407337976,-0.327694467738715,0.7990055531712721
18.482834880000002,2.2682875690103304,0.0161671206391343,0.1008754111580931,2.6975401716250307,2.2783268425002134,3.096180837330248,1.8877505356744546,-0.32789938322403334,0.7970500130430271
18.483958582,2.275028501846548,0.0168991679057657,0.1082033409555309,2.6976262833076037,2.278258563903074,3.0959703255982607,1.8876422621326465,-0.32791819887834484,0.7968395013110396
18.516270733000002,2.2817613861448325,0.0176814115890436,0.115639806292711,2.6947669055951926,2.281672922865504,3.097979963092066,1.8920936245215483,-0.3280569825561601,0.7988491388048451
18.532834155,2.28848908366004,0.0185143252296106,0.1231731234673289,2.694307751202147,2.282024210018392,3.0982698922610847,1.8926614103639194,-0.32794814939191275,0.7991390679738637
18.533896781000003,2.2952039653537013,0.0193982752447656,0.1307976052399974,2.6942700096932364,2.282100814071131,3.098303487473781,1.892743700536765,-0.3279709732794869,0.7991726631865599
18.566161902,2.301908415481234,0.0203331396784403,0.1385378053424227,2.6962594530679858,2.2807250586383616,3.0973379585536946,1.8903927677521666,-0.3285399223057004,0.7982071342664736
18.567238054,2.308599096542896,0.0213196376315775,0.1463966773965835,2.696196717306811,2.280692910023693,3.0972627570389584,1.8904105344095392,-0.32847170460241815,0.7981319327517373
18.599575714,2.315276487100839,0.0223589606467685,0.1543686362673284,2.6939167557066446,2.2804568123801796,3.0977636519956233,1.891751943921479,-0.326613052532561,0.7986328277084023
18.616221974000002,2.3219405874099075,0.0234512279331699,0.1624577419623125,2.6951562729649625,2.2783000604653623,3.0966299725320816,1.889317337462645,-0.32610249083566156,0.7974991482448606
18.726432640000002,2.328586630479517,0.0245969218207698,0.1706655265739882,2.6981846729360237,2.2786342483556834,3.0990511836308166,1.8875509498843563,-0.3285849820952693,0.7999203593435955
18.726451606,2.335223194628059,0.0257948403306592,0.1789801198516491,2.698184709626205,2.2786342153609165,3.099050355945094,1.8875509008388904,-0.3285849875143376,0.7999195316578729
18.726461014,2.341841707085006,0.0270507153915935,0.1873848585156723,2.698184727826206,2.278634198994009,3.0990499453752687,1.8875508765101052,-0.3285849902024425,0.7999191210880476
18.726470222,2.348439775961312,0.0283591853365617,0.195908464414673,2.698184745639302,2.2786341829750376,3.0990495435335443,1.8875508526985136,-0.3285849928334019,0.7999187192463233
18.726479309000002,2.3550150224465964,0.0297244252344324,0.2045235417463619,2.6981847632183213,2.278634167166567,3.0990491469723214,1.8875508291998235,-0.3285849954297886,0.7999183226851003
18.726488847000002,2.3615688701804647,0.0311374927447989,0.2132481242732263,2.6981847816698106,2.278634150573501,3.0990487307292316,1.8875508045348623,-0.3285849981550375,0.7999179064420106
18.732835836,2.368108958766262,0.0326174525570635,0.2221340396760221,2.698197060071942,2.2786231088449656,3.098771744955558,1.887534391425469,-0.32858681165110726,0.7996409206683368
18.733823268000002,2.374632902589011,0.0341528633284178,0.2310948349467241,2.6981989702827796,2.2786213910294646,3.098728652929328,1.8875318379580797,-0.32858709378552575,0.7995978286421068
18.749602575,2.3811330684725136,0.0357433762224115,0.2401641159973657,2.698613361212513,2.279869026853599,3.0995024070185,1.8881870986144114,-0.3297268079885485,0.800371582731279
18.782972453000003,2.3876075533828813,0.0373940002239573,0.2493933118193906,2.7014082512431528,2.2811084832809945,3.1016380964277737,1.8872517291645707,-0.33263760624866334,0.8025072721405526
18.783659042,2.3940616027039057,0.0391032987788184,0.2587030179571168,2.701397635148692,2.281096020505766,3.1016213110920976,1.8872494947600054,-0.3326213880593616,0.8024904868048766
18.800428326000002,2.400496170910089,0.0408727012992022,0.268123339504955,2.7032363496615517,2.280625188939425,3.10101923182493,1.8856742215092996,-0.3336801928616149,0.8018884075377088
18.832976638,2.4069083958294133,0.0427007805704711,0.2776356423423924,2.7027470424935176,2.282238009098081,3.1013030513440896,1.8872035398214035,-0.3343885683758159,0.8021722270568685
18.833679537000002,2.413299709370462,0.044590157547939,0.2872459737846259,2.7027156927558686,2.2822744450171664,3.1012815868593666,1.8872515986176341,-0.3343894253210413,0.8021507625721456
18.850270041,2.419673452526633,0.0465419012681649,0.2969483455673634,2.702113310395113,2.2833423972902236,3.1015294971518514,1.8884495566935713,-0.33465073550908375,0.8023986728646304
18.86632277,2.426032483708191,0.0485529089951241,0.306742882308039,2.7043074063967034,2.28180357278941,3.1018199968997067,1.8858407056247515,-0.33526387024893944,0.8026891726124856
18.899590663,2.4323534311308244,0.0506191545348961,0.316616105733369,2.704647381655116,2.2807048140812203,3.10136447454059,1.8847944226131246,-0.3347862242139543,0.8022336502533691
18.916328858,2.438630579273978,0.0527504196371314,0.3265370338755619,2.7049607841529992,2.2794349530459193,3.100363774672225,1.8836381362287047,-0.3341748569169387,0.8012329503850038
18.917106711000002,2.4449025551492176,0.0549395072464164,0.3364882321204599,2.70495786629477,2.2793650347454726,3.100309050643596,1.8835878995239135,-0.33412613981392836,0.8011782263563751
18.9332226,2.4511211886121185,0.0571880225722966,0.3465322526271113,2.7048460438314796,2.2796020039730287,3.09974592132669,1.8838391779969272,-0.3342004217572567,0.800615097039469
18.966214688,2.4573432723213497,0.0594881516166585,0.3566645251966464,2.707465973335029,2.279350560688957,3.1000469472386403,1.8819076324445334,-0.33598826574029905,0.8009161229514192
18.967033198000003,2.463523856084923,0.0618611653275048,0.3667147120482924,2.7074403445270225,2.2794638972234855,3.100086841428105,1.8820092729340536,-0.33604457929771536,0.800956017140884
18.98346579,2.4697003107979767,0.0642941461727147,0.3769805913065723,2.709934526719377,2.2792709887890164,3.0990181567139654,1.8802051118893577,-0.33777754248184566,0.7998873324267444
19.000219095000002,2.4758328788597965,0.0667896432255575,0.3871743597669712,2.7086597593376034,2.2783336710087263,3.0981347844045297,1.8803541269676811,-0.336202299324325,0.7990039601173087
19.032852438000003,2.481956518385564,0.0693606101260126,0.3974501252825261,2.7082692384354012,2.2785033424489614,3.09926751442097,1.8807406915548195,-0.33602379780427993,0.800136690133749
19.050119411,2.4880439896370508,0.0719926538925391,0.4078455848248349,2.709537305804131,2.2779421506496127,3.0991615972519604,1.8794778224051258,-0.33659659148270604,0.8000307729647393
19.050295798,2.4941048309072498,0.0746882669321136,0.4183001087148688,2.709550259470009,2.277936417917077,3.099160515278201,1.8794649218405215,-0.3366024427317096,0.8000296909909799
19.067000249,2.500137612589288,0.0774479277294732,0.428814782234126,2.710058943597363,2.2813880099296155,3.1000522156553583,1.881702195671328,-0.33927954055742093,0.8009213913681372
19.083848974000002,2.506145195680828,0.0802715137792408,0.4393850878373599,2.7102317984240325,2.282277816105895,3.100483268212513,1.8822511868735659,-0.34000081892415146,0.8013524439252921
19.116475726,2.5121223359790115,0.0831595079609283,0.4499989297650228,2.7094116512887356,2.2821305328712547,3.0989652821065476,1.88268718433239,-0.33929072041644925,0.7998344578193266
19.132961459,2.5180690286366323,0.0861090492541936,0.4606197768461585,2.7106212851954905,2.2788981561252335,3.0976081358753955,1.8794697474117394,-0.3380418916538783,0.7984773115881745
19.133702272,2.523966192138984,0.0891126494525986,0.4712666261474194,2.7106922305801167,2.278709969856601,3.0975567518770273,1.879282083795078,-0.33796957508397085,0.7984259275898062
19.150277847,2.529846748381777,0.0921868407305882,0.4819880336085398,2.7113148291314757,2.2769790094169777,3.0971283413386574,1.8775758768502868,-0.3372820353678523,0.7979975170514364
19.166983180000003,2.535692569386943,0.0953247298294477,0.4926559676880602,2.7110691256608463,2.277724990970828,3.0976755134381815,1.8782961379956598,-0.3375952167156848,0.7985446891509604
19.183768044,2.54149315571768,0.0985191762826642,0.5033947195846912,2.7106807785998623,2.278331189834493,3.0982822566924426,1.8790070290637628,-0.33770890220893257,0.7991514324052216
19.200492803,2.5472456443904314,0.1017683952481511,0.5141232999042034,2.7103554426895897,2.2799816692157755,3.0999656963211297,1.8804553080545352,-0.3385647138748018,0.8008348720339087
19.232931205,2.5529800958530497,0.1050891606152097,0.5249627451298642,2.7107216192079067,2.2833250640190017,3.10293335700037,1.882706693035465,-0.34106344149510237,0.8038025327131488
19.233606873000003,2.5586774242444923,0.1084708847382846,0.5357265254119465,2.7106972322046863,2.2833676338307685,3.1029889322944735,1.882754694869563,-0.3410735775063074,0.8038581080072524
19.250080074,2.5643323817331,0.1119113086852623,0.5465152612463153,2.710667698068518,2.2836076027515726,3.103907643201106,1.882953438582373,-0.3412112665936369,0.8047768189138851
19.267629104,2.56994735259045,0.1154105489186137,0.5573295052730927,2.709074825101141,2.2839701239875936,3.1042260361319647,1.8842842426390258,-0.3402638350659988,0.8050952118447436
19.283972868000003,2.5755256778165703,0.1189709857768998,0.5681575393069894,2.705417046743866,2.286864036389418,3.1044504001265842,1.8888786415870744,-0.3394603614780354,0.8053195758393632
19.300606303000002,2.5810535196097484,0.1225845289651209,0.578954654061429,2.7047317135872055,2.2873874539758985,3.1051069208445483,1.889725436457375,-0.33929730948299186,0.8059760965573273
19.317196647000003,2.586562371891484,0.1262716462106357,0.5898082361176091,2.7055085517987614,2.2875752643728537,3.105730820411683,1.8893485113888986,-0.3400020632306884,0.8065999961244619
19.333475386,2.592026465104861,0.1300132937040732,0.6006115379073039,2.7062842302265815,2.286852106808162,3.1051241437859227,1.8882925174525418,-0.3400995860133298,0.8059933194987017
19.366315043,2.597444848741304,0.1338128104023414,0.6114122805843109,2.7072567697584544,2.288288627256753,3.10696579526505,1.8887172205636538,-0.34178156443402585,0.807834970977829
19.383230727,2.602821335784732,0.1376691190279435,0.6222322609847863,2.7067685260745535,2.2880918788245688,3.1065602319635124,1.888895378830251,-0.3412862347736185,0.8074294076762913
19.399555785,2.608156405641154,0.1415842455879973,0.6330578292325278,2.706810887080936,2.287240559560416,3.1064995103623323,1.8882318561934155,-0.34075118650029523,0.8073686860751113
19.400206695,2.6134524418161367,0.1455572336618653,0.6438988050160525,2.7068911363479446,2.287227344631909,3.106558101424513,1.8881685779744908,-0.3408022790261733,0.8074272771372919
19.417065931,2.6186932213470056,0.1495797572832098,0.6547276477123575,2.709004833640904,2.2867232340147816,3.1067645938049626,1.8863854329655856,-0.3420441476334659,0.8076337695177416
19.433904057,2.623905945232855,0.1536695473109142,0.6655817014569972,2.7098931972597855,2.286248960392734,3.105544802621492,1.8854401707681465,-0.342391429602499,0.806413978334271
19.450333874000002,2.6290782116331,0.1578223264961731,0.6763813022951733,2.7084856833672255,2.2854802369687195,3.1036617284788885,1.88580336486817,-0.340829340902685,0.8045309041916675
19.482991635,2.6331929178674733,0.1612040857812976,0.6869674920639369,2.7078725953429426,2.2842944226649755,3.1068761951670343,1.8853264989002285,-0.33958249234046844,0.8077453708798132
19.499585274,2.63624901091308,0.1637342408417088,0.6970279160662104,2.7072260794896255,2.2833176150369843,3.1107671035802955,1.885027861765249,-0.33844981773922456,0.8116362792930745
19.516241714,2.6383968694504936,0.1655511397268353,0.7062998973798065,2.7061500032102304,2.2833985077970196,3.116678808536088,1.8858044968348076,-0.3377006036400285,0.8175479842488671
19.517109478000002,2.6398479048039296,0.1668105839332745,0.7142705661661796,2.7063909785862332,2.2834254410242316,3.117081571363175,1.8856641968062515,-0.3378983672174507,0.8179507470759542
19.550541203,2.640809189851627,0.1676214114695965,0.7204611729214344,2.7111560908915577,2.2889914845948356,3.1330959864805727,1.886646255929749,-0.34515940682553525,0.8339651621933517
19.550570399,2.641372410819979,0.1681021300259292,0.7248173896794508,2.71115399531022,2.288989553906453,3.1331024508514744,1.8866462099646404,-0.3451565578071105,0.8339716265642534
19.566746182000003,2.6416540291360926,0.1683491650198158,0.72747811378636,2.7113154250082583,2.2878000942277827,3.1374780064566217,1.885651083122769,-0.34448529299857533,0.8383471821694006
19.583628672,2.641792935170284,0.1684767974321642,0.7288358908407099,2.7147174219441026,2.2849846343831453,-3.140025295919312,1.881285487245152,-0.34515010118263634,0.844029186973053
19.600435749000003,2.6418931735385187,0.1685657313483257,0.7293700501320577,2.7178618606523512,2.280664565051713,-3.1349165170957694,1.8759684631893179,-0.34462118813875176,0.8491379657965954
19.616800743000002,2.641951884735501,0.1686179966213668,0.7295142108090695,2.7177133180992508,2.2827814889063736,-3.126550419390032,1.8776471637050411,-0.3459194161907604,0.8575040635023328
19.633769908,2.6419747950301917,0.1686372821445955,0.7295419071711146,2.717494622655793,2.2864410947947125,-3.1196138609862523,1.880523838904897,-0.34819214203201065,0.8644406219061125
19.649997300000003,2.6419824314577416,0.1686434722339461,0.7295308955946828,2.7198839527825527,2.2889285282947824,-3.113699955002361,1.880789766702302,-0.3516309654177747,0.8703545278900044
19.667103126,2.641977184265769,0.1686418093479063,0.7295225534867263,2.72576517324756,2.290395932629294,-3.1022829361378514,1.877970164353688,-0.35699677125051377,0.8817715467545142
19.683262989000003,2.641972886159796,0.1686364498777888,0.7295025355983973,2.728128976247062,2.2890902643325295,-3.0963588845136982,1.8754223523738367,-0.3578917508240007,0.8876955983786665
19.716305643000002,2.6419671589566405,0.1686318073107222,0.729481178698096,2.728147289728388,2.286971298382792,-3.0866821743175548,1.8738288119423545,-0.35649497561911714,0.8973723085748109
19.71689689,2.6424752101152102,0.1692362095427805,0.7300855825532683,2.7281989814847183,2.2869536945716713,-3.086504600351109,1.8737812670382652,-0.35652183476902266,0.8975498825412558
19.749578165000003,2.6438245147683928,0.1699390631991574,0.7301876054631645,2.7347009087794634,2.2848384672863173,-3.0756188630161176,1.8678748442753574,-0.35996616564172657,0.9084356198762471
19.751219293000002,2.645198335754482,0.1716418167947275,0.7326234032698729,2.7351514111523083,2.284956552519384,-3.074794885284156,1.8676631025777015,-0.36038096916591744,0.9092595976082087
19.782835167,2.647428070550826,0.1733350012387524,0.7343787053617526,2.7370820966511995,2.2874700363060856,-3.0570875029360938,1.8682537578207459,-0.36349485317555974,0.926966979956271
19.799503409,2.6498861554933684,0.1758111281557586,0.7376757044922603,2.7405896679201387,2.28507014658641,-3.0533248975960072,1.864128022103296,-0.36451506475315254,0.9307295852963584
19.816198572,2.6530021670107,0.1786050245252738,0.7413988132946241,2.739649564842704,2.286573898564869,-3.044616589806667,1.8658760067817521,-0.3648144196809642,0.9394378930856977
19.816986594000003,2.6565798760926778,0.1819174265739494,0.7460688152847577,2.7395646249711976,2.286678453809272,-3.0441614997944626,1.8660105730166752,-0.364820625268961,0.9398929830979021
19.833501905000002,2.6606580920857663,0.1857217060515662,0.7521463145698509,2.738210649392295,2.2874501827850295,-3.031703313838304,1.8674877455787828,-0.3643238590240889,0.9523511690540616
19.850441674000002,2.6650104471418468,0.1898468194526631,0.7590641516176713,2.735416331445927,2.2871867556318413,-3.020655036141065,1.8691511293047738,-0.36206315974498526,0.9633994467512998
19.866973216,2.66955688073658,0.1942336123693006,0.7673162108334174,2.731236144902326,2.2851345036325763,-3.013499768936028,1.8704020140125017,-0.35757751762197065,0.9705547139563375
19.883388255,2.6741702478544926,0.1987623065403811,0.7763477528149166,2.7286416291109616,2.2828128302215482,-3.006971647921663,1.8703963675700028,-0.35409590194289287,0.9770828349707017
19.900308788,2.6787923090497703,0.2033839740054826,0.78589407404686,2.7284873541706953,2.2810062218311247,-2.9993700671499575,1.8691508142206819,-0.352778240572305,0.9846844157424073
19.932975295000002,2.683387263937965,0.2080717146874875,0.7957431549026446,2.7274138267773225,2.2788096340682924,-2.9831768577852404,1.8682261053125733,-0.3505149747241534,1.0008776251071243
19.949476448000002,2.687947961522008,0.2128233910590554,0.8058561097742784,2.729716811368441,2.2807363575619295,-2.975398630328013,1.8681310581538029,-0.3535161357470695,1.0086558525643525
19.950514998000003,2.6924720107332067,0.2176344759177126,0.8161648170360902,2.7296822743119495,2.2808005557500963,-2.974839551117393,1.868201957055859,-0.3535330933802254,1.009214931774972
19.982834924000002,2.696952730806076,0.222500566213593,0.8265775452857488,2.724873332543527,2.285845544553789,-2.954619300960168,1.8751679161569175,-0.35330234077711653,1.0294351819321967
19.983458142,2.701388691591732,0.2274214251760423,0.8370771966069046,2.7248454236637047,2.286033093802965,-2.954231891984146,1.8753264580898232,-0.3534063507860101,1.0298225909082195
20.000566082000002,2.7057722521591203,0.2323875248581184,0.847628853939253,2.7226626942016314,2.281406660235954,-2.9482743363695523,1.8733267095690918,-0.34869793265372806,1.0357801465228125
20.016238726,2.710104848622866,0.237403035933765,0.8582509894678466,2.720354852929445,2.2755916007557446,-2.936447507901356,1.8705231863746945,-0.3431049633355161,1.0476069749910089
20.049631818,2.7144008204125067,0.2424578091185117,0.8688741444493637,2.7122204244982724,2.2671131442282,-2.9115436031189432,1.8696103498162409,-0.33139087436501224,1.0725108797734215
20.050720353000003,2.7186022977566138,0.2475241352021528,0.8794171033629811,2.7119108481543566,2.266645186242047,-2.9111060339380437,1.8694671828044123,-0.3308483567189948,1.072948448954321
20.082892507,2.72275908019514,0.2526601310821031,0.8901094379295811,2.708599464070079,2.2591858295027825,-2.8934713064708113,1.8661045326207375,-0.3234119697428177,1.0905831764215534
20.083537667,2.7268711027589174,0.2578508956288908,0.9008379342315675,2.708671142615118,2.2591756961193457,-2.893109217116929,1.8660492590189945,-0.3234587172371808,1.0909452657754368
20.101195705000002,2.730926430940116,0.263084044818124,0.911596875894291,2.7082598079823494,2.255733456538134,-2.8843269804164464,1.8637541662459662,-0.32086049502232594,1.0997275024759183
20.132852207000003,2.73491599271507,0.2683499331419101,0.9223448648329244,2.707616446706782,2.25292354954291,-2.8674937714867585,1.8620854165329077,-0.31851001306156146,1.1165607114056062
20.149558231,2.738859843563212,0.2736724985784118,0.9331575751620074,2.7094492410423276,2.2538128141490708,-2.8584556454387577,1.8615291019839981,-0.3204697173093627,1.125598837453607
20.149884353,2.7427431816306584,0.2790342344034947,0.943930463178316,2.7094226131904433,2.2537560968245565,-2.858270314711577,1.8615044989835416,-0.3204120927506695,1.1257841681807879
20.166975,2.746566480847538,0.2844333519300361,0.9546952290073436,2.7080271623563243,2.250783786547883,-2.848557930890455,1.8602151618767808,-0.317392238244838,1.1354965520019107
20.18340625,2.750334043356969,0.2898784292766855,0.9654641633125765,2.70519196078406,2.25020535329554,-2.8403708820632003,1.861670674848677,-0.3148913514078484,1.1436836008291653
20.216175693,2.7540387035806004,0.2953585074365477,0.97628044327914,2.6990983986042396,2.237967346428781,-2.8222254528855384,1.856593688922056,-0.30219786780361035,1.1618290300068264
20.217276141000003,2.757683806034901,0.3008793046062262,0.9871104865120224,2.6986498331260824,2.237331578939312,-2.821196266577081,1.8564178033626597,-0.30143992614434056,1.1628582163152839
20.249616425000003,2.7612559725783394,0.3064173519529757,0.9978851710751552,2.6965868792416647,2.2309916522482935,-2.800001756558026,1.8530595763357103,-0.29568034626277084,1.1840527263343397
20.249800276000002,2.7647900734246385,0.3120262535190734,1.0087643886427045,2.6965398564451504,2.2309437820536773,-2.7998916478681597,1.8530551512455797,-0.29561339017640087,1.184162835024205
20.282923623000002,2.768249809962071,0.317654075839159,1.0194999341966848,2.6879105140278448,2.2196248461658463,-2.7810607715644053,1.8503519386898304,-0.28163925327760175,1.2029937113279594
20.284755906,2.771660975673736,0.3233396514510209,1.0303215625207818,2.6879765182395765,2.2192962103566805,-2.7804321317686007,1.85006274880361,-0.28146976209570607,1.203622351123764
20.316257072000003,2.775010670958224,0.3290614183201543,1.041065979851132,2.688463804241488,2.2141507970320236,-2.760263576295797,1.8458984579310929,-0.2784084866330456,1.2237909065965678
20.317375564000002,2.778295071264382,0.3348106785689394,1.0518353679160055,2.6884469335628065,2.2139947333767744,-2.7590534230588304,1.8457932197054565,-0.27829201603523757,1.2250010598335344
20.333777688,2.781516089183222,0.3405918407406785,1.062636351348555,2.687123963496363,2.2110641625438565,-2.747692266678361,1.8444867868785222,-0.2753540356962696,1.2363622162140047
20.366153772,2.7846713402984857,0.3464049075822401,1.073456729774405,2.6856242038736067,2.2032797192810194,-2.7333698885267843,1.839675662530088,-0.26905324857541846,1.2506845943655804
20.382975165,2.7877622518661385,0.3522471356337704,1.0842736756305749,2.6860250979296345,2.2006524933231235,-2.7265585077484165,1.8374481595679408,-0.26760367524797823,1.2574959751439483
20.399708221,2.790787875546364,0.3581231751531915,1.0950992720468151,2.680978396084438,2.1977676107212356,-2.713787587848606,1.8386544418631934,-0.261917144656735,1.2702668950437594
20.416333230000003,2.7937534618926048,0.3640369540011982,1.1059279023226212,2.6746500535748448,2.1945265890814825,-2.699859169768919,1.8404480387041795,-0.25503709011043396,1.2841953131234458
20.416912554,2.7966025896745275,0.3698559763601787,1.115520373987679,2.6746585128172016,2.1944133994163133,-2.6996457885191134,1.8403579363580527,-0.2549680609404774,1.2844086943732513
20.434690792,2.799293152311489,0.3754539288097928,1.1237038712439822,2.6747029404672795,2.1907228322205863,-2.6931906615257653,1.8375741526852876,-0.25254467312473006,1.2908638213665995
20.450379848,2.801882520708832,0.3809603258389444,1.1307194418127715,2.672794529331239,2.1855016370730476,-2.6883367635216313,1.8349479492338867,-0.24764508464561308,1.2957177193707334
20.467187976,2.8044390045326044,0.3864814235061741,1.1368047258775849,2.6741937015556996,2.179416255345446,-2.6817297326903455,1.8294751982860866,-0.24463866638667398,1.30232475020202
20.483725279,2.8069946209916434,0.3920777432840562,1.1421159217571837,2.6750037290386297,2.1734354546704884,-2.6769995142008884,1.8244726455215317,-0.2412621908463337,1.3070549686914763
20.500213197,2.809563686006955,0.3977584478011104,1.1467336268379602,2.6747901048129963,2.1681726911137926,-2.674179026846505,1.820687323250768,-0.23759972571067367,1.3098754560458605
20.516742704000002,2.812145266552268,0.4035407042819472,1.150706395329768,2.674416977079649,2.164419168188981,-2.672117857597918,1.818134493118508,-0.23482281790372328,1.3119366252944467
20.533806069,2.814750810614997,0.4094285526556124,1.1540851410436817,2.6738439996555945,2.1612338054250273,-2.670055398909682,1.816138697321382,-0.2322749485580471,1.313999083982683
20.566490761,2.81737983253842,0.4154146025005503,1.1569287272503934,2.660480387053135,2.153722697586712,-2.663713223693832,1.8194284670709353,-0.21730229689769232,1.3203412591985337
20.567240961,2.820025148214562,0.4214714439386324,1.1593526279551647,2.660178574126054,2.1535030400162682,-2.6636900880632606,1.8194654351521367,-0.21693084858072353,1.3203643948291042
20.5834619,2.8226695518896405,0.4275640492383358,1.1614939808751128,2.6546873464041965,2.1490981634475044,-2.6631482028310707,1.8198332589086215,-0.20990082545391164,1.320906280061294
20.600520757,2.8253170927531444,0.433691579432826,1.16328688024211,2.655447565133168,2.146642348628335,-2.6623152893600697,1.8174945009166614,-0.208833506384011,1.321739193532295
20.617154312,2.827924990808863,0.4397591926574531,1.1654645554931964,2.6555371884789434,2.1425963450598187,-2.662100317551576,1.8144153772477654,-0.20620725912752524,1.3219541653407898
20.649629675,2.83054894774891,0.445899982099524,1.1672925738592417,2.6372803431863767,2.1264215572027196,-2.662201787238029,1.814496651693506,-0.18181608128135807,1.3218526956543357
20.650455539000003,2.833168179968826,0.4520560358021488,1.1690369780695535,2.637253519063672,2.126327201205685,-2.6621530447366366,1.8144440901956889,-0.181733256908843,1.321901438155729
20.682925722,2.8357735218114164,0.4582063834192509,1.1708211979418692,2.625668895841822,2.119700188989609,-2.6583041182517313,1.8172095019302648,-0.16867671509860482,1.3257503646406334
20.683569118,2.838370810024696,0.4643768867184868,1.1725505674773775,2.625079137248189,2.1194690815826784,-2.658161743727317,1.8174295897701742,-0.16808275619848922,1.3258927391650488
20.716346596,2.840959521534652,0.470554910087372,1.1742576975655985,2.5915223666639866,2.1113015817665883,-2.65293320956229,1.8336706283662187,-0.13760336036116305,1.3311212733300746
20.732902114,2.843539660102994,0.476741168779827,1.1759553416801576,2.5904219916251137,2.108644201841341,-2.6516647357409573,1.8324199081553143,-0.13501334255286146,1.3323897471514083
20.749624408000003,2.846108861120786,0.482937334463498,1.1776380806482378,2.582430529270485,2.108334783832143,-2.6497542750956713,1.8375083325069839,-0.12884348455715466,1.3343002077966943
20.75028641,2.848668008861361,0.4891304122606025,1.1793647348113083,2.582114163342361,2.1083225345952306,-2.649678643799624,1.8377097729970056,-0.1285992322833418,1.3343758390927416
20.766655943,2.851218128848635,0.495335421408038,1.1810597688459294,2.5744338766952897,2.103178371866455,-2.6473683046558145,1.8389829773745157,-0.11944346012724294,1.3366861782365511
20.783702676,2.8537596737453668,0.5015474737872933,1.1827535145904562,2.5696760524053226,2.0986980896170864,-2.6457810813109486,1.8388063534934609,-0.11291057217375311,1.3382734015814162
20.816184641,2.8562907345856767,0.5077650218759662,1.184441084422496,2.5669646617840267,2.094269560379259,-2.6445856539666845,1.8373061892849532,-0.10793935324284165,1.3394688289256802
20.817069478,2.8588103575053854,0.5139881859821221,1.1861229229516204,2.566800312084032,2.094091651694435,-2.6445260337381047,1.8372828145724402,-0.10769828074992915,1.33952844915426
20.849496669,2.8613199715840376,0.5202152955285327,1.1878052261788674,2.557920538349003,2.087601067023681,-2.6416571631296826,1.838349617478283,-0.09675113488839848,1.3423973197626822
20.850112162000002,2.8638205341280814,0.5264496872744826,1.1894769019471207,2.5576069020622976,2.0874793613680502,-2.641567973615931,1.8384675554650671,-0.09643606248683945,1.3424865092764335
20.866976878000003,2.866310160057199,0.5326918402443038,1.1910920599639263,2.5490131619181096,2.0841445853140517,-2.639124150827387,1.8416990961206383,-0.08780297231080514,1.344930332064978
20.899546661000002,2.8687887708999584,0.5389303103836138,1.192739048475982,2.5067499719089774,2.079626419579573,-2.6305283061083937,1.8664588077511302,-0.053255212161598564,1.353526176783971
20.899977031000002,2.8712597863789924,0.5451791605037878,1.1942996374803327,2.5065462380044754,2.079576697174566,-2.6304821281169115,1.8665573116279106,-0.053070072193837525,1.3535723547754532
20.917150215000003,2.873723178979936,0.5514336222464659,1.195821390632252,2.5066299910434444,2.077690622245062,-2.6301498407044797,1.8650940156711433,-0.05187715218220745,1.353904642187885
20.949637891000002,2.8761756080442744,0.5576916729007511,1.197297722611387,2.4967199984079613,2.0721551991136944,-2.6273299863042325,1.8675593825463932,-0.0407969522991265,1.3567244965881322
20.966266628,2.8786204145287,0.5639555735959506,1.1987359091490568,2.4884634892144297,2.068158675365338,-2.625442456220892,1.870072601222902,-0.03197505465643635,1.358612026671473
20.982937936000003,2.881056641330936,0.5702222259912332,1.200131056969595,2.4803094235195586,2.063526886936113,-2.623875489031942,1.8720435427837554,-0.02280675924381592,1.3601789938604227
20.983778989,2.883483814668491,0.5764947300756584,1.2014904176489534,2.47989805799174,2.0632932172352256,-2.6237964368990703,1.8721429750726062,-0.022344226708177484,1.3602580459932945
21.016262316000002,2.8859047938351474,0.5827710559962568,1.2028090865981296,2.4634259496487663,2.061787160859604,-2.62021443313229,1.8819833195204354,-0.009048882402094893,1.363840049760075
21.032929166000002,2.888318148251656,0.589051205401117,1.2040959755792504,2.4561542596657837,2.0579297406176695,-2.6185486085727554,1.8839448260558216,-0.0010545307558929018,1.3655058743196093
21.033791529000002,2.890713851954516,0.5953250570440808,1.2066936854309631,2.455778013621163,2.057730153023608,-2.618462416792987,1.8840463167790462,-0.0006408933217847412,1.3655920660993779
21.066256422000002,2.893066139250632,0.601576308927295,1.2104854308613002,2.445272112435121,2.0497261920625602,-2.6160288770749274,1.8850661064572471,0.012527150565182055,1.3680256058174383
21.06692181,2.895400345841603,0.6078622715665383,1.2153019061518324,2.445247281176355,2.0496111543367435,-2.616019778046759,1.8849967840100101,0.012622254025067114,1.3680347048456056
21.099618625,2.8977107590211344,0.6141898656876199,1.2209007178442426,2.44530987627086,2.041726280412203,-2.6155317438829133,1.8790707634081443,0.017823930175887792,1.3685227390094514
21.100528429,2.899986871030628,0.620545155899257,1.2270024013927483,2.44539670956039,2.041358825746632,-2.615515450235204,1.8787387392193862,0.01800371585245797,1.3685390326571607
21.132937074,2.9022239098883262,0.6269243329998835,1.2334275219008526,2.4462193790213127,2.0322577449972834,-2.6135661287699623,1.8713991563809997,0.02344770148860409,1.3704883541224024
21.149595948,2.9044213972942674,0.6333260862375152,1.240063750403528,2.444406706363654,2.0273326437229464,-2.610432961832334,1.8689301968863274,0.02807875360879919,1.3736215210600307
21.150442793,2.9065769442493643,0.6397466036643721,1.2468390720798832,2.4442413578827717,2.0268541444599917,-2.610162607532356,1.8686831610385177,0.028520652867313867,1.373891875360009
21.16680968,2.908690554845107,0.6461888655104149,1.2537079559783508,2.4410456846459594,2.0176062379760626,-2.604937497532645,1.863908724387116,0.03706119479588743,1.3791169853597207
21.199533075,2.910749840725733,0.6526594425645373,1.2606596466221738,2.410981434822673,2.021830402782557,-2.592172453879618,1.8870727462521248,0.056685943884393186,1.3918820290127467
21.201202598000002,2.912770498725143,0.6591295872809881,1.2676357513121508,2.4104760888498933,2.0213640223929477,-2.591448052650003,1.8870610662477112,0.05737351118838152,1.3926064302423615
21.232880480000002,2.914751125108112,0.6656189708256681,1.2746658268621391,2.3996444008377016,2.0121523230127276,-2.5774978797648256,1.8873963927275312,0.07158858863512574,1.4065566031275392
21.249683409000003,2.9166855171997983,0.6721236664358783,1.281793040275386,2.3902418611818717,2.0061997554660835,-2.5694945298843015,1.8892126766631887,0.08256774730243199,1.4145599530080641
21.266327695,2.918561701270285,0.6785999380662981,1.2876724197369804,2.378164989924646,2.0027603454167644,-2.5604609082939698,1.8946845989136698,0.0938698899194601,1.4235935745983959
21.267728846,2.920375286404659,0.6849600526814416,1.2923639256921289,2.3769957768691214,2.002606462244228,-2.5596393836576876,1.895348018862161,0.09484488385377121,1.4244150992346771
21.299647116000003,2.922157371958789,0.6912964809214356,1.296245626229981,2.3624071346820883,1.9980139656841434,-2.5463500339007314,1.9016313151594197,0.10878904726204075,1.4377044489916333
21.300549506000003,2.923927094124024,0.6976605799802709,1.2994205340729263,2.362368260717616,1.997850415891295,-2.5461425600330507,1.901535136143533,0.10892692154085148,1.437911922859314
21.317384666000002,2.925691132817655,0.7040614020698541,1.3020886411197363,2.3604171303667267,1.9943663013878925,-2.5409970073207244,1.900233723344753,0.11270214183192762,1.4430574755716403
21.333599684000003,2.9274447119200984,0.7104867933413878,1.3044127799673415,2.3555336698229907,1.9899496548389835,-2.532916737245296,1.900188216732098,0.11928643243672488,1.4511377456470687
21.366212449000002,2.929189725663168,0.7169275724894182,1.3065083983186965,2.3443961203684824,1.978875546975745,-2.5155664754610942,1.8993372473066965,0.13496943992429822,1.4684880074312705
21.382968498,2.9309242649128024,0.7233823112008935,1.3084514127600055,2.342784131524875,1.9747321235482491,-2.5111879114445426,1.8973180608249225,0.13893041855126143,1.4728665714478222
21.383823858000003,2.932649757351665,0.7298481468064916,1.3102914789306397,2.3427459924051717,1.9745402541356958,-2.511012482655361,1.897200258195817,0.13908659474823493,1.4730420002370046
21.40036088,2.9343661991504537,0.7363219798668594,1.3120701743302874,2.3419051302865657,1.970862936719106,-2.507526742875563,1.8950156359442456,0.14216184077136873,1.4765277400168024
21.432886959,2.9360707268122472,0.742801906330872,1.3138119034436777,2.328414416119514,1.9661300168675107,-2.48927005610396,1.900463325364234,0.15538010764119914,1.4947844267884047
21.433624615000003,2.9377638176234946,0.7492878064396982,1.3155333550168626,2.3282182624417085,1.9657715684890875,-2.4888383225622945,1.9003263863656392,0.15576508714191917,1.4952161603300702
21.45024193,2.939447376230911,0.7557780090673372,1.3172392691887902,2.323799471768964,1.9576967346702359,-2.479112580132333,1.8972415358724146,0.16443759252652734,1.5049419027600326
21.466901446,2.941120927927343,0.7622735876456274,1.3189372814236924,2.303172680946929,1.951407756572013,-2.467925671500142,1.906277933581415,0.18401715487047898,1.5161288113922229
21.483367813,2.942784470301678,0.7687734692922116,1.3206281941594291,2.2793813511780474,1.9458422226560836,-2.4568538701840215,1.9179606306686832,0.2054768176988686,1.5272006127083433
21.516271492,2.9444360979918605,0.7752781330406855,1.3223172694615863,2.2794024670406876,1.9378562411253633,-2.4466565359705115,1.9119867647962847,0.21077674915382705,1.5373979469218533
21.516740005000003,2.946076763573161,0.7817873393742995,1.3239996750149994,2.2792265710681123,1.9377506088328875,-2.4463793811013677,1.912025014319896,0.21097832928262283,1.537675101790997
21.533621673000003,2.94770694151257,0.7882994188149591,1.3256632402086694,2.2728886094500846,1.9339444192679234,-2.4363928140574327,1.9134032381018693,0.21824175379746702,1.547661668834932
21.550293933000003,2.9493261583228154,0.7948162792588579,1.3273225240734954,2.2661912507175956,1.9283778492798265,-2.425838452900649,1.9137069427135636,0.22694514847614622,1.5582160299917156
21.582870228,2.950935845562154,0.8013397071965571,1.3289952590668503,2.2577143535930335,1.9190704699741312,-2.410113057395888,1.9124034509358434,0.23946657026386298,1.5739414254964768
21.583694329,2.9525316963606723,0.8078558793035473,1.330620428997178,2.2576274816211623,1.9189235332771186,-2.4098569331879336,1.9123516188077256,0.23962920655415676,1.5741975497044312
21.600320811000003,2.9541204078035794,0.8143833845257477,1.332199062428346,2.255700914440735,1.914890987279607,-2.4030045611322244,1.910624570412397,0.24375114689372257,1.5810499217601404
21.632896905000003,2.955700540749666,0.8209148335402215,1.3336715762480589,2.248744089604434,1.903213994480864,-2.3826634071293817,1.9065408717998986,0.25671544318265216,1.601391075762983
21.633813673000002,2.9572716202509026,0.827452253453102,1.335151136592278,2.248389407714326,1.902900930392244,-2.38205524865924,1.9065433231293014,0.2571885207214746,1.6019992342331246
21.666178815000002,2.958831256808045,0.8339905210148334,1.3366005348787615,2.2385832411859625,1.8952864213115246,-2.3650957666444477,1.9073879918152683,0.2695751338716983,1.618958716247917
21.683046247,2.9603842224608665,0.8405330877991355,1.3380203493130831,2.235224443662596,1.8934066795117868,-2.359040578601827,1.908220878912563,0.2733329589234823,1.6250139042905385
21.699539555,2.961927178455944,0.8470786463498802,1.3393947759057403,2.230126571443856,1.8873173483461267,-2.3481913584624197,1.907069792797306,0.28119064662145954,1.635863124429946
21.716284323,2.9634615553776764,0.8536277910653418,1.3407390383432027,2.224550458447992,1.8808624543514956,-2.336791418649505,1.9059642232473328,0.289648566495444,1.6472630642428605
21.732978474000003,2.9649878278773936,0.8601789716766152,1.342036588552909,2.218079577456394,1.8738063222623687,-2.324548928759987,1.905005541594571,0.2991744381277561,1.6595055541323784
21.733653732,2.9665059983823707,0.8667334994845963,1.3433035812684415,2.2178178382306855,1.8735209103452113,-2.324053735009926,1.9049667640936676,0.2995597479902741,1.6600007478824388
21.750160706000003,2.9680151117255518,0.873290302705214,1.3445315198409082,2.217495051979983,1.8675307429183574,-2.313219424612713,1.9007112531820118,0.30378785911063977,1.6708350582796516
21.782905733,2.96951850699672,0.8798504503758966,1.3457338385673503,2.213838096393292,1.8582772728641965,-2.2970329919014336,1.8962397068000123,0.31267635196150634,1.6870214909909311
21.783548899000003,2.9710137979472195,0.8864123955237982,1.3468963058460246,2.213658363919765,1.858126709616644,-2.296785211870702,1.8962469787498875,0.3129107024944666,1.6872692710216626
21.816257155000002,2.9725019392505767,0.8929772099332157,1.3480313835622717,2.196709570588935,1.8475274598251565,-2.2747841037087886,1.8996185127607903,0.3326144698988709,1.709270379183577
21.817046159,2.9739819761341115,0.899543225773532,1.349131909412505,2.196224416822928,1.8472430262010942,-2.274161520525589,1.8997291762333284,0.3331658592885165,1.7098929623667765
21.833561429000003,2.9754543867061067,0.9061118730060912,1.3502070772833124,2.1934311015304804,1.842243782680556,-2.263701751982798,1.897857628387402,0.33857810048427606,1.7203527309095676
21.866262642000002,2.976922508133613,0.9126825517393764,1.3512443976093034,2.1856742402584914,1.8298033847519368,-2.2424899014751727,1.8937367390586453,0.3526475947379941,1.741564581417192
21.866899045,2.9783729714459004,0.919240018576302,1.353601188493071,2.1853615262026165,1.829477259887534,-2.242028327090468,1.8937015083898614,0.3530980459649884,1.7420261558018968
21.899584959000002,2.979789530604557,0.9257544898919,1.3571662835727671,2.177620255109016,1.8196583470413863,-2.2240905994206335,1.8915266142894729,0.3654109726388932,1.7599638834717322
21.916326861,2.981173691348715,0.9322915291039948,1.3617780895517426,2.175810557637209,1.8162958742698374,-2.215704360358255,1.8902218391431282,0.3689996757328191,1.7683501225341107
21.916659255000003,2.982535979241005,0.9388829529867124,1.3672359318314409,2.1757151946259556,1.8161754596443749,-2.215474349515424,1.8901954518840944,0.36915099492691317,1.7685801333769415
21.949587360000002,2.98386014594645,0.9454964745213972,1.3732495492703751,2.1704342299220856,1.803831463330174,-2.1924824719258798,1.8844984803996876,0.3813085995065322,1.791572010966485
21.96629119,2.985143324127815,0.9521274478453956,1.37961749016935,2.172623280597275,1.797084295583729,-2.180578161046615,1.8780060841933268,0.38416604713629665,1.80347632184575
21.982868709,2.9863850387724318,0.9587769463906852,1.3862160470067213,2.1707108880632884,1.791505571486606,-2.176256667114793,1.8751157127209683,0.3893065880132518,1.8077978157775725
21.983715192000002,2.9875824285719688,0.9654444966164192,1.3929640130188088,2.1706120057668095,1.791221046976235,-2.17603826146605,1.8749691954072496,0.38956976966599255,1.8080162214263158
22.000280278,2.9887359647009752,0.9721254488141784,1.3998154625924772,2.167181182392741,1.7854250111801302,-2.170666264343799,1.872927357189415,0.3959881399159837,1.8133882185485657
22.016636956000003,2.9898427831675254,0.9788171836774244,1.4067395713485418,2.158970035375467,1.7789663660405488,-2.1618212260584944,1.873572939646299,0.4064150404942808,1.8222332568338704
22.049507852,2.990903834340662,0.9855170775049518,1.4137146418426887,2.150762501101134,1.7643763694522299,-2.150142439795541,1.8681478195407968,0.42225169705911103,1.8339120430968237
22.050851533000003,2.9919176887222028,0.992225131944356,1.4207959451051917,2.150525817818307,1.7637607774855997,-2.1497376789109985,1.8678459560105483,0.42283808503209075,1.8343168039813662
22.082849967,2.992883865420398,0.9989387249428318,1.4279069187764406,2.144051525782171,1.7533165964786614,-2.1452613250859924,1.864361098004531,0.4346216812129162,1.8387931578063732
22.083612510000002,2.993798502018463,1.0056164952992066,1.4337926062660438,2.143902364224827,1.7529476091819456,-2.145121498517236,1.8641850147260606,0.4349786062391754,1.8389329843751288
22.100247549000002,2.9946830112332403,1.0121867735399728,1.4385496385110383,2.1406483728778296,1.7448980722097747,-2.1420711519472775,1.860343720261872,0.4427650021957188,1.8419833309450873
22.117321193000002,2.9955110657197586,1.018658411412006,1.4424856726143522,2.1383092988331436,1.7384272320216425,-2.1396981746480783,1.8570715877865696,0.44881778578601317,1.8443563082442864
22.149565325,2.996330165108262,1.0251896643104523,1.445818248008065,2.1334192467388817,1.7314885995646356,-2.1365145014993834,1.855148350856256,0.45708569903954377,1.8475399813929823
22.166478173,2.9971383551403643,1.0317707592937482,1.44860003301911,2.1303669089048722,1.727355298558307,-2.1350294584021023,1.8540954546475015,0.46211484936891667,1.8490250244902633
22.168143027000003,2.9979341775253774,1.0383773793309128,1.451005270962887,2.1300757621085715,1.72630473814487,-2.1348264627901523,1.8535052335258,0.46303140960522127,1.8492280201022133
22.183565855,2.998718576354459,1.0450016555155892,1.453158354837143,2.1273786445462552,1.7165725859200907,-2.132945957708116,1.8480375595784393,0.47152221473056644,1.8511085251842498
22.216212033,2.999491068034626,1.0516378663551038,1.4551436809102607,2.1207461807542716,1.7131741069505597,-2.129496398913867,1.8499160800526573,0.47873403808435544,1.8545580839784979
22.216931674,3.000250698703891,1.0582852976926085,1.4570119195738604,2.1207255478812446,1.7128169059938756,-2.129439768681129,1.8496632404893087,0.47898719889117825,1.8546147142112357
22.233529623000003,3.0010012730258544,1.0649367925814746,1.4587954364636049,2.12024966702645,1.7045783491831927,-2.128133637269986,1.8438316964588168,0.4848261521476487,1.8559208456223786
22.266311409,3.001739456550097,1.071594023795438,1.4605432453245324,2.1113987294860843,1.6867998977569156,-2.1244168387141915,1.8364553503763454,0.5032652939099855,1.8596376441781732
22.282935296,3.00246667916551,1.0782565128496324,1.462268477512909,2.1074324654830656,1.683580314927889,-2.1228736790352247,1.8366926819631033,0.5083682966978085,1.86118080385714
22.285842698,3.0031848457538217,1.08492258861795,1.4639761905971898,2.106779796954815,1.6831944560593242,-2.122617613786886,1.836839155846924,0.5091122111253994,1.8614368691054786
22.316318900000002,3.003887280802904,1.0915920203726857,1.4656765866535222,2.1022090180246167,1.6686750637733647,-2.1201006854678344,1.829046001798276,0.5221878190407643,1.8639537974245304
22.317047088000002,3.0045820912825065,1.0982655140301467,1.4673684414384904,2.1021223099056465,1.6682243281626508,-2.120042204139036,1.8287673403240632,0.5225525499983901,1.8640122787533286
22.349567957,3.0052640295776336,1.1049414067044872,1.4690604878872169,2.0912065922751757,1.657794557491972,-2.1151192598135813,1.8282495720734666,0.5376411193033244,1.8689352230787843
22.350483112000003,3.005936435329612,1.1116204098050635,1.4707427856506263,2.0908475651302707,1.657572469844278,-2.1149637106921295,1.828322809990485,0.5380568832045323,1.8690907722002361
22.366749067,3.006595969572792,1.118302765596396,1.4724137641545711,2.089574736858537,1.6534932826122366,-2.1142853934850576,1.826125807311721,0.5417219943232952,1.869769089407308
22.383905319,3.007245966894168,1.1249846555377696,1.4740020437305288,2.0877932722091654,1.6494656675211694,-2.113287138882213,1.824305854520659,0.5457323648120478,1.8707673440101527
22.416285470000002,3.0078850019656533,1.1316710880643477,1.4756554730647646,2.0795803343717627,1.6413620747402649,-2.109052968497605,1.8237250308232893,0.5572555244357078,1.8750015143947607
22.416653531,3.008512594967748,1.1383589642857428,1.477270277140327,2.0794690043752264,1.6411740322274018,-2.109007961178352,1.8236588020175633,0.5574637745258992,1.8750465217140135
22.449645278000002,3.0091301752091457,1.1450475672988072,1.4788656227145822,2.069380900511846,1.6217006252229602,-2.1050420196921973,1.8158410297124465,0.5779544030205144,1.8790124632001675
22.466357424,3.009735837448255,1.1517388066483598,1.4804194956341865,2.0657604796289455,1.6126785110791868,-2.1035082094246915,1.8115178220462824,0.5866616337207908,1.8805462734676741
22.482893273000002,3.0103324434164302,1.1584331558750542,1.481934963717038,2.0671545147233013,1.61311350888922,-2.1033136898118148,1.8109145457067313,0.585331741019417,1.88074079308055
22.499575382,3.010919991826955,1.1651296613052926,1.483401232642145,2.0659195740204344,1.6087516246126383,-2.102326254882051,1.8084813517227634,0.5891567482113409,1.8817282280103136
22.516312234,3.011497053575307,1.1718292782606754,1.484835119789658,2.0635486307576136,1.60159909085323,-2.101058193991687,1.8047216952459633,0.5956870693605225,1.882996288900678
22.517155341000002,3.012065532451853,1.1785291435228618,1.48622054406173,2.0635766619520197,1.601089254123994,-2.101074316209554,1.8043225538939929,0.5960055115365686,1.8829801666828114
22.549582933,3.0126249550104616,1.1852321186622112,1.487573586856496,2.0616050254532903,1.5842674734494024,-2.1002254019405937,1.793081103141041,0.6086739542394484,1.883829080951772
22.567331674000002,3.0131767500016573,1.191936533101646,1.4888827523954415,2.054155339874097,1.5808831604041986,-2.0966922149321157,1.7955141608124243,0.6164862279407788,1.887362267960249
22.582962529000003,3.013719963682437,1.1986423879399024,1.4901628603179,2.050615653647208,1.5777875004821755,-2.0941225242860684,1.7955600321368153,0.6211883960321223,1.8899319586062973
22.599555778000003,3.014259365436101,1.205347055078983,1.4913950275700338,2.0479065375171692,1.5744612640078488,-2.091582691308794,1.7948809774624126,0.625424201036882,1.8924717915835707
22.616313951000002,3.014784916283024,1.2120402940694008,1.4926432393990647,2.0458389195870064,1.5654125344870002,-2.0860476768585574,1.7895043186300374,0.6329903156042711,1.8980068060338073
22.632884156000003,3.0153023801233547,1.218745463317349,1.4938288621194664,2.0445116709963442,1.5575851917239716,-2.080040070405664,1.7845463509613688,0.6391909155871587,1.904014412486701
22.649756507000003,3.01581364883657,1.2254542159833604,1.4949685288181955,2.04510560483347,1.5541098877202004,-2.0730074154718823,1.7815574482775383,0.6410609305785693,1.9110470674204834
22.650450179,3.016315861412518,1.2321663169449988,1.4960918945367103,2.0451300232012875,1.5539670077458037,-2.0727182823325103,1.781434565692741,0.6411378123977731,1.9113362005598553
22.683285087,3.016812830304119,1.2388796160415516,1.497172934242209,2.0351661444498768,1.5386427141510401,-2.0565164824225572,1.7766305228453403,0.658773969186361,1.9275380004698075
22.683744683,3.017301694282368,1.245594116569228,1.4982332132905334,2.0349892420614935,1.538399395134356,-2.0562812334657146,1.7765666888621272,0.6590679484738677,1.9277732494266502
22.700151216000002,3.0177834072547767,1.2523098174292169,1.499258633848058,2.036711890232624,1.5417743565541568,-2.052048937469783,1.7779387265062643,0.6555358960946251,1.932005545422582
22.732909969,3.018257492628929,1.2590271960078512,1.5002637300314834,2.031284270009769,1.5271556304391527,-2.0388341222484154,1.7706417784372905,0.6693170703329745,1.9452203606439493
22.750095106,3.018727287087881,1.2657445795303763,1.5012295211832607,2.0267391791153164,1.5177042574564437,-2.0296747490867038,1.7666137076498551,0.6790000940460783,1.954379733805661
22.766280037,3.0191889740380256,1.272461972392479,1.5021881723450907,2.0238346864614836,1.513587704407131,-2.0207334632115614,1.7654749003386156,0.683907761974111,1.9633210196808033
22.782883395000002,3.019645895394467,1.2791810396766636,1.5031055096029378,2.025959045882968,1.5051456222385269,-2.017005471857252,1.757760676832815,0.6879416695084593,1.9670490110351135
22.799653852000002,3.0200966186728606,1.2859010677762497,1.504008435306353,2.0277200680456113,1.4970793482217573,-2.013137385976262,1.7505687602685027,0.6919965815547191,1.9709170969161036
22.816204509000002,3.020540666926792,1.2926218188220937,1.5048788628159089,2.0222046197635,1.4960423240466059,-2.003582892664867,1.7534660803939002,0.6968029445230624,1.9804715902274985
22.833091108,3.020979471738732,1.2993435295841942,1.5057330165852092,2.0178802501631643,1.4926440685339162,-1.9939701726349357,1.75380843638496,0.7022921252766192,1.99008431025743
22.849634993000002,3.0214125549401905,1.3060659621939668,1.5065589286200922,2.0157231441915555,1.4855800939657213,-1.9847691196873365,1.7499725342118848,0.7086039156241712,1.9992853632050291
22.850960189000002,3.021839917574051,1.312789593488027,1.5073708845359932,2.0155503559858134,1.4850142564467907,-1.9840320982100987,1.7496652713037981,0.7091095017861528,2.000022384682266
22.882865063,3.022263465078736,1.319512990758559,1.5081530965568215,2.013907403042128,1.4725113429758725,-1.9656903577729956,1.7414281413689603,0.7186578958957943,2.018364125119369
22.88373924,3.0226798607932137,1.326237111524669,1.5089234869443318,2.0138208716163173,1.4723070238988822,-1.9654347049555705,1.7413332590095456,0.7188584733390595,2.018619777936795
22.900335054000003,3.023092919461817,1.3329617129729676,1.5096667975282358,2.012178115689425,1.4684281282079832,-1.960581263825711,1.739531964776538,0.722666335981323,2.023473219066654
22.917263672,3.023499779777699,1.3396870368182472,1.510397638402282,2.0107492180482383,1.463642692026499,-1.95331499374665,1.7369117838606498,0.7269180179877837,2.0307394891457147
22.93368877,3.023901873307166,1.346413081411968,1.511103011027055,2.0096922044531955,1.4578935281016554,-1.9431745606208288,1.733324852016816,0.7315336526703082,2.040879922271536
22.966217575,3.024301581189482,1.353138651916027,1.5117997826517475,2.004893630844444,1.4389275430566735,-1.9229849023883645,1.722364903183597,0.747739035077962,2.0610695805040002
22.967145824000003,3.024693661856907,1.3598656617200091,1.5124909052463484,2.0049176775194124,1.4389228724065137,-1.9226899932388601,1.7223454114208716,0.7477241983419387,2.0613644896535046
22.999651504000003,3.025082880565304,1.3665919595648963,1.5131434395000376,2.0045577345221584,1.4350013061657467,-1.9103662192133166,1.7196583971191395,0.750603120863349,2.073688263679049
23.016347739,3.0254682864359395,1.373319930733579,1.51380682735266,2.0026509043968903,1.4276034942406983,-1.9011760505614754,1.7154067669380835,0.7569503457064242,2.08287843233089
23.01708242,3.0258489247284537,1.3800483842325184,1.5144306199666169,2.0025669985424708,1.4272779698417597,-1.9007716574575628,1.7152196833283324,0.7572296413377413,2.083282825434802
23.033398821000002,3.0262152288648507,1.386751581859389,1.5163636546805337,2.001025247731675,1.4197879055590326,-1.8906100515462558,1.7106561998094574,0.7633658190319519,2.093444431346109
23.050350423,3.026557617447833,1.393389718724401,1.5195368565966751,1.9996178229412895,1.4118488465861658,-1.8793396762186303,1.7056682276092938,0.7697006146281526,2.1047148066737353
23.066873689,3.026869971758701,1.4000333738222386,1.5238479158527778,1.9997312273662007,1.4077669628185987,-1.873536692864949,1.7025464977773195,0.772332997296322,2.1105177900274157
23.083148140000002,3.027153308435404,1.406738097546734,1.5290405128350606,1.999344163121363,1.401952426936076,-1.8653781987406788,1.6984648430926652,0.7764921728509262,2.118676284151686
23.100881903,3.027396608157123,1.4134583646144283,1.5331620757724114,1.9981513350369546,1.392872579961605,-1.8527483880772566,1.6924826775174906,0.7834261583535036,2.131306094815109
23.132857853,3.027627532639263,1.4201996267870798,1.5356164999361412,1.9980941137922128,1.3818565547684836,-1.8410126889905092,1.6842996817576217,0.790801432295555,2.1430417939018565
23.133490038,3.027852235569567,1.4269211073723231,1.5375149048987728,1.9980344026107508,1.3816333895974804,-1.8405817653918408,1.6841728825635676,0.7909945386991977,2.143472717500524
23.166186282,3.0280640547598856,1.4336333044709526,1.5393458922968095,1.9960948563837688,1.3697907706174262,-1.817934869965712,1.6766259405513746,0.8003247653919385,2.1661196129266536
23.167313160000003,3.028263475925721,1.4403455158528682,1.5411216178366087,1.9961936816542694,1.369339252691141,-1.8171024537795946,1.676223199098918,0.800551556472715,2.166952029112771
23.1832984,3.028450499081755,1.4470572646809703,1.542864975515647,1.9975955598229937,1.3629342803552114,-1.8052942788795985,1.6705101416291115,0.8037686836648938,2.1787602040127663
23.200242227,3.0286284646639783,1.4537709312940774,1.5445661262508732,1.9967050687398622,1.3579864304214553,-1.7981910672002979,1.6674103756455285,0.8077266685288276,2.185863415692067
23.21691094,3.028794034073946,1.460486281119449,1.5462395140409704,1.9956155833548779,1.3530271234990743,-1.7914562376301184,1.6644345155978735,0.8118407857526364,2.1925982452622463
23.249774993000003,3.0289486382977744,1.4672030740902635,1.547847400328308,1.9962095541965346,1.3378759301759184,-1.7692761469608982,1.6527320584150405,0.8214825675568642,2.2147783359314666
23.250739231,3.02909227682725,1.4739217870438464,1.549415288195296,1.9963021385217903,1.337434629501565,-1.7685576020920433,1.6523410960801823,0.821707215270385,2.2154968808003215
23.267509668000002,3.029226857201244,1.480641464108515,1.5509329285789013,1.99791240444565,1.329759340664872,-1.7560603644237238,1.6455413130327168,0.8256143837565921,2.227994118468642
23.299537547,3.029349995333994,1.4873628232866247,1.5524157040328694,1.9950825726197057,1.3178532630520765,-1.7315177919990763,1.6385396115407167,0.8356512562028255,2.2525366908932885
23.300719711000003,3.0294650198577657,1.494077754506348,1.5538721157189792,1.9950866719179696,1.3176828043123323,-1.7309684603459132,1.6384096722973847,0.8357616590073356,2.2530860225464515
23.332829787,3.0295686054995703,1.5007974672790805,1.5552105424999954,1.9965790481782848,1.3136850751157607,-1.719723509482752,1.6344328639367633,0.8373089213943818,2.2643309734096135
23.332862018,3.02966695214268,1.5075226697184212,1.556567550779504,1.996578434993854,1.3136665304405541,-1.7197077677905703,1.6344194324940984,0.8373217228521739,2.2643467151017944
23.350845427000003,3.029753854549833,1.5142471700866516,1.5579068768878968,1.9962363064091104,1.3033194583973227,-1.710924630783512,1.6269253079892927,0.8444643449017288,2.2731298521088537
23.382956325000002,3.0298326523109687,1.5209733487229762,1.5591788706777137,1.9992475584648992,1.2856189099314441,-1.6991830810600765,1.6117112986042479,0.8539990695106612,2.284871401832289
23.399583488,3.029902868918858,1.527701206176597,1.5604256446524634,1.998493738091788,1.2783596007327676,-1.693617247162429,1.6067955556594495,0.859393630335934,2.290437235729936
23.416268081000002,3.029964979876032,1.5344297882245863,1.5616339071046237,1.9972348268519808,1.2722414861188525,-1.6888452095135698,1.6030676704532474,0.8644055217781039,2.295209273378795
23.417130245000003,3.0300185101029857,1.5411600490896786,1.5628146865278432,1.9972430260727256,1.2720451303365747,-1.6887603036128631,1.6029156756387075,0.8645301026627039,2.2952941792795016
23.449550372,3.0300663175340903,1.5478898397102523,1.5639564045780263,1.9973342940388206,1.2628606864145795,-1.6849374783071323,1.5960007212318095,0.8705754103925414,2.2991170045852325
23.466263009000002,3.030105066395505,1.554621071279193,1.5650751480250291,1.9970383511124614,1.2552803136135535,-1.6819711021802988,1.5905405977688032,0.8758419733881699,2.302083380712066
23.482937803000002,3.03013618718568,1.5613525500557175,1.5661559520364574,1.9954542376020725,1.2536194248667794,-1.6800342615123958,1.590355532709649,0.8781297054456534,2.30402022137997
23.499623498000002,3.0301611096789527,1.56808522806629,1.5672152292338803,1.9932027670291197,1.2518640301364998,-1.6781016379722393,1.5905441506369884,0.8809783812217735,2.3059528449201263
23.516176039,3.030179833418499,1.5748179132183877,1.5682356618266728,1.989044508773255,1.2422888417499678,-1.674941638086593,1.5861661919007237,0.8904551328626895,2.3091128448057727
23.532948911000002,3.0301899752747774,1.5815515619324754,1.5692363361339423,1.9883112789077948,1.2329681314523167,-1.672756643848496,1.579698352602295,0.8972064528297805,2.3112978390438688
23.549579230000003,3.030195349176912,1.5882856929769915,1.5702029852865296,1.9916647104006495,1.2241744205539848,-1.6717826406778231,1.5709036098683224,0.9005571772863648,2.3122718422145425
23.566215091,3.030193571892536,1.5950207859353562,1.5711526442082728,1.9909794501766271,1.2177832210230168,-1.6698273957218506,1.5665900877857653,0.9053227349937649,2.314227087170515
23.566839992000002,3.030185118830174,1.6017558865846837,1.5720692011998183,1.9909142562018807,1.2175666370650229,-1.669744370154989,1.5664718495446022,0.90551555248138,2.3143101127373757
23.583892606000003,3.030171898158849,1.608491707982828,1.5729705149233149,1.9889778543344239,1.2116147073417518,-1.6675761340321085,1.5633189419448186,0.9109224271137606,2.3164783488602563
23.600251639000003,3.030151524528108,1.6152272992028989,1.5738418300066443,1.9860309444048412,1.2056163565953066,-1.6661703724465289,1.5608040131534766,0.9171143269017845,2.3178841104458368
23.616774464000002,3.0301259074480345,1.6219640885577766,1.574695766609007,1.9856166968784352,1.1986558297209902,-1.664795476677992,1.555885217623139,0.9220565921629724,2.3192590062143736
23.649467361000003,3.0300950438516674,1.6287001687004912,1.5755201072361125,1.988879033890986,1.1819934041980829,-1.6618781701573049,1.5412788137410098,0.9307129327709904,2.32217631273506
23.650165852,3.030058459389524,1.6354372091090832,1.5763308245098535,1.9888602912337727,1.1816121885648367,-1.6618038747216408,1.5410067942279297,0.9309806677719412,2.322250608170725
23.6666589,3.030014722736171,1.6421742577577974,1.5771108253030377,1.9884219824309546,1.173055955365908,-1.660092344051452,1.5349131643830058,0.9370030357841217,2.3239621388409137
23.699567398000003,3.029967647789892,1.648911071833631,1.5778787622448305,1.987604972409169,1.1668812065961398,-1.6574619755049822,1.5308488723537022,0.9417228406578415,2.3265925073873834
23.716385005000003,3.029916282031236,1.6556483676904012,1.5786188897382247,1.9870204317523739,1.1579155144271778,-1.6549307862078688,1.524547005774902,0.9481268863690335,2.329123696684496
23.716935654,3.029858716891656,1.6623854322704363,1.579348168005541,1.987001292481958,1.1576219560495131,-1.6548479089676489,1.5243406674694742,0.948336570265607,2.3292065739247167
23.733905972000002,3.0297978153892227,1.6691236927879876,1.5800522022536412,1.986590340460418,1.153374310333182,-1.6537420317220564,1.5214442582743888,0.9514706075133277,2.3303124511703093
23.7502628,3.029731191208448,1.6758614830609664,1.5807462591226418,1.9862183399257631,1.1499748700414647,-1.6528869645145967,1.5191549240659465,0.9540109869292395,2.331167518377768
23.766550677,3.0296597989398606,1.682599517245888,1.581416454433653,1.9850146410961864,1.1410084395845206,-1.650773061761571,1.513264635296072,0.96087759192873,2.3332814211307937
23.799683393000002,3.029585068542857,1.6893373168578545,1.5820746902019422,1.984785637872698,1.125714560011408,-1.6471773601913071,1.5020034879109594,0.9712285220533139,2.3368771227010576
23.801289314,3.029506048085523,1.696075598250413,1.5827106082479176,1.9848261547755661,1.1250417763914184,-1.6470194597041194,1.5014744310624124,0.9716461082956034,2.337035023188246
23.817080564,3.029423688223354,1.7028138834891458,1.5833401299785963,1.9852753833735792,1.1195426063047655,-1.6462553819674017,1.4970714692231053,0.9749712556632879,2.337799100924963
23.83387699,3.029335606129369,1.7095516984831025,1.5839463606902373,1.9851427074492771,1.1140762434451676,-1.6452301112526548,1.4930803226165281,0.9787088316930816,2.33882437163971
23.866270256,3.029242757774822,1.7162907110623522,1.58454587559951,1.9821988801489945,1.1034706695203338,-1.6411412926623195,1.487125044808955,0.9879651259669058,2.342913190230046
23.882861151,3.0291475243298165,1.7230294879702324,1.5851236397482664,1.985134970475864,1.0943821546176864,-1.640007754332859,1.4783880883586207,0.991823535163471,2.3440467285595066
23.900179752000003,3.029048476453337,1.7297682692728118,1.5856948775644093,1.986023721042588,1.0914588804861602,-1.6394777922712018,1.475614918600499,0.9931060868039681,2.344576690621164
23.900200061000003,3.0289446607240618,1.7365072944872264,1.5862438896398494,1.9860246703728885,1.091455732608598,-1.6394771986844763,1.475611937489241,0.9931074736481671,2.3445772842078885
23.916735289000002,3.028837029928773,1.743246324096631,1.586789405345747,1.9866925829882056,1.0863159870189016,-1.638879581870258,1.471331646293936,0.9960301777508604,2.345174901022107
23.933226203,3.028727016034785,1.7499860717079403,1.5873132208965333,1.9870952244231352,1.0747248796980107,-1.6379967175309087,1.4624133786182631,1.0034450540623427,2.346057765361456
23.950536649,3.0286108022340223,1.7567251112056623,1.5878338906841765,1.9849183952108913,1.0639680436264838,-1.6364373198337852,1.4558346811720306,1.0122296341661334,2.3476171630585796
23.982958189,3.0284945892807884,1.763464865958637,1.5883338867147965,1.982896867182443,1.049647093307237,-1.6346352239770594,1.4464927693836525,1.0232706883619196,2.3494192589153062
23.983370214,3.028371700627415,1.770204389983992,1.588829078970657,1.982952981143255,1.0495318123007737,-1.634642127673403,1.446369386006026,1.0233055456305271,2.3494123552189627
24.000478435,3.028248335679804,1.776944629814091,1.5893077941264644,1.9841707214796576,1.0442796619584511,-1.6345592972675957,1.4416392284198118,1.0258927417875356,2.34949518562477
24.032926175,3.028121155398845,1.7836843972022085,1.5897795503934933,1.981620924092666,1.0306294462182732,-1.6325835486320734,1.4331495058200656,1.0368815755130711,2.3514709342602913
24.033566676000003,3.0279911140842333,1.7904239294679003,1.5902348477818316,1.9816678773430358,1.0303036542509363,-1.63256488611683,1.4328751190937044,1.0370633911837337,2.3514895967755347
24.050366608,3.0278572579151217,1.7971634661284848,1.5906917050219034,1.9828994311007757,1.021758339103295,-1.6320753802658912,1.4256781305729258,1.0418323000591991,2.3519791026264745
24.067032756000003,3.0277214951780413,1.8039037202417625,1.591125780140492,1.9821276659395954,1.0164706735061342,-1.631458965521774,1.4222457383297802,1.0459278723538366,2.3525955173705917
24.083770741000002,3.027582393723529,1.8106430245267144,1.5915612606521383,1.9813289308005646,1.0099348952661646,-1.6306371651850586,1.4178998515016752,1.0508743501614979,2.353417317707306
24.116195437000002,3.027439477987372,1.8173828100433895,1.5919798113919257,1.980605028796175,0.9922564210390511,-1.6287792032397332,1.4051885374792468,1.0631818674145386,2.3552752796526324
24.116914858,3.0272951317189665,1.8241225972081327,1.5923959393707376,1.9806186807722495,0.9918259808697967,-1.6287511667617594,1.4048582197178172,1.0634581920284307,2.3553033161306054
24.133532123000002,3.027147924205396,1.8308621492505464,1.5927943201033803,1.9803087850827084,0.9833636019754076,-1.6281096255820975,1.398749156527511,1.0693222553660355,2.355944857310268
24.149959897000002,3.026996425667936,1.8376021830739933,1.593192617134488,1.9782472625960235,0.9791523402205773,-1.6274923794231153,1.3969785653939777,1.0736638688413067,2.3565621034692494
24.182924983000003,3.026844449329191,1.8443415021915943,1.5935738493323364,1.981897743954147,0.9666498359867768,-1.62710207070855,1.3852182847859495,1.0792615850079814,2.3569524121838157
24.199656615000002,3.0266891364234194,1.8510817788282576,1.5939588409895344,1.980133314322941,0.9634085972465865,-1.6264614699786186,1.383973853137439,1.0827358087150234,2.357593012913746
24.216210038,3.0265319161491524,1.857822057662341,1.5943400919436554,1.978750563488551,0.9595851867017775,-1.6257558091860647,1.3820409000123657,1.0863127012602969,2.358298673706301
24.216971109000003,3.026371357495294,1.8645618635050372,1.5946994602285358,1.978740925813707,0.9593219860844869,-1.6257141828710964,1.3818508926945818,1.0864950873039159,2.3583403000212684
24.234342812,3.026207938553965,1.871302387899152,1.5950609283528956,1.9785209426255448,0.9533143429697578,-1.6247640481522412,1.3775139113980202,1.0906581104398474,2.3592904347401245
24.266208382000002,3.0260430888365564,1.8780424371043527,1.5954181721272116,1.9781641646682953,0.9348342404971383,-1.623320153538006,1.3639599871028192,1.1032252347771516,2.3607343293543597
24.266932713000003,3.0258758546015416,1.884782727475015,1.5957567181429742,1.9781562938245985,0.9343760279169073,-1.6232888613056025,1.3636232694176056,1.103536107611807,2.360765621586763
24.299530258,3.0257062361529634,1.89152254375536,1.5960993618101866,1.9788741779425807,0.9250918945483981,-1.6229391450337225,1.3562168253493292,1.1091801377565362,2.3611153378586422
24.316204842,3.025534710901401,1.898263077488505,1.5964259828535212,1.975918606898317,0.9190784203441078,-1.6215590467661114,1.353696375239906,1.115388567787491,2.3624954361262542
24.332812659000002,3.0253593711155404,1.905003138779304,1.5967572028352313,1.974280626829385,0.9121091542939088,-1.6205359281499367,1.349585607982883,1.121249902152912,2.363518554742429
24.349558729,3.0251825995430366,1.9117427248816508,1.5970682499053526,1.9737910030475203,0.9042098860267289,-1.6198170507870024,1.3440164172496734,1.1268732717105507,2.3642374321053623
24.350945532,3.02500392117489,1.918482790018248,1.597385399960704,1.9737504555202758,0.9035557188740344,-1.6197575179363959,1.3435552122973247,1.1273389634085214,2.364296964955969
24.382909660000003,3.02482476653453,1.9252228557039397,1.5976956845014632,1.976756784503544,0.8835448673734254,-1.620086036002844,1.3266203375597994,1.1384151635403081,2.363968446889521
24.383566733000002,3.024641319325048,1.9319624494971843,1.59798996366169,1.97674622020817,0.8833903707662469,-1.6200765743436092,1.326512071094213,1.1385258847144164,2.3639779085487564
24.400331839000003,3.024456442917038,1.938702998612073,1.5982883555677316,1.976476674005904,0.8794484160732515,-1.619835161715189,1.3237496706123766,1.1413509166672857,2.364219321177176
24.432944584,3.0242701346665632,1.945442595701442,1.5985702514433853,1.9722794074224685,0.8671325140726855,-1.6174190570033042,1.317352326064288,1.1526810742828273,2.3666354258890614
24.449544615,3.0240819201771383,1.9521829102433537,1.5988600812080174,1.9702669583040138,0.8635190374142679,-1.6167749363694446,1.315995187819031,1.1565881628150412,2.367279546522921
24.466309111,3.023890843681684,1.958922512826191,1.5991418989190227,1.968474638485552,0.8584321390442345,-1.616096182343676,1.3133919343219698,1.1613117225520129,2.3679583005486897
24.482935373,3.0236983367949897,1.965662117057031,1.599418359896816,1.9672315109758955,0.8488881648964606,-1.6151811576118682,1.3070968787309536,1.1685921815790699,2.3688733252804965
24.499693376000003,3.023504876667644,1.9724021992234717,1.5996824937946528,1.9654727332643607,0.8422125556062968,-1.6141547412767547,1.3032856690750305,1.1743481992468774,2.36989974161561
24.516246128000002,3.0233076023599983,1.9791425242030425,1.5999530672371554,1.9634473856484325,0.837467279390748,-1.6130868610160167,1.3010924724784512,1.1790182707683803,2.370967621876348
24.532999311,3.023110327197481,1.9858823723459116,1.6002078329561829,1.963540464175981,0.8358829139697803,-1.6129304520827814,1.2998481302102554,1.1800034051343573,2.3711240308095842
24.533906771,3.022911145333328,1.992622699522988,1.6004693739844802,1.9635455059068934,0.8357970945619154,-1.6129219799703147,1.2997807286403744,1.1800567663393147,2.37113250292205
24.566260652,3.0227110093104885,1.999362789380444,1.6007255671137353,1.9619161232155509,0.8282179397905386,-1.6117702652991,1.29520908851174,1.1863176433974902,2.372284217593265
24.71024235,3.0225080124655093,2.006102644115378,1.6009676227226943,1.9613978395085347,0.7641976061393405,-1.6092093071388307,1.2477767191360012,1.2293181326297673,2.374845175753535
24.710270855,3.0223035837780654,2.0128415468247933,1.6012167827659929,1.9613954823523905,0.7641861058618444,-1.6092082908805052,1.247769705650671,1.2293275466401294,2.3748461920118604
24.710289931000002,3.022097726417943,2.0195818816927043,1.6014591089253052,1.9613939049059563,0.7641784096929782,-1.6092076107842477,1.2477650121145833,1.2293338466458013,2.374846872108117
24.710305911000003,3.021890913910596,2.0263212639858077,1.6016984202688236,1.9613925834762005,0.7641719625982791,-1.6092070410663721,1.2477610803308408,1.2293391241720455,2.3748474418259935
24.710319387000002,3.021682194238925,2.0330608868947837,1.601932892835117,1.96139146910903,0.7641665257366922,-1.609206560620934,1.247757764641372,1.229343574731724,2.3748479222714316
24.710334396,3.0214720446460435,2.039800511451547,1.6021616959607352,1.961390227973911,0.7641604703897382,-1.6092060255210852,1.2477540717663915,1.2293485315772426,2.3748484573712805
24.71034706,3.021259510488554,2.0465403771737933,1.6023805227957562,1.9613891807532335,0.7641553611277065,-1.6092055740250162,1.2477509558646822,1.2293527139672524,2.3748489088673495
24.710360856,3.0210464996740085,2.053279766608218,1.6026076178216218,1.9613880399243906,0.764149795162846,-1.60920508217096,1.2477475614411204,1.2293572702095596,2.3748494007214056
24.710374733000002,3.020831581319115,2.0600193966586864,1.6028293820195123,1.961386892397437,0.7641441965187195,-1.6092045874290974,1.2477441470879915,1.229361853202782,2.3748498954632673
24.717136702,3.020615224560376,2.0667521142229743,1.6030505313812728,1.9608277267501604,0.7614160954865615,-1.608963510169139,1.2460804049239145,1.2315950490012348,2.3750909727232266
24.733712838000002,3.020395536045112,2.0734898424194146,1.6031345827311587,1.9591290438342361,0.7537381823089757,-1.60827008331034,1.2414811911163868,1.23797338003404,2.3757843995820256
24.750042435,3.0201796644569066,2.080229711986933,1.6032216114064342,1.9574050442650794,0.7457817593549947,-1.607565616842476,1.236690981371031,1.2445559882809725,2.3764888660498897
24.78301789,3.019959976853813,2.086969109112782,1.6034381623780516,1.9599396006200593,0.733568031287804,-1.6076930038520638,1.2258890003125338,1.2507942840761177,2.376361479040302
24.783714348,3.019739336290607,2.0937082689184634,1.603632808831929,1.9599715616756106,0.7332844483305284,-1.6076901048531775,1.2256560927157512,1.2509591926995731,2.376364378039188
24.816354184,3.019515834585059,2.1004476704388617,1.603814180798062,1.9602711987613992,0.7200937437864446,-1.607233339495548,1.2156126336996562,1.2595156756069665,2.3768211433968176
24.817254209,3.0192923331541883,2.1071873103776806,1.604004320834391,1.9601789750570096,0.7197383656754319,-1.6071938329835644,1.2154088073316949,1.2598210501723155,2.376860649908801
24.833832941,3.019066447070567,2.1139262378078367,1.6041922881803794,1.9584801866021093,0.7131921936678254,-1.6064661111153589,1.2116542641479326,1.2654461417848082,2.3775883717770068
24.851111756,3.0188410387647293,2.120665879943849,1.6043663192155966,1.9598398686442444,0.703711041632728,-1.606633767434663,1.2036735897676254,1.2707423494472627,2.3774207154577027
24.867243035,3.0186137220005103,2.127405047440687,1.6045506090839046,1.9617501388766447,0.6947408218145256,-1.6069824860108604,1.1957077292398623,1.275287571334024,2.3770719968815044
24.899461087000002,3.018384498652161,2.1341446939716784,1.6047282512970005,1.9611204580024038,0.6895040066814311,-1.6064385261574499,1.192218710660673,1.2792432609193762,2.3776159567349158
24.900356794,3.018155274040599,2.1408833868290618,1.6048941197828486,1.9610615255174277,0.6890527497700887,-1.6064227038960057,1.191921171918948,1.2795876103567105,2.37763177899636
24.917050675000002,3.017926049506882,2.147621841267863,1.605071734493987,1.9599631619998636,0.6806423776524265,-1.606127813993723,1.1863757465206217,1.2860054775044367,2.377926668898642
24.933387465000003,3.017693964568187,2.154361014258136,1.605242211475299,1.959804943129703,0.6727347063940002,-1.60597494719714,1.1805796925062366,1.2913871181283123,2.3780795356952247
24.950139877,3.017460925156469,2.161099473091841,1.605413171123773,1.9612517223952393,0.6651924751028095,-1.606056416393642,1.1739880294169796,1.2953277273211559,2.377998066498723
24.967017568000003,3.017227885831415,2.1678381703440524,1.6055720279097794,1.9614988411617715,0.6571555139481896,-1.6059844022835028,1.1678256844896122,1.300492929861405,2.378070080608863
24.983913114,3.0169924624426248,2.1745768703429715,1.6057379917650076,1.96089816879561,0.6488029620158496,-1.605804355974521,1.1619921323958455,1.3065008913329204,2.3782501269178447
25.016267566,3.0167570405917243,2.18131676243392,1.60589880693012,1.9613239359678474,0.6402812768113016,-1.605688138446606,1.1553491323322986,1.3118554171350885,2.378366344445759
25.032875603,3.0165197102501224,2.188055703048614,1.6060569617035012,1.9613499637733343,0.6317413679180792,-1.60541327046949,1.1489586097843607,1.3175203922379015,2.3786412124228757
25.049542742,3.016281903464455,2.194794882631028,1.606211957708073,1.9605420238035043,0.6242501757177021,-1.6049658940647529,1.1439058397543338,1.323109689385263,2.379088588827612
25.066202658,3.0160426653386723,2.2015335870247856,1.6063657831383564,1.958667463465199,0.6181426761365804,-1.6042992816977133,1.140595669422402,1.3285739642656977,2.3797552011946514
25.210875314000003,3.0158019967276446,2.208272293066589,1.6065116530091372,1.9608073870551097,0.5604485707986638,-1.6035826394963761,1.096115087080157,1.365379763512665,2.3804718433959895
25.210898278000002,3.0155613274497584,2.215010522271605,1.6066619798370754,1.9608045890488146,0.5604372230825766,-1.6035820139038925,1.0961084808910087,1.3653894049733715,2.380472468988472
25.210908317,3.015319229004185,2.2217494683797034,1.606807825218418,1.9608033658653452,0.5604322622864698,-1.6035817404183081,1.0961055929127443,1.3653936198585843,2.3804727424740566
25.210917104,3.015076176949277,2.228488654005024,1.6069443917052042,1.9608022952295103,0.5604279201691886,-1.603581501040101,1.0961030651046952,1.3653973090902174,2.3804729818522645
25.21092558,3.01483312388233,2.235227124375168,1.607087239243501,1.9608012624868973,0.5604237317333074,-1.603581270134253,1.0961006267638473,1.3654008677481588,2.380473212758112
25.210934928,3.0145886412246705,2.2419663116485875,1.6072287528520803,1.9608001234970505,0.5604191123965205,-1.6035810154731083,1.0960979375696234,1.36540479251626,2.3804734674192574
25.210943704,3.0143427269830627,2.2487045468963696,1.6073647949279393,1.96079905420149,0.5604147757149145,-1.6035807763945655,1.0960954129260083,1.365408477129532,2.380473706497799
25.210952251000002,3.014096336360552,2.2554432595303893,1.6074923888566777,1.9607980128080131,0.5604105521942124,-1.6035805435545134,1.0960929541601723,1.365412065596901,2.3804739393378522
25.210961248,3.013848038754388,2.262182451198745,1.6076178248432662,1.960796916585115,0.5604061063049239,-1.6035802984554204,1.0960903659401864,1.3654158429972654,2.3804741844369453
25.216735574,3.013600218673354,2.268921403898887,1.6077518554060477,1.9600933544662162,0.5575527091596009,-1.6034229924571175,1.094429231566271,1.3678402001318237,2.3806314904352472
25.249549171,3.013350966610325,2.275660119829213,1.6078799198155154,1.9572911350341846,0.541917492977039,-1.6027264502896639,1.0846261538995616,1.3803386835230662,2.381328032602701
25.266176475,3.0131002846025847,2.282398837407338,1.6079970594259387,1.956983913748538,0.5346729957456439,-1.6025587909980432,1.0794241962015134,1.3853900953219362,2.3814956918943224
25.266937286,3.012849125594086,2.289137555534889,1.6081135305356502,1.957021906305536,0.5344341259941428,-1.6025605080985779,1.0792206426226802,1.3855207403873373,2.3814939747937878
25.299511386000002,3.012597965926069,2.295875558407104,1.60823495620191,1.9581835119400781,0.5226738864538203,-1.6024171692701863,1.0696709667362845,1.3924817929055096,2.3816373136221785
25.300799692000002,3.0123458531980694,2.3026142776333813,1.6083462860440358,1.95818595323209,0.5220653685933236,-1.6023912154873852,1.0692152145767184,1.3928850173039542,2.3816632674049796
25.332922773,3.012091833548101,2.309352999056874,1.6084670349621024,1.9561694477563705,0.5096959973021262,-1.6016053938616723,1.0613263919226066,1.402623298343495,2.3824490890306933
25.333999625,3.0118382896209948,2.316091243094432,1.6085727297911911,1.9560208003825512,0.5093907260980378,-1.6015736403922531,1.0611975166924856,1.4029374284516511,2.3824808425001116
25.367268911,3.0115828385839083,2.32282948932929,1.6086865224693585,1.9539032650061836,0.4957846251398823,-1.6010781106415894,1.0524529907168452,1.4135743079195702,2.3829763722507753
25.38281311,3.011327388833537,2.329568689237746,1.6087963364446547,1.9519574158493342,0.48953569011773856,-1.6003270633506146,1.0490847211790748,1.4191859278437198,2.383727419541751
25.383568089,3.011070506667848,2.3363064602838515,1.6089054849538236,1.9518430515741196,0.4892448788123858,-1.6002821056626804,1.048943817363261,1.419464848114506,2.3837723772296844
25.400035318,3.010812671245346,2.343044470847018,1.609014462439369,1.9495099744765643,0.48283483806891847,-1.599447254122202,1.0457130668095846,1.4254726864891607,2.3846072287701627
25.416750409000002,3.010555312910268,2.349782719279264,1.6091211185883516,1.9478708859509741,0.4760255751462324,-1.5992582967420033,1.0417224451525613,1.4312283455770045,2.3847961861503624
25.433289595,3.010296523932775,2.3565207309410807,1.609225288246367,1.9480716739176878,0.46987130088478696,-1.599341680734109,1.0369959584685058,1.435174955656315,2.3847128021582567
25.450322803000002,3.010037735889477,2.363259696276657,1.6093193687573497,1.9514566370501503,0.46455037207894684,-1.5998989789251885,1.0307719092590344,1.436190568871584,2.384155503967177
25.482809377000002,3.009778469683553,2.3699974700694586,1.609420224013408,1.9551569246239762,0.4536081902022193,-1.6003894342894984,1.02014291993261,1.4407125217960564,2.3836650486028663
25.484215858000002,3.0095192047570034,2.376736435954408,1.609519585538894,1.9551760025900191,0.45316026237300305,-1.600371419332471,1.0197959397208365,1.4409964373497206,2.3836830635598947
25.500228500000002,3.0092575544565,2.3834744509124777,1.6096177841937356,1.955393203277647,0.4480606499565703,-1.6001663208935124,1.0158456055803735,1.4442287868226638,2.3838881619988523
25.517280413,3.0089959055278994,2.390212942707014,1.609715811749062,1.9553559880705405,0.44202972579183597,-1.5999488984723316,1.0113695945913337,1.448270909640987,2.384105584420034
25.533733485000003,3.008724680093304,2.396916874817544,1.6111080572957528,1.9544727298404552,0.4343161274113096,-1.5997422280810056,1.0062009802927396,1.4540644553005502,2.384312254811359
25.566280584,3.008441916508528,2.403539281012652,1.6138197750730003,1.9548882688233773,0.417525193355085,-1.5999870393314595,0.9933935799424558,1.4649308546763486,2.3840674435609053
25.567137437000003,3.008133384027833,2.4101440739093656,1.6177417703829835,1.9549326536825717,0.417059454093374,-1.6000035922607276,0.9930164623757789,1.4652077398809527,2.384050890631638
25.599624823000003,3.007788178186117,2.416786340798319,1.6226719857332503,1.954447937552557,0.4009983276324523,-1.5995313486749145,0.9813529404560961,1.476260205187367,2.384523134217451
25.600556038,3.0074020300202395,2.4234858753527218,1.6283459990455291,1.954414015377632,0.4005527120526182,-1.599507649730513,0.9810429641968723,1.4765821348033705,2.3845468331618527
25.61650028,3.0069725161642897,2.430208586485106,1.6345005954329053,1.9542631407369242,0.39660640538956055,-1.5994189181081966,0.9781983248400496,1.479321500855164,2.384635564784169
25.649591426,3.006499145844045,2.4369423154053296,1.640956593239586,1.954534331603084,0.38503814764943534,-1.5994008064195357,0.9693846065712008,1.486819267316265,2.38465367647283
25.666205334,3.0059795331597035,2.443685634349657,1.6476127893037582,1.9548156860259986,0.37390983580044207,-1.599283090604426,0.9608924477558647,1.49401660874035,2.3847713922879397
25.667244355,3.0054122390243974,2.4504309155765838,1.654400884142637,1.9549807424233878,0.3734539603507547,-1.599324114405145,0.9604423690858177,1.4941968730760227,2.3847303684872205
25.683598698,3.004798695916608,2.457179826366973,1.661276481626827,1.9575787543377248,0.3662784138801213,-1.599969835048066,0.9533580647773117,1.4970342601704703,2.3840846478442987
25.716462471000003,3.00413842241726,2.463928552575534,1.668209725706185,1.958038875434834,0.35036772191986415,-1.6004108641081265,0.9411778999691853,1.5072814751738297,2.383643618784239
25.718197618,3.003429507852924,2.4706737585415444,1.6751947015276505,1.9578706798649592,0.3494673565883615,-1.600399516212157,0.9406179273078987,1.5080063048769388,2.383654966680208
25.749475368000002,3.0026757669150683,2.477416155125825,1.6822212683211035,1.9560507689714395,0.3364629545126678,-1.599827678691904,0.9321243325295265,1.518020564547402,2.384226804200461
25.750293527,3.001874339659926,2.484155984042545,1.689298349879437,1.9560119269528498,0.3361461089933886,-1.5998100651090628,0.9319137300953335,1.5182604528551775,2.384244417783302
25.76686252,3.0010223573878942,2.4908870497091224,1.696464334690312,1.9560449662049404,0.3267874817011779,-1.6000359578887657,0.9249075440593397,1.5244651570073298,2.384018525003599
25.783564486000003,3.0001241107850234,2.497608393507585,1.7037243187592177,1.9563042453560695,0.31683707323307103,-1.6004270954912378,0.9173091296500631,1.5308949278294726,2.383627387401127
25.816162743000003,2.9991748364726574,2.504324550881559,1.7110880825221546,1.9551734845116908,0.3084615408370967,-1.599987484433309,0.9118112691356066,1.5373137823041259,2.3840669984590566
25.817002894,2.998176909275416,2.5110264591837965,1.7185545679414391,1.9551800501033114,0.30809199281137406,-1.5999925452888322,0.9115311111023632,1.5375548638810206,2.3840619376035335
25.834133928,2.997128427800126,2.5177207963282857,1.7261094101679682,1.9553139252915595,0.30055675236852714,-1.6000957382720449,0.9058185703890003,1.5424706191328323,2.3839587446203208
25.850501337,2.996030339431103,2.5244011239184423,1.733766688403216,1.9550844907689404,0.29258795706060226,-1.6000275588004715,0.9000243035772431,1.5479460927172761,2.384026924091893
25.88282488,2.9948797836223595,2.531068160505803,1.741541912120337,1.9561022639432257,0.28123600189811937,-1.600410462024895,0.8908750626646846,1.5547427197461254,2.38364402086747
25.899552395,2.993678189948448,2.537720950768554,1.7494343336584737,1.9565195241847226,0.2761076217855144,-1.600604996867732,0.8867700944867962,1.557844916539854,2.3834494860246327
25.899859701,2.9924231723920585,2.5443580669430155,1.757453286898665,1.956486814548147,0.27594866464629586,-1.6005954644986975,0.8866732397481087,1.5579751334820209,2.3834590183936673
25.917382061,2.9911156823416145,2.550977362164609,1.7655819091157925,1.954621735351691,0.2668850465654303,-1.6000519358924157,0.8811506544455516,1.5654000068614682,2.38400254699995
25.949576758000003,2.9897557183062284,2.557577644341285,1.7738258472313273,1.9535663045399698,0.2522491304616021,-1.5995344957432893,0.870930627726707,1.5759297280478402,2.3845199871490763
25.949903761,2.9883428014094133,2.5641572450935035,1.7821843866954798,1.9535633282524651,0.2521070597414118,-1.5995308114891262,0.8708265837146547,1.576026515399177,2.3845236714032385
25.967506454000002,2.9868764603627844,2.5707206949204617,1.7906490321665391,1.9536674314692772,0.24481194731059902,-1.5995759457919325,0.8653130637510713,1.580804653160807,2.384478537100433
25.999543341000003,2.985354302587649,2.577260605597821,1.7992060762354016,1.953387263286878,0.2347842798172961,-1.5995384876016416,0.8580160632094178,1.587688430660246,2.384515995290723
26.000073712000003,2.983778721260532,2.5837855574423783,1.807877784998534,1.9533719462453591,0.2346700601768903,-1.599533363456393,0.8579410183604772,1.5877758892713874,2.3845211194359717
26.0167715,2.982145896926468,2.5902907864802027,1.81664592231556,1.952874006839751,0.2300299608426296,-1.599418362167306,0.8548096284988558,1.5912360717836254,2.384636120725059
26.033608754000003,2.9804567804641917,2.596773907428401,1.825519151341734,1.952316604973724,0.22167550206504846,-1.599465475364192,0.8489458513168595,1.59721301042029,2.3845890075281737
26.050327442,2.9787132766996107,2.603232772323799,1.834502876758768,1.9518929706346522,0.2135616228930375,-1.5993715290893995,0.8431725754944661,1.60292998405586,2.3846829538029652
26.082961257,2.9769110926155995,2.609666194018516,1.8435976318590963,1.9521084800791362,0.20014910834470342,-1.5992612277898726,0.8330195808937124,1.6116968929448015,2.384793255102492
26.083897632000003,2.975054992384001,2.616070590742748,1.852818110704392,1.9521650460247726,0.19990439579945027,-1.5992901314849224,0.8327993039706552,1.611817566111572,2.3847643514074424
26.101283191,2.9731406934092166,2.622453596830068,1.8621409175314887,1.9532152989525529,0.1953608481892198,-1.599826782821851,0.8287094495403864,1.6140580898980903,2.3842277000705145
26.116985952,2.971165334767761,2.628815215576548,1.8715643061281169,1.9538175866783918,0.18892096519169785,-1.5998932322409223,0.823502568285094,1.617895176178037,2.3841612506514434
26.133782409000002,2.9691308281994457,2.635159259479512,1.8810852278519323,1.9539648612499467,0.18158974697979566,-1.5998450815866736,0.8179333671071372,1.6226651288517433,2.384209401305691
26.150274284,2.9670352602458983,2.6414804855311425,1.8907012657188311,1.9515639232633144,0.17329253819527812,-1.599380367106635,0.8133394232432007,1.6299797618982144,2.38467411578573
26.166823269,2.9648800628759098,2.6477803225939933,1.900412528152488,1.9496308549942056,0.16539462109930908,-1.598954784851684,0.8087320373873439,1.6366794516643963,2.3850996980406816
26.199626476000002,2.9626623753540047,2.654058773964049,1.9102092039807763,1.948819522678355,0.15143019880333103,-1.5986437416485737,0.7988506570801173,1.6465800412130602,2.385410741243792
26.200535198,2.96037839388323,2.6603253807730054,1.920119879490632,1.948858228298348,0.15103994161494258,-1.5986559920852876,0.7985336508386476,1.646810921790366,2.385398490807077
26.217032294000003,2.9580314429448644,2.666568695091281,1.9301244770857915,1.9495245381333537,0.14405084820356037,-1.5988719265941551,0.7928742877319366,1.6509657990130586,2.3851825562982096
26.233560479,2.9556239017363226,2.6727841842220106,1.940208690262828,1.948959034350621,0.1402942565473729,-1.5988691143968232,0.7904472182664799,1.6538883166279705,2.3851853684955415
26.266224441000002,2.953154342511778,2.678974472415998,1.9503615891593624,1.9510317822777055,0.12736172097284268,-1.599269140389966,0.7794161950815823,1.6609497108139637,2.384785342502399
26.266985812,2.9506218082232976,2.6851362229138416,1.9605939135888384,1.9511207446716685,0.1269900890156451,-1.5992836322569817,0.779079636256029,1.6611306880945607,2.384770850635384
26.283848014,2.9480305875725143,2.691267285005744,1.9708799490982176,1.9518388431992553,0.12113042737390495,-1.599273121758511,0.7742286780705807,1.664495135260743,2.3847813611338537
26.299942121,2.945377340092594,2.6973655167714474,1.981225691879388,1.9519660266083323,0.11659462108878163,-1.5991153261100939,0.7707590214352913,1.6674193782583242,2.3849391567822718
26.317195228000003,2.942661589644991,2.703431157178532,1.9916299514454143,1.95190741057807,0.10855853064587316,-1.5990503258975437,0.7648008318315735,1.6728121662285451,2.385004156994821
26.333748080000003,2.939880482895799,2.7094711236574445,2.0020819510277463,1.9517996605222636,0.1001462243587778,-1.5990105648709934,0.7585945833117564,1.6784920417952012,2.3850439180213723
26.350320309,2.9370383028327987,2.715478020292978,2.012581347869744,1.9507217045721927,0.09573721013156813,-1.598773453181897,0.7560217236102549,1.6822312647682827,2.385281029710468
26.382979952000003,2.93413600142461,2.721449938638838,2.023122623677826,1.9504144407456663,0.08399632365708591,-1.5988055383841395,0.7474642106927241,1.6902756291889232,2.385248944508225
26.399892139000002,2.9311707190991023,2.727388789338846,2.033703128479416,1.950365463965377,0.07664603388782756,-1.598846464385872,0.7420114070362807,1.6952047356699549,2.3852080185064928
26.400619215000003,2.928143886175532,2.733293855489394,2.044324589449848,1.9502784924915122,0.07631367372949469,-1.5988240296050336,0.7418212625693608,1.6954908691944028,2.385230453287331
26.418165701000003,2.9251235651511847,2.739057054988762,2.053749899568091,1.9481796145907582,0.06829284390545688,-1.5982826122457965,0.7372325163766884,1.7023961141493398,2.3857718706465683
26.449634315,2.9221802025797405,2.744570541407069,2.061771637524332,1.9483114557978254,0.05191069881952086,-1.5983382022001589,0.7249190257867917,1.713202131418115,2.385716280692206
26.450351462,2.9192552773245826,2.7499452468794314,2.0685850268781225,1.9483471756756088,0.05152059060928038,-1.5983480893681605,0.7246041181178198,1.7134351410432136,2.385706393524204
26.467134973,2.9162988669698797,2.7553075908509825,2.074502920627237,1.948090725504865,0.04124414769393468,-1.5985423883738425,0.7171056730851437,1.7204668099613558,2.385512094518523
26.499581420000002,2.913284325277784,2.760707195117233,2.0796460713231686,1.9472179553033424,0.026673089703483574,-1.5985636144575386,0.7068124649938801,1.7308170430976526,2.385490868434827
26.501064437,2.9102097728100897,2.766168142136026,2.0841090019317257,1.9472141360641626,0.026365750480698058,-1.5985465556366467,0.7065856448277192,1.7310244668105523,2.385507927255718
26.533001023,2.907063297943743,2.7716980750304088,2.08793794160736,1.9460840927484493,0.01591704079559122,-1.5981134312302911,0.6995401275805706,1.7388227498715325,2.3859410516620745
26.53396494,2.903881557340348,2.7772454531215347,2.0911950124752385,1.9460275835127903,0.01551978544430066,-1.5980989525146674,0.6992812763596437,1.7391293459466348,2.3859555303776983
26.550645085000003,2.9005993673681894,2.782934806086558,2.093773472604127,1.9457813759655451,0.008064883655878317,-1.5980616551778493,0.6938816846689262,1.7442752752509374,2.3859928277145155
26.582860101,2.897292401295589,2.7886411153258304,2.0961504592102624,1.9465397631250272,-0.0073140187022574235,-1.598344179656439,0.6818998518247543,1.7539459252042273,2.3857103032359266
26.583999382000002,2.893953044911433,2.7943770258050167,2.098258464429701,1.9464853828151256,-0.0077936161320916394,-1.5983300721074052,0.6815781329528905,1.7543057416578465,2.3857244107849596
26.616214839,2.890590340463498,2.800127745144608,2.10019572339614,1.945506423437725,-0.01774103973483004,-1.5980643407169497,0.6748061518667661,1.761657603324397,2.385990142175416
26.617102782,2.887209525647601,2.80588659158586,2.102017398497459,1.9455032662621377,-0.01786110741884774,-1.598062695660798,0.6747186487735752,1.7617398798410044,2.3859917872315677
26.633771805000002,2.8838139296056955,2.8116456934752585,2.1037727988422965,1.9454577093617653,-0.020248270275109448,-1.5980404985758412,0.6729674711610223,1.7633628397612675,2.3860139843165236
26.650166876,2.8804054582638723,2.817404571778949,2.1054920010648703,1.9461513879573988,-0.029768928500344592,-1.5984864252274589,0.665400624231038,1.7691823715786876,2.3855680576649068
26.666884703,2.8769850636054315,2.823160841213536,2.1071898630362718,1.9470169318492556,-0.03855624012197811,-1.598909209058422,0.6582666638798802,1.7743855073132748,2.3851452738339436
26.69946208,2.873553220679036,2.828913785974844,2.108879440999146,1.9497046965857112,-0.049373832962932004,-1.5994935543086726,0.6484046165298545,1.779580159969328,2.384560928583692
26.716259758000003,2.870110407042138,2.834663643931738,2.1105654701928387,1.949262214841828,-0.0563524837335926,-1.599440571939617,0.6434910888999132,1.7845555597424434,2.3846139109527478
26.717597949,2.866655191880472,2.8404104167324147,2.112249054613439,1.949226964428805,-0.056908439601625616,-1.5994363510866263,0.6430996515564522,1.7849519261448576,2.3846181318057393
26.749558670000003,2.863191387764465,2.846151954216108,2.1139340281215406,1.9481587055814067,-0.06789293431918308,-1.5991868959531859,0.6356131610413369,1.7930607337595552,2.3848675869391798
26.750239178,2.8597151815816804,2.8518896912881906,2.115618819592045,1.948128847191418,-0.06805473887034559,-1.5991769134630758,0.6355122834560745,1.7931907181779339,2.384877569429289
26.782931333,2.8562270415432423,2.857615998009769,2.118716059351269,1.945424262500398,-0.08476912536139462,-1.595748062867699,0.62483884982986,1.806334663884983,2.3883064200246658
26.79954434,2.8527155051420907,2.863313721438381,2.1231248061329704,1.9457415999256191,-0.09389637007247956,-1.5923950948515913,0.6178161042050228,1.812173186210564,2.3916593880407735
26.816218954,2.8491510586055986,2.869028910390433,2.1284079186634712,1.9487601781838075,-0.09910354645152314,-1.5886517908936213,0.6119208225085062,1.8133865098532882,2.3954026919987434
26.816791976,2.8455446437136667,2.874737948806364,2.134301838974819,1.948863911424689,-0.09928249072112232,-1.5885231525023151,0.6117182315454825,1.8134282056394935,2.3955313303900496
26.832887206000002,2.8418943431330943,2.8804332094946616,2.1405969877457105,1.949084120437768,-0.10672567574076203,-1.5828327662912107,0.6060169241469608,1.8182182567032705,2.401221716601155
26.850540365,2.8382030144266137,2.886110874464049,2.1471549539321155,1.9466994470672117,-0.11724588099198213,-1.5745663234042322,0.5997531673182179,1.8270004395755648,2.4094881594881326
26.882937709,2.8344687474084647,2.89176856172777,2.153880485306753,1.948332464878635,-0.12613121676959568,-1.5669010397936702,0.5920352012646561,1.8316960693575466,2.4171534430986945
26.900078211,2.8306972606530088,2.8974034036726226,2.1607264767672625,1.9478325861429118,-0.13167460527507008,-1.5591380191787279,0.5882309919815134,1.8357589533828547,2.424916463713638
26.900340691,2.826883784494884,2.9030142136999912,2.167658769842661,1.9478249312813125,-0.13175949360651548,-1.5590191406504905,0.5881727364617719,1.835821170102001,2.425035342241875
26.932890706000002,2.823029272630088,2.9086009907111627,2.174647167252454,1.9493800215948571,-0.14447025131398583,-1.5446364939593158,0.5776517897654925,1.8431212624298652,2.43941798893305
26.933878188,2.8191351529381152,2.914161348873816,2.181717302355902,1.9494720473985367,-0.14489497000989737,-1.5442065987635063,0.5772735740639077,1.8433352895362662,2.4398478841288593
26.966288787000003,2.81520380483671,2.919691232328079,2.188886655311186,1.9523723633166776,-0.159625349911685,-1.5294996318343905,0.564349996235765,1.8509757777795628,2.454554851057974
26.982879241000003,2.811233320408024,2.925190166434529,2.1961568372757005,1.9542756778522716,-0.16680366750611028,-1.521882339016778,0.5577260336452041,1.8543334509778786,2.4621721438755877
26.999706656,2.807225610274049,2.9306593410869937,2.203521495705539,1.9565412942801514,-0.17369101262958847,-1.5141791345778763,0.5510780610196031,1.8572270647422635,2.4698753483144884
27.016352525000002,2.8031806632289373,2.936093272664024,2.2110172239783976,1.9589041865256915,-0.18059031627345404,-1.5063031421365798,0.5443564144700055,1.8600560430377924,2.477751340755786
27.032861604,2.799090859200805,2.9414964999033844,2.218583937401952,1.961136669675505,-0.18735761504744444,-1.4985242264060892,0.5378200849443004,1.8628944774728378,2.4855302564862765
27.033487276000002,2.794963822093747,2.946865199321199,2.226267188076445,1.961061650199591,-0.18750481564429533,-1.4983336359660946,0.5377601665232603,1.8630484440935697,2.48572084692627
27.050952227000003,2.7908005001410854,2.952194363031776,2.2340750467449064,1.9589675634083006,-0.19161375964556865,-1.4930135118506334,0.5360876091969533,1.8673462542668178,2.4910409710417323
27.066546191,2.7866004272380045,2.957491144135955,2.2419965817375123,1.957760827405451,-0.1959996389780251,-1.4874464150490612,0.5336177342583457,1.871166184513181,2.4966080678433045
27.083781815000002,2.782350242325133,2.96275508118291,2.250059174149603,1.9589729314928561,-0.20360087206730645,-1.4781564373899148,0.5271382453492481,1.875321201272855,2.50589804550245
27.100656580000003,2.7780647239168506,2.967973997798418,2.2582254410453224,1.960901352011381,-0.21046438645263402,-1.4694361974619348,0.5207325041341198,1.8784505965656664,2.51461828543043
27.116944427,2.773741485612529,2.9731505193342618,2.266489945507903,1.963434953188308,-0.2165647782143546,-1.4613593582532358,0.514493444192768,1.88062039969462,2.52269512463913
27.133601558000002,2.769380052457514,2.9782853615945744,2.274872210717128,1.9658057255616161,-0.22449040660663513,-1.4513606410478737,0.5070006226314756,1.8841266472770357,2.532693841844491
27.150581934,2.764982801028784,2.9833720845353167,2.2833496142714345,1.9676223744023476,-0.23260344551099635,-1.4412733837687757,0.49973677952446716,1.8881711740220304,2.542781099123589
27.182826848,2.7605468814839,2.9884202281893506,2.29193391833798,1.9679327003090854,-0.2412951189587063,-1.4302316268165098,0.4930437608427294,1.89372500066822,2.553822856075856
27.199482075000002,2.756068475115555,2.9934266975122266,2.3006105615665837,1.9709596611056188,-0.24694935883432995,-1.42308084185054,0.4868092631441847,1.8952296463679388,2.5609736410418247
27.216395173000002,2.7515609159224805,2.9983755030874337,2.3093986427010287,1.9736810237606182,-0.252602494053613,-1.41550945080383,0.48077900439691645,1.8969616197939823,2.568545032088535
27.217310298,2.7470094436040053,3.00328645067436,2.318303929859063,1.973756564151654,-0.252890336156809,-1.4150367373801274,0.4805139106581078,1.8970968408599984,2.5690177455122374
27.24956029,2.74241833958504,3.008150237010141,2.327308320271812,1.9764684858969903,-0.2632347311703611,-1.398177075477932,0.4709889237227314,1.9019584919818027,2.585877407414433
27.250317133000003,2.7377933172989466,3.012959226112997,2.336436360543482,1.9765455026137773,-0.2635313469893172,-1.3977275050454452,0.4707162996166703,1.902098451317018,2.5863269778469196
27.282885102,2.733125807679703,3.0177263024663827,2.345661071738038,1.9800383561579502,-0.27645349829641414,-1.3782450363097354,0.45874776452161314,1.908093131288704,2.6058094465826294
27.283676009,2.7284148530036982,3.022447175637017,2.355010224697052,1.9801439124916107,-0.2767856830530041,-1.377756032509076,0.4584295991277485,1.9082354676306326,2.6062984503832887
27.31622378,2.723661405853544,3.027121367689601,2.364469510022143,1.9861667509321301,-0.2905363387431203,-1.3576493840281216,0.4441587366061608,1.9128935356506027,2.626405098864243
27.334436486,2.7188626057287792,3.0317488819200125,2.374029054078598,1.9917677893318826,-0.2982806439080388,-1.3464823897767708,0.4346510793859546,1.9138683934996996,2.637572093115594
27.351110609000003,2.714017501304143,3.0363321036113464,2.3836914409583376,1.9921866520198723,-0.30076718785284795,-1.3409249911657923,0.43251660474733855,1.9152109152901973,2.6431294917265724
27.366344958000003,2.709122757284644,3.040873420793364,2.393463603324616,1.9925693468321821,-0.3030390241742578,-1.3358474617525964,0.43056643731866306,1.916437513264588,2.6482070211397684
27.367206129000003,2.7041826584309656,3.045366629642779,2.403329419631195,1.9926924713289473,-0.3032387091230742,-1.3354718565650074,0.43033546056221383,1.9164785432349474,2.6485826263273573
27.399671593,2.6991986340033223,3.049810298000828,2.4132840624294403,2.001665486950516,-0.3148400063564437,-1.3160924531769052,0.41570491053802106,1.9175042687496406,2.6679620297154596
27.400518677,2.6941706814136004,3.0542029953574152,2.423324027951388,2.0016344311269667,-0.31530464820716275,-1.315332860829507,0.41537882735382237,1.917836723664778,2.668721622062858
27.417057011,2.689105948637386,3.0585404219405103,2.4334320532614138,2.0010281021412912,-0.3243762421902491,-1.3005027000129896,0.4090124308547043,1.924327520830678,2.683551782879375
27.433616686,2.683999666228169,3.062821152732852,2.443614421668955,2.0055662621612678,-0.3313548528579036,-1.2884645788320377,0.40078368042552404,1.9255859204460155,2.695589904060327
27.466265680000003,2.6788537453705463,3.067049477069112,2.453860283633535,2.0136830510086945,-0.3402173474816142,-1.2723295389191858,0.38876698327192116,1.925427611673054,2.711724943973179
27.467051387,2.6736715148524715,3.071216808040297,2.464151232690251,2.013789416374338,-0.34036294275464885,-1.2720526985613212,0.3885875281178859,1.9254451451333143,2.7120017843310436
27.483646380000003,2.668446308140938,3.075331259563724,2.474505708859697,2.0162840744291923,-0.34441871520045075,-1.264286444392983,0.38390025656035753,1.926283055802039,2.7197680384993816
27.516205091000003,2.663182410986645,3.079388058326934,2.4849176079587907,2.0223076510543434,-0.35500708659544733,-1.2433113904472606,0.37198886498638717,1.928835669154858,2.740743092445104
27.532967723000002,2.657876966326256,3.083390068646789,2.4953960087803218,2.026446269717429,-0.3608921049761724,-1.2304849494567556,0.36484219079150826,1.9296643148766033,2.753569533435609
27.549535914000003,2.6525304456611427,3.087333475279634,2.5059098626886533,2.030015662583303,-0.36793953981609817,-1.2176413527374734,0.35720691615682343,1.9316915012288876,2.7664131301548913
27.550201603,2.647144284065241,3.091221137597882,2.5164562005679607,2.0301537875761353,-0.36823518432297453,-1.217123629492205,0.3568943415690693,1.9317852099007464,2.7669308534001598
27.566833986000002,2.6417199062423977,3.095049239259387,2.5270367811273675,2.033441083946399,-0.37482669985509837,-1.2056061330436663,0.3497870834571626,1.933719447881687,2.7784483498486985
27.583992964,2.6362568348128725,3.098816350302471,2.537667451134725,2.0361213252296637,-0.37817416540580695,-1.1998804064498927,0.34550488070903684,1.9339473921153076,2.784174076442472
27.616308712000002,2.630757931901682,3.102523897941793,2.548330749271801,2.04389737449977,-0.38357291747108097,-1.1820165078835796,0.33629992502435435,1.9317378091328294,2.802037975008785
27.616971265,2.6252208121818743,3.1061709312504524,2.5590241435794523,2.0440803716911944,-0.38367578232914473,-1.1815890873237809,0.3361013506372186,1.9316697109399954,2.802465395568584
27.649611872,2.619645953588404,3.10975840335278,2.5697490966408734,2.0538677143907287,-0.3954040329818336,-1.1544834187520365,0.3208340187067096,1.9321722208544114,2.829571064140328
27.666274784000002,2.6140366891953524,3.11328201887166,2.580501612117774,2.055775451516319,-0.3992899565357918,-1.147799984695478,0.31666417344836706,1.9333350851324087,2.8362544981968867
27.666841093000002,2.6083925461059416,3.1167451162142936,2.5912761106762345,2.0558402882449687,-0.3994220242969321,-1.147572840192936,0.3165224562684166,1.9333746064661592,2.836481642699429
27.683502302,2.6027111395660745,3.120147221290611,2.6020801629336447,2.058255267697469,-0.40400524955199957,-1.1382632011786704,0.3114945913752776,1.9346230671627886,2.8457912817136943
27.716232099000003,2.596998184830499,3.1234826054663705,2.6128935122717736,2.0654245627816086,-0.4155349628425568,-1.1123754204848098,0.29811806951518993,1.9369472322800982,2.871679062407555
27.716889212,2.591249397922897,3.1267579494015907,2.6237244479026134,2.0655965280555084,-0.4157778262720955,-1.11187705262512,0.2978223595773639,1.9369805539473084,2.8721774302672447
27.749576448000003,2.585468590942189,3.129970387680081,2.634566071123232,2.071763108888005,-0.4239301195306733,-1.0942523384016578,0.28763378668980955,1.9378049246482434,2.889802144490707
27.750267245000003,2.579651469868029,3.1331184947358737,2.645414719320428,2.0718464807933263,-0.4240251539719007,-1.0940207765307264,0.2875073693599588,1.9378059630748152,2.8900337063616384
27.782838981,2.573801375221596,3.1362041740706554,2.656269055525883,2.0782743808424935,-0.4313547786491854,-1.0756100852965567,0.2777587996174844,1.9378877244841521,2.908444397595808
27.783807216000003,2.5679192585719823,3.1392255172383106,2.6671286993314767,2.0785264439441447,-0.43164224004254054,-1.0748798027416449,0.27737649160446565,1.9378909560573125,2.90917468015072
27.800504333000003,2.5620051195431657,3.142182524239012,2.677995452313646,2.0837920600463664,-0.4374897743721955,-1.0615399030145074,0.2695076305346149,1.9378535911558419,2.9225145798778573
27.816944721000002,2.556059434131208,3.1450742408496057,2.688862877332588,2.0903645915639943,-0.44459219419998197,-1.0472778946545063,0.2598323494451926,1.937676182584976,2.9367765882378585
27.833775543,2.550081725978708,3.147901144456318,2.6997334614346724,2.092958383293641,-0.44747562055247103,-1.0394310128886062,0.25595399495596083,1.9376597654333627,2.9446234700037586
27.850569675000003,2.544074380365612,3.150664185986071,2.7106111134054918,2.0964629021257353,-0.4509864782203866,-1.0295314106514084,0.2510011933745502,1.9373813227928776,2.9545230722409563
27.866874534,2.538033612959969,3.153368138190744,2.7215105931135883,2.101553726206991,-0.4557344238596347,-1.0163972236237804,0.24406928419346774,1.9367424857833266,2.9676572592685844
27.883662464,2.5320017586167567,3.155986249348105,2.7322877519750746,2.1079887310824343,-0.4631521101478978,-1.001782514857064,0.23425026630745283,1.936877561214799,2.9822719680353007
27.916264888,2.5260627842310805,3.158496965083034,2.741856404956319,2.1148489657629947,-0.47302776990073275,-0.9827229061595624,0.22231385734725206,1.9383313894580814,3.0013315767328024
27.916877276,2.52034299079526,3.160864377062933,2.750037208864874,2.114919597563002,-0.4731590250298679,-0.9824570135909596,0.22216888926203793,1.9383660451122509,3.001597469301405
27.933659655000003,2.5147141662794934,3.1631382240951806,2.757063916357657,2.116859509547914,-0.4765479672723859,-0.9755006336065204,0.21834851675021794,1.9391740933182737,3.0085538492858444
27.966191195,2.509065758877747,3.165383960277291,2.7631893033534736,2.125014178215672,-0.4837150957229299,-0.9571639282210374,0.2075718304612293,1.937859032887633,3.0268905546713274
27.982834869,2.503341525464307,3.16762215441705,2.768543144393029,2.130950921800692,-0.4879167194393083,-0.9454897298483935,0.20048456522592817,1.9362252526904205,3.0385647530439712
27.983424584,2.497535284644382,3.1698675955979274,2.7731702350181835,2.131150332834258,-0.4880878608740159,-0.9450628086885224,0.20022411161255116,1.9361903518844081,3.0389916742038423
28.000638255000002,2.4916227208450668,3.1721226960209434,2.7771377253397773,2.1369711037584587,-0.49308344747351496,-0.9326010595572267,0.19262151915444536,1.9351716038581164,3.051453423335138
28.016847192,2.4856019347031326,3.1743946104362517,2.7805167669195465,2.142749358123557,-0.49910524188859773,-0.9193457232196458,0.1842813843765303,1.934867657528138,3.064708759672719
28.049537293,2.479480558401141,3.176686191075492,2.783365663103985,2.1524660398118147,-0.5083315150870614,-0.8984804804814317,0.17092827221277807,1.9337575153273963,3.085574002410933
28.066415145,2.473287192187493,3.178989298751492,2.785788712656685,2.157712065947431,-0.5105791825822924,-0.8888522346347063,0.16575897393534977,1.9313385993090804,3.0952022482576584
28.066937751,2.467055202431575,3.181291497250746,2.787928046755089,2.157918697134756,-0.5106419010024185,-0.8884659609358394,0.16557462875370232,1.9312261408643026,3.0955885219565253
28.083774314000003,2.46080222532081,3.183588474716473,2.789884557858158,2.1645756413779518,-0.5126624722008203,-0.8760215545069059,0.1596356627553197,1.9276031176108746,3.108032928385459
28.100295836,2.4545325526311323,3.185879749367297,2.7917207448957955,2.1701495037840934,-0.5174284033991305,-0.8634518281110246,0.15236880758757154,1.9266157684929828,3.12060265478134
28.117049841,2.4482490407032005,3.1881615032125,2.7934855916301435,2.17525107445394,-0.5221870660680766,-0.8515736690367106,0.14542174723205892,1.9259760450268477,3.132480813855654
28.133992847000002,2.44195693676865,3.1904356375566496,2.7952092946087803,2.1780995325362267,-0.5235588380342145,-0.8452136518734044,0.1425020033290032,1.9247633755276874,3.1388408310189604
28.166220567000003,2.4356567148376445,3.192699290829128,2.7969118081868363,2.1898951195363003,-0.5283109125181172,-0.8228002201290892,0.13110413746717997,1.9191236292237521,-3.12193104441631
28.183546703,2.429349806831972,3.194953891892512,2.7986026373431505,2.191646220906151,-0.5305008945794794,-0.8144539400156319,0.12830420736527492,1.919274522765785,-3.113584764302853
28.199544707,2.4230362121552784,3.197198963909981,2.800289169606994,2.193212390355965,-0.532775872089746,-0.807671854085882,0.12556394231021328,1.9196200033669153,-3.106802678373103
28.216340282,2.4167154519707363,3.1994330769205224,2.8019726457455487,2.1962801202512305,-0.5359391644331162,-0.801080493573771,0.1211612619646667,1.9194361802593691,-3.100211317860992
28.216806010000003,2.410389435309581,3.2016571824001434,2.803656212466608,2.196365185972926,-0.5360268800258541,-0.8008977203642438,0.12103917912368156,1.9194310829901047,-3.100028544651465
28.24966317,2.4040576849830426,3.2038712808983565,2.805340203661748,2.2154017547819262,-0.5464947635287842,-0.7660250368972008,0.10055589871355464,1.9121921078768154,-3.065155861184422
28.266149014000003,2.397720201845992,3.206075849251864,2.807023652620942,2.2189910098973815,-0.5487597086308555,-0.7587184374419049,0.09647649898627408,1.9110211140833713,-3.057849261729126
28.267088966000003,2.3913788911253384,3.208269454752948,2.808708646656976,2.2191956538042557,-0.5488888460701387,-0.7583018465308662,0.09624390913934544,1.910954349047979,-3.0574326708180872
28.283591712000003,2.3850323236930566,3.210453052723217,2.810386032820783,2.222754657070107,-0.5525477335098568,-0.7511695090337529,0.09114436895757838,1.9107337782488947,-3.050300333320974
28.316215227,2.378680975695036,3.212626165776544,2.812060677643994,2.231664199658954,-0.5595012921060765,-0.729189428275193,0.08002460151046842,1.9087132094636905,-3.028320252562414
28.317239319000002,2.372324370365532,3.214788794462247,2.813732886954281,2.2319961187730875,-0.5596775587891357,-0.7282788041118842,0.07967212196762974,1.9085828314986657,-3.027409628399105
28.333859549000003,2.365961078168175,3.216941417265033,2.8153952834073217,1.5143693467396988,-0.26511105844298527,-0.7059019625776486,0.7771746012065281,2.2480646403203326,-3.0050327868648696
28.517379874000003,2.3532311128029257,3.2212089966054425,2.8199845235051733,0.18478497101918134,0.28296116396938137,-0.5673968384864452,2.0712002390069633,2.875500232118669,-2.866527662773666
28.51740437,2.346881573530909,3.223295323155538,2.8241005478692083,0.18479185480810317,0.28296258158454113,-0.5673877354230701,2.0711967149104913,2.8754941512530463,-2.866518559710291
28.517429158000002,2.340491478151391,3.2253602387428306,2.829175668962642,0.18479882065394795,0.28296401609811817,-0.5673785238483244,2.0711931488056843,2.8754879979015984,-2.8665093481355455
28.517447472,2.334062725055224,3.227396111780519,2.834942767347489,0.18480396719666153,0.282965075952953,-0.5673717181044218,2.071190514077452,2.875483451650251,-2.866502542391643
28.517460046,2.327610087344164,3.2293948190121395,2.8411663923545074,0.1848075007026178,0.2829658036265739,-0.5673670454264794,2.0711887051294995,2.875480330291485,-2.8664978697137005
28.51747255,2.321134993071033,3.2313544514423853,2.847670359330811,0.1848110145373945,0.28296652724920457,-0.567362398761535,2.0711869062520383,2.875477226309457,-2.866493223048756
28.517484854000003,2.314640299478364,3.233271667917219,2.854360480053648,0.1848144721688002,0.2829672392975769,-0.5673578264194479,2.0711851361474087,2.875474171975254,-2.866488650706669
28.517496927000003,2.3081269591399494,3.235145513664253,2.86117570631196,0.18481786488531163,0.28296793797768083,-0.5673533399202597,2.0711833992754007,2.8754711749842894,-2.8664841642074808
28.517509410000002,2.3015968806639986,3.236976940159687,2.868080109231672,0.18482137281873384,0.2829686603850142,-0.5673487010592151,2.0711816034190873,2.8754680762152836,-2.866479525346436
28.517523588000003,2.2950500622996306,3.2387640400559503,2.875050851987728,0.18482535707572867,0.282969480884187,-0.5673434323119686,2.0711795637130215,2.8754645566809596,-2.8664742565991896
28.534364488,2.2884898379082506,3.240504425323937,2.882070885532761,0.19070771315870683,0.2805103782596592,-0.5567515300514927,2.065428915983892,2.87271149483996,-2.8558823543387137
28.550331704,2.2819190711894697,3.242199523177587,2.8891721032734807,0.19705866326079333,0.2758680805636364,-0.5437927652863408,2.057737075491653,2.871061923701864,-2.842923589573562
28.583709427000002,2.2753339439691738,3.243846476990754,2.896373021643329,0.20362239782908131,0.27582261818821907,-0.530741500748583,2.0533341446219633,2.8661937743546013,-2.829872325035804
28.584393010000003,2.2687411312879866,3.2454448022357183,2.903675551115833,0.2039196032436554,0.27561412888885994,-0.5302193010138012,2.052980724252057,2.866110750932999,-2.8293501253010223
28.616192333,2.262141109165469,3.2469935446893152,2.9110798649825216,0.2138169661367195,0.27145312785736003,-0.5071883454718975,2.043287477471181,2.861494184171196,-2.8063191697591185
28.616745868000002,2.255531491945651,3.2484917534247946,2.9185863664327565,0.21361438825001966,0.27190914267614047,-0.5069077817614662,2.0437626354898177,2.8613418287562857,-2.8060386060486873
28.649580546000003,2.248915140237681,3.2499389483091368,2.926186921642971,0.20696294924439584,0.2925839241415113,-0.48903070992172815,2.063619276476462,2.8525439859403505,-2.788161534208949
28.666155840000002,2.2422939589776334,3.251333219797662,2.933900746580966,0.2128717956733682,0.2920096264690877,-0.4778738739083046,2.0592575958981882,2.8485165765408924,-2.7770046981955256
28.682891661000003,2.235666518173794,3.252674569538193,2.9417323992829103,0.21719127005153316,0.2903437725389861,-0.46870213345206757,2.05513923424135,2.846401860133536,-2.7678329577392886
28.699513715000002,2.2290318642799893,3.253963475466467,2.9496795228049626,0.22055060916107247,0.2880753626892366,-0.4607759337264845,2.0512102872721782,2.8454047552179147,-2.7599067580137056
28.716184431000002,2.222389994760974,3.2551975533981783,2.957741436055258,0.2255325784586758,0.2859311804474746,-0.45407886814284026,2.0462939819127803,2.843114017960763,-2.7532096924300613
28.732907318000002,2.215747584014013,3.2563758419688105,2.965919156035936,0.23174871412238132,0.28387916792956414,-0.4483070699318539,2.040624966125415,2.839840891326204,-2.747437894219075
28.749555762000004,2.2090998631037646,3.257497869835054,2.974204184492701,0.2380810048596479,0.28086471839355476,-0.4424344166510963,2.0341603829253656,2.837121704676477,-2.7415652409383173
28.766271224,2.202447310435211,3.258564590121026,2.9825930805477774,0.24448129394645426,0.2772456155651726,-0.43650355017899045,2.0271992950430366,2.8347542458760766,-2.7356343744662115
28.782860775000003,2.195790875341856,3.259572663870354,2.9910692127830822,0.24636498141575752,0.27664492800132523,-0.43480082886736326,2.025497177091718,2.833748314212807,-2.7339316531545843
28.799546461000002,2.1891381879880427,3.260522559130139,2.9996751145154668,0.24825958468952436,0.27604075950547746,-0.4330882404343601,2.0237851955154436,2.8327365532633526,-2.732219064721581
28.816222978000003,2.1825583865775577,3.261411812060242,3.0070888618363534,0.2535639879346487,0.2731232480259796,-0.43005133826754616,2.018077145945842,2.8307199379974035,-2.729182162554767
28.817232362000002,2.1761778250048325,3.2622350318778346,3.013232971226885,0.2539276514571095,0.2729177604926967,-0.42985097002442174,2.017681729393817,2.8305853198920543,-2.728981794311643
28.849596863000002,2.1698415625758614,3.263016238962815,3.0184146445014792,0.26617918263290896,0.2677253319532964,-0.42304801814200665,2.0056517452909084,2.8248984215483053,-2.7221788424292277
28.866261539000003,2.163482863872662,3.263776491046676,3.022798312397169,0.2728430819307795,0.26522066929526644,-0.41769017443101575,1.9993468800851495,2.821592432495102,-2.716820998718237
28.883966196000003,2.157071689706838,3.26451534590083,3.0264897071163195,0.2801130893631095,0.2621583978686916,-0.4098123056723679,1.9922224380385976,2.818205274411771,-2.708943129959589
28.883986815,2.150578487582308,3.265244281670154,3.029591100107585,0.2801215560780098,0.2621548315203271,-0.4098031310367958,1.992214140850432,2.818201329697535,-2.708933955324017
28.916248981000003,2.14400803071172,3.265967584392744,3.032177946170844,0.29471627637359626,0.25872031949766144,-0.39507070101289266,1.9799363703910562,2.8095956289191486,-2.6942015253001137
28.917185897000003,2.1374017989485914,3.2666794842320845,3.0344412082237144,0.2948568083008066,0.25869129047011047,-0.3948510603671451,1.9798211645586994,2.8095100747071133,-2.693981884654366
28.933601067,2.1307745729240533,3.267379964158849,3.03648511006943,0.29731898791518413,0.2581826894619266,-0.391002862088083,1.9778027089841028,2.8080111282329647,-2.690133686375304
28.949995497000003,2.1241320750726143,3.268069017580628,3.038384053401052,0.29997792947350843,0.25761752152718737,-0.38702769703772333,1.9756110682303307,2.8064029939688417,-2.6861585213249444
28.967289932000003,2.1174795519972323,3.2687475921280904,3.0401904380013858,0.30330008849335505,0.2568732754158688,-0.38249314838606097,1.9728443284302166,2.804419110477851,-2.681623972673282
28.999548561,2.1108203403912604,3.2694152071192093,3.041935124772051,0.31709044739286935,0.25437912820833836,-0.37152426714202846,1.9618037423877877,2.7957877589782325,-2.6706550914292495
29.016982663,2.1041558712892945,3.2700723377427807,3.0436523597440885,0.32570060089252906,0.2525249549077497,-0.36056238578674993,1.9546888464547003,2.790596327790433,-2.659693210073971
29.032890656000003,2.097487573951549,3.27071755184004,3.045354195359214,0.3336352305201615,0.25068317216471836,-0.348626138193433,1.9480328447447315,2.785900781790539,-2.647756962480654
29.049564699,2.090814973095826,3.2713522804709068,3.047046391603945,0.3373218705074648,0.24840381322877522,-0.33881373811618154,1.9438778661427052,2.7846667054673113,-2.6379445624034026
29.050352280000002,2.084139498822528,3.2719760451504194,3.048737411015673,0.33736853647211873,0.24828654509903228,-0.33842455459057774,1.9437592886538915,2.7847099363088152,-2.637555378877799
29.082845065,2.0774616267605106,3.272588368492684,3.050425120497329,0.3405992194790249,0.24422639631021467,-0.3247868100913536,1.938578832563707,2.7850014763165687,-2.6239176343785746
29.099500182000003,2.070780403589799,3.2731892515962446,3.05211188614874,0.3436747129959996,0.24299116103509674,-0.32042637063244683,1.9356098627579847,2.7835284913028775,-2.619557194919668
29.101051379,2.064095353611032,3.273779171847026,3.0537959856683177,0.3439611532724049,0.24287611571580814,-0.32002025516611,1.9353333437124736,2.783391302837958,-2.619151079453331
29.117075353,2.057408858699357,3.274356695988043,3.0554779806085435,0.34696820737987755,0.24071681211931667,-0.3124229424706968,1.9317203116266999,2.7825844784616165,-2.611553766757918
29.133698409,2.050719013448671,3.2749237335641883,3.0571543447688936,0.3501017507259448,0.23819290465534101,-0.3035468486816306,1.9277509867622578,2.781925947589966,-2.6026776729688517
29.166220520000003,2.044027724904314,3.275479328704006,3.058823657535664,0.3590987386606523,0.23452524232693067,-0.2916465840458642,1.9190252252238673,2.777652936423627,-2.5907774083330852
29.166905195000002,2.03733308503975,3.276023483605216,3.0605002114263318,0.3592923241231849,0.23444987884465385,-0.2914040139167007,1.9188401268288904,2.7775586306977043,-2.5905348382039217
29.183807774,2.030637955656837,3.276556671808439,3.062152848340012,0.36734488137643917,0.23341243980228513,-0.28682495555713317,1.9127058981016236,2.772239683808973,-2.585955779844354
29.200275844,2.0239385228969544,3.277079374545206,3.063734914851328,0.37504229746528484,0.2323799293297749,-0.2827731390067214,1.906811739255712,2.7671824925114414,-2.5819039632939425
29.232854253000003,2.0172381252895226,3.277592541643928,3.065288599111496,0.3859667700985987,0.22940167792149316,-0.2774017384904681,1.8973174870308394,2.7610121393240257,-2.576532562777689
29.233605535000002,2.0105367615390057,3.278094742593918,3.0668092855730644,0.3861738976724425,0.22931582912297171,-0.2772930665980944,1.8971155496083474,2.7609147066526507,-2.5764238908853154
29.250037166000002,2.0038315721349598,3.2785874112018822,3.0682927254528143,0.39070407923319933,0.2274381909270633,-0.2749162541154462,1.8926988842130859,2.758783712294503,-2.574047078402667
29.266931038000003,1.9971254180008704,3.2790705441717463,3.069729069495467,0.3951568196826673,0.2253438338824354,-0.2724600066797045,1.8881720319422242,2.756854765053518,-2.5715908309669255
29.284073714,1.990416393031457,3.27954509737454,3.071132342301237,0.39729085971963546,0.22131127552545812,-0.2698212742823909,1.8837421220019936,2.757946347255304,-2.568952098569612
29.300157883,1.9837068790225412,3.28000916071622,3.0724903604598426,0.39949969070444963,0.21788692268377297,-0.2674414986967264,1.8797163232110197,2.758577275776157,-2.5665723229839474
29.332880677000002,1.9769992634514812,3.2804655924710784,3.073827578300317,0.4067696009103127,0.21574636153265103,-0.26389576803876835,1.8732798035504195,2.754576674433644,-2.5630265923259894
29.350058319000002,1.9702878224149036,3.280912491883821,3.0751570947010385,0.4097881665929581,0.21318354943288645,-0.261858298272589,1.8693579770857052,2.7540298455574774,-2.56098912255981
29.350081484,1.9635744643653248,3.281351287267814,3.0764044937307027,0.40979223729567926,0.21318009333907065,-0.26185555063195665,1.8693526882858775,2.7540291081285035,-2.5609863749191777
29.367038225,1.956859668083752,3.281782931747001,3.077638122986504,0.41392153364512646,0.21091471861428313,-0.259934360128927,1.8649135015762894,2.7524553761492005,-2.559065184416148
29.383173201,1.950144384842579,3.282205993712496,3.078817168225211,0.42206191841391233,0.20972801380141304,-0.2584362621178933,1.8586094177663695,2.747170240406925,-2.5575670864051143
29.416206968,1.9434271841330597,3.282620474812355,3.0799747159953603,0.4375696709874359,0.20752730828892862,-0.252130043537953,1.8466446779127683,2.7370619025183327,-2.551260867825174
29.416941768,1.9367090223421308,3.2830282812950053,3.081095317850161,0.43789998304605654,0.20748124888180314,-0.25194882894935233,1.8463904396825657,2.7368460543138964,-2.5510796532365734
29.450553687000003,1.929988944510581,3.283428460585553,3.08219192885844,0.44491820085374245,0.20492245767922898,-0.24184647530032777,1.8398093350211278,2.7333116724655824,-2.540977299587549
29.450584937000002,1.923268858156732,3.283821487323604,3.0832523246082357,0.4449213298552226,0.2049198890247195,-0.24183632186423765,1.8398053353254489,2.7333110471091024,-2.5409671461514587
29.482879414000003,1.9165459038083248,3.2842083184787496,3.084289064910755,0.44895045446329085,0.2040696256899717,-0.23434701536709746,1.836488900740885,2.730870134474028,-2.5334778396543185
29.483881093,1.9098229394775748,3.2845865665707863,3.085292036752488,0.44909168760299545,0.20408013350918108,-0.23417611348075162,1.8364027338799072,2.7307577401410543,-2.5333069377679727
29.516276804,1.9030994925027176,3.284959570006809,3.086275501237624,0.45795222376749467,0.2024812215561707,-0.2213954541512102,1.8293116737994006,2.7252095433627734,-2.5205262784384312
29.517115983000004,1.8963750849811207,3.285326852499564,3.087226470913648,0.45826901757725685,0.20240039009213848,-0.22091692690907472,1.8290404838578684,2.7250269288532376,-2.5200477511962958
29.549532383000003,1.8896492394008588,3.2856874609245263,3.088158187905294,0.46663357493032603,0.20010508758894152,-0.2081755622369741,1.8217598558194354,2.7203124099318683,-2.507306386524195
29.550281852,1.882923863327257,3.2860418699212794,3.0890583308553534,0.4667288805793324,0.20007296781758,-0.20802644375424428,1.8216724472742567,2.720262664653956,-2.5071572680414653
29.584317038000002,1.876198004013193,3.286390557425198,3.0899508681768717,0.47662989556440016,0.1974671214897143,-0.1928104558064767,1.8131373566972404,2.7146082184687743,-2.4919412800936978
29.584337226000002,1.8694702295456984,3.2867325714107944,3.090803794303705,0.4766416978358086,0.19746435522873082,-0.19279244607159107,1.8131274363629761,2.714601251921687,-2.491923270358812
29.600204812,1.862743403445192,3.2870698159291827,3.091641985080264,0.4859181767620923,0.19529009903432232,-0.17863695681474212,1.8053301430658977,2.7091256087167257,-2.477767781101963
29.616930293000003,1.856015140455228,3.28740134005343,3.092449484040872,0.48912902254192175,0.19421178996443442,-0.1724099471720706,1.8023881905781125,2.7074471580526707,-2.4715407714592916
29.633656155,1.8492854397297536,3.287727143783923,3.0932451776833108,0.4904269289633522,0.19348694795460247,-0.16871529507218241,1.8009833301903126,2.7069610260656565,-2.4678461193594035
29.650082866,1.8425557332434248,3.288047702309027,3.094011190742682,0.49503414492481745,0.19287228596334507,-0.1627394423354005,1.7974579275563367,2.703931870317361,-2.4618702666226215
29.682916562000003,1.8358250666098808,3.288362539890682,3.0947677665697237,0.5162534862602182,0.19215647240093006,-0.14199153971010148,1.7827995476295055,2.688572679789047,-2.4411223639973225
29.683460879000002,1.8290948723237632,3.288673562228293,3.095495013385446,0.5164024583748443,0.1921638385546437,-0.14173719486355196,1.78270588491824,2.6884566011619224,-2.440868019150773
29.716335302,1.822363718251772,3.288979340459381,3.096213669389433,0.5255145008201033,0.1925081924980189,-0.1263970531606109,1.7768976436370434,2.681427217804762,-2.425527877447832
29.733115417,1.815631606206472,3.2892813050943968,3.0969063479540115,0.5306695916761417,0.1922424438914419,-0.11866008690119934,1.7732679488312861,2.6777569453798638,-2.4177909111884204
29.733652862000003,1.8088994885266427,3.2895785013610594,3.0975875438007185,0.5308347024519103,0.19223393231331135,-0.11841228205413401,1.7731516944835126,2.6776393913843513,-2.417543106341355
29.766355547000003,1.80216689104638,3.2898704529704084,3.0982494806535192,0.5432981094329424,0.19287236334666874,-0.10309137982174477,1.7653321574390275,2.6679131923236126,-2.402222204108966
29.782963594,1.7954409577402104,3.290157628523168,3.098882817727767,0.550312287746351,0.1934597702502668,-0.09556133062097771,1.7611016990141544,2.662287628725349,-2.3946921549081988
29.783889329,1.7887102592471549,3.290442425382536,3.099503813588209,0.5505949623656587,0.19342198542345662,-0.09524521408718911,1.760885344766582,2.662101823792435,-2.39437603837441
29.816328803,1.7819828881408346,3.290722926867385,3.100119209871265,0.5610736185167396,0.1924044953900106,-0.08452303351257484,1.7531511252290626,2.6549590394021427,-2.383653857799796
29.817200444,1.775250269688281,3.290999142862255,3.1007129155626307,0.5615306003249706,0.1924709737694194,-0.08434361309101313,1.7528965572689368,2.654573751325945,-2.383474437378234
29.833485927,1.768517175938798,3.2912734520574043,3.1012976448050367,0.570068713457852,0.19371303617553629,-0.08099137492737896,1.748140284690001,2.6473751427072303,-2.3801221992146
29.866268404000003,1.7617883590858388,3.291542034269953,3.101869505292957,0.5821971248699612,0.19420564544356828,-0.0753496474734412,1.7404349054927002,2.6379960084882237,-2.3744804717606622
29.882856664000002,1.7550552502042434,3.291806329893067,3.102433068527212,0.5864720332702029,0.19371586432293858,-0.07290211863709217,1.7372238925509054,2.6351317244128905,-2.372032942924313
29.899543100000002,1.748322137359677,3.2920672876583428,3.102973882001676,0.5899113814316689,0.193331523774383,-0.07154311348418929,1.7346477401991558,2.6328208214522237,-2.3706739377714103
29.90053436,1.7415866363238917,3.2923249103125616,3.1035091517698925,0.5901088483375427,0.1933095537972175,-0.07147115589661901,1.734499904929059,2.632688078875303,-2.37060198018384
29.917340324,1.7348511309402934,3.2925787182720256,3.104024865583117,0.5934567305392963,0.19293707165799615,-0.07025117665177127,1.7319934845881018,2.6304375422159056,-2.3693820009389923
29.949773236000002,1.7281151449454863,3.2928291889229167,3.104535356776783,0.6094764155512816,0.19066471653346526,-0.06381885823390121,1.7196345174014227,2.619994849279033,-2.3629496825211223
29.966270321000003,1.721378201244706,3.293076322814706,3.105027957645804,0.6151918972311357,0.19040533891846623,-0.061372637998395874,1.7156365655542178,2.6159021254174295,-2.360503462285617
29.983831505,1.7146426848270635,3.2933205940373567,3.105518466270336,0.6184842275336893,0.19101903940898868,-0.05977485048380693,1.7139030944502034,2.6130366158563345,-2.358905674771028
29.983845582,1.707906688418069,3.293562004788244,3.105987306813635,0.6184868666572054,0.19101953134972596,-0.05977356970143788,1.7139017049042178,2.613034318871229,-2.358904393988659
30.016252895,1.701170210017144,3.2937991245570046,3.1064544725846868,0.6210378606501046,0.19125224750758196,-0.05792112864192234,1.712377365196754,2.610975650462236,-2.3570519529291434
30.033796475000003,1.694432774671111,3.2940333844034075,3.1069019792160044,0.6216154040302044,0.19132108670391537,-0.05754438744845558,1.7120443099643772,2.6104988177839985,-2.3566752117356766
30.033821593000003,1.6876860260605089,3.294264317275144,3.10752681291686,0.6216157856100185,0.1913213138509374,-0.05754460253852045,1.712044225490511,2.6104983818217407,-2.3566754268257415
30.050349147000002,1.6810112942482234,3.294488014300112,3.107652821489523,0.6218668637604804,0.19147077577754804,-0.057686131029647925,1.711988641989198,2.6102115202183023,-2.356816955316869
30.082979585,1.674273373951987,3.294715598980276,3.108029234822637,0.6222053700407523,0.1912900555282102,-0.057550529547956586,1.7116284542211937,2.6100791907730367,-2.3566813538351776
30.084411604000003,1.6675293058854057,3.2949398529190304,3.1084850235824204,0.6222169468119235,0.1912721999403338,-0.05753592185227063,1.7116074230622607,2.6100824363859374,-2.3566667461394917
30.100152889,1.6608132569228424,3.295159306127254,3.108784808124005,0.622231293015606,0.19110674956948942,-0.05739797014699022,1.7114744008614373,2.610181858379786,-2.3565287944342113
30.132956517,1.6540781883756177,3.295378781284963,3.1091606309401225,0.6213804378914957,0.19102189690015928,-0.057305651171812855,1.7119774293403796,2.6108733182608272,-2.356436475459034
30.149609961000003,1.647340257130524,3.2955963523911818,3.109526073048852,0.6213156403099932,0.19098757525434717,-0.05728984469941878,1.7119949467038476,2.610944521097266,-2.35642066898664
30.166252664,1.640601846129092,3.2958110630255306,3.109893310763801,0.6212508845210966,0.19095327574502516,-0.05727404842175332,1.712012452769112,2.611015678009891,-2.3564048727089744
30.182917680000003,1.6338634319578742,3.296023389475865,3.110244656639678,0.621152851842526,0.19096162012664303,-0.05728841053925393,1.712083933306549,2.6110832839825564,-2.356419234826475
30.199665554000003,1.6271259687123936,3.2962333306432847,3.1105992239869016,0.6210506448477062,0.19097474817734533,-0.05730619654582725,1.712161762360076,2.6111508210385512,-2.3564370208330483
30.216412455,1.6203870715680486,3.296440412437754,3.1109362861118943,0.6209765957622579,0.1909889893670833,-0.057318944813424366,1.7122216794492788,2.6111966033600558,-2.3564497691006454
30.232876769,1.6136481727756475,3.2966460637216985,3.1112742896744665,0.6210660705739697,0.19100941103519442,-0.05730244524500705,1.7121773629082444,2.6111162365096128,-2.356433269532228
30.249511958000003,1.6069083172966538,3.296848855083167,3.1115976055539485,0.6211564740006513,0.19103004464973333,-0.0572857744357016,1.7121325864276737,2.6110350355712413,-2.3564165987229226
30.266245995000002,1.6001694124378787,3.297049261161863,3.1119267493974085,0.6210321238276153,0.19104672594632854,-0.057291271905617336,1.7122278063229395,2.6111167325891538,-2.3564220961928384
30.282908806000002,1.5934295518032038,3.2972477609918527,3.112246718151645,0.6208587059652564,0.19106239749280657,-0.057301875747619135,1.7123549334671104,2.6112357201581227,-2.35643270003484
30.284046365000002,1.5866915957902648,3.2974438744402144,3.112552806805831,0.6208468668433887,0.1910634673788384,-0.05730259966484397,1.7123636123525035,2.611243843360142,-2.356433423952065
30.302305399,1.5799517308312774,3.297638559575438,3.1128607787635305,0.6208461888928273,0.1911289157278452,-0.05745282143884012,1.71241290667352,2.6112007850749905,-2.356583645726061
30.332939852000003,1.573211385504915,3.2978303842390706,3.113154539812016,0.6210369509506813,0.1912062184917898,-0.05767186274437641,1.7123436199978914,2.6110069675406686,-2.3568026870315975
30.334228348000003,1.566471992155991,3.298020777293495,3.113454287335554,0.6210461727583602,0.19119918757236823,-0.057659398442192256,1.712332234645026,2.6110047654269324,-2.3567902227294133
30.350976001000003,1.559731166476935,3.2982092646484378,3.1137446154567985,0.6211660362542795,0.1911078008713282,-0.057497389551306455,1.7121842497548343,2.6109761427251748,-2.3566282138385275
30.384056157000003,1.5529908155072245,3.2983958441066283,3.114020195597475,0.6211494470125581,0.19108476408258343,-0.05748727205640414,1.7121781000245282,2.6110038569344134,-2.356618096343625
30.384094149000003,1.5462518921438086,3.298580514569718,3.1143042176930096,0.6211493300311127,0.19108479849479248,-0.05748738022055022,1.712178203571892,2.611003921330082,-2.3566182045077713
30.417457815000002,1.5395115372581294,3.2987637561700485,3.114572166386707,0.6210307542616883,0.19119138660957263,-0.05762613429961938,1.712336675888241,2.6110214645412464,-2.3567569585868404
30.417509022,1.532771178935329,3.298944136749393,3.114845005908727,0.621030563192046,0.1911915939542387,-0.05762637233558188,1.7123369578074876,2.6110214691191342,-2.356757196622803
30.433578753000003,1.526030819325813,3.29912356365514,3.115102810019107,0.6209979830493679,0.19122275194169422,-0.05766751454994967,1.7123818967591435,2.6110250435426208,-2.3567983388371707
30.466368104,1.5192909350689996,3.2993015595009343,3.115363893339074,0.6210493626131098,0.19114616630352135,-0.05760299711988104,1.7122905424628052,2.611037677310274,-2.356733821407102
30.466385427000002,1.512550571652203,3.299477171711678,3.115622866249925,0.6210493562110313,0.1911462225747829,-0.05760296589654956,1.7122905887185498,2.6110376446323373,-2.3567337901837706
30.484051842000003,1.505810206337654,3.299651830249105,3.11586696744551,0.6210428272161839,0.1912036093703055,-0.057571123585667294,1.71233776144754,2.611004318880828,-2.3567019478728883
30.501037969000002,1.4990693618396198,3.299824105151492,3.116120365011254,0.6210365496360603,0.19125878634859284,-0.05754050743991357,1.7123831176766087,2.61097227641791,-2.3566713317271346
30.517714076,1.4923280380170925,3.2999939964189045,3.116369435048272,0.6211549355139984,0.1912730652935933,-0.05752967677453569,1.7123149729151184,2.610874422466294,-2.3566605010617567
30.533618031000003,1.48558766732653,3.3001638865878595,3.1166020576605216,0.6212782573248203,0.19128334651331116,-0.05752095576310623,1.712240559221786,2.6107755459031057,-2.3566517800503273
30.550375143000004,1.4788472934338603,3.300330915735721,3.116840920159308,0.621198515844359,0.19126204417509568,-0.057556647648109305,1.7122777397586528,2.610849235122113,-2.3566874719353303
30.567059365000002,1.4721064425316133,3.3004974685959207,3.117073475459521,0.6210388393686056,0.19122853061053213,-0.05760936822134077,1.7123590141929077,2.6109907066819944,-2.356740192508562
30.599541220000003,1.4653655888356028,3.3006616372719337,3.117303069697931,0.6209070533957742,0.1911968848490736,-0.057587426562541566,1.7124231178497087,2.611110120743303,-2.3567182508497626
30.616225362,1.4586247328569977,3.300824375437712,3.1175197778400308,0.6208879101614608,0.19119923139842257,-0.057553472260263305,1.712437611307551,2.611122845105511,-2.3566842965474843
30.632876511000003,1.4518838752215173,3.3009852062558744,3.117745087934791,0.6208534036979455,0.19126724731492956,-0.057610396250000306,1.7125113389558118,2.611103323455873,-2.3567412205372213
30.634452195,1.445142541064126,3.30114651446034,3.117955801281798,0.6208501383807918,0.19127368360298302,-0.057615782918503555,1.71251831574016,2.6111014761388507,-2.3567466072057246
30.650080685000002,1.4384021578236523,3.301304960544802,3.1181718241119905,0.6208225982473846,0.1913335588507689,-0.05766472330485506,1.7125813311555322,2.6110821742821795,-2.356795547592076
30.682899181000003,1.431660819294946,3.3014624540545223,3.118385539766418,0.6209557621468094,0.19130311777641817,-0.05759066551544478,1.7124699758979882,2.6110030586090485,-2.356721489802666
30.68380617,1.424919240268214,3.301618040491497,3.1185861521475315,0.6209594423334935,0.19130227649107762,-0.05758861881591493,1.7124668984262574,2.611000872127217,-2.356719443103136
30.70039466,1.4181783757496729,3.3017726724306,3.1187964506045307,0.6209831000655962,0.19128639509038328,-0.05756804856583386,1.7124392991504311,2.6109937878382534,-2.356698872853055
30.716967179,1.4114370317597666,3.30192587440898,3.1189919940031983,0.6209657216519684,0.1912700642660385,-0.057563342094212544,1.7124386792689572,2.6110176273187626,-2.3566941663814336
30.749587358000003,1.4046959250716422,3.302077168764824,3.119193810703781,0.6262640207724062,0.19642999613846862,-0.05814303777500385,1.7127627598418966,2.6036289980629403,-2.357273862062225
30.766267162000002,1.3979543405983927,3.30222798683336,3.1193824244551767,0.6308509911456507,0.2008967643678253,-0.058646850052532784,1.7130430235115788,2.5972326109658934,-2.357777674339754
30.767690945000002,1.3912122771384892,3.3023768981038595,3.1195776440114025,0.6309132575303615,0.2009556990100876,-0.05865543300398279,1.7130455592690699,2.597146914030957,-2.357786257291204
30.783712444000003,1.3844704500021263,3.3025243785893625,3.11975858091686,0.6309676087469497,0.20098615882406967,-0.05868444928245253,1.7130321132711608,2.597086077691877,-2.3578152735696736
30.800257511,1.3777286222605898,3.302670905400956,3.119948006833044,0.63102373611181,0.2010176140370395,-0.05871441378648257,1.7130182278702826,2.5970232532766264,-2.3578452380737036
30.832939558000003,1.3709863165605989,3.302816479088229,3.120122019290012,0.6308247196800315,0.20079077283872424,-0.05864197211075606,1.7129814107380468,2.5973227678307715,-2.357772796397977
30.849547745000002,1.36424472506328,3.3029610982777693,3.1203048774711597,0.6306412794707237,0.20059874669400451,-0.05857019808256325,1.712960207560804,2.5975874842373683,-2.3577010223697843
30.85027917,1.3575026542267852,3.303103810669434,3.1204806314311737,0.630636412249015,0.20059543837899416,-0.05856779399108092,1.712960978375314,2.5975933186731046,-2.357698618278302
30.88294266,1.350760583413792,3.303246523061088,3.1206479342513,0.6307795632018437,0.20102564879838303,-0.0585453931360469,1.7131867523175808,2.59720012746359,-2.357676217423268
30.899617335000002,1.344018748436673,3.3033868509937814,3.120821094707604,0.63081284066388,0.20101460533349935,-0.058545785182554155,1.7131563603580944,2.597182643859991,-2.357676609469775
30.916980741000003,1.3372771511314958,3.3035262249779547,3.1209911014108567,0.6308424062919797,0.20097362804299562,-0.0585477049274985,1.713106099961443,2.5971878551199534,-2.3576785292147195
30.91701141,1.3305355518492423,3.3036641684517534,3.121148371103234,0.6308424585137759,0.20097355566476968,-0.05854770831834699,1.713106011186458,2.597187864324607,-2.357678532605568
30.93353171,1.3237941904827637,3.303801634814012,3.121316139848373,0.631101405956178,0.20084053774107313,-0.0584882748600446,1.7128343794627827,2.597083156384868,-2.3576190991472656
30.950328066,1.3170516357624495,3.303938148876042,3.1214782445902123,0.6314614710630136,0.20066586653103588,-0.05840215959239359,1.7124643558458406,2.5969307115237497,-2.3575329838796146
30.982951641000003,1.3103102712496866,3.3040732310542755,3.1216318031866,0.6312040433082112,0.20081414091510094,-0.05850487157043105,1.7127463616763752,2.597024130223468,-2.357635695857652
30.983031433,1.3035681908773764,3.304207360382627,3.1217881890400827,0.6312026038552776,0.20081491622562386,-0.0585053512946665,1.712747898417877,2.5970246883961217,-2.3576361755818875
31.01628047,1.2968265857490808,3.3043405354881683,3.1219305652502265,0.6309659422653627,0.20109175207342878,-0.0586354958252322,1.713112025084207,2.597017035577144,-2.3577663201124532
31.017171609000002,1.290084742240845,3.3044732340312764,3.1220849233739614,0.6309744217025518,0.20109728476223132,-0.058636136845983344,1.713110509893964,2.597007024798006,-2.3577669611332044
31.049741110000003,1.2833431350561495,3.304604501789387,3.122234676676506,0.6312455808298588,0.20127726182048292,-0.058658629232869686,1.7130643328955735,2.596684865367539,-2.3577894535200907
31.066292490000002,1.2766012886836462,3.304734816148339,3.12238232960851,0.6311318947364526,0.20122443081932803,-0.05866398640552006,1.7131005785663975,2.5968048732583777,-2.357794810692741
31.082838609000003,1.269859679207537,3.304864176559125,3.1225287433899527,0.6310182447791594,0.20117161661096605,-0.058669341875344116,1.71313681271622,2.596924843003665,-2.357800166162565
31.083585522000003,1.2631171155712635,3.304992584394653,3.1226660244477946,0.631017212672122,0.2011716154416484,-0.058671508246794346,1.7131374988425287,2.5969256140270063,-2.3578023325340154
31.116250336,1.256375026653154,3.3051195611705184,3.1227979765632403,0.6311542963137365,0.2012775181729777,-0.05885182596097316,1.7131252857026342,2.5967528189098434,-2.357982650248194
31.132944206,1.2496329388337484,3.305247491620067,3.1229302559877525,0.631105331996491,0.2012312920803654,-0.05875581086863235,1.7131233799094165,2.596820129562446,-2.3578866351558534
31.13397416,1.2428789724557212,3.3053725749273046,3.1228324411284465,0.6311015220328324,0.20122777484861798,-0.0587486396467618,1.7131232910725394,2.596825314044122,-2.357879463933983
31.151104332000003,1.2362193306736182,3.305498979683162,3.1232985131317283,0.6310381548020768,0.20116927632849257,-0.05862936804425445,1.7131218135395727,2.5969115422279536,-2.3577601923314755
31.182923403,1.2294652453665602,3.305622155696349,3.123333521930675,0.6310092560480365,0.20101777681371483,-0.058610997698231415,1.7130279876783168,2.5970339511684872,-2.3577418219854525
31.199585073,1.2227720988100383,3.3057452612706517,3.123673436364016,0.6311468448957923,0.2010999825059967,-0.05867248482996068,1.7129977535371916,2.5968765524277657,-2.3578033091171817
31.200143728,1.2160255211161186,3.305865567527262,3.123797706979364,0.6311541818721619,0.2011056732355908,-0.05867575130420555,1.7129971167437466,2.5968672890525886,-2.3578065755914266
31.232911988,1.2093034024322058,3.305985368699928,3.124013604594058,0.6315226558191427,0.20140274001372438,-0.058823107455536316,1.7129735465028206,2.5963945669735433,-2.3579539317427574
31.249613403,1.2025644025120237,3.3061032820050102,3.124156821659053,0.6315282167855318,0.20144598762322538,-0.05876791970722017,1.7130021199707912,2.5963616301096537,-2.357898743994441
31.250074683,1.1958225412365104,3.306220721769268,3.124299842061324,0.6315283703750676,0.20144718208832374,-0.05876639546483986,1.7130029091475947,2.5963607204192725,-2.357897219752061
31.282997147000003,1.18908115551053,3.3063372073105755,3.124449598720618,0.6314973968178801,0.2014652480103402,-0.058732198743260966,1.7130370083120674,2.5963718103140163,-2.357863023030482
31.283701550000004,1.182338576712731,3.306452740551526,3.124591704973024,0.6314958719907212,0.20146425332915255,-0.05873300054857644,1.7130372809644447,2.596373610355463,-2.3578638248357975
31.300266645,1.1755962338536312,3.3065663661705624,3.124728139182463,0.6314600133888353,0.20144086190639002,-0.058751856205407904,1.7130436927947919,2.596415941034877,-2.357882680492629
31.332957088,1.1688536528114213,3.306679992064168,3.124862722005284,0.6313695473244335,0.2014109014138206,-0.058845147034265466,1.7130815504685293,2.596503396946413,-2.3579759713214865
31.349586215000002,1.162111308891801,3.306792187172411,3.1249981073013395,0.63142622086381,0.20144734019634652,-0.05886367386920455,1.7130710206772362,2.59643684772829,-2.3579944981564256
31.349650537000002,1.1553696791131671,3.306903904620041,3.125123421489314,0.6314266793422575,0.20144759746471216,-0.05886367022474914,1.7130709074965935,2.596436334328211,-2.35799449451197
31.367585183000003,1.1486275724894657,3.307015145779935,3.1252579949648784,0.6315545150540798,0.20151933057414062,-0.05886265405539781,1.7130393497906802,2.5962931850375988,-2.357993478342619
31.399579849000002,1.1418852264517605,3.3071259103778674,3.125377975491289,0.6315366855948048,0.20162875810936556,-0.058898839160061556,1.713132881594462,2.596233652888597,-2.3580296634472826
31.416322984,1.135141924614654,3.307234768727105,3.125498910155336,0.6314724016925615,0.2016752960768182,-0.05892331497254588,1.713210401277797,2.5962506499824043,-2.358054139259767
31.432884993000002,1.1283991060267802,3.3073460107095247,3.125621711448302,0.6315141882662348,0.2016071729652639,-0.05887647412940211,1.7131317477891794,2.5962648099539956,-2.358007298416623
31.449929753000003,1.1216598517396743,3.307452957043437,3.125740113472146,0.6315571928388978,0.20153706419483056,-0.05882826796494456,1.7130508017012591,2.5962793826617743,-2.3579590922521656
31.467092407000003,1.11491845497965,3.3075599058479304,3.1258593755727246,0.6315517308801059,0.20149576821948856,-0.05883956346069397,1.7130236188045247,2.596310946576272,-2.357970387747915
31.482865743,1.1081765795854936,3.3076649478542266,3.1259770286101967,0.6315229726907221,0.20147207732748446,-0.05887907239245216,1.713025080915075,2.5963481776661474,-2.358009896679673
31.499491604000003,1.101433750621664,3.3077704677962734,3.126092917959141,0.6315082350667338,0.20143286137024913,-0.05891088758890817,1.7130056244416156,2.5963852793440507,-2.358041711876129
31.501622316000002,1.094823002769343,3.3078724977092686,3.1258555274880298,0.6315194474064233,0.2014158535254895,-0.05890669699025075,1.7129854685155022,2.5963882326451166,-2.358037521277472
31.533035864000002,1.0880055548667753,3.3079838256673355,3.1259544671257333,0.6316773076579782,0.20117538716454786,-0.058846881937494544,1.7127009361641812,2.596430485110339,-2.3579777062247156
31.549535174000003,1.081286327602198,3.3080878879059443,3.1260457210834067,0.6316741623579839,0.2011679503959172,-0.058838209929533036,1.7126974798209849,2.5964377825161398,-2.357969034216754
31.550804193,1.0745527972037343,3.308193397135505,3.12606735417516,0.6316739204420824,0.20116737840831947,-0.05883754293540555,1.712697213981675,2.5964383437848606,-2.3579683672226266
31.582852441000004,1.0678471605859765,3.3082969668801123,3.1260412903757424,0.6326749828836074,0.20551781743097275,-0.05945078882181143,1.715277542385947,2.5927954944841396,-2.3585816131090325
31.599515904,1.0610843058040549,3.308404417242726,3.126223502816872,0.6338464935867116,0.21060116967987522,-0.06017691918414236,1.7182913771638428,2.5885375950788627,-2.3593077434713634
31.616265791000004,1.05434743361238,3.308506592459903,3.1264172148432947,0.6342955830554006,0.2131753697962491,-0.06058833258311935,1.7199135352753823,2.5864889880762405,-2.3597191568703404
31.616779360000002,1.0476055548516068,3.3086087734451817,3.12645881525366,0.634287123705899,0.21317693031225385,-0.060591228959154364,1.7199203306402555,2.5864942624312186,-2.3597220532463754
31.634166092,1.040863915349146,3.308711907829585,3.1265167297984844,0.6340007348415445,0.21322976113646014,-0.06068928494358339,1.7201503857796645,2.586672824214487,-2.3598201092308044
31.650145891,1.0341210820375033,3.308813613076876,3.126575028490945,0.6338881972800647,0.21323768872292398,-0.0607061749131681,1.7202312101202304,2.5867515323801564,-2.359836999200389
31.683218763000003,1.027378725515106,3.3089153177748365,3.1266274615812417,0.6339805708457218,0.21320647465889667,-0.06060179510877717,1.7201464291656452,2.586703372405438,-2.359732619395998
31.699639453000003,1.0206361314764585,3.309017499584154,3.126680758719055,0.6339705489050866,0.21330034311400997,-0.06062125757776826,1.7202231525761846,2.5866483701833496,-2.3597520818649893
31.701741700000003,1.0138935360335877,3.309118727719927,3.1267346830263847,0.6339692658533614,0.2133123605553085,-0.06062374924632863,1.7202329750355108,2.586641328563516,-2.3597545735335497
31.716846762000003,1.0071507019757622,3.3092194792933736,3.126787843934689,0.6339987370189337,0.21333523234187962,-0.060624290983149365,1.7202304270630036,2.58660411061009,-2.3597551152703704
31.733894908000003,1.0004073894894536,3.3093192777427145,3.1268319330378347,0.6341405912668702,0.21318288790507234,-0.06057617402529658,1.7200223127354657,2.586599651713674,-2.3597069983125176
31.750374931000003,0.9936640763509684,3.309418122518168,3.126885831628314,0.6342662496479603,0.21304990668349513,-0.06053544259843768,1.7198394292827597,2.586594390843336,-2.3596662668856587
31.782952087,0.9869207637383336,3.3095174441304733,3.1269381865973727,0.6340887875888653,0.2133175240475893,-0.0606696283674637,1.720157271498957,2.586548694436632,-2.3598004526546847
31.783640359000003,0.9801784035584836,3.309615810970456,3.126991068865689,0.6340850382693625,0.2133231781181417,-0.060672463369622065,1.7201639866921994,2.586547728988413,-2.359803287656843
31.801031610000003,0.9734360438104788,3.3097146546473333,3.127040621437242,0.6340499331221825,0.21319052472614416,-0.06062539049218252,1.7200883565383154,2.5866622251612332,-2.3597562147794036
31.832875669000003,0.966692730648492,3.309813499422797,3.1270939124700674,0.6340838013074984,0.21299835238175263,-0.06054731171811234,1.7199223977848912,2.5867648650954083,-2.3596781360053334
31.849483124000002,0.9599498924866864,3.30991091313847,3.127143278666128,0.6341885517887759,0.21303841040184734,-0.06055224372542156,1.7198825676323835,2.586660027758295,-2.3596830680126426
31.866170373000003,0.9532077703166172,3.31000880286687,3.127207232585768,0.634247273542335,0.21306453497481873,-0.060556334275652546,1.7198629771631668,2.5865988154133808,-2.3596871585628736
31.867237557000003,0.9464644552010556,3.310106217131948,3.127250952832458,0.6342436844981438,0.213063976119464,-0.06055645932247167,1.7198649490652802,2.5866018658493446,-2.3596872836096927
31.899500063,0.9397218544996788,3.310202676899197,3.127294478673784,0.6341329533247912,0.2130432413019716,-0.06055662560049768,1.7199231807293551,2.586698304424135,-2.3596874498877187
31.900677007000002,0.9329790146428144,3.310298660104365,3.127348144364357,0.6341277724140247,0.21304051880881392,-0.0605547811739644,1.719924597533466,2.5867039830218026,-2.3596856054611854
31.91706251,0.9262361766220172,3.3103960738199736,3.127396188121112,0.6340556433841745,0.21300261605405038,-0.060529102928878586,1.7199443223869944,2.586783040886175,-2.3596599272160996
31.933628958000003,0.9194930985350396,3.310492057299732,3.127448197182095,0.6339828269847576,0.2129644149059982,-0.06050324580750477,1.7199642820865424,2.5868628103423,-2.359634070094726
31.950546705,0.9127502580113156,3.310587563668113,3.127487091178789,0.6340443734362431,0.21307502668181919,-0.060607191029912855,1.7200058628715515,2.586743252954579,-2.359738015317134
31.966911398,0.9060076573569416,3.310684023435339,3.1275371966535013,0.6341039078874795,0.21318202247466886,-0.060707738204044404,1.7200460843491143,2.586627603988677,-2.3598385624912654
31.999630295000003,0.8992645781007557,3.310779053241447,3.1275750415758776,0.6340158952107379,0.2131430468588915,-0.06069728897742266,1.7200755811376798,2.586719229691167,-2.3598281132646437
32.016230006,0.892522213244072,3.310873605386824,3.127613051026945,0.6339457537834174,0.2131371973807483,-0.06071006732624795,1.72011790383688,2.586775468693234,-2.359840891613469
32.032898358000004,0.8857791336735484,3.3109681583559825,3.127657434196349,0.6338707404189075,0.21316067212017098,-0.06075243147244436,1.7201853536276352,2.586815824535105,-2.3598832557596654
32.03362331,0.8790358150415426,3.3110622347630176,3.1276898263085373,0.6338674778834973,0.21316169310048708,-0.06075427400447708,1.7201882872026346,2.5868175797205173,-2.359885098291698
32.050232249000004,0.8722932106210275,3.3111558335094093,3.1277266380200324,0.6338591899662681,0.21317751429960538,-0.060758832108778194,1.7202056109776787,2.586813233833754,-2.3598896563959992
32.067136080000004,0.8655498916041798,3.311249433079528,3.1277571373169817,0.6339765767055255,0.21317928474657774,-0.06069218070079074,1.7201287963780316,2.5867244515251726,-2.359823004988012
32.083330148,0.8588077622073473,3.311341600766117,3.127791201276295,0.6340890345760422,0.2131809808555048,-0.06062832787161554,1.720055207092261,2.586639397034131,-2.3597591521588366
32.116279033000005,0.8521011476985986,3.3114241907884128,3.1291297503528037,0.6342181337192463,0.21328314311413774,-0.06070145041997499,1.7200455171999662,2.586475050382652,-2.359832274707196
32.117351206,0.8454748616871225,3.3114909526292147,3.131773528546928,0.6342220849796875,0.21328671471149097,-0.06070433830254984,1.7200455525579865,2.5864697242661925,-2.359835162589771
32.133654883000005,0.838869527871962,3.3115324179456707,3.1356453277613263,0.6343131103764834,0.2132524439621952,-0.06070029338875926,1.7199593878263975,2.586424605022523,-2.3598311176759803
32.150057168000004,0.8322252917381467,3.311539595782002,3.1405331196771065,0.6344197745818506,0.2131747706774974,-0.060672837713735106,1.7198304228523413,2.5863967047119676,-2.359803662000956
32.166943716,0.8255185465541134,3.311508698635929,-3.137008412853961,0.6344571283840644,0.21314030950488397,-0.060682948672390324,1.7197798413066767,2.586391766473829,-2.3598137729596114
32.199554136,0.8187852882715936,3.3114363471740766,-3.1308749821484527,0.6343897093794016,0.21319264729953694,-0.06078495671440365,1.7198637761192586,2.586407242719359,-2.3599157810016247
32.200312502,0.812035529288465,3.311320622512211,-3.1244353634738347,0.63439463977744,0.2131960766923032,-0.06078561312977726,1.7198630536112356,2.5864012805434378,-2.3599164374169983
32.233286314000004,0.8052745110373224,3.3111586575866228,-3.1177949962216047,0.6346090138633071,0.21334518695350868,-0.06081415412066349,1.7198316389068338,2.5861420446758663,-2.3599449784078845
32.250764520000004,0.7985086723057517,3.3109513986545567,-3.111025558452082,0.6344381849932671,0.21321587273357376,-0.06079190073938889,1.7198488421825084,2.5863556066519355,-2.35992272502661
32.25185556,0.7917370563454756,3.31069646263066,-3.1041656692116093,0.6344274512408937,0.2132077492067203,-0.06079050240423811,1.719849924406113,2.586369024323888,-2.359921326691459
32.282938417000004,0.7849656247464905,3.3103943194846024,-3.097242235265961,0.634295617103892,0.21311552220613858,-0.06071954526342438,1.7198688493103527,2.5865287988754124,-2.3598503695506454
32.299468656,0.7781915158332637,3.310044972512799,-3.0902628454646246,0.6343630613913928,0.21317654767640776,-0.06065720241252315,1.7198694988643035,2.5864378460413846,-2.359788026699744
32.300345888,0.7714183069910477,3.309648894431691,-3.083239069422169,0.6343666405463713,0.21317978619554442,-0.06065389398220944,1.71986953333504,2.5864330193273544,-2.3597847182694305
32.443113863,0.7646452808708855,3.3092046555549874,-3.0761719327866106,0.6338518883537047,0.21333425281187443,-0.060978702543975416,1.7203274425830506,2.5867143534276726,-2.3601095268311965
32.443148639,0.7578786368845436,3.3087122487408607,-3.0690164912725937,0.6338517550019125,0.21333445778352103,-0.06097892229113455,1.7203276843127555,2.5867143165111974,-2.3601097465783556
32.443158358000005,0.7511181361673701,3.308171674264192,-3.061769408951759,0.633851717733507,0.21333451506783876,-0.060978983704830014,1.7203277518700077,2.5867143061939895,-2.360109807992051
32.443167946,0.7443632989483447,3.307580548490211,-3.0544190981831223,0.6338516809674332,0.2133345715800353,-0.060979044290744966,1.7203278185166724,2.586714296015845,-2.360109868577966
32.443177785,0.7376169893354225,3.306940775469763,-3.0469719292941666,0.6338516432388765,0.2133346295716396,-0.06097910646271032,1.7203278869080507,2.586714285571251,-2.3601099307499314
32.443186862000005,0.730875865144687,3.306249498027735,-3.0394284888679306,0.6338516084322795,0.2133346830719742,-0.060979163819652626,1.720327950002729,2.5867142759355586,-2.3601099881068737
32.443195639,0.724142787863659,3.305506712867799,-3.0317827842677225,0.6338515747760604,0.21333473480409237,-0.0609792192809131,1.7203280110120924,2.5867142666183307,-2.360110043568134
32.443204766,0.7174218120046754,3.3047133689940056,-3.024021629079447,0.6338515397777337,0.21333478859912972,-0.06097927695380001,1.720328074454323,2.586714256929561,-2.360110101241021
32.466209917,0.7107153164846103,3.3038656489652576,-3.016134688227687,0.6339747641323331,0.2133443850263534,-0.06095317701075942,1.7202532145808342,2.5866159089131946,-2.3600840012979805
32.46741293,0.7040266446095854,3.30296736363034,-3.008125263736808,0.6339874894973498,0.21334114365979254,-0.060946718097227404,1.7202423252462573,2.5866085697194743,-2.3600775423844484
32.484260213,0.6973445849610378,3.3020142343678285,-3.000014959175489,0.6341656985655099,0.21329575078394045,-0.06085626592077631,1.7200898283893682,2.5865057898878367,-2.3599870902079974
32.516268345,0.6906774839300637,3.301007205237444,-2.9917878176381607,0.6342500374593051,0.21343007993362192,-0.06093986615955771,1.720133937792845,2.586353435925021,-2.3600706904467788
32.517145808,0.6840107959253133,3.2999453393211957,-2.983457633709549,0.6342512646376518,0.21343470359688363,-0.06094324798583628,1.7201365715151467,2.5863494424634283,-2.3600740722730573
32.533637022,0.6773643099859916,3.298827660146628,-2.9750372878684934,0.6342732526569331,0.21348558217894745,-0.060953674567572946,1.720159905556027,2.5862991669660076,-2.360084498854794
32.626480554000004,0.6707368340244324,3.297655599598399,-2.9664904014224023,0.6343794688412085,0.21344964288926274,-0.06101356298771066,1.7200623842116447,2.5862438217066352,-2.3601443872749317
32.626512565,0.6641305139653091,3.296427724693072,-2.9578681206879693,0.6343797976723319,0.21344976845283029,-0.061013689203569754,1.7200622590386532,2.586243492726637,-2.360144513490791
32.626523055,0.6575327691379691,3.295153109867896,-2.949069078985681,0.6343799054302427,0.21344980959999293,-0.061013730564488,1.7200622180194822,2.58624338491994,-2.360144554851709
32.626532864000005,0.6509825394587622,3.2938126366656624,-2.940271726846724,0.634380006192621,0.21344984807592418,-0.06101376924029722,1.7200621796632336,2.5862432841119425,-2.3601445935275183
32.626542232000006,0.6444241798672459,3.292412091339564,-2.931318341957029,0.6343801024248525,0.21344988482202712,-0.061013806177292906,1.7200621430314325,2.5862431878361427,-2.360144630464514
32.634183347000004,0.6378869736517374,3.290953824309149,-2.922246010150582,0.6343979102072442,0.21346009102192767,-0.061025620891797416,1.7200579064037156,2.586223104643774,-2.3601564451790185
32.649960911,0.6313756907610946,3.289439737428544,-2.913061616060239,0.6342338070188304,0.21341573724909796,-0.06098939735341702,1.7201340375057526,2.586375095330707,-2.360120221640638
32.667092266000004,0.6248908039040846,3.2878664922906333,-2.903760271846987,0.6340556229862794,0.21336757770888404,-0.06095006566093453,1.7202167010231082,2.5865401275507987,-2.3600808899481556
32.683777760000005,0.6184232520139544,3.286232668822367,-2.8943590655914297,0.634113244424074,0.21336200876531278,-0.060905480176948856,1.7201741905888457,2.586500832433992,-2.36003630446417
32.716271678000005,0.6119732735088287,3.2845382667490703,-2.884851680593499,0.6343114788789124,0.21341465838727597,-0.06086802911807432,1.7200815318329603,2.586317848181293,-2.3599988534052954
32.717043459,0.6055408684680303,3.282783762907799,-2.8752460995945817,0.6343193888028593,0.2134189363757245,-0.060869691305551754,1.720079459363611,2.58630909758401,-2.360000515592773
32.749609975000006,0.59912770204347,3.280965817517896,-2.865547463739513,0.6344866737344875,0.21346542629845514,-0.06092355240854275,1.720002804579989,2.586153310532516,-2.360054376695764
32.750734749,0.5927294832729438,3.2790844355232744,-2.855748855979688,0.634475560488985,0.21345343431382302,-0.06092376121654475,1.7200012524363975,2.586169586366482,-2.360054585503766
32.782858712,0.5863438262654668,3.277138665997289,-2.845847151877315,0.6342527877349482,0.2131814025494185,-0.060918114059672845,1.7199465231701334,2.5865169099738,-2.360048938346894
32.799570757000005,0.5799776465038649,3.2751294546479004,-2.835862146266063,0.6343669732406193,0.21321121269770893,-0.06088694485714896,1.7198927649816005,2.58641185269508,-2.36001776914437
32.800409275,0.5736378581372461,3.273056793509489,-2.825795240797716,0.6343727024378447,0.21321270840609913,-0.0608853809589327,1.719890067692984,2.5864065815018034,-2.3600162052461537
32.983773842000005,0.561035790131528,3.268724461646398,-2.80546494856146,0.6342525356320377,0.21347819087457587,-0.060988893246712195,1.7201681793675214,2.586319547607415,-2.3601197175339332
32.983795033,0.5547756559177093,3.2664643116126952,-2.795196740420982,0.6342526102127489,0.21347821691802135,-0.060988865073618115,1.7201681491603478,2.586319474613784,-2.360119689360839
32.983825942,0.5485409596378887,3.2641407128885787,-2.7848573050227525,0.6342527189954966,0.21347825490475425,-0.06098882398059757,1.7201681051004387,2.5863193681459364,-2.3601196482678186
32.983835961000004,0.5423348005014881,3.2617541387404545,-2.774469144609004,0.6342527542568881,0.21347826721796648,-0.060988810660496995,1.7201680908186365,2.5863193336349086,-2.360119634947718
32.983845479,0.5361567010582653,3.2593031592066777,-2.764032326980925,0.634252787755034,0.21347827891545665,-0.060988798006469835,1.7201680772509955,2.5863193008496044,-2.360119622293691
32.983854857000004,0.5300076143784999,3.2567882500259118,-2.753545393489305,0.6342528207604566,0.21347829044088876,-0.060988785538569346,1.7201680638829207,2.5863192685465384,-2.3601196098257904
32.983868012,0.5238889753392971,3.2542117937335675,-2.7430249852628514,0.6342528670588501,0.21347830660820155,-0.0609887680492065,1.7201680451308388,2.5863192232333763,-2.3601195923364275
32.983886497,0.5177969630462402,3.251569980030556,-2.7324933267299616,0.6342529321159238,0.21347832932601052,-0.060988743473695095,1.7201680187809918,2.586319159560719,-2.360119567760916
32.983896176,0.5117384964104577,3.248866138808732,-2.721904618604237,0.6342529661807016,0.21347834122136747,-0.06098873060562049,1.72016800498385,2.586319126220841,-2.3601195548928415
32.983905614,0.5057114272129057,3.2460983651929327,-2.711276130626481,0.6342529993972913,0.21347835282053873,-0.06098871805795092,1.7201679915302468,2.5863190937111016,-2.360119542345172
33.002285308000005,0.4997145669792763,3.2432690447403503,-2.7006092870212983,0.6342932072428812,0.21348711760971498,-0.060960715884256444,1.7201477690999363,2.5862832531518336,-2.3600915401714775
33.017253228,0.4937584027198786,3.240376734855504,-2.6898984461008943,0.6342154238644047,0.21343183811541286,-0.06092180722070495,1.7201582896606793,2.586378097204147,-2.360052631507926
33.049507549000005,0.4878360256116598,3.2374247813612294,-2.679205331675331,0.6341036505067688,0.2133975920999406,-0.06091012483198455,1.7202071318399672,2.5864843069710015,-2.3600409491192056
33.050512495,0.4820512174562524,3.2344740998893493,-2.6696865918994632,0.6341030924570609,0.2134009700816833,-0.060913539997198285,1.7202100242271332,2.586482474956642,-2.3600443642844193
33.067128086000004,0.4765211274514213,3.2316008494694937,-2.661597018346327,0.6340938657665673,0.21345682100605362,-0.06097000570619926,1.7202578464207274,2.5864521847706023,-2.3601008299934203
33.099504701,0.4711250441727195,3.228739842438892,-2.6546700540736503,0.6336916212333988,0.21345849276270873,-0.061002406171411394,1.720526839097644,2.5867512606790264,-2.3601332304586324
33.116157763000004,0.4657491941961459,3.225851155524172,-2.648638212583263,0.6335974004269672,0.213468627228941,-0.06102113886660021,1.7205971182592783,2.586814830382584,-2.3601519631538213
33.116943952,0.460334654490676,3.222905292686,-2.6433790785274462,0.6336014139058979,0.21347025292140054,-0.061022599687015955,1.7205956600051853,2.5868107530815037,-2.360153423974237
33.149686664,0.4548602016834402,3.21989846367571,-2.6388154263993338,0.6337564511501389,0.21350172230601722,-0.061068416016535565,1.7205159480326921,2.5866741043686985,-2.3601992403037566
33.150630453000005,0.4493131860445566,3.216818762130014,-2.6348963155216603,0.6337590341367038,0.21349698804903836,-0.061067397839998705,1.7205106956250595,2.5866753279792554,-2.3601982221272197
33.166837406,0.443687174796991,3.213670010159849,-2.6315571336047308,0.6338033897520527,0.21341569034335842,-0.061049913487785545,1.720420500121996,2.586696340089786,-2.3601807377750066
33.199533388,0.4379840820601112,3.210458881284008,-2.628745905711596,0.6339297870047628,0.21328924311429504,-0.06090583646519221,1.7202420010702713,2.5866861786054582,-2.3600366607524133
33.200834879,0.4322289609877977,3.207202035950952,-2.626345886578177,0.633935711696059,0.21328511882768286,-0.060897468233331864,1.720234979542819,2.586684502341979,-2.360028292520553
33.217059626,0.4264544963641847,3.2039170794926624,-2.624219767407375,0.6340007495951945,0.2132432937854119,-0.06080666774177956,1.7201604751591775,2.5866638054991484,-2.3599374920290006
33.24960928,0.4206690424857663,3.200613062195825,-2.622272294462251,0.6338426860975779,0.2134763402681119,-0.061071229577287056,1.7204396054599704,2.5866266435891196,-2.360202053864508
33.250481162,0.414878322580237,3.1972909311418545,-2.620441848723127,0.633847218789558,0.21347909096295664,-0.061073112713295075,1.720438641174657,2.5866214299749655,-2.360203937000516
33.267841252000004,0.4090863938831923,3.1939540195190195,-2.6186809339410004,0.6339374694665054,0.2135338601978616,-0.061110607936917916,1.7204194412372495,2.586517621419513,-2.360241432224139
33.28381497,0.4032949263585217,3.190603755915391,-2.616959292921812,0.6340205127492802,0.21358425557677077,-0.0611451088023216,1.7204017746015487,2.586422102986672,-2.3602759330895426
33.316280123,0.3975046381953697,3.187242523691065,-2.615259974587223,0.6338149311380935,0.2133800494153017,-0.061017494418941,1.7203862196008366,2.586711450523715,-2.360148318706162
33.332885405,0.3917174361100559,3.183869366974735,-2.61356909556923,0.633891493823822,0.213462024080662,-0.06108660778181374,1.7203964337470454,2.58659974841172,-2.360217432069035
33.334067458,0.3859328432751508,3.1804847631528403,-2.611884316010834,0.6339021645590721,0.21347317647416958,-0.061095348792488124,1.720397653864226,2.5865843616711364,-2.360226173079709
33.350545608000004,0.3801522902934061,3.1770887105772814,-2.610201622267189,0.6340509175981163,0.21362864396427092,-0.06121720093028671,1.7204146626395695,2.5863698661964416,-2.3603480252175078
33.366535807000005,0.3743750632206656,3.173682163745675,-2.6085184185356804,0.6340338248130899,0.21366044237757792,-0.06123893147148962,1.7204497707177915,2.5863614563669333,-2.3603697557587107
33.383979337,0.3686037840599426,3.1702646427997627,-2.6068358171562003,0.6339103192994142,0.21361779552719573,-0.061199949715437185,1.720500152735164,2.5864820134823656,-2.3603307740026582
33.400044719,0.362835830267691,3.1668366275980486,-2.605153816555509,0.6339513983771502,0.21360242405272875,-0.06118222645426563,1.720461337880298,2.586461588500195,-2.3603130507414867
33.419213448,0.3570726336540548,3.1633985933289743,-2.6034737145660327,0.634180621268539,0.21361190833532717,-0.06118223842734416,1.7203158387612105,2.586284210113976,-2.360313062714565
33.433553852,0.3513141933171604,3.1599500631558604,-2.601799224316994,0.6343038935036196,0.21360425292533045,-0.06118539001640677,1.720228072246349,2.5861973096645348,-2.360316214303628
33.466248673,0.3455605072094275,3.1564896065683627,-2.600131770501798,0.6340295114267545,0.21341686436764695,-0.06122877983603203,1.7202708634452377,2.5865268076295562,-2.360359604123253
33.467156473,0.3398101467198626,3.153018178887857,-2.598462990937365,0.6340233183853092,0.2134141268927804,-0.06122930266257853,1.7202729427708738,2.5865332515364368,-2.3603601269497996
33.499565679,0.3340645427185525,3.149536255303213,-2.596822052623904,0.6338723385303012,0.21343767741842648,-0.06121442356973006,1.720391014514011,2.5866302495124414,-2.360345247856951
33.500660987,0.3283225030061874,3.146044314024956,-2.595230576734994,0.6338662425047773,0.21344009633767536,-0.061215054019761794,1.72039687739781,2.586633188779541,-2.360345878306983
33.516917384,0.3225868918170483,3.142544735940965,-2.593657449000152,0.6337689215981406,0.21348717928638652,-0.06123221901468057,1.7204967941345948,2.5866744781079225,-2.3603630433019016
33.533600955000004,0.3168550842368522,3.139035616725364,-2.592119779348556,0.6336690433621662,0.2135354994472261,-0.06124983505908688,1.7205993364120893,2.586716852407812,-2.360380659346308
33.56629271,0.3111270799042583,3.135516479541226,-2.5906191839534163,0.6339609522351941,0.21361758094654745,-0.061162695329755934,1.720466289916472,2.586444369761232,-2.360293519616977
33.567081624000004,0.3054043120982745,3.131989706924692,-2.5891690261301963,0.6339693264500764,0.21361952735704898,-0.06116026068099245,1.7204621683828387,2.586436824633715,-2.3602910849682135
33.583769924,0.299684394487252,3.1284533942751342,-2.5877523381605534,0.6340296806317988,0.2136415414089359,-0.061138950929580105,1.7204384237080608,2.586377130110084,-2.360269775216801
33.600269083,0.2939692367399198,3.1249099235795468,-2.5863808097646777,0.633925665764213,0.21363645345276244,-0.061160197287428275,1.7205038618164072,2.5864581414299903,-2.3602910215746493
33.617040041,0.2882574071695046,3.121357865975245,-2.585041987336976,0.6338222471029237,0.21362330617285344,-0.061177817956146185,1.720562888528687,2.5865440723191355,-2.3603086422433672
33.633819285,0.2825505734719831,3.117796742702968,-2.583746573346563,0.633757868716536,0.21347516773767564,-0.061128159157295414,1.7204951872107654,2.586690721915666,-2.3602589834445165
33.666286501,0.2768465939323944,3.114229417255505,-2.5824798748313613,0.6338098999168715,0.2134377833296374,-0.061142984344060736,1.7204326544195627,2.586676775955781,-2.3602738086312818
33.667326744,0.271146896627062,3.110653980637541,-2.5812542058734653,0.6338203074736699,0.21344892203028254,-0.06114894874738752,1.7204340394968254,2.5866615947354235,-2.3602797730346086
33.683467300000004,0.2654498141596644,3.1070718652823874,-2.5800563567645325,0.6339817925817921,0.2136217516686751,-0.06124149326430839,1.7204555305495135,2.5864260407953026,-2.3603723175515294
33.700709947,0.2597579689092376,3.103482591331616,-2.578900317325834,0.634031991265099,0.2136813760970728,-0.061278553247994694,1.7204666136787639,2.5863488906526357,-2.3604093775352157
33.73292346,0.2540687380884022,3.099886161806748,-2.577764869435828,0.6339831775004223,0.21366273939946276,-0.06128379195896372,1.720485197198799,2.5863977246869028,-2.3604146162461848
33.733987679,0.2483835518857032,3.0962830518969677,-2.576671516504019,0.63397638121636,0.2136577892618131,-0.061281839770771285,1.7204860267844595,2.586406091593586,-2.3604126640579923
33.766321491,0.2427193445067345,3.092677533631127,-2.5742575042036453,0.6338253012426504,0.2135532259735811,-0.061249092149383344,1.7205085558745945,2.5865884403797064,-2.3603799164366044
33.782949096,0.2371319264858249,3.0890867088609046,-2.570762918028221,0.6338051289606644,0.2135470358768853,-0.06125982891970416,1.720517363532281,2.5866076149311668,-2.360390653206925
33.799577041,0.2315344471277017,3.085455364496023,-2.5662204584794903,0.6337833982118455,0.21351550393772611,-0.06124282942407433,1.7205082963359284,2.5866448207718595,-2.3603736537112954
33.800602706,0.2259087677712948,3.081766355285154,-2.5608045953034204,0.6337818524229941,0.21351021866481626,-0.06123812490525893,1.720505380940857,2.586649492393043,-2.36036894919248
33.832932641,0.2202911411324536,3.078031083561745,-2.554816701135373,0.6337490376706917,0.2133803440861541,-0.0611218346253839,1.720430300020926,2.5867604296258087,-2.360252658912605
33.849583139,0.2146906336039861,3.074254307256058,-2.548460700544241,0.633789336757717,0.21344547948906434,-0.06117699109681496,1.7204520853472274,2.5866869991370094,-2.360307815384036
33.850447456000005,0.2091122526774581,3.070438881622129,-2.541880988627891,0.6337914286582715,0.21344886062733645,-0.06117985423495753,1.7204532162099724,2.5866831874059857,-2.3603106785221786
33.867200941,0.2035500341600287,3.0665795683205466,-2.5351413947829977,0.6338448983665421,0.21350637293091562,-0.061221467805049556,1.7204605458096132,2.5866050020382074,-2.3603522920922706
33.899580861000004,0.1980089872265482,3.062678745767484,-2.528300686870827,0.6340380698363193,0.21356173208441376,-0.061205373764392945,1.7203732791965725,2.586423992671432,-2.360336198051614
33.900492799000006,0.1924898269198767,3.0587364131390085,-2.5213814330012765,0.6340423158091398,0.21356115108577664,-0.061204538854294555,1.7203700193697748,2.5864212106984166,-2.3603353631415156
33.917224893000004,0.1869949375152635,3.0547525676883174,-2.514403529319536,0.6340678425620999,0.21345664489103344,-0.06117248467228009,1.7202750367525743,2.5864717226998235,-2.360303308959501
33.933677794000005,0.1815252737134058,3.0507281619904214,-2.507388846046731,0.634092943373708,0.21335388249464737,-0.06114096534879465,1.7201816390225877,2.586521391854112,-2.3602717896360157
33.966249931,0.1760865615445802,3.046667004148011,-2.5002962144026277,0.6343179075381501,0.21358222404546717,-0.061224877097007635,1.7202023043163954,2.5862015142451025,-2.3603557013842287
33.966987818,0.170679755165995,3.0425686162250667,-2.4931084132292134,0.6343233492914147,0.21358824784845826,-0.06122706638234021,1.7202031776031572,2.5861934435418306,-2.3603578906695613
33.983595063,0.1653015193502068,3.0384339557400413,-2.485827210204888,0.6343964170849928,0.21362827491039832,-0.06123256267170163,1.720184413219107,2.586112271095538,-2.3603633869589227
34.000477634,0.1599742668081316,3.034269195754942,-2.478387467087592,0.6344546653920027,0.21363796367404772,-0.06122394601067782,1.7201528721067871,2.5860623522048836,-2.360354770297899
34.032904894000005,0.1546643637569673,3.0300553015230784,-2.470908864747976,0.6345080000889801,0.21365801414841687,-0.06123956524544738,1.7201323344083739,2.5860092032221274,-2.3603703895326684
34.033808376,0.1493595536833715,3.025806116036135,-2.4627529036903946,0.6345087942146268,0.21365858981705402,-0.06124038059583903,1.720132235428726,2.586008227397885,-2.36037120488306
34.050499281,0.1443966999693219,3.021732489023933,-2.456279247719256,0.6345083743151997,0.21364843898254887,-0.061246528096903674,1.720124939519585,2.586015297437948,-2.3603773523841247
34.066947915,0.1394771160934421,3.0176502285115103,-2.448644737590863,0.6344453265916423,0.21355216357460768,-0.06121558323804521,1.720095057025293,2.586126432518615,-2.3603464075252663
34.099588041000004,0.1343351936972585,3.01331311704221,-2.44097166232133,0.6343871690093347,0.2135044762501319,-0.06120317954060894,1.720098180029206,2.58620157659451,-2.36033400382783
34.116246234,0.1293201466987325,3.009015436243912,-2.432670891260656,0.6344071338302556,0.21358644098831314,-0.06123318510548259,1.7201460598690153,2.5861321191736004,-2.3603640093927036
34.116842250000005,0.1242551720296578,3.004596696607833,-2.4247409761784238,0.6344078481545947,0.21358937361704378,-0.06123425867911436,1.7201477729690258,2.586129634046061,-2.3603650829663354
34.1496051,0.1192346731099066,3.000145481066116,-2.4158443652099435,0.6342246834095091,0.2133647706757229,-0.061131709205810125,1.720102074891766,2.586415828893721,-2.360262533493031
34.166266199,0.1143896108511356,2.995768210885421,-2.4083580887994427,0.6341783228698948,0.2133370853854428,-0.06112264906217746,1.7201122726571332,2.586468855118485,-2.3602534733493985
34.167174359,0.1094262122987849,2.9912184622850417,-2.399916511659393,0.6341808059895935,0.21334463128664238,-0.06112641151604592,1.7201162512097188,2.5864619792456187,-2.360257235803267
34.183823746,0.1044952534887009,2.986627429913402,-2.3912954897652634,0.6342263292683431,0.2134829710388176,-0.061195388954514485,1.7201891904073268,2.586335923189071,-2.3603262132417355
34.200357932,0.0996328354595426,2.982012715221212,-2.3828740372467085,0.6342606279819031,0.21358050663488118,-0.06123647344954897,1.7202391494950293,2.5862454042197482,-2.36036729773677
34.216890224000004,0.0948534185055398,2.9774043418965084,-2.37382596430263,0.6342526546540975,0.21352364788642197,-0.06117133385757967,1.7202020239856597,2.586289201340506,-2.3603021581448007
34.233812861000004,0.0900772419295439,2.9727089423330124,-2.365108870690467,0.6342899572823891,0.2134518377291199,-0.06102159636063931,1.720123603551537,2.5863091618084675,-2.3601524206478603
34.266267534,0.0853706683744646,2.968004402500438,-2.3560860860009263,0.6352575176436301,0.21304591038809764,-0.059097460276136715,1.7191766315537198,2.5858572834020523,-2.3582282845633578
34.267229919,0.0807041001160738,2.963253086509553,-2.346969861861849,0.6352862089072351,0.2130338733423357,-0.05904040347862427,1.7191485508010307,2.58584388376003,-2.3581712277658453
34.29959461,0.0760958051356208,2.958481437710148,-2.3374562526277995,0.639622278065917,0.21282260666237668,-0.055966172532066594,1.7161046784514686,2.5827485694822054,-2.3550969968192876
34.300235482000005,0.0715036128750322,2.953626324123224,-2.327879759723026,0.6397683163061707,0.21283921020635185,-0.05588912105300636,1.7160198623249574,2.582628531696602,-2.3550199453402274
34.316890027,0.0670175372350116,2.9487954064904303,-2.319031913349682,0.6448138527758255,0.2137065967866075,-0.05355165060766254,1.7133087306513985,2.5782857718834356,-2.3526824748948836
34.333882858,0.0624991533430581,2.9438350652212284,-2.309357690974844,0.650106738993963,0.2144452055105884,-0.051086147363122336,1.7103368512942265,2.5738441369984297,-2.3502169716503434
34.350265125,0.0581176880464055,2.938924156817823,-2.300306550686636,0.6562230053843974,0.2141330065833901,-0.04814562893985119,1.7060327063713157,2.569487473227666,-2.3472764532270722
34.3829573,0.053712773409306,2.9338966891993965,-2.2906066271684797,0.6680646380237075,0.21423608897984792,-0.04278974488654086,1.6982275173583197,2.560581637274975,-2.341920569173762
34.399592639000005,0.049440479255101,2.928927242461613,-2.281301402537101,0.6739271714920894,0.2146139031725549,-0.040293912935368326,1.694607209856356,2.5559550385433654,-2.3394247372225894
34.416263947000004,0.0451776963707666,2.923871000563328,-2.2716014017553454,0.6798338572537769,0.21482431213716444,-0.03815408092056494,1.6908325815182754,2.551406919203565,-2.337284905207786
34.432932249000004,0.0409580117729708,2.9187667870119385,-2.261499102363268,0.6857460304033491,0.21499966436006482,-0.03608986663450331,1.687028138336373,2.5468780394493344,-2.3352206909217244
34.433556609,0.036815788624416,2.913649371016151,-2.251705695743351,0.6859674881395748,0.2150062326904136,-0.03601254545136001,1.686885631790413,2.5467083970128503,-2.335143369738581
34.466931616000004,0.0327323195298352,2.9085018463345094,-2.2419739339674423,0.7037507079693517,0.2144138512122053,-0.030445112568370902,1.67460654464088,2.5338313693238197,-2.329575936855592
34.48293976,0.0286438910267275,2.9032410789214835,-2.231875874375684,0.7106243501614965,0.21434044312934664,-0.02852505388534965,1.6699764752613584,2.5287505422973324,-2.3276558781725707
34.499466212,0.0246533077823625,2.8980002256747324,-2.221809843683783,0.716809850574604,0.21438614502703862,-0.026917733984408443,1.6658933419346613,2.524103981605765,-2.3260485582716295
34.51628985,0.020728474399281,2.892730447997726,-2.21201016606386,0.7227878743418631,0.2143783732793943,-0.025305718635209473,1.6619084042659695,2.5196478509592715,-2.3244365429224305
34.517309523,0.0168162732524183,2.887373632995267,-2.201959819181481,0.7231117376065405,0.21437134978215885,-0.025210936589495248,1.6616875904077277,2.519410832007014,-2.3243417608767163
34.549506866,0.0129669165356082,2.881991711741475,-2.1915598013237334,0.7334098114183981,0.2141723922410891,-0.022217925188435572,1.6546844291994254,2.511857975499166,-2.3213487494756566
34.566296499,0.009204492783558,2.8766094518533074,-2.181665964258243,0.739205018870632,0.21420391003128078,-0.0206562419120786,1.6508505002746319,2.507512125549483,-2.3197870661992996
34.582881803,0.0054750968811768,2.8711630190816946,-2.171575774447762,0.7449296989359037,0.21423504425153067,-0.019113564243658843,1.6470632300744987,2.503219164377917,-2.31824438853088
34.583708799,0.0018082850330434,2.865691718762001,-2.1611763273303985,0.7452151496888875,0.21423659670276157,-0.019036641429275747,1.6468743847385054,2.503005103681951,-2.318167465716497
34.600104040000005,-0.0018170598136589,2.8601574283263225,-2.1508410600782426,0.7505946843144747,0.214033391812935,-0.017550288277035975,1.643141969338112,2.4991257016282775,-2.316681112564257
34.632992049,-0.0053206270979103,2.854718364974401,-2.1425544789573925,0.764108530038748,0.21407423616020965,-0.014111572161588981,1.6341772618449844,2.4890133471011247,-2.31324239644881
34.649626847,-0.0087661775738741,2.849299500249756,-2.1355282608125683,0.7739585827389533,0.21460077712152123,-0.011866487611412069,1.628013743817671,2.481311929757042,-2.310997311898633
34.666288777000005,-0.0121975444319092,2.84380933195467,-2.130042455339378,0.7814570718295001,0.21454660006882945,-0.01011037816835092,1.622982110894697,2.475751988757127,-2.309241202455572
34.667468416000006,-0.0155205844837013,2.8384368178454937,-2.1254356929918536,0.7818552691443792,0.21451017230669966,-0.01001365615764449,1.622689874305834,2.475479067780358,-2.3091444804448655
34.683814634,-0.0188714299660416,2.832984942290836,-2.1214900801585994,0.7873730759615728,0.21400539403044308,-0.00867338250409233,1.618640361709923,2.471697210972439,-2.3078042067913134
34.716262584,-0.0222347224448597,2.827463462826304,-2.118140851597486,0.7984203219510925,0.21437922973760248,-0.006291193652714355,1.6115659972675667,2.463203992217124,-2.3054220179399354
34.71690057,-0.0256293454973162,2.821857619223607,-2.115330408643404,0.7986387602418654,0.21440454130580036,-0.006247988763371737,1.6114394883271896,2.463024127127779,-2.305378813050593
34.733659875,-0.0290438276328423,2.8161912401404026,-2.112932289358017,0.8043769330838018,0.2150694529048884,-0.005113036087331935,1.6081162149058301,2.458299236783504,-2.304243860374553
34.766267219,-0.0324626385962025,2.810492202677557,-2.1108100050775604,0.8158114600033648,0.21518953175312594,-0.0027536908636278667,1.6005946908852176,2.4496859040248466,-2.301884515150849
34.766831625,-0.0358805226334646,2.804769560692136,-2.1088672421477104,0.8160093906432665,0.21519157333722608,-0.0027128478104057052,1.600464466385924,2.4495368326122247,-2.3018436720976267
34.799542967,-0.039294373245281,2.799029747910876,-2.107041053023182,0.8319065688422896,0.21545273802524487,-0.0008052723997575839,1.5900777685222722,2.437499183789677,-2.2999360966869786
34.800247771,-0.0427018014002453,2.7932770531186337,-2.105285497104112,0.8322609764258277,0.21545874869347792,-0.0007654055511565616,1.5898463507114189,2.4372306941991493,-2.2998962298383776
34.832866937000006,-0.0461016107304264,2.787515289636816,-2.1035699179089247,0.8449141938008234,0.21537937568737586,-0.002634471439112218,1.5813647849265178,2.4278406328655167,-2.3017652957263333
34.833377981000005,-0.0494938014164947,2.78174421904696,-2.101872250642437,0.8450851136638549,0.21537552688658607,-0.0026908166963863778,1.581248143646128,2.4277156399674973,-2.3018216409836074
34.850080559000006,-0.0528781354251678,2.7759633642374726,-2.100185099862724,0.8505947782466238,0.21518497960828173,-0.004624118802757593,1.5774385563254183,2.423730698747633,-2.3037549430899786
34.866940726,-0.0562536573022247,2.77017439303866,-2.098503044771604,0.8551621533577808,0.21415156797871823,-0.0077674121633037885,1.5736271666894508,2.4210100069155844,-2.306898236450525
34.899785242,-0.0596213196214588,2.764378260222909,-2.096824855795947,0.866530313504213,0.21205357197600222,-0.016488415927764066,1.5644945043623266,2.4139226145064496,-2.315619240214985
34.916160436000006,-0.0629804084783755,2.7585737728740773,-2.0951464743431867,0.8755977956822958,0.21089081883341335,-0.024410911656561396,1.5575911936588756,2.407929657869524,-2.3235417359437824
34.917181993,-0.0663304465813801,2.752761407279698,-2.0934650074192045,0.8761634653098642,0.21081828115159554,-0.024905151967189454,1.5571605346161648,2.407555790738355,-2.3240359762544105
34.934241049,-0.0696709559250152,2.7469421165640684,-2.0917828595811847,0.884529904678039,0.20994117416172176,-0.031357436834255736,1.5509370305356187,2.4018958771937453,-2.330488261121477
34.95011633,-0.0730024135262,2.741115662858077,-2.090103338271397,0.8907314645824216,0.2096153225379465,-0.03471920791868577,1.5465659231043698,2.397484647846631,-2.333850032205907
34.983229768,-0.0763243423445139,2.735282284030826,-2.088428658041022,0.9034039700424578,0.20866218806629586,-0.04006182315927198,1.537419444399617,2.388661791888428,-2.339192647446493
34.983809033,-0.0796379335833876,2.729442935129477,-2.086758266903522,0.9036218983389952,0.20864160907684723,-0.04013143941559605,1.537259027534669,2.3885128534223465,-2.339262263702817
35.000146824000005,-0.0829405641734245,2.723597613132376,-2.0850727078616766,0.9097684236112341,0.20806119211983523,-0.042094920458009,1.5327345746289982,2.384312141260031,-2.34122574474523
35.032899926,-0.0862350965510219,2.717745844499192,-2.0834503955768136,0.9197797983629105,0.20666179971050141,-0.04508866467625694,1.525026382849138,2.3777722862907904,-2.344219488963478
35.032984177,-0.0895203385726919,2.711886674182336,-2.081830907093281,0.9198052348011642,0.20665816781168725,-0.045096236662448774,1.525006741225136,2.3777557209750197,-2.34422706094967
35.051338953000005,-0.0927984371692842,2.706019866235878,-2.080275367878797,0.9279832683912452,0.2056227605814046,-0.047173168030349544,1.5187905082912518,2.372341780668301,-2.3463039923175706
35.066967954,-0.0960689136538002,2.700146373783808,-2.078777070361741,0.9372077904666861,0.2045317263797211,-0.049308112446194485,1.5118361901956086,2.366183889554117,-2.3484389367334155
35.099475658,-0.0993310514675129,2.694268103349871,-2.0772992913784987,0.9516592693040047,0.20408470283514896,-0.05310778016787765,1.5018832801822573,2.3556965327421744,-2.3522386044550987
35.10014289,-0.1025836575870845,2.6883852919788085,-2.0758550739528605,0.95191306271196,0.20409200958661564,-0.053179972620128524,1.501719801191952,2.3555022671964196,-2.3523107969073496
35.132865133,-0.1058300729346952,2.682495320913476,-2.074446926240616,0.964289573103231,0.20306081137576787,-0.05618527506167226,1.4927120872578261,2.3469522690153526,-2.3553160993488933
35.133448445,-0.1090671931143994,2.6766027165332003,-2.073113303838838,0.9645095126379537,0.20302880283303137,-0.056233600271788475,1.4925418019639713,2.3468094374206725,-2.3553644245590095
35.166149778000005,-0.1122983599194084,2.670704144825596,-2.0717956455511746,0.9766063390689377,0.20183518959135432,-0.05885866016008201,1.4835990456533297,2.33857627084635,-2.357989484447303
35.182836265,-0.1155219024854371,2.6648007959597786,-2.070505628119136,0.9826909415091719,0.2014528440810346,-0.0601664047254431,1.479263627854717,2.3342899288795396,-2.359297229012664
35.199463709,-0.1187394915196017,2.6588917181851075,-2.069248533722116,0.989194395071624,0.20067827784331044,-0.06164193500081616,1.4743567031105884,2.3299520779541334,-2.360772759288037
35.216219016000004,-0.1219372848106929,2.652988339654218,-2.06667714475949,0.9957665531109479,0.19988104848229712,-0.06313613068104829,1.469387133641741,2.3255780391749026,-2.3622669549682693
35.21689242,-0.12509022684439,2.647108512907223,-2.062904129618832,0.9960306913635202,0.1998490074435611,-0.06319618313773212,1.4691874042092345,2.3254022444126776,-2.362327007424953
35.249679867000005,-0.1282255679446788,2.64119314148998,-2.058094794415576,1.0075964976692735,0.19939167516930653,-0.06577655951408978,1.4611475842971078,2.3170752807348505,-2.364907383801311
35.250327492000004,-0.1313461863499326,2.635226016245316,-2.052494624795193,1.0078234129913444,0.19938394913560104,-0.06582712043033467,1.4609907773754909,2.3169110801126824,-2.3649579447175557
35.267023667000004,-0.1344360868942878,2.6292261922439804,-2.0463893845253094,1.0159209142965484,0.1984229058843156,-0.06741314122305653,1.4548836456055672,2.311507741046567,-2.3665439655102776
35.284111218,-0.1374924060176633,2.623195811955614,-2.039963458264083,1.0250555152052772,0.1971521183356621,-0.0691428514748118,1.4478550344679593,2.3055366054567603,-2.368273675762033
35.316547426,-0.1405118005226254,2.617139163066144,-2.03332637282266,1.0388902308896666,0.1961131474590152,-0.07159641112679438,1.4378708981974522,2.2959035456374526,-2.3707272354140154
35.316909366000004,-0.1434921253129143,2.6110557662666998,-2.026545054818109,1.0390360861978771,0.19610489221013153,-0.07162177207489684,1.4377676521151637,2.2958001910702612,-2.370752596362118
35.333436989,-0.146433617433274,2.60494681392406,-2.019670908697205,1.0452081696841429,0.1957751426132719,-0.0726611761634608,1.4334132560068695,2.2914135541021343,-2.371792000450682
35.409734352,-0.1493348445153894,2.598813734900597,-2.0127282289372155,1.0734736428061462,0.19240545241712978,-0.0766559400436222,1.4120842303633907,2.2725624414578234,-2.3757867643308432
35.409767756,-0.1521781242997247,2.592690841122995,-2.005776362845856,1.0734870394540432,0.19240435551440233,-0.07665742516646645,1.4120744945835235,2.272553173882043,-2.3757882494536875
35.409786722,-0.1549978687065789,2.5865092692211267,-1.9985326431036456,1.0734946457534085,0.1924037327190147,-0.07665826838404222,1.412068966838315,2.272547911972025,-2.3757890926712633
35.409805648,-0.1577685136492894,2.5803140508855416,-1.9913941991514224,1.0735022360108069,0.1924031112371256,-0.07665910982323965,1.4120634507513257,2.27254266115957,-2.3757899341104607
35.416267966,-0.1604943587812536,2.574099707437555,-1.984201455452216,1.0760939435561239,0.19219090508696562,-0.0769464208068733,1.4101799725607123,2.2707497614534784,-2.3760772450940943
35.434027839,-0.1631818042845428,2.567865531020835,-1.9768682307958727,1.0832165266382319,0.19160771585414502,-0.07773601466171165,1.405003759712074,2.2658224782275616,-2.3768668389489327
35.450228329000005,-0.1657497284321112,2.5617575787872044,-1.9692168732864688,1.0894456115168825,0.19158303687664566,-0.07793904839092924,1.4008390912373,2.261190238599413,-2.3770698726781503
35.482894425000005,-0.1682740224613554,2.5556197739697386,-1.9617835236143208,1.1006982032514756,0.19044627726550048,-0.07629667783448824,1.3925007098161966,2.253549267559345,-2.3754275021217093
35.483632953000004,-0.1708285719312599,2.5492957989748626,-1.954236931559652,1.1009128221419093,0.19038576577340716,-0.07619734650228338,1.3923126947939044,2.2534293790269544,-2.3753281707895044
35.500015049000005,-0.1733050991814465,2.5430225172840992,-1.9460049131631716,1.1056735181026576,0.1890434942920589,-0.07399396975827877,1.3881421282823627,2.2507700005783065,-2.3731247940455
35.516737674000005,-0.1757072180130492,2.5367670312753363,-1.9377372518649931,1.1122473877781753,0.18833124415580008,-0.06939582508028508,1.3832348381404698,2.2463381199131067,-2.368526649367506
35.54960272,-0.1780714894716694,2.53045976479643,-1.9295872343108853,1.1239398639896534,0.1839149547228485,-0.05551834840110281,1.3721561966923939,2.240551815740618,-2.354649172688324
35.566403464000004,-0.1803864348972745,2.5241290764541437,-1.9213858820217629,1.1178002561412077,0.17056079165121846,-0.048511097914747836,1.366276890471267,2.254022606891646,-2.347641922201969
35.567073251000004,-0.1826475177679594,2.517781159908831,-1.9130805236061164,1.1175554914140036,0.1700284077983812,-0.04823174330512359,1.3660425030610472,2.2545596402987775,-2.3473625675923446
35.599565225,-0.1848537825369755,2.511416967735116,-1.9046768234890183,1.1203076603194257,0.16090476144160434,-0.04029885350559681,1.3574017517453232,2.2585786915832617,-2.339429677792818
35.60032341,-0.18700474607989,2.5050429366815274,-1.8961571727921869,1.1205651590810728,0.16091258868545127,-0.04018799508681781,1.357236194804413,2.258381314337075,-2.339318819374039
35.63293902,-0.1890980268373713,2.498656441398491,-1.8875192703670491,1.1329986538371803,0.16184982454793712,-0.036307848612691984,1.3496595614384983,2.248478545544934,-2.335438672899913
35.633452318,-0.1911331433668415,2.4922612960312924,-1.8788069742733715,1.1332091543783867,0.16187113790299149,-0.03625649721820068,1.3495353522808173,2.2483072655925174,-2.3353873215054217
35.650353263,-0.1931060389115526,2.4858603569313265,-1.8699994932245896,1.1399869506083153,0.16231710581000447,-0.03450157405259624,1.345356682633799,2.242952255873608,-2.3336323983398173
35.666774625,-0.1950231655052251,2.479441710594267,-1.861072256098532,1.1460013049930038,0.1617967212216129,-0.032557398936443604,1.340965007520218,2.238810221532707,-2.3316882232236646
35.683590798000004,-0.196879744074485,2.473013934589367,-1.852036113367572,1.1522365015481364,0.16149330817916624,-0.030648558303274953,1.3365882561603137,2.2343589539504283,-2.329779382590496
35.716251875000005,-0.1986741003634511,2.4665817953623868,-1.842892613726853,1.1653142881593468,0.16381619394271713,-0.027982707232538928,1.3296168527478482,2.2230530335818988,-2.32711353151976
35.716891243,-0.200405280911139,2.460145291814719,-1.833639392391434,1.1655590928408066,0.1638338647516649,-0.027925612548326484,1.3294670914328763,2.222858577576357,-2.3270564368355475
35.749554795,-0.2020742437452008,2.4537008487688605,-1.8242832245754657,1.1776918205128895,0.16380938980588508,-0.02484509899334597,1.3213729475169105,2.2138204077364207,-2.323975923280567
35.766895288,-0.2036831450209197,2.4472386935412453,-1.814824146266588,1.1835108838010544,0.16365205767388746,-0.022755982465518798,1.317382203805661,2.2095824582814894,-2.32188680675274
35.766919995,-0.2052303140678856,2.44076096997526,-1.8052617158508648,1.183518748924954,0.16365173465399735,-0.022752695124529154,1.3173767274973633,2.209576803676001,-2.32188351941175
35.799546856,-0.206714081637549,2.434267914566571,-1.7955998752235411,1.192832962001697,0.1632785064167947,-0.019206073377224797,1.3108983957299998,2.2028741861225383,-2.318336897664446
35.816289850000004,-0.2081356461468994,2.427753568227791,-1.785825304307673,1.1963109621120775,0.16315173955439505,-0.018350733272358255,1.3084887387049071,2.2003629896693253,-2.3174815575595793
35.817387673,-0.2094962008234465,2.4212174554957278,-1.7759541303919697,1.1965390114391667,0.1631434275656803,-0.018294649393935103,1.3083307396693555,2.2001983327851473,-2.317425473681156
35.833655451000006,-0.2107904878333572,2.4146705375748647,-1.766058679835562,1.2007818863505393,0.16334753359173365,-0.01739669915766484,1.3056588860066192,2.1968960843407768,-2.316527523444886
35.850628133,-0.212017069110624,2.408119250114447,-1.7560431615713767,1.2059402418182215,0.1638377499819036,-0.016403172929454257,1.302591182798081,2.1927201844060944,-2.3155339972166753
35.867268442000004,-0.2131778614347104,2.401554773829978,-1.7459331615831075,1.2109231317379934,0.16351425397931701,-0.015645746852744224,1.2990330137317627,2.189216861053654,-2.3147765711399653
35.883493439000006,-0.2142711928631729,2.3949806830755414,-1.7357441229657649,1.2157077949778183,0.16240106605843632,-0.015122158914966377,1.2950174553425868,2.1863871118617917,-2.3142529832021874
35.916178110000004,-0.215296821211746,2.388399838597297,-1.7254869935907151,1.2269335994314612,0.16337973469001896,-0.014118611476771292,1.2882756146137648,2.1773580442737703,-2.3132494357639923
35.932906777,-0.2162547462527567,2.381812478813689,-1.715163600606614,1.2328655223107374,0.1641386616265909,-0.013454302349975578,1.2848935379620232,2.1724259821632046,-2.3125851266371966
35.933930819000004,-0.2171432976389515,2.3752197938940665,-1.7047949481927729,1.2332162562494697,0.16414865575322496,-0.013398464057075898,1.2846675382220556,2.1721575826552306,-2.312529288344297
35.966296863000004,-0.2179580391911725,2.368747663820654,-1.6956006433531676,1.2445263725161153,0.16418108002244078,-0.011538975261613515,1.277163410154874,2.1636954408903106,-2.3106697995488346
35.982874502,-0.2186935867862995,2.362517199108664,-1.6877786882114765,1.250934212217298,0.16342223796355113,-0.01032761011791905,1.2723318633414678,2.1594184786159554,-2.30945843440514
35.983760872000005,-0.2193655774228103,2.356405870543088,-1.6811205833310374,1.2512768253527364,0.1633816643429203,-0.010262841080397322,1.2720735311296845,2.159189798823185,-2.3093936653676184
36.016235212000005,-0.2200039593293856,2.3502868738584564,-1.6753371768743712,1.2639436837942486,0.16379709840240272,-0.008308597775418036,1.2639521520907313,2.1494602001294707,-2.307439422062639
36.03282281,-0.2206204791713476,2.3441058631146467,-1.670314674653863,1.2705081688253501,0.1645774270831435,-0.007435133583353348,1.260164996378975,2.144041821387775,-2.3065659578705744
36.049576124000005,-0.2212215977764834,2.337841149650948,-1.665971695877678,1.2776684168645374,0.1650394784865857,-0.006478117997783528,1.2557437591007934,2.1383906883675636,-2.3056089422850046
36.066152621,-0.2218047085236376,2.3314789021775333,-1.662250874411123,1.2846063980124132,0.1652448108568879,-0.005511638227901017,1.2512788834871178,2.1330763088605114,-2.304642462515122
36.082811455000005,-0.2223757764105631,2.325014836029547,-1.6590976554525876,1.2909688093784566,0.16440388692822064,-0.004458999011731635,1.2464163186388486,2.128887884987389,-2.3035898232989527
36.083578287,-0.2229400429197651,2.3184542024561856,-1.6564576710618524,1.2912616810543867,0.16436517789383898,-0.004410544393874005,1.246192487227376,2.1286950853319357,-2.303541368681095
36.100552081000004,-0.2234943504900899,2.3118456352435635,-1.654171518774341,1.2977470221724499,0.16368278761364777,-0.0033818162724603695,1.2413664080726172,2.1243093965714164,-2.3025126405596814
36.132800190000005,-0.2240370023818838,2.305213212729424,-1.652118174804276,1.3101170784174678,0.16560608873099944,-0.002236077390554314,1.234567885895356,2.1137976186581326,-2.3013669016777754
36.133447855,-0.2245682297673919,2.298564326160071,-1.6502239457075798,1.310365516317435,0.16564471595153385,-0.0022130665847761577,1.2344313456453244,2.113586502073214,-2.301343890871997
36.149594623,-0.2250856059875479,2.291934497132744,-1.648397888955063,1.3172277462758006,0.1667564094644445,-0.0016354116654628825,1.2306932949721365,2.107725355459042,-2.300766235952684
36.166726238,-0.2255942087481077,2.285264126811453,-1.646784880819267,1.3245317661025664,0.16794107787600032,-0.0010223852776327647,1.226715636762219,2.1014859340082825,-2.300153209564854
36.184355101,-0.2260935200863565,2.278586831643097,-1.6450556691367089,1.330283880931448,0.16784106741906338,-0.0003828474674882898,1.2228122340459624,2.0972597922299157,-2.2995136717547093
36.216284753000004,-0.2265777707362377,2.2719448050965747,-1.6433901258731538,1.3439654766791784,0.16816359231550793,0.0011028485066120197,1.2139460812024345,2.0868347541835415,-2.298027975780609
36.232895686,-0.2270561254583749,2.265246743354233,-1.641746242992054,1.3548758744883171,0.16919386249039292,0.002207083199587956,1.2074526932562633,2.078006722128353,-2.296923741087633
36.233826650000005,-0.2275213472189872,2.258565832630924,-1.6400940910372597,1.3554873505315983,0.16925160424656624,0.002268970316146479,1.2070887696635333,2.0775119528077934,-2.2968618539710746
36.266163338000005,-0.2279760867519043,2.251877757269208,-1.6384264575574894,1.3678316096937486,0.16928136907513136,0.0038227026994110958,1.1988943028231045,2.068279816900623,-2.29530812158781
36.28288434,-0.2284193869151877,2.2451858540284446,-1.636756871132686,1.3738848213146848,0.16896665166666466,0.004534672513766935,1.1946302493940175,2.063971886268763,-2.294596151773454
36.299533646,-0.2288517232745304,2.2384908387130444,-1.6350838517794213,1.3801635224459476,0.16854539664053214,0.005216219692082191,1.1901365965947817,2.0595665907948266,-2.293914604595139
36.300194426000004,-0.2292723809207398,2.2317924720805915,-1.6334100092983537,1.3804127124202048,0.16852867781176117,0.005243269032426667,1.1899582518699807,2.059391752807989,-2.2938875552547944
36.317206373000005,-0.2296823114934152,2.225092662577232,-1.6317378000285103,1.3868076583893423,0.16864518589774052,0.005875923348833467,1.1857885473244791,2.054541755685772,-2.2932549009383876
36.333895524,-0.2300805618929126,2.21839093226743,-1.6300706705788277,1.393065655773318,0.16917561358185057,0.006448079318769118,1.182018901130386,2.0495184447898316,-2.292682744968452
36.3501199,-0.2304680855332138,2.211687282249772,-1.6283989486536294,1.3996467165600042,0.17051743521840518,0.006820637855703637,1.1786397453701376,2.04371395060598,-2.2923101864315174
36.366716215000004,-0.2308444076183092,2.204980043046014,-1.626737697432855,1.4068735961503394,0.1727122100218037,0.007018957025131556,1.1754672601125749,2.0368597429682307,-2.2921118672620895
36.399607901,-0.2312100023390343,2.1982718378083086,-1.6251127765224738,1.4201883075576835,0.1743468977278699,0.007796771377067913,1.1678245617841467,2.025835093041006,-2.291334052910153
36.416205217000005,-0.231564632063109,2.1915614741696072,-1.623515696960423,1.4267626868302357,0.17662097614097239,0.007795719153044445,1.165145581779044,2.0194150493043503,-2.2913351051341766
36.417232766000005,-0.2319065852653772,2.184885905062404,-1.6220392583225594,1.4271851793302532,0.17709861811967645,0.007717694415543264,1.165220815687631,2.0187818182001003,-2.291413129871678
36.433413288000004,-0.2322436027091399,2.1781492950715786,-1.6204786401750997,1.43383804862541,0.18461991057828026,0.00648906105433511,1.1664055026592908,2.0088105080110896,-2.292641763232886
36.466269206,-0.2325681930450806,2.171437466313003,-1.6191027897320829,1.447883856344158,0.1921052981333716,0.005833703300050175,1.162642450360633,1.9933458651532825,-2.293297120987171
36.466879770000006,-0.2328842055782317,2.164721336134652,-1.6177119878855863,1.448152674454525,0.19213114820187494,0.0058482767928325075,1.1624828090949861,1.9931280439678902,-2.2932825474943885
36.499569671,-0.233190445306701,2.158003287347278,-1.616366315841114,1.4607930500191546,0.19418350900595008,0.006418532340617844,1.155600670096733,1.9823286253680903,-2.292712291946603
36.500253404000006,-0.2334878465581571,2.151300010338993,-1.61507821635063,1.4610234109902696,0.19423941178419507,0.006426382042040046,1.1554890548228702,1.9821195002183136,-2.292704442245181
36.516932317000006,-0.2337788402645898,2.144570499887943,-1.61373082751684,1.4666404023898671,0.1955845776451244,0.006621200819120432,1.1527541060163435,1.977032249624698,-2.2925096234681006
36.533171961,-0.2340593207989422,2.137860766080088,-1.6124512655895755,1.4718363303993804,0.19479585136927274,0.007188636961922512,1.1487069389847093,1.9736796094656122,-2.2919421873252985
36.566265462000004,-0.2343324246766165,2.1311393412550377,-1.611207984755895,1.483232769432841,0.19421619979414212,0.008134607813140349,1.1406885696648903,1.9655604609854498,-2.2909962164740807
36.567295014,-0.234592296931206,2.124519705987905,-1.6103594505597223,1.4836211875333194,0.19424124025682138,0.008155219888445586,1.1404487151464684,1.965253923132089,-2.2909756043987755
36.599680786,-0.2348590522780633,2.117721741433766,-1.60947412076579,1.4993703701284735,0.1948251071155858,0.00911412863073835,1.1304013547246532,1.9531119215887516,-2.2900166956564827
36.616143496,-0.2351142538446654,2.1110174621337747,-1.6086300551520698,1.5099813743635826,0.19497153366505926,0.009830682546047242,1.1234476530181503,1.9450956329095141,-2.289300141741174
36.617006421,-0.2353603130095679,2.10438493634085,-1.6079796766045087,1.5105375708117725,0.19497920889776424,0.009868242114755787,1.12308316120331,1.9446754435294829,-2.2892625821724653
36.649537319000004,-0.2356105977761736,2.0976041189603856,-1.6071054740584614,1.5182058416215487,0.1954628352285288,0.010248719605179701,1.1183398709609698,1.9386308203553895,-2.2888821046820413
36.650074343,-0.2358476142717537,2.0909560855321234,-1.6065396361984692,1.5183180996692858,0.19547102833752703,0.010253884825296211,1.11827126329023,1.9385415904061991,-2.288876939461925
36.666932687,-0.2360883505258176,2.084185509156723,-1.605727219325299,1.5274759883533024,0.19437249846307364,0.0110990248964562,1.1113557043194207,1.9324384160554893,-2.288031799390765
36.699617749000005,-0.2363182734448704,2.077487161201834,-1.605046683503904,1.5440662554633868,0.1937176967425643,0.012279731161841667,1.0998240962197694,1.9204932185806383,-2.2868510931253794
36.700374992,-0.2365453830930569,2.070747325145578,-1.604228585306281,1.5442903137083226,0.19378503288642318,0.012276009395545628,1.0997252087528344,1.9202811866908749,-2.2868548148916754
36.716843073,-0.2367655651256691,2.064018925207777,-1.60342399851516,1.5491630022988319,0.1952494202380429,0.012195070583523204,1.0975746615501865,1.915670040288423,-2.286935753703698
36.733789495,-0.2369795064731289,2.0573269961468887,-1.6026183732506696,1.5553768615431578,0.19531806838931723,0.012518599284664589,1.0934897762249933,1.9109870421935062,-2.2866122250025565
36.76616139,-0.23718874488534,2.050578556426881,-1.6020681692164125,1.5687470804402135,0.1941263140179895,0.013145668356381535,1.0837008019620575,1.9018023258279162,-2.2859851559308395
36.782908772,-0.2373967790418609,2.043841082581068,-1.6016009141861998,1.5759852858839125,0.19371227710392383,0.012961793076916805,1.078573863352005,1.896676163023229,-2.2861690312103042
36.784043676,-0.2376009932205211,2.0371074190347627,-1.6010027025802842,1.5764757905079132,0.19368421945587336,0.012949332574722305,1.0782264309511485,1.8963287831956408,-2.2861814917124987
36.800379494000005,-0.2378018243513602,2.03036087718663,-1.6006010804245463,1.592628839980822,0.1927428794563259,0.012364979793627384,1.0667720080422285,1.8849006020589683,-2.2867658444935937
36.817184516000005,-0.2379983745529281,2.023710174323231,-1.5996381593455689,1.6144177688581216,0.19146878533154837,0.011533481827258996,1.0513178590407364,1.8694879444004562,-2.287597342459962
36.849627687,-0.2381898102846903,2.016961714204232,-1.5991172975209773,1.6344109696723128,0.188172335832444,0.006205738859442533,1.0355497446957216,1.8567615455343485,-2.2929250854277785
36.866172774,-0.2383773660310484,2.0102609332040786,-1.598392301696759,1.6413228580908175,0.1872319758176641,0.0034464155749986958,1.0302472251801218,1.8522292431113037,-2.2956844087122223
36.86706214,-0.2385599253993044,2.0035453644906056,-1.597679507427159,1.6416828399791163,0.1872837127664345,0.0033568733005644447,1.0300462217514887,1.8519261568307679,-2.2957739509866566
36.883636713,-0.2387388855833713,1.9968214469974048,-1.597036406126818,1.6483916033974026,0.18824790280089648,0.0016881284146350595,1.026300243154239,1.8462777222357638,-2.297442695872586
36.900431065,-0.2389123472611108,1.9900848869968968,-1.596455692446021,1.654935645551049,0.1888458261184952,0.00018017992016794437,1.022390568574794,1.8409960137351673,-2.298950644367053
36.932888383000005,-0.2390822330826695,1.9833480844578912,-1.595903648308651,1.6658521310203656,0.18741528494577456,-0.0014861197328688291,1.0140566642763418,1.8338014225589512,-2.30061694402009
36.933587646,-0.2392483047165879,1.976610800687205,-1.5953537804349631,1.6660873166379409,0.18738446525475597,-0.0015220186230440191,1.0138771179896953,1.8336464217234043,-2.300652842910265
36.950337894,-0.2394108010201761,1.969872797541168,-1.5948251091446113,1.6724323789053697,0.18644124514852362,-0.0024448073113045865,1.0089497591758514,1.8295390363670028,-2.3015756315985256
36.967168285,-0.2395699597682008,1.963134552131256,-1.5942999614140505,1.6788212889407217,0.18548560716188411,-0.0033712682455853127,1.0039839468105902,1.8254071938053418,-2.3025020925328064
36.999501657,-0.2397255434370701,1.9563953489275612,-1.5937943660575435,1.68585028802191,0.18355331483596557,-0.003913655512256753,0.9978632119493009,1.821447751107948,-2.303044479799478
37.000434835,-0.2398780265172746,1.9496568574081905,-1.593292474487096,1.6861408359840224,0.18356412422164683,-0.003956727950559014,0.9976778820725746,1.8212237247749,-2.30308755223778
37.01715155,-0.2400271728659437,1.942917408369681,-1.5928118226042196,1.6930588222514313,0.18505857753864882,-0.005264029969927364,0.9941883659935203,1.8150661926193379,-2.3043948542571484
37.049617254000005,-0.240173219927346,1.9361781941789964,-1.592333223738527,1.7100626088590072,0.1852036694173544,-0.007524958656476954,0.9829784557224694,1.8022799608693567,-2.306655782943698
37.066271589,-0.2403156896504993,1.929439452704776,-1.5918745487381851,1.720617978893403,0.18386190993019838,-0.008541992605568538,0.9749511761869096,1.7952957688371758,-2.3076728168927896
37.067393347,-0.2404552995092085,1.92269999267933,-1.5914202711411414,1.7213289391796593,0.183771535295679,-0.008610495248793981,0.9744104962355802,1.7948253463744588,-2.307741319536015
37.083392834,-0.2405910946074238,1.9159605282590344,-1.5909852747712907,1.7292700710368083,0.18387319016851167,-0.0096249549020051,0.9692005229401499,1.788831342107969,-2.308755779189226
37.116183568000004,-0.2407252214456278,1.9092205850792177,-1.5905485071947003,1.7427656779071474,0.18563118890835803,-0.011896226647547081,0.9615294406517039,1.777589613553519,-2.311027050934768
37.132829808000004,-0.2408560095282173,1.9024811148906169,-1.59012885904881,1.7483623661665653,0.1872209086398458,-0.013137374297986781,0.9589905128269214,1.7723547330583853,-2.312268198585208
37.133398732,-0.2409844139157522,1.8957414035369304,-1.5897082855628195,1.7485536460154258,0.18727524101211224,-0.013179793407999796,0.9589037390585642,1.7721758188320609,-2.312310617695221
37.166278034,-0.2411097189543351,1.889001450193948,-1.5893091904783658,1.757978598613683,0.18399932693470505,-0.014105246699752882,0.9501854678873318,1.767322666010769,-2.313236070986974
37.166857038,-0.2412324019810859,1.8822614938297968,-1.58890700436188,1.7581443410820172,0.1839407294000083,-0.014121327772391723,0.9500314147174571,1.7672379791892818,-2.3132521520596128
37.183593309,-0.2413527001053899,1.8755217731371012,-1.5885214635771103,1.768634857045369,0.1838301463661756,-0.015146204417376907,0.942966111182123,1.7594826816618943,-2.314277028704598
37.216305834,-0.2414701378320579,1.868781572311484,-1.588134338383002,1.7874710471793545,0.18322812126162358,-0.0168763990279146,0.9299789410297565,1.7458262581028636,-2.3160072233151356
37.232878153,-0.2415854296075953,1.8620413690136948,-1.5877647084927813,1.7940343196514956,0.1821507622507684,-0.017382605311933474,0.9248062297526636,1.7416453125129676,-2.3165134295991545
37.249519624,-0.2416983378055853,1.8553009245508747,-1.5873946726863604,1.7996595616363427,0.1817559729127634,-0.018055715392641503,0.9207672883310576,1.7377100668786616,-2.3171865396798625
37.249995421,-0.241808385591257,1.8485595231180325,-1.587038962432591,1.7998087265573939,0.1817529883310513,-0.01807695173877022,0.9206657726938454,1.7376007340985742,-2.3172077760259913
37.267430514000004,-0.241915571942274,1.841819072063072,-1.586680510387157,1.8052747220783054,0.18164362139574738,-0.018855135858759198,0.916945836301337,1.7335943465241057,-2.3179859601459802
37.299585476000004,-0.2420208520631605,1.8350774267184795,-1.5863395736148227,1.8150481491215746,0.18181056206995463,-0.019371331719533202,0.9105649584722093,1.7261894735685073,-2.3185021560067542
37.317203909,-0.2421242243763646,1.828336017594814,-1.5859962305838553,1.821434349142561,0.18129741721309067,-0.01982125855339767,0.9059311755285266,1.7217651177981144,-2.3189520828406187
37.317231922000005,-0.2422247361112625,1.8215943667566887,-1.5856667325011655,1.8214446504429456,0.18129651450041637,-0.019821999733171225,0.9059236450183976,1.7217580309725216,-2.3189528240203923
37.33346266,-0.2423235782994337,1.8148531908326413,-1.585337509340262,1.8274132260174962,0.1807734825901137,-0.02025143944691621,0.901560465891198,1.717651922757644,-2.3193822637341373
37.366207867,-0.2424197981629129,1.808111773468736,-1.5850239831164794,1.8413423233647546,0.18051797754932195,-0.02158981334232024,0.8920981946292368,1.70742693090922,-2.3207206376295413
37.382856241,-0.242514111317414,1.8013696386520726,-1.5847078914564858,1.847463729473565,0.1805859260395733,-0.022090437826374654,0.8880743265188193,1.7028133948276147,-2.3212212621135957
37.383498815,-0.2426065171342613,1.794627740056551,-1.584406498426122,1.8476940388845533,0.1805895065135987,-0.022108618027852245,0.8879236982641545,1.7026391353272117,-2.3212394423150733
37.416340977000004,-0.2426967771174852,1.7878858389889114,-1.5841006998146512,1.8616316373427861,0.18041113127849123,-0.0231922712576349,0.8785133291710163,1.6923564595062817,-2.322323095544856
37.510366392,-0.242784890741235,1.7811444122860076,-1.583810780531116,1.9031805403945377,0.17970576594841978,-0.026140295602932184,0.850330828795522,1.6618186868691363,-2.3252711198901532
37.510382142000005,-0.2428715752766216,1.7744017918429642,-1.5835191398276336,1.9031855201919503,0.17970465271864153,-0.026140494596734953,0.8503266833192002,1.661815711522287,-2.325271318883956
37.510392061000005,-0.242955874116376,1.7676603607452,-1.583237853167489,1.903188656357698,0.17970395163126573,-0.026140619918610497,0.8503240725903347,1.66181383771496,-2.3252714442058315
37.510401649,-0.2430385053233166,1.760918212469655,-1.582957365883109,1.903191687868655,0.17970327393938576,-0.02614074105845532,0.850321548982274,1.6618120264371454,-2.3252715653456764
37.510411147,-0.2431194672670255,1.7541758238526777,-1.5826811965149317,1.9031946909236268,0.17970260260881885,-0.026140861061193732,0.8503190490626493,1.6618102321613126,-2.3252716853484148
37.510420445,-0.2431985222021009,1.7474336714569911,-1.5824209278797652,1.9031976307430771,0.17970194541450277,-0.026140978537029014,0.8503166017839929,1.6618084756676614,-2.32527180282425
37.516894695000005,-0.243275668796302,1.7406919937005336,-1.5821518983265157,1.9052446436569397,0.17924433729446115,-0.026222777624496985,0.8486125478111506,1.6605854192017988,-2.325353601911718
37.549643519,-0.2433509084141902,1.7339500753282893,-1.5818905517523256,1.9171244279366702,0.17729072937269466,-0.026741852757982798,0.8392470888499963,1.6530201011720091,-2.325872677045204
37.566277836000005,-0.2434247185045291,1.7272072016342517,-1.5816422594653072,1.92556406395676,0.1768679078413356,-0.027171582668078287,0.8333138890440959,1.6470031771852662,-2.3263024069552993
37.567205825,-0.2434970972224321,1.720465279965948,-1.5813902423108344,1.9260348911864336,0.17684431963329175,-0.027195556278147848,0.8329828899321601,1.646667507300322,-2.326326380565369
37.583763145,-0.2435673307735709,1.713722878988739,-1.5811435656059338,1.9330454568870123,0.17672502862637054,-0.027633452101976985,0.8282274387894852,1.641515037386184,-2.326764276389198
37.600236325000004,-0.2436366106448711,1.7069802384942765,-1.5809015586619786,1.9392376215930371,0.1767761735352783,-0.028074841424222896,0.8241439315577566,1.6368598802205596,-2.327205665711444
37.632927419000005,-0.2437037453964098,1.7002371186909295,-1.580664556506199,1.9522695152907061,0.17529968624149062,-0.02839039344729244,0.814367664256272,1.6281171766498104,-2.3275212177345135
37.649512162,-0.2437694473551297,1.6934961430054003,-1.580436782579233,1.959098462213571,0.17553852950605972,-0.02882070476141152,0.8100003734799825,1.6228618618680233,-2.3279515290486326
37.667500019,-0.2438337197157961,1.6867542119980452,-1.5801809116880705,1.9665800621372882,0.17635964406674184,-0.029446940855628156,0.8056331986155421,1.6167319067096448,-2.328577765142849
37.682864095,-0.2438963231025891,1.6800122790679357,-1.5799507024636958,1.9733213851864362,0.17595461448635835,-0.029743628671624833,0.800843720680988,1.6119705637763562,-2.328874452958846
37.699606408,-0.2439572584335426,1.673269628959852,-1.5797302144598653,1.9808459951891606,0.1749504651379387,-0.029945762549461463,0.7950857517933498,1.607023456955595,-2.3290765868366825
37.716200869000005,-0.2440167631382429,1.6665269772036586,-1.57951961367126,1.9877797807205124,0.17430502992463123,-0.030260310365136434,0.7899887546273634,1.602278502972753,-2.3293911346523575
37.716987999000004,-0.2440741220475034,1.6597847998124582,-1.5792992472497394,1.9881012737610706,0.1742793513692711,-0.030276841828449363,0.7897555964835936,1.602055670202886,-2.3294076661156704
37.733753166,-0.2441307655937027,1.653042144760087,-1.5790924649475986,1.9949487888021689,0.17373242104145797,-0.030628947253442007,0.7847895359628227,1.5973095309375898,-2.329759771540663
37.766168243,-0.2441859784578268,1.6462999648966723,-1.5788775966270283,2.008261813439405,0.1744887356704179,-0.031504477943080644,0.7764924445853618,1.5868708092014912,-2.3306353022303017
37.767209378000004,-0.2442395234467817,1.6395568294368208,-1.5786779982064003,2.0086896750080423,0.17451950548690554,-0.0315332944950093,0.7762306111303867,1.5865310217011628,-2.3306641187822303
37.799620959,-0.2442904630077048,1.632804392805849,-1.578281667899877,2.0148624299911897,0.1743170446774562,-0.03178525750173122,0.7719707616459095,1.5820591566729074,-2.3309160817889523
37.816252821,-0.2443371028391062,1.6261151319759577,-1.578249710924251,2.0214949549477166,0.17406952960487013,-0.03207825866479297,0.7673712532903496,1.5772741620128012,-2.331209082952014
37.833204884000004,-0.2443859889537901,1.6194160985036623,-1.5782931822732835,2.02909468453576,0.17379345915399924,-0.0324188878393592,0.7621066363939513,1.5717863652199728,-2.3315497121265802
37.849557895000004,-0.2444359249687067,1.6126672368636206,-1.5781017140154812,2.036008828047663,0.17273663070851253,-0.03246509088894456,0.7567156972947386,1.5673299044611455,-2.3315959151761656
37.866274509,-0.2444847203358729,1.6059419773097814,-1.5779790845253256,2.042987396782889,0.17148701207068448,-0.03245184640156751,0.7511379987435292,1.5629536906633386,-2.3315826706887885
37.882844604,-0.2445325419238044,1.5992002657683573,-1.5778088057728097,2.0501036955663468,0.17141296345808504,-0.03273506818123195,0.7463459324173303,1.5576921992495112,-2.331865892468453
37.899559815,-0.2445794092282011,1.5924585531279496,-1.5776433910205692,2.057331176254894,0.17162435798502862,-0.033093569621083674,0.7416928820039248,1.5521577357163718,-2.3322243939083047
37.916358496,-0.2446255592600089,1.585719223848055,-1.577516141648209,2.063349487113723,0.1715115893896991,-0.033365792551196094,0.7376027706625006,1.547741428258286,-2.332496616838417
37.916916459,-0.244670281052461,1.5789772703171308,-1.5773633017016886,2.0635436365856084,0.171506342935566,-0.033374427915690674,0.7374696240664513,1.5476000297905612,-2.3325052522029117
37.933711593000005,-0.2447135719586662,1.5722360303936167,-1.5771946617841928,2.0693876914716154,0.1713484204564939,-0.03363435931584746,0.733461804690789,1.5433438224563112,-2.3327651836030685
37.950391707,-0.2447563845538956,1.5654957435942618,-1.5770608177317735,2.076321623347554,0.17029045039713472,-0.0335811510552908,0.7280568419416891,1.5388733538469253,-2.332711975342512
37.982903549,-0.2447987233416538,1.5587530720614753,-1.5769087890481404,2.0900418029630234,0.16930105006125504,-0.03375757210824659,0.7181859377457325,1.5292927749468994,-2.3328883963954676
37.983581061,-0.2448391549724286,1.5520103983313656,-1.5767446515200711,2.090331710707866,0.16930409468294574,-0.03376745860277808,0.7179952392958533,1.5290743948391639,-2.332898282889999
38.000300360000004,-0.2448791099241235,1.545267485633429,-1.5765998404101265,2.0974859076348826,0.1693792283195286,-0.03401143252224159,0.7132892792503425,1.5236853208200083,-2.3331422568094626
38.016882898000006,-0.2449176343288886,1.5385240944503258,-1.5764471109416167,2.1044720553969745,0.1685414546661482,-0.034156575897810626,0.7080138892289205,1.5190293155182544,-2.3332874001850317
38.033777181000005,-0.2449554436114701,1.5317811792803475,-1.5763073269889196,2.1115768964124966,0.16769450775237457,-0.034307079556668896,0.7026526478417705,1.5142908373111392,-2.33343790384389
38.049910473000004,-0.2449922989703796,1.5250385014300964,-1.5761567660946094,2.117723962449979,0.16790005715556078,-0.03466779854566582,0.6987143891394805,1.509566560665963,-2.333798622832887
38.082938419,-0.2450284389735691,1.5182955843372243,-1.5760122478846437,2.1299322880733613,0.16885337702009814,-0.03560084893393878,0.691299637801718,1.4998211260481635,-2.33473167322116
38.083536068,-0.2450631486795254,1.5115526655963922,-1.575877648878795,2.130146185264347,0.16888056621464492,-0.03562136440876529,0.6911775527853683,1.4996434001091605,-2.3347521886959863
38.100140929000005,-0.2450973822395936,1.5048092694694306,-1.5757396763488252,2.1360890265049473,0.1696359808412098,-0.036191358850022226,0.6877855873898482,1.4947055276903345,-2.3353221831372433
38.132873181,-0.2451306610842823,1.498066349080381,-1.5756015219416108,2.142560550692707,0.16726189413653153,-0.03565254144696439,0.681706219121111,1.4914561901505952,-2.3347833657341854
38.149556852,-0.2451629869703356,1.4913229507558603,-1.5754667253382018,2.1518315671692405,0.16705873495419768,-0.03596213978250873,0.6753835600255511,1.484672606870141,-2.3350929640697298
38.150225727000006,-0.2451943586653821,1.4845802665880374,-1.575339326635341,2.1522195719426285,0.1670533972279814,-0.03597616988513508,0.6751213098714788,1.4843865980377913,-2.335106994172356
38.166990763,-0.2452247772064406,1.477836866066108,-1.575205859324459,2.1619447283530158,0.16691960964110267,-0.036327827781743594,0.6685481336068368,1.4772179217221213,-2.3354586520689646
38.183584092000004,-0.2452542419883371,1.4710937028639808,-1.5750848401502389,2.1723384921134086,0.16602911797040001,-0.03644417155884305,0.660965197640752,1.470053957550191,-2.335574995846064
38.216188100000004,-0.2452829912573448,1.4643505388377072,-1.5749543847360596,2.1878236134426996,0.16453784211171182,-0.03652458463831465,0.6495449577975028,1.4594902930254043,-2.3356554089255357
38.216782733,-0.2453110256480024,1.4576073739875774,-1.5748360448523857,2.1879629838326338,0.1645308714301094,-0.03652627919427687,0.6494469869079997,1.459390923005769,-2.335657103481498
38.249558839,-0.2453385827162223,1.4508644470064194,-1.5747119697017802,2.2003362697751467,0.16373599204951222,-0.0367012013162995,0.6406177802277184,1.4506860308386156,-2.3358320256035205
38.266190411000004,-0.2453649482578549,1.4441215186521388,-1.5745981621995295,2.2101705677070687,0.16302138753248996,-0.036851749305208514,0.633538501945845,1.443822511738522,-2.3359825735924296
38.266969947,-0.2453903586772423,1.4373788276170374,-1.5744786174972407,2.2106315096596765,0.16298789340777473,-0.03685880561817001,0.6332066901198368,1.4435008127298425,-2.335989629905391
38.283342745000006,-0.2454140020032074,1.4307200579426766,-1.57413214572463,2.217518216480722,0.1633845491267384,-0.03734112558843883,0.6289187256761852,1.4380973483292567,-2.33647194987566
38.300980886000005,-0.2454322718823302,1.4239687756051072,-1.574076241418942,2.2242266466921863,0.1640915637526038,-0.037945667291854335,0.6249810429673333,1.4326203454565456,-2.3370764915790754
38.317027052,-0.2454543533844815,1.417219405009325,-1.5744554804522644,2.2284503055436056,0.1639824926648668,-0.037960020100612724,0.6220882609627236,1.4295408969882062,-2.3370908443878338
38.333565567,-0.2454804876113826,1.410469800664315,-1.574738260003749,2.2327086841906496,0.1638320963680475,-0.03794777224144674,0.6191415281591126,1.426463044891074,-2.337078596528668
38.366257862000005,-0.2455080409046424,1.4037302115410817,-1.5747431120835833,2.244989325341883,0.16377317344526088,-0.03844059477932049,0.610923220970434,1.4173374191071226,-2.3375714190665415
38.382900936000006,-0.2455344039198467,1.3969891905340177,-1.57468638241761,2.252700160642439,0.16265322796371307,-0.03829535440485543,0.6049548785746577,1.4123284124230873,-2.3374261786920765
38.383553250000006,-0.2455605304088162,1.390246261904771,-1.574637219023569,2.2530023816034372,0.1626093324599828,-0.03828966180686422,0.6047209534415026,1.412132087802642,-2.3374204860940853
38.400244145,-0.2455868957550961,1.3835030951318543,-1.5745974858360106,2.260539407370256,0.16164837705439467,-0.03822158782006113,0.598986955228568,1.407146964213875,-2.337352412107282
38.432939987000005,-0.2456127840771159,1.3767599278095002,-1.574548153820465,2.272645042930898,0.16201588108274592,-0.03912806133026692,0.5912033722232273,1.3978681007523883,-2.338258885617488
38.433864459000006,-0.2456384343966959,1.370016521794113,-1.5745045447619312,2.273039350816494,0.1619963846833224,-0.03912968339802525,0.5909263601517107,1.3975868124119482,-2.3382605076852463
38.450142367000005,-0.2456636081547032,1.3632728768109532,-1.5744696901006894,2.2799822409044443,0.16165309619416646,-0.03915824442499627,0.5860487900197608,1.3926339466386752,-2.3382890687122173
38.467268883,-0.2456885425060481,1.3565299468083043,-1.5744237268079193,2.2874680918573125,0.16116115681520546,-0.039144109581755515,0.5806988743522974,1.3873748239749453,-2.3382749338689766
38.483736743,-0.245713474181137,1.3497894009898967,-1.5744026808941376,2.295323103279966,0.16021350923755956,-0.03897013118378467,0.5747631475234307,1.382143534707995,-2.3381009554710057
38.51625696,-0.245738409410854,1.3430459941505564,-1.5743595686126082,2.3079469581475394,0.15965599197506283,-0.03933324967866092,0.5659442948064706,1.3730936521688621,-2.338464073965882
38.517114835,-0.2457619137161402,1.3363028240815162,-1.574301643703361,2.308232756172122,0.15966276546171848,-0.039354382376840746,0.5657591146923258,1.3728758570442559,-2.338485206664062
38.533562287,-0.245785656667224,1.3295594158687096,-1.5742597113665662,2.3141151028131866,0.1595199760303548,-0.03961952673367897,0.5617371008188494,1.3685810002097487,-2.3387503510209
38.550198127,-0.245809399798978,1.3228157692374396,-1.5742243479392912,2.3214696034691964,0.1584249866628236,-0.039399554161231976,0.5560245689543653,1.3638213089055242,-2.338530378448453
38.566894522000005,-0.2458324277938662,1.3160721217821945,-1.5741862889383909,2.3287116596727007,0.15763743495832533,-0.03930069094208832,0.5506163190449129,1.3589408941015468,-2.3384315152293094
38.599498349,-0.2458559320213069,1.3093287132945723,-1.574143681492384,2.341748423006164,0.1581803175496992,-0.03992158345844743,0.5423438338982436,1.3488504080270864,-2.3390524077456685
38.616215905000004,-0.2458787216994176,1.3025853039832438,-1.5741101688070525,2.348129299429958,0.15766099812920822,-0.03992544616802007,0.5377089865095972,1.3444341351324174,-2.339056270455241
38.616857949,-0.2459010346676059,1.2958414172855282,-1.5740737935916498,2.3483743593790685,0.15764105347234525,-0.039925594516828866,0.5375309834595832,1.344264526517715,-2.33905641880405
38.649583799000006,-0.2459233469689349,1.2890980074246008,-1.5740318571840737,2.362208543142483,0.15686878561854842,-0.04001077653822804,0.5277462374601052,1.3344543387639753,-2.339141600825449
38.66637741,-0.2459458977427323,1.2823548362569206,-1.5740035636924086,2.369722594585357,0.15649577768214026,-0.040093587571620404,0.5224663074051665,1.3290950064714473,-2.3392244118588414
38.682888612,-0.2459670177580869,1.2756111866039768,-1.5739624655390794,2.3768983599626474,0.15590521490023718,-0.04021644638390498,0.5172491921899072,1.3241329421852854,-2.339347270671126
38.683741608000005,-0.2459883764956066,1.2688682524814872,-1.5739244051409196,2.3772690718686498,0.1558747054503064,-0.04022279347331903,0.5169796673903084,1.3238765937384633,-2.33935361776054
38.700033262000005,-0.2460099743034275,1.2621243649597862,-1.5738871833214,2.384110762983255,0.15591388417708804,-0.040511086685807385,0.5124548872698147,1.3187446704010113,-2.3396419109730284
38.732849283,-0.2460310947021462,1.2553809537255642,-1.573853328831493,2.396869129647358,0.15733102259234472,-0.0414016136905353,0.5050201538052492,1.3082800184940169,-2.3405324379777563
38.749545118,-0.2460519769104137,1.2486373037982237,-1.573819810981489,2.402872742291512,0.15662244389128008,-0.04136953648583841,0.5004951824278971,1.3042712677421249,-2.3405003607730595
38.749614570000006,-0.2460730974427999,1.2418936541455163,-1.5737859539372543,2.4028977163587206,0.1566194963173522,-0.04136940304980463,0.5004763592715757,1.30425459198094,-2.3405002273370257
38.783031497,-0.2460935029323259,1.2351500036688772,-1.573760521208263,2.4178057621737556,0.15551259759947914,-0.04139825606361569,0.48972709135597303,1.2938657376613623,-2.3405290803508367
38.783591284,-0.2461139078181558,1.2284065916105085,-1.573724642770777,2.41807426272389,0.1554960757613477,-0.041399343316228965,0.4895360399894648,1.2936763573775072,-2.34053016760345
38.800379655,-0.2461340744107096,1.2216634176960672,-1.5736917971802056,2.42534635391413,0.15460179088225945,-0.04128577036125414,0.48402814469836986,1.2888445724913125,-2.340416594648475
38.832852883,-0.2461540021151105,1.2149202435067354,-1.5736586117514906,2.438346396294645,0.1534054574804778,-0.04121164236098096,0.4744821528920724,1.2799391608816502,-2.340342466648202
38.849504033,-0.2461734526454235,1.2081775456049897,-1.5736095935305603,2.444875206761332,0.1538319374632781,-0.04150336397775689,0.47045467151942133,1.2747829369650028,-2.340634188264978
38.866234162000005,-0.2461929041481143,1.201434370866595,-1.5735700098566014,2.451747860248084,0.1539076931323723,-0.04175714100114902,0.46593657877715033,1.2696035602802462,-2.34088796528837
38.882837511000005,-0.2462128322520396,1.1946911966774454,-1.5735292446254543,2.458754288756341,0.15377333461481843,-0.04198563299658531,0.46117263682122944,1.2644642072379684,-2.3411164572838064
38.899504390000004,-0.2462315696313819,1.1879465906042612,-1.573507850469806,2.46583556558715,0.15318272661493917,-0.04181365180429886,0.45601838204690637,1.2595726883444713,-2.34094447609152
38.916172521,-0.2462492973366379,1.1812501439531542,-1.5735883871447398,2.4729450572073515,0.152329455180211,-0.041410379840723266,0.4506493251997705,1.2548349492411368,-2.3405412041279443
38.916270428000004,-0.2462706753088207,1.1744907589597526,-1.5734659017843842,2.472986817678042,0.15232444314578653,-0.041408011059955285,0.4506177878757145,1.2548071202168503,-2.3405388353471763
38.934022165,-0.2462879827287691,1.1677456744016703,-1.573143979193103,2.4798285851561124,0.15225665203694824,-0.04158417237638368,0.4460131270443588,1.2497463419677468,-2.3407149966636047
38.950523068,-0.2463031390330863,1.1610053557399849,-1.5730438716618576,2.485863917077689,0.15256732407442175,-0.04201704833515407,0.44222769300015896,1.245035478181191,-2.341147872622375
38.982909441000004,-0.2463187736571983,1.1542636071170511,-1.5730083163227735,2.4936122512814825,0.15115670724845584,-0.041552095977994696,0.43601746691301635,1.2401919655395284,-2.3406829202652157
38.983839313000004,-0.2463336947528389,1.147520665578146,-1.572944289417984,2.493827347782969,0.15111257050337523,-0.041536380995376376,0.4358413541919919,1.240060821089735,-2.3406672052825974
39.01621757,-0.2463488545574401,1.1407772474769573,-1.5728880064818596,2.5092170293610745,0.1515824167794383,-0.041788223454735984,0.4259481958355833,1.2282630046674632,-2.340919047741957
39.032867898,-0.2463630613637444,1.1340335898588252,-1.5728418366726231,2.515750159433148,0.1510780790312128,-0.04178209657628429,0.4212231847961947,1.223723135089978,-2.3409129208635053
39.033471218,-0.2463770286385378,1.1272904088026017,-1.572786058640974,2.5159780046447304,0.15105541658517596,-0.04178099809477942,0.42105461210827677,1.2235681825947111,-2.3409118223820005
39.066264837000006,-0.2463905195397701,1.1205469887786903,-1.5727329767028428,2.529587727185459,0.1498906287609069,-0.04172338415404653,0.41112634230854384,1.2141867788034388,-2.3408542084412676
39.067848385000005,-0.2464040107465209,1.1138035687549193,-1.572689330558949,2.530296969351004,0.149837231249884,-0.04172069105525722,0.4106144014229769,1.2136930255520524,-2.3408515153424783
39.099544302000005,-0.2464170247174987,1.1070601481816131,-1.5726348967080588,2.5436609318546646,0.14857340660472917,-0.041682583627039804,0.4007758066930778,1.2045609501979089,-2.340813407914261
39.116195541,-0.2464293236456163,1.1003167267843754,-1.5725840000516451,2.550664717922286,0.1479776031565716,-0.041702139245098024,0.39566925463095326,1.1997307196582083,-2.340832963532319
39.132859465,-0.2464413845404515,1.0935728282755446,-1.5725418671982476,2.558129381052626,0.1476213414025784,-0.04178559525536585,0.3904346962096732,1.1943970983535954,-2.340916419542587
39.149522206,-0.2464532064516502,1.0868296447474184,-1.5725002399195216,2.5667496143281014,0.1479132541040203,-0.04200326986401137,0.38491468063409684,1.187769650670341,-2.3411340941512324
39.166233079,-0.2464645517234306,1.0800859838329373,-1.572448834912093,2.5761066356130082,0.1486051185128667,-0.04230422420124569,0.3792027161853,1.180326130950336,-2.3414350484884667
39.182897925,-0.2464754202529681,1.0733423223691472,-1.572409900032132,2.5780582054956858,0.1485943525115161,-0.042417935710705734,0.3778956628724175,1.1788768716391558,-2.3415487599979268
39.199597817000004,-0.2464865272549739,1.066598899598604,-1.5723699565188285,2.5792751311726283,0.14851341728661513,-0.042513225250198516,0.3770252428626226,1.1780225721481221,-2.3416440495374196
39.200266582000005,-0.2464971577747305,1.0598547610232314,-1.572331525569483,2.579323864260264,0.14851017614914663,-0.04251704122151523,0.3769903859642756,1.1779883608131554,-2.3416478655087363
39.216918683,-0.2465075492241858,1.0531115758470702,-1.572294446006531,2.586615155292673,0.14794121423233805,-0.04247772194561428,0.3717124940629548,1.17292570344177,-2.3416085462328353
39.249603164,-0.2465177027108632,1.046367913559348,-1.5722519712067229,2.604403862457746,0.14682411142787977,-0.04248502561491385,0.3590381632395414,1.1603938496499673,-2.341615849902135
39.250286176,-0.2465276179909291,1.0396242509970466,-1.5722209574576298,2.604861554001421,0.14680500108489203,-0.0424897198218801,0.3587192493622555,1.1600650021271925,-2.341620544109101
39.282905482000004,-0.2465370556665401,1.0328808263035882,-1.572178816808087,2.623858579804899,0.14598706776389925,-0.04258366391259116,0.34546389368953156,1.1464322639471645,-2.341714488199812
39.283593944,-0.246546731901284,1.0261374018848703,-1.5721388657993076,2.6241548756506825,0.14597326951272926,-0.04258088316905173,0.3452563735759948,1.1462203275830323,-2.3417117074562728
39.300311931,-0.246555930358244,1.0193946921720094,-1.5720994208116097,2.63134985532707,0.14563820529178048,-0.04251335811412105,0.3402171432911729,1.1410738570728354,-2.341644182401342
39.316898948,-0.2465651302899311,1.0126510287856367,-1.5720689098404783,2.6346462783086095,0.14546777409203498,-0.042574123610538805,0.3378957630202095,1.1387272329221356,-2.34170494789776
39.333914492000005,-0.2465736145045576,1.0059076029935707,-1.5720289577717528,2.6378589488526436,0.14530195771185273,-0.042642197418098604,0.33563357465115473,1.1364400401276042,-2.3417730217053196
39.350107257000005,-0.2465823369022942,0.9991641774760732,-1.5719927121391453,2.644557684178794,0.1452841258773104,-0.042604722862478184,0.33116140377990866,1.1314527502179925,-2.3417355471496992
39.366893765,-0.2465903445391877,0.9924207511347732,-1.5719647286896397,2.651482434016119,0.14526032613514253,-0.04258390061650985,0.3265343376530956,1.1263007616897291,-2.341714724903731
39.399628051,-0.2465988288838111,0.9856769677149472,-1.571927471684381,2.6644762874072185,0.14505998253549865,-0.043039593230776774,0.31773575670379284,1.1167370105017342,-2.342170417517998
39.416302474000005,-0.2465965425533942,0.9789689346975274,-1.570598722513895,2.671905432759428,0.14484388812936075,-0.043112803186716064,0.3126294445514912,1.111336596289854,-2.342243627473937
39.432960216000005,-0.2465805683107167,0.972346120609088,-1.5679660240093063,2.679233143889885,0.14462414513401556,-0.04318212915372399,0.3075879269349866,1.1060143094206691,-2.342312953440945
39.433791571,-0.2465373914789041,0.9657428255179028,-1.5641025914817583,2.679541337766505,0.1446108134336123,-0.04318325736705475,0.30737283534288307,1.1057931831969232,-2.342314081654276
39.450210237,-0.2464594502122888,0.9591007473306036,-1.5592236789337872,2.6856279461630375,0.1443475218961409,-0.04320553877257893,0.3031249304043495,1.1014260986042426,-2.3423363630598
39.466840236,-0.2463439137062636,0.9523943719804197,-1.5535805552442918,2.6918810973890093,0.1440326386067639,-0.043208221007173364,0.2987276678573776,1.0969690666508236,-2.3423390452943944
39.499648633,-0.2461862076540946,0.9456613643585632,-1.547449067957488,2.7061277391959395,0.14241856403335143,-0.04280611603291007,0.28804015147094253,1.0874113978454512,-2.341936940320131
39.500612079,-0.2459848875767422,0.9389143589935528,-1.541010897072255,2.7065200515277916,0.14241914011735832,-0.042815556286038614,0.2877794474691713,1.0871182379555333,-2.3419463805732597
39.516935033,-0.2457378020258846,0.9321580025723604,-1.534371355444226,2.7131667096139287,0.1424289002832053,-0.04297549552247659,0.28336253211685425,1.0821514464614888,-2.3421063198096976
39.534174654000005,-0.245444472332876,0.925393844265348,-1.527603479729786,2.719974498131021,0.14219519872598177,-0.04304306588874951,0.2786566723005275,1.0772264607457345,-2.3421738901759706
39.56919632,-0.2451044149443947,0.918627367146661,-1.5207437312688918,2.732899924853758,0.14024161008536054,-0.04254961488468112,0.2685952192370098,1.0688807836136953,-2.341680439171902
39.569215827,-0.24471643929889,0.9118578545879784,-1.5138157062416693,2.732909530792832,0.14024223807256922,-0.04255001331716102,0.26858929391547015,1.0688731968490308,-2.341680837604382
39.584328864,-0.2442819732215109,0.9050874540030476,-1.506834077042684,2.7403517265514226,0.1407287708003868,-0.04285869865154979,0.26399865446931714,1.0629953552996314,-2.341989522938771
39.600244772,-0.2437998210200047,0.8983190250394001,-1.4998104163213433,2.7478495188552965,0.1408713324165257,-0.04303488985958559,0.2591143082756655,1.0573049796084324,-2.3421657141468066
39.632967426,-0.2432695079218635,0.8915508982188013,-1.492743977900255,2.760929225439196,0.1384163219026146,-0.04232326548497056,0.24857595913319463,1.049177926126653,-2.3414540897721916
39.693202612,-0.2426917418827147,0.8847895116626968,-1.485591339642142,2.776177259457668,0.13780925626244697,-0.04267280483601965,0.2379734031278653,1.038202641334275,-2.3418036291232407
39.693237338,-0.2420650909462571,0.8780359366058276,-1.4783420028941054,2.77620096290144,0.1378072584546077,-0.04267242941340754,0.23795613452887365,1.0381862816285414,-2.3418032537006286
39.693248690000004,-0.2413890780992425,0.8712905301265801,-1.4709918702434948,2.7762087116054004,0.13780660536716335,-0.042672306686991845,0.23795048938875474,1.0381809336074768,-2.341803130974213
39.699481991,-0.2406641818656373,0.8645516238452529,-1.463545143433321,2.7804634688408263,0.13744799978053043,-0.04260491850098269,0.23485078382649194,1.035244373966255,-2.3417357427882037
39.700181374,-0.239888017625012,0.8578194534334309,-1.45600302176393,2.780940857126681,0.1374077638524086,-0.042597357474859265,0.23450299356652082,1.0349148888520965,-2.3417281817620803
39.716811904000004,-0.2390605824411169,0.8510971183308753,-1.4483625438717826,2.7922926060389406,0.1364509993761429,-0.04241756489800785,0.22623293788584276,1.0270801086593586,-2.341548389185229
39.749574895,-0.2381813954949008,0.8443880750553368,-1.4406015590432983,2.8022481706947624,0.13554444789391878,-0.042264368451533585,0.2189296941661365,1.0202538553402425,-2.3413951927387546
39.75018095,-0.2372504551596165,0.8376929196524378,-1.4327154139231344,2.8023579600402657,0.1355335421910316,-0.042262739368668534,0.21884847659327233,1.0201791804408482,-2.3413935636558896
39.767105531000006,-0.2362663378624447,0.8310064052692705,-1.424720894388001,2.806490016327937,0.13524429297640198,-0.04223786685883546,0.2158822037245296,1.01728802504191,-2.3413686911460565
39.799796073,-0.2352347456944718,0.8243280616518597,-1.4166023333453632,2.8259181922258967,0.13486308985859186,-0.04241624818336831,0.20266578742121233,1.0030428267408507,-2.3415470724705894
39.800720455000004,-0.2341423835729079,0.8176601384202629,-1.4083879317281451,2.8260756249206875,0.1348619882792602,-0.04241952214269773,0.20256017378006264,1.00292607047477,-2.3415503464299188
39.833204253000005,-0.2329949063030944,0.81101205966858,-1.4000167023352152,2.8316079825998393,0.13482327757254906,-0.04253457266677607,0.19884879451787363,0.998823127143321,-2.341665396953997
39.833582735,-0.2317918555128538,0.8043820367167952,-1.3915788190603855,2.831672442359104,0.134822826538292,-0.04253591316743055,0.19880555172200687,0.9987753220745317,-2.3416667374546516
39.866319836,-0.2305372853465558,0.7977709086997871,-1.3830325850496996,2.851753779111539,0.1327908311063136,-0.04195727622287393,0.18392241355344097,0.9851414932118954,-2.341088100510095
39.867187269000006,-0.2292252269419152,0.7911841523733781,-1.3743983191319933,2.8523103477358625,0.13273362682984985,-0.04194077219223402,0.18350925546558283,0.9847642116760835,-2.341071596479455
39.883427826,-0.2278564142158297,0.7846073442480677,-1.3656345937471492,2.858930889445924,0.1321541796809259,-0.04196881224083526,0.1786700078784702,0.9802091030798277,-2.3410996365280563
39.916225152,-0.2264303596953382,0.7780491860465862,-1.3567640295979602,2.8728326603443928,0.13108143070394662,-0.0419998994142361,0.16861602974812584,0.9705484846609229,-2.341130723701457
39.932858387,-0.2249487248602158,0.7715158785704699,-1.3478001614428257,2.8805204597352394,0.13054373253816476,-0.04195385966409049,0.16309754257000453,0.9651691094131549,-2.3410846839513115
39.93318021,-0.2234100819756487,0.7650051551967387,-1.3387233524428588,2.8806409684212855,0.13053428499609576,-0.041951763698925504,0.16301027811014634,0.9650854642488635,-2.3410825879861465
39.950548958000006,-0.2218127607487275,0.7585184445133141,-1.3295266237176862,2.8871448074873074,0.1300244023046302,-0.04183864471495724,0.15830062587077753,0.9605711449491263,-2.3409694690021783
39.982909741,-0.2201579512188227,0.7520570591946447,-1.3202140770081765,2.899641606161007,0.12932803653107675,-0.04162878241847068,0.14946272483788836,0.9517085038239079,-2.3407596067056917
39.999615314,-0.2184432741253581,0.7456167049623827,-1.310804367895988,2.9059542596608474,0.12924354225884135,-0.041594133979044656,0.1451977915807252,0.9470537129797312,-2.3407249582662657
40.016236907,-0.216666117814867,0.7391887957324228,-1.3013257603889337,2.909740293983212,0.13063426675704037,-0.042186642340652725,0.14371557806129487,0.9433025513459392,-2.3413174666278738
40.193280084,-0.2148295700632025,0.7327823949749891,-1.2917285024828196,2.980809028718701,0.12692058027884212,-0.04195126209529931,0.0936388002907862,0.8927370210680441,-2.3410820863825204
40.193308328,-0.2129312487947164,0.7263964270608242,-1.2820229576869362,2.980823878324345,0.12691796237591885,-0.041950115840297286,0.09362696228393808,0.892727681592826,-2.3410809401275183
40.193316534000004,-0.2109702034068281,0.7200275530329769,-1.2722264947926205,2.980828192722588,0.12691720177149318,-0.04194978280784589,0.09362352287435538,0.8927249681055835,-2.341080607095067
40.193322826,-0.2089478575090627,0.7136822118371038,-1.2623617049476443,2.9808315008134616,0.12691661857346243,-0.04194952745320535,0.09362088568631433,0.8927228875228748,-2.3410803517404264
40.193329198,-0.2068601630241393,0.7073558688536284,-1.252396021738836,2.9808348509652527,0.1269160279603258,-0.0419492688518428,0.09361821496758971,0.8927207804864739,-2.341080093139064
40.193335430000005,-0.2047080755979607,0.7010469754616057,-1.2423410337106864,2.9808381275104456,0.1269154503236232,-0.04194901593224287,0.09361560292755566,0.8927187197440296,-2.341079840219464
40.193342003000005,-0.2024932571458176,0.6947613748349508,-1.2321978913473124,2.980841583340282,0.12691484108003462,-0.04194874917349267,0.09361284796299607,0.8927165462427333,-2.3410795734607137
40.193348335,-0.2002147542573991,0.6884991850843523,-1.221991045005679,2.9808449124616145,0.12691425417445093,-0.04194849219549113,0.09361019400961323,0.8927144524331787,-2.341079316482712
40.193354677,-0.1978735158703542,0.6822638643752738,-1.2117066725298438,2.9808482468405617,0.126913666341979,-0.04194823481164889,0.0936075358648949,0.8927123553169123,-2.34107905909887
40.19336151,-0.1954688248964349,0.6760576768590396,-1.2013590128333071,2.9808518393683685,0.1269130329992982,-0.041947957501054844,0.09360467192562272,0.8927100958411236,-2.341078781788276
40.199583169,-0.1930033012293885,0.669882056067129,-1.1909595264353103,2.984122947660496,0.12633635479210265,-0.041695457580633644,0.09099696615263331,0.8906527728681812,-2.3408262818678547
40.200720517,-0.1904757524326497,0.66373950402074,-1.1805208826143778,2.9847209213639467,0.12623093535243263,-0.041649299429007414,0.0905202654936128,0.8902766847269583,-2.3407801237162285
40.232943248000005,-0.1878840373825123,0.6576234617398825,-1.170037761674456,3.001453927779115,0.12404628392545503,-0.04073225897007049,0.0777519437483003,0.8792432734069884,-2.3398630832572915
40.249577214000006,-0.1852293440626622,0.6515386989669879,-1.1595112080275534,3.0096948801974284,0.12444568068257583,-0.04100277301459698,0.07256460162275635,0.8728273326183693,-2.340133597301818
40.250270676,-0.1825119135601384,0.6454825933739418,-1.1489532635620232,3.0100384415192356,0.12446233134027129,-0.04101405061431862,0.07234834383762956,0.8725598551490088,-2.3401448749015397
40.282881697,-0.1797310263197572,0.6394589588314927,-1.138355329928748,3.022680951243806,0.12454632767147295,-0.041345315466148946,0.06399582528988335,0.8630690416207032,-2.34047613975337
40.299639570000004,-0.1768864458894587,0.6334660069267649,-1.127717224691607,3.0278450287288337,0.12423242853273875,-0.04137939733540108,0.06032421476192096,0.8594241129421665,-2.340510221622622
40.316258477000005,-0.1739807889270852,0.6275092243050475,-1.1170333358167086,3.0315687542708356,0.12345740917683502,-0.04121156193074782,0.057267215611725764,0.8571610302857238,-2.340342386217969
40.317234197000005,-0.171012151651089,0.6215852709109109,-1.106326694308734,3.0317873795682657,0.12341190667261245,-0.04120170807206591,0.05708773478240148,0.8570281614388411,-2.340332532359287
40.333801607000005,-0.1679814862937536,0.615695459144406,-1.0955904472243914,3.0369374711353694,0.12278070066703108,-0.04109197879144233,0.05318863261676898,0.8536048784425065,-2.3402228030786634
40.366356981,-0.1648899822782639,0.6098416977260659,-1.0848255680618568,3.0561551424114133,0.12248793719551365,-0.041247021952312224,0.04017833510076274,0.8394579085100671,-2.3403778462395333
40.38290827,-0.1617362088109008,0.6040254155189819,-1.0740437956260476,3.063372052744687,0.1224196449067226,-0.04126322302446184,0.03532359480062697,0.8341175007341137,-2.340394047311683
40.399550923,-0.1585187411739014,0.5982400543677182,-1.0632335203605394,3.0706247177590344,0.12198052962826939,-0.04114046996369147,0.03016831591783986,0.8289972398346288,-2.3402712942509125
40.417005264000004,-0.15523900397267,0.5924915763812935,-1.0524019399452238,3.078222859490282,0.1207717656193726,-0.04073088777601441,0.024208701624946594,0.824131454627977,-2.3398617120632355
40.417279256,-0.1518969985100822,0.5867787894675709,-1.0415589344532714,3.0783421324006257,0.12075279087444686,-0.04072445830137639,0.024115149732078622,0.8240550732727412,-2.3398552825885974
40.44965595,-0.1484915339315586,0.5811006193702764,-1.030704326572356,3.0926824119449368,0.1209043034506483,-0.04089257638719701,0.014682934994681318,0.8132523005445305,-2.340023400674418
40.466358217,-0.1450266581858611,0.5754612430811075,-1.0198443116794234,3.099341296016514,0.12022832771820888,-0.04079056473680609,0.009746127931283599,0.808732829747155,-2.339921389024027
40.482974019000004,-0.1415088062357054,0.5698606680152566,-1.0090030858304788,3.1054385076999536,0.11869673162495274,-0.04042479875935712,0.004544649702544312,0.8052020506346214,-2.339555623046578
40.483932846,-0.1379350910126122,0.564329050810823,-0.998175912552656,3.1057903517570016,0.11860834975284659,-0.04040369196626692,0.004244494599250803,0.8049983044450526,-2.339534516253488
40.516134848,-0.1343012569238039,0.5588266898520847,-0.9873777209746952,3.1202821421010363,0.11896650100679095,-0.04045535530685207,-0.005134358763768221,0.7939449172134774,-2.339586179594073
40.516973646000004,-0.130603730115107,0.5533550115312824,-0.976558479267268,3.120674104463327,0.11899383531193182,-0.040460817596137844,-0.005374860582725294,0.7936342074891876,-2.339591641883359
40.549487312000004,-0.1268425065963779,0.5479172344969694,-0.9657166889392904,3.1271725766391407,0.11725553153269537,-0.04001286445430097,-0.010997691525610032,0.7899415644199923,-2.339143688741522
40.549927951,-0.1230209175659698,0.5425193230552294,-0.9548658635558984,3.127250917719244,0.1172288427008783,-0.0400060554606565,-0.011069754961639644,0.789900864545753,-2.3391368797478775
40.567027566,-0.1191413456128921,0.5371622336262816,-0.9440132795684932,3.1336009305654944,0.11722892149549957,-0.040214109656034225,-0.015296440101544961,0.7851618988482771,-2.3393449339432553
40.599584614,-0.1152025989682018,0.5318457264183458,-0.9331792137973448,3.15008364484357,0.11745388334882433,-0.040687685219598535,-0.02609990455018929,0.7727113714010154,-2.3398185095068196
40.600674742,-0.1112058672849498,0.526572306198426,-0.922345469359117,3.15083276521022,0.11746492481029142,-0.04070387351463012,-0.026590299691069852,0.7721449653245989,-2.339834697801851
40.617202285000005,-0.1071542473511464,0.5213437646751997,-0.911501431232318,3.1621902563231568,0.11763232554596652,-0.04094930592461665,-0.0340252309815976,0.7635576244036923,-2.3400801302118377
40.634010844,-0.1030434510380127,0.5161574743020391,-0.9006554700422753,3.165629677861507,0.11826945599275564,-0.04124683263564677,-0.035839124672488065,0.7605667473746518,-2.340377656922868
40.650359487,-0.0988770521996737,0.5110158233834448,-0.8898133031954278,3.169051527624266,0.11884601260158732,-0.04152107282452633,-0.037686527392790214,0.7576293035009578,-2.3406518971117474
40.667247518,-0.0946581442501822,0.5059232262305626,-0.8789845490541563,3.1749633689413965,0.1182128037464919,-0.04137610310674944,-0.04209416592682835,0.7536388719746236,-2.3405069273939705
40.684106533000005,-0.09038506048577,0.5008786080382172,-0.8681656662440584,3.180865052888041,0.1175806828327994,-0.041231382467231015,-0.04649423152120935,0.749655296567938,-2.340362206754452
40.70032065,-0.086055898302917,0.4958771982402384,-0.8573342867963797,3.186444768962849,0.11751799030218543,-0.04136762859942422,-0.05025503109208662,0.7455329733859744,-2.3404984528866453
40.733228316,-0.0816701801698653,0.4909200691704151,-0.8464986461015666,3.1996505421140498,0.11680988599415754,-0.04140632129406896,-0.059573605400609964,0.7361490494152378,-2.34053714558129
40.860851803,-0.077234333684466,0.4860153344711506,-0.8356609102837633,3.2581069522065205,0.1139830178332256,-0.04105828294145475,-0.10059345316811852,0.6944056049762746,-2.340189107228676
40.860878043,-0.0727495521300508,0.481162041842185,-0.8248361618231912,3.258117784163449,0.11398267599352133,-0.04105831052650366,-0.10060091832735374,0.6943977487976309,-2.3401891348137247
40.860885367,-0.0682089276750606,0.4763546996942204,-0.8139944156261184,3.2581208075343553,0.11398258058064041,-0.04105831822592876,-0.10060300197164729,0.6943955560136215,-2.34018914251315
40.860892059,-0.0636155569216872,0.4715959342007615,-0.8031456899106825,3.258123570013615,0.11398249340109387,-0.04105832526095732,-0.1006049058148486,0.6943935524485494,-2.3401891495481784
40.860898482,-0.058968725334568,0.4668846716546501,-0.7922955740191133,3.258126221448805,0.11398240972592537,-0.041058332013196974,-0.1006067331287892,0.694391629421284,-2.340189156300418
40.860905635,-0.0542696220174018,0.4622238936597315,-0.7814499506491094,3.258129174230356,0.11398231654073465,-0.041058339532856536,-0.10060876812436836,0.6943894878341714,-2.3401891638200776
40.860912498000005,-0.0495184882129186,0.457611454725055,-0.77066681457128,3.2581320072989706,0.11398222713349793,-0.04105834674765063,-0.10061072061628407,0.6943874330722029,-2.3401891710348717
40.860919231000004,-0.0447210384818356,0.4530534411123645,-0.7598640354855692,3.2581347867031627,0.11398213941982685,-0.04105835382577894,-0.10061263612379623,0.6943854172318518,-2.340189178113
40.882989049,-0.0398753671903772,0.4485481816952087,-0.7490447143884217,3.2672452790062305,0.1136946264602424,-0.04108155493140231,-0.10689139777347778,0.6877777787843673,-2.3402123792186234
40.899640509,-0.0349817123321642,0.4440963920037086,-0.7382177653668254,3.2745255540485583,0.11381182619594077,-0.04116600186776864,-0.11164988563646894,0.6822666143223182,-2.3402968261549897
40.916296277,-0.0300388842849883,0.439695805689421,-0.727379856776399,3.2820616285388673,0.11413776495749955,-0.041292285379334714,-0.11642286207362007,0.676425608353294,-2.3404231096665558
40.932857084000005,-0.0250466416959535,0.4353488066617929,-0.7165346117527895,3.2862076832998635,0.11299847670443844,-0.04081938173819566,-0.12003282328177312,0.674089815579872,-2.3399502060254167
40.933320989,-0.0200066532334144,0.4310553968434386,-0.7056799980215225,3.28630899916116,0.1129600813424376,-0.040803484001799006,-0.12012891576340357,0.6740397621829088,-2.33993430828902
40.950477711000005,-0.0149217747598968,0.4268214207825021,-0.6948047615295448,3.2901806572496883,0.11157512110139278,-0.04023423964864037,-0.12373957205134145,0.672072273328018,-2.3393650639358614
40.982944848,-0.0097993956156567,0.4226468869932019,-0.6839759681752547,3.304314692124689,0.11101807957188557,-0.04025641006838043,-0.13356328726172872,0.6618950508887402,-2.3393872343556015
40.99961845,-0.0046283190670013,0.4185245108041714,-0.6731350881674135,3.312079771669192,0.11163995219753076,-0.040738438533987065,-0.13826784506819356,0.6556861603485062,-2.339869262821208
41.016220686000004,0.0005895495379817,0.4144558441324584,-0.6622966387955141,3.319375745690949,0.11166411623645069,-0.0408910359475847,-0.14310621366129528,0.6502252071181416,-2.3400218602348057
41.033063992,0.0058523056605504,0.410443630987473,-0.6514555669941267,3.3261245162393984,0.11079696316828617,-0.04055529371293076,-0.14824552424115955,0.6457659083926766,-2.339686118000152
41.034293866000006,0.0111582809106965,0.4064879925009757,-0.6406148261762398,3.326617301766748,0.11073364489736248,-0.04053077829742335,-0.14862078931442468,0.645440296807831,-2.3396616025846444
41.049944979,0.0165086676860384,0.4025896425550848,-0.6297744941458493,3.3330192506597074,0.11056196585170443,-0.04056354492711911,-0.15301022465671554,0.6407768988301088,-2.33969436921434
41.083013171000005,0.021898700593374,0.3987506131996099,-0.6189315194850875,3.3473086137812653,0.11120424341826934,-0.04116797036675557,-0.16204229793640712,0.6296854574827209,-2.3402987946539766
41.100411474000005,0.0273286177614692,0.3949711425785535,-0.6080902290325474,3.355500322379629,0.1107000965293737,-0.04101107476031629,-0.16787116221893328,0.6239076901784784,-2.3401418990475373
41.100499132,0.032798181493403,0.3912514693848085,-0.5972479404850805,3.3555415947262652,0.11069755648233659,-0.04101028427200859,-0.16790052982939896,0.6238785800103002,-2.3401411085592296
41.116902979,0.0383081064868551,0.3875913543760545,-0.5864026297358345,3.362365038103239,0.10962880982530991,-0.04059192606575657,-0.17323999078466334,0.6194977404055124,-2.3397227503529776
41.149521625000006,0.0438560094551144,0.3839915155542831,-0.5755580038614505,3.376269759889666,0.10893857427936589,-0.04051254105990587,-0.18301046943835075,0.6095803082809819,-2.339643365347127
41.150139022000005,0.0494457049545032,0.3804517101061913,-0.5647137757489336,3.376565066935295,0.10898432933569015,-0.04054090251708331,-0.1831728876962,0.6093294695162452,-2.3396717268043044
41.182903936,0.055072901102591,0.3769720621853847,-0.553867459728756,3.387968345399199,0.11009233826056077,-0.04142148137757218,-0.18993633543144472,0.6000818634349105,-2.340552305664793
41.183806987000004,0.060737838278418,0.3735537636090235,-0.5430230535702173,3.3881676694125717,0.1100873188040712,-0.04142892991546532,-0.1900727569405145,0.5999364521935515,-2.3405597542026864
41.216228998000005,0.0664405156506152,0.3701963375403944,-0.532184889763774,3.3988268550296583,0.11017307007550167,-0.041791882938166935,-0.19710381049738013,0.59192459365882,-2.340922707225388
41.232810604,0.0721771205731026,0.3669013380939327,-0.5213497744967546,3.405787166477134,0.11016768109439475,-0.04192278822853268,-0.20174080775698133,0.586733811357333,-2.3410536125157537
41.233986566000006,0.0779509897862349,0.3636682845875891,-0.5105128397806605,3.406183768040915,0.11010946105631593,-0.041899887532784064,-0.2020482453976027,0.5864765868049351,-2.341030711820005
41.250275966000004,0.0837592637744188,0.3604980147817027,-0.4996726746911303,3.411677484260505,0.10930299835745562,-0.041582667594276757,-0.20630686489646388,0.5829135179100127,-2.340713491881498
41.283574547,0.0896024186960321,0.3573904089179578,-0.4888326865645988,3.420080697899407,0.10821916014990145,-0.041220280095993544,-0.2127091271559478,0.5773637663226014,-2.3403511043832146
41.299523267000005,0.0954768815775145,0.3543474976726334,-0.4779935700344691,3.4228192055012183,0.10795699910708019,-0.04117687547195814,-0.21472760005808356,0.5754945634334283,-2.340307699759179
41.30063139,0.1012613534695954,0.3514193695157992,-0.4683899656375707,3.4230094780283693,0.10793878406027689,-0.041173859702528404,-0.21486784430638206,0.5753646905211731,-2.3403046839897494
41.31705242,0.1068297663385511,0.3486536150166402,-0.4601963062853602,3.43159924895318,0.1077262102145134,-0.04125162828408513,-0.2207440735592221,0.5690957765842382,-2.340382452571306
41.333809371,0.1123029327828964,0.3459923976560287,-0.4531732630056064,3.4411315455675084,0.10751690925634078,-0.04134726148810586,-0.22724523144056574,0.5621212922422618,-2.340478085775327
41.366214760000005,0.117791872049392,0.343363229444274,-0.447078594505088,3.4596878857844824,0.10667648815218822,-0.041271529411991636,-0.24022403688850957,0.5488323991723028,-2.3404023536992127
41.367307753000006,0.123352099587272,0.3407352904057989,-0.4417608893262052,3.4603145557837096,0.10664533549941338,-0.0412672959625624,-0.2406644144767509,0.5483854614188282,-2.3403981202497834
41.399535874,0.1289979020535316,0.3380927092351243,-0.4371340233372256,3.4734261718134776,0.10531668510505776,-0.04081326101241345,-0.2503834188457068,0.5394848580202543,-2.3399440852996345
41.400204689000006,0.1347419191729237,0.3354372595118867,-0.4331468581211107,3.473676757305572,0.10528746827164784,-0.040802518873228166,-0.2505720195271359,0.539317297597818,-2.339933343160449
41.432846118,0.1405893832013756,0.3327588024109042,-0.4297402072312976,3.4857518665718183,0.10521327563523034,-0.04093639904374946,-0.2586649145598052,0.5303552209227784,-2.3400672233309705
41.433647365000006,0.1465352850742029,0.330055197934501,-0.4268679476362287,3.4860467827045984,0.10522448190192599,-0.04094602837904304,-0.2588528558256131,0.5301276705187057,-2.340076852666264
41.450430697,0.1525543596874537,0.3273332701236178,-0.4244284256789932,3.492355004210171,0.10512773805401579,-0.04101072318965038,-0.2631239806878165,0.5254843408570351,-2.3401415474768714
41.467640521,0.158611342137641,0.3246101065467979,-0.4222762048804633,3.49928389356339,0.10386147889096839,-0.040594692250865094,-0.2686810298285871,0.5211562783824157,-2.339725516538086
41.483683491,0.1646759677721135,0.3218988551013546,-0.4185728199496383,3.5060641224100224,0.10320459568492149,-0.04045240143255313,-0.2736843588781488,0.5165335414029948,-2.339583225719774
41.517210417,0.1707685373832151,0.3192277450214589,-0.4128244231239907,3.520918306120231,0.1038793654005827,-0.04109488550164997,-0.28306814397011815,0.5049989557921659,-2.340225709788871
41.517240985,0.1769288393771615,0.3165767032908348,-0.4061980617317502,3.5209288806038574,0.10387849627096349,-0.04109470142905458,-0.28307583125606106,0.5049916427404706,-2.3402255257162756
41.533454250000005,0.1831571157178863,0.3139481138186502,-0.3993851649757381,3.526537585958274,0.10341750998349034,-0.040997069337189274,-0.2871531671666716,0.5011128006475336,-2.3401278936244103
41.550321411000006,0.1894145229437717,0.3113577569926289,-0.3923933676740622,3.5324164813455305,0.10291318171951212,-0.04084008596345612,-0.2914426944513999,0.4970611696616558,-2.339970910250677
41.567312208000004,0.1956972509711574,0.3088094519022263,-0.3852503298701169,3.5385010588031416,0.10231367040814254,-0.04047711955284328,-0.29594016299254156,0.4929193978944566,-2.3396079438400643
41.59956188,0.2019991060139874,0.3063074972205321,-0.3779787264441505,3.5517724297441204,0.1025520231066168,-0.040854700360991814,-0.3045960752420185,0.4828565314146065,-2.339985524648213
41.616309152,0.2083148444400659,0.3038536871288025,-0.3705709379783661,3.559022170047512,0.10291562253838538,-0.04132029129128867,-0.309150354178406,0.4772041440974646,-2.3404511155785097
41.616934113,0.2146466134005746,0.3014487344099576,-0.3630338299323626,3.5592372142522724,0.10287652248488123,-0.04131194401645466,-0.3093226732867391,0.4770696861148531,-2.3404427683036757
41.633905764000005,0.220992507673752,0.2990946678180805,-0.3553672553483932,3.5650770269650054,0.10181470828822863,-0.041085262615048634,-0.3140022289186475,0.47341829994027673,-2.3402160869022697
41.650419421,0.2273482362555398,0.296792088343468,-0.3475798741359205,3.5701999459200082,0.10114127161433911,-0.041006120124009726,-0.3179147603169503,0.4700434053299869,-2.3401369444112308
41.666967213,0.2325012228129312,0.2949720235324743,-0.3401407524992922,3.5736371407455416,0.10155745358369331,-0.0413557339610513,-0.31989206216895916,0.467201259470547,-2.3404865582482723
41.68386918,0.2379330498541173,0.2930624688637749,-0.3327625161294063,3.5765298178497664,0.1017069830947852,-0.041539344559769376,-0.3217059164598264,0.46494296973813976,-2.3406701688469904
41.716262877000005,0.2438790480072309,0.2910577888093157,-0.325254528445202,3.5786136093142766,0.10065759248712858,-0.04102857353493938,-0.3238760890782979,0.4640863727961424,-2.3401593978221604
41.717020511,0.2500789191061852,0.2890209873682226,-0.3171932815961983,3.5786136906967663,0.10063621650430779,-0.041016026688472706,-0.32389209580357825,0.46410054050627725,-2.3401468509756937
41.733655079,0.2563937339058053,0.2870067032832015,-0.3088441441541893,3.578615477525968,0.10016688666984791,-0.04074054885782985,-0.3242435385320417,0.4644116059252541,-2.339871373145051
41.750364509,0.2626790579431372,0.2850567070228725,-0.3016284407600995,3.578773811772725,0.10034708153962206,-0.040836022338496036,-0.32421445362435763,0.4641735009212451,-2.339966846625717
41.767043471,0.2688192720911664,0.2831830527262191,-0.2955547860141103,3.5790901194830433,0.10118575630263914,-0.04130760895029262,-0.3237991071814941,0.46337920043771996,-2.3404384332375137
41.782978365000005,0.2749290269167976,0.281358786200616,-0.2904952654289303,3.578994291821353,0.10086927259569355,-0.04114241828069609,-0.32397150838287825,0.4636613753892451,-2.340273242567917
41.816386516,0.2810686004900127,0.2795495057013917,-0.2862087008205731,3.57846412018494,0.1004614680748806,-0.04094557064087212,-0.32392294950378053,0.4643284799736347,-2.340076394928093
41.833025311,0.2872735116310243,0.2777492098406522,-0.2825728757178146,3.5781385753352577,0.10059435402730178,-0.0410474685012403,-0.3236070871944001,0.4644829763393483,-2.3401782927884613
41.834093998,0.2935601978216227,0.275946316372356,-0.2795125637629813,3.5781413646770095,0.1005706850838492,-0.04104674628573868,-0.32362660761208906,0.4644966494006306,-2.3401775705729597
41.86631705,0.2999203095369162,0.2741378546805706,-0.2769288758437578,3.578573673044971,0.09992736008135475,-0.041003795136957066,-0.3243944671852894,0.4646022394555036,-2.340134619424178
41.866850777,0.3063169048472754,0.2723337617038817,-0.2746734737452685,3.5786521399277005,0.09993110901239109,-0.040998747451164164,-0.32444389914234995,0.46454118548110035,-2.340129571738385
41.899573481000004,0.3127352055026035,0.2705376307487243,-0.2726285512374101,3.583781214535815,0.10025507098212957,-0.04073368940922606,-0.32761618522277214,0.4604978009189544,-2.339864513696447
41.916290516000004,0.319169252108834,0.2687501839371563,-0.2707305802958993,3.587611747201356,0.10077843865715042,-0.040767161465810275,-0.32977531262380566,0.4572907675404041,-2.3398979857530313
41.918424884000004,0.3256157063385268,0.2669715443241323,-0.2689210542285142,3.588100815169706,0.10084526026862631,-0.040771435051794924,-0.33005098186973925,0.45688130561021634,-2.339902259339016
41.949618122000004,0.3320702786263594,0.2652029089456584,-0.2671676115377184,3.5972349964436354,0.09953859967719121,-0.04031498885414919,-0.3371060851661767,0.45093436127528186,-2.3394458131413702
41.949691462000004,0.3385320146961383,0.2634440404821683,-0.2654433155557252,3.597259620761254,0.09953190886658976,-0.040313093282479784,-0.3371274690373034,0.4509204381283558,-2.339443917569701
41.982801384000005,0.345000199949338,0.2616957742223029,-0.2637378172007986,3.609883491888785,0.09726530398474215,-0.03953798973568112,-0.34722179739295145,0.4430081593805304,-2.338668814022902
41.984523977,0.351473643051053,0.2599579923298243,-0.2620413957228705,3.610588850356122,0.09717168799894152,-0.03950026432655562,-0.34776116758761466,0.4425440749988172,-2.3386310886137767
42.016537359000004,0.3579523423906963,0.2582303371776487,-0.2603459315431364,3.623875759628426,0.09735732448231794,-0.03977261942760357,-0.3564667638496517,0.43250470187910484,-2.3389034437148246
42.032847198000006,0.3644370152217406,0.2565135231964737,-0.2586570088304914,3.6310512458932114,0.09774449930081452,-0.04011231943154492,-0.36095402331210025,0.42689203673740383,-2.339243143718766
42.049596885,0.3709214686071373,0.2548132795702795,-0.2555381363398533,3.6389536130688205,0.09796118570811177,-0.040446626843159805,-0.36605234756636085,0.42085039376750943,-2.339577451130381
42.050350571,0.3774038230028997,0.2531517814085859,-0.2510777466119167,3.63930919604223,0.09797093595070264,-0.04046166968042897,-0.36628175696451315,0.420578537838296,-2.33959249396765
42.082970700000004,0.3839379377567412,0.2515121581376513,-0.2457523587458447,3.652916144331434,0.0984568973055719,-0.04107590175807374,-0.3749762523771225,0.4101004201779701,-2.340206726045295
42.084428629,0.3904980805340174,0.2499075524348588,-0.2398328277700851,3.6535001866951835,0.0984794818235068,-0.04110285628476973,-0.3753481526408504,0.40964952580348424,-2.3402336805719908
42.100238795,0.3970806791249892,0.2483419023245091,-0.2335239146388443,3.660022222392049,0.09746259373734814,-0.04078633877851345,-0.3804482870952586,0.40545910344315894,-2.3399171630657345
42.132933315,0.4036790622081717,0.2468185533551783,-0.2269592451772997,3.66940701241792,0.09546987578192112,-0.04009518824340219,-0.3881821961612162,0.39978179252696977,-2.3392260125306232
42.149530571,0.4102951370668746,0.2453379801665785,-0.2202249466196233,3.6711605259711853,0.09528188167743744,-0.04007828423046078,-0.389489680215811,0.3985983074143533,-2.339209108517682
42.150234353,0.4169241389784256,0.2439025724360325,-0.2133757781641025,3.671234881110104,0.09527391006653729,-0.040077567440889084,-0.3895451221360249,0.39854812348518287,-2.33920839172811
42.167190073,0.4235617766692388,0.2425132887817801,-0.206450226235239,3.6782639690863776,0.09461241404951565,-0.03992895802071317,-0.3947175411631867,0.3937427373231581,-2.339059782307934
42.199616612,0.4302152012303413,0.2411684520343774,-0.1994643488884542,3.6959800512697316,0.09322000247170298,-0.03966313178305114,-0.4075489893368074,0.38144833552001733,-2.338793956070272
42.216305393000006,0.4368763097849497,0.2398710517631157,-0.1923852564782537,3.7030194487264843,0.09314466812754826,-0.03980185631002087,-0.41229082753681423,0.3762450901575054,-2.338932680597242
42.217394619000004,0.4435455800675156,0.2386216834645984,-0.1852047223969891,3.703478888797884,0.09313975128393062,-0.0398109104381561,-0.41260031290037835,0.3759054901511769,-2.338941734725377
42.233572396,0.4502218211962875,0.2374215406043855,-0.1779211247131433,3.7101034452821033,0.0928620149928116,-0.03982881564656893,-0.4172170708337761,0.37114655831257837,-2.33895963993379
42.266302133,0.4569040796089338,0.2362708626996775,-0.1705351944091604,3.7231277654659367,0.09204168814994725,-0.039729084267122516,-0.4264986149221679,0.3619727482145123,-2.3388599085543436
42.283254116,0.4635904500822152,0.2351709632489187,-0.1630475883145456,3.7300205452488404,0.09202877295554825,-0.039934549223204385,-0.43109627793342176,0.3568373733720298,-2.3390653735104254
42.283598883,0.4702840321237304,0.2341225539369262,-0.1554634978288889,3.7301607296159096,0.09202851028817609,-0.039938727940024066,-0.43118978454461887,0.3567329308546956,-2.339069552227245
42.299658525000005,0.4769786273484351,0.2331258803236027,-0.1477695593753211,3.7368162814484336,0.09188476533112996,-0.03999198850308616,-0.43572717824366647,0.3518616793493905,-2.339122812790307
42.318491393,0.4836773378990447,0.2321830846038394,-0.1399439905235322,3.7448151775153335,0.0915130294586621,-0.03983601523734315,-0.4413288849511483,0.34613966853051803,-2.338966839524564
42.333242430000006,0.4903727736538923,0.2312951289663971,-0.1319940621015348,3.751725633090092,0.09142184230821662,-0.03990334295333753,-0.44599672656936384,0.34104320250253606,-2.3390341672405586
42.366353784000005,0.4970682728390714,0.2304621287749134,-0.1239188036884378,3.7652102861206544,0.09117824662448051,-0.040216849671526944,-0.455154275655099,0.3311419651579346,-2.339347673958748
42.38298718,0.5037631215537581,0.229685157736257,-0.1157311873668186,3.769850025089246,0.09084496078398235,-0.04032680057392213,-0.45849133996999925,0.32790124627065564,-2.339457624861143
42.38387899,0.5104566034735253,0.2289638590471252,-0.107447765129935,3.7699492728023793,0.09081154719577007,-0.04031319035296832,-0.45858233801681214,0.3278494202934277,-2.3394440146401894
42.416290791,0.5170824432408078,0.2283023621805318,-0.1003463040780778,3.772252051525786,0.0894615716363881,-0.039648391753665635,-0.4611225963559611,0.32702947430112816,-2.3387792160408867
42.417196537,0.5235342955709211,0.2276920873700084,-0.0944686286140535,3.7723164025508216,0.08942384664347552,-0.03962981399329735,-0.46119358373582475,0.32700656095537717,-2.3387606382805184
42.433506466000004,0.5299325484417489,0.2271203789364608,-0.0895254360273124,3.7730555737279596,0.08948246773335934,-0.0396896641798552,-0.4616418485039797,0.32641590948545485,-2.3388204884670762
42.449623517,0.5363520435242555,0.2265687924134013,-0.0853833405899084,3.77375151416669,0.08960105012514312,-0.039781222609679645,-0.46201658953587454,0.32581760852697705,-2.3389120468969007
42.482926016,0.5428235413561859,0.2260397957602488,-0.0818909184600062,3.774664140889963,0.08959085547870956,-0.03993178553398735,-0.4626316671923312,0.32514331560592824,-2.3390626098212084
42.483937955,0.5493696771801325,0.2255227532640755,-0.0789548824426065,3.774656365984648,0.08959591799433861,-0.03993521134596101,-0.4626227139259811,0.3251457481434543,-2.339066035633182
42.500375457000004,0.555974474744694,0.2250155375622846,-0.0764566818319955,3.7745300737657868,0.08967815132142413,-0.039990858762603665,-0.4624772809171396,0.325185261237078,-2.3391216830498247
42.517082473,0.5626071828922017,0.2245209258991923,-0.0742552716838652,3.7744499530981854,0.0897490586827768,-0.04004231294331184,-0.4623710333555926,0.32519785611445595,-2.339173137230533
42.550166305000005,0.5692580234375751,0.2240377374451764,-0.0722442389135802,3.77480902269228,0.08962832008253384,-0.040017894649043484,-0.46270014528575887,0.3250102551538667,-2.3391487189362645
42.566363489000004,0.5759227055162869,0.2235658579348311,-0.0703678235079214,3.774729170033603,0.08925374694602248,-0.03981431643027733,-0.4629265311046482,0.3253191741443797,-2.3389451407174984
42.567047543,0.5825964611308609,0.2231056504893312,-0.0685700913124367,3.7747257976245114,0.08923792763741167,-0.039805718732377926,-0.46293609203356967,0.3253322206882192,-2.338936543019599
42.583250347,0.5879456758856149,0.2227425749309603,-0.0668937746898162,3.7746417242905848,0.08892403298221267,-0.03963937992925892,-0.4631143850721773,0.3256039002281632,-2.33877020421648
42.616286849000005,0.5918537582230285,0.2224735469282817,-0.0651130305803013,3.7745089676706245,0.08881666089081017,-0.039615755196898306,-0.46310614867738487,0.32577444420476853,-2.3387465794841193
42.633035153,0.5943886643355202,0.2223023028921394,-0.0634358453168037,3.7746246399948364,0.08911300865844649,-0.039788009846022376,-0.46296198376166586,0.3254908625356725,-2.3389188341332434
42.633632913,0.5957694818153688,0.2222134508260317,-0.0623274424259965,3.7746287684300808,0.08912358554083301,-0.03979415774846373,-0.46295683840366264,0.32548074128527515,-2.3389249820356848
42.666279121,0.5963077942917698,0.2221821938404809,-0.061739924576953,3.7745959548106938,0.08959424535175022,-0.0400557583529455,-0.462583750846461,0.32519194539560337,-2.3391865826401665
42.666627795000004,0.5965087683815294,0.2221706374132381,-0.0617516530481785,3.7745936813017336,0.0895984756009702,-0.04005800017526795,-0.4625790805686174,0.3251908263083343,-2.339188824462489
42.699623079000006,0.5965793354496738,0.2221666222052438,-0.0618971136579988,3.7748126067608223,0.08956239333095438,-0.04003053291062564,-0.4627517310233782,0.325051463087513,-2.3391613571978467
42.716317821000004,0.5965929232572049,0.2221644607827144,-0.0618734608027634,3.774980471978944,0.08948207023729757,-0.03998232033071503,-0.46292341059208475,0.3249796532238576,-2.339113144617936
42.733691197000006,0.5965914920742583,0.2221642240125325,-0.0618224390259841,3.7748453561232442,0.0896916683933502,-0.040092205239703915,-0.4626770539875582,0.3249409737087583,-2.339223029526925
42.734809378,0.5965879174739508,0.2221656586431886,-0.0618303105599492,3.7748366598294067,0.08970515849888479,-0.04009927762548671,-0.46266119804370476,0.32493848422721605,-2.3392301019127077
42.750576813,0.5965817192262444,0.2221660234123018,-0.0618342283919471,3.774500660266854,0.08943514470101901,-0.0398411621512782,-0.46263905444257825,0.32536896398051773,-2.3389719864384992
42.783843093,0.5965748056698211,0.2221666274240145,-0.0618342145530852,3.772991944406875,0.08698537169301804,-0.03784233656628189,-0.4634630379950262,0.32812553112865306,-2.336973160853503
42.799684679,0.5965676537224454,0.2221671125011177,-0.0618420690616644,3.77312502339204,0.0869915086904893,-0.03783469821774332,-0.4635470391000287,0.3280221314507581,-2.3369655225049644
42.800585095,0.5965597865008658,0.2221674791929851,-0.0618460127110007,3.7731325874356596,0.08699185750977514,-0.03783426406353385,-0.46355181361812114,0.32801625434196513,-2.336965088350755
42.817211798,0.596552157015869,0.2221678456104877,-0.0618460199367856,3.7732134743242915,0.08698577084120616,-0.03782580931544466,-0.4636101965489754,0.327959941202542,-2.3369566336026657
42.849578974,0.5965447667678759,0.2221683309622134,-0.061853883842893,3.7730813239570287,0.08696192812444434,-0.0378424149394867,-0.46354002705344444,0.3280744332835228,-2.3369732392267077
42.866284477,0.5965373767240549,0.2221690547323921,-0.0618577956654872,3.7731573806065972,0.08708050171277007,-0.03792299115506026,-0.4635021628834508,0.3279387475642199,-2.3370538154422813
42.867115521,0.5965302247840203,0.2221693013909457,-0.0618656204206908,3.7731611641755376,0.08708640036000845,-0.03792699955758927,-0.4635002792651428,0.32793199764457315,-2.3370578238448103
42.883663363000004,0.5965230725347966,0.2221696672589136,-0.061873509892774,3.7730815552009545,0.08716226807265579,-0.03796123779959615,-0.46339067046959137,0.3279409089067862,-2.337092062086817
42.916249266,0.5965154438216764,0.2221701528853368,-0.0618734758853423,3.772871153559302,0.0870783181403936,-0.037882874154490764,-0.46331327182016047,0.32815380768790847,-2.337013698441712
42.932986169,0.596508053240993,0.2221707574464876,-0.0618774458799056,3.773111412317853,0.08686434779137597,-0.037788125840855,-0.463632877342794,0.32811693098494876,-2.336918950128076
42.933840588,0.5964999466524126,0.2221706475763718,-0.0618774417084055,3.773123677528939,0.08685342460375656,-0.03778328893886851,-0.46364919320666953,0.32811504842903805,-2.3369141132260896
42.950144034000004,0.5964925568832674,0.2221716097649714,-0.0618853020998543,3.7731429075474043,0.0871452323139257,-0.03790881328086826,-0.46344422180086386,0.3279064621012835,-2.3370396375680893
42.983017485000005,0.5964863586862346,0.2221718553247884,-0.0618891946555848,3.7731258522400197,0.08748107354999031,-0.03807953940519937,-0.4631822363622802,0.3276956450020676,-2.3372103636924204
42.983720435,0.5964792062453288,0.222172340402117,-0.0618931477169055,3.7731272366381434,0.08747367241970302,-0.038077598367936005,-0.46318868120133105,0.3276995382445853,-2.337208422655157
43.000345454000005,0.5964711007392922,0.2221729457871458,-0.061900997333212,3.77315997814907,0.08729863304044695,-0.03803169214221569,-0.4633411039507003,0.3277916148230564,-2.3371625164294367
43.03286962,0.596463948705252,0.2221731924457423,-0.0619049141610755,3.77325468166847,0.0873667604302159,-0.03807882924390782,-0.46335329884523846,0.3276755916255025,-2.337209653531129
43.033633185,0.5964572738886319,0.2221740346011783,-0.0619088337627421,3.773261275433885,0.08738220790966222,-0.03808684692019426,-0.46334615963023396,0.32766038853460877,-2.3372176712074153
43.066590145,0.5964491679235784,0.2221742823585972,-0.061904914479243,3.773472200081765,0.08793659434594973,-0.03836359151780577,-0.4630728271516271,0.32713396391136085,-2.337494415805027
43.082926304000004,0.5964420151683348,0.2221742905989768,-0.0619127677588387,3.773313782492625,0.08781035722346354,-0.03825336600462137,-0.46306158877860915,0.32733621534550794,-2.3373841902918424
43.099868899,0.5964353404493911,0.222175013545095,-0.0619206108216332,3.7731658071135064,0.08761153802533211,-0.03811741815217573,-0.46311146787374735,0.32757898655928575,-2.3372482424393968
43.116215588,0.5964279498018739,0.2221754988970031,-0.0619206302523921,3.7730589612062544,0.08727028178630385,-0.03793864593193419,-0.46329502237191056,0.3278858735332295,-2.3370694702191552
43.132812223,0.5964200833411591,0.2221763424256157,-0.0619245247076474,3.773075178375825,0.08722005451528131,-0.03793941021043068,-0.46334330077871355,0.3279072035772943,-2.3370702344976517
43.133732086,0.59641293065642,0.222176350665963,-0.061932376382217,3.773083098413665,0.08723395123237355,-0.037949715506972126,-0.46333820167646467,0.32789204294071217,-2.337080539794193
43.166284305000005,0.5964062554747885,0.2221768351937463,-0.0619402320667748,3.7732237954006083,0.08757133896849048,-0.03820668600616983,-0.46318006639392584,0.32756246842860026,-2.337337510293391
43.166804948,0.5963991034532381,0.2221774394801565,-0.0619402454724377,3.7732209494332136,0.08757109804891233,-0.038206863136274194,-0.46317835183385636,0.3275647526913752,-2.3373376874234952
43.183502375,0.5963917130010734,0.2221776864134291,-0.0619441466218902,3.7731296770396154,0.08756337157017528,-0.03821254383687034,-0.463123364555436,0.3276380107797934,-2.3373433681240914
43.217693047000004,0.5963838457251497,0.2221782915238677,-0.0619480797916021,3.773060726356182,0.08850897070384521,-0.038797848088657716,-0.46237178353308384,0.32706005067287913,-2.3379286723758788
43.217742491,0.5963764553163173,0.2221786576663936,-0.0619520006879453,3.773060657442987,0.08851058920926747,-0.038798844311898506,-0.4623705297977905,0.32705902477978377,-2.3379296685991195
43.233642929000005,0.5963693033652709,0.2221792619527717,-0.0619598443000367,3.773077950028632,0.08846301027635849,-0.038756398596843766,-0.46241754761876663,0.32707778945099664,-2.337887222884065
43.25021623,0.5963621506570304,0.2221792701931298,-0.0619598514494812,3.7731106180395577,0.08820257618270504,-0.03857749488250306,-0.46263365015707647,0.3272267619619207,-2.337708319169724
43.266532231,0.5963554757302443,0.2221798739300698,-0.0619637633596979,3.7730884481397986,0.0884481797097081,-0.03871479473363948,-0.4624356032667407,0.3270798265129633,-2.3378456190208605
43.284481745,0.5963480860661167,0.2221804784908019,-0.0619755081105986,3.7730446679327323,0.08889753489056633,-0.038977702881414444,-0.4620711153512942,0.3268133957628834,-2.3381085271686355
43.300685371,0.5963406947245681,0.2221806062152075,-0.061975524388716,3.7728034839691857,0.08844132006456833,-0.03871320199607098,-0.46225104248753235,0.3272970566951261,-2.337844026283292
43.317187476,0.5963328271467964,0.2221810921165108,-0.0619755518442532,3.772554553233259,0.08787694169543313,-0.038387874965748026,-0.46250653388420204,0.3278584955618462,-2.337518699252969
43.333801645,0.5963256761321368,0.2221818156117343,-0.0619833542192471,3.7727012502735473,0.08788591621674699,-0.038424337273443854,-0.4625974819440759,0.32774304421249445,-2.337555161560665
43.366230448,0.5963192392077905,0.2221821806556418,-0.0619872752122762,3.7728411097840753,0.08771125640696141,-0.038316851807771,-0.4628209221260291,0.32775492768539616,-2.337447676094992
43.382814049000004,0.5963120868175581,0.2221825465236741,-0.0619911938538982,3.772819990028962,0.0875003908280239,-0.03814889024431167,-0.462964229850114,0.32791104697521734,-2.3372797145315327
43.383378635,0.5963046963110494,0.2221830318755178,-0.061991206811101,3.772814457322338,0.08750591243640377,-0.03815251883590243,-0.4629564264395509,0.3279115006108273,-2.3372833431231235
43.400554424,0.5962975442263356,0.2221833977434106,-0.0619990372728047,3.7725761295145603,0.08785861155030317,-0.038398851488553376,-0.4625345751477772,0.3278545945783313,-2.3375296757757744
43.416866046,0.596290392306132,0.2221837636112283,-0.0620068803793102,3.7723689328175793,0.08814710702835303,-0.038602150981301264,-0.4621813597320483,0.3278171916080379,-2.3377329752685223
43.433551310000006,0.5962834785653678,0.222184248413752,-0.0620147053463257,3.7723949299040997,0.08786466575512754,-0.03842921401545496,-0.4624094455257275,0.3279857911099664,-2.337560038302676
43.466244428,0.5962763270336766,0.2221849719092117,-0.062018633594547,3.7725148045863186,0.08740857739636874,-0.03817664707984747,-0.46282960888884306,0.3281999155567905,-2.3373074713670685
43.482852866,0.5962686975361902,0.2221849806989005,-0.0620225376324952,3.7726061867228555,0.08727969666447377,-0.0381196667480328,-0.4629866169964245,0.32821750510156944,-2.337250491035254
43.484163945000006,0.5962617846539672,0.2221858231288516,-0.0620303661966957,3.7726131465530495,0.08733099894454745,-0.0381491618250287,-0.4629529635787333,0.32817816287673685,-2.3372799861122497
43.500644709,0.596254631969228,0.2221858313691989,-0.0620303603340671,3.7727006342779768,0.08797588820793506,-0.03851992621309286,-0.4625299272592165,0.3276836160777221,-2.337650750500314
43.533236984000006,0.5962479576152954,0.22218691194297,-0.0620342840245524,3.7724699356082003,0.08750311936986732,-0.03812432709263902,-0.4627291876916284,0.3281704708102242,-2.33725515137986
43.533648929,0.5962412812571144,0.2221866812156516,-0.0620342928866333,3.7724626771791665,0.08747834045970158,-0.03810718481733133,-0.4627428483859988,0.328192381186998,-2.3372380091045524
43.566304776,0.5962334145180532,0.2221874055351181,-0.0620460434539771,3.7721726856548954,0.08705623289660121,-0.037833689569026774,-0.462864834155718,0.3286897636866515,-2.336964513856248
43.566829766000005,0.5962260237802008,0.2221877716777943,-0.0620421271351631,3.7721718555284505,0.08707015274386472,-0.03784386591514988,-0.46285389344075645,0.3286811177619535,-2.336974690202371
43.600147655,0.5962188719775043,0.2221881375455583,-0.0620538634278565,3.77211288109543,0.08750906700917233,-0.03809247163244933,-0.46248708371749014,0.32843297598200083,-2.3372232959196704
43.6001713,0.5962119582095681,0.2221887415573676,-0.0620538686584329,3.772112836733316,0.08750920121984876,-0.03809248963730205,-0.46248695402955553,0.32843291975440536,-2.337223313924523
43.617727935000005,0.5962048064303729,0.2221891074251208,-0.0620616879591906,3.7720880784429487,0.08750940361814258,-0.03807123141893243,-0.4624703231810261,0.32845126174950323,-2.3372020557061535
43.649749242000006,0.5961978923605886,0.2221895922277948,-0.0620617130875281,3.7720949663890826,0.08725703292618836,-0.03793032791605455,-0.4626632482081363,0.328614106288478,-2.3370611522032756
43.666287305000004,0.5961914557850931,0.2221900764808161,-0.0620656252321838,3.772164820439398,0.08723762144367345,-0.037862078076980055,-0.4627242314730733,0.32857489614442636,-2.336992902364201
43.682977619000006,0.5961847808656482,0.2221904417992064,-0.0620773555095924,3.772289576939988,0.08740800921603005,-0.037956265039508,-0.46268011517039076,0.32836837755144765,-2.337087089326729
43.699593431000004,0.5961766745877349,0.2221909279753146,-0.0620695481572905,3.7725015053763147,0.08788480075109867,-0.038313682095351353,-0.46246535867757066,0.32789285312638805,-2.3374445063825724
43.70085215,0.5961702380159101,0.222191293019061,-0.0620773537839917,3.7725175598640184,0.08792091975414405,-0.038340757969773875,-0.4624490899524618,0.32785683011235855,-2.337471582256995
43.733369603,0.596163562767445,0.2221916583376016,-0.0620851939776863,3.772576198275553,0.08741325572035391,-0.03809122697606071,-0.4628669828656111,0.3281509844046111,-2.3372220512632818
43.734228801,0.5961552187096167,0.2221920255788212,-0.0620890832492054,3.772575130949613,0.08738925515128607,-0.03807766038237759,-0.46288418366566475,0.32816775637461415,-2.3372084846695986
43.766304361,0.5961490203877355,0.2221925095572415,-0.0620969104040497,3.7723892802070518,0.08693960071814037,-0.03779562863570618,-0.46309604620564837,0.32860575622839194,-2.336926452922927
43.767300409,0.5961416296968859,0.2221928756998963,-0.0620969105400816,3.772382822996159,0.0869277344655559,-0.03778792508851403,-0.4631006037026597,0.328618473647309,-2.336918749375735
43.799557005000004,0.5961344777061779,0.2221932415677461,-0.0621047488948871,3.772534542386992,0.08741700198722004,-0.03804002213032831,-0.4628364597764385,0.3281795779107717,-2.3371708464175494
43.816353862,0.5961275636833965,0.2221937263703987,-0.0621047583606613,3.7725254570034132,0.08763686526920068,-0.03821077829771902,-0.46266633183555905,0.32804001111425407,-2.33734160258494
43.833879989,0.5961206502679817,0.222194330382047,-0.0621086727434092,3.77249927314764,0.08785407427412428,-0.03839136866668724,-0.4624868035239218,0.3279149713947893,-2.3375221929539083
43.833904796000006,0.5961134978145862,0.2221944578315618,-0.0621125865992552,3.7724992360862335,0.08785438171819254,-0.03839162427965093,-0.4624865494142245,0.3279147944098617,-2.337522448566872
43.850165962000005,0.5961061074255847,0.2221949431833519,-0.0621204208888302,3.7723688182674553,0.08772689347699326,-0.03828171519998236,-0.4624948821516659,0.32809698284139843,-2.3374125394872034
43.882816708,0.5960996701993903,0.222195189018124,-0.0621204295663872,3.772354633055057,0.0874239759723034,-0.03807759486757156,-0.4627115025820854,0.32830919929698865,-2.3372084191547926
43.883468741,0.5960934734139214,0.2221961498329352,-0.0621242736664201,3.772362527640553,0.08742096078909874,-0.03807761521375852,-0.4627190076193539,0.3283053146830426,-2.3372084395009796
43.90106921,0.5960867975345883,0.2221963959424908,-0.0621321296367134,3.772540574741318,0.08733867653853533,-0.038067859552574745,-0.46289892811048183,0.3282272116430649,-2.337198683839796
43.91691265,0.5960796454263732,0.2221967618103943,-0.0621321165589986,3.772513851738164,0.08725983342369298,-0.03800410504322116,-0.4629399798998497,0.32829963474880675,-2.337134929330442
43.949557294,0.5960724932748257,0.2221970084690445,-0.0621399434962548,3.772562473779537,0.08727464099345215,-0.03799508140430419,-0.462961293420566,0.32825349256784264,-2.3371259056915252
43.950909151000005,0.5960648643898544,0.2221977325140925,-0.0621438525889152,3.772567648903119,0.0872806593849391,-0.0379984382216918,-0.4629602466962419,0.3282456244480949,-2.337129262508913
43.967342666,0.5960586664241654,0.2221980972830769,-0.0621516589528731,3.7725696331033056,0.08731591142184914,-0.038022821242760685,-0.46293525940211966,0.3282206789417028,-2.3371536455299817
43.999552672,0.5960517522640458,0.222198462876519,-0.0621516709787222,3.7721869751149333,0.08713212609014599,-0.03795387385334337,-0.4628177077358151,0.32862858308480947,-2.3370846981405644
44.000699929,0.5960453154102038,0.2221988279203943,-0.0621595060236817,3.772195857630428,0.08713512299372994,-0.03795295860876635,-0.4628213836421531,0.3286199593834458,-2.3370837828959874
44.032839100000004,0.5960381632983179,0.2221993129975726,-0.0621595014437276,3.772418460926182,0.08720039474164318,-0.03792467365172314,-0.4629208432804748,0.3284103874179993,-2.337055497938944
44.033603297000006,0.5960319650814544,0.2221994393481254,-0.0621672964360917,3.7724188545192554,0.08719845708009023,-0.03792350699621849,-0.46292255131279036,0.32841138344681964,-2.3370543312834395
44.066151498,0.5960248129585568,0.2222002820531283,-0.0621634117016826,3.772410229402317,0.08714878522655188,-0.03787296637296578,-0.46295387950832323,0.3284508831916386,-2.337003790660187
44.067023661,0.5960178993426409,0.2222005284370487,-0.0621712189333645,3.7724062507548126,0.08715230392163033,-0.03787148644804361,-0.46294860526466763,0.3284515102521439,-2.3370023107352647
44.083882997,0.5960107470699157,0.2222008943050274,-0.0621712104962008,3.772329341558819,0.08722032201298399,-0.037842878777738065,-0.46284665156341775,0.32846363163742653,-2.336973703064959
44.116254080000004,0.5960043104709188,0.2222013785580594,-0.0621829458332362,3.7724337540068253,0.08714410559368918,-0.037830380244255224,-0.46297303047017824,0.3284364420476029,-2.3369612045314763
44.117505876,0.5959976351989523,0.2222017438766107,-0.0621829254850219,3.7724423398338125,0.08713742684587301,-0.03783066246347566,-0.46298372967668033,0.32843448014096,-2.3369614867506967
44.149608969000006,0.595990244672613,0.2222021100191903,-0.0621868466168712,3.7725163186280173,0.08739610526022293,-0.03799403563153092,-0.46283992443298416,0.3282070874499423,-2.337124859918752
44.166294173000004,0.5959838079759396,0.2222027134815401,-0.062190741467588,3.7724692771170867,0.08754677191140056,-0.03809305935225282,-0.4626961721866443,0.32814190589426984,-2.337223883639474
44.166996752,0.595978086584313,0.2222031969105652,-0.0621985696479465,3.7724639073473245,0.08754811959294155,-0.03809593764863095,-0.46269159216634614,0.3281450162136914,-2.337226761935852
44.199612843000004,0.5959711728002164,0.2222035625038356,-0.0621946540298298,3.772268296319071,0.08751764210482035,-0.038147030641003,-0.46258413292600764,0.3283112842602982,-2.337277854928224
44.200343185,0.5959637819720289,0.2222038094372799,-0.0622064007492176,3.7722692552867163,0.08750770418257567,-0.038139965167612644,-0.46259218775413524,0.3283171835535881,-2.3372707894548337
44.216814531000004,0.5959571069982399,0.2222044131742414,-0.0622063836218339,3.7722908828090076,0.08728357499951613,-0.037980618098920615,-0.46277384766286334,0.32845022985372596,-2.3371114423861417
44.249618600000005,0.5959499550508641,0.2222048982513446,-0.0622142049914316,3.771849863804532,0.08712152257229873,-0.0378689257807423,-0.4626012303724707,0.32888722187028163,-2.3369997500679633
44.250269561,0.5959432801042472,0.2222053827790205,-0.0622141727168076,3.7718378057469857,0.0871202488201412,-0.03786811410248525,-0.4625941547772223,0.3288970684508161,-2.3369989383897063
44.28295871,0.5959366046912721,0.2222057480976362,-0.0622220048360222,3.7717077379373123,0.08766345560151763,-0.038165988128955775,-0.46210219149842224,0.32863256254396545,-2.337296812416177
44.283599412,0.5959299293128103,0.2222057557884167,-0.062225873198707,3.771706830255292,0.08767619879988015,-0.038172995643993346,-0.46209207727462465,0.3286247577077641,-2.3373038199312144
44.300466282,0.5959230156388798,0.2222063598001831,-0.0622298038453775,3.77182745240304,0.08765684716894406,-0.038154871026975457,-0.4621868085211913,0.32854762030392415,-2.3372856953141965
44.333070340000006,0.5959163402890678,0.2222069635373163,-0.0622298112958551,3.771934035748144,0.08739819640525653,-0.038031885111836417,-0.4624507802768387,0.32864024394685654,-2.3371627093990575
44.333843313,0.5959106183914213,0.2222070893387531,-0.062237627320979,3.7719319850056423,0.08738915297370457,-0.0380283277400153,-0.46245616421463254,0.32864779394108634,-2.3371591520272363
44.349918194000004,0.5959039431194548,0.2222074546573044,-0.0622415296687104,3.7719361644693463,0.08728290831399928,-0.03798741580855847,-0.4625382348751321,0.3287153942540879,-2.3371182400957795
44.367382964,0.5958970299625559,0.2222080586688347,-0.0622532220869388,3.7720944986451945,0.08743621096673415,-0.038051570492328324,-0.46252921915266354,0.32849518950544354,-2.3371823947795494
44.383580038000005,0.5958898773718224,0.222208066909139,-0.0622532061537452,3.772212994687214,0.08763149361162519,-0.038155141226733136,-0.46246235706975325,0.32827677227801244,-2.337285965513954
44.400177595,0.5958832026058757,0.2222087898552787,-0.0622532088366033,3.7722913148192774,0.08791236752591211,-0.03832829598509768,-0.46230487739305426,0.32803136577801695,-2.3374591202723187
44.432971324,0.5958760503493107,0.2222093941417963,-0.0622571462463174,3.772316799061029,0.087686110790138,-0.038234028435326195,-0.4624906921994185,0.32816295002782114,-2.3373648527225472
44.434185648,0.5958693751243472,0.2222097594603262,-0.0622649428700497,3.7723165155469887,0.08767031610483302,-0.038226394837611366,-0.4625022908062242,0.32817367498862593,-2.3373572191248324
44.466363203,0.5958631769001423,0.2222101242294287,-0.0622727385517048,3.772311295819575,0.08771216270267618,-0.0382792745282714,-0.4624675869633288,0.328149716136533,-2.3374100988154924
44.482952023,0.5958562624021837,0.2222100129859325,-0.0622688327428466,3.772092941288891,0.08758408605039446,-0.03820012105210857,-0.46241782571824164,0.32839792199548334,-2.3373309453393296
44.484094221,0.595849587636237,0.2222107359320722,-0.0622805427856918,3.772075751987776,0.0875735006279409,-0.03819345739047009,-0.46241428377648486,0.32841779604615073,-2.337324281677691
44.516306842000006,0.5958433895221982,0.2222113391196707,-0.062280524056455,3.7720483649272984,0.08748428836896166,-0.03804659475883909,-0.46246263187774783,0.3284976167160183,-2.33717741904606
44.677414494000004,0.5958369526646855,0.2222118233728208,-0.0622844467652996,3.772379701203352,0.08698427089004304,-0.03768664077882988,-0.46305633351979036,0.32858317118573943,-2.336817465066051
44.677448589,0.5958298002781237,0.2222120700315782,-0.0622883507790402,3.7723801642700243,0.0869841628798045,-0.037686606966310876,-0.4630567223560744,0.3285828975010703,-2.336817431253532
44.677461504,0.5958228868663795,0.2222125548339517,-0.0622961456146202,3.772380339677153,0.08698412196611537,-0.037686594158314435,-0.4630568696451376,0.3285827938308108,-2.3368174184455355
44.677474098000005,0.5958159731292859,0.2222129204272006,-0.0622922270130948,3.77238051072457,0.08698408206932859,-0.0376865816686589,-0.463057013273358,0.3285826927372568,-2.33681740595588
44.677486361,0.5958090594861979,0.2222132860204066,-0.0623000455588942,3.772380677276457,0.08698404322112344,-0.03768656950725813,-0.4630571531266905,0.3285825943006797,-2.336817393794479
44.677499396,0.5958030994451031,0.2222136505149403,-0.0623000275240202,3.7723808543133854,0.08698400192728387,-0.037686556580256436,-0.46305730178429316,0.3285824896671654,-2.3368173808674775
44.677511739,0.5957961862140293,0.2222143737357776,-0.06231173670701,3.7723810219518055,0.08698396282564508,-0.03768654433952001,-0.4630574425499847,0.32858239058841887,-2.336817368626741
44.677523963000006,0.5957892721082538,0.2222145009106485,-0.0623117294264786,3.772381187974008,0.08698392410098878,-0.03768653221679941,-0.46305758195854185,0.32858229246489934,-2.3368173565040204
44.677536196000005,0.5957830737592006,0.2222151040983544,-0.0623156488803348,3.772381354118446,0.08698388534782121,-0.03768652008515083,-0.46305772146973867,0.3285821942691358,-2.336817344372372
44.677549151,0.5957763983065639,0.2222152309984419,-0.0623156291479804,3.7723815300688415,0.08698384430741528,-0.03768650723748479,-0.46305786921498227,0.32858209027779095,-2.336817331524706
44.699589262,0.595770438751658,0.2222158339113,-0.0623273320897461,3.772592422870984,0.08690696358007802,-0.03766558015197319,-0.4632556201490221,0.3284758782807389,-2.3367964044391942
44.716357164,0.5957640016157988,0.222216198955304,-0.0623273299444155,3.7725605785593332,0.08683312610172905,-0.03765168178700051,-0.4632895274273676,0.3285487914473735,-2.3367825060742216
44.717774786,0.5957578029252357,0.2222164445153464,-0.0623312450701186,3.772557886320509,0.08682688360140123,-0.03765050676653914,-0.4632923940772171,0.3285549558028844,-2.33678133105376
44.733595693000005,0.5957508894429874,0.222216929317752,-0.0623312282914001,3.772466998365202,0.08686646595731255,-0.03768582581031055,-0.46320235686322775,0.3285964369240899,-2.3368166500975316
44.7662052,0.5957444525928158,0.2222171751523524,-0.0623429241725369,3.7721331684542823,0.08718591246918826,-0.03787455183687527,-0.46274175261997996,0.32863293643745717,-2.3370053761240963
44.782862311,0.5957373005947667,0.2222177794387519,-0.0623390244664495,3.772000896852569,0.08722880062321656,-0.0379390970672997,-0.4626217022435135,0.3287031010830135,-2.3370699213545207
44.783747428000005,0.5957306251347887,0.2222181447573891,-0.0623468410551004,3.7719938682722054,0.08723107959189422,-0.03794252683856669,-0.4626153230683334,0.3287068294558737,-2.3370733511257877
44.816284899,0.5957237114013657,0.2222183911413632,-0.0623468214440763,3.771814085830017,0.08694874225852972,-0.03773708337597981,-0.46270635875524313,0.3290289297508746,-2.336867907663201
44.816925530000006,0.5957175134679972,0.2222192327474255,-0.0623546255629793,3.7718112001498603,0.08694013645856795,-0.03773027940130724,-0.4627108603380008,0.32903681154607733,-2.3368611036885283
44.833628588,0.5957110764606568,0.2222192401635514,-0.0623545916355651,3.7718319063229826,0.08682035810120212,-0.03762925803241757,-0.4628140316153555,0.32910108664255855,-2.3367600823196386
44.849937645000004,0.5957048778839305,0.2222196049328149,-0.062366303491537,3.7719745994938907,0.08683692911094244,-0.037628117747132706,-0.4628966454510972,0.32898356688451047,-2.3367589420343537
44.867286364,0.5956982024709554,0.2222199702514306,-0.0623624026550834,3.771953902390308,0.086854404807932,-0.0376583825722534,-0.4628698270535061,0.3289873804960073,-2.3367892068594744
44.899638061000005,0.5956922429322098,0.2222208115828276,-0.0623702027797496,3.7717182967966374,0.08685131121117776,-0.037725190393963715,-0.46271531016462575,0.3291652683740667,-2.3368560146811848
44.916243753,0.5956848522957042,0.2222209393069112,-0.0623701870967785,3.771875601977531,0.0867980789962469,-0.037671320939828945,-0.4628597431904167,0.3290833068605177,-2.33680214522705
44.932887679000004,0.5956786538798173,0.2222214232853745,-0.0623779920467388,3.7718965332543504,0.08669946640405662,-0.03756994325723362,-0.46294726863023605,0.3291333254477853,-2.3367007675444547
44.949576981,0.5956724552362572,0.2222216688453953,-0.0623779808125122,3.7718458221925237,0.0865768534260647,-0.03744344265248856,-0.46300501805554184,0.32925278488877074,-2.3365742669397096
44.966249771,0.595666256961379,0.2222221528237942,-0.062385778287262,3.771799420961237,0.08682817777745042,-0.03761473958789274,-0.46278657276171264,0.3291201249571105,-2.336745563875114
44.96758685,0.5956595819677591,0.2222226373514916,-0.0623896575787284,3.7717958406033003,0.08686068917085904,-0.037638316257318394,-0.462759926842514,0.32910115643965643,-2.3367691405445394
44.999574512,0.5956533831163567,0.2222227637023342,-0.0623935640798657,3.771800760760448,0.0872929317321856,-0.037937154592727396,-0.4624406261094949,0.3288097720171801,-2.3370679788799484
45.000986844,0.595646708158728,0.2222236058578346,-0.0623935740088015,3.771805799613177,0.08729362173602633,-0.037936231571602974,-0.4624434651701934,0.3288055523161866,-2.337067055858824
45.032920344000004,0.5956409867509411,0.2222238508683209,-0.0623974476317921,3.7718628228574693,0.08707773098829097,-0.03945946890615204,-0.4626425372363365,0.32890669962375885,-2.338590293193373
45.034438968,0.5956345494035689,0.2222242159124215,-0.0624013760231969,3.77186306829121,0.08705743135032835,-0.03959882871910558,-0.4626578498996703,0.3289200284601952,-2.3387296530063266
45.050549958000005,0.595628112969082,0.2222247001653783,-0.0624052410834856,3.7718541976665225,0.08683569573997238,-0.04113210703195591,-0.46281742311427454,0.3290742418126107,-2.340262931319177
45.066713277000005,0.5956221526804832,0.2222247070322056,-0.0624130205253799,3.7714011037749002,0.0863663372690966,-0.04479248424496163,-0.462866106041675,0.32972479651545106,-2.3439233085321827
45.099591337,0.5956152389830512,0.2222253110439828,-0.0624169196844217,3.7712916844204973,0.0854154510013659,-0.053860516030082906,-0.4635029047438888,0.33043939059752514,-2.352991340317304
45.116192882,0.5956090407280037,0.2222259142316457,-0.0624169389515847,3.771538526927595,0.08498323260976463,-0.059329343683234725,-0.46398976762264255,0.33054287247342806,-2.3584601679704558
45.132962046,0.5956023657380546,0.2222262795500682,-0.0624247018678043,3.7718576208384813,0.08471015497128245,-0.06599842224954955,-0.4644059588270184,0.330486505798842,-2.3651292465367706
45.149658983,0.5955961666516377,0.2222264059010182,-0.0624247221472813,3.7722513556089354,0.08414807446012475,-0.07262344332290738,-0.4650875112809505,0.33056680413647843,-2.3717542676101284
45.150499906,0.5955897298212971,0.2222267709448827,-0.0624324946144768,3.772277223034824,0.08409671882319512,-0.07295588748161386,-0.4651430552463762,0.3305816834197719,-2.372086711768835
45.166906649000005,0.595583770176056,0.2222272546485088,-0.0624324862269389,3.7727819068270656,0.08309474987157005,-0.0794420055611198,-0.4662267401568143,0.330871984169101,-2.378572829848341
45.183684279000005,0.5955782868735336,0.2222277378030082,-0.0624363838667043,3.7731337900349335,0.08222557047049764,-0.08647877752881428,-0.4671096180553773,0.3311879291634545,-2.3856096018160353
45.200641562,0.5955720885788245,0.2222281025721429,-0.0624441681713056,3.7733180396257384,0.08150933191886219,-0.0940126247822235,-0.4677667770730367,0.33152717479727967,-2.3931434490694445
45.217049728000006,0.59556517465739,0.2222283489562028,-0.062440260911248,3.7735843460936085,0.08057560270917369,-0.10125476854814863,-0.46864086522180015,0.3319499504825387,-2.4003855928353697
45.234170653,0.5955589763355089,0.2222288329346231,-0.0624480640653616,3.773903033636369,0.07948971729292405,-0.10878937087713147,-0.4696633714095704,0.332434914381305,-2.4079201951643525
45.250110286,0.5955525395051682,0.2222291979784876,-0.0624519416835989,3.774194170185034,0.0779653218155941,-0.11579368826201808,-0.4709947919552495,0.33323232355595467,-2.414924512549239
45.282839822,0.5955463408344361,0.2222295627477941,-0.0624597397842896,3.7746486805379784,0.0764767870983641,-0.1275968826684295,-0.47240819630460296,0.3338839395552675,-2.4267277069556505
45.299536709,0.5955403808403441,0.2222299272423064,-0.062459725953468,3.774834762214409,0.07600698244576604,-0.1329524384304115,-0.47288266512295696,0.33405778472292,-2.4320832627176325
45.300396127000006,0.5955341824479587,0.2222304112207589,-0.062463629139369,3.774848820758765,0.07588107469160026,-0.1333343552133428,-0.47298598582600615,0.3341311007344716,-2.432465179500564
45.316910445000005,0.5955277460369732,0.222230895473705,-0.0624674855492205,3.775118965521978,0.07346166912766226,-0.14067315333350017,-0.474971365403972,0.3355399191781694,-2.439803977620721
45.349577393000004,0.5955220240416504,0.2222311404844595,-0.0624752933740929,3.775311326780288,0.07096290530750089,-0.1561201943134165,-0.4769641939327993,0.3370596092575404,-2.4552510186006375
45.350605072,0.5955153486161858,0.2222311481752615,-0.0624752630171812,3.7753142054930557,0.07090551297080139,-0.15661477647774547,-0.477008941068505,0.33709566284467307,-2.4557456007649665
45.382916131,0.5955089121471857,0.2222319900560536,-0.0624752797871274,3.7761707959977597,0.07148758164199576,-0.1668588996454048,-0.47714472280788556,0.33606896203626446,-2.465989723932626
45.399540439000006,0.5955031904808828,0.2222322350666579,-0.0624791440794064,3.7765297708194074,0.06974115808061679,-0.1737608260900032,-0.4786869943976715,0.3369635326157363,-2.4728916503772242
45.400382404000005,0.5954972302481061,0.2222327187705524,-0.0624830740715911,3.776547027008426,0.06963829682958851,-0.1741236454026378,-0.47877524430382934,0.3370191218870544,-2.473254469689859
45.417735761,0.5954912703950227,0.2222330832650003,-0.0624830427894018,3.7768944562826388,0.06756890590054536,-0.18172317710433283,-0.4805508562507139,0.3381372847248687,-2.480854001391554
45.450784446,0.5954850719123022,0.2222334480342209,-0.0624947289385258,3.777273305145944,0.065309766614523,-0.19986176035396497,-0.4824889881146208,0.3393583013721688,-2.498992584641186
45.450811808000005,0.5954783963891611,0.2222335749343406,-0.0624947106299769,3.7772735794894303,0.0653079095281807,-0.1998753360678407,-0.482490556639124,0.33935933276196684,-2.4990061603550617
45.482951741,0.5954729132981516,0.2222340580887433,-0.0624986109333175,3.7778365626245796,0.06313396130720399,-0.21625258763110722,-0.4844876766280013,0.34038622741478,-2.5153834119183283
45.499574807,0.5954669533238905,0.2222345417925197,-0.0624985980513516,3.7786057826242643,0.06202431225382064,-0.22557882694380993,-0.48582780408633663,0.3405507838640762,-2.524709651231031
45.500311591000006,0.5954600395162924,0.2222349073858008,-0.0625064002652087,3.77863987675517,0.061975129289128524,-0.22599219376228774,-0.48588720254323237,0.34055807749805034,-2.525123018049509
45.517076728000006,0.5954543184030124,0.222235510023972,-0.0625063677987451,3.779087216674228,0.06102914986782246,-0.23515681830618362,-0.48689093369483327,0.340853904886949,-2.5342876425934047
45.533523808000005,0.595448358385419,0.222235874518495,-0.0625180393786266,3.779389289182415,0.06017322454203548,-0.2440470818719369,-0.4877307649110074,0.34119820053296435,-2.543177906159158
45.566302318000005,0.5954419211357231,0.2222361203532779,-0.0625141579805193,3.779080246943255,0.05913205796483605,-0.25460764326992624,-0.48830206386158403,0.34212186305582293,-2.5537384675571473
45.582885498,0.5954361994459189,0.222236365363893,-0.0625219321098881,3.779613853804207,0.05767391098948344,-0.26317733091428863,-0.4897454391445617,0.34269422367315405,-2.5623081552015097
45.599571624,0.5954297627330853,0.2222367304077037,-0.0625219132995154,3.7800497521787744,0.05620169325152165,-0.2718856558674929,-0.491134277745799,0.3433488684628183,-2.571016480154714
45.600925144,0.5954240408045963,0.222237094627701,-0.062529716905308,3.7800552956261444,0.05608079087882521,-0.272617260571014,-0.4912281951287891,0.3434252074352022,-2.571748084858235
45.632862531,0.5954176047387912,0.2222378172990358,-0.0625296747325361,3.780424414047747,0.05358755350120424,-0.2900904637107047,-0.4933345538118097,0.34480930791161146,-2.5892212879979257
45.632941261000006,0.5954121212049249,0.2222381812443676,-0.0625335950827709,3.78042749903415,0.053584688870972924,-0.2901354578501838,-0.493338745091795,0.34480891241249667,-2.589266282137405
45.651136353000005,0.5954054457486176,0.22223842735373,-0.0625335845205723,3.7811404624714235,0.05292265139350458,-0.3005339400962388,-0.49430738125250295,0.3447175096082109,-2.59966476438346
45.682881904000006,0.5953997244979995,0.2222389107826907,-0.0625452360566367,3.780446116110512,0.049837376982930885,-0.3172751478263294,-0.4961476961920921,0.34728933308204724,-2.6164059721135504
45.710564871,0.5953932873621403,0.2222392758266948,-0.0625452423608882,3.7812535492974306,0.05003130936823611,-0.32690729412490427,-0.49654041737902155,0.3465576718279517,-2.6260381184121253
45.710586012,0.5953870892987748,0.222239759804997,-0.0625530023681739,3.7812543995316856,0.0500318856471259,-0.32691402634388567,-0.496540553250687,0.34655665372454925,-2.6260448506311067
45.716843078000004,0.5953811291166715,0.2222401242995952,-0.0625530003479949,3.781506041925628,0.0502024459351079,-0.32890654980544376,-0.4965807669576554,0.3462553273831226,-2.628037374092665
45.73379442,0.5953746917531391,0.2222402509251568,-0.0625530210921405,3.780991692027552,0.04841665488785334,-0.33730127126667675,-0.4975711088184993,0.3478278503498129,-2.636432095553898
45.750627836,0.5953680168535249,0.2222407354528113,-0.0625607654973712,3.7804623869307936,0.0464881979118342,-0.3459653707452688,-0.4986579653919079,0.3495064965253505,-2.64509619503249
45.767184766,0.5953613413502147,0.2222409815621951,-0.0625646699027341,3.780821019514493,0.04480951296814934,-0.35563986870677233,-0.5001494569292939,0.3503562338166071,-2.6547706929939934
45.783862175,0.5953556197470751,0.2222414649913169,-0.0625646591654127,3.7810502788921996,0.043775859929287224,-0.36577924082220115,-0.5010734570706372,0.35087316921471157,-2.664910065109422
45.800305829,0.5953496598939918,0.2222418294857648,-0.0625724340484227,3.7810567905624444,0.0438499301783191,-0.3764326508167368,-0.5010225139734175,0.3508190064554877,-2.675563475103958
45.832837619,0.5953432234866769,0.222242194529436,-0.0625723771388684,3.7806883891842022,0.041949310694071304,-0.3939816784199728,-0.5021956978303042,0.3523590433502841,-2.693112502707194
45.833738887,0.5953379781829237,0.2222425582001777,-0.0625763065523382,3.7806756714370517,0.041883171111277685,-0.3944446256345948,-0.5022365914616675,0.35241255873516186,-2.693575449921816
45.850503402,0.5953320183063389,0.2222429226946363,-0.0625801771612423,3.780514734305298,0.04078697272195679,-0.40270478285182065,-0.5029475426256718,0.35326232347409103,-2.7018356071390417
45.867054100000004,0.5953255812138118,0.2222434069478937,-0.0625840863062776,3.780389473066447,0.039764361050442294,-0.41070347293222653,-0.5036273240562354,0.35403648251158737,-2.7098342972194476
45.899594756000006,0.595319144641987,0.2222437719916401,-0.0625879402313703,3.780824260608416,0.038354552307483775,-0.42759545220950734,-0.5049688484196042,0.35465041514703,-2.7267262764967284
45.900415912,0.5953134232305294,0.2222441362114011,-0.0625956990954131,3.7808400099543684,0.03832319041125765,-0.42802989392591684,-0.5050027365019405,0.35465953700585384,-2.727160718213138
45.916876127,0.5953069860476673,0.2222445012554267,-0.0625918228585485,3.7807816004535026,0.03754634658927981,-0.4361551432881434,-0.5055436036718182,0.3552202157891915,-2.7352859675753645
45.93360272,0.5953010263319218,0.222244984959085,-0.0626034648925122,3.780465623178353,0.03665527936826616,-0.4440118264574835,-0.505998269716748,0.3560491435413895,-2.7431426507447045
45.950258338000005,0.595294589458249,0.2222452307936961,-0.0626034403832294,3.780093674870129,0.03553804417883274,-0.45205047945606047,-0.5065844654415961,0.35707038522907597,-2.7511813037432815
45.966927160000004,0.5952891060653913,0.2222455947389636,-0.0626112251795673,3.779658372535568,0.034166914496475013,-0.4603324044051327,-0.507317968384883,0.3583079062028398,-2.7594632286923537
46.000534570000006,0.595283384469593,0.2222458397495356,-0.0626073242031484,3.778639213686969,0.032073610241216466,-0.47720290297377055,-0.5082017876646585,0.3604618493182583,-2.7763337272609916
46.016292808,0.5952764710071753,0.2222464437612054,-0.062615097868706,3.7785184732979253,0.03129041726721622,-0.48527669101737203,-0.5087059039445654,0.361073270819682,-2.784407515304593
46.032920913000005,0.5952702724737813,0.2222469277397223,-0.0626151038612001,3.7788525519187637,0.030581765647255895,-0.49396338689001595,-0.5094571312969842,0.36129565136818,-2.793094211177237
46.049566582000004,0.5952643126677007,0.2222472922341487,-0.062622857577061,3.77870531322713,0.02971048707791824,-0.502759408720042,-0.510009346448856,0.3619854803352034,-2.801890233007263
46.066344513000004,0.595258351948735,0.2222475375197189,-0.0626189988407893,3.777991591278262,0.028642296590936075,-0.5117428630475924,-0.5103314469196678,0.3632291367280538,-2.8108736873348135
46.066959776000004,0.5952523925186775,0.2222479020139736,-0.0626306109790455,3.777965418402272,0.028603125009911433,-0.5120722950293981,-0.5103432586562864,0.36327474281400374,-2.811203119316619
46.083619912,0.5952461937539396,0.2222482667833231,-0.0626306131628429,3.7778747203167966,0.028018196490034123,-0.5210644361080821,-0.5107194103251596,0.363731773926816,-2.820195260395303
46.102921443,0.5952414259606353,0.2222488683229508,-0.0626345153753328,3.7781569341677304,0.027638677215659515,-0.5315272124120565,-0.5111904888371761,0.363773780745273,-2.8306580366992775
46.116837539,0.5952347503273284,0.2222487568045746,-0.0626383671981952,3.7786106935347514,0.027096523949215287,-0.5393653711534299,-0.5118971239357939,0.3637960195599139,-2.838496195440651
46.149665884,0.5952280752595337,0.2222493605415789,-0.0626422574333934,3.7779262112319265,0.02545190059260342,-0.5537223722149385,-0.5126688697741568,0.3654015445111254,-2.8528531965021595
46.166295362,0.5952218765653001,0.2222497253108962,-0.0626461416472208,3.776253436641857,0.024424677930231925,-0.558119025111008,-0.5123220246834412,0.36733365726930467,-2.857249849398229
46.182874474,0.5952156782940925,0.2222500900800202,-0.0626538939631726,3.7745917224111216,0.02235811749804627,-0.5659860987157543,-0.5127581828645913,0.36994932778477896,-2.8651169230029754
46.183860103,0.595209956671122,0.2222504542998778,-0.0626538905443944,3.774492933420763,0.0222352603816813,-0.5664537966171821,-0.5127841124892858,0.37010482952181345,-2.865584620904403
46.216223551000006,0.5952042351583176,0.2222510569382315,-0.0626538990908154,3.774443697276525,0.02019183809901916,-0.5835706626539796,-0.5142763129910524,0.3715017319828706,-2.8827014869412007
46.217189813000005,0.5951975600273596,0.2222514222567184,-0.0626577620503388,3.774507081813239,0.020171241759021515,-0.5841174418892905,-0.5143338742092731,0.3714681386074421,-2.8832482661765115
46.249502415,0.5951923150996292,0.2222517859272883,-0.0626616605306966,3.7733359449548227,0.018934993974156943,-0.6017629393170303,-0.5144769251615551,0.37316502002692165,-2.9008937636042513
46.250927622000006,0.5951865930609742,0.2222519117287895,-0.0626616627121905,3.773204491265433,0.018867190803041792,-0.6025257251880447,-0.514440026379595,0.3733082534809653,-2.9016565494752657
46.26686988,0.5951808716223446,0.2222523951578361,-0.0626694174921103,3.7729471482784542,0.018388966681921262,-0.6112407177994807,-0.5146256228092225,0.37381862362926777,-2.910371542086702
46.283515188,0.5951744349256713,0.2222529986201859,-0.0626732973896551,3.774347734372189,0.018275247488835054,-0.6205912076562843,-0.515642758417556,0.37284908321489674,-2.9197220319435053
46.316186373,0.5951684745900696,0.2222530054870347,-0.0626694083042899,3.771843861593625,0.016225560058425046,-0.6310623398389783,-0.5155057605562003,0.3760820120788835,-2.9301931641261993
46.333692342000006,0.5951632301720297,0.2222536075759181,-0.0626810424516551,3.771276417509673,0.014958123844622629,-0.6413430593766201,-0.5160739215204515,0.3773491270946461,-2.940473883663841
46.349524821,0.5951570313749713,0.2222534955081896,-0.06268100725551,3.771903284429174,0.01394601537000274,-0.6544504903071946,-0.5172465018593906,0.3775549936725451,-2.9535813145944156
46.366614897000005,0.5951505948156361,0.2222542181797498,-0.0626849020715581,3.772090816081836,0.013242039230216543,-0.6654043201892961,-0.5178966942658034,0.3778836277559585,-2.964535144476517
46.383042620000005,0.595144635280561,0.2222549403018719,-0.0626887757033083,3.7721049584579815,0.012697300614487789,-0.6748485956243204,-0.5183126375576226,0.3782356665950948,-2.9739794199115415
46.383973184000006,0.5951386747532773,0.2222550663780814,-0.0626926666817731,3.7721057595663345,0.012666443377291406,-0.6753835755923863,-0.5183361990611495,0.37825560817009585,-2.9745143998796073
46.416231071000006,0.5951322378091002,0.2222553122127248,-0.0626926499334682,3.7697626198336853,0.011578980136419847,-0.6850474767691743,-0.5175880969978697,0.3807281015290118,-2.9841783010563954
46.432868935,0.5951272318091845,0.2222559140269321,-0.0627003977391144,3.7688318854878826,0.009972729702925825,-0.6937027068365431,-0.518167293574598,0.38249185837253163,-2.992833531123764
46.433547308,0.5951215100290452,0.2222560398283152,-0.0627081437893079,3.768793936803462,0.009907238307797214,-0.6940556051645075,-0.5181909090651042,0.3825637717516295,-2.9931864294517285
46.466208575,0.5951160265458524,0.2222562845643508,-0.0627081564169102,3.767758357220941,0.0077127940258261835,-0.7109052521618011,-0.5191392774387067,0.3847972909940718,-3.010036076449022
46.466971279000006,0.5951103048017042,0.2222567679935369,-0.0627120431462901,3.767742712792368,0.007671891715276234,-0.7112972013622674,-0.5191593888165547,0.3848361918891099,-3.0104280256494884
46.48336135,0.5951038677635213,0.2222570138282232,-0.0627120441388389,3.767238112717552,0.00643392086269434,-0.7194642027782514,-0.5197473909602386,0.38603679446547323,-3.0185950270654724
46.516140742000005,0.595098384743016,0.2222574969825937,-0.0627159192933057,3.7661371736217015,0.003746365426204667,-0.7360542146343843,-0.5210202552217194,0.3886473188742503,-3.0351850389216053
46.517437965000006,0.5950926631200456,0.2222578612024514,-0.0627197829010152,3.766145451213707,0.00374801875476665,-0.7368513628461635,-0.5210245311628712,0.3886400409382791,-3.0359821871333845
46.549544834,0.595086464774663,0.2222583451808824,-0.0627236544070368,3.76512463771573,0.0033025429821499676,-0.7558868836658306,-0.5206775009628211,0.38969837873968904,-3.0550177079530516
46.566291486000004,0.5950807436885549,0.2222588286097681,-0.062727510327656,3.7634888002926856,0.002632322378286457,-0.7651906457739504,-0.5200888173317142,0.391365295448749,-3.0643214700611714
46.58290851,0.5950752599541875,0.2222588349273719,-0.0627313868161979,3.7638327481407616,0.0022823864645908827,-0.7704266374274393,-0.5205789101074085,0.3913415396683444,-3.0695574617146604
46.583844444,0.5950685844905391,0.222259319455284,-0.0627314068717342,3.7638648408607107,0.0022647142952883256,-0.7706957101169394,-0.5206134603661607,0.39132935246761,-3.0698265344041604
46.616224845000005,0.5950628634675942,0.2222600413026871,-0.0627391341705215,3.7628642808927064,0.0012100734734862748,-0.7842752072195296,-0.5207345216298425,0.39277805246520137,-3.0834060315067506
46.632997696000004,0.595057857086507,0.2222600470707027,-0.0627468576071756,3.761729780632981,0.00037896556371848567,-0.7929764635121117,-0.5205996094908425,0.394177920284585,-3.0921072877993327
46.634446097,0.5950516582710957,0.2222605310493484,-0.0627468922163393,3.7616959647564547,0.00026599639788864776,-0.7937459883620548,-0.5206614077950289,0.3942783519306592,-3.092876812649276
46.650284076000005,0.5950459364439536,0.222260656850753,-0.0627468834243558,3.7613261948223777,-0.0009692991287396688,-0.802160590681023,-0.5213371600514445,0.3953765521538446,-3.101291414968244
46.683880766,0.5950404537686287,0.2222613784235122,-0.062750738653013,3.76088263630144,-0.002171764462483235,-0.8213685881173038,-0.5219392959373184,0.3965079669386582,-3.120499412404525
46.699519866,0.5950335396591827,0.222261624807658,-0.0627546453450529,3.761611118195893,-0.001988146070521832,-0.8309386433457266,-0.5222871621319176,0.39584209105302515,-3.1300694676329477
46.700905157,0.5950282947116216,0.2222618692689638,-0.0627507595723848,3.7617211915939928,-0.0019481179020675674,-0.8318047240984132,-0.5223305576426887,0.39573330117811034,-3.1309355483856343
46.717430175000004,0.5950225732296596,0.222262233488757,-0.0627701194319527,3.76303424775687,-0.0014706252999971818,-0.8421361274119583,-0.5228482189836043,0.39443555605366454,-3.1412669516991794
46.733919867000004,0.5950170898169712,0.2222624782247604,-0.0627623687504904,3.7604916097947125,-0.0023870356477532335,-0.8504531696360313,-0.5218396713440967,0.39694307422726194,3.1336013132563334
46.750633014,0.5950111299367158,0.2222629619284938,-0.0627739881274164,3.7571330134411194,-0.003598390521723038,-0.8584788133725816,-0.520508111654804,0.40025585235006345,3.125575669519783
46.782875012000005,0.595005647041059,0.222263206664261,-0.0627739424302139,3.755678288351683,-0.004339596336967961,-0.8656023396691825,-0.5200929565258465,0.4018348575322239,3.118452143223182
46.78441122,0.5950001635505251,0.2222636898188462,-0.0627778519599075,3.755613600889675,-0.004373443277607379,-0.8659340546269032,-0.520075158196061,0.40190566221136637,3.1181204282654615
46.800098903000006,0.5949942029329063,0.2222636966858238,-0.06277785561699,3.7543272323793717,-0.0054148159199027,-0.8747313809187673,-0.5199960755690962,0.4035588248962023,3.1093231019735974
46.833103714,0.5949882433038255,0.2222644188079889,-0.0627778553645931,3.7519576571176203,-0.007585516140587772,-0.8953591885447878,-0.5200387797585226,0.40677207912227775,3.088695294347577
46.833598026000004,0.5949822833604069,0.2222646640932049,-0.0627894587924387,3.751951616505813,-0.007598875185930986,-0.8956065480842739,-0.5200447286028043,0.40678547928403797,3.088447934808091
46.866253411,0.5949768003399017,0.2222651472475754,-0.0627894475618099,3.75147612499111,-0.008530166995376893,-0.910047129842031,-0.5204232365323898,0.40776022456468164,3.074007353050334
46.866993101000006,0.5957820920198856,0.221984673519066,-0.0630828111352573,3.7514594616422694,-0.008555021445286401,-0.9102277042345897,-0.5204306934264702,0.40778920396435714,3.073826778657775
46.883484346,0.597378539577725,0.2223964907974572,-0.060747857995659,3.751087955513685,-0.009109146582568398,-0.9142535752730225,-0.520596943432849,0.4084352940561571,3.069800907619342
46.916265100000004,0.5997459046199659,0.2220746399317322,-0.0599543473042371,3.7496252500101668,-0.010466244066007825,-0.9340976292059615,-0.5206361064430336,0.41043020939977826,3.0499568536864032
46.932879459000006,0.6029769073336548,0.2220377773614491,-0.0579366807066557,3.74898963786864,-0.011294953689191586,-0.9445368922309143,-0.5208314782122052,0.4114561686123319,3.0395175906614504
46.933787921000004,0.607042557571439,0.2217431762347797,-0.0557530331552001,3.748972887302223,-0.01134825638446978,-0.9449831999566918,-0.5208601075233812,0.4115041490389748,3.039071282935673
46.966237223,0.6119384302740595,0.2214932758144694,-0.0530117058220964,3.7478790465623426,-0.013046315885679156,-0.9612467741562956,-0.5213992516211658,0.4134507402327525,3.022807708736069
46.966973357,0.6175471425354959,0.2212146591566966,-0.0500292771609982,3.7478012901717586,-0.013062843941187863,-0.9616501193755038,-0.5213598294439583,0.4135197701164248,3.022404363516861
46.983664572,0.6236500860865328,0.2209282013340406,-0.0470865599114671,3.746038229869063,-0.013437603601830743,-0.9707956306180527,-0.5204659649633836,0.4150849642655805,3.013258852274312
47.016189178000005,0.6300319863915065,0.2206473826005608,-0.0442583529830408,3.746382608190508,-0.014244316657388307,-0.9816081554832934,-0.5212972297654721,0.4153649307119567,3.0024463274090714
47.032856619,0.6365812669571211,0.220376384618502,-0.0416694847801043,3.7461868119441464,-0.014641130817255358,-0.9916967752517039,-0.5214630384507348,0.4157751807911181,2.992357707640661
47.0495035,0.6432058991607309,0.220116147877397,-0.039287969417979,3.7455013217355084,-0.01502258667183162,-1.004792489781373,-0.521291431650813,0.4165406587472664,2.979261993110992
47.050047316000004,0.6498725087848044,0.2198683797597509,-0.0371126663792725,3.7454789283187893,-0.015035047972961471,-1.005220297194228,-0.5212858256442878,0.4165656651830192,2.978834185698137
47.082852587000005,0.6565543918801643,0.2196335878668904,-0.0350934564531949,3.74260349258409,-0.016360667536764635,-1.0225433583539392,-0.5203611449227408,0.41959392598016354,2.9615111245384256
47.083566288,0.6632415345044163,0.2194111876890199,-0.0331629311135094,3.7425353929156207,-0.01639159372277962,-1.022889389285048,-0.5203388956215216,0.41966533299958275,2.961165093607317
47.116344948000005,0.6699394186586848,0.2192002192351418,-0.0312987276473454,3.740167648450312,-0.017920035251662893,-1.0321252284787832,-0.5199035110275112,0.4224497158065099,2.9519292544135816
47.117046946,0.6766413705170806,0.2190014054509665,-0.0294969329489758,3.740119254313192,-0.017953097949852087,-1.0323027544971097,-0.519895972717181,0.4225078390238721,2.951751728395255
47.133490540000004,0.6833466741238582,0.2188146279515694,-0.0277344647737625,3.739691271081146,-0.01879948253965928,-1.0407845481768163,-0.5202427385689079,0.4233906130407372,2.9432699347155484
47.166192875,0.6900534212321492,0.2186394120976785,-0.0260006213533961,3.7385583605156416,-0.019562713641882504,-1.0589779960022678,-0.5200582291960409,0.4247441138187775,2.925076486890097
47.182873871000005,0.6967618506632729,0.2184756384051605,-0.0242811823608374,3.737786636553824,-0.019769969890148828,-1.068121605521032,-0.5196992204419542,0.4254579945792538,2.9159328773713327
47.199589863,0.7034698169882785,0.2183239053923134,-0.0225802045694522,3.7370976899083366,-0.02110120404779521,-1.0760834375830548,-0.5202341173326088,0.4268582506912493,2.90797104530931
47.199943167,0.7101839949371218,0.2181831324851945,-0.0208997998041017,3.7370831285466393,-0.021129340598281372,-1.076251716385464,-0.5202454227466728,0.42688784606826324,2.907802766506901
47.217531272,0.7169008086029487,0.218053681431598,-0.0192215657866809,3.736009701856516,-0.022049549934313933,-1.084868082160618,-0.5202176578349866,0.42830144402768067,2.8991864007317467
47.233557270000006,0.7236152506014514,0.2179353195814513,-0.017562860104737,3.7340038135467193,-0.021471145241487688,-1.0934243944235256,-0.5184508289799856,0.4294134043224753,2.890630088468839
47.250605886,0.7303323280966056,0.217827802747835,-0.0159584896164153,3.73261777034059,-0.02149157564415746,-1.1024870085420844,-0.517543487221797,0.43046138528816913,2.8815674743502804
47.282897048,0.737052039324326,0.2177304156759159,-0.0143952021609282,3.7323451996871126,-0.023876244576588983,-1.1195576815752268,-0.5191416970344207,0.43225210192495833,2.864496801317138
47.299556152,0.743772478291689,0.2176435181903045,-0.0129066496141179,3.731247762913372,-0.025031585632950736,-1.1284799886122698,-0.5192734253983997,0.4338401283941953,2.855574494280095
47.316228982000005,0.7504950743073897,0.2175663933878536,-0.0114119377918117,3.7306472138711437,-0.02596466582376285,-1.1375485640008947,-0.5195700262239451,0.43490939250791705,2.84650591889147
47.332964042,0.7572179192618977,0.2174986858385015,-0.0099894238718455,3.7303819777277964,-0.026749867314793806,-1.1467451871794783,-0.5199794610629009,0.43562998580923473,2.8373092957128865
47.333641884,0.7639429212250819,0.2174405125537815,-0.0085822298493473,3.730371234521744,-0.026781671356672646,-1.147117690023725,-0.5199960449371219,0.43565917294119316,2.8369367928686398
47.366313600000005,0.7706679338139665,0.2173913991689691,-0.00727894721808,3.7287050399828594,-0.029279560412801334,-1.1653598598280865,-0.5207511145700492,0.4385652912848892,2.818694623064278
47.366912572000004,0.7773946246775256,0.2173508669248224,-0.0059246180062785,3.7287023573380584,-0.029267507279609917,-1.165576854085561,-0.5207403338666237,0.4385592704015231,2.8184776288068036
47.399498465,0.7841218029398708,0.2173191556127135,-0.0047134832787803,3.7287308759938127,-0.028337021502318996,-1.1763815086517866,-0.5200649099852961,0.4379186303497007,2.807672974240578
47.416303758000005,0.7908506594680713,0.2172955486041818,-0.0033408125617555,3.727684781095631,-0.030228302300315434,-1.1846684591857155,-0.5207800330043386,0.43995820301585065,2.7993860237066492
47.417286651000005,0.7975795255790903,0.2172805246589413,-0.002160261178948,3.7276235980295125,-0.03033891784610712,-1.1851531389631624,-0.520821858482154,0.4400774917242689,2.7989013439292023
47.434288800000004,0.804221365883625,0.2172623823215584,-0.0022698989138011,3.7262682545809964,-0.031583208865183815,-1.1940483580322443,-0.520848298977461,0.4419171973811058,2.7900061248601205
47.46690993,0.8106221638105182,0.2172440408453733,-0.0036175324918419,3.722894627820673,-0.031750113644083366,-1.2125235124450846,-0.5187272781963466,0.44454597762473025,2.77153097044728
47.483057779000006,0.8170246106966406,0.2172071008089615,-0.0064647250947279,3.721333269133889,-0.031555378771963606,-1.2215665541091028,-0.5175426672010444,0.4455815737858977,2.762487928783262
47.499561598,0.8234387115067422,0.2171445173327365,-0.0102426341853526,3.7205061825152552,-0.030944041972820434,-1.231188064812443,-0.5165359046057674,0.4457918926710698,2.752866418079922
47.500193332,0.8299550547403471,0.2170485566510429,-0.0148658311713861,3.7204825748015025,-0.03091632251899839,-1.2315603285183023,-0.5164995040734062,0.4457910598969983,2.7524941543740624
47.532861071000006,0.8365848401511072,0.2169138414395054,-0.0202568896381611,3.719536446195958,-0.030460036606416403,-1.2447926513159508,-0.5155292158458424,0.4461934240699832,2.739261831576414
47.533896935,0.8432925421429582,0.2167389821141766,-0.02618781358117,3.7195149844549613,-0.03047594724049174,-1.2450251377839088,-0.5155268041705425,0.44622003118229436,2.739029345108456
47.566178989,0.8500354793791486,0.2165203323566615,-0.0324817801373206,3.717974495371437,-0.03125109118184826,-1.2589999782492391,-0.515079889640158,0.4478856308187047,2.7250545046431256
47.567006737,0.8567888568499223,0.2162585167794232,-0.0373207798792304,3.7178911896968327,-0.03128500328610037,-1.2596965111429608,-0.5150497471443822,0.44797037334748735,2.724357971749404
47.599720614000006,0.8635262405488062,0.2159812224089958,-0.0402994402416824,3.7163982033530933,-0.03238451890100219,-1.2788912209010075,-0.5148765251531002,0.4498164331926011,2.7051632619913573
47.600477356000006,0.8702428714353753,0.2156940575704825,-0.0425951104394705,3.716411598270134,-0.03240354027985509,-1.2791132569161974,-0.5148996365313439,0.44981909793492925,2.7049412259761674
47.61686315,0.8769447050112281,0.2153929622839545,-0.0446995283033483,3.716538146722349,-0.03280151167382486,-1.2844833851904962,-0.5152808703767495,0.44998955759670745,2.6995710977018685
47.633874996,0.8836319819748917,0.2150802012498845,-0.0466803853911133,3.715520283906448,-0.0331169803912013,-1.2940117455150428,-0.5148387820415992,0.450959157064303,2.690042737377322
47.666930003000004,0.8903311653031036,0.2147550287242421,-0.0485483899922169,3.7138370730015287,-0.03420108569576496,-1.3110819179772228,-0.5145274408595588,0.45293692093549387,2.672972564915142
47.666950452,0.8970334339211169,0.2144175740791352,-0.0503406780843393,3.713836108331159,-0.034201878918429296,-1.311092102563368,-0.5145273907177312,0.45293816884451044,2.672962380328997
47.683608114,0.9037387887976384,0.2140684333604872,-0.0520792026697353,3.712880796163902,-0.03470062725924566,-1.3194184130090676,-0.5142637164800994,0.45398308374094265,2.664636069883297
47.700296835,0.9104460374895256,0.2137076079418396,-0.0537920417763088,3.7116515268729153,-0.03496359983053231,-1.3278084109948232,-0.5136417331198504,0.4550755096023109,2.6562460718975416
47.717034870000006,0.9171539881845024,0.213335218405719,-0.055464097154457,3.710503729688332,-0.03521535078527367,-1.3362701683527476,-0.5130656053306049,0.45609966471293095,2.647784314539617
47.733589976000005,0.9238614487376036,0.2129515045440769,-0.0571117594431994,3.709484034313955,-0.03544805817786189,-1.3447032216448633,-0.5125605337379846,0.45701554356595686,2.6393512612475014
47.766243267,0.9305700895849398,0.2125570604798572,-0.0587206564612877,3.707527016056523,-0.03571486202662415,-1.3623417520552632,-0.5114569997858798,0.4586536270712114,2.6217127308371015
47.766915188000006,0.937279909708608,0.2121521246320712,-0.0602898415293502,3.7074871497422666,-0.03571892001592936,-1.362712198163008,-0.5114334920786283,0.4586860797750951,2.621342284729357
47.78389304,0.9439899563130052,0.2117364596804764,-0.0618340751144281,3.7064283947281473,-0.03572450782213314,-1.37189943445334,-0.5107329255881368,0.45947993114399344,2.612155048439025
47.800283122,0.9507002303521565,0.2113111385080955,-0.0633400700558418,3.7053791573162376,-0.03567874668890343,-1.3806772940252863,-0.5100003733825202,0.4602325004058634,2.6033771888670785
47.816817949000004,0.957412399616044,0.2108756823556225,-0.0648066638947567,3.7047628283281835,-0.03590455075625163,-1.3903444452012899,-0.5097586417564912,0.46084275831799904,2.593710037691075
47.833654542000005,0.9641247962948544,0.2104304507730993,-0.0662366095004671,3.70418915171738,-0.03620038934056732,-1.4001419085571722,-0.5095975663732117,0.46146780235057117,2.5839125743351925
47.850469473000004,0.9708378974488392,0.209975800838891,-0.0676250561052673,3.702103594262348,-0.03621244794276914,-1.40428489992998,-0.5082183608687041,0.463032247135299,2.579769582962385
47.882937501,0.977551464860375,0.2095120904554015,-0.0689710465320002,3.7005567341821726,-0.03730966120919302,-1.419266837716446,-0.5080075608244865,0.46491697958342426,2.564787645175919
47.899833537000006,0.9842657376452882,0.2090395577661824,-0.0702770290081768,3.6997999141970297,-0.03821134558933056,-1.4292448707553067,-0.5081767132016228,0.46608196828920834,2.554809612137058
47.916311697000005,0.9909795234632602,0.208558680981821,-0.0715452860485224,3.698418701957006,-0.03910516183472931,-1.4390997170448543,-0.5079243809842895,0.46770769372255305,2.5449547658475105
47.933235165000006,0.9976930619038163,0.2080695790363792,-0.072774427982383,3.69726907946385,-0.038321452647175805,-1.4447206291084402,-0.50657429083958,0.46804398016085447,2.5393338537839245
47.94955883,1.004407305475394,0.2075718932038649,-0.0739795857212404,3.696022449377998,-0.03746594675117777,-1.4502228343575734,-0.505106049024008,0.46840487194525027,2.5338316485347914
47.966290893,1.0111208243955998,0.207066459596915,-0.0751361379113724,3.6935936734324963,-0.03740747387342489,-1.4603157373131772,-0.5034457512943611,0.47017850751092016,2.5237387455791875
47.982912336000005,1.0178340974601192,0.2065537545023751,-0.0762685074096262,3.692303702530878,-0.0373481355749373,-1.4710191809422817,-0.5025428278069772,0.4711016949981732,2.513035301950083
47.999514452,1.0245473612341345,0.2060336584371422,-0.0773621958191829,3.692021010298432,-0.03728774470817369,-1.4823168878983095,-0.5023095913087583,0.4712724658709009,2.501737594994056
48.000695874,1.0312608551463318,0.2055061711260787,-0.0784249830178279,3.6918352244756236,-0.03729077962257161,-1.4826562672538923,-0.5021881920417206,0.4714131349884245,2.5013982156384724
48.016992447,1.0379745799502345,0.2049720078244793,-0.0794642069807544,3.689082014508181,-0.037341073571180876,-1.4868035413564051,-0.5003931130126769,0.47350128869100017,2.4972509415359596
48.033852835000005,1.0445881716631884,0.2044392711876944,-0.0801279062610762,3.6878691104214263,-0.03718181910716601,-1.4939885487599058,-0.4994669214861087,0.47430045548465927,2.49006593413246
48.066339799000005,1.051345514245211,0.2038951632565145,-0.08084957506347,3.6870004166151653,-0.03690036052564494,-1.510552893655217,-0.4986786468469262,0.4747614012031227,2.4735015892371486
48.067146317,1.0580144047011704,0.2033507996018916,-0.0817762283890618,3.6868538500967634,-0.03691868683432304,-1.5107481084360446,-0.49859476475569275,0.4748829799540477,2.473306374456321
48.083711011000005,1.0647243044442285,0.2028077000043591,-0.0811307970361433,3.6840086527882336,-0.03732158734863929,-1.5150483113498359,-0.4970016010645222,0.47727448701070374,2.4690061715425298
48.116316371,1.0713047648958416,0.2022834654019008,-0.0794102289868662,3.68401240161726,-0.03903252199497081,-1.5334589688536227,-0.49828093961103814,0.47841053467745676,2.450595514038742
48.132926482,1.0778277939119425,0.2017821851643463,-0.0763524332751546,3.683558937070185,-0.03991072142550195,-1.5423633575304017,-0.49863448730357707,0.4793335018298186,2.441691125361963
48.133819524,1.0843675432351394,0.201307826981024,-0.0721577364296794,3.683534556565681,-0.03995793778521451,-1.5428421016563556,-0.4986534957821145,0.47938312512443026,2.44121238123601
48.1662757,1.09097575361354,0.2008642651514015,-0.0670545720149669,3.6810326934735667,-0.03934631508829724,-1.5607103247035727,-0.49653174234643016,0.48084311266315405,2.423344158188792
48.16704097900001,1.097660534671843,0.2004537553111248,-0.0612682592781027,3.680957357964625,-0.03930834874702859,-1.5611363812118553,-0.4964532632762517,0.4808740629058148,2.4229181016805104
48.183507055,1.1043799327402428,0.2000839751930523,-0.0550482602562023,3.6794997680118535,-0.03916874764809476,-1.5706188971309754,-0.4953788690715557,0.4818689166790695,2.4134355857613894
48.216231141,1.1111158276726056,0.1997547072541895,-0.0502560712394479,3.6765318674977054,-0.038916633437078574,-1.585214526235533,-0.4932152037011881,0.4839159992866726,2.3988399566568326
48.217058128000005,1.1178546018825537,0.19944224451839,-0.0473460159650231,3.6764485441235566,-0.03888585337167876,-1.5854378118565053,-0.49313677069029405,0.48395769412937106,2.3986166710358603
48.233458218,1.1245643001822077,0.1991394712391306,-0.0451404016313028,3.675034561693144,-0.03841272642038177,-1.590802405623558,-0.4918424978359557,0.48469800028501275,2.393252077268807
48.266252308000006,1.1312666245557836,0.1988505347427367,-0.0430754185513875,3.6743097993626463,-0.03930243576937346,-1.6108416862042443,-0.49202405189884413,0.4858310939632413,2.3732127966881205
48.282805731,1.1379663421855488,0.1985748334898596,-0.0411429750255354,3.6737144605130223,-0.0407684853363334,-1.6219890826304306,-0.49272186731245027,0.4872512289311892,2.362065400261935
48.299520482000005,1.1446694105171429,0.1983108108944191,-0.0392689643267833,3.6689876696687405,-0.039186857715465234,-1.62639944787706,-0.48839524131579015,0.48972598247481836,2.3576550350153056
48.300251675000005,1.1513744009740858,0.1980590646499553,-0.0374819567315175,3.6687649002586458,-0.03910579829911965,-1.6265658418627105,-0.4881864664945348,0.4898382763440283,2.3574886410296543
48.332828611000004,1.1580817885036925,0.1978191173708859,-0.0357060504416121,3.666331472901219,-0.03829992950389486,-1.6434123452242648,-0.4859653030108464,0.4911178958178244,2.3406421376681
48.333838246000006,1.1647918121968104,0.197590491945135,-0.0339716875754134,3.666381728237271,-0.03832201759040193,-1.6440926989743803,-0.48601523833708127,0.4910950935030063,2.3399617839179854
48.366221642000006,1.171504948396157,0.1973731878235758,-0.0322554149972528,3.662402998741146,-0.03616088039884451,-1.6647661954682302,-0.48175406389140596,0.4926258432237618,2.3192882874241345
48.382913189,1.178217620959865,0.1971675667541098,-0.0305528715602613,3.668861818890011,-0.0393095156937531,-1.6718909939587379,-0.48840300925310753,0.4899015474408408,2.3121634889336278
48.399505576,1.183597352049835,0.1970102114090061,-0.0288578019997011,3.6673386168667887,-0.038936969572008456,-1.6766900132045643,-0.4871110986890206,0.4907903118138761,2.3073644696878013
48.400224897,1.1875373179272053,0.1968924233626144,-0.027354889105203,3.667195212662999,-0.038886705337585405,-1.6768758221674904,-0.4869781334940346,0.4908638748198566,2.3071786607248743
48.417017426,1.1901178729682398,0.1968173286960541,-0.0262770614188095,3.6645101669980136,-0.03790198886249994,-1.6829280286630715,-0.4844560147456143,0.49221222706546275,2.301126454229294
48.433538447000004,1.1931313937271972,0.1967409007535169,-0.0253884495512211,3.6637575136845295,-0.037471054180987326,-1.6937692869061474,-0.48363342823556943,0.49248707819520643,2.2902851959862183
48.450159258000006,1.1969507516022715,0.196649000881816,-0.0242909819503197,3.662416218349776,-0.037103660429620974,-1.704444394804728,-0.4824664449195297,0.4932435180696575,2.2796100880876367
48.482914835,1.201436476891552,0.1965459620887914,-0.0230961403543784,3.661451661621164,-0.03709712830935975,-1.7195010570919953,-0.4818195345020033,0.4939590034035404,2.2645534258003703
48.499504727,1.2063413404767194,0.1964429172526295,-0.0221968090486013,3.661350331967673,-0.037366977572839244,-1.7272822573791462,-0.48195347088473905,0.49421424323008933,2.2567722255132185
48.500025069,1.2115132254310996,0.1963333659001984,-0.0216342557586052,3.661333631496496,-0.037375865861665684,-1.7275936813977042,-0.4819489877779488,0.49423262281575653,2.2564608014946614
48.532892799,1.2168856139976787,0.1962186959677236,-0.0215880235699406,3.661575457860761,-0.03782473331519052,-1.7425661194696351,-0.4824449367027004,0.49435093023448173,2.2414883634227305
48.533653118000004,1.2227045493550008,0.1960940940390673,-0.021153036478796,3.661622095741178,-0.03783155386449157,-1.742763744268621,-0.4824810702311795,0.4943206650746075,2.2412907386237446
48.550328333,1.2290706505327558,0.1959655238708418,-0.0200982695135759,3.6626449515202655,-0.03798114124296429,-1.7470980250276567,-0.4832735459632067,0.49365689362089826,2.236956457864709
48.582956447,1.2356670716767697,0.19584288724403,-0.0190100993911201,3.662382484121903,-0.037036993566995045,-1.7673404746951134,-0.4823942380700248,0.49322431808040923,2.2167140081972523
48.583883694,1.2423405032946184,0.1957229037094729,-0.0178792487887172,3.6624541623725886,-0.037010860156936505,-1.7680533831977971,-0.48242244614662066,0.49315343062624795,2.2160010996945676
48.600394306000005,1.249050183255524,0.1956097925579787,-0.0168043244197703,3.6637304693176715,-0.03654552719418367,-1.7807474719134522,-0.48292472073790016,0.49189120464836344,2.2033070109789126
48.616900378000004,1.2557734608506126,0.1955035798842275,-0.0157315653391659,3.664055961368463,-0.03603164022883355,-1.786876620589715,-0.48275787159596195,0.49130623776714755,2.1971778623026506
48.649681593000004,1.2625031831204685,0.1954040355101458,-0.0146803546042397,3.66601446419144,-0.03600943215564074,-1.8048456655127536,-0.484044931639791,0.48982985605847507,2.179208817379612
48.65025704,1.269235059592748,0.1953112835886951,-0.0136917924055633,3.6660648996077065,-0.036019522428653646,-1.805238110364753,-0.48408603305564846,0.48979893327661506,2.1788163725276117
48.682947543000004,1.2759683740296877,0.1952252057350798,-0.0126822624433197,3.662977939201625,-0.034388538399035135,-1.8252120601406414,-0.4808140895919393,0.4910170545447472,2.1588424227517233
48.699602369000004,1.2827026492843725,0.1951452064524281,-0.011754819533901,3.6626890574187327,-0.03191859031558952,-1.83141659235024,-0.4787785190604241,0.4895885767428081,2.1526378905421257
48.716213522000004,1.289436455476731,0.1950722410626947,-0.0107902694095149,3.66437389591601,-0.03490224071551354,-1.837876795947336,-0.4821266447793122,0.49031720877710017,2.1461776869450286
48.717180254000006,1.2961714600772605,0.195004757923261,-0.0099075013730585,3.664495871776535,-0.03514192844024185,-1.8382560626325324,-0.4823867104050268,0.4903857229089117,2.1457984202598333
48.733537363,1.3029074257973818,0.1949434725639262,-0.0090189277735467,3.6669948996013626,-0.038284880751632014,-1.846787437296289,-0.4863956675032006,0.4906127741937292,2.137267045596076
48.750608182,1.3096429209481302,0.1948877905869201,-0.0081525212989438,3.670423600036313,-0.0398441800663732,-1.8596776935983677,-0.4898415854105447,0.4890919024695437,2.124376789293997
48.782946914,1.3163791385455017,0.1948381874555322,-0.0073200861501058,3.65835313820396,-0.029924051617537254,-1.8760756333480453,-0.4744039190691596,0.4914967840091946,2.1079788495443204
48.784026111,1.323115838767149,0.1947937097708947,-0.0064913704668742,3.656671086718323,-0.02921639445571546,-1.8760209876087899,-0.47275618589404234,0.4922810360366894,2.108033495283575
48.81618193400001,1.3298520690848048,0.1947545970497356,-0.0057662181735482,3.63827118200898,-0.029827203158237815,-1.8832125547009175,-0.4609645378859262,0.5064191624272927,2.100841928191448
48.832844555,1.336589257091558,0.1947201323896911,-0.004922209140227,3.6409569136856392,-0.03689715811793703,-1.8926574071429432,-0.46802842963161284,0.5091208010368042,2.0913970757494216
48.833666242,1.3433243066287897,0.1946915114527853,-0.0042763004300715,3.6403619823222297,-0.036604195215491235,-1.8931291159042214,-0.4674137933448246,0.5093697846192766,2.0909253669881434
48.850564702,1.3500617459656337,0.1946674177189328,-0.0034972500583986,3.6295659563009934,-0.03173816854730962,-1.9026779055543992,-0.45659622218261164,0.5141877247950277,2.0813765773379664
48.882890189,1.356797997738147,0.1946482129365933,-0.0027006189917834,3.636400271877741,-0.04046975154156681,-1.920182202284769,-0.46766157244438755,0.514899366960996,2.0638722806075958
48.899556777,1.3635349713124478,0.1946338949074347,-0.0021073497018262,3.6367932464862993,-0.037838806963138,-1.9317057203788206,-0.46595971524553903,0.5128548669016997,2.052348762513544
48.90067571,1.3702729032412284,0.1946239865205406,-0.0013935136983453,3.6368582203971296,-0.038002842114762715,-1.9321686643985236,-0.46612538049110075,0.5129155642366503,2.051885818493842
48.91632495,1.3770117949000609,0.194618845403102,-0.0007237372519166,3.6377669364009684,-0.040297014738333616,-1.938643334527021,-0.4684423513798439,0.5137644686500504,2.0454111483653445
48.934898784000005,1.383749975617821,0.1946178774322824,-3.7977741840375024e-05,3.6386308991078318,-0.042229142865358615,-1.9455507631120579,-0.4704593452079626,0.514405784917912,2.038503719780307
48.966302122,1.3904886377708183,0.1946209620252978,0.0006146544128324,3.636670718346055,-0.035561312886294,-1.9628074882848336,-0.46417849964721913,0.5114303447335633,2.021246994607532
48.966906494,1.397227781917938,0.194627503135527,0.0012759995732498,3.6366104464487354,-0.03536775004109502,-1.9631779912070018,-0.46399392814523077,0.5113464839125448,2.020876491685364
48.983710415000004,1.4039666912405082,0.1946386936804445,0.0018902341768847,3.62961909853143,-0.038399265952557694,-1.9681211047863618,-0.4616026658105161,0.5185818760144865,2.015933378106004
49.016253376,1.4107053676568275,0.1946540568220814,0.0023573020010209,3.625328956690077,-0.03576740095411455,-1.9847229490547136,-0.45678291005628635,0.5200316983686144,1.9993315338376512
49.017060234000006,1.4174450027133148,0.194673710396579,0.002974466739059,3.6253445884574904,-0.03558476655447002,-1.985229234827548,-0.4566570178545808,0.5198984661291388,1.9988252480648168
49.033549134000005,1.4241846419171138,0.1946968210381042,0.0034725780804818,3.6243756802381117,-0.03796558076933832,-1.996650608655128,-0.4577888494357194,0.5222062825722804,1.9874038742372377
49.050422917000006,1.4309247620501304,0.1947236266158759,0.0040930142595895,3.623493246221949,-0.03937599467192213,-2.0063720875918003,-0.458254046368217,0.5238036394464567,1.9776823953005653
49.082968654000005,1.4376641711899223,0.1947540092939247,0.004613785931541,3.626236036497684,-0.034368523900068906,-2.0206570583942414,-0.4563427278092629,0.5184236279786409,1.9633974244981243
49.10023737,1.4444047760344574,0.1947876092473178,0.0050931138452545,3.6296881594981376,-0.03412051929933855,-2.031839541118506,-0.4584554743531495,0.5156822849622453,1.9522149417738586
49.100457089,1.451144908296551,0.1948250244448615,0.0056397628453648,3.629676648804635,-0.0341159277946514,-2.031904463909294,-0.4584443859509455,0.5156878189767711,1.9521500189830707
49.132837460000005,1.4578850448506366,0.1948657775000936,0.0061467900912229,3.626628516856837,-0.03331057058761177,-2.0443224168052163,-0.4558144399033548,0.5174265232037394,1.9397320660871493
49.149647001000005,1.4646256612043926,0.1949095102364491,0.0066219760321211,3.622994551935377,-0.032603545377133364,-2.0552892428965963,-0.4528679308470922,0.5196678777227786,1.9287652399957693
49.166484185,1.471365804889043,0.1949568197984485,0.0070981182568105,3.6234897164009783,-0.030655206331727785,-2.060952229350538,-0.4517435116555002,0.518001476100892,1.9231022535418276
49.182868696,1.478107859449815,0.1950069881839823,0.0075488118503138,3.623389198387848,-0.02961495100928782,-2.0698228239409753,-0.4509002781434912,0.5173840684146316,1.9142316589513904
49.199673648,1.4848475334199625,0.1950603779650126,0.0080280012968923,3.6233492162726173,-0.030110290618576722,-2.0805339288588574,-0.45124332898872144,0.5177436181548005,1.9035205540335074
49.200759909000006,1.4915881646803988,0.1951168660867885,0.0084599338471548,3.6235434406418405,-0.030612568416633266,-2.080998029662152,-0.45174745199853383,0.5179330015833203,1.9030564532302137
49.21701334,1.4983287989115976,0.1951760960204903,0.0088733096074775,3.626449567607338,-0.03812801593201567,-2.0879422450793985,-0.4592905089208239,0.5207666948559169,1.8961122378129662
49.250295841,1.505069913208324,0.1952380672166478,0.0092928332876282,3.6239912640716696,-0.02590526257754918,-2.1045894603546884,-0.44853254841716383,0.5144654853181141,1.8794650225376763
49.266231195,1.5118110308283348,0.1953027802245703,0.0097605560411897,3.6229572681676334,-0.02322551813503797,-2.108886856207606,-0.4458444416712406,0.513453428042435,1.8751676266847586
49.282954803,1.5185516752298878,0.195370593221295,0.0101475206323684,3.622101537100559,-0.02158660898757498,-2.1127660970125968,-0.4440517516950022,0.5130011432849124,1.8712883858797689
49.283715032,1.5252932761175326,0.1954409085127666,0.01054162679492,3.6220626369078857,-0.021512106747252915,-2.1129424412176236,-0.4439702588193053,0.5129805831289382,1.871112041674742
49.299969926,1.5320339260757694,0.1955137282964262,0.0109424964150137,3.6209827658110445,-0.020432167902912603,-2.121223763833042,-0.44244552566513606,0.5130676365716411,1.862830719059323
49.332942996,1.5387764866589533,0.1955891684851887,0.0113303751939999,3.6040513822222806,-0.010377074476766912,-2.13429319997194,-0.4236715733312928,0.5190103100276686,1.8497612829204257
49.333506951000004,1.5455176197709874,0.1956674713431764,0.0117068704332988,3.603527230000861,-0.010078576281661592,-2.134447634490594,-0.42309991869581554,0.5192027878223291,1.8496068484017716
49.350239225,1.5522592320305153,0.1957478002084,0.0120725902987842,3.5897326726300602,-0.002022656255853798,-2.139529384119524,-0.40790587573897197,0.5241352029654536,1.8445250987728414
49.367303502000006,1.5590008477469948,0.1958311093038739,0.0124285036383541,3.587702149156899,0.0007088101349112855,-2.148136332611479,-0.4045158534535527,0.5238324107540291,1.835918150280886
49.383650301,1.5657424654060377,0.195916206537558,0.0127922537792837,3.5860904267595757,0.0027085742262638246,-2.156968137873175,-0.4019506544809235,0.5237041152439135,1.8270863450191897
49.400038178,1.5724831328172135,0.1960038082631189,0.0131303043484308,3.5852462426086054,0.003285885397176634,-2.1671799253059056,-0.4009579040792204,0.5239498421425819,1.816874557586459
49.417778303000006,1.5791579895633137,0.1960854061296685,0.0122161139218899,3.587145552838576,-0.0005773807780182941,-2.178765071825433,-0.40510523132289,0.5251039139011779,1.8052894110669317
49.433652542000004,1.5856983667577251,0.1961565492935828,0.0099623061289151,3.5900541663783003,-0.005963311956161536,-2.1893598103260956,-0.4110607193193654,0.5265182865900404,1.7946946725662691
49.450485638,1.592191984701956,0.1962015202672971,0.0065112976253501,3.5905152248838883,-0.004589494207807574,-2.194497716288611,-0.41034235433416644,0.5252597549458988,1.789556766603754
49.467554042,1.598751368614723,0.196214228943751,0.0020297734815373,3.5897374789748873,-0.0023314051512152135,-2.199789049758687,-0.40813948934824085,0.5243371278596642,1.7842654331336778
49.483402862000005,1.6054084651601297,0.1961939232613314,-0.0015806613390134,3.5848244323658003,0.0006163474626875794,-2.2074311469316577,-0.4026693690891805,0.5260415505793126,1.776623335960707
49.499978207000005,1.6121332629413012,0.1961672214837666,-0.003355279960557,3.5804648628213114,0.0036968254744445877,-2.2156855119008343,-0.39746860760550984,0.5272445765075946,1.7683689709915313
49.517060087000004,1.6188671207969696,0.196137529036596,-0.0046449971593339,3.577618235666357,0.006866362824121597,-2.224745884005692,-0.39320843880240997,0.5272592373198552,1.7593085988866726
49.549614961,1.625597149703044,0.1960992579230879,-0.0057703025519255,3.58430498355016,0.0006911696934574427,-2.2452938000207645,-0.4022677709731215,0.5263794031972768,1.7387606828716002
49.566265980000004,1.6323286032460804,0.1960532365614492,-0.0069186754526758,3.585706462586183,-0.0006729828605578064,-2.2557848646987395,-0.4042186794105542,0.5262415193773649,1.7282696181936252
49.582911829000004,1.639060047823962,0.1959999434382422,-0.008014988055125,3.586047996988305,-0.0008086697593041197,-2.2656403254468316,-0.4045472751092256,0.5260769546510753,1.7184141574455332
49.583538704000006,1.6457943452135682,0.1959391368384604,-0.0090795794786308,3.586089617614236,-0.0007556389033105695,-2.265829954523122,-0.4045354028659136,0.5260105950396459,1.7182245283692428
49.616290543000005,1.652528634449558,0.195871416104559,-0.0100978618899633,3.5871633223312056,0.001189006973640254,-2.277358489570255,-0.4037988321980728,0.5239148963358096,1.7066959933221106
49.632869084000006,1.6592633929212033,0.1957971383147527,-0.011107091561253,3.5855267236793105,0.0005374907444900698,-2.286404634529128,-0.4031956830956651,0.5255699309893731,1.6976498483632376
49.633595759,1.665999097217248,0.1957159452919829,-0.0120886243582072,3.585454987853742,0.0005089333125776439,-2.286801147550868,-0.4031692457044622,0.5256424749066495,1.6972533353414967
49.66632644800001,1.6727347944620512,0.1956286725995022,-0.0130688957953287,3.585844750011193,0.0004090561753712147,-2.3051044256933126,-0.40350321887560936,0.5254180826098307,1.678950057199053
49.682919957,1.6794714379160969,0.1955349615109749,-0.0139935059547065,3.5837440061411407,0.0013170438352680957,-2.3144692023672633,-0.40142728903108393,0.5263814525692418,1.6695852805251015
49.68451651,1.6862085514680083,0.1954349317846952,-0.0148905069198793,3.583432101895574,0.001434974629007255,-2.31537106056696,-0.4011316670808287,0.5265357237364827,1.6686834223254046
49.716174444,1.692945180467049,0.1953290613569071,-0.0157813238304992,3.580826559525535,0.0030874494747579165,-2.3281844475687796,-0.39816413050595845,0.5273802655262805,1.655870035323586
49.732936555,1.699681326617811,0.1952177078546514,-0.0166059061147029,3.580712018554057,0.0037744973000317975,-2.3335111543744462,-0.3975751560439722,0.5270084276160447,1.6505433285179194
49.733565083,1.7064179432711126,0.1951006317608244,-0.0174613579352868,3.580654099373936,0.003819015068807436,-2.333838766771187,-0.3975033805375139,0.5270220195193431,1.6502157161211777
49.766218986000005,1.7131555070010165,0.1949779517354668,-0.0182466998500927,3.577768425602783,0.00572450680040565,-2.3515020436579146,-0.3941605583004977,0.5279072038755208,1.6325524392344501
49.766727094000004,1.7198930653100968,0.1948496688767463,-0.0190636195360245,3.5777341522608435,0.005719071431075408,-2.3518322612624276,-0.3941418013468345,0.5279363994556099,1.632222221629938
49.783803835,1.7266306163358769,0.1947167368596988,-0.0197944155349606,3.5765822771014073,0.005536396892803637,-2.3629303752577275,-0.3935114085176443,0.5289176187230344,1.6211241076346372
49.799636925,1.733368162419681,0.1945786788461624,-0.0205465365174515,3.5730270016359125,0.00712242746559303,-2.37166006120696,-0.3899612896625757,0.530515158308853,1.612394421685405
49.818056996,1.7401066564782908,0.1944356129470509,-0.0212823402063268,3.568793125456072,0.009276562134048906,-2.3808602681748097,-0.3855355084080969,0.5322409810006636,1.603194214717556
49.832841016,1.746844191437716,0.1942878989874689,-0.0219809017002215,3.571193004440341,0.00860643237789452,-2.3855716313894444,-0.38763304128932985,0.5308960464887389,1.5984828515029204
49.850713002000006,1.7535826745922782,0.194135653979304,-0.0226677974174332,3.573622452988432,0.008241935534882512,-2.392537552056991,-0.38952216752338487,0.5293256069744019,1.5915169308353736
49.866887623000004,1.7603201993218571,0.1939789993289069,-0.0233228072596762,3.5746012749349068,0.009064467240509298,-2.4021275962889677,-0.3895598561614073,0.5280476279541415,1.581926886603398
49.883606301,1.767058672736432,0.1938179328389762,-0.0240004819783655,3.5723802638768354,0.009535160382259579,-2.4114948621306844,-0.3877302190749248,0.5293918267063851,1.5725596207616803
49.90020495,1.77379666387706,0.1936525753670473,-0.0246284634171648,3.5668711321521536,0.009614597413948371,-2.420237494152845,-0.38400390624315683,0.5334503283118672,1.5638169887395197
49.916861409000006,1.7805356042160454,0.1934829252646236,-0.0252399683285424,3.565981477503158,0.009935558253848745,-2.430148421003814,-0.38317219958306836,0.5339006229784942,1.5539060618885507
49.93357119,1.787274063367298,0.1933095802260714,-0.0258459380707901,3.5665610304960147,0.010378085902183013,-2.4400846172900543,-0.38322771474103323,0.533173553203091,1.5439698656023104
49.950483287000004,1.7940129941087828,0.1931318238974559,-0.0264280391571969,3.565472185166449,0.011389806886725463,-2.4442899876032183,-0.38174791798979024,0.5333127116641747,1.5397644952891465
49.982851705,1.8007519209886431,0.1929504912924092,-0.0269969744296715,3.560294324312711,0.013316294031411817,-2.4580369550771124,-0.37686368417677274,0.5358945435330393,1.5260175278152524
49.98397021700001,1.8074913202357603,0.1927654626525833,-0.0275446934716604,3.560047461588979,0.013382648397482478,-2.4586371168098315,-0.37664984632483023,0.5360346059453485,1.525417366082534
50.000432987,1.8142302387343312,0.1925769774949746,-0.0280812170058497,3.557825304568609,0.01569120456176389,-2.467328573996568,-0.3734478786102655,0.536156327519874,1.516725908895797
50.016981471,1.8209691526265728,0.1923846776427285,-0.0285986428454824,3.556953799241149,0.01929740159106276,-2.475928222694998,-0.37017653329963673,0.5344063336888718,1.5081262601973666
50.033709447,1.8277080630493727,0.1921890399324184,-0.0291149143016742,3.556792812392668,0.021133500076268852,-2.4849801789299324,-0.3686991250088205,0.5333043177384487,1.4990743039624324
50.066221629000005,1.8344474465731229,0.1919903022333598,-0.029605157363502,3.5577705184020005,0.02241515133680536,-2.4998288926090373,-0.3683934372513513,0.5317215688672592,1.4842255902833283
50.06762831,1.8411863487012985,0.1917877503889945,-0.0300871006581349,3.557853665354823,0.022422855106644362,-2.5002972099949687,-0.3684430329592483,0.5316543897812904,1.483757272897396
50.099493890000005,1.8479247706302784,0.1915822188636882,-0.0305611259685225,3.5595336894778695,0.023390196633408175,-2.5162416945954558,-0.3688393918752344,0.5297567253501705,1.467812788296909
50.100026465000006,1.8546641428724808,0.1913735868001095,-0.0310276031529939,3.5595596944521732,0.02341444226217036,-2.516562543848293,-0.36883860737859164,0.5297211796926629,1.4674919390440717
50.117143753,1.861403034590139,0.1911618558464653,-0.0314712260291038,3.5611024479303524,0.025276533788483744,-2.5269178582269003,-0.3684758575161524,0.5273303878397191,1.4571366246654645
50.134520545,1.868141922870676,0.1909472638718349,-0.0319084448854535,3.5632770740345325,0.028098875096204283,-2.5374671932467363,-0.3678170804388392,0.523828870752419,1.4465872896456293
50.166250026,1.874880808348631,0.1907298108759286,-0.0323471274082912,3.560533054803249,0.023525099313835854,-2.5478317458881374,-0.3694039213215641,0.528921120006133,1.4362227370042273
50.166838958,1.881619213106689,0.1905094974085923,-0.0327647132588055,3.560587691960733,0.02361163449400494,-2.5481890240853193,-0.36937570949873244,0.5288227449613432,1.4358654588070454
50.199586048,1.888358568425473,0.1902864410306901,-0.0331694053243335,3.5623204983640306,0.026586292670446963,-2.568347793267133,-0.3683091733767285,0.525549564551032,1.4157066896252317
50.200876177000005,1.895097921122345,0.1900607620499757,-0.0335690102084249,3.562194565397282,0.026430159587830255,-2.5691855178274485,-0.368341868543574,0.5257474728067124,1.414868965064917
50.216801323000006,1.9018353633117775,0.1898324626641049,-0.0339565914713612,3.5606400690006597,0.024502877791907008,-2.5795262557930023,-0.3687454524530094,0.528190420656351,1.4045282270993624
50.233424669,1.90857375596426,0.1896015395769858,-0.0343395574549685,3.5597317177340413,0.02324003195497786,-2.58602634533967,-0.3690832704553353,0.5297088937804864,1.3980281375526946
50.266464888,1.915313099753992,0.189368231206857,-0.0347180629765633,3.5585002287673677,0.02442401540681343,-2.602735894944111,-0.3673799694290314,0.5298398422552837,1.381318587948254
50.267701295,1.9220514867286125,0.1891324205421315,-0.0350784257532558,3.5584608054319418,0.02453480098836096,-2.603460454260617,-0.36727105065654486,0.5297955213183019,1.380594028631748
50.299618563,1.928789871258321,0.1888943449023325,-0.0354280280612005,3.555658472604742,0.025499140103959123,-2.6225433036577392,-0.36468606963157724,0.5312449668346386,1.3615111792346255
50.316228534000004,1.9355292065529268,0.1886537647704206,-0.0357809720879672,3.554977387767357,0.028331699806984377,-2.6270097135502395,-0.3621188266491142,0.5298678196036164,1.3570447693421261
50.31725497,1.9422671086860324,0.1884108021023135,-0.0361167311650459,3.554937117450007,0.028511627313554416,-2.627274933630006,-0.36195774458683116,0.5297781079806758,1.3567795492623596
50.349515272000005,1.949006439016639,0.1881658112295617,-0.036456032038545,3.561061990726716,0.03015495016692827,-2.6436672298766304,-0.36480824379359866,0.5241133717177608,1.3403872530157344
50.366578247,1.9557443359705613,0.1879185570299862,-0.0367722528545122,3.565303449129536,0.029713510817926277,-2.65481246775977,-0.36796091480049675,0.5212418732232522,1.3292420151325945
50.367291797,1.9624817535059853,0.1876689191954791,-0.0370920688117917,3.565433988110645,0.029691343647659074,-2.655280026910976,-0.3680643481573296,0.5211592091456798,1.3287744559813888
50.383438995000006,1.9692201228381767,0.1874176113332999,-0.0374024028149309,3.5683880050326326,0.029189714206969336,-2.6658606031722485,-0.3704049814592607,0.5192885718700313,1.3181938797201163
50.400180176000006,1.975958489839293,0.1871641577052683,-0.0377102360942149,3.5667606388294026,0.028371244956432392,-2.6715522541179126,-0.36993257210521113,0.5210478450369087,1.312502228774452
50.432866360000006,1.98269637792426,0.1869087972791683,-0.0379961647720417,3.5681680075627193,0.02890092220435509,-2.6867470794856985,-0.3704740659295984,0.5196449804045815,1.2973074034066663
50.433565313,1.98943283211551,0.1866511735264808,-0.0383183761257472,3.5682860062444566,0.02894569461195233,-2.6871545834264525,-0.3705191961781007,0.5195271181203513,1.296899899465913
50.449925778,1.9961716688546305,0.1863916396794077,-0.0386058835695988,3.571711945728145,0.030259493079651843,-2.6973580290161747,-0.3718191292957176,0.5160958936087012,1.286696453876191
50.482892056000004,2.002909549508662,0.1861303187930433,-0.0388723584714858,3.5766326138167472,0.03126973813610949,-2.7190699134378704,-0.3743405321249167,0.5117512305279561,1.2649845694544943
50.483854300000004,2.0096483819668025,0.1858670894604573,-0.0391494637740679,3.5766066479574894,0.03119331636365658,-2.719675227086473,-0.37438028088099085,0.5118214768769178,1.264379255805892
50.516268746,2.0163867352304465,0.1856018341206568,-0.0394245762071416,3.576866242288984,0.030019794821363275,-2.734006336159906,-0.37542885443745133,0.5124088741222819,1.2500481467324587
50.532873416,2.0231250866616937,0.185335029061142,-0.0396915557727699,3.5771678046491924,0.02940664253935635,-2.7410886676198185,-0.3760871684367948,0.5125919540400603,1.2429658152725462
50.54955557500001,2.0298629588441006,0.1850664364129838,-0.0399505803260325,3.5771467907576984,0.028111116304333772,-2.7507490101782475,-0.37704001156455824,0.5134699744174669,1.2333054727141182
50.550484996,2.036600829761815,0.1847961748355789,-0.0402078238548321,3.577145620000841,0.02803893803958554,-2.7512872214038415,-0.37709309776357136,0.5135188919812657,1.2327672614885241
50.582878102,2.043339174503161,0.1845237669432808,-0.0404512938234103,3.5788090711508884,0.030603569338525784,-2.769932609361243,-0.37628639338456393,0.5105703955045868,1.2141218735311217
50.583440033,2.0500779951774044,0.1842501664093115,-0.0406992686798366,3.578843509608985,0.030664698654309496,-2.770255685641512,-0.37626369674066273,0.5105040052718723,1.2137987972508526
50.600303898,2.0568149061880674,0.1839747799347124,-0.0409397126521017,3.5633662174633445,0.04202762100622136,-2.7711437806650725,-0.3574816159784411,0.5144909864329081,1.2129107022272922
50.632883659,2.063552292571263,0.1836980816094249,-0.0411846866033508,3.562457582002285,0.038480524222517076,-2.7897286062998745,-0.35952394484114114,0.5175301321698949,1.1943258765924902
50.63382510300001,2.070289676639544,0.183419475936824,-0.0414044786996368,3.5628853031424423,0.03798610510059286,-2.790528610936583,-0.3601776249464783,0.5175400297326602,1.1935258719557815
50.666222306,2.077026582713379,0.1831395595120994,-0.0416465976387586,3.5633216913879853,0.044395842984590476,-2.8090809929732377,-0.3556846119239756,0.5129478615713201,1.174973489919127
50.682861262,2.083764440207959,0.1828579730598746,-0.0418697446715189,3.557216585295487,0.043466220819433715,-2.8134143853398452,-0.3523146468670788,0.5181227870090344,1.1706400975525195
50.68374248200001,2.090501342174144,0.1825748379866507,-0.042085859504921,3.556893251211855,0.04341698686242446,-2.813643887240163,-0.3521361692866676,0.5183968575573452,1.1704105956522017
50.716213526000004,2.097239196340292,0.1822899136762975,-0.0423066020036239,3.545770711454408,0.047278463713875014,-2.8287958381031126,-0.34185094106003255,0.5241271258282301,1.155258644789253
50.717816441000004,2.103976096244928,0.1820042752092786,-0.0425088467894947,3.5452359011872185,0.04757123462106122,-2.829664309051962,-0.34127646631848085,0.524331369793392,1.1543901738404028
50.733880411,2.1107110848842154,0.1817169700116349,-0.0427388919045661,3.5424656760840914,0.05164205676942026,-2.8340321764404424,-0.33639453836938626,0.5236890929174116,1.1500223064519233
50.750868613,2.117448457654788,0.1814282315559749,-0.0429447984003573,3.540767645946708,0.054633702692899765,-2.8399941951577397,-0.3330316649988485,0.5229649835522885,1.144060287734625
50.766641688,2.124185351420353,0.1811381823486529,-0.0431497234687956,3.5416166372790436,0.05393314437084248,-2.8498117676037733,-0.33411959257528867,0.5227977058388733,1.1342427152885914
50.799539987,2.1309227210989854,0.1808468212903955,-0.0433536144485166,3.544044957963834,0.053878944388409095,-2.8700859413830084,-0.3357763984772446,0.5210215658698614,1.1139685415093563
50.800360901000005,2.1376591349510434,0.1805536731927288,-0.0435565230452529,3.544110538976721,0.0538882624155866,-2.8705903081360686,-0.3358130971158442,0.5209664214702667,1.113464174756297
50.817180872,2.1443960263862483,0.180259928499003,-0.043747167786218,3.546563899022666,0.053520939542338115,-2.8775312182262134,-0.3377202485245925,0.5193800182704589,1.1065232646661514
50.833797185,2.151130527861764,0.179963802369214,-0.0439427260000322,3.547301810078128,0.052713129546912214,-2.8853183802330724,-0.3388142782128609,0.5193670276711586,1.0987361026592932
50.866264813,2.157866937268332,0.1796669587861097,-0.0441262171734872,3.5473376762276305,0.05280308362311322,-2.903924967888699,-0.3387710204210981,0.5192803854184347,1.0801295150036658
50.882934337,2.164603345050346,0.1793686846924693,-0.0443199770669248,3.5520488404865427,0.05584555688006193,-2.9124076957433385,-0.33963635224015487,0.5137393644803199,1.0716467871490263
50.883945464,2.1713402285934063,0.1790694563757824,-0.044496348660642,3.552334606617814,0.05603010485256991,-2.912922234440872,-0.3396888408634777,0.5134032615491213,1.0711322484514927
50.900096701,2.1780775873679907,0.1787689162084715,-0.0446665659613368,3.554270178824832,0.056174026593656015,-2.92226877424772,-0.3408698046879972,0.5118629766140153,1.0617857086446456
50.917533087,2.1848144685601443,0.1784674229166683,-0.0448415650038429,3.5550803447874104,0.054964896618669566,-2.9329077238863537,-0.3423114279344084,0.5120631929938102,1.051146759006011
50.949592396,2.1915513477950523,0.1781646183237541,-0.0450104131181741,3.558857728985256,0.05710742731942021,-2.944596821820297,-0.3432268227208737,0.507818063835975,1.0394576610720687
50.951190452000006,2.1982887031707,0.177860740298347,-0.045183978651304,3.5586491472159762,0.05676248875172454,-2.945589899000769,-0.34334540708236183,0.5082033257198542,1.0384645838915958
50.967006179,2.205025103673799,0.1775561481165533,-0.0453515219480522,3.556584843887376,0.05334868209011563,-2.955418238918896,-0.3445190192009324,0.5120162063566513,1.0286362439734695
50.983917864000006,2.211761978600556,0.1772497672474119,-0.0455238395908251,3.555895401429885,0.05155042567968386,-2.965886881987897,-0.34540211731963755,0.5137276953962275,1.0181676009044676
51.000316693,2.218498376156393,0.1769424332536815,-0.0456793903765725,3.556185244664611,0.050976090267128724,-2.9760123251430937,-0.34602366233516024,0.5138936835298709,1.008042157749271
51.032891885000005,2.2252342946873926,0.176633669299025,-0.0458397480294306,3.5624858099727295,0.05681926575254727,-2.9858609918605303,-0.3458568240154265,0.5053022931924267,0.9981934910318344
51.03349041600001,2.231971167238263,0.1763243081991396,-0.045994160766498,3.5624841690029263,0.05673706864162698,-2.9862397052809513,-0.34591707413272665,0.5053582304893838,0.9978147776114135
51.066822711,2.2387075608744613,0.176013755556824,-0.0461533764939128,3.5625756373831337,0.053045872980855,-3.007187570995532,-0.3487326384282037,0.5077469308826346,0.976866911896833
51.08293839,2.2454444302445338,0.1757023679007475,-0.0463015412655479,3.563047229109455,0.05333287617530532,-3.016981922188604,-0.3488323570031584,0.5072039522497507,0.9670725607037607
51.099613014000006,2.2521808211501324,0.1753896694927621,-0.0464438988286803,3.564570360065366,0.05205762212751295,-3.0278887082255688,-0.35079789678210016,0.5069161082422329,0.9561657746667969
51.116282658,2.258917688655487,0.1750762552798935,-0.0465962533810583,3.5667273737641487,0.04981933181979137,-3.039265751758208,-0.35390406501510085,0.5067962311940821,0.9447887311341567
51.116916226,2.265653600852778,0.1747617692830178,-0.0467376974848969,3.5667969400306228,0.04977127019829476,-3.039554960402123,-0.35398623786466876,0.5067763061423656,0.9444995224902417
51.133777055,2.272389988603273,0.1744462098539174,-0.0468786835425587,3.568468621976538,0.049027734675401335,-3.0451794953738114,-0.3556538442360293,0.5060236743650002,0.9388749875185542
51.166159901,2.279125899210522,0.1741299357186705,-0.0470192089131199,3.5457112888756193,0.05860626329669781,-3.057158614195524,-0.33335763169788324,0.5166313756649505,0.9268958686968407
51.167065587,2.285862284994952,0.1738125881513706,-0.0471489620289803,3.544796183240097,0.05899225272426383,-3.057506272247257,-0.33246045436097793,0.5170573791725661,0.9265482106451088
51.199503658000005,2.2925981929854387,0.173494287459675,-0.0472628418419001,3.535765485065372,0.06753452758120206,-3.075392448099583,-0.320074408817864,0.5181108710132403,0.9086620347927816
51.216251993,2.299333623331808,0.173175510480608,-0.0473867710177344,3.5340980333742276,0.07138162896644774,-3.0787448130417125,-0.31609347654653197,0.5167945266579403,0.9053096698506522
51.232816306000004,2.306069529379731,0.1728554216507021,-0.0475000675294732,3.532665804362961,0.07601025326407243,-3.0852685487678944,-0.3116858769105053,0.5147824361336912,0.8987859341244704
51.249610158,2.312805910950015,0.172534497807132,-0.0476130868161551,3.5314157085076032,0.0814701397886476,-3.094870188232683,-0.3067791523995598,0.5120811114433761,0.8891842946596817
51.266233915,2.319541815550383,0.1722133360944288,-0.047720731972665,3.5320147594282063,0.08138568536881284,-3.100254809675116,-0.3072409242243408,0.5116902644959103,0.8837996732172488
51.266990196,2.326277719357565,0.1718912207079026,-0.0478281125903802,3.5320457289775935,0.08137073551015982,-3.1004914407637383,-0.3072726952527507,0.5116771034542809,0.8835630421286265
51.299501988,2.3330140990051174,0.1715686279353863,-0.0479250511902755,3.540072011047486,0.07704894291657192,-3.1198873956113626,-0.31584049513369505,0.5085639217558313,0.8641670872810021
51.316860365000004,2.339743801532145,0.1712446123431682,-0.0480176797801861,3.5355118704005806,0.0776208615908182,-3.1300207232570134,-0.31237832578470925,0.5115863970805368,0.8540337596353513
51.317228046000004,2.3464777970219552,0.1709220223174022,-0.048261061273252,3.5353278137959183,0.0776648432498972,-3.1302126629136513,-0.312222989814567,0.5116944801802106,0.8538418199787134
51.333421302000005,2.353216078971179,0.1705945397695808,-0.048437217186826,3.5280886858601144,0.07967269842987139,-3.1383804225813066,-0.30590599603161106,0.5157604419656656,0.8456740603110582
51.35094806,2.3599519778121696,0.1702688481071279,-0.0484977005486643,3.5319707736824553,0.08280317447752808,3.1398238398856275,-0.3061537965964076,0.5107795704530282,0.8406930155984065
51.382821505,2.366687875290792,0.1699416067247459,-0.0485982479102355,3.5329604423827408,0.08224621917113283,3.12348313604969,-0.3072281942757007,0.5104117213312729,0.8243523117624689
51.39953323,2.373423773400997,0.1696129348307976,-0.0486885211676927,3.537125882500003,0.08502671562830236,3.116323030698851,-0.30792578613760435,0.5054523446050063,0.8171922064116299
51.400321853,2.3801577606696416,0.1692848611822208,-0.0487788041001234,3.5375079489437087,0.08532323230037116,3.1160959325455373,-0.3079588144551635,0.5049698448283637,0.8169651082583163
51.432928455,2.38689318029702,0.1689554745827377,-0.0488487492485519,3.5434954721694414,0.0937713907833015,3.1017267888217237,-0.3056395494398507,0.49487812416634913,0.8025959645345027
51.449584484000006,2.3936276441529314,0.168626327501464,-0.0489337095244162,3.5426339806296285,0.09687618600836952,3.091720159266467,-0.30274905774767724,0.49345440409546093,0.7925893349792461
51.466260931,2.400362107964033,0.1682963459552986,-0.0490134841399379,3.5442965858039104,0.10148497014616577,3.081859337197793,-0.30041627162209084,0.489145894366259,0.7827285129105719
51.467486978000004,2.4070984789468004,0.1679658853747109,-0.0490831578610474,3.5444188199996067,0.10182380646818376,3.081134372742542,-0.30024476593920024,0.4888291341218278,0.7820035484553212
51.483627825000006,2.4138338951943576,0.1676348298469471,-0.0491527621176397,3.5436084372408088,0.10655818680005981,3.072714642305268,-0.296172160304085,0.48628257552571386,0.773583818018047
51.500254137000006,2.4205688340056404,0.1673034172409901,-0.0492123723226722,3.5418963898292417,0.11020214593556311,3.0645823408360506,-0.2923131457085786,0.48513472933726387,0.7654515165488296
51.532875036,2.4273047270372947,0.1669717651175322,-0.0492817393750945,3.5351213583554806,0.1052070022206314,3.05159790628902,-0.29153129366643027,0.49351573283251815,0.7524670820017989
51.549639932000005,2.434039188027461,0.166639518596465,-0.0493362618436703,3.5349129114319244,0.11060359568724394,3.0428280075508773,-0.2873651540547839,0.49007917177528393,0.7436971832636563
51.550204889,2.4407750795410563,0.166306793590242,-0.0493956018544258,3.5349058870192116,0.11078545445064378,3.04253247242311,-0.2872247601187552,0.4899633637663827,0.7434016481358889
51.567228939,2.4475104936852103,0.1659738307150682,-0.0494549177969133,3.5368849411973904,0.10438977053886923,3.0345730735660386,-0.2933150700798173,0.4927435710819772,0.7354422492788175
51.599567771000004,2.454246385743009,0.1656409864993234,-0.0495190344811612,3.538522702038049,0.1034648824327989,3.0182296304892047,-0.29509543816527506,0.4921369673726015,0.7190988062019836
51.616308281,2.4609817980092417,0.1653071891600953,-0.0495732644455722,3.5382418982515795,0.10354764517878215,3.007786086669366,-0.2948467628924214,0.49229143758749583,0.7086552623821452
51.632857175000005,2.4677162575665355,0.1649733929191314,-0.0496323183357611,3.538007837214462,0.09754253436288705,2.9960065150803477,-0.29917248376966876,0.49646328122939076,0.6968756907931266
51.633468821,2.474452147137567,0.164638879774698,-0.0496962317850057,3.5379991863344027,0.09732058587436128,2.995571142913235,-0.29933236211994796,0.49661747228748654,0.696440318626014
51.666202415,2.4811861283838854,0.1643041304095746,-0.0497453586947463,3.537348796603514,0.0896917960474377,2.974658432173685,-0.30459268885350266,0.5021807809866035,0.675527607886464
51.667046724,2.487920585720269,0.1639684268212545,-0.0497993028789215,3.5374087304354207,0.09047850687900123,2.97456136341199,-0.30404547272867966,0.5016123968652204,0.6754305391247688
51.683489797,2.4946569510721783,0.1636330786630388,-0.0498580774543209,3.538575952830552,0.10579984495933238,2.972670931432013,-0.29338833809286635,0.4905430116047085,0.6735401071447922
51.700256657000004,2.501391411998419,0.1632983287472643,-0.0499167107825767,3.5342673226271066,0.11496147836244601,2.9660891270577388,-0.2836832140199692,0.4876602373206609,0.6669583027705177
51.732817191,2.508120143820128,0.1629619164971209,-0.0499852386343955,3.533193836157409,0.11162917018888707,2.9495189559214534,-0.2854555201859803,0.4906794395030447,0.6503881316342324
51.749586886,2.5148517391108203,0.1626252625311982,-0.0500291999355764,3.535840596105101,0.10799371128185792,2.9411717535309245,-0.2899303616782074,0.4911240666556682,0.6420409292437035
51.76621298800001,2.52158667151789,0.1622881278830543,-0.0500877057416798,3.5353721076877536,0.10849379225411161,2.9323243779939983,-0.2892453203986016,0.491140824377315,0.6331935537067772
51.766833821000006,2.528321603935971,0.1619506356070858,-0.0501462113164013,3.53535461392586,0.10851246570927547,2.9319940093545718,-0.2892197403659069,0.49114145012510635,0.6328631850673507
51.783465363000005,2.535054628033009,0.1616127879011524,-0.0502046338310398,3.518686110913315,0.11942191179593035,2.9274792953225592,-0.26998317884834133,0.4963192592735548,0.6283484710353382
51.816213265,2.5417895593957187,0.1612744611607538,-0.0502531665992048,3.4928379812904904,0.1380836480999622,2.9209279173688785,-0.23885099383685526,0.5031875387735587,0.6217970930816574
51.832846530000005,2.5485211541862545,0.1609364958930547,-0.0503260073845008,3.493639327141514,0.13962444013460495,2.9151068747706175,-0.23823452326262062,0.5015639134171193,0.6159760504833964
51.833814224,2.5552546528531064,0.1605974555460727,-0.0503744145477134,3.493710937911359,0.13971355947047281,2.9145062384351963,-0.23821568103084356,0.5014511511508908,0.6153754141479753
51.866234882,2.561988152463686,0.1602582959893864,-0.0503986837733738,3.4936948281791027,0.14271975747931134,2.8944942297169156,-0.23596148034891895,0.4994621651586244,0.5953634054296946
51.868144973,2.5687226051775807,0.1599185392878898,-0.0504422229205173,3.493414603679815,0.1428992327834722,2.893328052914871,-0.2356410156268467,0.49955182851073543,0.59419722862765
51.883366017,2.57545801151697,0.1595787814877104,-0.0504809153773343,3.4913131365992403,0.14429927249004354,2.8842299357176966,-0.2331973938034695,0.5001882147574666,0.5850991114304755
51.900294585000005,2.582193417793196,0.1592387852690135,-0.0505292127933934,3.4925218110654503,0.14504370143369916,2.879362600564855,-0.23344636547218967,0.49879068782549174,0.5802317762776341
51.916900598000005,2.588928346322481,0.1588978359258993,-0.050577493229841,3.49295809588932,0.1456534389200324,2.872422607316672,-0.23328173134603425,0.4980592373115922,0.5732917830294508
51.933505709,2.595662320447053,0.1585570068910972,-0.0506305441951933,3.4922319106373036,0.14607620615785769,2.862123908475361,-0.23248285794165513,0.49831977222556656,0.5629930841881401
51.950158311,2.602385804597179,0.1582161899418502,-0.0506898489731256,3.491851779971141,0.14774377656735121,2.85182818144502,-0.23098535128628184,0.49749347675112254,0.5526973571577991
51.967119020000005,2.609121684307046,0.1578729745249796,-0.0506262464271939,3.491890256751267,0.14965707613451373,2.8421306605157586,-0.2295830975605755,0.4961912171053311,0.5429998362285375
51.983526325,2.615856613128645,0.1575332172744636,-0.050601732064615,3.493343319436165,0.1504078470627924,2.8364142910950036,-0.2299900078559447,0.49460708574571655,0.5372834668077826
52.000027698000004,2.622591547799145,0.1571920295099982,-0.0506496310863164,3.493752006966044,0.15193808181678703,2.8275201764172433,-0.2291200517876768,0.4932835222456551,0.5283893521300222
52.018024603,2.629318367647507,0.1568525200182751,-0.0506545923347625,3.493644166211724,0.15362714276927608,2.817443933806624,-0.2277877507692203,0.49223971645637477,0.5183131095194029
52.033559113,2.636045682054392,0.1565121755041933,-0.0507020984513816,3.49306376737315,0.15382262241594827,2.8126368982678134,-0.22725553793044684,0.49254274219509275,0.5135060739805923
52.051059021,2.642767748023776,0.1561739828013818,-0.0507115005832537,3.4933393109058994,0.15483423107490368,2.8045259576081456,-0.22668399991830324,0.49166375378903204,0.5053951333209246
52.067028691000004,2.649480235730807,0.155830794315113,-0.0506932439008879,3.4943679273232418,0.1564191698065405,2.7948700185737945,-0.22618586093496607,0.48984113477499003,0.4957391942865734
52.099497561,2.656209918124969,0.1554897318060275,-0.0507028004506463,3.497475785551738,0.15612642537858448,2.7822815722363003,-0.22847300770825063,0.48771664855333885,0.4831507479490793
52.100444215,2.662941985130742,0.1551484281314382,-0.0507364357746522,3.4975017632916274,0.15624975342529138,2.781580620838496,-0.2283982614563378,0.4876151712263179,0.48244979655127507
52.132864673,2.6696764353145377,0.1548068832919997,-0.0507508936121046,3.4966579697279867,0.1586805679486689,2.763267526634568,-0.22602253106779457,0.48662686360919816,0.46413670234734683
52.133518128000006,2.676410886516236,0.1544651000335501,-0.0507700632325679,3.4965989006337455,0.15868605961863685,2.763036545501815,-0.22597911470147292,0.48666729052435276,0.46390572121459384
52.150618684,2.683145813136756,0.1541235546449419,-0.0507941104072129,3.4951805453759226,0.15938646994436814,2.7543000521869816,-0.22451231321722176,0.4872595739595278,0.45516922789976055
52.167065443000006,2.6898802654944105,0.1537801024561399,-0.0508131555204594,3.493950969111972,0.1606478169795046,2.7430557440710563,-0.22275255013108053,0.48733759967691626,0.4439249197838353
52.199507302,2.6966128070802937,0.1534387982332289,-0.0508324167505027,3.4935638344829445,0.15985314705584108,2.7290914706419986,-0.2230879121112017,0.48815546632304896,0.4299606463547776
52.20014106,2.7033434403869885,0.1530965425339679,-0.0508660494056089,3.4936189149561976,0.15992650991310609,2.7287124529570477,-0.22306982566596112,0.48806552830073135,0.42958162866982663
52.216893943,2.7100769363871198,0.152754045119282,-0.0508900093065847,3.49507492296556,0.16186579803934306,2.7186934252983486,-0.22259172503292612,0.4856880890176827,0.4195626010111275
52.249550039000006,2.7168113855265545,0.1524113081875889,-0.050918774486789,3.494354957940969,0.16288211802102082,2.7056156373159013,-0.22135403304328527,0.4855488967744699,0.4064848130286802
52.250250935000004,2.723546788600674,0.1520684509477985,-0.0509426986080413,3.494414432486062,0.16293692098931864,2.705124880870896,-0.22135272236257553,0.4854680335011978,0.4059940565836748
52.266910501000005,2.730280283122406,0.1517251190688757,-0.0509570622042641,3.495828080315838,0.164239530317031,2.6934601126520334,-0.2213215688507959,0.48354599793805697,0.3943292883648124
52.299563832000004,2.737015686672417,0.1513813081546826,-0.0509808924113163,3.494950067208857,0.16478643467950568,2.6793747498784404,-0.22032899307747478,0.4838372104582893,0.38024392559121933
52.300307440000005,2.7437496580392176,0.1510384525634962,-0.0510048485602624,3.4949913453188217,0.1648569791248816,2.678890407640538,-0.22030382273381255,0.483759448932227,0.37975958335331716
52.31695423,2.7504821982105816,0.1506950025743142,-0.051033548828527,3.495915418255336,0.1664362232532905,2.668047673938803,-0.21974034651356922,0.4820186395347532,0.368916849651582
52.349581192,2.7572166472537707,0.1503492854108359,-0.0510573302161781,3.4985979064382,0.17116741460998172,2.653987890907608,-0.21799507213449898,0.47686752976630586,0.35485706662038696
52.366159272000004,2.763947277898177,0.1500057184107861,-0.0510669738465002,3.494450580078297,0.17291628092639583,2.6428611787810823,-0.21392934613434633,0.4787985195176807,0.34373035449386125
52.366775346000004,2.7706812489219894,0.1496617899362979,-0.0510860270940645,3.494713732061263,0.1728736813682266,2.6426315881376414,-0.21413629873311502,0.47863048883489245,0.3435007638504204
52.383392971000006,2.777413788786357,0.1493176246916171,-0.0510860695720003,3.5018118419814064,0.17172462543854544,2.6364387424466855,-0.21971851885458538,0.4740981260423287,0.3373079181594645
52.41626524,2.78415014409276,0.1489734550517753,-0.0511242019533532,3.5022361315305086,0.17676806182774313,2.6162235878539706,-0.21623710160681453,0.4704244349583804,0.31709276356674954
52.416997255000005,2.7908850684637208,0.1486294062694581,-0.0511337729975703,3.502269872222807,0.17673884794516181,2.6159652352126015,-0.21628136219791028,0.47041870038533107,0.31683441092538045
52.43363575,2.79761999297936,0.1482852382778016,-0.051148036617964,3.5030862414063253,0.17615057474451948,2.610105752409309,-0.21726377897685323,0.470201027982752,0.31097492812208793
52.449988801,2.8043549164087853,0.1479404742402755,-0.0511718883687324,3.504860428542589,0.17706100167519967,2.60459833363657,-0.21776528985007415,0.4682709751247631,0.3054675093493491
52.46702324100001,2.8110898408810927,0.1475961870393657,-0.0511766527713209,3.50763587066523,0.1792620197016697,2.594779519930057,-0.21797011615900796,0.4647346485685544,0.29564869564283613
52.499555291,2.817824288058134,0.1472515427601982,-0.0511909197468714,3.505377861175375,0.1795652082162292,2.5780310638738637,-0.21624085792453007,0.4662179543664684,0.2789002395866427
52.499696500000006,2.8245596912431346,0.1469073742183523,-0.0512146524473387,3.5053474898024435,0.17955407979086638,2.5779728854067123,-0.21622894686607808,0.4662480274246992,0.2788420611194913
52.517367373000006,2.831291752178148,0.1465624942683407,-0.0512147039696916,3.509811931211975,0.17975970853424988,2.5715910417890573,-0.21904714493019606,0.4627794138759387,0.27246021750183624
52.533473924000006,2.8380261986214967,0.1462172539431426,-0.0512242248530991,3.510600312022752,0.18067366441969476,2.5628178504911663,-0.21888984228176334,0.46158270357676967,0.26368702620394524
52.55017603100001,2.8447611217799165,0.1458721322779207,-0.051219449401576,3.5083428551401994,0.18210102770619546,2.5520202053346726,-0.21632199818596742,0.46231731519383157,0.2528893810474515
52.582903774,2.8514965222446134,0.1455270100631319,-0.051224196343543,3.50690407561635,0.18447851394305165,2.5368056945401234,-0.21359002675748906,0.46180853288412926,0.23767487025290235
52.599530206000004,2.858230968425776,0.1451818889473267,-0.051224303399587,3.5066780702472045,0.18374690365772037,2.525409409361435,-0.2139855804217694,0.46246417709798315,0.22627858507421417
52.616214127000006,2.8649663694780085,0.1448367667322696,-0.0512337520865357,3.5106272139956727,0.18410830890847033,2.5203033579790066,-0.21634452860826903,0.4592764328242458,0.22117253369178558
52.617054179,2.8717003390307654,0.1444917653749947,-0.0512289606316393,3.5108260573073955,0.1841265060219487,2.5200462632183758,-0.21646330399338076,0.459115926732625,0.22091543893115473
52.632894372,2.878434785266272,0.1441464058406183,-0.0512241987147442,3.512607270898835,0.18571048761744924,2.5110866211482747,-0.2164668287719036,0.45673229355422906,0.2119557968610537
52.666264109000004,2.8851658939895466,0.1438014077793708,-0.0512196944725805,3.50941306175909,0.19007257877224665,2.494775808993194,-0.21108531592599844,0.45621255250279225,0.1956449847059729
52.666876326,2.8919008160690933,0.1434554516497295,-0.0511958056023907,3.5094270566874313,0.1900917387133567,2.494563519608052,-0.21108033257856995,0.4561893549250948,0.19543269532083096
52.683510122,2.898635263061794,0.1431106881613731,-0.0511814156363946,3.509807295692655,0.19061230993532297,2.488795665521307,-0.21094493616761723,0.45555908203964446,0.189664841234086
52.859876289000006,2.905366849288177,0.1427661663875614,-0.0512196045325787,3.515630758587702,0.19989628275896548,2.399408888024692,-0.20789271316070268,0.4450334558731792,0.10027806373747117
52.859920663000004,2.91211098168398,0.1424196037051566,-0.051335518017981,3.5156293485341257,0.19989666804461675,2.3993737641143866,-0.20789148705756277,0.44503425171688926,0.10024293982716559
52.859939729000004,2.91879855044642,0.1420751325395859,-0.0511337013288878,3.5156287426820167,0.19989683358876936,2.399358672563615,-0.20789096024270526,0.44503459366388887,0.10022784827639386
52.859956612000005,2.9255321326872297,0.1417298932722277,-0.0511964933110519,3.5156282061981625,0.1998969801786114,2.3993453089502896,-0.2078904937465742,0.4450348964589801,0.10021448466306859
52.859973834,2.9322335859074924,0.1413849293126789,-0.0510908397139763,3.5156276589420514,0.19989712971188506,2.3993316770040325,-0.20789001788349504,0.4450352053340052,0.10020085271681145
52.859996147000004,2.938969970971096,0.1410390907294215,-0.0510800756339988,3.515626949911415,0.19989732344872957,2.3993140153145127,-0.20788940135040468,0.4450356055156588,0.10018319102729167
52.860013901,2.9456891271096985,0.1406948216720867,-0.0509904992126563,3.515626385750168,0.1998974776011939,2.3992999622676034,-0.20788891078757166,0.44503592393205604,0.1001691379803824
52.860031504000005,2.9524211905373416,0.1403506569765756,-0.050971341585448,3.5156258263871827,0.1998976304425722,2.39928602874362,-0.20788842439703714,0.4450362396402827,0.10015520445639892
52.860049248,2.959155161517822,0.140006609292834,-0.05095216459326,3.515625262543701,0.19989778450820964,2.3992719836121372,-0.2078879341105151,0.445036557877331,0.10014115932491618
52.860085016000006,2.9658877029310915,0.1396632785123579,-0.0509284995553069,3.5156241259592975,0.19989809507063755,2.399243671717244,-0.20788694580075928,0.44503719937320296,0.1001128474300228
52.86718912800001,2.9726216736728865,0.1393193500379985,-0.0508852635609273,3.5153983816375813,0.19995977786729177,2.3936204645982135,-0.2076906512582104,0.44516461098474513,0.0944896403109925
52.883590821000006,2.979357553335751,0.1389761346211494,-0.0508611445700096,3.5156502171152426,0.2013147421135236,2.3844074118016447,-0.2068470917144669,0.4440747685591919,0.08527658751442369
52.899952699,2.986084371922328,0.138632572014715,-0.0508382997046549,3.516811844410791,0.20337910388522107,2.379144547348022,-0.2060797026816763,0.44183376843189137,0.08001372306080112
52.932950367000004,2.992814055285197,0.1382921055515529,-0.0509771976706415,3.517914991767853,0.19979113564429002,2.361804027589816,-0.2094916314714994,0.4433987579278611,0.06267320330259496
52.949664246000005,2.999550884449745,0.1379454319689826,-0.0511198669953451,3.517296941377169,0.20191788316826714,2.3518355919784693,-0.2074930823232468,0.44244437717670015,0.05270476769124821
52.950212130000004,3.0062839017070546,0.1376015045932417,-0.051052942988731,3.51737610359986,0.20197053709499407,2.3516492397695066,-0.20750648009996508,0.4423502517652529,0.05251841548228553
52.967075444,3.013015965543041,0.1372578167346368,-0.0510625212388838,3.51981263654876,0.20359117157187245,2.3459135077270865,-0.20791885008283373,0.43945316703816095,0.04678268343986547
52.999680503,3.0197470762309027,0.1369138915559505,-0.051086306227548,3.5169870986487677,0.20233134906986466,2.3302352497718415,-0.20697827944110125,0.44240039353586447,0.031104425484620446
53.000365789,3.026480091868806,0.1365691297160371,-0.0510623712724728,3.5171556951138543,0.20223921135162914,2.3297017472422157,-0.20715926281376307,0.44233590209471796,0.03057092295499464
53.032905133,3.033213585628195,0.1362246057447307,-0.0510336732538703,3.523465083025251,0.20226916090710254,2.313346367810478,-0.21133661480280885,0.43760737133432626,0.014215543523257157
53.033595770000005,3.0399480333472484,0.1358806767209547,-0.0510289685344106,3.5235711250905197,0.20234218603824963,2.3131467539782893,-0.21135270184042776,0.4374796262889973,0.01401592969106824
53.0503158,3.0466743755404337,0.1355372338729434,-0.0510346239610116,3.5253232321469565,0.20496017195488608,2.3042432867980622,-0.2105651915817428,0.4344294530169699,0.005112462510841187
53.066740718000005,3.053391182561932,0.1351929675463543,-0.0509404947430954,3.5251821789161357,0.20765020835484232,2.294780495897916,-0.2084637714193316,0.4327441562632717,-0.004350328389305158
53.083310532000006,3.060130398592084,0.1348507019589042,-0.0509384704611306,3.5203209483149647,0.20953025036944922,2.2887530256106148,-0.20382495670738932,0.4351206071890674,-0.010377798676606265
53.10029131,3.066863893780675,0.1345078469167694,-0.0510098764293462,3.520131836975264,0.21071725375056377,2.2782890589098335,-0.20281323729590373,0.4344716357274412,-0.020841765377387578
53.132931546,3.0735969111283192,0.1341640387502604,-0.0510241825723532,3.5232408400245596,0.21207487601023198,2.2632211256921293,-0.20386950377216406,0.4312477654925204,-0.035909698595091744
53.149635967,3.0803313586630314,0.1338199905172954,-0.0510289834700545,3.530457025289667,0.21531670051123974,2.258229669135165,-0.20625347411163064,0.42370459365991353,-0.040901155152055946
53.166194510000004,3.0870667611988103,0.1334762988128388,-0.0510241585232956,3.535109016055241,0.2180038921114212,2.250799264412249,-0.20734455944973407,0.41844421823946654,-0.04833155987497184
53.18289969200001,3.093801209282874,0.1331327274167155,-0.0510289462135934,3.535674051032378,0.219586489387899,2.2399521290293674,-0.20653959524591192,0.4169691211933477,-0.059178695257853686
53.183686912000006,3.100536134665874,0.1327893938895751,-0.0510242290280203,3.5357006779098765,0.21966106817596534,2.2394409653727188,-0.2065016618716733,0.4168996082783347,-0.05968985891450229
53.200164931,3.107268675780966,0.1324458246906889,-0.0510290268999006,3.536300051208623,0.22010571586515856,2.23358951108842,-0.20656878782003218,0.41615633576719757,-0.06554131319880119
53.216966818,3.1140035994615656,0.1321012990715944,-0.0510385044743064,3.538121950647471,0.2204736218930047,2.2251817920603187,-0.20750693201159676,0.4145517928770155,-0.0739490322269023
53.23372959,3.12073852440538,0.1317577271261082,-0.0510241993672669,3.5410438226902246,0.22080732198129782,2.214172411760316,-0.20920277569728318,0.41214912640476653,-0.08495841252690495
53.266304913000006,3.127472972527628,0.1314136788928749,-0.0510289360303335,3.5407990731519163,0.22169925442188498,2.1997093493243343,-0.20837422869801747,0.41173808421096947,-0.09942147496288678
53.266971263,3.134211253239138,0.131069149419556,-0.0510137545612516,3.540835902406093,0.22172624637185412,2.1992629284236695,-0.20837859960534466,0.41169263253888344,-0.09986789586355149
53.299550383,3.140931380378184,0.1307284555337974,-0.0510575589615849,3.5448487943622764,0.22355335179316743,2.1837634256855623,-0.20968615171296534,0.40748170347768387,-0.11536739860165879
53.30030596300001,3.147662493307501,0.1303850071911799,-0.0510479864050094,3.5449865483709555,0.22360597594736567,2.1835317590749597,-0.2097385720195537,0.40734387176881626,-0.11559906521226138
53.317023839,3.154394078662139,0.1300413198826786,-0.0510671513376486,3.5464439142081337,0.22518706788422865,2.1747856844318356,-0.20952869129402263,0.4052038444378603,-0.12434513985538542
53.333504904,3.161128048936098,0.1296965569436207,-0.0510671089917289,3.5473592629799002,0.22665215309389672,2.1649602021974843,-0.20904460300799066,0.4035455330747899,-0.13417062208973674
53.366166081,3.167841993602001,0.129353009169395,-0.0510842918485138,3.551941602309317,0.22682566166562884,2.154011388084993,-0.21196524795553184,0.40001031426334555,-0.1451194362022279
53.383028232,3.174587883166442,0.1290072788230849,-0.0509860192611831,3.5532328556876465,0.22815116193653776,2.1457003569611723,-0.21183554217063483,0.3981643828820123,-0.1534304673260487
53.399600501,3.1813194708058674,0.1286641875599058,-0.0509045085310755,3.5545740262438255,0.22944644179635712,2.133462573876736,-0.21176161564858687,0.39630131464779383,-0.16566825041048494
53.416299992000006,3.1880524886830326,0.1283207370209745,-0.0508996342149487,3.552879021909697,0.22933448636674708,2.1275401529440074,-0.21071692449683077,0.3976407899586434,-0.1715906713432136
53.417257638,3.1947831238265096,0.1279783621116014,-0.0509045173654273,3.5527803929466564,0.22932740211298197,2.127203530208347,-0.21065656120034726,0.39771911065475596,-0.17192729407887386
53.449716368000004,3.201517094172452,0.1276343144281496,-0.0508852175862551,3.55611042510048,0.23130579145626717,2.108104321538546,-0.21139668218568186,0.3939170902094937,-0.19102650274867505
53.450250837000006,3.2082501127708203,0.1272911023074352,-0.0508564351452606,3.5561340189931414,0.23133539963504052,2.1079193171233506,-0.2113902908210079,0.393879774442333,-0.19121150716387048
53.466874844,3.2149826551219545,0.126948605991443,-0.0508469214929757,3.556867878275461,0.23225632595851953,2.1021649802147024,-0.21119149521063774,0.39271911297367756,-0.1969658440725186
53.48349991400001,3.221712812319467,0.1266056355855632,-0.0508323575793357,3.558761100080802,0.23072149846075796,2.09249434114329,-0.21359709320444864,0.39232785532930947,-0.20663648314393113
53.500336917000006,3.228444400280571,0.1262627827407835,-0.0507843694724641,3.560565111178618,0.2286431151709079,2.081857994287444,-0.21634895710048285,0.3923649799609601,-0.21727282999977726
53.51681155,3.235179803210011,0.1259200447103323,-0.0507699339826562,3.5594133408196447,0.22963635404676083,2.076248666939339,-0.21484106861439045,0.3925634005693279,-0.22288215734788208
53.533859566000004,3.241913776089722,0.1255776659555476,-0.0507411276525187,3.561291859631783,0.22939901312861619,2.0665686740320304,-0.21626858636156765,0.3913194726291005,-0.23256215025519067
53.550478914,3.24864774874176,0.1252350487823206,-0.0507170329157538,3.5634569821736974,0.22921787018062026,2.0566062524813544,-0.2178449358192367,0.38982424997798093,-0.24252457180586662
53.566989535000005,3.2553821985443845,0.1248929078966904,-0.0506833053988684,3.5618213852965,0.23116845850552104,2.0511711823903536,-0.21530054442309465,0.3897465043596169,-0.24795964189686748
53.599562674000005,3.2621180789262594,0.1245507653629714,-0.0506784888642346,3.5611568387406853,0.23171084731691674,2.029951029689137,-0.21445342776606058,0.3898814158748709,-0.26917979459808405
53.600223263000004,3.268852529787926,0.1242093397324966,-0.050644874539271,3.561032637907833,0.23184319058664102,2.0297144003482828,-0.21427199059100754,0.3898860136385931,-0.2694164239389383
53.632886624,3.275585073264936,0.1238676778809022,-0.0506064091087915,3.554601930671327,0.234969229364593,2.016857674178687,-0.20765862138026936,0.3926043700694857,-0.28227315010853404
53.633543486,3.282318570305755,0.1235264917677458,-0.0505484264831529,3.554467560638314,0.2349724957912381,2.0165789597770196,-0.20756674329280633,0.39270247405696423,-0.2825518645102014
53.650525285,3.2890539751851,0.1231853034569552,-0.0505337758710739,3.5597553829310518,0.2343379071308303,2.006233789880228,-0.21156004725497235,0.38917865640656757,-0.2928970344069932
53.667179029,3.2957869957583523,0.122844356311529,-0.0505193281278499,3.564737370990715,0.2342573868597868,1.9969134236166308,-0.21493628710740298,0.38551427473982836,-0.3022174006705902
53.699546967,3.302520970705475,0.1225035272763511,-0.0504952194520033,3.5669064021962296,0.23220769803247662,1.9839955858772225,-0.2179097042498097,0.3852598908634963,-0.3151352384099986
53.716482127000006,3.3092554217676424,0.1221624592736042,-0.050471013406915,3.567189507956839,0.23450718537707121,1.9737844368829087,-0.21638207655510255,0.38351801126203,-0.3253463874043123
53.73289436100001,3.315991304487934,0.1218222240871878,-0.0504467654364298,3.5674992616536714,0.23738705731879917,1.9648381561665573,-0.21443905470008984,0.3813699247124709,-0.3342926681206637
53.733979039000005,3.3227109750776176,0.1214821267878814,-0.0504392563593486,3.567615054402139,0.23742999620768857,1.9645109572455333,-0.21448408494422955,0.3812549291217313,-0.3346198670416878
53.750137278000004,3.329438753500743,0.1211436890786734,-0.0503034985018885,3.569339996646944,0.23806964855527063,1.959636738015079,-0.21515489180768377,0.3795418619818851,-0.33949408627214206
53.767130409,3.336171778299153,0.1208059605816929,-0.0503797337126544,3.569729274415691,0.23901235442963886,1.953596228706691,-0.21471047949299704,0.3786238591271158,-0.34553459558053
53.783537573000004,3.34290575231723,0.1204647739191199,-0.0504807563040113,3.5705716288809537,0.23986031706884198,1.945449393921015,-0.2146383529062943,0.3774307960784373,-0.35368143036620614
53.801076896000005,3.34964020429009,0.1201246595901423,-0.0504468427549629,3.572295984243838,0.2406383367844258,1.9339378955893043,-0.21520550776634728,0.3756260657772388,-0.36519292869791675
53.817209376,3.356373703472496,0.1197849039872857,-0.0504468568056189,3.571261855127502,0.24134594643886553,1.928412811346357,-0.21398908507039005,0.37592681530270866,-0.37071801294086404
53.849584096,3.3631091086353355,0.1194444309320047,-0.0504371225677751,3.574307541182253,0.2415672804583239,1.9093168760673498,-0.21585119978626954,0.3735065423682693,-0.38981394821987125
53.851255392000006,3.369844037773465,0.1191043160535246,-0.0504177878456196,3.574338552662649,0.241496551707372,1.9085297747877696,-0.21592462562228443,0.37353047800557126,-0.3906010494994514
53.867362835,3.3765775363360144,0.1187640836138585,-0.050403267564359,3.5736379487362875,0.24052821245168451,1.9025130688491831,-0.21618094043078218,0.37469788089004696,-0.3966177554380379
53.902135225,3.3833096054921925,0.1184246872866577,-0.0504034590152678,3.5744297082700403,0.2422669572539645,1.8821513476725142,-0.2154103599475592,0.37294964681944354,-0.4169794766147068
53.916246583,3.3900397671623668,0.11808529315693,-0.0504276700204841,3.575648096038309,0.24465238339671266,1.8778844632954943,-0.21444114703681638,0.3704525779437371,-0.42124636099172674
53.917200812000004,3.396774695418453,0.1177448206510333,-0.0504032956814681,3.575730485057263,0.24481368911957585,1.8775959308372991,-0.21437560755673202,0.3702837227891731,-0.4215348934499219
53.933898009,3.403509625246943,0.1174051826093307,-0.0503645234747507,3.5786627760678766,0.24483118910581564,1.8675917583435222,-0.21631436148524585,0.36808375232911716,-0.43153906594369884
53.967082924,3.410243123332123,0.1170651885884289,-0.0503354499284321,3.5812155112139337,0.24562363484834168,1.8520143482384421,-0.21742214289582673,0.36565121305355897,-0.4471164760487789
53.967113222,3.416987763837338,0.1167264931544173,-0.0501696856345398,3.581215750147373,0.24562586501430095,1.8520041211962237,-0.21742063759925845,0.3656495502812849,-0.44712670309099734
53.999537056,3.4236700757503384,0.1163925184530806,-0.0503502811818728,3.5847026322306603,0.24583511396400556,1.8342468712554902,-0.21958544347262654,0.36290806394786435,-0.4648839530317308
54.00015822,3.430402621703103,0.1160528831579993,-0.0503889143211724,3.584644984073318,0.24580562473825301,1.8340073679230313,-0.21956907860538122,0.36297071469088005,-0.4651234563641897
54.016932674,3.437135642265344,0.1157122936403976,-0.0503452235360698,3.583088202992117,0.24500927198619368,1.8275396112063484,-0.21912714746830853,0.36466258995536727,-0.4715912130808726
54.03388668,3.4438705724081715,0.115373132435644,-0.0503113026199964,3.5835380864253743,0.24658826752543486,1.8158481099840582,-0.21824822313532,0.36327582608457165,-0.48328271430316283
54.05088253700001,3.4506103121849603,0.1150353962297962,-0.0502657287481249,3.5839079680253487,0.24705407718468048,1.8062592571083256,-0.21814680022969135,0.3626897335740753,-0.49287156717889546
54.082967074,3.4573275619914186,0.114697924297978,-0.050301532195683,3.5824280568500586,0.2462935218707833,1.7952642533419425,-0.21772932076838147,0.36430041429092475,-0.5038665709452785
54.083630058000004,3.4640596307084106,0.1143582895524314,-0.0502918934615222,3.5823780652022097,0.24631287893089904,1.7950432029241519,-0.2176815990817107,0.3643248376660444,-0.5040876213630692
54.099618333,3.470795037291633,0.1140190085892332,-0.0502822266822915,3.583224198882245,0.2467408654949409,1.788254322192092,-0.21792540948739303,0.3634085019254063,-0.5108765020951291
54.117478887000004,3.4775304440863684,0.1136797276259385,-0.0502628429356861,3.5878826292550094,0.24714871189812865,1.77803153721442,-0.22072182015118091,0.3596605158493995,-0.5210992870728011
54.133641115,3.484265374209365,0.1133404472119208,-0.0502482965758327,3.5900946663019986,0.24814356617361774,1.7678454840794826,-0.22145176923867282,0.3573475054178661,-0.5312853402077384
54.15059414900001,3.4910003044498694,0.1130011667978494,-0.0502337175388331,3.591509224316566,0.24943415782565614,1.758307788087099,-0.22143019017060084,0.3554327898952079,-0.5408230362001221
54.166950547000006,3.4977342813792163,0.11266236431941,-0.0502240163232498,3.5916659275131213,0.25095927631319487,1.7528066829542164,-0.22039632455806357,0.35430068381004753,-0.5463241413330047
54.199612665000004,3.504468734960472,0.1123234420824295,-0.0502094741730019,3.5915601837025712,0.2507719293723578,1.732064084315856,-0.22046575258917445,0.3545043020268328,-0.5670667399713651
54.200291679,3.5112031885850588,0.1119846390547023,-0.0501949005623293,3.59158727080559,0.2507158419386656,1.731846556345456,-0.22052563966979744,0.3545214206991698,-0.5672842679417651
54.21690195,3.5179381194219177,0.1116458354774512,-0.0501803234659577,3.59224988471598,0.2493438120934428,1.7265253132806233,-0.22199061776825957,0.3549401834738415,-0.5726055110065977
54.233494568000005,3.5246563631676486,0.1113088392656299,-0.0501293586995404,3.5933111048810686,0.25033885831941494,1.7202538097069464,-0.22195440810306133,0.3534858815482571,-0.5788770145802746
54.266318114,3.5313998796825667,0.1109725291935766,-0.050224391179753,3.5963295759420055,0.24945670205932785,1.7009255835731345,-0.2246219249527801,0.3518204323387675,-0.5982052407140865
54.282926111,3.536813088758161,0.1106947338167179,-0.0504665234917094,3.598059365356271,0.24998641370113872,1.6957069877480313,-0.22537800522032336,0.3501769274041209,-0.6034238365391897
54.283713171,3.5407944366500383,0.1104865373945499,-0.0506595177830614,3.5981413408080005,0.2500115169598161,1.6954596762853598,-0.2254138361838871,0.35009904101036327,-0.6036711480018613
54.300198494,3.543405914835644,0.1103496566491218,-0.0507892903939551,3.598987933073856,0.25136663626060385,1.6858303334237172,-0.22496604747130045,0.3485652378766937,-0.6133004908635038
54.316814316000006,3.5448263274635257,0.1102776866954693,-0.05079420705205,3.599417355043549,0.2521904338366776,1.6754264761571633,-0.22463709561098177,0.34769642469309625,-0.6237043481300577
54.333649807,3.545362738392493,0.1102504850199669,-0.0507989682642967,3.599771980841378,0.24972593137653196,1.6697143343260752,-0.22671236319297838,0.34907221402859223,-0.6294164899611459
54.349949386000006,3.5455486942166488,0.1102409724540139,-0.0507797301805055,3.600831055608086,0.24917459213027218,1.6608890324500205,-0.22782876829108067,0.34864883006234537,-0.6382417918372005
54.367105708000004,3.5456082958871407,0.1102384003915595,-0.0507845151495114,3.602589451766587,0.24941581134949173,1.651098249554801,-0.22881918728876283,0.3471760048958772,-0.64803257473242
54.399594395,3.5456264143742056,0.1102375450518532,-0.0507941554492798,3.6067038544670726,0.25107661030104667,1.636858643118301,-0.23031841961595756,0.34300001816597225,-0.6622721811689201
54.416435697000004,3.545628320506659,0.1102364699715398,-0.0507893575141452,3.6064883166082002,0.2520241536924662,1.626406401474986,-0.22946781515224357,0.342530159577096,-0.6727244228122351
54.417212317,3.5456249838926315,0.1102374274906242,-0.0507845472544704,3.6064509487126015,0.2519177616295904,1.6261237551321592,-0.2295223407474527,0.3426288641369277,-0.6730070691550618
54.433478843,3.5456183088446678,0.1102381504368927,-0.0507845482238593,3.6056682675489373,0.24968934972032739,1.6202036473775188,-0.23066439479208034,0.3446962591162315,-0.6789271769097023
54.466317438000004,3.54561306393529,0.1102379180610884,-0.0507893043304424,3.61025387497823,0.251822090304092,1.6009889498606666,-0.232125071493261,0.339854482431186,-0.6981418744265544
54.467031258000006,3.5456063880956186,0.1102384025891722,-0.0507845522837666,3.61027967255033,0.25195258535970105,1.600743306437936,-0.23204485669232344,0.33974836900142735,-0.6983875178492851
54.483326259,3.546434392257932,0.1100109508643274,-0.051195964473713,3.610868576564179,0.25493151150584537,1.5951357865883597,-0.23021372242669402,0.33732602381071874,-0.7039950376988613
54.500393601000006,3.54814863682317,0.1104384872776288,-0.049921947481796,3.612290029647257,0.2543809622907214,1.590083407311508,-0.2315707469537327,0.3366316768234845,-0.709047416975713
54.532931693,3.550622987402516,0.1100621536830948,-0.05065468070522,3.615687470917589,0.2536523530949198,1.5723668771116008,-0.23437592711862143,0.33458120302748595,-0.7267639471756202
54.549693112,3.553983759949453,0.1100851039212748,-0.0501559523159767,3.6166648287721115,0.25353229410377975,1.5605891221097208,-0.2351160816111344,0.33393173103858764,-0.7385417021775003
54.566300067,3.558212490934012,0.1097941296116399,-0.0503114936860345,3.6173027558170334,0.2530223803297453,1.5512643201163714,-0.23592124398433967,0.33379506895764655,-0.7478665041708497
54.567348045,3.5633081634441868,0.1095488865904841,-0.0503502395672694,3.6173318858487,0.25295360357042035,1.5509323140788807,-0.23599196073591333,0.33381910939056736,-0.7481985102083404
54.599649555000006,3.569153845888123,0.109255334172033,-0.050321183161277,3.618524561751231,0.25148150296406635,1.5396710776977942,-0.23788444394913455,0.3339089052222177,-0.7594597465894268
54.600717341000006,3.575561208151713,0.1089330012434287,-0.0503405193075184,3.6185763177113737,0.2514599323316929,1.5392558261840925,-0.23793499196445067,0.33388463858382433,-0.7598749981031285
54.632909934000004,3.582176459223354,0.10859969996807,-0.0503550603224074,3.618804407410108,0.251692165648222,1.5189742189547735,-0.2379135027499557,0.33355983797170197,-0.7801566053324476
54.649985552000004,3.5888684761565277,0.1082626147617203,-0.0503696285443363,3.6255770204239792,0.252011364823686,1.5154099122056879,-0.24218332778649998,0.3282930771733956,-0.7837209120815332
54.666297675,3.595589579099844,0.1079244231618853,-0.0503938603306236,3.629652537863082,0.2523972199227563,1.5089624012532497,-0.24460814726041713,0.32499474773672254,-0.7901684230339714
54.682871838000004,3.6023192635974084,0.1075852680002098,-0.0504181092092541,3.6311608066636345,0.25287826115354956,1.4990657358539936,-0.24525309923991934,0.3235489564708134,-0.8000650884332274
54.683875761,3.6090518099496975,0.1072456327049461,-0.0504373901746242,3.6312521648661003,0.2529073985739756,1.4984662793373893,-0.24529216499099915,0.32346138263043045,-0.8006645449498317
54.716262965000006,3.6157867395828345,0.106906233081879,-0.0504519097252361,3.6303017583918793,0.2517428961793028,1.486407732669056,-0.24552859774401625,0.3249457807733629,-0.8127230916181651
54.717100141,3.622520238439891,0.1065663582698978,-0.0504760911365294,3.630386432502636,0.25175027074054834,1.4858900919281428,-0.24557945565353556,0.3248776811241316,-0.8132407323590782
54.749554874000005,3.629255168225048,0.1062266010189418,-0.0505002373806896,3.6332923704683995,0.2529824168934628,1.4651722041798836,-0.2465941972174135,0.32188887548281864,-0.8339586201073375
54.76648096700001,3.635989619829227,0.1058862482715863,-0.0505292446457813,3.6341642617383547,0.25455469184199164,1.454011713711771,-0.24600118842633423,0.3201916473089721,-0.8451191105754501
54.767380281,3.6427245493668807,0.1055461333929237,-0.0505436787593244,3.6341007720551555,0.254510904464233,1.4536726418247659,-0.24599160576079315,0.32026817473441493,-0.8454581824624552
54.78396243900001,3.649458047714247,0.1052060201626291,-0.0505678242094724,3.632930106460948,0.25370352326433593,1.4474206057131136,-0.24581491411131529,0.32167923901233175,-0.8517102185741074
54.800274362,3.656194407023283,0.1048654267991541,-0.0505870795274593,3.6338466911623026,0.2536449273923313,1.4381846392154554,-0.24646874736953173,0.32103420950802697,-0.8609461850717657
54.817078863000006,3.6629279047309615,0.1045247175227858,-0.0506111869452017,3.6356080784657148,0.25375035320541633,1.4283154828039386,-0.2475624978078046,0.31964953993969525,-0.8708153414832824
54.849634117,3.669663310159658,0.1041840060488369,-0.0506304408762578,3.6370887309822915,0.25212507375302257,1.4190356686323744,-0.24976098113776102,0.3196263834908488,-0.8800951556548466
54.866239149,3.676398714988329,0.1038429369473426,-0.0506641583201718,3.6359747027979323,0.25123824779521253,1.4090765297067627,-0.24968127726765044,0.3210480607988484,-0.8900542945804584
54.866845655000006,3.6831345957007016,0.1035015096691117,-0.050673812251907,3.635934012435036,0.25120585609224133,1.4087127678354658,-0.24967836604920457,0.3210999881794985,-0.8904180564517552
54.883746220000006,3.6898695240999895,0.1031602026982375,-0.050697805662677,3.6374736313903333,0.25172879508642426,1.3983746791448661,-0.25031291792543575,0.3196029124848456,-0.9007561451423549
54.916271767000005,3.696604928171466,0.1028185375507232,-0.0507218657365157,3.63969538730827,0.25090050668798497,1.382453693388138,-0.2524099184445521,0.31849618313550065,-0.9166771308990831
54.916847174000004,3.7033393788252895,0.1024769927110701,-0.050750695968527,3.6396225170452623,0.2507980742210258,1.3822566375486254,-0.252437857700166,0.3186187469291504,-0.9168741867385957
54.9337169,3.710074782387077,0.1021350891452423,-0.0507699544311833,3.6395488554123765,0.24963085332599985,1.3742664740264185,-0.2532599048094242,0.31945065389757055,-0.9248643502608025
54.950355525000006,3.716810186489397,0.1017931855791676,-0.0507843243810278,3.641594022046541,0.2503645267155549,1.3641137822855658,-0.2540736954681222,0.31743602540381355,-0.9350170420016553
54.967503602,3.7235460668279385,0.1014509238361952,-0.0508035176286205,3.6431987625129203,0.2526931705398418,1.3576302471226454,-0.25340402532272277,0.3146884235547125,-0.9415005771645757
54.983269664000005,3.730279563232741,0.1011090224676903,-0.050832321072117,3.6447285919770387,0.25407818764055157,1.3504656951572116,-0.2533887059099227,0.31262483060208446,-0.9486651291300094
55.016356882000004,3.7356884798750754,0.1008301591519572,-0.0509521186519804,3.647912233235009,0.25231199359865575,1.3327536008119285,-0.25682590789344895,0.3114245574758665,-0.9663772234752925
55.032951904,3.739666490804073,0.1006228010397598,-0.0510812010600754,3.6493169466959294,0.25164770244275647,1.324312576353055,-0.2582566738608514,0.3108184127789335,-0.974818247934166
55.033788659,3.74227463049258,0.1004854473029983,-0.0511909113844242,3.6493977902093055,0.2516382981887797,1.323730959547225,-0.25831750378098306,0.31076434028625366,-0.975399864739996
55.050347252,3.7436936133799215,0.1004137174155978,-0.0511957712931847,3.6506738117177955,0.2515472378397875,1.312713753451109,-0.2592348158270581,0.3098726780814842,-0.986417070836112
55.082857511,3.744233837634317,0.1003857960902622,-0.0512005617635569,3.6496520536900525,0.2523839818910518,1.2977890048049519,-0.2579302567298267,0.3100782398396378,-1.0013418194822692
55.083723642,3.744418363208243,0.1003762851722476,-0.0511861930685955,3.649786976234425,0.2523573148714004,1.2972377122443968,-0.25803996607322954,0.3099952996027979,-1.0018931120428243
55.100270362,3.744479872447732,0.1003740685401016,-0.0511957345877167,3.6522522375527355,0.2518077060689637,1.287240918972877,-0.2600910763775057,0.30852134922270746,-1.011889905314344
55.116937251,3.744497990067437,0.1003723787358793,-0.0512005139646779,3.6536532138579316,0.25086720487103026,1.2823279518911566,-0.2617254859372684,0.30810184653857986,-1.0168028723960645
55.134093202,3.744500374380869,0.1003718991519653,-0.0511909230676712,3.652805646910832,0.2494129061173645,1.273532480046681,-0.26224664191801184,0.3097023936445611,-1.02559834424054
55.151055154000005,3.744494652586048,0.1003725017904478,-0.0511766681581303,3.650474965212257,0.24775628143793407,1.262127365843078,-0.2619315883648681,0.31254443934567533,-1.037003458444143
55.166813842,3.744490361511485,0.1003731027807771,-0.0511766738361508,3.6543056757463477,0.24885235221699642,1.2575493629097156,-0.2636634349731368,0.30895606622208005,-1.0415814613775054
55.183706451000006,3.744483209473774,0.1003734686486484,-0.0511814415528998,3.656235603772245,0.24928833396976607,1.2497992265911169,-0.26462268214896634,0.30722559023855567,-1.0493315976961042
55.216326589000005,3.744478441872152,0.1003739509789155,-0.0512004821696248,3.657093935354231,0.24939613223130971,1.2329382375164304,-0.26511356323548796,0.30651327757636215,-1.0661925867707907
55.217141342000005,3.744472718946306,0.1003731231066366,-0.0512004736658187,3.6571655893213797,0.24942299171142876,1.2326376349249841,-0.2651412132937918,0.3064419249523307,-1.066493189362237
55.233905667,3.744465091265056,0.1003744431975007,-0.0511766234375086,3.657978879632949,0.24956351796907567,1.223415470962478,-0.26557768928544956,0.3057414412132706,-1.075715353324743
55.24961827800001,3.7444593696619166,0.1003749266266225,-0.0511814074017397,3.6583174176598527,0.249405285060974,1.2129279235078565,-0.265921116240992,0.30559411988055496,-1.0862029007793645
55.268431849,3.7444517404824382,0.1003752930439855,-0.0511814293155352,3.658959624698137,0.24795946450826584,1.207055335964153,-0.267427579789123,0.30607722911127544,-1.092075488323068
55.283896556,3.744446495471714,0.1003752990867738,-0.0511814071710944,3.662049406868062,0.2470361939877145,1.1993808392494136,-0.27017324619911287,0.3043859283465511,-1.0997499850378074
55.316257470000004,3.7444398200080657,0.1003757836146858,-0.051171896365124,3.66271018020414,0.24610969213183012,1.1826771440513673,-0.2713045087320518,0.30450950897690277,-1.1164536802358538
55.317209305000006,3.7444326676251753,0.1003759110641685,-0.0511766701729112,3.6624946288711455,0.2461000538467746,1.1822617521129395,-0.27116822470942736,0.30467678700556133,-1.1168690721742816
55.333948201000005,3.744425992467044,0.100376395591941,-0.0511766716259416,3.662855527016791,0.24725789265479173,1.1726311272700878,-0.2705443718585818,0.30363676498782644,-1.1264996970171333
55.366328502,3.7444207485623657,0.1003771168898631,-0.0511766299613958,3.6612211443158134,0.24709206286679186,1.1562442371014985,-0.26958023771417494,0.30496685960229275,-1.1428865871857226
55.382944725,3.744413596461492,0.1003772443392169,-0.0511766181138482,3.6624770580095234,0.24546029186620166,1.1481881306640194,-0.27163397321498106,0.30511574310420775,-1.1509426936232017
55.383809894,3.7444078743486617,0.1003774893500251,-0.0511718905358082,3.6627291204666816,0.2453756299415623,1.1477080855152373,-0.2718649347919091,0.30498398623047596,-1.1514227387719838
55.400458358,3.744399768893299,0.1003779755257576,-0.0511718532524253,3.6671883332020228,0.24391228322503442,1.1387503359748141,-0.27592518225722173,0.3026301909224216,-1.160380488312407
55.41728939,3.744394524314419,0.1003784584054413,-0.0511718361652741,3.6671299561694273,0.2443681800510154,1.1329598524871205,-0.27554609636616734,0.302370299250609,-1.1661709718001005
55.433737422,3.7443878490497937,0.100378585305443,-0.0511765925377267,3.6687433801796776,0.24432980974956164,1.124795211467723,-0.27664867109513347,0.3011917669922761,-1.174335612819498
55.450368563000005,3.744381650116875,0.1003790692841424,-0.0511766495203703,3.671907742441719,0.24384694839937832,1.1142400151499352,-0.27911530973888476,0.2991516597867392,-1.1848908091372858
55.48299135600001,3.744375451853009,0.1003791956347167,-0.0511766137314039,3.6703010800603173,0.2423132558805232,1.0994885503439447,-0.2791904411316568,0.3013715543842421,-1.1996422739432764
55.499574576,3.7443687760206794,0.1003794417442507,-0.0511718736086423,3.673876063316478,0.2440965051663432,1.0889471045437684,-0.28023923824717656,0.29751662145257063,-1.2101837197434526
55.500436198,3.7443644849336266,0.1003796851067663,-0.0511718536845306,3.673989729987508,0.24411076248002933,1.0885527290344381,-0.28030425791730496,0.29742230376815826,-1.210578095252783
55.532933432,3.7443578098225,0.1003801696345173,-0.0511766351925535,3.6747039535221333,0.24231206104894734,1.075885402100992,-0.28212200700258805,0.298086555496452,-1.223245422186229
55.549652591000005,3.744350657596777,0.1003805355024745,-0.05117662366361,3.672907507258275,0.24148492640553623,1.0654376636819816,-0.28154352013446626,0.299977778339132,-1.2336931606052395
55.566255197000004,3.744344459097896,0.1003806618531561,-0.0511766151371994,3.675822904908195,0.2409640266904382,1.0546712282699717,-0.28387282848047635,0.29814878883682283,-1.2444595960172493
55.567280021,3.7443377836812495,0.1003811463810467,-0.0511766425284037,3.6760830630939902,0.2409370011828194,1.0539999697898423,-0.2840661656597714,0.29797262585887196,-1.2451308544973787
55.599607671,3.744330154666282,0.1003815127983346,-0.0511718677841912,3.6786183296611266,0.240284037915107,1.0391441399399497,-0.2862410051793076,0.2965152272655951,-1.2599866843472713
55.616302494,3.744324910255584,0.1003818764686683,-0.0511766046461223,3.6811444786593657,0.238464591685603,1.034225431579939,-0.28928030341205657,0.29584107624707556,-1.264905392707282
55.617283283000006,3.744317757657509,0.1003821231275224,-0.0511766270991806,3.681295147091098,0.23835636314889946,1.0339375433156288,-0.2894613617115662,0.29580067470432825,-1.2651932809715922
55.633543497000005,3.744312036101372,0.1003826065566227,-0.0511718605749723,3.682394001934631,0.23799137023245684,1.025013411401007,-0.29046517823545326,0.29522356623741697,-1.274117412886214
55.666182972,3.744305837696497,0.1003827329072614,-0.0511813757185457,3.6830401563219186,0.24070287695951614,1.007583122755367,-0.288871722244501,0.29293649775833774,-1.291547701531854
55.666863589,3.7442977319121136,0.1003832190831442,-0.0511766239245223,3.683059373114619,0.2407821530925447,1.0073156795935656,-0.2888253509595655,0.29286938818880337,-1.2918151446936554
55.683530459,3.744290579341211,0.1003833465327127,-0.0511718572830341,3.6829547394504565,0.2391333340039886,0.9965659848762112,-0.28998619127551306,0.2940449741496476,-1.3025648394110099
55.700487962000004,3.744285335154515,0.1003840678307636,-0.0511718574696158,3.6843809089188366,0.23746509527277682,0.9868296331845627,-0.29218046900793304,0.2940910724127468,-1.3123011911026583
55.716967754,3.7442781825167786,0.1003840760710895,-0.0511766206292672,3.6878798960698473,0.23732517275929402,0.9810735559245849,-0.2946139134394059,0.2915729704307668,-1.3180572683626361
55.749617659,3.744271507268314,0.1003844413896301,-0.0511718526276408,3.6880326387202107,0.23509258686574175,0.9641249228667892,-0.29638172638969396,0.29294505186498343,-1.3350059014204319
55.750318535000005,3.7442662624580905,0.1003848050601463,-0.0511718698254799,3.68791943448907,0.2350798569220504,0.9635642794912833,-0.2963158746804764,0.2930380077782311,-1.3355665447959377
55.782944925,3.744260063838032,0.1003850506201565,-0.0511766179258154,3.691268467099446,0.2386306184768391,0.9488721314956123,-0.29589520660597435,0.2881751932212673,-1.3502586927916087
55.799557721000006,3.744253864798618,0.100385176971085,-0.0511719017423927,3.6943149240241784,0.2372070346285183,0.9439019210632988,-0.2989854103882803,0.286849247765649,-1.3552289032239222
55.800115224,3.744248143920352,0.1003857796091488,-0.0511909253124233,3.6944149896722087,0.2371363232913962,0.9437364127657588,-0.29910478758994286,0.28682163778852976,-1.3553944115214622
55.832938760000005,3.744242421375677,0.1003855477830616,-0.0511861543047738,3.696439254077943,0.23418734933384727,0.9231711052614378,-0.3026529660931683,0.28727388008627885,-1.3759597190257833
55.833575303,3.74423431552079,0.1003860339589766,-0.0511671189797733,3.6965269357249997,0.2343066482228546,0.9229205910568474,-0.30262229856227085,0.2871290360367027,-1.3762102332303736
55.866196062,3.744229071216586,0.1003867552570812,-0.0511718755652759,3.693068266526336,0.23567837279320225,0.9094591837816379,-0.2992964166563401,0.28879712790182444,-1.3896716405055831
55.867080869000006,3.7442209656943897,0.100387122223571,-0.0511813799037596,3.692715773377881,0.2355613241445861,0.9090737778079649,-0.299149139019101,0.28913809872670493,-1.390057046479256
55.883317337,3.744214766541139,0.1003871293652784,-0.0511718696908778,3.6914808001112243,0.2339856862801342,0.8997246020606324,-0.2995029800950366,0.2911085276501204,-1.3994062222265886
55.89988790300001,3.744208568427101,0.1003877325528769,-0.0511718556150701,3.695308289117636,0.23307689826660488,0.8884990718315438,-0.3027288764875964,0.28885704808942947,-1.4106317524556773
55.917030188000005,3.744203800758645,0.1003880956739014,-0.0511766041781698,3.6955784713892377,0.23273972788708594,0.8822198574142588,-0.30316034214368726,0.288879845289407,-1.4169109668729623
55.933451940000005,3.744196648395584,0.1003883423326481,-0.0511766130426847,3.6994832788830343,0.23236426247685493,0.8725711816413755,-0.3060396937093115,0.28621566991991143,-1.4265596426458456
55.950593264000005,3.744189019243278,0.1003885895407256,-0.0511766215402501,3.7008290100841656,0.23209954780423472,0.8634980094594402,-0.30713300190268455,0.28538757359827827,-1.4356328148277808
55.96706949,3.744181866825874,0.1003890746180435,-0.0511718989231912,3.6983028446625545,0.23201413284095862,0.8568404783372685,-0.3055152602472675,0.2873296650970558,-1.4422903459499525
55.983610609,3.744177099372601,0.1003893185296965,-0.0511861538649144,3.6992670030552426,0.23207150332879625,0.8506570752542659,-0.3061142160247745,0.28657194169392275,-1.4484737490329551
56.000115640000004,3.74417042350428,0.1003892070114276,-0.0511718379391968,3.7040550088691693,0.23050779574034802,0.8409124993320689,-0.31046821496182275,0.2840395763268093,-1.4582183249551521
56.017619174000004,3.744164225131725,0.1003898101991442,-0.0511718501937727,3.7061198300619034,0.22897039516687853,0.8316800256390033,-0.31298995449293754,0.2835219695083837,-1.4674507986482177
56.049522616000004,3.744158979902146,0.1003900546605788,-0.0511766404308963,3.704706965529226,0.22730268473839163,0.8200697775717667,-0.3132940985138921,0.2856864418864702,-1.4790610467154544
56.049719812000006,3.744152304908527,0.1003905391882761,-0.0511718643165792,3.704717402447315,0.22729175964498813,0.8200029924381766,-0.31330919883770614,0.2856859250249886,-1.4791278318490444
56.06780829,3.7441456298010714,0.1003909045067523,-0.0511766151316131,3.7054550242430917,0.22703498181500914,0.8105337847701475,-0.3139918094753882,0.2853063680662902,-1.4885970395170736
56.083582568000004,3.7441380004137503,0.1003911517149371,-0.0511718669633902,3.706006930086822,0.22709197837854017,0.8008081754406455,-0.3143166376232962,0.28485655105580143,-1.4983226488465755
56.116362711,3.7441322791829625,0.100391754353162,-0.0511718576922938,3.70841629402175,0.2240689986583965,0.7874387837845691,-0.31817637832951373,0.2850706600002608,-1.511692040502652
56.132909712,3.744124650195167,0.1003920015611643,-0.0511718443825979,3.710139973045995,0.22217620539076452,0.777487917714855,-0.3207362681067232,0.2850442013314889,-1.521642906572366
56.133856507000004,3.744119882103685,0.100392364682382,-0.0511766324297193,3.710092676866641,0.22221564651172793,0.7771806885946071,-0.3206753521842365,0.28505324461584847,-1.521950135692614
56.166342429000004,3.744112253461069,0.100392850308773,-0.0511766136607653,3.7083222680692423,0.2219957731186188,0.7627012536223727,-0.3196610071929298,0.2865208262515724,-1.5364295706648483
56.167321014,3.744107485279253,0.1003930942207588,-0.0511718579434936,3.708257033054047,0.22186227687753404,0.7619474937227602,-0.31971721107927387,0.2866583688876929,-1.5371833305644609
56.199456578,3.744100809430762,0.1003931019117539,-0.0511718581677209,3.7076644952796394,0.21990023798317948,0.7454147933353363,-0.32078703988563273,0.2884065576538579,-1.5537160309518847
56.200368837000006,3.744093657557561,0.1003934677795501,-0.0511718370651413,3.7076788035329202,0.21989318740310873,0.7451105797548996,-0.3208018255896117,0.28840057269361274,-1.5540202445323215
56.216702091,3.744086981450555,0.1003934754706633,-0.0511718905286008,3.7111611057797806,0.21904204012186373,0.7365612985322927,-0.3237549397820332,0.28636833323937116,-1.5625695257549284
56.233315077,3.744080307103963,0.1003943176258847,-0.0511766116118164,3.7142758427532847,0.21900839730206972,0.727946285630078,-0.3258533018427294,0.2840662483331027,-1.571184538657143
56.266174942000006,3.7440741089664233,0.1003949208134939,-0.051171835598396,3.710699722535402,0.22048595797570403,0.7154653263460613,-0.3223702574994296,0.2857515445858807,-1.5836654979411597
56.266952805,3.744067433141434,0.1003949285044784,-0.0511718461177537,3.7105108042071016,0.22040590632735266,0.7151702514527081,-0.3223042495096813,0.28594581590764756,-1.583960572834513
56.299543497,3.744062187935357,0.1003951729659022,-0.0511718725778506,3.711399259094157,0.2142131483523146,0.6985826088411162,-0.32751718607115254,0.28940484696125335,-1.6005482154461048
56.300427562,3.7440555129924102,0.1003955382843033,-0.0511766060538987,3.711548989616529,0.21400465201011803,0.6980723607358454,-0.32777244833538743,0.2894318863861103,-1.6010584635513756
56.332842629000005,3.744050267997847,0.1003957827456305,-0.0511718503848052,3.715751075233181,0.214853014008977,0.6790533214999481,-0.3299363535658668,0.28573124377106485,-1.620077502787273
56.349547761000004,3.744041684891026,0.1003960310525412,-0.0511766597693548,3.7143667359495134,0.21370554032098976,0.673669053582322,-0.32987124040328863,0.28752814426719375,-1.625461770704899
56.350011936,3.744036440312146,0.1003965139322249,-0.0511671015028155,3.714328270184203,0.2136736561910638,0.6735194443149033,-0.3298694311447785,0.2875780736115283,-1.6256113799723177
56.382849629000006,3.74402881130452,0.1003966419309631,-0.0511718761774504,3.7186152174268354,0.21501387835627764,0.655396537600927,-0.3317227552247264,0.28348670440697976,-1.643734286686294
56.399526597000005,3.744023089815216,0.1003972445693061,-0.0511766347168453,3.718893155812318,0.21445285750927126,0.6500057104163268,-0.3323264395959842,0.2836527143970393,-1.6491251138708942
56.41617526100001,3.7440159376835,0.1003976104372203,-0.0511766384033702,3.718304274643874,0.21255199222699245,0.6412041662882717,-0.33335304944982624,0.28535745545066504,-1.6579266579989493
56.432899320000004,3.74400926218386,0.1003977373373293,-0.0511766253742963,3.717277489704677,0.20992176757577938,0.6298774712495754,-0.33463248771604404,0.2878744788415277,-1.6692533530376457
56.449563764000004,3.7440035411410846,0.1003983399754683,-0.0511718380521706,3.718779606386241,0.21094392557395603,0.624245639745701,-0.334869517867209,0.2860730965373768,-1.67488518454152
56.450253278000005,3.7439978189849215,0.1003984657770232,-0.0511718595994348,3.718841758503742,0.21098621874917123,0.6240126150694763,-0.3348793253115887,0.2859985618983534,-1.6751182092177448
56.4828592,3.743990666900209,0.1003988316449159,-0.0511718466943227,3.7190588722566416,0.20890919991355036,0.6045761588124807,-0.3365738882330125,0.2872190544753721,-1.6945546654747403
56.499595771,3.743983991114881,0.1003990777544286,-0.0511671202915136,3.7183350484891595,0.20772218008850274,0.5986843775630524,-0.3369779450929782,0.28854934578382396,-1.7004464467241687
56.516176196,3.7439777933335328,0.100399561732602,-0.0511718349145114,3.720191935020125,0.20639900738110245,0.5898033605661741,-0.3392014027322299,0.28804432130031543,-1.709327463721047
56.517070621,3.74397064110414,0.100400046809834,-0.0511718605800173,3.720345962559917,0.20632454866900712,0.5892605792412806,-0.3393594950656609,0.28797893478082015,-1.7098702450459404
56.549553868000004,3.7439653962307538,0.1004001720618327,-0.0511718246202067,3.7241765497403416,0.20564468239917114,0.5752979944837353,-0.342416613044378,0.28557276646669605,-1.7238328298034857
56.550460917,3.743958720633438,0.1004004181712595,-0.0511718588966747,3.7242515703130943,0.20566236912689165,0.5750122707304213,-0.3424533494870907,0.2855050070359839,-1.7241185535567998
56.582828654000004,3.743953952357615,0.1004006620832882,-0.051171873197486,3.722222615376915,0.2013773560393535,0.5551086950553978,-0.34430065792441233,0.2898714067921695,-1.7440221292318232
56.599554465000004,3.743946800410239,0.1004011471603914,-0.0511718629014602,3.7217464251999384,0.20196548182935956,0.5493335841609861,-0.34354478369845465,0.2898353071515518,-1.749797240126235
56.616194964,3.7439396488153847,0.1004016322373336,-0.0511766008695131,3.72350264622065,0.2001878971600321,0.5409117127441694,-0.34604035598900706,0.28970787688495436,-1.7582191115430517
56.616954081,3.743932495919133,0.1004016404777776,-0.051171855327445,3.723617325508824,0.20007018611288602,0.5404860392556738,-0.34620453556672937,0.28970064528657247,-1.7586447850315472
56.632903703000004,3.743927251434259,0.1004021233574184,-0.0511766150233162,3.7260208798239103,0.19795193760700952,0.5321070023325514,-0.3493852227625842,0.2893168757719651,-1.7670238219546697
56.650784656000006,3.7439200994868833,0.1004026084345216,-0.0511766093009962,3.7286697005510985,0.1983107922959081,0.5270622036958108,-0.3508805434737283,0.2871012395420416,-1.7720686205914102
56.667673108,3.743913424054077,0.1004028545438732,-0.0511718517482601,3.731598338225266,0.20024389260977574,0.5175314436451743,-0.35138728368645955,0.2836289190201384,-1.7815993806420467
56.683549591,3.7439072252893393,0.1004032193132226,-0.0511718704747199,3.7339701867362125,0.2023368611193325,0.5074236183050265,-0.351404102570009,0.2804657086784079,-1.7917072059821946
56.699807159,3.7439010266964527,0.1004033456639472,-0.0511766252595147,3.7341436429719,0.2026669371663161,0.5012341860189164,-0.3512732293451881,0.2801165533239933,-1.7978966382683046
56.717348515000005,3.743894828558913,0.1004039488515565,-0.0511670767320546,3.732203640525846,0.20186539727603633,0.4893465736092093,-0.35058008656125184,0.28209787327985225,-1.8097842506780117
56.733527174,3.743888153263445,0.1004043141701185,-0.0511718602891902,3.7306241267381455,0.20096653809460852,0.4792717710448695,-0.3501995228192114,0.2838749447111164,-1.8198590532423515
56.750026273,3.743881477583135,0.1004042026517637,-0.0511766052141625,3.7304830483659224,0.20034373256150084,0.47329099871224356,-0.3505704069881892,0.2843947858141287,-1.8258398255749775
56.782870759000005,3.7438743256320888,0.1004048069381418,-0.0511718477426278,3.7381476559073037,0.1990245735371829,0.46178660183123466,-0.35665664879840264,0.2795528802055438,-1.8373442224559864
56.79957008,3.743869080523688,0.1004049321902478,-0.0511718554785129,3.739077635001477,0.19671459784429934,0.450634925045565,-0.3589995665658092,0.28039643527338587,-1.848495899241656
56.816339364,3.7438619279491143,0.1004051788490912,-0.0511671079394583,3.7364449012107093,0.19173809381460793,0.4434148690520514,-0.3609610317755201,0.2856737010239119,-1.8557159552351696
56.817072281,3.7438581143020073,0.1004056600805251,-0.051171821293895,3.7363298351559076,0.19152059112314343,0.44309930985592816,-0.3610467594188176,0.28590434878335635,-1.8560315144312929
56.833274655000004,3.743850484683343,0.1004057880795424,-0.0511766424095975,3.735050127976302,0.19014068019361985,0.4368298860385722,-0.36122475647870544,0.2877778806580844,-1.8623009382486488
56.850641699,3.743842856409409,0.1004065121243114,-0.0511718439853209,3.7365771176113483,0.18839351598904114,0.42782332517867294,-0.36354504372002516,0.28780127341481343,-1.871307499108548
56.882825716000006,3.743836180718087,0.100406758233781,-0.0511718634642499,3.7389132012662825,0.18663426158073376,0.41157475468621296,-0.3664129090149286,0.2872288997900818,-1.887556069601008
56.884362986000006,3.743829982211865,0.1004071230030124,-0.051176656136245,3.7387986560302915,0.18664109266910986,0.41098993910628323,-0.3663315666097784,0.28730983611061234,-1.8881408851809378
56.916232503,3.7438228301271512,0.1004074888709052,-0.0511671012175685,3.742766320206553,0.19148447909636598,0.39044691249688857,-0.36535801147885616,0.2811249398700624,-1.9086839117903325
56.916866502000005,3.7438175850459223,0.1004074949137256,-0.0511718575994603,3.7427958974205358,0.19144927010933732,0.3902437403436645,-0.36540397479456255,0.2811263029415465,-1.9088870839435566
56.949567444,3.7438104330280426,0.1004079799908611,-0.0511718511443457,3.7442421143952176,0.18630703005489277,0.3801226091839349,-0.370204188448104,0.28346983130615877,-1.9190082151032861
56.950422073000006,3.7438047112405615,0.1004083442107939,-0.0511718757698514,3.7442771036665223,0.1860549562156512,0.3798707718556762,-0.3704155969569882,0.28361150668125257,-1.9192600524315448
56.966854716,3.743798036431284,0.1004089479476802,-0.0511670851020132,3.7441838663885227,0.18641991656931453,0.3698996126005025,-0.3700811715617922,0.28343816048197823,-1.9292312116867185
56.983706678000004,3.743791360629796,0.1004089556386539,-0.0511718533566412,3.743822988757236,0.1896313850462362,0.3575948324668792,-0.367444293769005,0.28156983557743587,-1.9415359918203419
57.000168606,3.743785639234498,0.1004095582769539,-0.0511670924301892,3.7450601209006846,0.1863458494755096,0.35492885123510165,-0.37071970585805847,0.2828335268268116,-1.9442019730521194
57.016951446,3.7437789636643535,0.1004096851770951,-0.0511718587662919,3.746289982106726,0.18312762610509384,0.35189716945062166,-0.3739400441894629,0.28405783940099427,-1.9472336548365994
57.033458110000005,3.743773718857802,0.1004099296383364,-0.0511718496680456,3.746906453763942,0.18244475544512836,0.3429866791289937,-0.37486000022780974,0.2840523140139877,-1.9561441451582273
57.06626712800001,3.743765613147594,0.1004102966049121,-0.0511718485356967,3.747921876662831,0.1811091013694052,0.3256701106525215,-0.3765326710776229,0.2841835683539853,-1.9734607136346995
57.08309794,3.743759414704535,0.1004108997926609,-0.0511671121485027,3.7485590593860163,0.17998841829885145,0.3168509895185836,-0.3777931453886678,0.28445400666219545,-1.9822798347686374
57.0838958,3.743753693018401,0.1004110255940012,-0.0511670778892359,3.748618816716165,0.17986762371416362,0.31642053688995286,-0.3779230685889976,0.2844898149323658,-1.9827102873972682
57.100573190000006,3.74374797104658,0.100411270604745,-0.051167096786871,3.7498679033983517,0.17734269653554713,0.3074229353505693,-0.38063880804447114,0.2852383027458374,-1.9917078889366517
57.117312477000006,3.7437398651557015,0.1004113991528569,-0.0511718489648925,3.750438532868042,0.17618334454507667,0.2978019318230567,-0.3818838406695644,0.2855841477861949,-2.0013288924641643
57.133874606000006,3.743735097291893,0.1004120006925169,-0.0511718714253782,3.750607671449811,0.1758322371302299,0.28794118740097385,-0.3822584498418413,0.28569162915504176,-2.011189636886247
57.166166379,3.7437269918130287,0.1004124868682601,-0.0511718609192584,3.7505648215511744,0.17554466395815066,0.2769177973367434,-0.38244453903480613,0.28591502399691304,-2.0222130269504777
57.166537937,3.7437212699352127,0.100412731878961,-0.05116709342054,3.750599625687605,0.175500612618805,0.27671017374321893,-0.38250058044088764,0.2859183720135241,-2.022420650544002
57.199537007,3.7437150713386553,0.1004129774389604,-0.0511670916498367,3.752913112523066,0.17197512905883797,0.25789113602405056,-0.3866715132978782,0.2865385129426068,-2.0412396882631705
57.216152608,3.743708872789101,0.1004132229989384,-0.0511670853702356,3.7529157231063124,0.17077821289831274,0.24784827581575097,-0.3875664904036418,0.28733326516225155,-2.05128254847147
57.232902526000004,3.743702197540636,0.100413588317479,-0.0511670884221159,3.75359215266075,0.17000169384341102,0.24220955504958086,-0.38859624437710627,0.2873453291117105,-2.05692126923764
57.249521925,3.743695998595228,0.1004137146683646,-0.0511718720643819,3.754228233474826,0.16930818527127586,0.23605271415770002,-0.38953719171596557,0.28733225061204326,-2.063078110129521
57.24961475200001,3.743689800900544,0.1004144370650447,-0.0511718411184386,3.754229048625235,0.16930442706778234,0.235993941183529,-0.3895405389898845,0.2873341438423518,-2.063136883103692
57.28291861300001,3.7436826481416303,0.1004145645146991,-0.051171886516738,3.753620369448651,0.16825455731397243,0.21464908016097217,-0.3899188863605043,0.28848721370455266,-2.084481744126249
57.284095747,3.743677403448914,0.1004149281851616,-0.0511718815056094,3.753526397876554,0.16824144883208106,0.2138738405498084,-0.3898661189373862,0.2885660685567646,-2.0852569837374126
57.30066102200001,3.743670251337029,0.10041541326234,-0.051167106291436,3.752244897520908,0.16804043718879186,0.20304929236456593,-0.38916312868608216,0.2896562307230641,-2.096081531922655
57.332881438,3.7436635758373886,0.100415540162449,-0.0511718702750692,3.7550469034658107,0.16526246128362973,0.1915405096110332,-0.3931013803220429,0.28941423589505133,-2.107590314676188
57.349562925,3.7436569007101017,0.1004157862716611,-0.0511670776221196,3.7554863713716773,0.1637572106237915,0.18066535273213624,-0.39451724684434186,0.2900882044256696,-2.118465471555085
57.366291612000005,3.743652609646551,0.1004160296341658,-0.0511718303543086,3.7548125598682254,0.16361770648837096,0.17469398661971036,-0.3941728490063814,0.2906839170033373,-2.1244368376675107
57.382856357,3.743644503999506,0.100416635019259,-0.0511718421627837,3.7545122151491945,0.16337327549730332,0.16930273190025114,-0.3941553462134726,0.29107075949309813,-2.12982809238697
57.383198419,3.7436387820981887,0.1004168800299706,-0.0511670849004376,3.754524070896915,0.16336029437282967,0.1692002563978603,-0.39417292533265424,0.291070552332775,-2.1299305678893607
57.416158795,3.743630676568651,0.1004174854150102,-0.0511670852243628,3.755752970231772,0.16137976521032066,0.15221934956623429,-0.3964689519805842,0.29147173928515135,-2.1469114747209868
57.432910937,3.743624477372068,0.1004173733474642,-0.0511671023249287,3.7564515007230175,0.15969183037116236,0.13752982689806714,-0.39819359200286986,0.29207397317823114,-2.161600997389154
57.433602064000006,3.7436187566274697,0.1004182144040133,-0.051171836800498,3.7564754154386857,0.15963576971947893,0.13733415240991542,-0.3982513474678626,0.2920934415257763,-2.1617966718773056
57.450335630000005,3.7436130347063217,0.1004183402054608,-0.0511718413951073,3.757054438502468,0.158278429295876,0.13259648196441898,-0.39964972270904253,0.2925648091305115,-2.166534342322802
57.48298288,3.7436063590620026,0.1004185863149091,-0.0511718561627816,3.755961246394749,0.15660820198292813,0.12285951969814146,-0.400168527836374,0.294492390387203,-2.1762713045890796
57.49950848,3.7436001603046063,0.1004187126657088,-0.0511718694864535,3.756953257162403,0.1558752866877813,0.11231854335121305,-0.401375800591921,0.2942399172466206,-2.186812280936008
57.500492205,3.7435939619085503,0.1004193158534361,-0.0511671018756339,3.7570282507846318,0.15583133054088041,0.11164435879588464,-0.4014585221892144,0.29421320912863,-2.1874864654913364
57.532839133,3.743586809854679,0.1004194433027685,-0.0511670885109749,3.758300343346197,0.15390741138449934,0.09186132919916767,-0.40374105229771917,0.29454448048152493,-2.2072694950880534
57.533650219,3.743580611650305,0.1004199272811351,-0.0511718425737776,3.758320134038376,0.1538543170741752,0.09138946908802481,-0.4037938489655506,0.2945650520432448,-2.2077413551991962
57.550043476000006,3.743572982309988,0.1004201744892985,-0.0511670875851548,3.759313025752982,0.15235311635364754,0.08171044277745398,-0.40557506725589443,0.29482331346582313,-2.217420381509767
57.582860099,3.743567737288251,0.1004205381599113,-0.0511671181628664,3.7596547680918566,0.1505712745662671,0.06673972538535233,-0.4071323004860088,0.29575431972168875,-2.2323910989018687
57.599531497,3.743561062811663,0.1004210226873725,-0.051171820719411,3.7587678637129573,0.15034996426302547,0.05815917974383966,-0.4067071127818789,0.2965635125564865,-2.2409716445433814
57.6004305,3.743555340718664,0.1004213869074448,-0.0511670961511932,3.758711066442643,0.15034030021335304,0.05757287715870252,-0.40667651907601554,0.2966123321113061,-2.2415579471285185
57.632906383000005,3.7435491418944338,0.1004213940490019,-0.0511718459493456,3.75825362395126,0.14879021957470223,0.042312177279519414,-0.40752883316225974,0.2979854906300621,-2.2568186470077016
57.633718030000004,3.743543419993117,0.1004216390597135,-0.0511671024260791,3.7582874780742452,0.14871736586663165,0.04209890894096224,-0.4076057369612851,0.29800871927871553,-2.257031915346259
57.649957986000004,3.743518131626889,0.1004077206977478,-0.0522985091950077,3.759197316251136,0.14726223618727544,0.036015196880704536,-0.4092972904401222,0.29829829607354563,-2.2631156274065165
57.68302039700001,3.743397985831793,0.1004225218673637,-0.0543954188392928,3.7605519786174026,0.14470518334287455,0.014820966683690262,-0.4121072788587008,0.29898937816931603,-2.284309857603531
57.683656169,3.743056593584992,0.1004422270955089,-0.0574811870894594,3.760528616407508,0.14466825689725554,0.014404262337519125,-0.41211928594358094,0.2990313922758743,-2.284726561949702
57.700432406000004,3.742711863963296,0.1004624130059935,-0.0612972049904136,3.760362332202622,0.14365136105960735,0.005046241371035265,-0.41276749571926574,0.29983236148135406,-2.2940845829161858
57.71811951,3.7424706032482455,0.1004786650123926,-0.0658510827327005,3.761515997113113,0.14245375660356405,1.4607629725382765e-05,-0.4144291600422769,0.29976855837434435,-2.2991162166574957
57.733717331,3.7423375732769335,0.100485374788326,-0.0710526093575471,3.7613263187763164,0.14157785707502807,-0.00940878669088141,-0.41495657474221526,0.30049313520935117,-2.3085396109781025
57.750465365000004,3.742298954730983,0.1004893531894978,-0.0767940503787725,3.760915141494574,0.1406531617304503,-0.01937537251736421,-0.4153729691652108,0.30141549301508785,-2.3185061968045853
57.766911884,3.7423051541985712,0.1004898228847395,-0.0829032447231712,3.7609494111052957,0.13963118907603353,-0.024130886826772002,-0.41615846184736194,0.30207017137801273,-2.323261711113993
57.78353670400001,3.7423337634664713,0.1004887170405635,-0.0892526213418414,3.7606838302571615,0.1389452955220613,-0.0328817241039423,-0.4164935553126834,0.3027249198211379,-2.3320125483911633
57.816264877,3.742378581671693,0.1004850891252728,-0.0957788903858243,3.7616166936810975,0.1368606638652961,-0.04679099986728463,-0.4186702223116767,0.3034163271450785,-2.3459218241545057
57.817409329,3.742432937071916,0.1004814502227234,-0.1024218830668699,3.7617095728336643,0.13674924102687425,-0.04700467000347874,-0.4188151983271817,0.3034211790345873,-2.3461354942907
57.849526859,3.742500641622862,0.1004757693817029,-0.1091690283297137,3.7601554791392013,0.13594348485658803,-0.05681559314355411,-0.41838207360990687,0.305117307920141,-2.355946417430775
57.850546352,3.7425774038071102,0.1004685283834697,-0.1160041292070604,3.760054476005192,0.1359467355842369,-0.057174391312296624,-0.41831241716795287,0.3051905211730692,-2.3563052155995177
57.86701879100001,3.742661317235884,0.1004599678435421,-0.1229163595377872,3.7604532762470715,0.13477178653141053,-0.05814596458624255,-0.4194547153516779,0.30567498145948946,-2.3572767888734636
57.883945706000006,3.742756195453466,0.1004491296934404,-0.1299026611289538,3.760982480538836,0.13387060980386864,-0.05886298332312512,-0.4204795021555481,0.3058798928630244,-2.357993807610346
57.916208482,3.742858224264874,0.1004367335833953,-0.1369692732354765,3.760462344557631,0.13474902974819217,-0.061692704118418984,-0.419477734493809,0.3056833614675081,-2.36082352840564
57.917025299,3.7429597745016414,0.1004227883029453,-0.1441097587915031,3.7604247727064624,0.1347774039694296,-0.06173897898886427,-0.4194315504034103,0.3056925140750648,-2.3608698032760853
57.949527122000006,3.743075148983319,0.1004053700241895,-0.1512711560401553,3.760087605156951,0.13513901462304645,-0.06251218423323923,-0.418937258109628,0.30570343879749684,-2.3616430085204603
57.966166188,3.743186708791167,0.1003881945587903,-0.1585233969443267,3.760022084336309,0.13510772579399877,-0.0625008771673996,-0.4189169959954606,0.30577316264915666,-2.3616317014546206
57.982795756,3.7433058962986174,0.1003691029561527,-0.1658553673909895,3.75981231321585,0.13508660502801292,-0.06244143509633959,-0.41879312863422724,0.3059437700539074,-2.3615722593835606
57.983623013000006,3.7434365235877154,0.1003465411020993,-0.1732751389923019,3.7598136370647617,0.1350472737573048,-0.062410983065980474,-0.41882336212428495,0.3059689620667365,-2.3615418073532015
58.016195049000004,3.743568579694172,0.1003224278802107,-0.1807639608495491,3.760157183699574,0.1335901109759932,-0.061216344372206244,-0.420139493582818,0.30668250649099527,-2.3603471686594273
58.017013409,3.743706355952541,0.1002968775556777,-0.1883277039493569,3.7601868958201523,0.1335998955104219,-0.06121287225291017,-0.4201519687490518,0.30665381995319985,-2.360343696540131
58.033824483000004,3.743852234549354,0.1002675031971873,-0.1959712470522486,3.760797253923847,0.1338008932770985,-0.06114154660842841,-0.42040823853584675,0.30606452977567233,-2.3602723708956495
58.050449302000004,3.744002401950625,0.1002364549659459,-0.2036786230937254,3.7600629556655103,0.1345831755985017,-0.06178528180710208,-0.4193356645208697,0.3060918161270578,-2.360916106094323
58.066971986000006,3.744160672702378,0.1002022979559237,-0.2114656424920408,3.759776249235715,0.13482038507838123,-0.06196959132309843,-0.41896779915283533,0.3061478873784398,-2.3611004156103195
58.099606362,3.744323708881846,0.1001657512682567,-0.2193217279109464,3.7602808388086157,0.1344306946751191,-0.06149671943934898,-0.41959448763876583,0.3060307089287293,-2.36062754372657
58.100329220000006,3.744489126569973,0.1001266984403129,-0.2272461722192026,3.76024481920435,0.13447214504956412,-0.06152945096532836,-0.41953957824231836,0.30602999927044516,-2.3606602752525494
58.13280858900001,3.744661216246443,0.100084776900581,-0.2352342246724675,3.759502532497914,0.13601481887907232,-0.06264902353974566,-0.4178942188479531,0.30555710968272454,-2.3617798478269667
58.149581651000005,3.7448271063723313,0.1000420280378258,-0.2432915805397004,3.7595246428009332,0.1360979255081517,-0.0626866838644684,-0.4178469149253341,0.3054852910486425,-2.3618175081516894
58.166151144000004,3.744988705447159,0.0999998801653891,-0.251400233652723,3.759686124479971,0.13538590346536145,-0.06217121410508408,-0.4184857722787916,0.3058387213869236,-2.361302038392305
58.182955756000005,3.74514124580614,0.0999585771950207,-0.2595656785324863,3.75930796058352,0.1352689770825264,-0.06223059529146591,-0.418321316237638,0.3061987684978824,-2.361361419578687
58.184515489000006,3.745287111066483,0.099918116380217,-0.2677738940366775,3.7592679192121388,0.13526364314171854,-0.06224141543383199,-0.4182986442297736,0.3062322011526679,-2.361372239721053
58.216230532000004,3.7454258246379664,0.0998781406423986,-0.2760246717762378,3.759426944336816,0.13511573874694963,-0.06213845544677943,-0.418514874434627,0.30621197249034626,-2.3612692797340005
58.216986583,3.745556909653499,0.0998388889494778,-0.2843161477895127,3.759441870265709,0.13511176155328528,-0.062132305720769665,-0.41852777766132654,0.30620348083776694,-2.3612631300079907
58.249596131000004,3.7456775066731383,0.0998017951081255,-0.2926482795002358,3.759984167792731,0.13507769930198416,-0.06192207816329365,-0.4189141659885771,0.305821445622974,-2.3610529024505147
58.250590907,3.745790952573103,0.0997657823898642,-0.3009970867190339,3.75997088431708,0.1350419147689471,-0.06190139774125303,-0.41893202956621645,0.3058551780424539,-2.361032222028474
58.282907416,3.745890573718467,0.099733004251595,-0.3093745804706918,3.759991536046395,0.1338078748192966,-0.06107302164492978,-0.4198667202484936,0.3066611770621317,-2.360203845932151
58.283821479000004,3.7459754174216022,0.0997042962564847,-0.3177672918117645,3.7600348376153394,0.133766212393779,-0.061034802288549184,-0.4199266349720965,0.30665659345343776,-2.3601656265757702
58.316261604000005,3.746034044869568,0.0996837247018725,-0.3261881960136181,3.7602004771530244,0.13376749422202563,-0.06104600443360697,-0.4200359326155163,0.30653212608955904,-2.360176828720828
58.31722529,3.7460783717313846,0.0996673419503312,-0.3346209429082886,3.760155058536811,0.1338218640338364,-0.06109654695654454,-0.41996512540717923,0.3065298312295388,-2.3602273712437656
58.333681328000004,3.746101725810865,0.0996578975044703,-0.3430746327721365,3.759590224556502,0.13455590938984832,-0.06173591510510201,-0.41904134997387565,0.3064627569511611,-2.360866739392323
58.350412349,3.7461136412668954,0.0996532346115013,-0.3515410476871223,3.7595205418997533,0.1348368015488862,-0.06185034075060347,-0.4187853419372174,0.30632779042632263,-2.3609811650378245
58.38284315600001,3.7461103038486696,0.0996535960845872,-0.3600034330822577,3.760049515435167,0.13456618380884283,-0.06163750694805836,-0.41933939903377926,0.3061131565609996,-2.3607683312352794
58.38295401800001,3.746091238733008,0.0996607706112585,-0.3684706790902566,3.760051368445493,0.13456668900171637,-0.06163725425676292,-0.41934025543125486,0.3061114374186342,-2.360768078543984
58.401354381000004,3.746053584255389,0.0996744038601041,-0.3769400741390638,3.7603589225455885,0.13465053858280038,-0.061595313721999556,-0.4194823963309391,0.3058261021047133,-2.3607261380092206
58.417214352,3.74600496923028,0.0996937717861085,-0.385418469687441,3.7605966688744,0.13440590224844934,-0.06138755963457543,-0.41982321504641007,0.30581151251483085,-2.3605183839217965
58.43391535600001,3.745938719574754,0.0997203125907382,-0.3938950713222832,3.7607317339562725,0.13426411280838724,-0.06129470383324431,-0.42001893329186535,0.3058050945673312,-2.3604255281204654
58.466286399000005,3.745862938472592,0.0997517519602008,-0.4023802885407067,3.760643127259693,0.13445487568341244,-0.0615723561213013,-0.4198175909379165,0.30574424329230077,-2.3607031804085223
58.467299651000005,3.7457723844985376,0.0997907185396567,-0.4108702541107699,3.760663171203868,0.13442782143151755,-0.06155085091671619,-0.4198511228972297,0.3057472928739591,-2.3606816752039372
58.483792058000006,3.7456746815442,0.0998330312174166,-0.4193728314310087,3.760989420631668,0.1339874672715146,-0.06120081697981483,-0.4203969128098102,0.30579693002433306,-2.360331641267036
58.500462433,3.7455650660921074,0.0998823909722577,-0.4278778907931513,3.7604370100732427,0.13429433902059318,-0.06141314203552284,-0.41980019959500314,0.30600492289612724,-2.360543966322744
58.516812829,3.74544877936701,0.0999358115312919,-0.4363903798895875,3.7602956549742954,0.13450580070750462,-0.06153667274396568,-0.41954829925449744,0.30596965921108144,-2.3606674970311867
58.532851491,3.745272920518925,0.1000175533422889,-0.4446750612464007,3.760791741718773,0.13455485478201593,-0.06151228870164793,-0.41984190002097677,0.30556678584363794,-2.360643112988869
58.566315287,3.745175699643183,0.1000643954206826,-0.452988783581026,3.7611080318154637,0.1353814257082029,-0.061999119190953245,-0.4194355747542615,0.30478055515299385,-2.3611299434781743
58.568133443,3.7450379715831135,0.1001320265966292,-0.4612866689410814,3.7610176558467154,0.13532544743285288,-0.061972267968411376,-0.4194171937067601,0.3048852619824327,-2.3611030922556324
58.583795416,3.744902627299617,0.1001990589796339,-0.4696301908206845,3.7602391385014577,0.13484323895507694,-0.06174096596656753,-0.41925885555003717,0.30578722833492655,-2.3608717902537886
58.616251031000004,3.7447587088237793,0.1002737306404139,-0.4779913786836218,3.760185384139221,0.1348046343440316,-0.0616555859634742,-0.41925188516693845,0.30585304065302044,-2.3607864102506952
58.632997221000004,3.7446147905682734,0.1003488791381861,-0.4863595399209414,3.7606697755185574,0.1345794804444227,-0.06146260389017222,-0.41974233821044393,0.3056414157513654,-2.3605934281773933
58.633805973,3.744460390112246,0.1004310730650794,-0.4947369320956556,3.760693169048478,0.13456860670737467,-0.06145328388139726,-0.41976602448653644,0.30563119539303507,-2.3605841081686183
58.666256678,3.744305039617672,0.1005166059486661,-0.5031049799938196,3.761070701667307,0.13498717287250034,-0.06166706953248369,-0.41970495137610486,0.30507083962385817,-2.3607978938197047
58.667175109000006,3.744140161560109,0.1006098984178679,-0.5114765846866658,3.7610829967248534,0.1349479195480532,-0.061638516263265775,-0.41974242943561313,0.30508779211558457,-2.360769340550487
58.683229530000006,3.743973854685188,0.1007047422549048,-0.5198665631457078,3.7612979176389687,0.13426176087492253,-0.06113939743457397,-0.4203975559999411,0.30538412623233224,-2.360270221721795
58.716333070000005,3.743799924547335,0.1008047208775292,-0.5282559310073159,3.761740526920422,0.13340385497898524,-0.060431330851588694,-0.4213324104420395,0.3056248598494311,-2.3595621551388097
58.732918754,3.7436264736238094,0.1009068447166323,-0.5366461776586366,3.7618107890469417,0.13325769263687434,-0.060296758581321,-0.4214882574775145,0.3056697140377316,-2.359427582868542
58.734082282,3.743447782532381,0.101013504548692,-0.5450267914339969,3.761815718114175,0.13324743897609123,-0.06028731799361431,-0.4214991905442176,0.3056728606733481,-2.3594181422808354
58.766186046,3.743271476838408,0.1011211153076206,-0.5534044298212754,3.7613550060276353,0.13406062359668702,-0.060943500495163505,-0.42058566114913587,0.3054754046068946,-2.3600743247823845
58.767332251000006,3.7430942206343834,0.1012313497678188,-0.5617875909196037,3.761331141589487,0.13410327847323983,-0.0609783199862135,-0.4205379436662917,0.30546482199224423,-2.3601091442734345
58.800386877,3.742912677047759,0.1013451654484892,-0.570170209435617,3.7609954920562294,0.13377073015603452,-0.060777973661360285,-0.42056270156814923,0.30593666522759655,-2.3599087979485813
58.816112762,3.742733043023371,0.101461005488382,-0.5785532977909684,3.761443777143576,0.13333526918872365,-0.06045070672464803,-0.42118607007483266,0.30589197206856333,-2.359581531011869
58.833219099000004,3.742553411102385,0.1015787528756847,-0.5869241804665013,3.7616065307273043,0.13346480116333748,-0.06049903362950637,-0.4211977357100505,0.30568429160626964,-2.3596298579167274
58.849544798000004,3.742378548073407,0.1016968523970432,-0.5952936832741393,3.7616429572014245,0.13379123768199025,-0.060683203567062804,-0.42097836781296616,0.3054398219466883,-2.359814027854284
58.850267235000004,3.742200827165881,0.1018175778170907,-0.6036575885572554,3.7616446659235065,0.13379042009289877,-0.06068289299273211,-0.42098011533927115,0.305439090964549,-2.359813717279953
58.86711317500001,3.742018820951988,0.1019439110143061,-0.6120309310452313,3.7616845102693417,0.13377135537614174,-0.06067565095426941,-0.421020864530262,0.3054220457671706,-2.3598064752414905
58.899589379000005,3.741840153388692,0.1020710748306042,-0.6204005672139705,3.761350341768111,0.13398402759050823,-0.060822873383181264,-0.4206397188662092,0.3055298698867004,-2.3599536976704023
58.900930836,3.741661964156203,0.102199310980326,-0.6287706503404139,3.7613298959818615,0.1339968436504908,-0.06083155973508658,-0.42061654516511426,0.30553659752717666,-2.3599623840223076
58.916859528,3.741484730502784,0.1023289765417506,-0.6371363516686521,3.7613823915616735,0.13383237433922987,-0.06073202215132767,-0.4207742284952962,0.30560689623007464,-2.3598628464385487
58.949675018,3.7413079761900176,0.1024612641566889,-0.6454893185182508,3.761469877180023,0.13325263121053849,-0.06030018079409105,-0.421265114384326,0.30592750014869363,-2.359431005081312
58.966296702,3.741130747610764,0.1025955788774494,-0.653836860807413,3.7614860062026407,0.13362293708515294,-0.0606721255293472,-0.4209994969426303,0.3056689774982133,-2.3598029498165682
58.982776624,3.740954473849713,0.1027308461731676,-0.6621826229646681,3.761403410606272,0.13365833045163555,-0.060752096493000174,-0.42091810552775266,0.30570705847134505,-2.359882920780221
58.999628847000004,3.740780586149307,0.1028676604418176,-0.6705210088658622,3.7611721281634423,0.13318616417951762,-0.060391014607382054,-0.4211165276993438,0.30619394777982123,-2.359521838894603
59.000700229,3.740609082850476,0.1030049488006987,-0.6788549310246577,3.7611574243557513,0.13315614615489538,-0.060368058785305934,-0.4211291424115422,0.30622490182315953,-2.359498883072527
59.032924422,3.740438057882451,0.1031433094930034,-0.6871896527598795,3.761284883904032,0.1337220404108471,-0.06067686236564018,-0.4207916651551007,0.30575310594912875,-2.3598076866528612
59.049503554000005,3.740267988760831,0.1032835764339815,-0.6955161784326603,3.760569544134728,0.13351695940173497,-0.06056639059745361,-0.42046856393066223,0.3064234601872844,-2.3596972148846747
59.050551361000004,3.7400974455930553,0.1034263473177739,-0.7038408174306577,3.760586552590689,0.1335606367970078,-0.06059422550434368,-0.42044728948567744,0.30638169416733296,-2.3597250497915647
59.08294690100001,3.739929288046736,0.1035704267561524,-0.7121589793501936,3.7607444910799432,0.13448887533425188,-0.061210925120008586,-0.4198596880995944,0.3056459659841795,-2.3603417494072296
59.099676229,3.7397616099497584,0.1037166514109022,-0.7204801678531707,3.7603085775339937,0.13435945008366354,-0.061177076949072706,-0.4196661200021805,0.30605743032855903,-2.3603079012362937
59.1163961,3.73959726965952,0.1038628722202081,-0.7288010764550725,3.7603684287184036,0.13421597886334982,-0.06111106893304363,-0.41981302888577776,0.3061082627518119,-2.3602418932202647
59.133054633,3.739431501289286,0.1040111212341051,-0.7371221837690637,3.7603893424569828,0.13420104206695788,-0.06113916189549107,-0.419838096740607,0.3061025975067104,-2.360269986182712
59.149737843000004,3.739267642390952,0.1041612753979925,-0.7454354314575172,3.760283154176051,0.1346064071254581,-0.061475488826058466,-0.4194648974137265,0.30591202194669354,-2.3606063131132795
59.150421667,3.739105216041602,0.1043130968427158,-0.7537460742650038,3.7602788016506663,0.13462302253434905,-0.061489274448068176,-0.4194496004381141,0.30590421049183814,-2.360620098735289
59.16819310100001,3.738942791215461,0.1044665872165678,-0.7620549773746129,3.7606353774658707,0.13439182068468566,-0.06127050446344473,-0.4198594894003702,0.3057919979885382,-2.3604013287506658
59.199600027,3.7387827518844494,0.1046209093079708,-0.7703632887813672,3.7605861025627068,0.1336656369882657,-0.06069892340812011,-0.4203686299675464,0.3063121389885408,-2.359829747695341
59.200896137,3.738621761591712,0.1047772590544839,-0.7786661355391715,3.76056800967784,0.13363139411371835,-0.06067354501997091,-0.42038214175444377,0.3063484344228944,-2.359804369307192
59.217184856,3.738459344888344,0.1049379019810159,-0.7869557312078822,3.760260814543997,0.13411926538044497,-0.06103682965284829,-0.4198135736477768,0.3062529486583241,-2.3601676539400693
59.249571238,3.738300741924612,0.1050973484204327,-0.7952498695559977,3.7604655839189443,0.13457926425593544,-0.06133550884499339,-0.41960658397981865,0.3057939445845652,-2.3604663331322144
59.266211727000005,3.7381421419353127,0.1052594174625006,-0.8035439777152908,3.760786590325712,0.13399849551839185,-0.060891587885349985,-0.4202536731511759,0.305940958339042,-2.360022412172571
59.26782162600001,3.7379883098296527,0.1054210041741725,-0.811842734997285,3.7608118475355936,0.13391272330846704,-0.06082835174729917,-0.4203344954791577,0.3059792016384031,-2.35995917603452
59.299628924000004,3.737834955792614,0.1055837824286611,-0.8201431537866918,3.760670667849318,0.1339584803305461,-0.06085259498511242,-0.42020637464511523,0.3060541046474925,-2.3599834192723335
59.300947818000004,3.7376835109601374,0.1057479889961696,-0.8284506657917918,3.760638655113871,0.1340314907918169,-0.06090564104942242,-0.42013057954208444,0.30602939746144564,-2.3600364653366435
59.31711064700001,3.737531115700605,0.1059151768927293,-0.8367634476014171,3.759936378675694,0.1349447699710742,-0.06159870794942712,-0.41898155927058944,0.30594559131264143,-2.360729532236648
59.33376079400001,3.737382534420868,0.1060817643484299,-0.8450762585129572,3.7592327926608102,0.13576791946668146,-0.06223568063554952,-0.41789892965322784,0.3059227552869279,-2.3613665049227706
59.350309167000006,3.737233478482461,0.1062501404915857,-0.8533883732804842,3.7599264162145034,0.1354703077301083,-0.06201757143915865,-0.4185827275385492,0.30560321369023935,-2.3611483957263797
59.366818346,3.737084902448741,0.1064211386879975,-0.8617022371598873,3.7603416640953355,0.13518169327644705,-0.06181382599721719,-0.4190745163583953,0.30548543057569244,-2.3609446502844382
59.383364074000006,3.736938235043062,0.106593207569873,-0.8700105821859421,3.760466212958395,0.1349011783236296,-0.06162422150452951,-0.41936676335444156,0.30557920024747176,-2.3607550457917506
59.399870818000004,3.736792046298687,0.1067670640406602,-0.8783277311485721,3.7597465999440494,0.13548030867467253,-0.06207782537144668,-0.41845557331693417,0.30573075079832046,-2.3612086496586677
59.432833108000004,3.736648719744684,0.1069417516797106,-0.8866430224248164,3.760058975378715,0.13381067838467292,-0.06090702633853917,-0.41990951747471694,0.3066089820341098,-2.36003785062576
59.43331165,3.736502060438277,0.1071209731142768,-0.8949651952347487,3.7600777344035374,0.13376436751074294,-0.060873790036022335,-0.4199565650659336,0.3066258082700859,-2.3600046143232434
59.451106499000005,3.7363587386639305,0.1072999522849783,-0.9032865577565766,3.760898429389623,0.1332431260421282,-0.06044070566299986,-0.4208918365066707,0.30636028941777527,-2.359571529950221
59.46695308500001,3.7362211367506633,0.1074770175160756,-0.9116042912060976,3.76160570823555,0.13290092021503166,-0.060088426306638354,-0.42161800358976986,0.30606024015279054,-2.3592192505938594
59.483880060000004,3.7360825846020194,0.1076569448668634,-0.9199186287635672,3.76232095489562,0.1326888119487053,-0.059739962664883794,-0.42225238453661706,0.3056676481054157,-2.358870786952105
59.500478008,3.7359445124212263,0.1078397326894247,-0.928233263991412,3.761613323431277,0.13326366519162705,-0.06026043838309603,-0.42135236168726653,0.3058131039780094,-2.359391262670317
59.517299662000006,3.735807868904293,0.1080206115164014,-0.9365496521090866,3.7610030726266555,0.13365907929151805,-0.06066085835703827,-0.42065107066359975,0.3060053258681745,-2.3597916826442593
59.533490453000006,3.735674564214956,0.1082026785901996,-0.9448553045872377,3.7607319561404426,0.13368088535080444,-0.06076442763293333,-0.42045433452786396,0.30619314105982287,-2.3598952519201544
59.549983762000004,3.735544121276805,0.1083853384139153,-0.9531605102910464,3.760600412311981,0.13445031540845875,-0.061382003191108314,-0.41979256194931924,0.30577915622107366,-2.3605128274783294
59.567285952000006,3.735413680901072,0.1085702632126509,-0.9614659352438922,3.7608257471245765,0.1348794675953607,-0.06169592659174983,-0.41962228159611614,0.3053253368973299,-2.360826750878971
59.583558880000005,3.73528276845993,0.1087590032553009,-0.9697786286317924,3.7617632598316915,0.13361530444345565,-0.060668368623024715,-0.42118974073479354,0.30546714803657693,-2.3597991929102458
59.600528857,3.735154238399956,0.1089466676685537,-0.9780863702377334,3.76115842096573,0.1339419096741159,-0.06089878959639616,-0.4205434030079922,0.30570113216720474,-2.360029613883617
59.617045299000004,3.735028093995952,0.1091352830085572,-0.9863979835449762,3.7605022719896075,0.13437085277171676,-0.06120778082046474,-0.41978653873771554,0.3059052893033143,-2.360338605107686
59.64957321200001,3.7349029039709674,0.1093246125051726,-0.9947092720172016,3.7596260901278082,0.13571557872430448,-0.062238100411335484,-0.4181997803712125,0.30566408310762005,-2.3613689246985565
59.650151985,3.734781050861857,0.1095131036918388,-1.0030198885048336,3.7596154277780602,0.1357589721552133,-0.06227288860014424,-0.4181602993917304,0.3056431563829052,-2.3614037128873653
59.66741461,3.734659676679909,0.1097031440487491,-1.0113258008763852,3.7591269946452117,0.13667217017692102,-0.06302413009545615,-0.4171536796973747,0.3053998164086882,-2.362154954382677
59.683779503000004,3.734538782481972,0.1098962832959717,-1.0196345902106392,3.7583085506513325,0.13674314336572482,-0.06313908339155816,-0.41655593461077967,0.3059633663852632,-2.362269907678779
59.69960571000001,3.7344226546767874,0.1100877481207477,-1.0279439131584245,3.7590255047333874,0.13571721232234968,-0.06230792294396226,-0.4177987950158695,0.3061112030349715,-2.3614387472311833
59.73293330600001,3.734307007105311,0.1102818349986295,-1.0362517249447387,3.7604962858370814,0.13422399225060916,-0.061085410636203985,-0.4198921538524605,0.3060075110926723,-2.360216234923425
59.735163527000005,3.734192315400069,0.1104779473344487,-1.044565858849957,3.760565025952846,0.1341741788896922,-0.06104465692258021,-0.4199750840884713,0.30598936859018844,-2.3601754812098013
59.750520129,3.7340776259157376,0.1106759670176241,-1.0528815674330798,3.7606296931060514,0.1342157041289034,-0.06102509671852552,-0.4199871387084677,0.3059134681795701,-2.3601559210057466
59.782986464000004,3.733965798112087,0.1108745794507494,-1.0611937743560025,3.7608443535999148,0.13392868182288697,-0.06078282571332716,-0.4203442228287786,0.30594432045336717,-2.359913650000548
59.799671748,3.7338549246169497,0.1110739060405187,-1.06950433515708,3.7609279061952248,0.133688420997477,-0.06065320585211165,-0.4205791405637771,0.3060418907264686,-2.3597840301393327
59.816350941,3.73374595987103,0.1112741841064233,-1.0778062164924531,3.760634992853639,0.13384707297361195,-0.06083354917912409,-0.4202657699151886,0.30615488414138214,-2.359964373466345
59.817183808,3.733639859341039,0.1114774391065829,-1.0861080515109074,3.7606203663752433,0.13385499517916516,-0.06084255453122589,-0.42025012191159616,0.30616052640995584,-2.359973378818447
59.849602773,3.733535664849496,0.1116796190264721,-1.094409071211404,3.7612668904847624,0.1339691287207845,-0.06088619409083673,-0.4205952901757284,0.3056020653469016,-2.3600170183780578
59.866247119,3.733432423417935,0.1118810825922976,-1.1027089719577905,3.7605482697019217,0.13465551680258267,-0.06142088360621667,-0.41960471586214165,0.30568148170307463,-2.3605517078934377
59.882849115000006,3.733332043365208,0.1120830196989376,-1.111009731252363,3.7604537185299605,0.13483108002394087,-0.06155606498430233,-0.4194107599601531,0.3056351840044642,-2.3606868892715234
59.899673915,3.733231187876784,0.1122860302377485,-1.1193173150852385,3.760788505871001,0.13465710552832325,-0.061417918561642804,-0.41976343805113636,0.305501139784198,-2.360548742848864
59.900590492000006,3.7331336725063418,0.1124910634877038,-1.1276294987526057,3.7607932981345296,0.13466107502997016,-0.06142135044196273,-0.4197636655383761,0.30549492118446775,-2.3605521747291838
59.932863819000005,3.7330371110867446,0.1126962148481007,-1.135939013965488,3.761097196106924,0.13450636141418132,-0.06128558448056598,-0.4200814087251601,0.30537110863345474,-2.360416408767787
59.932906109,3.732941982385792,0.1129036295356218,-1.1442489209615656,3.7610982305457568,0.1345047724942405,-0.06128419868681867,-0.420083283061814,0.305371394277262,-2.3604150229740397
60.013072306000005,3.732848761087848,0.1131106843978882,-1.152554752528866,3.761224088230111,0.1340309163438361,-0.06100560762929952,-0.42052068869576154,0.3055928804379535,-2.3601364319165206
60.01309590100001,3.732757926992584,0.1133203591160232,-1.160863259110231,3.761223661066457,0.13403130043972608,-0.06100578608292917,-0.4205201177192017,0.3055929435585383,-2.36013661037015
60.013107674000004,3.7326661402655112,0.1135313462343922,-1.1691715030033143,3.761223447928178,0.13403149208884288,-0.06100587512444555,-0.4205198328237989,0.3055929750532891,-2.3601366994116666
60.016147618000005,3.7325781676159138,0.1137416137025843,-1.1774871538009402,3.7611684128111182,0.13408097842052485,-0.06102886681934683,-0.42044626907016847,0.305601107413644,-2.360159691106568
60.017111535000005,3.732491150662893,0.1139533105824255,-1.1858097858527643,3.7611509620669827,0.13409666973469903,-0.06103615711336996,-0.42042294319551177,0.30560368605338084,-2.360166981400591
60.033682572000004,3.7324060399884833,0.1141645284282524,-1.1941217998612257,3.76094119898917,0.1342962919907695,-0.06112476772483211,-0.4201343441930834,0.30562735480344694,-2.360255592012053
60.050251244,3.7323233139616754,0.1143758627363785,-1.2024326039565556,3.760978353536777,0.1343040072463186,-0.06111290372789213,-0.420153317514119,0.30559449147030904,-2.360243728015113
60.082936256,3.732242496947749,0.1145887445668851,-1.210741733293205,3.760941714201912,0.13381711575179778,-0.06079124721851592,-0.42049228871306,0.3059459232483035,-2.359922071505737
60.099726119,3.732162159198824,0.1148036524045741,-1.219053524988251,3.7613219497835293,0.13372479390988729,-0.06069886000565994,-0.4208142823358929,0.30572361146976634,-2.359829684292881
60.100623209000005,3.732086110751556,0.1150167671600118,-1.2273602044062148,3.761342265943221,0.13371986111197465,-0.060693923714948195,-0.4208314866012941,0.3057117332505448,-2.3598247480021692
60.116663534000004,3.732010064964384,0.1152320276811516,-1.2356704463038193,3.761275385817032,0.1338954140868834,-0.06081748492098038,-0.4206559569584303,0.30564479191238636,-2.3599483092082014
60.133844493000005,3.731934972336349,0.1154471678945483,-1.2439845383132653,3.760891310547478,0.1342650598909292,-0.061097280536706045,-0.42012444508602265,0.30568537469964063,-2.360228104823927
60.150391934000005,3.7318636933106113,0.1156609924116194,-1.252291762229159,3.7604219125575695,0.1344282712966456,-0.061252512028652006,-0.4196901987513244,0.30592704090887723,-2.360383336315873
60.182880482,3.731794798254604,0.1158748141820261,-1.2605915720621057,3.760400895516251,0.13403116053025135,-0.06099665368303597,-0.4199725666557277,0.3062070534860504,-2.360127477970257
60.199508597000005,3.731726383809805,0.1160919732610052,-1.2688946994223675,3.760509843920454,0.13412103908010528,-0.061079344258608614,-0.41997801079539343,0.30606592138535893,-2.3602101685458297
60.200315455,3.73165987769854,0.1163098453977629,-1.2772118397476218,3.7605146636286397,0.13412876810407917,-0.061085869405651305,-0.4199754508790394,0.30605717986221714,-2.3602166936928723
60.217381735000004,3.731594801684006,0.1165273582588327,-1.2855257810238243,3.7604401552316253,0.13434217384644087,-0.06126048404565676,-0.4197665947321432,0.30597073553329723,-2.360391308332878
60.233698547,3.7315325859025994,0.116744390987055,-1.293838108679154,3.7601524512006934,0.13460745469065133,-0.06147232774448552,-0.41937711612201856,0.306008866203034,-2.3606031520317066
60.250309069000004,3.7314713250840743,0.1169622570808956,-1.3021456439945904,3.760769957152706,0.13422197650905637,-0.06111627088939375,-0.4200758213549207,0.30580461629049704,-2.360247095176615
60.267681142,3.731411499031775,0.1171838170122033,-1.3104536951286938,3.7607094473126375,0.13409812657131268,-0.06101584696674056,-0.4201279715661008,0.30593221175788576,-2.3601466712539616
60.299582921,3.731354054195106,0.1174032284311875,-1.3187565588802952,3.7599009293269896,0.13427813867634739,-0.061216558392017895,-0.4194554595016786,0.3064157747985341,-2.360347382679239
60.300073045000005,3.731299470873128,0.1176225173445582,-1.3270693698104268,3.759894495467244,0.13428024271812697,-0.06121891722036077,-0.4194496067341209,0.3064191757770627,-2.360349741507582
60.317162460000006,3.731244889125032,0.1178433559777613,-1.3353784331976848,3.7598260186213976,0.1342719080066527,-0.061227332113696686,-0.4194102467163012,0.30647582676848995,-2.3603581564009177
60.349661747000006,3.7311912606734094,0.1180641935124317,-1.3436856809451243,3.7602248081696694,0.13404602596382242,-0.06107296672465523,-0.41984426421832266,0.30632856981950907,-2.3602037910118763
60.350575489,3.73114240235718,0.1182862176455021,-1.3519985218972717,3.7602252108117935,0.13404887172091534,-0.061077958095833385,-0.4198424084849379,0.3063263751195944,-2.3602087823830544
60.367061974,3.7310959288692223,0.1185085966593355,-1.3603156865427148,3.7602688588014415,0.13415048412075878,-0.061186503226563715,-0.4197956300800332,0.30622616530152813,-2.3603173275137848
60.383919497,3.731048024971672,0.118731573367546,-1.3686287625016536,3.760497974540722,0.13450926789797987,-0.061391230335624325,-0.41968038123722495,0.3058163634896558,-2.3605220546228454
60.400479452000006,3.731003458821368,0.1189541886025203,-1.376938513820473,3.760740514012967,0.1347049992463583,-0.061501959719961974,-0.4196957510274033,0.30550507596037635,-2.360632784007183
60.433732927,3.7309603219437673,0.119175729306544,-1.3852458800041687,3.76097411476976,0.13468853906426703,-0.06147872809490007,-0.41986352611458333,0.3053416997953753,-2.360609552382121
60.433770168,3.7309195703659457,0.1193983401467544,-1.3935478821537244,3.760974012771164,0.13468834701733454,-0.06147858989657351,-0.4198636015430619,0.3053419037470424,-2.3606094141837946
60.450919497,3.7308821592549575,0.1196230929072229,-1.4018600920626416,3.7607434150963046,0.13467616204864877,-0.06149054566085699,-0.4197192028090515,0.3055221057634814,-2.360621369948078
60.467477459,3.730844745303203,0.1198454614835255,-1.4101710899506863,3.7602650360137613,0.1347705910887528,-0.06160736892569396,-0.4193303095928136,0.30581625786120314,-2.360738193212915
60.48392277600001,3.7308106698882098,0.1200685414696899,-1.4184768250285265,3.760887397698147,0.13434984682667478,-0.061203556738090636,-0.42005856544836906,0.3056318582703348,-2.3603343810253117
60.5162051,3.730775644194507,0.1202943643662914,-1.426790457104412,3.761219856753928,0.13399937530008035,-0.06090514496908073,-0.42054141068594,0.30561703291101416,-2.3600359692563018
60.532994182,3.7307439582809487,0.1205217331370988,-1.435106751582602,3.761109578031114,0.13407873131187653,-0.060971516082171995,-0.42040878399685555,0.30564651060862147,-2.360102340369393
60.534209007,3.73071322697041,0.1207501736922353,-1.4434249122597909,3.7611092582630476,0.1340863030613172,-0.06097586023307899,-0.420402920474626,0.3056417092808612,-2.3601066845203
60.56634392,3.730686308380127,0.1209769409236296,-1.4517414656929788,3.761239364536148,0.1338235224456545,-0.06072758176771709,-0.42068563178349283,0.305719527081568,-2.359858406054938
60.568244142000005,3.730659391790422,0.1212051386653881,-1.4600617589463212,3.7612542682576153,0.1337838877416493,-0.06069400182606888,-0.4207251308592377,0.30573478662580955,-2.35982482611329
60.58421035600001,3.730633904626919,0.1214326195039454,-1.4683785837321883,3.7612975747563766,0.1335556135872559,-0.06055452241903936,-0.42092431421945387,0.30585441325918206,-2.3596853467062604
60.616304311,3.7306108000164335,0.1216587862944807,-1.4766935519743891,3.7609436690372866,0.1340050677451594,-0.06089364889379789,-0.4203533243322912,0.3058193583476889,-2.360024473181019
60.633017819,3.730590557710157,0.1218859034625004,-1.4850168844183136,3.761068666607569,0.13381771180452037,-0.06078383237081697,-0.4205763469161612,0.3058507839447935,-2.359914656658038
60.64964355,3.730570314332347,0.122111947747551,-1.4933306985598611,3.7614123468581324,0.1332818620606843,-0.060445371782685164,-0.4212050060960615,0.30595097724857734,-2.359576196069906
60.666338923000005,3.730553886437713,0.1223389413116071,-1.501639460835491,3.761362055587605,0.13343250865267184,-0.06053928654359897,-0.4210591056898263,0.3058882342885818,-2.35967011083082
60.667302901000006,3.7305384107320303,0.1225645032663584,-1.5099458182042569,3.7613591518083136,0.13344120687106154,-0.06054470910968357,-0.4210506815125523,0.30588461155831403,-2.3596755333969046
60.699642063000006,3.730525320895309,0.1227917314034022,-1.5182546255672318,3.761522019832192,0.13347576239861583,-0.06057769475891028,-0.42113330272904115,0.30574006463765313,-2.3597085190461313
60.716235222,3.73051413817958,0.12301859971532,-1.526561849417349,3.761656663969825,0.13341862945345015,-0.06045075770371566,-0.42126556299124474,0.30567761113283654,-2.3595815819909367
60.717045286,3.730504385403414,0.1232448703330754,-1.5348669657446825,3.761663277396195,0.133415739753539,-0.060444251995227294,-0.42127212160743355,0.3056745991023546,-2.3595750762824483
60.749572978,3.730497495265624,0.1234726873745285,-1.543160223504926,3.7614841415422533,0.13376256085588137,-0.060790696085129436,-0.4208940567812838,0.3055774316261819,-2.3599215203723505
60.766201434,3.730492508929213,0.1236972835698158,-1.5514562255281024,3.761106413637761,0.13385872935476673,-0.060906466584538244,-0.4205708616388968,0.30579531152416983,-2.3600372908717593
60.78295079,3.730487525245557,0.1239242639493548,-1.559756093101715,3.7609562627658613,0.13399766616724365,-0.060986868563676744,-0.4203672307453594,0.3058148865437307,-2.360117692850898
60.783557837000004,3.7304863564090582,0.1241514783525507,-1.5680546866452618,3.7609633682193158,0.1340053017862888,-0.06098827807069984,-0.42036626199079796,0.3058045013782724,-2.360119102357921
60.800322934,3.730486140695706,0.1243782148202006,-1.5763432478136274,3.761159602804762,0.13421617819939416,-0.061027205076300106,-0.4203395074492322,0.3055176894736471,-2.360158029363521
60.817036091000006,3.730487831597326,0.124604233835136,-1.5846377891455214,3.760946504539962,0.13420759986449057,-0.0611065707415821,-0.42020406523267084,0.30568243128456185,-2.360237395028803
60.850542989000004,3.7304909527366874,0.1248298935743192,-1.5929383784931042,3.760213518700905,0.13475310379311994,-0.06163706712593919,-0.4193090687360832,0.3058663444366281,-2.3607678914131602
60.85058524,3.7304974144295455,0.1250579336522673,-1.6012432557838403,3.760212462515468,0.13475424588041793,-0.061637995570271276,-0.4193075133883588,0.3058663724461139,-2.3607688198574923
60.883014103,3.730504349678701,0.1252833505783515,-1.609547054484312,3.760271966432868,0.13481807151865555,-0.06161281052839307,-0.4192994887840813,0.3057794815144317,-2.360743634815614
60.884467454,3.730513198118894,0.1255135336752836,-1.6178540451546566,3.760264263104377,0.13479695432304412,-0.061597439656721154,-0.4193101206619487,0.3057992865742234,-2.360728263943942
60.916357119000004,3.730525380670188,0.1257408519059037,-1.6261510360283908,3.7598795906103777,0.13466105238944978,-0.06149746290769231,-0.4191554934692019,0.30617682159837,-2.3606282871949134
60.933636005000004,3.7305389914064926,0.1259657843040652,-1.6344508801066993,3.7595587838136946,0.13491889701588594,-0.0616710908984035,-0.41874953027452033,0.306244606085857,-2.3608019151856245
60.934835171,3.730554511293018,0.1261923834338177,-1.6427530324335329,3.759599400672524,0.1349001415840147,-0.06165204161211424,-0.4187905628571227,0.3062267785057964,-2.3607828658993353
60.950468991,3.730571460036563,0.1264176696142632,-1.6510582598934156,3.7601289325804546,0.13465562243829401,-0.061403691414580575,-0.4193255146574093,0.305994355990729,-2.3605345157018016
60.967205482000004,3.730590316811792,0.1266435496433521,-1.6593555127813382,3.7605928586452975,0.13424961308980368,-0.061094591556694056,-0.4199373149576129,0.3059183864088344,-2.360225415843915
60.983503328000005,3.730611555390187,0.1268672811598492,-1.6676577493530147,3.7609213590020363,0.13394255194095328,-0.06088437863804197,-0.4203851287036189,0.3058776202169762,-2.360015202925263
61.016353174,3.7306337502776734,0.1270931573433547,-1.6759541432015737,3.7603843314171317,0.13455398620545567,-0.061423543431740946,-0.4195713646760204,0.3058714077985889,-2.360554367718962
61.01788620600001,3.7306578517456193,0.1273186737019811,-1.684249697007218,3.76032416863368,0.13458425740952648,-0.06144779617512608,-0.4195087277490983,0.30589615697421735,-2.360578620462347
61.03379073200001,3.730683382748455,0.127542996320264,-1.6925467927592956,3.759728223618571,0.13487625473795467,-0.06168141565392382,-0.41889413734022085,0.3061465397415124,-2.360812239941145
61.066306902,3.730710819346883,0.1277661246492056,-1.7008460331934203,3.7605321090504,0.1340301305748333,-0.06103176742084315,-0.420060674647575,0.3061098164862788,-2.360162591708064
61.067864621000005,3.730740164969205,0.1279904428727031,-1.7091440547453884,3.7605476486162033,0.1340264900290921,-0.06103764956979019,-0.42007373509297796,0.3061006428041102,-2.3601684738570112
61.083590146000006,3.730770939397872,0.12821356735619,-1.7174429070922268,3.7605488842316785,0.13409106641422686,-0.06116165673662799,-0.42002636522709214,0.30605673685840085,-2.360292481023849
61.116264638000004,3.7308050548427247,0.1284393105967768,-1.7257450751510388,3.7595639865146637,0.1347355513026429,-0.061698048573908704,-0.4188898213158332,0.3063627633640471,-2.3608288728611297
61.117013325,3.730840596723187,0.1286614759129723,-1.734051761948282,3.759569718061295,0.13472121081357732,-0.06168800837033972,-0.4189043384697162,0.30636803142788205,-2.3608188326575608
61.13392879800001,3.730876616110427,0.1288839983073289,-1.7423571390060613,3.7596992138616625,0.1343972087197836,-0.061461164853108485,-0.4192323320431881,0.3064870555214796,-2.3605919891403295
61.166212895,3.730915974050588,0.1291074705300861,-1.7506551496325888,3.76001914351398,0.13405735151685733,-0.060998849353224305,-0.4196989160633784,0.3064745154690014,-2.3601296736404453
61.167352437000005,3.730956287244469,0.1293322529554215,-1.758961957193095,3.7599948200286746,0.13408462914291672,-0.061020997877510474,-0.4196623688227099,0.3064745109565794,-2.3601518221647315
61.183382312000006,3.7309999368357167,0.1295554818154056,-1.76726434442797,3.759652662890978,0.13446834201706043,-0.061332559957484545,-0.41914826078675693,0.30647444748058295,-2.3604633842447056
61.216380841,3.731045019714791,0.1297815700486198,-1.7755734152218934,3.7593966147137925,0.13461781676488227,-0.061430064858214894,-0.4188662774288736,0.3065660376282704,-2.360560889145436
61.232796822000005,3.73109105070968,0.1300026503961945,-1.7838805127891642,3.7597767170836023,0.13432788266100773,-0.061190695981115706,-0.4193356572597291,0.30647536144335596,-2.3603215202683367
61.23438497,3.731141377264282,0.1302270636574059,-1.7921893092829917,3.759813489715004,0.13429983327016115,-0.06116753847359746,-0.41938106695163935,0.30646658906467694,-2.3602983627608185
61.266315193000004,3.731192653756084,0.1304483763805166,-1.8004965828508217,3.7604761530101145,0.13380486730383967,-0.06087191373482259,-0.42019153914585683,0.3063015170412928,-2.3600027380220436
61.267493228000006,3.73124392981604,0.130669212266732,-1.80880552595296,3.7604997824329613,0.13378734280933965,-0.060862822500408864,-0.4202203457929463,0.30629554756769606,-2.35999364678763
61.283549353000005,3.7312980650772527,0.1308887335556588,-1.8171123330933503,3.7605726029880904,0.13418332856140372,-0.06109484531262099,-0.4199732993184315,0.30597762369549164,-2.360225669599842
61.301315798000005,3.731354587046136,0.1311101594450414,-1.8254228939404504,3.760485658652504,0.13452795851624336,-0.06131551828734905,-0.41965823493171905,0.3058131136487212,-2.36044634257457
61.316243863000004,3.731411105809243,0.1313288435226054,-1.8337338619863053,3.760232452749221,0.1346768550150237,-0.061440938968783776,-0.41937857500788267,0.3059029675512872,-2.360571763256005
61.34956116,3.731470012414717,0.1315507435021117,-1.842047920697358,3.7584986845085013,0.13374953329166453,-0.0609704805481166,-0.41891657638209745,0.30781410207321747,-2.3601013048353376
61.366172283000004,3.731533210840936,0.1317729961651333,-1.8503650344909792,3.7565544549333385,0.13390721196930966,-0.06208963347360141,-0.41750477039484934,0.30916009429484914,-2.3612204577608225
61.382949432000004,3.7315949753991338,0.1319921510366434,-1.8586772796852025,3.753610021459348,0.13390909123918962,-0.06332545223802599,-0.4155434716777515,0.31135622711340094,-2.362456276525247
61.383816655000004,3.731660075786993,0.1322098715523346,-1.8669839559073815,3.7534161570482145,0.13390250285979832,-0.06339381354220874,-0.4154193469734033,0.3115052904369171,-2.36252463782943
61.416315221000005,3.731726604862213,0.1324256830724305,-1.8752979783905344,3.7468243296739807,0.1345801688894644,-0.06504123774138515,-0.41052591325807386,0.3159735927826781,-2.364172062028606
61.432909111,3.731795040548736,0.1326408963490869,-1.8836090977362707,3.7419424831626173,0.13543549570076333,-0.06454697205163651,-0.4066381046300478,0.3190475077760522,-2.3636777963388576
61.43453701400001,3.7318634767376073,0.1328565864626065,-1.8919202789180027,3.7412435807656172,0.1355251465737119,-0.06439399055463646,-0.40610599087456656,0.31950941338413674,-2.3635248148418575
61.451148107,3.731935247413603,0.1330694117096424,-1.9002258014586952,3.7341119932481512,0.13643994247252977,-0.06283297010444189,-0.4006763116622012,0.32422268992032466,-2.361963794391663
61.46682543000001,3.732008451375948,0.13328438107427,-1.908529947229403,3.7272711176035576,0.1369030178521694,-0.05819374424666002,-0.3957772501167405,0.32901969047961277,-2.357324568533881
61.483551802,3.7320859444916006,0.1334977957752605,-1.9168298137705857,3.7209588803429456,0.1372135575550944,-0.05295330750277705,-0.39134389982235795,0.33352370860886715,-2.352084131789998
61.500310537000004,3.7321615340952334,0.1337141929037384,-1.925135896510843,3.7185051329267402,0.137110463489308,-0.04888699445640565,-0.38978755522365294,0.33542352340484527,-2.3480178187436267
61.516963189,3.7322423674537175,0.1339293918972698,-1.933444661893004,3.7105207323047087,0.13868482207717278,-0.04296515460363226,-0.38329799894437144,0.3403342176077371,-2.3420959788908533
61.533328423,3.732325107195831,0.1341437542289195,-1.941749005029077,3.70009997687233,0.1410861171668714,-0.03637014420931184,-0.374569608094649,0.3465126927483957,-2.335500968496533
61.550750662000006,3.732406892947438,0.1343577600315993,-1.950060633882765,3.695755686178582,0.14266164464019082,-0.03300466642402666,-0.3705021372059205,0.348706052960563,-2.3321354907112477
61.566794493,3.7324910594828298,0.1345691404850601,-1.9583685663662331,3.6918596802784713,0.14277216253632308,-0.028728848186164946,-0.3678263703257314,0.3515400162246056,-2.327859672473386
61.599461170000005,3.732578565550861,0.1347817091850205,-1.966676843379917,3.6790958644750633,0.14303870092298662,-0.019304614439693335,-0.3591315086354503,0.36088803295339833,-2.3184354387269144
61.617861453,3.732666545712051,0.134991773942145,-1.9749816054438945,3.66899173595573,0.1438168861873569,-0.016566176204606542,-0.3518251743645684,0.3679106012131603,-2.3156970004918276
61.632961065,3.7327559560603087,0.1352015986328135,-1.9832865869955276,3.6608123739489655,0.1436190970430658,-0.01555479292261408,-0.3465283719740575,0.37414638246487053,-2.314685617209835
61.649505170000005,3.7328491805381927,0.1354112997196473,-1.9915923540404068,3.6545615568220637,0.1448113185287722,-0.016558376665291696,-0.3414779195730979,0.3780176919811189,-2.3156892009525127
61.666214260000004,3.732941450396895,0.135619690603613,-1.9998993250404076,3.647686846206608,0.14581749694000395,-0.01730495839801538,-0.3361510274111894,0.38247843866041853,-2.3164357826852364
61.667243772000006,3.733037056383436,0.1358268855501699,-2.008205657041107,3.647221910613646,0.14586437778931907,-0.017330320186091708,-0.33580656700891875,0.3827942074855155,-2.3164611444733127
61.68401553100001,3.73313600143626,0.1360351495341661,-2.016519391306468,3.639647654348863,0.14662811274959817,-0.01774348855851171,-0.3301949696191664,0.3879383909765548,-2.3168743128457328
61.700502968,3.733233511271182,0.1362391236345359,-2.024835549977296,3.633712115606821,0.14545385772427316,-0.016738057681815466,-0.3271204388738602,0.3931496053953776,-2.3158688819690365
61.716975477000005,3.7333324522545386,0.1364436921329227,-2.033146965535293,3.6280562406156087,0.1442775706164724,-0.015778508653446544,-0.32423357655637286,0.3981534638302331,-2.3149093329406676
61.733466591,3.73343616088652,0.1366477783010209,-2.041456755575392,3.6221248519904083,0.14483472752046148,-0.016279690553375303,-0.3198696831515955,0.40220910547990574,-2.3154105148405963
61.766193312000006,3.733539391473382,0.1368506729262917,-2.0497682826608585,3.6058625176353303,0.1455338585754113,-0.01690036939022077,-0.3085232738765935,0.41388006514363873,-2.316031193677442
61.766884049000005,3.733643572864804,0.1370513014779779,-2.058073605921095,3.6054936902912225,0.1455462981651323,-0.016911339071189246,-0.30826848874174884,0.41414703497005423,-2.3160421633584103
61.799544023,3.733748704596621,0.1372487102821062,-2.066381662061487,3.5966637506815533,0.14661126208549816,-0.017371521002398804,-0.30159627146891843,0.42002780858635935,-2.31650234528962
61.816229157,3.733855744764794,0.1374473089810588,-2.0746877245934514,3.592447098974476,0.14607807779510826,-0.017018330045726948,-0.29918745855230133,0.42352953065400767,-2.316149154332948
61.818208029000004,3.733966599901304,0.1376460224943399,-2.0829878078521387,3.5919470002640375,0.14601484165549478,-0.016976441278467647,-0.2989017711593238,0.42394483806187466,-2.3161072655656887
61.833725206000004,3.7340798392153856,0.1378448524701349,-2.0912849898745822,3.583824061889083,0.14577551019179819,-0.01686598033893638,-0.2936735282666265,0.43016616297283905,-2.3159968046261574
61.850933598000005,3.73419260062536,0.1380424909030381,-2.0995825290045254,3.5746507147755624,0.14572779961705074,-0.016870732232607377,-0.2876031006929667,0.43704384300589005,-2.3160015565198284
61.867174074000005,3.734307744031657,0.1382385768696272,-2.107886805388628,3.5660645641698374,0.1460816974147008,-0.017102045654475706,-0.28162381341455145,0.44321598603060686,-2.3162328699416967
61.899557381,3.734424316596822,0.1384334690960445,-2.116199968702953,3.551179119632375,0.14466306493119568,-0.015816459058971777,-0.27277435316511767,0.4552690367023171,-2.314947283346193
61.900320415,3.7345427957336272,0.1386275246604941,-2.124523325926845,3.5509264856093736,0.1447573132926434,-0.01586478763506971,-0.272535856933374,0.4553948391293905,-2.3149956119222908
61.917206332000006,3.734663659396857,0.1388218158965714,-2.132841896874243,3.5453357030967183,0.1468430263916509,-0.016934297414083588,-0.2672579432702622,0.45817884264948905,-2.3160651217013046
61.949535735000005,3.7347859504262177,0.139013602091291,-2.141152126247133,3.5333118476544056,0.1480481234067941,-0.01767527296595306,-0.25835518830832704,0.46634990822267364,-2.316806097253174
61.951026217000006,3.734909194546404,0.1392044335133865,-2.1494609874875428,3.532494191932441,0.14807053162548364,-0.017693956305238512,-0.2577942111794562,0.4669451961100104,-2.3168247805924596
61.967251023,3.7350333898523207,0.1393935949080891,-2.157772628408908,3.523593510499419,0.14831445875848026,-0.01789733585315112,-0.2516876328468398,0.4734252679835289,-2.317028160140372
61.984178990000004,3.735159490752352,0.1395808467578119,-2.1660818391627377,3.519374680326103,0.14847508076654822,-0.01799969490152664,-0.24875959331458697,0.4764667991700082,-2.3171305191887477
62.017198128000004,3.735287497455817,0.1397670235273715,-2.1743806991565844,3.506730711240116,0.14829349192381214,-0.017966288666592778,-0.2404789351094876,0.48602366206771297,-2.317097112953814
62.032868318000006,3.735417412555977,0.1399541517732274,-2.1826854098176627,3.498718212932292,0.14871358295355497,-0.018029431008772523,-0.2348320876925496,0.49172363749362225,-2.3171602552959936
62.034202531000005,3.735550188332121,0.1401409190953066,-2.1909918538115214,3.498001452117139,0.14876815606407207,-0.018038619665361466,-0.2343142648549903,0.4922222192817296,-2.3171694439525825
62.050385187,3.735683440738864,0.1403267321939421,-2.199288652928188,3.4904255340823513,0.14907198378250672,-0.01796203992362866,-0.22904478278031926,0.4976737698883946,-2.3170928642108497
62.066980390000005,3.7357847867109935,0.1404691899047447,-2.207399313551099,3.487592799344441,0.14780201132666598,-0.017053054451455996,-0.2281069964730511,0.5006331233610064,-2.316183878738677
62.083617372000006,3.735908863232318,0.1406372513123503,-2.2156922707334235,3.4802965726605617,0.14739419941554965,-0.01678414317020982,-0.22355476998558554,0.5063496317694858,-2.315914967457431
62.116244503000004,3.736039714921433,0.140808285215427,-2.2239193138642133,3.4669171531269285,0.14958820205631726,-0.01806165967360185,-0.21301170963584903,0.5148740902922584,-2.317192483960823
62.132805901000005,3.736174862066723,0.1409837249156461,-2.232176573672663,3.4611041941132266,0.14989549959466197,-0.018242020197920095,-0.20891311230877418,0.5190076631079403,-2.317372844485141
62.134003955000004,3.736313348093953,0.1411601144441156,-2.2404452582367123,3.4605716510531406,0.14976395547150384,-0.018168623155603303,-0.20865680621854876,0.5194926508967521,-2.3172994474428243
62.149838728000006,3.736455174419837,0.1413387651021932,-2.2487318528861246,3.4535329879635057,0.14802532655353015,-0.017198528732513374,-0.20526918866772226,0.5259027722632426,-2.3163293530197344
62.182826046,3.736598428986556,0.1415155067648794,-2.257025042330918,3.4423066556577666,0.14893415898785445,-0.017971953327262202,-0.1971183846624256,0.5336758609350509,-2.3171027776144832
62.183798129,3.736742634800689,0.1416901015630518,-2.26531973288615,3.441726080999251,0.1490245109637401,-0.01802084659664782,-0.19666450989605577,0.534048993766775,-2.317151670883869
62.19958268600001,3.73688874697862,0.1418637404900783,-2.2736217739564486,3.43229878539785,0.1504916345667955,-0.018814769129530173,-0.18929455062239153,0.5401078760339395,-2.317945593416751
62.21770553,3.737036289845968,0.142037616187512,-2.281932575892472,3.423724928240461,0.14956958531541345,-0.018057450209855386,-0.1842756651230597,0.5471201502528986,-2.3171882744970764
62.235037126,3.737186692565271,0.1422104157059063,-2.290240252472679,3.416709498664039,0.14797813371855645,-0.017015946525215764,-0.18079367635435695,0.5534149675291591,-2.316146770812437
62.250489992000006,3.737335183819437,0.1423796411453963,-2.2985523475735574,3.411363975682319,0.14738125125720627,-0.017002128126752503,-0.17768099246543034,0.5578015474758122,-2.3161329524139735
62.282805880000005,3.7374874904069526,0.1425493390268676,-2.306864088687841,3.3950701388200915,0.15033159902380444,-0.01850461005294557,-0.16463356714599353,0.5679975449341521,-2.3176354343401666
62.299649866,3.737643134318687,0.1427186754352958,-2.3151764019768244,3.3907620521886,0.15151775890183763,-0.01911319663294897,-0.16088077350367502,0.5704230604585026,-2.31824402092017
62.316259466000005,3.73779830015813,0.1428869395101822,-2.323486373254855,3.3848934973952947,0.15126815269456598,-0.018846196632736678,-0.15716077846802268,0.5749688140324944,-2.3179770209199577
62.31756583600001,3.737953940977924,0.143053653316013,-2.3317974669558685,3.3842937496883443,0.1511274967596183,-0.018751255275288425,-0.15686653910832282,0.5755100206503689,-2.3178820795625095
62.349623101000006,3.738112439703438,0.143217622013869,-2.3401087830828624,3.371872183272681,0.15017348774250347,-0.018136152467079114,-0.14931036311290136,0.5854150521874062,-2.3172669767543
62.350265055,3.73827045962664,0.1433798031228777,-2.3484231803437186,3.371671210806556,0.15020635528380477,-0.01815951554191253,-0.14915206176687068,0.5855431571883094,-2.3172903398291336
62.382903368,3.738432297281098,0.1435447216489626,-2.35673516940872,3.3555420401471108,0.15129983291087434,-0.018617489602304804,-0.13759999537223422,0.5968522509405214,-2.317748313889526
62.399510613000004,3.73859556095548,0.1437058238322998,-2.365043362393182,3.3517259421749683,0.14953975930087396,-0.016662836752110888,-0.13637341000495828,0.6008716975669106,-2.315793661039332
62.400085439,3.7387588226872994,0.1438651378774268,-2.3733561518512505,3.351601775384834,0.1494753506359148,-0.016591921459689907,-0.13633882831863975,0.6010072334472722,-2.315722745746911
62.416846728,3.738924945832464,0.1440245678355329,-2.381667301694144,3.344061158000565,0.15048897632254582,-0.014733200456528817,-0.13056313243573037,0.6059599786089671,-2.31386402474375
62.433881529000004,3.7390910692214634,0.1441844746306204,-2.38999324477292,3.3323909428286402,0.15454680632473763,-0.012951212768316456,-0.11976682110310133,0.6119682702209523,-2.3120820370555375
62.449940349,3.7392595735462657,0.1443413984486,-2.398307365450319,3.329906787681594,0.15307191020475971,-0.009364273821422131,-0.11921399025981261,0.6148038871587684,-2.308495098108643
62.482922547,3.739427596659835,0.1444946273304619,-2.406612423238878,3.3165651846078705,0.152536930093351,0.0019415195381817796,-0.11073269786741458,0.6251166101576202,-2.2971893047490393
62.49955473000001,3.7395956179880097,0.144646306492588,-2.414915556728402,3.310675425592326,0.15307359134607018,0.00529016029937468,-0.10641180985812859,0.6291548267655509,-2.2938406639878464
62.500510682000005,3.739764590234581,0.1447958387903507,-2.4232141781515306,3.3103545031804207,0.15310761101251028,0.005458561397837958,-0.10617280670246476,0.6293716816104369,-2.293672262889383
62.517067832,3.739936423168145,0.1449446525365122,-2.431515065492136,3.3031841553239922,0.1539983173242272,0.010039264942693471,-0.10073530521230989,0.6341299190635792,-2.2890915593445276
62.549539737,3.7401096863321097,0.1450933454254711,-2.439810985406257,3.2866044732916415,0.15541142883199158,0.02260670230714279,-0.08864482834012932,0.6455624651242995,-2.2765241219800783
62.55055354,3.7402839000097976,0.1452392954038854,-2.448102674761315,3.2862590757519663,0.15539049113668008,0.022861497028086486,-0.08843054766543013,0.6458341665044007,-2.2762693272591346
62.566833281,3.740460019443917,0.145384170302158,-2.456398584567363,3.279599551973802,0.15511203002760796,0.028509716519654837,-0.08420559577896647,0.6509894142286394,-2.270621107767566
62.58388149700001,3.7406380469875655,0.1455294006304922,-2.4646946054443197,3.27062634941165,0.1549241683834575,0.03722066738985186,-0.07837298245333102,0.6578110179999221,-2.261910156897369
62.600499222,3.740817025162445,0.1456718880482282,-2.472991951451466,3.2613949424494324,0.15565204066284252,0.04487840094771389,-0.0716851035339241,0.664215777801549,-2.254252423339507
62.616974316000004,3.7409936164056496,0.1458121132377913,-2.481291957289377,3.2538372359836907,0.1561635629445627,0.05154936733603144,-0.06627274444457054,0.6695154901668476,-2.2475814569511896
62.650192825000005,3.741172589079667,0.1459500707056594,-2.4895919850125554,3.242637647911644,0.15619906286473018,0.06285603009281582,-0.058791496258034925,0.6778499342874427,-2.2362747941944052
62.650716352,3.741351561066996,0.1460874321274754,-2.497887903784935,3.2422599743207328,0.15624336393527227,0.06311293986563538,-0.058507045102306865,0.6781022980449984,-2.2360178844215857
62.682983648000004,3.741532436808699,0.146221572703147,-2.506182258618587,3.227232423144898,0.15846593148017937,0.0730667937851357,-0.046845625276658254,0.6878377173212282,-2.2260640305020853
62.699546439,3.741715220280239,0.1463561879183267,-2.5144806491415923,3.22175591494834,0.15802816617560536,0.07856897196354806,-0.04352700741600657,0.6922161366688719,-2.220561852323673
62.700941317,3.7418975241092776,0.1464880618708576,-2.522786895663345,3.2212183698162757,0.15780617958551255,0.07934858149459156,-0.043334867578245895,0.6927650584282619,-2.2197822427926295
62.733256725000004,3.7420826887009633,0.1466198133181185,-2.5310919830055187,3.2064719026934023,0.15706493354490228,0.09530620210560192,-0.03407239184246569,0.7042635053469897,-2.203824622181619
62.73368416900001,3.742268326500095,0.1467488224044018,-2.539386196946184,3.206232911506686,0.15713946477170898,0.09547696887144141,-0.03385769124230409,0.7043922506124853,-2.2036538554157796
62.750816025000006,3.742455393080593,0.1468759224950468,-2.547684994796678,3.197705988873506,0.15926429265390082,0.10156454878178955,-0.026596210877879223,0.7093414127676638,-2.1975662755054315
62.766781998000006,3.742641504799554,0.1470019508014808,-2.55598713340466,3.1928956914309676,0.15867302011390821,0.10498139983135069,-0.023835601296421594,0.7133248283172904,-2.1941494244558704
62.784264722,3.742830951343479,0.1471255910783694,-2.5642845944443424,3.1856849623395314,0.15866453038458037,0.11042319311946214,-0.01904227659636959,0.7187117313631468,-2.188707631167759
62.816245902000006,3.743018964682571,0.1472467296098096,-2.572582570763219,3.1668318672647566,0.160320767471038,0.12503199596001924,-0.005257112470176795,0.7316790581963453,-2.174098828327202
62.816917372000006,3.743209362246239,0.1473679846037421,-2.580886599508819,3.1664153215762507,0.16035638572415542,0.12534741466774957,-0.004953266820687752,0.7319662111030945,-2.1737834096194715
62.849554062,3.7434011895019657,0.1474882842758057,-2.589188002517399,3.1535342655505016,0.16160046165344874,0.13564511220491537,0.004549153867751787,0.7407510463500553,-2.1634857120823057
62.866246620000005,3.74359730760606,0.147608459794736,-2.5974897183115253,3.1459189886303123,0.16100658048640237,0.14235132053398036,0.00917488848864867,0.7468295096944195,-2.1567795037532407
62.867212781000006,3.7437948551113767,0.1477272031548376,-2.605797511550297,3.1453703311681376,0.1609359790363222,0.14283783589347587,0.009487401314353328,0.7472859582778586,-2.156292988393745
62.899517378000006,3.743991922088479,0.1478429668341485,-2.614106936946894,3.1314995800930325,0.15981998602822986,0.1544280257213817,0.017887308579356054,0.7583803142177494,-2.1447027985658393
62.91633273,3.7441885098674152,0.1479568237155197,-2.622420538692648,3.1238725158229066,0.1603103231742723,0.16076618718353952,0.02333002401035711,0.7637458886170623,-2.1383646371036815
62.917325703,3.744387004080653,0.1480697247257127,-2.630737950984724,3.1232554392105842,0.16037846965067026,0.16130601946090328,0.023791623875496493,0.7641610428681838,-2.1378248048263178
62.949603158,3.7445845418783033,0.1481801234411265,-2.63905579753508,3.1107088481305314,0.15867389777714733,0.17456678062306974,0.030870886659043473,0.774658973685423,-2.1245640436641513
62.966277521,3.744783985777565,0.1482896854947872,-2.6473677349766658,3.1058997599054043,0.15595689375135935,0.18220682121403797,0.0320442918679229,0.7800564324068016,-2.116924003073183
62.96769402100001,3.744985812291531,0.148397456663305,-2.6556806187045967,3.105393718968769,0.15570271875007313,0.18304583697555765,0.032191439945444156,0.7806032685834685,-2.1160849873116634
62.983493787,3.7451852513134583,0.1485028463946326,-2.663992841858972,3.099703781891786,0.15306897631692198,0.1921598782264886,0.03401329927773644,0.786602669530025,-2.1069709460607324
63.000768946,3.745384687223614,0.1486054943140986,-2.6723009335815138,3.092099328970471,0.15630861870132343,0.1946967972763911,0.04149272659464476,0.7901213559358289,-2.10443402701083
63.017170229,3.745587460720176,0.1487076615511287,-2.6806037618272893,3.0840617497206884,0.15664604475562074,0.20046280889716606,0.04709457702735209,0.7958950729593961,-2.098668015390055
63.050204546,3.745792616699252,0.1488085147401688,-2.688908460852572,3.0709493656132243,0.15307566122885907,0.21462278173531235,0.05315802181661722,0.8080571818553643,-2.0845080425519087
63.06620247000001,3.7459982476660194,0.1489075792416036,-2.6972226227415828,3.0660884473873184,0.151373456619288,0.2206418643505641,0.05512325511510818,0.8128178419581533,-2.078488959936657
63.082859611,3.746203398700927,0.1490041408990679,-2.7055321988833647,3.0587697601665838,0.1484292101050007,0.22973877518434094,0.057797531289979,0.8202394332371421,-2.06939204910288
63.083747223,3.746409503184329,0.1491003438301107,-2.713851467771853,3.058379767994375,0.14827231952353542,0.23022352387074463,0.057940035914519905,0.8206349088759883,-2.0689073004164764
63.100635534000006,3.7466175129489856,0.149194875634863,-2.7221708558160347,3.0500409501263768,0.14554186108816497,0.239608763549243,0.06145288585659148,0.8286755041268035,-2.059522060737978
63.117194578,3.7468293383774873,0.1492905951370845,-2.7304856996571174,3.042545325431946,0.14379808757179977,0.247666208916133,0.0651408303415486,0.8354300730332551,-2.051464615371088
63.133682445000005,3.74703591486018,0.1493813138944186,-2.738724657061683,3.0386612667592443,0.14508004848066453,0.251395080472431,0.06868287404294904,0.837475375446644,-2.04773574381479
63.151241525,3.7472210155566543,0.1494587059422991,-2.7469076102563497,3.0288914519232737,0.1447890358918067,0.2583170783854407,0.07496875459724217,0.8449601383629424,-2.0408137459017803
63.182916582000004,3.747421384746448,0.1495435905906731,-2.7551624865922184,3.014605689187763,0.14334247076962545,0.26943370866483907,0.08339820439311252,0.8565842488117861,-2.029697115622382
63.183882914,3.747628905659614,0.1496276325342267,-2.7634393584620143,3.014416800768243,0.1433192061510491,0.269653791850037,0.08350657172882703,0.8567406987975841,-2.029477032437184
63.216304824000005,3.747837854766612,0.1497097654824104,-2.771724155800063,2.9974829414381143,0.1434897578098839,0.283491842734525,0.09490549620738564,0.8692646438794278,-2.015638981552696
63.232862926,3.748049665098944,0.1497920143436592,-2.780023454590003,2.99468811171993,0.14069606389927372,0.2893799484404753,0.0946809228813803,0.8732099405274729,-2.0097508758467457
63.249505448,3.7482648110641072,0.1498723520120863,-2.788325707378712,2.989329306772256,0.13843352789213262,0.2960596922369594,0.09655939695404325,0.8787151376001634,-2.0030711320502617
63.266171296,3.7484785230437416,0.1499495918890556,-2.7966320800904603,2.9781629276087678,0.13769144536656722,0.3044895789684139,0.10343824300369153,0.88754237879562,-1.9946412453188072
63.282915061000004,3.748690326736846,0.1500261187082248,-2.804938472864548,2.9721721306118094,0.13866225116078257,0.3089635009080851,0.10815037982712239,0.8913670198384,-1.990167323379136
63.299641704,3.748903558999805,0.1501007365318522,-2.8132467209901533,2.964869277590522,0.13887500165498415,0.3147378151032991,0.11317013280754984,0.8966754098993133,-1.984393009183922
63.30057793900001,3.7491182188528978,0.1501732069418391,-2.8215473338638315,2.964271056604204,0.13879525281762492,0.3152328406355944,0.1135088099347632,0.8971749357034855,-1.9838979836516266
63.317080575000006,3.749331923024096,0.1502437711030776,-2.82984357674007,2.953726457027481,0.1373895522890656,0.3239584556469284,0.11947853479219894,0.9059798751885659,-1.9751723686402927
63.333742094,3.7495489642558497,0.1503133777450276,-2.8381537818258544,2.9461436651980235,0.13936334607502412,0.3269121316708632,0.12599886128027138,0.9103249800581077,-1.9722186926163578
63.35008727,3.749763140797977,0.1503801266622119,-2.8464579373163352,2.938607102842097,0.13957955143365883,0.3326235229428498,0.13117675595927136,0.9158054840125867,-1.9665073013443712
63.36767119700001,3.7499787455177738,0.1504447281654874,-2.854759390391913,2.9305576604903933,0.13759405541522338,0.34218782353849164,0.13505294312807825,0.9231342553724393,-1.9569430007487294
63.399504625000006,3.750200072574404,0.1505094422856719,-2.8630643376849974,2.9245801141231977,0.13232438834500668,0.35328883028862457,0.13509909465706804,0.9311028387872797,-1.9458419939985965
63.400522856,3.7504213959317263,0.1505714145942631,-2.871375021007642,2.924037706049704,0.13214788690686968,0.35389811587700937,0.13532841624598646,0.9316251135087739,-1.9452327084102117
63.43285251100001,3.750639379433252,0.1506312449823172,-2.8796847496987787,2.90784073280121,0.1299830174929478,0.36677331779679756,0.14449396151874638,0.9451536530398812,-1.9323575064904235
63.433779658000006,3.750858313699676,0.1506885708782583,-2.887987721140606,2.907409502398027,0.13003255654889326,0.3669325569343789,0.14481797059292179,0.9454424988439802,-1.9321982673528422
63.466183654000005,3.751077723974649,0.1507453001788595,-2.89629299142772,2.9052059688649234,0.12044346602827771,0.3792330524021068,0.1391285181492652,0.9534697242634786,-1.9198977718851142
63.482868617,3.751293315717839,0.1507985768071111,-2.904598300632837,2.8957790594535537,0.11937167089770835,0.3869112798127299,0.14460346583095873,0.9612182927593231,-1.9122195444744912
63.499571946,3.7515122435418657,0.1508506574979754,-2.9128981350469645,2.8848296334144554,0.11955068850260231,0.39438166610910397,0.15202530421644633,0.9692705156119432,-1.904749158178117
63.516213397,3.751732123150171,0.1509007105333539,-2.921198238912181,2.8749310278906584,0.12016073460845589,0.4013440223973821,0.15906935713405534,0.9762516234080554,-1.897786801889839
63.532852242000004,3.751955339392335,0.1509499252589121,-2.9295075811699967,2.8658780523157676,0.1168380396887979,0.41025671517639006,0.1626155935345246,0.985219392120543,-1.888874109110831
63.533575641000006,3.7521804612249423,0.1509973496487653,-2.937824180771379,2.865499504869358,0.11662348732171407,0.41067898908889244,0.1627074481630577,0.9856447080203417,-1.8884518351983286
63.566217972000004,3.752405103698543,0.1510427480314792,-2.94614746830614,2.8543212833213136,0.106313458940217,0.42518359043975584,0.16245377153006624,1.0008494760346958,-1.8739472338474652
63.568182115000006,3.752628790894923,0.1510868362116255,-2.954467206057505,2.853908869379442,0.10566537750081927,0.42585580776388277,0.1622446328052649,1.0015886348845582,-1.8732750165233383
63.583490986,3.7528505684857367,0.1511287808232962,-2.962782571037519,2.8472998309164104,0.10468708132038598,0.431240788618247,0.1659137045261878,1.007172035777312,-1.867890035668974
63.60037049100001,3.753072342706263,0.1511679836232233,-2.9710927088674626,2.836679983809205,0.10760714826429647,0.43732119764142574,0.17516176744965817,1.013153780982591,-1.8618096266457953
63.633015055,3.753298884264747,0.151206108046638,-2.979404766077621,2.8240149352063124,0.10562305906082227,0.4473938827128201,0.18211127950967554,1.0239261692140205,-1.851736941574401
63.649497783,3.753524470247832,0.151242683849075,-2.9877135186733774,2.8196285833096204,0.1030218556505494,0.45610453544483764,0.1830897198933601,1.0289310664715878,-1.8430262888423834
63.650652053,3.753751960715316,0.1512767540606732,-2.996020800321616,2.8193214111956477,0.10283969581266471,0.456714534295088,0.1831582391567781,1.0292815547376981,-1.842416289992133
63.666882621000006,3.753975634268229,0.1513090405290076,-3.0043282815979477,2.8119990029897077,0.10106272764081495,0.46094503278452237,0.18670611332096665,1.0359289502226434,-1.8381857915026987
63.699615764,3.75420264354798,0.1513394158044774,-3.012635327468035,2.7971777141865046,0.0967078633871645,0.47348527109108707,0.193321606829844,1.049888559461074,-1.825645553196134
63.716239401,3.754427743336001,0.1513677667206926,-3.0209450234368225,2.7867362334995476,0.0956464522495641,0.4812989575876996,0.19947963058410512,1.0583873744361796,-1.8178318666995215
63.732958369,3.7546542720750464,0.1513948046875579,-3.0292569647343166,2.7738600730949545,0.09567615210786704,0.48865613964027244,0.20807252312989055,1.0679768784141221,-1.8104746846469486
63.733328976,3.7548779368148257,0.1514194617664349,-3.0375661613818306,2.773801381417358,0.09555653063634177,0.4887824623455099,0.20802231833640783,1.0681003024319646,-1.8103483619417111
63.766244847,3.7551063682257033,0.1514425636320113,-3.0458824397812103,2.767680257583016,0.08526078108029163,0.5014927576970893,0.20441315384351255,1.0795215347463634,-1.7976380665901317
63.78293630300001,3.7553328896858353,0.1514632835107233,-3.054205858997277,2.7629893934248195,0.08061385570779821,0.5105424733715513,0.2040675963458667,1.0861153736876785,-1.7885883509156697
63.783599177000006,3.755561317000074,0.1514828090999759,-3.062526340954617,2.762803103391883,0.08042931063220002,0.5109018680958934,0.20405387309244327,1.0863772372659297,-1.7882289561913276
63.816183747000004,3.755788311474491,0.1515001905714327,-3.070845136371848,2.7492514473239047,0.07880630985095355,0.5196024255992882,0.21186301009708286,1.0975709360721093,-1.7795283986879329
63.832829756,3.7560143498513288,0.1515154273757846,-3.079154204017763,2.7408351790937773,0.07483072183560062,0.5286071321294448,0.21449819280446136,1.1064981239321243,-1.7705236921577763
63.849441981000005,3.756241339189896,0.1515286365250263,-3.087452489181551,2.7334312973389667,0.07284991080115084,0.5360216335912305,0.21794817333784122,1.1133420052660399,-1.7631091906959906
63.8509523,3.756471187630563,0.151539935030659,-3.0957491206767163,2.732795384019324,0.07274411496425408,0.5366369498791523,0.2182925010631287,1.1138869978593853,-1.7624938744080687
63.882827649000006,3.756697218795321,0.1515489729561002,-3.104045051898224,2.724513039023648,0.06517202215528041,0.5495664554684025,0.21815452663442558,1.125108173875835,-1.7495643688188185
63.899504687000004,3.756924201776677,0.1515564600631335,-3.112341716869233,2.7196570895673333,0.06103579231946592,0.5559697953868259,0.2182999784000177,1.1314852802855517,-1.7431610289003951
63.900186377000004,3.757151659581214,0.1515621584826366,-3.120641907669308,2.719242666457653,0.061046908339364846,0.5562113267233006,0.2185841255767842,1.1317871585087995,-1.7429194975639204
63.932822906000006,3.757378637661734,0.1515654732673475,-3.1289405166729702,2.702566353390876,0.05821093333862173,0.5696505176354059,0.22756789728284232,1.146120128111761,-1.7294803066518152
63.949625724,3.75760656818238,0.1515675948611852,-3.1372447040737987,2.697708159377768,0.05293349745632625,0.5785270700163823,0.22686317922703858,1.153258527863986,-1.7206037542708388
63.950327211,3.75783211225387,0.1515678118544491,3.137633477068688,2.697346897845308,0.05296879264901068,0.5786576814401378,0.2271299851204236,1.1535046381252854,-1.7204731428470832
63.967116323000006,3.7580609924642103,0.1515664752824797,3.1293167845519045,2.6887006074225903,0.05381353381034387,0.5817836835213024,0.23351561169126556,1.1593949436353066,-1.7173471407659187
63.999702747,3.758290824283309,0.1515634686829241,3.1209935582758765,2.6713054119350237,0.047776771395639364,0.5965571063611232,0.24058919482589736,1.176394936227649,-1.7025737179260978
64.016247463,3.75851731507006,0.1515576049077298,3.112684347109284,2.6727972530003132,0.043155675072549665,0.6018135837742951,0.2361475337674379,1.1783575283995282,-1.697317240512926
64.01717700500001,3.7587442805426554,0.1515498332357947,3.1043810802309046,2.672911286731327,0.04289504565240247,0.6020984198725539,0.2358771261894037,1.1784459089867458,-1.6970324044146672
64.049678958,3.7589736288032816,0.1515407475157302,3.096071719100417,2.6616453169580154,0.031383839350867825,0.6170341261490666,0.23478543728626855,1.1945156993023796,-1.6820966981381544
64.066429767,3.7592029741923008,0.1515295160300602,3.0877633853938864,2.6498233769262587,0.029167879060703852,0.6246646302261629,0.2410007113023318,1.2048132288618072,-1.6744661940610581
64.082880093,3.759428980197029,0.1515168578792767,3.079459892859794,2.6382147782840146,0.030237563488207345,0.6307542073715493,0.24952600361524957,1.212764529270574,-1.6683766169156717
64.08380669900001,3.759654983297829,0.1515015771258099,3.071164003790252,2.638229981273749,0.029967771371698076,0.6310804781524508,0.2493145425343275,1.2129327646065844,-1.6680503461347702
64.116203993,3.759880984817406,0.1514849850710604,3.0628616697721487,2.634493541837524,0.01874016902982795,0.6449195461964394,0.24342263937613273,1.2231946119637709,-1.6542112780907816
64.116983859,3.76010936799914,0.1514662445037835,3.054550048485271,2.6341207499573285,0.01835095669167386,0.6454138223312054,0.24338031699174545,1.2237318910773527,-1.6537170019560157
64.14947636400001,3.760337272225062,0.1514453587199099,3.046232966365267,2.6207971995706543,0.0120429064596229,0.657624620198467,0.24754124291631463,1.2378738565732297,-1.641506204088754
64.15012973900001,3.760564697359313,0.1514229237658675,3.0379212000116875,2.620566734591014,0.012084080168845235,0.6577280080381098,0.24772537405451311,1.2380184425515175,-1.6414028162491112
64.166771,3.7607949810228103,0.1513981013313851,3.02961451098019,2.6139709794148986,0.010883236216016676,0.6629969515442338,0.25121952020178995,1.243740064283489,-1.6361338727429873
64.183395879,3.761024308773072,0.1513712534389866,3.021308550102767,2.6064900708440506,0.006920343834274096,0.6714982842854083,0.2532415762333027,1.2519607575924554,-1.6276325400018128
64.200232622,3.761250772865575,0.1513423822862634,3.013005130564952,2.602425100019708,0.0016810696028758225,0.6773347654565516,0.2520373463446324,1.2584817860887727,-1.6217960588306695
64.232945086,3.7614767593051424,0.1513125580090801,3.004692116955993,2.5896800662207373,-0.009744213773684242,0.6937428684733713,0.25199428621764364,1.2755981856107828,-1.6053879558138497
64.233018305,3.7617022670995657,0.151281184561524,2.996375769189194,2.5896446728515765,-0.009770851494514038,0.6937864786623349,0.2519979657157976,1.2756423299200979,-1.6053443456248861
64.266212037,3.761925388076152,0.1512476680950161,2.9880678942301,2.5841191714857854,-0.017843799390601968,0.7064877827224971,0.24965117986219187,1.2851395005110489,-1.592643041564724
64.267486065,3.762155182017129,0.1512116405440939,2.979759985681738,2.5838712900107548,-0.01828582786586291,0.7072114515802865,0.24948629782174891,1.2856187168623396,-1.5919193727069345
64.29963888200001,3.762383065906013,0.1511734694248999,2.971449551423751,2.5711719888754336,-0.02515071225795706,0.7201910587118956,0.2528161497550112,1.2996654593012444,-1.5789397655753254
64.316194589,3.762612378431585,0.1511335085194068,2.9631345313151987,2.5606382923099487,-0.025492885940240597,0.7247968021982576,0.2595723103799521,1.3077543491986627,-1.5743340220889634
64.332821182,3.762840257905823,0.1510914034962146,2.954820014580036,2.549882305833386,-0.024922734408053395,0.7310674493759071,0.2671572870576291,1.315401861647345,-1.568063374911314
64.333551293,3.7630624138850304,0.1510478745546377,2.94651075256689,2.5494099863364004,-0.024897697775153656,0.7313428075615258,0.26749036040026075,1.3157376810759789,-1.5677880167256952
64.35034853100001,3.763287428951657,0.1510029118065511,2.9382003937694816,2.5403278693181788,-0.026375935292468976,0.7354088362890798,0.2724324832746621,1.3234994757901277,-1.5637219879981412
64.36692470700001,3.763510534640391,0.1509560439084311,2.9298885670653125,2.5337260940391366,-0.02947417645388693,0.7408816561344285,0.2745146393118323,1.3304885502185588,-1.5582491681527926
64.3838034,3.763735544997863,0.1509067896286614,2.921579880144738,2.530345278434476,-0.03482075399207453,0.7490535364739772,0.27277493806656583,1.3365704286374185,-1.5500772878132438
64.416216253,3.763956738444437,0.150855632396353,2.9132700981970925,2.527344370444032,-0.04747356339909121,0.76208510902622,0.26532983557371703,1.347232017802659,-1.537045715261001
64.43288380300001,3.7641822216046825,0.1508030397094246,2.904955326175804,2.524097363683132,-0.05209352739798453,0.7708463094985403,0.26404332755474536,1.3527303827754054,-1.5282845147886808
64.449557025,3.764403887857698,0.1507484248606827,2.896645410791824,2.5147426414431053,-0.05551471479024636,0.7783272005703807,0.26771691150952326,1.361988899518827,-1.5208036237168403
64.466460184,3.764625552486161,0.1506923795014048,2.8883273426933744,2.499423164165329,-0.05783597690698711,0.7846848898209338,0.27618165784870974,1.3749666771133209,-1.5144459344662873
64.482849654,3.764849121736359,0.1506339477604986,2.8800110053908274,2.497147467606154,-0.06284408517679858,0.7906273354912257,0.2739589530559463,1.379998528330897,-1.5085034887959954
64.483995448,3.7650722113293735,0.1505732515940429,2.8716956706159458,2.497016522994295,-0.06320037497282363,0.791042277187302,0.27378022001752433,1.3803334065342827,-1.508088547099919
64.516282612,3.765293392549193,0.1505116039512802,2.86337529843928,2.4767728144373993,-0.07761985132106751,0.8073186808267461,0.2764939664974875,1.4050389649035362,-1.491812143460475
64.532831245,3.765516002366038,0.1504479281036903,2.855055397282006,2.4788659036177747,-0.08377755437414006,0.8135665601811954,0.2705053530062207,1.407575663084054,-1.4855642641060256
64.549522912,3.76573813152982,0.1503815109939131,2.8467401305298603,2.48275618450597,-0.09141320904379054,0.8226558126651522,0.2622175073689499,1.409754911191999,-1.4764750116220688
64.566167789,3.765957875699342,0.1503140237478096,2.8384221892107395,2.487648660789069,-0.09986770107690845,0.8333995174370843,0.25265148753853817,1.4117312776364905,-1.4657313068501368
64.582862481,3.766175709608929,0.1502442737242561,2.830106612144145,2.463975905737098,-0.0958686372002343,0.8327336741792761,0.27139316471376396,1.4267359895730778,-1.466397150107945
64.59962971200001,3.7663964030128,0.1501728514754609,2.8217953728917173,2.449550644167058,-0.09366607436847817,0.8340978069056204,0.28263875474388134,1.4360352454178444,-1.4650330173816006
64.600593849,3.766611372149765,0.1500998860993602,2.813490209090216,2.4493823923705973,-0.09366769425098581,0.8343200025209088,0.2827495388943948,1.4361618872870132,-1.4648108217663123
64.617266219,3.766826339991195,0.1500254902125733,2.8051814386500897,2.446346741543477,-0.09406746539904058,0.8384056591896027,0.28447180910412406,1.4386934437725953,-1.4607251650976183
64.65037302500001,3.767040829368151,0.1499497835738773,2.7968779247301616,2.4377368892247304,-0.11476909179261083,0.8595219103764506,0.27475347121097005,1.4588984134801717,-1.4396089139107704
64.65045110300001,3.767253886219624,0.1498724096543348,2.7885757207676303,2.437739026406522,-0.11483463385819363,0.8595824707690927,0.27470313564615645,1.458940445144685,-1.4395483535181284
64.666892383,3.7674683704754113,0.1497920538563245,2.7802662951935893,2.438374533746091,-0.1280539700124355,0.8718598026724758,0.2644147447983918,1.4672653314322641,-1.4272710216147453
64.70023002800001,3.767684758973242,0.1497094308861324,2.7719594009562845,2.433509930951236,-0.13834962575618032,0.8855589767080687,0.25996927520608915,1.4777487797031972,-1.4135718475791523
64.700618058,3.767899715046936,0.1496249022165011,2.7636532630930613,2.4332322421103365,-0.13841407640964404,0.8857208937025574,0.2601060140744522,1.4779989145887507,-1.4134099305846637
64.884007611,3.7683310510873422,0.1494501211870915,2.747027281431183,2.375353702831068,-0.1968378272384576,0.9595881295750459,0.2550308555918379,1.5600812070542118,-1.3395426947121751
64.884024333,3.7685436168429134,0.1493603500590048,2.7387178033805024,2.3753512673607036,-0.19684370783683106,0.9595928989333888,0.2550280881114624,1.5600869388955823,-1.3395379253538322
64.88404259800001,3.768754274570471,0.1492698658729998,2.7304104820937303,2.3753486071605945,-0.19685013105949303,0.9595981083778442,0.25502506526556523,1.560093199634889,-1.3395327159093768
64.884066313,3.768965405908669,0.14917652011656,2.7220998801566334,2.3753451531969723,-0.19685847087473216,0.959604872241802,0.2550211404481326,1.5601013284841954,-1.339525952045419
64.884084658,3.769175583480364,0.1490831754588674,2.713792279370216,2.3753424813452897,-0.19686492223086055,0.9596101045034224,0.25501810436228767,1.5601076166452978,-1.3395207197837986
64.884097612,3.7693838498814314,0.1489866143499554,2.7054861385533,2.375340594664085,-0.19686947774284072,0.9596137991731979,0.25501596048351804,1.560112056919973,-1.3395170251140232
64.884109455,3.769592114383266,0.1488883843120866,2.6971861163999176,2.3753388697941227,-0.19687364255126796,0.9596171769695641,0.2550140004745427,1.5601161163744242,-1.339513647317657
64.88413216800001,3.769797993303306,0.1487890841381599,2.6888866429746936,2.37533556176647,-0.19688162999481018,0.9596236550485076,0.255010241487472,1.5601239017657111,-1.3395071692387135
64.88414455200001,3.7700019641123377,0.1486887132785334,2.6805902695434978,2.375333758102734,-0.19688598505582408,0.9596271871459674,0.2550081919433398,1.5601281466600747,-1.3395036371412536
64.884156415,3.770206409325195,0.148586434522295,2.6722946574658657,2.375332030319877,-0.19689015689761916,0.9596305706466266,0.25500622862437705,1.560132212969976,-1.3395002536405944
64.91613599200001,3.77041037557123,0.1484823681772844,2.663996752171905,2.3626350423587317,-0.2110754891285495,0.9750602449894883,0.25287140744727044,1.5790499214022655,-1.3240705792977328
64.932914353,3.770613862324591,0.1483760374066492,2.6557026361509646,2.3636695690100886,-0.21552465888167596,0.9803714920781363,0.2488624535495767,1.581239360949426,-1.3187593322090847
64.949535696,3.770816871016673,0.1482682766746477,2.6473990535101515,2.3582402538819474,-0.22207094588879578,0.9878350417825796,0.24759096613745624,1.589648561630886,-1.3112957825046414
64.950110221,3.771018446532571,0.1481586102435504,2.639097586352181,2.3579201441896,-0.22234110990333875,0.9881382094233482,0.24760242089777362,1.5900672830160036,-1.3109926148638729
64.966990747,3.771220974080253,0.1480472737846737,2.630788025409617,2.3508415103556866,-0.23002232817478402,0.9965584689076517,0.24658178448115375,1.6004627855239768,-1.3025723553795694
64.99959423300001,3.771420162989826,0.147935464334528,2.622483551962685,2.354078949001617,-0.24048518149548306,1.0092258616195906,0.23661859543733965,1.605011100890555,-1.2899049626676304
65.000638814,3.7716198239016463,0.1478196012219504,2.6141826494780465,2.353704074411554,-0.24061772927818514,1.0097264356416762,0.2367692040238838,1.6053790912798773,-1.2894043886455449
65.01681959700001,3.7718175773421447,0.1477032634697465,2.605874247490202,2.349904878944285,-0.24230165009029309,1.0171287459166862,0.2380413702348274,1.6093352344309402,-1.2820020783705348
65.04951041000001,3.772014375274079,0.1475854963058077,2.597573089446667,2.3515117298951687,-0.24833887601623872,1.0274777972803735,0.23246632049673677,1.6121546115389338,-1.2716530270068476
65.066117625,3.772209263271427,0.1474655855735434,2.589273418965246,2.3389232125641626,-0.2559609602280047,1.0327891615862574,0.2351573455283631,1.6266226909070964,-1.2663416627009636
65.067025105,3.7724022434016,0.1473450809925606,2.58097075778111,2.3377210478157013,-0.25633584840572954,1.0331484853844808,0.23567776652539307,1.6277693831997762,-1.2659823389027403
65.083546326,3.772594745828163,0.1472237424964139,2.572664640647797,2.315834913148435,-0.2631609138997509,1.039690191957665,0.245152344813639,1.6486456083358325,-1.259440632329556
65.116331649,3.772787244130915,0.1470989469332289,2.5643571502172127,2.3043526705279063,-0.27708333119932527,1.05572588219872,0.24240516480305296,1.6664817682658624,-1.243404942088501
65.117447817,3.772979740169426,0.1469721248134343,2.5560547357335346,2.304625324030781,-0.27762800434288276,1.0561943809262884,0.2418171982258288,1.6666408407965205,-1.2429364433609327
65.151216784,3.773171757421785,0.1468437535233313,2.547744994204036,2.309067984422851,-0.30055273024445855,1.0744700080926117,0.22175168366596854,1.6785846850047175,-1.2246608161946093
65.151249777,3.7733613908219183,0.146715384979839,2.5394361795800573,2.3090675256024276,-0.3005832559743778,1.0744930353697475,0.22172920820442577,1.6786053461840575,-1.2246377889174735
65.18288671100001,3.7735500667474233,0.1465837988864122,2.5311280894163897,2.2917337981664185,-0.3042210514694218,1.082619535793607,0.23055218723404014,1.6939626475072915,-1.216511288493614
65.184009081,3.773740648386027,0.1464510185035903,2.522817766524551,2.290827841043699,-0.3039085432745105,1.0826674558948977,0.23138843719686486,1.6944307347638674,-1.2164633683923234
65.216181225,3.773925506384922,0.1463169334117228,2.5145107596630494,2.2910522043730137,-0.31677108410844584,1.0960370751739168,0.22163998581204036,1.7028249584448227,-1.2030937491133042
65.232849426,3.774111316643274,0.1461814167105183,2.506196461763638,2.279523976349189,-0.3197775518841457,1.1031253515197648,0.22706981388202285,1.7134294790368179,-1.1960054727674563
65.249561782,3.774293311642452,0.1460453083580256,2.49788493970856,2.2783727453729576,-0.3253253199519096,1.1083876083751587,0.22369589424360536,1.7179813720021495,-1.1907432159120623
65.25008259500001,3.774475305813932,0.145908603959545,2.4895775073502486,2.2783368691590695,-0.3254982069901419,1.1085515979275398,0.2235907516049087,1.7181232242359692,-1.1905792263596813
65.267110843,3.774655389980321,0.1457697559927712,2.4812715817892648,2.2793211056662486,-0.33093343782930307,1.1157708924315628,0.21887939056391947,1.7210065440098552,-1.1833599318556582
65.299557801,3.774833565070665,0.1456291220850993,2.4729670878065617,2.2882474200431617,-0.3382732809704605,1.1300826034989306,0.20746018136011068,1.7192305803694816,-1.1690482207882904
65.300163164,3.775015074349956,0.1454853848925336,2.4646674901141035,2.2884621143601414,-0.3383535399187711,1.13026712893706,0.20725737892039375,1.7191237799997625,-1.168863695350161
65.31682507400001,3.7752070582056754,0.1453280457643047,2.4564167203907097,2.2941396341757896,-0.34333476873572116,1.1379877910263474,0.1997608533408406,1.7182023810530525,-1.1611430332608736
65.33402514000001,3.7753604541579806,0.1452015071097144,2.4482248060901237,2.29922356295701,-0.35231130410470607,1.149422317231502,0.1896778048291461,1.720383356017139,-1.1497085070557191
65.349988327,3.7755224196764656,0.1450633952734471,2.440031139433396,2.2893791786127555,-0.3595914754391272,1.1529487685595043,0.19079742327346527,1.732575946074837,-1.1461820557277167
65.38296460400001,3.775683907982679,0.1449252839867038,2.4318231604645235,2.2823166943119797,-0.37806660787351143,1.1703327882843668,0.18171071139789396,1.7501441238476478,-1.1287980360028542
65.383580759,3.775851111059645,0.1447803711824815,2.4235772394331363,2.2824230203204094,-0.37838708903902374,1.1705920967827277,0.18140076789049187,1.750278095560095,-1.1285387275044934
65.416226636,3.776020217283619,0.1446321183231191,2.415308491174154,2.282882562379542,-0.3946950884511755,1.1851556732270474,0.16892448429517315,1.7607902015041976,-1.1139751510601736
65.417208638,3.776190750355216,0.1444806451669969,2.407021710955961,2.2825894269612204,-0.3951457644392157,1.1856426720952546,0.1687832710285515,1.7613089461745322,-1.1134881521919664
65.433802067,3.776361280060197,0.1443263109898562,2.3987233210599417,2.2765975637332843,-0.4024821531337245,1.1932132740157595,0.1672965908893469,1.770663881031756,-1.1059175502714615
65.4661944,3.7765284702905513,0.1441704309383702,2.390421513632448,2.253243108964709,-0.41403705975453114,1.2003452828839976,0.17421871864214333,1.7957842029231443,-1.0987855414032235
65.482905684,3.776696135273584,0.1440127621993861,2.382110161125756,2.250220419629116,-0.4231407508189965,1.209243297377684,0.16943676479419523,1.8040996559602813,-1.089887526909537
65.483262123,3.776859985154612,0.1438547402275882,2.373803277083792,2.2501559479605064,-0.4233349256376002,1.209433085271189,0.16933476934922465,1.8042770182602166,-1.089697739016032
65.50079002400001,3.777022404315383,0.1436967199039435,2.3654887011793533,2.18497541445149,-0.3704275154473415,1.1787872271268576,0.25220468868787993,1.8177035766563607,-1.1203435971603635
65.51698194800001,3.777174845238396,0.1435447907734929,2.3572200461057435,2.113579137713432,-0.3102884973642378,1.1432668627317897,0.3446088119675741,1.8309552870730699,-1.1558639615554314
65.53349088600001,3.777320559209123,0.1433985914024904,2.348965261334984,2.1047283851366285,-0.3082374941442292,1.1435400811438683,0.3520307483196794,1.8361952580815373,-1.1555907431433527
65.566235471,3.777472016214723,0.1432435639434558,2.340702954796304,2.100457991061439,-0.3218849853526123,1.155761469952509,0.34468833567450075,1.8484663321334784,-1.143369354334712
65.582893313,3.777625849352253,0.1430828116962247,2.33242412681711,2.0998846558437703,-0.33221273557939673,1.1642555194763196,0.3373625282539532,1.8557686388687311,-1.1348753048109015
65.58362932600001,3.777778250517321,0.1429207497957139,2.324140817735968,2.099846011257635,-0.3326250586209324,1.1645873972451666,0.3370805410520963,1.8560719323117987,-1.1345434270420545
65.616188818,3.7779292200984416,0.1427577358695654,2.315857024263954,2.0982196949982836,-0.35096036125685653,1.1793894491203876,0.32447971832379063,1.8694901100530634,-1.1197413751668335
65.632892658,3.77807828204006,0.1425943665131407,2.307568429339767,2.0980616408423436,-0.3611395451594599,1.1879628608031965,0.3169883610349702,1.8763836093103685,-1.1111679634840246
65.63399398700001,3.7782282943235495,0.1424284926647964,2.299286815944,2.0980512199076657,-0.36181068607246836,1.1885281288442746,0.3164944357440431,1.8768381162167802,-1.1106026954429464
65.650055783,3.7783773489355794,0.1422589244295147,2.290989769316336,2.0974900246544665,-0.3712211828726245,1.1964836515713513,0.3098450792220062,1.883520813874224,-1.1026471727158698
65.667784356,3.77852640203322,0.1420881641021931,2.282695020436457,2.0954625772930338,-0.3803095839073108,1.2042725853185976,0.30441207553186644,1.8910833562426075,-1.0948582389686234
65.699613807,3.7786730692619,0.141915737592579,2.274394031814468,2.1011299654299758,-0.404789710868831,1.2219168384507366,0.2823705773680716,1.9031485235867573,-1.0772139858364844
65.70068968700001,3.778817830515295,0.1417446245817529,2.266091626112652,2.1014970815191822,-0.4057711391963576,1.2225822750163537,0.28139379046047197,1.9035278165107195,-1.0765485492708673
65.716846544,3.7789582999442737,0.1415732780966864,2.257797078382944,2.109594017212198,-0.42219042555136443,1.2334589103571538,0.2637507950418434,1.908414333131258,-1.0656719139300672
65.733640596,3.779099243988592,0.1414000237149114,2.24950910234126,2.1269582695291627,-0.445078138799416,1.2478242895320442,0.23511193394436458,1.9106903628524095,-1.0513065347551769
65.750507516,3.779238757551335,0.1412266517719075,2.241216276899121,2.143212566060277,-0.46668327508815866,1.261472948925901,0.20816905679239595,1.9129410162132054,-1.0376578753613201
65.76669107400001,3.7793739789444825,0.1410528079362744,2.2329289741975837,2.1568776783987857,-0.4851622324986258,1.2732996979460722,0.18528262956173513,1.9150430654080617,-1.0258311263411488
65.783527797,3.77951015011766,0.1408756251440662,2.2246365858945785,2.1660156179523007,-0.5015513624520241,1.284045427492515,0.16696921846143553,1.9191326245266578,-1.015085396794706
65.800273196,3.7796477472674295,0.1406945067998569,2.2163350758912954,2.16611315988318,-0.5128316611625479,1.2919741273676868,0.15848598494859423,1.9265683089331889,-1.0071566969195342
65.83283378,3.779784387750437,0.1405106477424368,2.2080317167413,2.16831875539101,-0.5286637295964983,1.3066661015620955,0.14520265964420287,1.9354605702484655,-0.9924647227251255
65.927073553,3.779918646226108,0.1403286987791554,2.199724347181832,2.1561723220492595,-0.559321570777801,1.3413319093399156,0.13040820355479887,1.9649319654960995,-0.9577989149473054
65.92709915100001,3.7800509969609295,0.1401466328041904,2.191425331123177,2.1561630931123568,-0.5593356119299986,1.3413446902265314,0.13040386790230474,1.9649481990831597,-0.9577861340606897
65.927111806,3.78018096232914,0.1399633774837961,2.1831301443493523,2.156158530560736,-0.5593425535184389,1.3413510087717295,0.13040172446601028,1.9649562245556205,-0.9577798155154915
65.92713715400001,3.780310925751116,0.1397784532344664,2.174825880695211,2.1561493917572117,-0.5593564575392965,1.3413636648352494,0.1303974311571805,1.9649722995991712,-0.9577671594519717
65.927149527,3.780436119758905,0.1395925808049537,2.1665265722151723,2.1561449308760423,-0.5593632444435839,1.3413698425799918,0.1303953354845402,1.9649801462345517,-0.9577609817072292
65.927162021,3.780563218431761,0.1394044412030661,2.158231023571505,2.156140426370313,-0.5593700977194473,1.3413760807391215,0.13039321931756365,1.9649880696049997,-0.9577547435480995
65.933417906,3.780688884947815,0.1392148727387098,2.1499311899691707,2.153884970165994,-0.5628016092980606,1.3444995965156652,0.1293336309358577,1.9689553894641882,-0.9546312277715558
65.95037287400001,3.780811689394676,0.1390243538967617,2.1416309750431948,2.1486165140744165,-0.5718680799645278,1.3528520120634537,0.12607429845966855,1.9789220474669718,-0.9462788122237673
65.966847437,3.780934014117519,0.1388314514200214,2.13333104932474,2.148878913743373,-0.5791878130411424,1.360247119846841,0.12043703801020889,1.9835984392944508,-0.9388837044403799
65.99957148300001,3.781055385406549,0.1386384308326033,2.125016672616912,2.145061816070714,-0.5936739973734754,1.373827274392549,0.11216699546508035,1.996089482783876,-0.925303549894672
66.016319056,3.781175798432913,0.1384418350677912,2.116717958017651,2.1415801168164705,-0.6008581544351186,1.3803911290610262,0.1091230888903778,2.003469792746732,-0.9187396952261948
66.01723258700001,3.781294304992655,0.1382457183370793,2.1084154079562207,2.141464398545378,-0.6011591727337359,1.3807700659481439,0.1089754690154352,2.003756517539677,-0.9183607583390772
66.033451412,3.781412333358927,0.1380486484821541,2.100101228040461,2.1394099369144826,-0.6065034501660543,1.3874977096276035,0.1063546264625399,2.008847028140721,-0.9116331146596175
66.06623005200001,3.781526070983328,0.1378520604081332,2.0917945403933964,2.1378699836333577,-0.6192430194480544,1.4014302922234672,0.0978723246522597,2.018476079890413,-0.8977005320637539
66.067076435,3.7816388519064543,0.1376530892487366,2.0834875918912776,2.137877029472516,-0.6196067102431752,1.4017960662331044,0.09759621811071506,2.018712904331764,-0.8973347580541167
66.099520868,3.781748773820007,0.1374553134772678,2.075183973287641,2.13532427364098,-0.6337689807812549,1.415353581641103,0.08872632640939537,2.030044783714111,-0.8837772426461181
66.100190264,3.781856784826594,0.1372549173008251,2.0668796835664334,2.135231812577906,-0.6340642917080334,1.415626764548806,0.08856748521493385,2.0303103530395266,-0.883504059738415
66.132869244,3.781964797842579,0.1370564284718352,2.058572901447917,2.124281009496257,-0.6503550918298544,1.4281803488428935,0.08369907806439136,2.049326369145923,-0.8709504754443276
66.149527136,3.782070423133705,0.1368547237408492,2.05027991882448,2.1191952341494473,-0.6580217188326851,1.4346594894311195,0.08136282922526505,2.0582249208168655,-0.8644713348561015
66.16625232700001,3.782176047270304,0.1366515884991127,2.041978331357444,2.1227323234019657,-0.6615809005265596,1.4422806907722627,0.07635228442301045,2.057954337197825,-0.8568501335149583
66.167040189,3.7822769034454176,0.1364491740063539,2.0336792812046958,2.1228989426180123,-0.6617485604359552,1.442639697430602,0.07611625615589124,2.0579415910025043,-0.8564911268566191
66.199572008,3.782379664744617,0.13624484996883,2.0253787105685155,2.1190343471872612,-0.6749797024491643,1.4557042490558647,0.06881444748447207,2.0696326904778775,-0.8434265752313563
66.20030767,3.782478612687546,0.1360414839996999,2.017082803241815,2.1188419359478545,-0.675340564356521,1.4559824901973393,0.0686732162373831,2.0700164835680663,-0.8431483340898818
66.21732281300001,3.7825756509668937,0.1358363320899401,2.0087788837499674,2.1156087667550056,-0.6821965925522199,1.4626669802963672,0.06570875852537483,2.076992907875942,-0.8364638439908538
66.249531227,3.7826726861543,0.1356285575775828,2.0004860001431566,2.1141793071018053,-0.6907165196202109,1.4756775251302825,0.0603019607489943,2.083730789586787,-0.8234532991569385
66.266218464,3.7827668593936914,0.1354197134783052,1.992189474598569,2.1155940412743837,-0.694965314796194,1.4817000647022693,0.05618946657274604,2.085503111475396,-0.8174307595849517
66.28288001300001,3.7828591255825943,0.1352112292041214,1.9838908438003016,2.1170065976333783,-0.6992075694615787,1.4877133332968917,0.05208330308805387,2.087272705087019,-0.8114174909903293
66.29959781000001,3.782949483049452,0.1350016742445167,1.9755942296709947,2.11141072257768,-0.7096021996559583,1.4944718654894817,0.048050725457902566,2.0983677703042085,-0.8046589587977393
66.31620026600001,3.783038885681945,0.1347909282914155,1.967291774770645,2.105938368875119,-0.719788968123129,1.5009360486492094,0.04409105249316703,2.109232294999842,-0.7981947756380117
66.332889057,3.783124472157063,0.1345789946410705,1.9589868761912457,2.103849454604056,-0.7263719578549208,1.5044895095826707,0.040568711348241804,2.115173038177214,-0.7946413147045504
66.349624176,3.7832091077534455,0.1343694462736171,1.950681815418437,2.1025331430889245,-0.7332260608948176,1.509127575924646,0.036329776933801794,2.1207176607537708,-0.790003248362575
66.351097564,3.7832932665334114,0.13416001766478,1.9423771714755933,2.1028355976463966,-0.7339653936419415,1.5101135288520187,0.035576702595868204,2.1209840640417603,-0.7890172954352024
66.38288066700001,3.783375989358112,0.1339458223355605,1.934066866854142,2.1084063781720084,-0.7494933669438427,1.5302495902341828,0.02028035853855026,2.1271625273627848,-0.7688812340530382
66.38368035100001,3.7834558518556825,0.1337321071392315,1.9257659539557517,2.1083754732377797,-0.7498086262414587,1.5305530883491256,0.020065656733690984,2.1273954365182153,-0.7685777359380954
66.416147628,3.783534283884168,0.1335186320094873,1.9174595170469024,2.107112206332194,-0.7624939395761483,1.5427533889638383,0.011439675177172148,2.136781887384256,-0.7563774353233828
66.432922082,3.783610333587309,0.1333067093462076,1.909154082757026,2.1062434455469887,-0.7661509614690251,1.5459694839400715,0.00928876927413147,2.139864444475885,-0.7531613403471495
66.433526915,3.783683996868465,0.1330927628730685,1.9008580110901083,2.1062121208199964,-0.7662828219470187,1.546085446007913,0.0092112145072194,2.1399755915959875,-0.7530453782793081
66.45021035500001,3.783756229001188,0.1328782220019123,1.8925527317501485,2.1053483827450408,-0.7699721042894534,1.549332942187199,0.007032889890833172,2.143075873765399,-0.749797882100022
66.482885669,3.7838265530280513,0.1326632064914197,1.8842540795432616,2.103487812868052,-0.7932325236358412,1.5711019701753157,-0.009087543162158207,2.159947164961422,-0.7280288541119053
66.499583817,3.7838964000614967,0.1324479531118048,1.8759565024069955,2.1012724659256894,-0.7988603530075563,1.5780996940161485,-0.011812906295224579,2.1653464817057055,-0.7210311302710726
66.499676855,3.7839652877915855,0.1322278132532663,1.8676567515813207,2.1012601225539074,-0.7988917098975001,1.578138683623303,-0.011828091352584336,2.165376565379133,-0.7209921406639181
66.51742651800001,3.784029887613229,0.1320107777783475,1.859359126923836,2.099722118850846,-0.8052863648794463,1.5857120675717589,-0.01557658256993344,2.1707808119799292,-0.7134187567154622
66.53350931300001,3.78409448773672,0.1317938615125639,1.85105992412084,2.0996049235075036,-0.8117249461395563,1.5927851816063825,-0.020303584555804388,2.175153970520059,-0.7063456426808385
66.550019133,3.7841562268985394,0.1315774253799608,1.842765867642938,2.099184006751129,-0.8193385772477823,1.5996948056101017,-0.02570534212957787,2.1805359371385107,-0.6994360186771194
66.566198654,3.784216056709639,0.1313589648880387,1.834472207961922,2.09846249660496,-0.8278320564047839,1.6061050795028846,-0.03156363299809062,2.186727882970101,-0.6930257447843364
66.600201768,3.7842754071654015,0.1311383591797023,1.8261730864133496,2.099441218403242,-0.8449404615906396,1.6198707613231687,-0.04498282702349021,2.1973853055511245,-0.6792600629640524
66.601184872,3.78433237305141,0.1309173985904849,1.817871024429281,2.099496870354921,-0.8454269720114902,1.6202719777961807,-0.04538294546271793,2.1976676081616544,-0.6788588464910403
66.616913783,3.784386478328268,0.1306969181342868,1.8095708528279453,2.0996354113149045,-0.8521913151006649,1.6265787018773263,-0.05052328345004664,2.2020667508510527,-0.6725521224098947
66.649689658,3.784438199839568,0.1304766788432062,1.801270923410177,2.097435097913961,-0.8631631391563309,1.639241665368381,-0.05724679127327592,2.211011958770483,-0.65988915891884
66.651512733,3.784490393129112,0.1302520282619764,1.7929643835655789,2.0972531917657533,-0.8637645530338429,1.6399065779295956,-0.05757453509567112,2.211548030114337,-0.6592242463576254
66.68388642100001,3.7845397297291448,0.1300310764623511,1.7846588294095704,2.0943474342499626,-0.875037265101639,1.6519114986414092,-0.06405302775279775,2.2212199790904,-0.6472193256458119
66.683920576,3.784587633980695,0.1298088150096179,1.7763565856994372,2.094346755970716,-0.8750535207420655,1.651925617774582,-0.06406470759642913,2.2212313054826396,-0.647205206512639
66.70080475900001,3.7846326753155206,0.129584887924041,1.7680479860738625,2.0940114554018896,-0.8830893341745568,1.6589052701923857,-0.0698385216005688,2.2268303943226977,-0.6402255540948354
66.733285522,3.784675810626581,0.1293615590816353,1.7597377696727652,2.0943915019512573,-0.8948859713101954,1.6721474164542602,-0.07889513311709262,2.2343989391582904,-0.6269834078329608
66.749476383,3.784717990468738,0.1291370392460228,1.7514186392528377,2.094919360276197,-0.8998687446420532,1.678777648819386,-0.08296505441734503,2.237321678472296,-0.6203531754678351
66.750102276,3.784756834717725,0.1289146690217602,1.7431046828292114,2.094948097684565,-0.9001007002240344,1.6790525058687074,-0.08315728757924301,2.2374546282452124,-0.6200783184185137
66.76744279900001,3.784796628981757,0.1286889598408149,1.7347876832714202,2.095744274811897,-0.9065270879680815,1.686667489556699,-0.0884831556832526,2.2411380351455725,-0.612463334730522
66.799626055,3.7848340370008047,0.128461584477749,1.726470129671429,2.097440485372127,-0.9241993635308118,1.7004513271662969,-0.10280073750989649,2.2516353350111125,-0.5986794971209242
66.800995164,3.784871426992581,0.1282182350803125,1.718212235248838,2.0975180371372923,-0.9250929418444029,1.7010290871991476,-0.10351922134197489,2.252172249773289,-0.5981017370880735
66.832852028,3.784898857617306,0.1280222232759666,1.7099868738116026,2.0967786373835606,-0.9398366728913459,1.7151258430052518,-0.1140300676335233,2.2625378866285835,-0.5840049812819692
66.84963093,3.784929591058418,0.1277955708589544,1.7017400489933208,2.0964723205789513,-0.9477165713028127,1.722860160701308,-0.11970681713968245,2.268011564003452,-0.576270663585913
66.850719505,3.7849593735194498,0.1275715421434267,1.6934716041542717,2.0965054340090825,-0.9483483196957436,1.7233700573169468,-0.12020032209719833,2.2684073611587388,-0.5757607669702742
66.86698594100001,3.78498582035132,0.1273493054114457,1.685190253949696,2.097000243730027,-0.9577884545525494,1.7309893767620217,-0.12757470310645136,2.274321707065514,-0.5681414475251994
66.899603544,3.7850113120469775,0.1271257584768328,1.6769034059192105,2.0986823152774714,-0.971916481712728,1.74548625169483,-0.1392378575942077,2.2824704090188437,-0.5536445725923911
66.901651568,3.785034895573612,0.126901498484366,1.6686089237505128,2.0987932675916814,-0.9727664215599764,1.746390449478806,-0.13994600706325944,2.282953350515767,-0.552740374808415
66.932851819,3.78505514131334,0.1266773615466073,1.660317881029855,2.100145913378613,-0.9820199378275476,1.75154974781994,-0.14775211697720847,2.2881032885688373,-0.547581076467281
66.933636886,3.785075862880947,0.1264523895950448,1.6520217463004678,2.1001799272962605,-0.9822525399930959,1.751679015236646,-0.14794834486442188,2.2882327309509662,-0.5474518090505751
66.966306288,3.785092292682153,0.1262268265413959,1.643722431851864,2.1008050898207773,-0.9942161818452463,1.7628140423615868,-0.15729274529907578,2.2957295125981414,-0.5363167819256343
66.967221873,3.785109199442264,0.1260018589847046,1.6354173090227266,2.1008165048972556,-0.9945691198876739,1.763170578303292,-0.15756373551792668,2.2959559190182155,-0.535960245983929
66.98348989200001,3.785122767736118,0.1257761800181194,1.6271132124966785,2.1010193267882165,-1.0008400862971607,1.7695054718127299,-0.16237866152597524,2.2999786847291883,-0.5296253524744912
67.00010408,3.7851349070951072,0.1255520524194231,1.6188075429580011,2.1017536553646705,-1.0086102868094313,1.7779230815690745,-0.1686662275497155,2.304602727111801,-0.5212077427181465
67.01676520800001,3.785144183430878,0.1253259015601123,1.6105031137843893,2.103190927597698,-1.018218182000376,1.7889541116203151,-0.17679313449874678,2.309925394198309,-0.5101767126669059
67.033383695,3.7851515496242207,0.1250974879232978,1.602194483627312,2.1039122186675243,-1.0266397943763155,1.7978723703336703,-0.18355816067617914,2.314992763993049,-0.5012584539535507
67.06622942300001,3.785158916390417,0.1248695511233143,1.5938859582684604,2.105073264186652,-1.0418857944691133,1.812398339294731,-0.19570883120660598,2.3242744530197346,-0.4867324849924901
67.067991432,3.785161515460985,0.1246420966536408,1.5855740475183002,2.1052217341678756,-1.0427507474262323,1.8132050325578568,-0.1964531575153985,2.324739388821101,-0.48592579172936423
67.099486185,3.785165066140309,0.1244129721563813,1.577256886110398,2.1075473987502322,-1.0561037665354556,1.8238867153687472,-0.2079663291634093,2.331891920798265,-0.4752441089184738
67.100442918,3.785165279723088,0.124184447550607,1.5689372989856245,2.1076081939443467,-1.0564461197070059,1.8240989777146437,-0.2082622888322634,2.3320744300421676,-0.47503184657257735
67.13325282800001,3.7851650173171465,0.1239566387494369,1.5606201926034216,2.1105687572226284,-1.06961051340703,1.8363934595990568,-0.2200572984560285,2.3386275929723284,-0.4627373646881643
67.133691033,3.7851609420227694,0.123730622481359,1.5523137882035145,2.1106165538220676,-1.0697997591035053,1.8366049458570366,-0.22023034423597299,2.3387178902956323,-0.46252587843018445
67.150449808,3.785156390425337,0.1235048451809362,1.544001166215795,2.1119959520081855,-1.0768192467124198,1.8442236769766875,-0.226387041349843,2.342360832279199,-0.4549071473105335
67.166885937,3.7851508844217134,0.1232784729331869,1.535692053159281,2.112703657924348,-1.0833899694365732,1.8510206228872494,-0.23176173546431356,2.346206337181985,-0.4481102013999716
67.199518499,3.7851434719242953,0.1230526989288235,1.527392377582215,2.1149641210201566,-1.0944851187407394,1.8649726622186105,-0.24154649499897163,2.3519046274815545,-0.4341581620686106
67.216213561,3.785132721200784,0.1228268095608224,1.5190922590905165,2.1155131448706643,-1.1016290355338276,1.872252172260052,-0.2472433315338618,2.356250088081967,-0.426878652027169
67.216875363,3.7851200645019865,0.1226022336916093,1.51079606473654,2.1154967803274967,-1.1020031732666538,1.8725430194634294,-0.2475116518612066,2.3565113370883397,-0.42658780482379166
67.24951976700001,3.78510597737596,0.1223773018425961,1.502489911786675,2.118470965685314,-1.1210501568048423,1.888197871070008,-0.2637058116354636,2.3669699483562145,-0.410932953217213
67.250195014,3.7850904590471552,0.1221520140141369,1.4941926357825457,2.118665606800872,-1.1214649852217518,1.8885677502266978,-0.2641449499655706,2.36710081205008,-0.4105630740605233
67.282829089,3.785073509680084,0.1219263702061567,1.485898049888599,2.1221977238625738,-1.1327912396053244,1.900315585924485,-0.27494862753670146,2.372003917212935,-0.39881523836273614
67.283788027,3.785051788677914,0.1216978708706371,1.4775957829218835,2.1221803951098264,-1.1329442352895887,1.9005344486129623,-0.27505127127780193,2.372118687537881,-0.39859637567425876
67.31619668100001,3.78503007086169,0.1214719941376721,1.469292694548066,2.1244284357644996,-1.151442479928333,1.9154546042993115,-0.2903525739973989,2.382753953241339,-0.3836762199879096
67.317515044,3.785007400930691,0.1212474298047048,1.4609945225699894,2.1245630936513473,-1.1523981993003076,1.9161762656183354,-0.29115544412157224,2.383289613421087,-0.3829545586688856
67.333836335,3.784982347682137,0.1210238218922894,1.4526963499362366,2.126616489026779,-1.159221089423985,1.9204799486697972,-0.2976140548152051,2.386298701341987,-0.37865087561742383
67.35004793600001,3.784954910762031,0.1208004551449485,1.444389740089422,2.128576536787549,-1.1659921692853525,1.9252576392623526,-0.30397186558624023,2.389342966756373,-0.37387318502486844
67.38289592800001,3.784925566195082,0.120576971385881,1.436081311224294,2.1322156687048572,-1.184072906238108,1.9418349184035764,-0.31988753775013956,2.398662178602746,-0.3572959058836447
67.399555584,3.784894789538163,0.1203521779735876,1.42777216586979,2.1347339867371184,-1.1945331619474981,1.9502970583969592,-0.3293701216949234,2.4037454331652848,-0.3488337658902618
67.416265755,3.784862108424019,0.1201297709428472,1.4194645269321071,2.136408630760739,-1.1985602070101287,1.9548710939940843,-0.33349013047618525,2.4051761854794993,-0.3442597302931367
67.41747012100001,3.784827516507928,0.1199043858792655,1.4111577196918028,2.1365293287670117,-1.1988504515656118,1.9552007622515788,-0.3337870752827885,2.405279305276518,-0.34393006203564225
67.433781032,3.784791021845831,0.1196830561262796,1.4028471822272706,2.138166942491815,-1.2047143194406105,1.961378640046794,-0.3392532272260298,2.4079603327102648,-0.33775218424042697
67.466239812,3.784753571568673,0.1194599393337879,1.3945364250331806,2.1416430913300646,-1.2204579172178234,1.9775363876905665,-0.3533162436816313,2.4158455118385924,-0.32159443659665454
67.482964612,3.784713733123799,0.1192334874302292,1.3862189611423703,2.143583677393986,-1.2279143612397312,1.9853924576439077,-0.3601725765452284,2.4193604985223347,-0.31373836664331334
67.499548332,3.7846729440080327,0.1190095400187405,1.3779099092470193,2.145445295170682,-1.2317088825815103,1.9894514121718494,-0.3642435114787981,2.4204969410973787,-0.30967941211537164
67.501301254,3.784628340959471,0.1187861930480894,1.369601154847981,2.1456420707286603,-1.2321099687032884,1.989880449244894,-0.36467381489718687,2.4206170646397154,-0.309250375042327
67.51677797400001,3.784582783437885,0.1185621319208693,1.361283092907004,2.1476714319500814,-1.237957152488037,1.9955141016092321,-0.3703882737242692,2.4229946317771938,-0.3036167226779889
67.534659007,3.7845343674105534,0.1183404582740785,1.3529700863475602,2.1503390018437423,-1.2472629512484752,2.0040641170591655,-0.37910865103301816,2.4271980636251476,-0.2950667072280555
67.56621599900001,3.784485953168616,0.1181203343470233,1.344660156714845,2.156576844841991,-1.2646459760161204,2.0189605237364567,-0.3962334056017305,2.4341134823619077,-0.2801703005507643
67.582819938,3.784436587411927,0.1179018804475114,1.3363493616754072,2.1568124477130235,-1.2668392360762972,2.02303420378196,-0.39802702436170234,2.435397550174869,-0.27609662050526085
67.59952177400001,3.784383406965248,0.1176834309428171,1.3280388966027037,2.15823238934406,-1.2709626941864236,2.028725245611808,-0.402049447714095,2.4370825580073863,-0.27040557867541315
67.616195406,3.784329272038205,0.1174645057001034,1.319731730880196,2.161493733750571,-1.278067530379955,2.036890136480231,-0.40952251449982313,2.439377843935292,-0.26224068780698984
67.61683400300001,3.784273229451828,0.1172451058178495,1.311427967072491,2.1616186426338895,-1.2783396442828356,2.0372028502797175,-0.409808731565799,2.4394657529588155,-0.26192797400750356
67.633472618,3.78421480373224,0.1170267815653363,1.3031292878725889,2.165536787920237,-1.2866838744733238,2.0453775836890786,-0.41864392311941856,2.4420958537492092,-0.2537532405981424
67.649871937,3.784154468835258,0.1168069097905177,1.294824962091503,2.1695895870170756,-1.295275494076865,2.053301957507287,-0.42775336673951436,2.444790133776153,-0.24582886677993399
67.68288268,3.784092230673761,0.1165903780708928,1.2865219048333167,2.1745361155495515,-1.3070038496009408,2.0609910158459943,-0.43979859731697823,2.4489053358559354,-0.23813980844122673
67.68344766700001,3.784026654815692,0.1163740886152079,1.2782173963301144,2.1745870995678565,-1.3071727197871164,2.0612144723006285,-0.43995855881278745,2.4489796919569624,-0.23791635198659256
67.70037333900001,3.783961554930182,0.1161568449363799,1.269912873136737,2.176114459969192,-1.3122316704917625,2.0679086982870345,-0.44475062625978845,2.4512072245854553,-0.23122212600018655
67.73317838,3.783895025878463,0.1159410334162733,1.2616053652658412,2.1781467049060677,-1.319078313884995,2.0774071875514846,-0.45121288532332526,2.4542479075734183,-0.22172363673573647
67.734412472,3.783827067279365,0.1157260580086963,1.2532971135861792,2.178193416798315,-1.3192410733617386,2.077653120050197,-0.4513654428491005,2.4543213844369647,-0.22147770423702395
67.766219991,3.783756248878985,0.1155120395708624,1.2449953150385922,2.1841387889788266,-1.3326027229602904,2.092975865018384,-0.4652944326502175,2.458778331091307,-0.20615495926883698
67.783607183,3.783683998050797,0.115296234642864,1.236680621335577,2.188811643928261,-1.3420426262256486,2.1031060439835105,-0.4754496631316192,2.4615745143663075,-0.1960247803037105
67.799463126,3.783610318103404,0.1150818618735656,1.2283766398205462,2.1930249618032214,-1.3492985885423177,2.110323627421608,-0.4836691727661724,2.463259951408699,-0.18880719686561287
67.816245546,3.783528994335709,0.1148548617175422,1.2201083733385785,2.1984170504505856,-1.3549189171788731,2.1180084001971107,-0.49145265747247935,2.4629769676801816,-0.18112242409011037
67.832847742,3.783452939726728,0.1146488363397784,1.2118847894147171,2.204781410815014,-1.3582037483347071,2.1256608640321133,-0.49814036859011024,2.4604138214538103,-0.17346996025510775
67.833559088,3.7833802320901393,0.1144504365058671,1.2036714318904955,2.205054101384853,-1.358344491854624,2.1259887453280086,-0.49842691360817337,2.4603039996076186,-0.1731420789592124
67.86623921,3.783303232896471,0.1142522800346859,1.1954399928373027,2.212233493757087,-1.3740282634996592,2.1417272750260334,-0.5149102639589449,2.465385685259233,-0.1574035492611876
67.86743156300001,3.783224319109735,0.1140475692541999,1.1871783512295166,2.2124075705369695,-1.3742535380574121,2.142054176924308,-0.5151942530791556,2.465405723504345,-0.15707664736291305
67.884244941,3.7831420667083937,0.113842385482434,1.1789005958304566,2.2148622284286836,-1.3774301361732864,2.1466638228803117,-0.5191987856512599,2.46568828293895,-0.15246700140690939
67.917224815,3.783057905776688,0.1136360118158867,1.1706155508596452,2.22398707040125,-1.3895900968958852,2.1626493647721947,-0.5343473171347495,2.466972564720015,-0.13648145951502633
67.917246195,3.7829694522127,0.1134289278383754,1.1623185999942682,2.2239863247202862,-1.389599787505487,2.1626533763912397,-0.5343540527362007,2.4669795715472316,-0.13647744789598137
67.94947613000001,3.782880521658964,0.1132214867824668,1.154018318409883,2.2252655652150293,-1.405047966121329,2.1714665908754567,-0.546734279712294,2.476307629159123,-0.12766423341176436
67.96616988000001,3.782788254605037,0.1130151224548639,1.1457197756984476,2.229352204435588,-1.4142458995248293,2.179971876141944,-0.5563187305663968,2.4793802340539184,-0.11915894814527705
67.96697319100001,3.782694078342874,0.112807449023516,1.137419101674186,2.22955065806322,-1.4144487779343946,2.1802686214674605,-0.5566022317017976,2.4793671727517426,-0.11886220281976057
67.98387262300001,3.7825984767709806,0.1126041879809572,1.129113659142512,2.233747377739997,-1.415816764487647,2.1851500111056286,-0.5604165907690208,2.4771457974656594,-0.11398081318159248
68.00072708,3.78250287542676,0.1124011653568407,1.1208108313142449,2.2390865384394156,-1.4198803742567678,2.1921438483432105,-0.5670030907236079,2.4758661179440082,-0.10698697594401052
68.017036758,3.782403936138462,0.1121980273689577,1.1125098470141783,2.2457331816660706,-1.427275737959764,2.201638521034371,-0.5769463219526689,2.4758283925221094,-0.09749230325284985
68.049467565,3.782302613473119,0.1119954881738343,1.104212641832722,2.2500262149962382,-1.4345921520277136,2.2102793039597444,-0.5852640065732682,2.477494577547809,-0.08885152032747667
68.051292243,3.782200812805988,0.1117918766451368,1.0959052020211395,2.2504893770966063,-1.435405309936684,2.211168653505524,-0.5861791468307658,2.477690187428046,-0.08796217078169688
68.082823867,3.7820971067525866,0.1115902938705974,1.0876039807866629,2.2589445372511423,-1.4492105159569841,2.226518405691003,-0.6021097399088085,2.480569362775883,-0.07261241859621803
68.10228947,3.781990540921405,0.1113896680657902,1.0793089581192314,2.265404549612278,-1.4570551406050214,2.235942738171115,-0.6122640207525722,2.480969957484525,-0.06318808611610605
68.11613412,3.78188349901117,0.1111896388563552,1.0710156849301602,2.2683865818295743,-1.4604695823312208,2.2402543603184437,-0.6167970871330253,2.4810172611525942,-0.058876463968777326
68.11669659200001,3.781774550697475,0.110990327099538,1.0627275808544532,2.2684863716600603,-1.4605796222458014,2.2403978515673533,-0.6169456310326384,2.4810160352011508,-0.05873297271986777
68.14953697,3.781664175033808,0.1107937588026175,1.0544377469852937,2.27425741375268,-1.4713023320416885,2.2514284534551434,-0.6287891832512704,2.4838465303956614,-0.04770237083207762
68.16624651000001,3.781551890758261,0.1105963582387722,1.0461378979409592,2.27738371458393,-1.4787067444359467,2.25844307971043,-0.636395930241064,2.486442003382419,-0.04068774457679103
68.18296076,3.781439132165553,0.1104011039900455,1.0378341527578938,2.281830091774657,-1.4850124873395179,2.2659909618212453,-0.6440614370096953,2.4873210196895585,-0.03313986246597578
68.184758677,3.781324466097853,0.1102054943109675,1.0295303962610294,2.2823083792921732,-1.4856907829473969,2.2668028717520565,-0.6448859995795369,2.487415573639744,-0.03232795253516452
68.20022621000001,3.781205986117189,0.1100106042819912,1.0212259939175372,2.286599551303005,-1.4918120629201366,2.2739936756844648,-0.6523105357520325,2.4882876334739956,-0.025137148602756287
68.217661754,3.781087506933381,0.109816548717563,1.012918824463111,2.291677982108403,-1.4991030892728772,2.2823809670422825,-0.6611320561787664,2.4893507901333316,-0.016749857244938493
68.25000298,3.7809656899303454,0.109622139370765,1.0046183243547384,2.3015497663388698,-1.512024007439653,2.298700757422824,-0.677345663457023,2.490584155120625,-0.0004300668643968386
68.266209241,3.78084196656866,0.1094292819414764,0.9963180256615464,2.303863634256127,-1.5163333292629098,2.302348155194389,-0.6821018159594852,2.4917257560527513,0.0032173309071681366
68.28302256,3.780720156033,0.1092408330553828,0.9880120062645856,2.307208455301893,-1.5223849760358115,2.307699914761347,-0.6888444686448478,2.49325771272862,0.008569090474126018
68.284253706,3.780593575168789,0.1090506015246117,0.9797134069977212,2.3075576276574163,-1.523002638490201,2.308264874526394,-0.689537839041773,2.4934082641619977,0.009134050239172797
68.316228585,3.780465089109988,0.1088622795386378,0.971404653634222,2.315000171608441,-1.5391128186260075,2.3224713062031164,-0.7065145722036164,2.4985773932591133,0.023340481915895328
68.33298473400001,3.7803380345014688,0.1086746711598163,0.963088448176298,2.31678973445272,-1.5476440954324668,2.3293105311885247,-0.7140725103950762,2.502920524550719,0.03017970690130367
68.333619614,3.780205734934377,0.1084876648701251,0.9547921955307782,2.316857539869022,-1.5479673401719842,2.3295696651433904,-0.7143588759435646,2.503085083077525,0.030438840856169325
68.366287603,3.780073914616125,0.1083024461690772,0.946488278671626,2.315696470522624,-1.5549245665310198,2.3352250646547317,-0.7187781031207967,2.50858249263058,0.03609424036751063
68.38299891700001,3.779943529459952,0.1081210405145887,0.938193749604594,2.3220635151057456,-1.5601878119988752,2.3428593197927103,-0.7269440599567938,2.507334230426156,0.043728495505489295
68.399579712,3.7798088548501,0.1079417855702404,0.9299100258044836,2.3291230368266804,-1.5657050794412335,2.3510193324335784,-0.7357605212482379,2.5057382676273012,0.05188850814635737
68.41637658900001,3.7796732252178713,0.1077613396324814,0.9216056335259168,2.3357718244285426,-1.5719140736372483,2.359494950754905,-0.7448198112024476,2.504909261580052,0.06036412646768374
68.43296865500001,3.779533778293573,0.1075783946959919,0.9133031280135528,2.34185807888804,-1.5780871991900758,2.367634283364323,-0.7534778953634724,2.50447618988006,0.06850345907710187
68.44951369200001,3.7793933801343473,0.1073979542518299,0.9050100399406644,2.3471296387216016,-1.584308814476749,2.3753647293504905,-0.7616298833934736,2.5046833878841612,0.07623390506326944
68.450141499,3.779252983881694,0.1072189443180751,0.8967072402447287,2.3473296698345183,-1.5845448957637354,2.3756580637264193,-0.7619392133241978,2.504691250082194,0.07652723943919826
68.466675054,3.77910924908861,0.1070393421837336,0.8884048614342661,2.3518392189206234,-1.5913514571566296,2.3832632195010195,-0.7700205218974538,2.5058564808314645,0.08413239521379845
68.483457082,3.7789636100784634,0.1068627224772013,0.880110311438422,2.356014504462239,-1.5985727041681317,2.3909190910922025,-0.778188808682212,2.507547193331302,0.09178826680498142
68.500029882,3.778816539291206,0.1066845546987537,0.8718287240602758,2.3591836951994902,-1.601188855537428,2.3953005924361843,-0.7822507015892897,2.5069234594717287,0.09616976814896327
68.53292285,3.778667563708885,0.1065082964649209,0.863552636980826,2.3720576970761296,-1.6108350990613456,2.409636637387914,-0.7980188304299571,2.503736603449478,0.11050581310069285
68.53355397300001,3.778531482911604,0.1063505008266907,0.855313903791658,2.372367138369395,-1.6110635099338693,2.4099658496636387,-0.7983952624908173,2.503657708936225,0.11083502537641765
68.566167228,3.778388721517018,0.1061881829292442,0.8470777922586341,2.3849435002571693,-1.6238852779007593,2.4255587241104344,-0.8163351171485775,2.5028066936675906,0.12642789982321334
68.56685445800001,3.778233068568147,0.1060108595036414,0.8388500336395005,2.385195523739212,-1.6241593345221577,2.425881900321709,-0.8167073950223016,2.5028010322217673,0.1267510760344881
68.58338657,3.7780931770981927,0.1058561676994962,0.8307089915872745,2.3885236171802813,-1.6278417854941623,2.4293986566302586,-0.821670820334877,2.5027684702778457,0.13026783234303752
68.61626317700001,3.777962364861793,0.105718154747067,0.8226661153890998,2.3923963419777334,-1.641586975455195,2.4393039352020534,-0.8345064288413315,2.5090274956565057,0.1401731109148323
68.633789995,3.777829163626308,0.105576329846858,0.8146429244670398,2.393636713697742,-1.6512580013937215,2.445778255080498,-0.842549386839782,2.5145391280229292,0.1466474307932768
68.633828519,3.7777102855312488,0.1054496280355297,0.806602719113501,2.393653996621684,-1.6512722451244097,2.4457978516517915,-0.8425715207002287,2.514535711073173,0.1466670273645705
68.64980293800001,3.7775661100181424,0.1053014976821606,0.7985189671499076,2.4008205595060077,-1.6571785716251097,2.453923794980149,-0.8517495801129771,2.5131188336176775,0.15479297069292786
68.667058118,3.77741525339804,0.1051486066512617,0.7903633337050867,2.4072744909223798,-1.6630811468696785,2.461698369994,-0.8604504928346004,2.512231284714393,0.162567545706779
68.683435335,3.777245302158104,0.104977260166779,0.7822342318710352,2.41132545633516,-1.6679141440883278,2.4674610554126666,-0.8667537160005887,2.5124250903148417,0.16833023112544554
68.70020851700001,3.777108770861153,0.1048418764092273,0.7740950449698232,2.4158612489321873,-1.6729113488435836,2.473761556203952,-0.8735021989957805,2.5123663781967815,0.17463073191673084
68.716742984,3.7769311902647393,0.1046705387143689,0.7660009871320737,2.4220468128353554,-1.678047274704888,2.481738125343921,-0.8814523406880324,2.5111688046808296,0.18260730105669998
68.74951703500001,3.77678082086423,0.1045269454526824,0.7579563561562858,2.4330618939363844,-1.6885426676911062,2.497364882998885,-0.8966168272079691,2.5099344489038913,0.19823405871166377
68.76627397600001,3.7766433456061193,0.104399788229248,0.7499060278408262,2.4395767410426727,-1.694392924558901,2.5055620142180164,-0.9053192427256862,2.508966615036696,0.20643118993079534
68.76710716400001,3.776489638238032,0.1042560796038056,0.7417842946476481,2.4399336412430985,-1.69469571651953,2.5059766644033967,-0.9057827741650386,2.5089018128051186,0.20684584011617568
68.78343146,3.776329731279702,0.1041113052368117,0.7335929388214251,2.446818300197651,-1.7005382234814224,2.5139919775722444,-0.9147255630323725,2.507652835705829,0.2148611532850233
68.7998472,3.776143096676596,0.1039451039757047,0.725475079704844,2.449755698570946,-1.7030911463186356,2.5180362105467244,-0.9185859820952524,2.5071599981310078,0.2189053862595034
68.832879304,3.77600610488662,0.1038239066635474,0.7173433601663692,2.4595391358732215,-1.7114930766932774,2.5303864217585144,-0.9313683347455104,2.5054513319282865,0.23125559747129332
68.83351966400001,3.775841433933447,0.103683071694095,0.709192485900551,2.4597763861070616,-1.7116960756423043,2.5306776042057226,-0.931677749930274,2.5054093975724334,0.2315467799185016
68.850086082,3.7756519428883353,0.1035209268422991,0.701099331930551,2.4661759311957843,-1.7172577590381402,2.538683724012876,-0.9400880594634788,2.50433552928731,0.23955289972565508
68.88283057700001,3.7754915710113206,0.103386762644526,0.6930763223131557,2.4765345389228774,-1.7261582151972727,2.551592929322821,-0.9536253032723518,2.502529455107336,0.25246210503559974
68.883964418,3.7753479078851777,0.1032693877180442,0.6850396612455311,2.4767790861316863,-1.726356599736488,2.5518837276054835,-0.9539361318648005,2.502479003656889,0.2527529033182625
68.90003153400001,3.775183245399959,0.1031359437196605,0.6769501683285734,2.480215263856958,-1.7299820745803847,2.557024576920071,-0.958928980687173,2.5023278552519486,0.25789375263284997
68.916994808,3.775019062411084,0.1030046449376267,0.6687951038808355,2.483768467208821,-1.7358920764365953,2.565060827232789,-0.9657046310502992,2.5036100167693753,0.2659300029455678
68.949510417,3.774854881984629,0.1028756111306126,0.6606072199967641,2.4992991396185014,-1.742277077913392,2.5798314990774376,-0.9808073002824127,2.496269757140392,0.28070067479021654
68.950507597,3.774660636833011,0.1027259887395098,0.6525147279183563,2.4998301155583613,-1.742441889177147,2.58028050975362,-0.9812837285499554,2.495983201199506,0.28114968546639885
68.966780606,3.77451746104764,0.1026177923729119,0.6443933812562296,2.5041809887990825,-1.7448004329234812,2.5850188530288962,-0.9859399335124417,2.494306125796457,0.2858880287416752
68.99955549900001,3.774318927143717,0.102470439900902,0.6363618963211622,2.5163461749408533,-1.7534921666954522,2.5984864648670047,-1.0005239196267013,2.49101289959016,0.2993556405797837
69.000317842,3.774178140879611,0.1023666515282112,0.6282778683441602,2.516705570931536,-1.7537589557462976,2.5988756441001115,-1.00096224393597,2.4909222702589617,0.2997448198128905
69.01676925000001,3.774010631589548,0.1022456085838586,0.6201622963526108,2.5233939346857372,-1.7582697815932873,2.60654353413397,-1.0087805609318798,2.4889333814028767,0.3074127098467492
69.03349210600001,3.773843123877038,0.1021259961500634,0.61200208931878,2.5296347305276656,-1.762203510669102,2.6139560597091815,-1.015870286252535,2.4868943737863627,0.3148252354219605
69.050353947,3.773666553037705,0.1020031755050634,0.6037817412457405,2.5352216847025963,-1.7672497662845315,2.620858385012145,-1.0233550573020946,2.4860838461651777,0.3217275607249239
69.06716219500001,3.7734847341478575,0.1018783343465963,0.5955315619635584,2.540552605999579,-1.7726445775873183,2.6275457077031774,-1.0309295273432526,2.485696400087771,0.32841488341595637
69.08373749,3.7733033933376414,0.1017543271031212,0.5872542994873823,2.5471711183540235,-1.7769733007168922,2.6348041189127756,-1.0385654489662346,2.4836384276180516,0.3356732946255545
69.11622337200001,3.773118238822305,0.101631158718926,0.5789699442672318,2.5574215969566674,-1.7832795030661401,2.6463027315553056,-1.0500946688256985,2.480186241486764,0.34717190726808456
69.13293203100001,3.7729321322751854,0.1015096603625102,0.5706797435636215,2.5623287664503605,-1.7861757319007534,2.651849350370717,-1.055522425740187,2.4784519091139185,0.35271852608349574
69.13364018,3.772742211162924,0.1013879279823085,0.5623794402521886,2.562663492038142,-1.7863622302277697,2.6522003252413757,-1.055884409062005,2.4783262471872223,0.3530695009541547
69.166191497,3.772527479176532,0.1012531111554016,0.5541607977716435,2.576146864494455,-1.7951410542334614,2.6673777803963787,-1.0714108104482052,2.4741072492359093,0.3682469561091577
69.167116941,3.772361421639276,0.101150424781357,0.5459619639738286,2.576407152804944,-1.7954039661801564,2.667747479058651,-1.071780272527147,2.474088001677204,0.3686166547714298
69.199537158,3.772173895134936,0.1010381071822123,0.5377554517099395,2.584471420858178,-1.8064324199939552,2.678716868002855,-1.0853784311672716,2.4754106105972964,0.379586043715634
69.20019904,3.771984460543088,0.100924718897357,0.5294951802155945,2.584596894198948,-1.8067251199617689,2.67886718373369,-1.0856803870034524,2.4755118010286554,0.3797363594464689
69.21711822,3.7717931192349217,0.1008122864838087,0.5212228205000068,2.587804272610332,-1.8142071838967493,2.6827095890367794,-1.0933990515756404,2.4780984541215516,0.3835787647495583
69.249578623,3.771600349689592,0.1007016438563769,0.5129414173215291,2.602715585213009,-1.8229753103120956,2.699331793549085,-1.109867945923193,2.4728066866153773,0.400200969261864
69.25036966100001,3.771403287331309,0.1005900524995173,0.504644208978678,2.603020689440534,-1.823228207033858,2.699708448989563,-1.1102597645118286,2.472747327242645,0.40057762470234204
69.282902142,3.771200981406185,0.1004796592775181,0.4963626745069641,2.617559183379201,-1.8330921968783318,2.7157380413899386,-1.1272983258477263,2.468463225322825,0.41660721710271753
69.28332532900001,3.770999154695389,0.1003714112719976,0.4880931303946321,2.6177956408434824,-1.8332077456889997,2.7159593773998765,-1.1275419507005027,2.4683636733707055,0.41682855311265543
69.316198509,3.770817847261982,0.1002762526573843,0.479859325518678,2.6290184686543467,-1.8397214616299005,2.7282396902157817,-1.1398732571318644,2.464323965320993,0.4291088659285607
69.332816695,3.7706217501992536,0.1001749121940039,0.4716072107046107,2.6338725012756377,-1.8424873613280999,2.7344950241575283,-1.1451683821217675,2.4625425374750343,0.4353641998703073
69.33376516300001,3.770421362241155,0.1000736958837783,0.4633381606471873,2.634252428793363,-1.842669102451745,2.7349516869982153,-1.1455569028717139,2.4623799755434197,0.4358208627109943
69.35021234300001,3.7702157288999794,0.0999723664072378,0.4550595548202879,2.6408406703270244,-1.845820636266253,2.742870579296169,-1.1522941578007817,2.459561023981119,0.44373975500894813
69.366838094,3.7700110511503633,0.099872823970214,0.4467669959747475,2.6486385512572257,-1.850475003698089,2.75072798448522,-1.1609581228688617,2.45683966540658,0.4515971601979989
69.399506825,3.76980589915042,0.0997755470575514,0.438474859429047,2.659964475746427,-1.8567525533174838,2.76180039839348,-1.1731818061400934,2.4525658191244037,0.462669574106259
69.416286559,3.7696002733591647,0.0996808932968599,0.4301802400973831,2.6658425831911985,-1.8598538075922206,2.7678671284611642,-1.1794088533869669,2.4502433618494344,0.4687363041739432
69.41707049300001,3.769396079500709,0.0995873107709199,0.4218777341526619,2.6662067785131476,-1.860059339798469,2.7682540138667022,-1.179804657258141,2.450108376606174,0.4691231895794812
69.434289535,3.769189026131809,0.0994951620516828,0.413580049360658,2.6742062970245812,-1.8645738367990996,2.776751918087003,-1.1884984547990194,2.4471434375002747,0.4776210937997818
69.466349234,3.76898054374505,0.099404207072553,0.4052784640947507,2.683653767668628,-1.867822311925582,2.7852265029571246,-1.1972112373523092,2.4422552156971458,0.48609567866990355
69.467225885,3.768772541055137,0.0993157549375009,0.3969810354289823,2.6838623823810828,-1.8680005566300812,2.7855935950609876,-1.1974831182454553,2.4422181744650278,0.48646277077376654
69.49956401600001,3.7685635861020974,0.0992288536210607,0.3886829519836101,2.6929891294743653,-1.874598029769912,2.7992968071774307,-1.2084817221166215,2.4397984891093043,0.5001659828902096
69.501389515,3.768356065149269,0.0991445732589789,0.3803890523974878,2.6940649814355497,-1.8749792084388524,2.800133744171479,-1.209482306455445,2.4392493210103217,0.5010029198842578
69.516894991,3.768146637554296,0.0990611295588969,0.3720911147170023,2.7032030838194876,-1.8782168747991153,2.8072425437242474,-1.2179810985400628,2.434584781189273,0.5081117194370264
69.533910835,3.767935782063669,0.0989798332725951,0.3637952860866107,2.7115860728312247,-1.8815104241769292,2.8152304537886366,-1.2260189709114688,2.430520967707334,0.5160996295014155
69.676466944,3.767726358883344,0.0989003234765113,0.3554975360457822,2.7669870611245204,-1.9050365208627245,2.872210094307901,-1.280452549452776,2.404835714032694,0.5730792700206799
69.67649077,3.767515029785748,0.0988217695513696,0.3471927579940394,2.7669981417662717,-1.9050392460908252,2.87222084059698,-1.280461958828223,2.404829258713684,0.573090016309759
69.67650423500001,3.7673022739815374,0.0987464359229234,0.3388887435266287,2.76700440386823,-1.9050407862233023,2.872226913743228,-1.2804672764325402,2.4048256105616437,0.5730960894560071
69.67651666900001,3.767096673064623,0.0986735974478603,0.3305977024923902,2.767010186488036,-1.9050422084295557,2.8722325218754534,-1.2804721868738342,2.40482224174453,0.5731016975882324
69.676528952,3.7668824887140606,0.098600172814945,0.3223071349091583,2.767015898883004,-1.9050436133643636,2.872238061901837,-1.280477037682132,2.4048189138387412,0.5731072376146158
69.67654164700001,3.766661627126945,0.0985260406180198,0.314023351587855,2.7670218028848135,-1.9050450654239104,2.8722437877534244,-1.2804820511976769,2.4048154743073518,0.5731129634662033
69.67655448100001,3.7664517417805583,0.0984585715011776,0.3057865308107163,2.7670277715306733,-1.9050465333823359,2.8722495762984614,-1.2804871196071668,2.4048119971158726,0.5731187520112404
69.676567245,3.76624281116719,0.0983925317964246,0.2975768518845477,2.7670337076219678,-1.9050479933341302,2.8722553332712515,-1.280492160372217,2.4048085388899105,0.5731245089840304
69.69971521800001,3.766034837220584,0.0983292328048825,0.2893939215389568,2.7772679986411246,-1.9078406410950055,2.882785043574369,-1.2893884956112416,2.399029714312541,0.5836542192871481
69.71616880100001,3.765825434561636,0.0982671275533082,0.2812254576715323,2.7837548501680334,-1.91004069800141,2.890401925602575,-1.295348190519097,2.3956530991836202,0.5912711013153538
69.717103312,3.765617941508256,0.0982071658702095,0.2730691511637464,2.7841232826308744,-1.9101656542118386,2.8908345401912046,-1.2956866821684856,2.395461318221338,0.5917037159039835
69.73356046100001,3.7654199916347353,0.0981527960329576,0.2649136961116722,2.7929124491129294,-1.9133311182086759,2.89935661175939,-1.3038993294073387,2.3910091238079376,0.6002257874721688
69.75048550300001,3.765213456919674,0.0980970055735843,0.2566850808736719,2.802185599957056,-1.9167836512772385,2.9078500309006374,-1.3126483650726324,2.3863868206920795,0.6087192066134164
69.76710413,3.764988798648531,0.0980380173409448,0.2484833752040871,2.8060032634002536,-1.9184607206516306,2.9122622144111947,-1.3164410774178137,2.3846540630867703,0.6131313901239737
69.799510059,3.7647908532131593,0.0979875814076803,0.2403000567619463,2.8242837083298515,-1.923631423755792,2.928261002527467,-1.3324678596932271,2.3744534215720443,0.6291301782402461
69.80029051700001,3.764581462930794,0.0979364434035844,0.2320633624603093,2.824419394906617,-1.923678041228884,2.928429226278155,-1.3325929663027152,2.3743831907228805,0.6292984019909338
69.832912398,3.764351565503788,0.0978827064190784,0.2238661932060626,2.831838332445343,-1.926113303749539,2.9370635222095363,-1.339348613601377,2.370467534031583,0.6379326979223152
69.84969340500001,3.7641521966417546,0.0978381133850209,0.2156924569189395,2.8397188452064075,-1.9284980298165988,2.94523282480215,-1.3463737835682918,2.366173772658594,0.6461020005149289
69.850352712,3.763940427181807,0.0977916272870541,0.2074514754626645,2.840028461740558,-1.9285917230370995,2.9455537875658484,-1.346649794640531,2.366005075575665,0.6464229632786274
69.867109422,3.7637200763086183,0.0977461047508634,0.1991898713184761,2.8487710391448204,-1.9314705059193693,2.953800381339729,-1.3546174853616146,2.3613968269792975,0.6546695570525078
69.899580095,3.763497819118636,0.0977015380857973,0.1909098132539412,2.8611158934028627,-1.935002067982589,2.965566093442142,-1.365470109739718,2.3545347645075276,0.6664352691549209
69.900487745,3.763272702524704,0.0976587628552048,0.1826138628431677,2.8613321563926166,-1.935041146099317,2.965791795936286,-1.3656432237339415,2.3543993823634013,0.666660971649065
69.917165655,3.763047111346276,0.0976176571027604,0.1743104978114591,2.8668885627389558,-1.9367002036959502,2.971747017038629,-1.3705798494786743,2.351357039540669,0.6726161927514078
69.949585301,3.762823906479665,0.0975783367416794,0.1659998944705051,2.881664585326924,-1.9426432154649598,2.987421684410805,-1.3848503530800356,2.3442857624728215,0.6882908601235838
69.950590868,3.762601659103845,0.0975424723490719,0.1576927920414595,2.882155988388138,-1.9428643255962603,2.98792432106133,-1.3853424554929115,2.3440662132209993,0.688793496774109
69.982875206,3.762363196646484,0.0975041232409125,0.149456224815299,2.891613825089937,-1.946647978410419,2.998388663823505,-1.3944615325481662,2.339526484445366,0.6992578395362838
69.984078419,3.762162415024629,0.0974753866801361,0.1412669137035497,2.8918111150090913,-1.9467075688943059,2.9986393277204577,-1.394637325594808,2.339418915199193,0.6995085034332367
70.017532847,3.761947326698099,0.09744499767084,0.1330019357271151,2.9073644513860204,-1.9496874114158718,3.0121013467357365,-1.4072138648029302,2.3297951739592277,0.7129705224485154
70.017548297,3.761721270635499,0.0974141444597811,0.1247220557559632,2.9073738387439985,-1.949689077255453,3.0121089854107383,-1.4072213564771818,2.3297892771526154,0.7129781611235173
70.033471418,3.761493787557096,0.0973866307548321,0.1164219406110999,2.9150089936225516,-1.9514358628968536,3.0192117534503797,-1.4136071247015005,2.325253991684006,0.7200809291631587
70.050161191,3.761266306200925,0.0973604283511014,0.1081186379473971,2.9218679897286437,-1.9532835367753412,3.026224811058892,-1.4195515514900205,2.321365095118069,0.727093986771671
70.08294718500001,3.7610402579592512,0.0973366084835872,0.099804133324402,2.936453537648162,-1.9592309076897358,3.0412282866700497,-1.4336985230516288,2.314438867823141,0.7420974623828287
70.08383627,3.76079847325768,0.0973118530709047,0.0915655115746896,2.9368548936833943,-1.9594043395684784,3.0416415804401584,-1.4340951061578338,2.3142547832679656,0.7425107561529374
70.11627897000001,3.7606019969700393,0.0972949132776954,0.0833903156694578,2.9483648991378004,-1.9617369532135218,3.0516492586458153,-1.4434972760421214,2.307217701952214,0.7525184343585942
70.116878122,3.7603840610543,0.0972764484856958,0.0751338588752546,2.9486804379012095,-1.9618055474489278,3.0519410791563635,-1.443758498141701,2.307027878626367,0.7528102548691424
70.133599895,3.760158975553104,0.0972603761180914,0.0668714169516715,2.9574868302265194,-1.963719948525085,3.0600855171857715,-1.451048963085173,2.301730086805648,0.7609546928985504
70.150501061,3.7599334153264015,0.0972459732286995,0.0585803355500199,2.9665158920927417,-1.964896872656943,3.068558142088299,-1.4579372757509907,2.2957752352362,0.7694273178010778
70.16691087000001,3.7597078565795754,0.0972331200591827,0.050283715227572,2.975097802346162,-1.9657839700601898,3.076622827476637,-1.4643116588903071,2.289961169103638,0.7774920031894159
70.18455245700001,3.759482777329093,0.0972224121060158,0.0419837059464205,2.9804263876455037,-1.966660328688773,3.0811504549183697,-1.4685125249045061,2.2865678594406393,0.7820196306311487
70.199787998,3.759255792330999,0.0972132560700793,0.0336708249299379,2.9857942554941586,-1.9674558314336885,3.086544538525577,-1.472679197012913,2.2830914139285086,0.7874137142383559
70.217036185,3.759014980635743,0.0972055464759247,0.0254226495700759,2.9929154956378015,-1.968409132785691,3.0946741710807277,-1.4781307247326758,2.278411489765467,0.7955433467935067
70.233649672,3.758814226924347,0.097200770966307,0.0172224079374893,3.0004782391235976,-1.9706204400037328,3.1018892760874124,-1.4848149589734283,2.274239442155568,0.8027584518001913
70.266414917,3.758598692434948,0.0971969661602695,0.0089740902571792,3.012529282389438,-1.972448859438855,3.1129554011575937,-1.4942009864763075,2.2664629873629845,0.8138245768703727
70.283627536,3.7583755312308154,0.0971959119559325,0.0006968344998965,3.0166842227174455,-1.9711512956163753,3.117058870206618,-1.495998278348154,2.262498527383352,0.8179280459193969
70.29958808900001,3.758149034569371,0.0971964113165176,-0.0075922508656544,3.0234505868824666,-1.9724304649404534,3.123554849314509,-1.5014567808817292,2.258300348222776,0.8244240250272878
70.29981189600001,3.757920155779413,0.0971989399805699,-0.0158658464985865,3.0235529860708454,-1.972454807022987,3.123652882527047,-1.5015431067175928,2.258240132105123,0.8245220582398258
70.317152379,3.757690802421119,0.0972033765413093,-0.0241484458201958,3.03152196598622,-1.9742504603791151,3.1312909234726964,-1.5081875473025828,2.2534882460396157,0.8321600991854754
70.349536457,3.7574500064058975,0.0972092567971339,-0.0324010639266948,3.0475974662285874,-1.9751234933889925,-3.1362667371727433,-1.519539374885376,2.2420724716370963,0.8477877457196215
70.350641733,3.7572435442758114,0.0972164088008402,-0.0406041251932915,3.048239454904556,-1.9750705252893335,-3.135641643607734,-1.5199271710328826,2.2415581087033303,0.8484128392846308
70.3828939,3.757025640159328,0.097225362127145,-0.0488702016142493,3.0660347062178546,-1.9757179222611734,-3.118875919095357,-1.5322553238550918,2.228708721942288,0.8651785637970075
70.384586166,3.756790096692262,0.0972375544282165,-0.0571114273180361,3.0668801653379654,-1.9759582058337,-3.1181349542450265,-1.5329974045932961,2.22823770867603,0.8659195286473391
70.400363419,3.7565841177431447,0.0972500702969652,-0.0653151560529251,3.0746728957575398,-1.978158538259165,-3.111279404386293,-1.539826534177044,2.223886720362658,0.8727750785060717
70.416941138,3.7563538230492735,0.0972652367853591,-0.0735421226111322,3.0782362523187983,-1.9784130187069597,-3.1067894652157673,-1.5423883174241024,2.2213968334423217,0.8772650176765975
70.433763193,3.756136404531499,0.0972819381610654,-0.0817357929390069,3.084001491923962,-1.9783795174211538,-3.100150946542212,-1.5462008186710259,2.217072027749195,0.8839035363501537
70.450430834,3.755885617134787,0.0973078571010478,-0.0884217526686492,3.0917347050377497,-1.9780720282706072,-3.0916154284176534,-1.551118784671364,2.211096180942216,0.8924390544747123
70.482877531,3.75556188386837,0.0973424431549818,-0.0931622387211274,3.111359092345189,-1.9808622432472023,-3.0768258297639743,-1.5662636118140156,2.198308058029637,0.9072286531283904
70.499626577,3.755321586660525,0.0973659658238478,-0.0964324161669836,3.115128484691486,-1.980149649142514,-3.0725049995786087,-1.568240825865149,2.1950206983574443,0.9115494833137561
70.50044687,3.7552124038556376,0.0973781317562917,-0.0985222404470016,3.115313092588314,-1.980114749485786,-3.072293384734678,-1.5683376609234356,2.194859698254657,0.9117610981576867
70.532872798,3.755139933508295,0.0973859638565791,-0.099780553911369,3.131112304295129,-1.9800899144981177,-3.0569097742168836,-1.5788355186678298,2.1830524678380074,0.9271447086754812
70.549655548,3.7550688945590815,0.0973939135176769,-0.1005201826498225,3.1333297723941054,-1.9798125861205056,-3.052443478270016,-1.5801045609403834,2.181213009355335,0.9316110046223489
70.550210977,3.7550250309767126,0.0973987324265609,-0.1009297902287182,3.1333952312545557,-1.9798028673480852,-3.0523007081215674,-1.5801408792011684,2.1811576893690514,0.9317537747707973
70.566661674,3.754999284186349,0.0974012654852348,-0.101144712655308,3.137952127213376,-1.9802053305066503,-3.047184495491128,-1.5834744268490697,2.1780248412315437,0.9368699874012378
70.599508193,3.7549840274901314,0.0974029519933868,-0.1012377008717246,3.156885393193433,-1.9837500285224765,-3.0322537771526736,-1.5987222831985282,2.1662546958865936,0.9518007057396911
70.616236449,3.7549783054044736,0.0974030777949095,-0.1012543822016143,3.1650792900059197,-1.9849784303968865,-3.0238423925565705,-1.6050931039543817,2.1609573796759523,0.9602120903357942
70.633068393,3.75497735091896,0.0974020060105267,-0.1012376852536712,3.1719920773287162,-1.9829463119999924,-3.019028388336057,-1.6081779086035817,2.154445842681856,0.9650260945563076
70.64950501300001,3.754979734433344,0.0974015264269777,-0.1011923980590583,3.1780336103137103,-1.9821812372238616,-3.0124114092924374,-1.6116283567346597,2.1494278881268016,0.9716430735999282
70.650185781,3.754983548526979,0.0974010451953398,-0.1011303908592795,3.1782552891014504,-1.9821986526113826,-3.0120601880426943,-1.611788909084512,2.1492740449481644,0.9719942948496705
70.666748361,3.754987362804955,0.0974006831728909,-0.1010683355707516,3.1836599399902714,-1.9826139630050301,-3.0035458829807116,-1.615696333516032,2.145517082309934,0.9805085999116532
70.683616203,3.754994037108214,0.0973997218084162,-0.1010229842681567,3.1907505981115953,-1.9818659487363601,-2.9991504742509933,-1.6198578403000115,2.1397275383532364,0.9849040086413723
70.69990249700001,3.754998805541205,0.097399716314862,-0.1009823779227208,3.1979574440951697,-1.9807260470025096,-2.993306845167311,-1.6238042255730352,2.133590434128062,0.9907476377250539
70.732895826,3.754999758593846,0.0973992383793481,-0.1009489261110756,3.2149503734247404,-1.977231801199406,-2.975814097828769,-1.6325074888141158,2.1185830156329057,1.008240385063596
70.74959200100001,3.755001188757412,0.0973989983129029,-0.1009154526103978,3.224466951778725,-1.975880431464917,-2.9670718319537555,-1.6378334805554693,2.1105814360577306,1.0169826509386102
70.76670680400001,3.7550040503859416,0.0973989950165106,-0.1008915273142217,3.2285685838758647,-1.9773533177312541,-2.9635645581619414,-1.6416628316851067,2.1085008472613094,1.0204899247304233
70.782918816,3.755006910796067,0.0973988725114017,-0.1008676310246821,3.234235372021217,-1.9786272963746245,-2.958500765906651,-1.6463855523266142,2.105119809076026,1.0255537169857138
70.783606457,3.7550078639155418,0.0973985137851304,-0.1008532859719438,3.234570058262557,-1.9786749148778748,-2.958193773389521,-1.6466438656622104,2.104901734266276,1.0258607095028438
70.80016265500001,3.75500786439806,0.0973988714127295,-0.100834139752718,3.242628233501547,-1.9798214162765377,-2.950802374537316,-1.6528632253719717,2.099651189681188,1.0332521083550485
70.817334607,3.755009771405216,0.0973983923783823,-0.100819774410573,3.2492204916944805,-1.9783891047573878,-2.9426966712048976,-1.6561823032798149,2.0937781064864884,1.041357811687467
70.833650467,3.755011201796455,0.0973983907303794,-0.1008078099744655,3.255060931556052,-1.9764591006092749,-2.9350330186100084,-1.6586295300739602,2.088134815353968,1.0490214642823563
70.850180175,3.755011678150185,0.0973980325534281,-0.1008006361514113,3.262667052431653,-1.9787619805554544,-2.9319257434121573,-1.6654109767691194,2.083991349227465,1.0521287394802084
70.88281825700001,3.7550131088161,0.097398269323846,-0.1007886684776029,3.2794189091652024,-1.9793221845278417,-2.9184799200381164,-1.676979546595616,2.071862593121354,1.0655745628542483
70.883629623,3.755014062448936,0.0973980298066134,-0.1007814738781422,3.279854466702565,-1.9792921484126327,-2.918065052183156,-1.6772470502494992,2.07151755061422,1.0659894307092088
70.916221187,3.755014062472437,0.0973980298066027,-0.1007742981055128,3.2902641110937854,-1.9754099630553223,-2.906740653372683,-1.6812787841015187,2.0611649093258015,1.0773138295196816
70.91677708600001,3.7550140628176174,0.0973982682249914,-0.1007719026490183,3.2905554470453957,-1.9754324273844315,-2.9064387787700277,-1.6814894701281649,2.060962442832378,1.077615704122337
70.93373392800001,3.7550140625429416,0.0973980298065705,-0.1007671111962892,3.2994422011146187,-1.9761176671120324,-2.8972305593974372,-1.6879161225693569,2.054786514580589,1.0868239234949275
70.966231933,3.755015016352777,0.0973981479170766,-0.1007623279337141,3.3102005314847847,-1.974610413985617,-2.8876286049592137,-1.6939523254631905,2.0457544750011136,1.096425877933152
70.967046165,3.755015970068607,0.0973982660276255,-0.1007599328121795,3.310589345396515,-1.974615961420961,-2.8872286397126548,-1.6942152707046683,2.04546800190992,1.09682584317971
70.98358352800001,3.755016446559675,0.0973980270598847,-0.100757540081358,3.3184863044914286,-1.974728631952216,-2.87910519274698,-1.699555789018195,2.039649623979755,1.1049492901453846
71.016820401,3.755015970021604,0.097398266027647,-0.1007527501019239,3.3311840846185143,-1.9639561484277372,-2.859303865214617,-1.6999684496538263,2.0230030107313857,1.1247506176777478
71.03281398700001,3.7550150160472575,0.0973981479172161,-0.1007479673694617,3.334423484519606,-1.9628901786790725,-2.85535195450021,-1.7013291674908957,2.0198759593739335,1.1287025283921555
71.033704955,3.7550164473440417,0.0973985038966191,-0.1007479517552719,3.334603944464677,-1.9628307958155282,-2.855131802122541,-1.7014049701313945,2.0197017581226433,1.1289226807698238
71.066154307,3.755013586322879,0.0973986264020071,-0.1007455690527183,3.348222343435455,-1.960932637410294,-2.8424841600426607,-1.7090531873119907,2.0082750976386223,1.141570322849704
71.082834933,3.7550164471325287,0.0973985038967157,-0.1007407696020955,3.3600716374961315,-1.961706470980918,-2.8355558038374262,-1.7175179043705118,1.9999472435782661,1.1484986790549385
71.083490713,3.755017877343097,0.097398263830249,-0.1007431733780214,3.3606182831824944,-1.9617746926054116,-2.8352915226097704,-1.7179326795477965,1.9995847008238548,1.1487629602825944
71.116276857,3.755016446669841,0.0973982654783807,-0.100740784639264,3.378047851230133,-1.9621399002903508,-2.8239897314719684,-1.729806830126451,1.986820384664505,1.1600647514203963
71.133115473,3.755017401271384,0.0973986220070715,-0.100740762153934,3.3829458506666352,-1.9606084510657382,-2.8181709105597736,-1.7319241777217003,1.9821457109466465,1.165883572332591
71.133941508,3.755016447049535,0.0973981462689341,-0.1007407639333522,3.383333138440716,-1.960539670648622,-2.817791452532653,-1.7321306374336851,1.9818109021160306,1.166263030359712
71.150366847,3.755015970252948,0.0973983852368145,-0.1007407771749293,3.3910341837714957,-1.9591720026107164,-2.8102460982417234,-1.7362359970845271,1.9751533772617123,1.1738083846506413
71.16684341300001,3.755016924042952,0.0973983841380564,-0.1007359819201034,3.3992296340197865,-1.957617446482046,-2.802678072511334,-1.7405309747046798,1.9680024880322677,1.1813764103810307
71.183240638,3.755017400279175,0.0973980259611588,-0.1007359845819697,3.407674088140943,-1.9559583815443353,-2.7951470176579347,-1.7449137029239359,1.960596207236349,1.188907465234431
71.216251771,3.755016923423096,0.0973979073012469,-0.1007287885003314,3.416126436423022,-1.9529376801415828,-2.785960454325285,-1.7482855181507482,1.9522776923134564,1.1980940285670805
71.21686469000001,3.7550178769347538,0.0973977869933428,-0.1007264006338895,3.4164562367415776,-1.9528882093075497,-2.7856779859795644,-1.7484681230581849,1.951998638445324,1.1983764969128003
71.23356208700001,3.7550188303090737,0.0973975474762283,-0.1007192137292319,3.4254407956304433,-1.9515405040548741,-2.7779828645876847,-1.7534427226930345,1.9443965356869723,1.20607161830468
71.25061787700001,3.755018830198908,0.0973973090577322,-0.1007096237076778,3.4339123599840904,-1.949340758401635,-2.770055792104726,-1.7574399948423718,1.936610130938884,1.2139986907876388
71.28286652700001,3.7550178770250886,0.0973979062025747,-0.1007024524940558,3.448478394557315,-1.9441430839501619,-2.754801855766674,-1.7632566082849106,1.9222800161119904,1.2292526271256907
71.299507437,3.755020260770817,0.0973975458281931,-0.1006952582329601,3.4559369452040634,-1.9420986919849221,-2.74678688927437,-1.7666955285087806,1.9153530150327713,1.2372675936179949
71.316220654,3.755021214674658,0.0973976639386562,-0.1006904587526671,3.4595652383945064,-1.940676601109368,-2.742387145142761,-1.7680493369470076,1.911698694761266,1.241667337749604
71.332978036,3.7550216910247176,0.0973974249709798,-0.1006832825973841,3.4644489338677706,-1.9389856652640136,-2.737314625114598,-1.7700381411093682,1.9069285371629823,1.2467398577777669
71.34955795900001,3.755022168276651,0.097397662839984,-0.1006784755020118,3.4735205555171316,-1.9364456273047101,-2.7297512741890877,-1.7741808732513982,1.898467811273128,1.254303208703277
71.36671704700001,3.7550226449917226,0.0973977814999604,-0.10067369897722,3.48208963354585,-1.933570625839994,-2.72156718098669,-1.7777391205603306,1.8901591647062759,1.2624873019056757
71.366753656,3.75502216791164,0.0973973052123313,-0.1006736867043053,3.4821061834179603,-1.9335639714612731,-2.7215489664446446,-1.7777451705556833,1.8901423844625573,1.262505516447721
71.39952997200001,3.755023121855143,0.0973976617413226,-0.1006665026693798,3.4950955973376256,-1.9281031171150091,-2.708407401304589,-1.7823159347881559,1.8768136966614775,1.2756470815877758
71.41619579900001,3.755023121694304,0.0973975425321229,-0.1006617096915142,3.500820286752778,-1.9257607205124487,-2.7033106631507717,-1.784378352980509,1.8709822884315988,1.280743819741593
71.417258715,3.7550231218316417,0.0973976617413333,-0.1006569095805227,3.5013244471726894,-1.9256287678425248,-2.702762014127166,-1.7846154619095507,1.8705182102141897,1.2812924687651996
71.449574873,3.7550226448308823,0.0973976622907607,-0.1006545266253443,3.5141722277400738,-1.9221497236388043,-2.68888558693855,-1.7905709443531044,1.8586143686937544,1.2951688959538146
71.45022344,3.755023598899234,0.0973977804011486,-0.1006521230969526,3.5143206487368572,-1.9221034047718484,-2.6887308135347556,-1.7906351704368508,1.8584727733552406,1.2953236693576091
71.467021739,3.755024075366801,0.0973975414334185,-0.1006497263221786,3.518221613206266,-1.9208704462643835,-2.6846451096072066,-1.7923116228777736,1.8547408545878983,1.2994093732851582
71.499659761,3.755023121996152,0.0973976617412582,-0.1006449193372192,3.533348243267375,-1.914921108216291,-2.6679069255549006,-1.7979404296145294,1.8394920482432566,1.3161475573374641
71.500210752,3.755024552109044,0.0973975408841092,-0.1006425313903924,3.533646611437686,-1.9148482867561247,-2.6676531435568718,-1.7980846862162738,1.8392209088640277,1.3164013393354939
71.51679843000001,3.7550245519680354,0.0973975408841737,-0.100640143200768,3.5426290360772854,-1.9126559842816167,-2.660012993235849,-1.8024275558078298,1.8310582116225174,1.3240414896565156
71.533456222,3.7550245526187354,0.0973977793024228,-0.1006377291331979,3.551606722095473,-1.9080862881015939,-2.650901568122576,-1.804993060259629,1.8213165918225729,1.333152914769789
71.566228139,3.755024552521058,0.0973978985117406,-0.1006353396044863,3.5632077694079656,-1.9022162528428772,-2.6387316491197543,-1.8083343241455392,1.808751657746742,1.3453228337726113
71.58286485,3.7550245525048975,0.0973976600932016,-0.1006377317519466,3.5671805604118436,-1.901078217705794,-2.634867067782352,-1.810129426108182,1.8050293196001665,1.3491874151100127
71.58348091500001,3.755024552454224,0.0973977793024979,-0.1006353395948001,3.567333211890665,-1.9010432590283006,-2.634723424324216,-1.810204946045725,1.804892128776305,1.3493310585681488
71.616176146,3.755024552528399,0.0973976600931909,-0.1006329359478648,3.5813804392817716,-1.8956855650269804,-2.6202307489721903,-1.8155568070616055,1.7908426780377193,1.3638237339201744
71.617262597,3.755024552410892,0.0973976600932445,-0.1006305406616653,3.582130889408788,-1.8953404376086898,-2.619421437619776,-1.8157987643096942,1.7900529027417695,1.3646330452725888
71.63358827500001,3.7550245524615655,0.0973975408839482,-0.1006305363037787,3.592052294167989,-1.8907386449914523,-2.6087375217670825,-1.8189684809629267,1.7795856364307325,1.3753169611252822
71.650559364,3.755025029317645,0.0973976595438601,-0.1006305455927166,3.5960922457912767,-1.8886596295616813,-2.6044695227768404,-1.8201060483132108,1.7751868349122166,1.3795849601155243
71.682913485,3.75502646012824,0.0973977771049389,-0.1006281375306736,3.6104166804310913,-1.8814779187833053,-2.5893941501124225,-1.8242811915186317,1.7597163928801092,1.3946603327799423
71.683510243,3.755025982970312,0.0973975392358916,-0.1006281393836403,3.610587233547848,-1.8814106293124164,-2.589246019050927,-1.8243444993256874,1.7595443220804547,1.3948084638414375
71.716230552,3.75502550625157,0.0973975397851902,-0.1006281402349601,3.6211370111276744,-1.8765887212404253,-2.5792571960432475,-1.827768209633366,1.7484615962349042,1.4047972868491172
71.71709268500001,3.755025983194314,0.0973978968636088,-0.1006257545936337,3.6215255397645616,-1.876357194715359,-2.578821777068896,-1.8278540404747514,1.748017533063545,1.4052327058234688
71.733748092,3.755024552736242,0.0973977793023691,-0.1006233413670742,3.6290314612156784,-1.871884371489461,-2.5704099888259577,-1.829512192519056,1.7394387489866234,1.413644494066407
71.766241418,3.7550255062008966,0.0973976589944865,-0.1006185465701632,3.6432783238620745,-1.8638255206024148,-2.554635191288668,-1.832981105997916,1.7234423490115947,1.429419291603697
71.78288879,3.75502550659308,0.0973978974128537,-0.1006209451372157,3.6495203172794377,-1.8635833426318784,-2.550976095533951,-1.8369552156709563,1.7186228485915855,1.4330783873584139
71.799608921,3.7550259828058015,0.0973975392359668,-0.1006185535620344,3.6559973969575545,-1.8600546382503356,-2.544039401309944,-1.838633123040382,1.7114403042910873,1.4400150815824215
71.80054253,3.7550255062008966,0.0973976589944865,-0.1006185485687747,3.656367281226552,-1.8597276301874668,-2.5435230438685394,-1.8386352873276213,1.7109465999651048,1.4405314390238253
71.81722281500001,3.7550255066870855,0.0973978974128108,-0.1006209435693384,3.6627495446031033,-1.8540708661381977,-2.534551108456516,-1.8386619453787305,1.7024183202637184,1.4495033744358494
71.83386081900001,3.755026459896895,0.0973976578957714,-0.1006185497038184,3.6648508029985485,-1.8519289896998994,-2.5303810404910507,-1.8384621528007634,1.6994244925386888,1.453673442401314
71.850957518,3.7550245526187354,0.0973977793024228,-0.1006161519644654,3.6700514171477696,-1.8489512694481696,-2.524296257975889,-1.8397016001202453,1.6935613043471953,1.4597582249164756
71.883158697,3.755025506546077,0.0973978974128752,-0.100616146465535,3.680984128506518,-1.8425596827417887,-2.5111720492348297,-1.8422087756132104,1.6811479796786641,1.472882433657535
71.899512128,3.755026936733144,0.0973976573464192,-0.1006161523239676,3.6840086123841136,-1.8393641211153473,-2.505562584526494,-1.841837158975884,1.676763801544842,1.4784918983658706
71.91621809200001,3.755026936780147,0.0973976573463977,-0.1006161514207681,3.69228151219267,-1.8341071463311236,-2.4973649775698235,-1.8434206332054899,1.667090680823557,1.4866895053225413
71.91711264700001,3.7550264599674,0.0973976578957392,-0.1006161456264828,3.6927245015279913,-1.8338256508677004,-2.496926019944204,-1.8435054235707433,1.6665727137965214,1.4871284629481618
71.949514249,3.7550255066437535,0.0973977782035574,-0.1006185399520529,3.7079443202171043,-1.822837253362534,-2.479742143658095,-1.8454356895759578,1.6479002251083432,1.5043123392342697
71.966239849,3.755025506271401,0.0973976589944543,-0.1006161506253884,3.7145750263630894,-1.821334830863385,-2.475977510346355,-1.8487280367978185,1.6419517810150477,1.5080769725460108
71.98296469900001,3.755026460124568,0.0973978963142137,-0.1006185586875188,3.7217768677378884,-1.819200098948747,-2.4705450361923553,-1.851928664977223,1.6351562252031704,1.5135094467000094
71.99948042,3.755027413918244,0.0973977760061808,-0.1006185450316936,3.7297026426985345,-1.8161912609071627,-2.462804467736545,-1.8549588318940153,1.6272385801275393,1.52125001515582
72.00036913400001,3.755025982966641,0.0973976584451665,-0.1006161524532755,3.730129130114281,-1.816029354775948,-2.462387946317059,-1.8551218857359477,1.6268125301824086,1.5216665365753066
72.01718164100001,3.755025506291232,0.0973977782037184,-0.1006137562147329,3.7345822495775853,-1.8126659808716779,-2.456853091651414,-1.8555759727796777,1.6212504836228134,1.5272013912409506
72.033651534,3.755026936874153,0.0973976573463547,-0.1006137423449063,3.741839751708472,-1.8073248126773773,-2.449182486337982,-1.8564207380705748,1.6122790965247706,1.534871996554383
72.050397805,3.755025983037145,0.0973976584451343,-0.1006137553006098,3.7512907071138737,-1.8007899283663222,-2.4399476183021678,-1.857834675158133,1.6008761998337453,1.5441068645901979
72.082872025,3.755025506224398,0.0973976589944757,-0.1006161564433498,3.7632067499304367,-1.795227010936261,-2.429482192769357,-1.8616148058863322,1.5882806157497273,1.5545722901230086
72.09956798900001,3.75502598328832,0.0973978968635659,-0.1006161616462249,3.773837564959173,-1.7916902928442535,-2.421994511884205,-1.8660515737305068,1.5779928708979905,1.5620599710081606
72.11633744400001,3.755026460269248,0.0973977771048745,-0.1006161403711985,3.7761031777682614,-1.7894165261222148,-2.417189920142623,-1.8658627523758993,1.5747885982811554,1.5668645627497426
72.117440536,3.755026459920397,0.0973976578957606,-0.1006113522540238,3.7762275052421876,-1.7892707128466332,-2.4168818513152672,-1.8658366900559873,1.574598757327751,1.5671726315770975
72.133764672,3.755025983037145,0.0973976584451343,-0.1006113538100713,3.7808263300566685,-1.7855533600166995,-2.409711257052595,-1.8661235937827616,1.5686923550397192,1.5743432258397707
72.14996377,3.7550259833823256,0.097397896863523,-0.1006137576699257,3.787484698295951,-1.7805671590516738,-2.4009639019355307,-1.8668344653852467,1.5604043679959139,1.583090580956835
72.18289219500001,3.755027413773565,0.0973978952155201,-0.10061135216215,3.798852756090245,-1.7707063621234158,-2.3881291839988332,-1.8670424032656237,1.5453569490839325,1.5959252988935315
72.19953301400001,3.7550264600144025,0.0973976578957177,-0.1006161486473595,3.80471110698601,-1.7660716147678028,-2.379278068218028,-1.8674830454471065,1.5378999394462713,1.6047764146743368
72.21634004100001,3.7550255063852376,0.0973977782036755,-0.1006137490747919,3.806407728270106,-1.7625583506621896,-2.3744811831320316,-1.8659904705007757,1.534295252429757,1.6095732997603331
72.217240657,3.755026936686141,0.0973976573464406,-0.1006137584064579,3.806498642878287,-1.7623700900099204,-2.3742241387744194,-1.8659104898547132,1.5341020928184799,1.6098303441179453
72.23389033400001,3.755026936890313,0.0973978957648937,-0.1006137625328098,3.813138231586438,-1.7582828583653518,-2.3665959675538604,-1.8672797477401022,1.5264264994490346,1.6174585153385053
72.250190083,3.755026937034992,0.0973977765555545,-0.1006161432302927,3.820143561077434,-1.754037238930449,-2.3592111067148522,-1.868774250512343,1.5183725322820287,1.6248433761775125
72.26687555800001,3.7550250293683183,0.0973975403345638,-0.1006161474083805,3.824035634254855,-1.7495648450771912,-2.3546407974529355,-1.8680272457621454,1.5124909913019593,1.6294136854394292
72.28515669400001,3.75502646012824,0.0973977771049389,-0.1006137474311043,3.8280043285223453,-1.7438974796838733,-2.347425117959135,-1.866439453935607,1.5057568631619722,1.6366293649332295
72.300306812,3.755025506220728,0.0973977782037506,-0.100613760768904,3.831208586789194,-1.7389808633435984,-2.34081236015491,-1.8649031044300401,1.5000929407159223,1.6432421227374547
72.316911282,3.755026936964488,0.0973977765555867,-0.1006137490860656,3.8388415209401585,-1.7346770147701116,-2.3340035197808344,-1.8667719027220486,1.4915318432839189,1.6500509631115303
72.33393371800001,3.75502646014807,0.097397896314203,-0.1006137527376747,3.84810410491442,-1.7306432102978775,-2.327176320931434,-1.869926970551949,1.4819343130084164,1.6568781619609307
72.350259878,3.7550255065225753,0.0973978974128859,-0.1006161519494769,3.8582043473860077,-1.7267275423249175,-2.3226422339030206,-1.8737277703986015,1.4717902864811925,1.661412248989345
72.38288988500001,3.755026936870482,0.0973977765556296,-0.1006137495347259,3.869136810939128,-1.7206119741992825,-2.3142659790760893,-1.876440769207226,1.4595608723372533,1.6697885038162763
72.39950936400001,3.755025983150982,0.0973977776543555,-0.1006137561068588,3.8759489985117943,-1.7140737986102113,-2.3041865044741314,-1.876095813312105,1.4501250552031022,1.6798679784182333
72.41620953600001,3.7550264604065857,0.0973978963140849,-0.1006161398546603,3.8842711667157905,-1.7060351421427096,-2.292008226963973,-1.8756361572981706,1.4385636021038168,1.6920462559283926
72.41711593400001,3.755023598989569,0.0973978996103805,-0.1006113632480375,3.8845063934893194,-1.7058277535106348,-2.291764700606538,-1.8756379599093123,1.4382500125148765,1.6922897822858278
72.449575225,3.755026937447006,0.0973981341831858,-0.1006161469183952,3.8947110531058513,-1.6970346919278074,-2.2804912960715935,-1.875868341677243,1.424781533234361,1.7035631868207712
72.45020805200001,3.7550269367096423,0.0973976573464299,-0.1006161523862807,3.894985495545991,-1.6968053483617134,-2.280163312128587,-1.8758798627023618,1.424424063808761,1.7038911707637787
72.46676805700001,3.755025983178154,0.0973976584450699,-0.1006185481762546,3.901853843419836,-1.6909682716256076,-2.271950576175888,-1.8760955075402852,1.4154130058995467,1.712103906716477
72.484164487,3.755025983103979,0.0973977776543769,-0.1006137570287927,3.9055882629118437,-1.686663240854623,-2.2674337496991113,-1.8753684645399646,1.4097605208392305,1.7166207331932544
72.50014651000001,3.755025983405827,0.0973978968635122,-0.1006137432912241,3.9104430035275626,-1.6817467846379979,-2.2612173395748236,-1.8749308411712184,1.4028649763383931,1.7228371433175411
72.53284713100001,3.755027414051911,0.0973980144246661,-0.1006137483896271,3.920722742491881,-1.6720740724521763,-2.247985233749513,-1.8745547286198008,1.3887549468007583,1.7360692491428527
72.53349386400001,3.7550264601517407,0.0973977771049281,-0.1006161462944294,3.9208634219790475,-1.671939877400977,-2.2478142039526965,-1.8745482211470028,1.3885606360118823,1.7362402789396683
72.550408075,3.755025506620252,0.0973977782035681,-0.1006185410956186,3.9248328167096465,-1.6675091415793721,-2.242080937776546,-1.8738837724825026,1.38264911992712,1.741973545115819
72.567137353,3.7550259834491593,0.0973980160727656,-0.1006137518146893,3.9292769090140838,-1.6614821895303327,-2.2341600718790735,-1.8723440649375913,1.3753208590087354,1.7498944110132921
72.599752381,3.7550259831708126,0.0973978968636196,-0.1006161579637045,3.9422629199010886,-1.6498800721503897,-2.2193470150067824,-1.8723294374216901,1.3579069165346385,1.7647074678855823
72.616217987,3.755025983385997,0.0973977776542481,-0.1006161398206762,3.9458044464252326,-1.6442115861790252,-2.2132701546027205,-1.8704564746769408,1.3514908309767961,1.7707843282896452
72.61683915100001,3.755024075876492,0.097397779851732,-0.1006137497599021,3.9459139689181737,-1.6439989266207293,-2.2130500551253283,-1.870370671438745,1.351267544012309,1.7710044277670374
72.633435495,3.7550278910960015,0.0973981330844921,-0.1006161462508325,3.951056185881772,-1.6388228808778176,-2.2060742586283153,-1.8699306727467095,1.3439846705420062,1.7779802242640503
72.650531001,3.755027890660487,0.0973977754568715,-0.1006161460248448,3.9586147096097104,-1.6340356976811905,-2.197790278577531,-1.8713892364899873,1.335157383545954,1.7862642043148345
72.682911673,3.7550259828058015,0.0973975392359668,-0.1006161558010465,3.9645181640025693,-1.6249958874547406,-2.1868222069413186,-1.8685724726832302,1.3247345823698913,1.7972322759510462
72.683684095,3.755025983640841,0.0973978968634049,-0.1006185389217841,3.964730165324246,-1.624706536483828,-2.186383780521904,-1.8684976486066454,1.3243837691684235,1.7976707023704606
72.700625437,3.755025983037145,0.0973976584451343,-0.1006137472237494,3.9693968552635077,-1.618439542666147,-2.1770229168572497,-1.866926968854607,1.3167296087561644,1.807031566035116
72.73294903,3.755027413616396,0.0973976567970455,-0.1006137474665987,3.979622819210814,-1.6056038428346944,-2.1644352552394297,-1.8641545749635964,1.3005543387142813,1.819619227652936
72.734214181,3.755026459920397,0.0973976578957606,-0.1006137473712436,3.980090249533872,-1.604804161387534,-2.1636869473720255,-1.8638689199952467,1.299673212864641,1.8203675355203401
72.750464867,3.755025029435152,0.0973976595438065,-0.1006161556979798,3.9857612406603495,-1.5967672569784654,-2.1553250036164524,-1.8616458748240592,1.2900914571276192,1.8287294792759123
72.782873272,3.755025983174483,0.0973977776543447,-0.1006161548087015,3.9960793684261717,-1.5891840666046217,-2.1432678823272724,-1.8628546917016098,1.277343622072429,1.8407866005650924
72.783567956,3.755026936846981,0.0973977765556403,-0.100616153453426,3.996356972797749,-1.5887088732815375,-2.1428307396847384,-1.8626848436454142,1.276820148559031,1.8412237432076264
72.81623095500001,3.755026936733144,0.0973976573464192,-0.1006137538130176,4.005035019006863,-1.5783892791155083,-2.1296885858685233,-1.86075984245758,1.2634748542503278,1.8543658970238415
72.832833151,3.7550264599167273,0.0973977771050355,-0.100613758320472,4.0066881665519025,-1.5755071220513968,-2.1252002732420117,-1.859709315303216,1.260322693270013,1.858854209650353
72.83344824400001,3.7550264601950727,0.0973978963141815,-0.1006137508479366,4.0067494138400885,-1.5754003413197961,-2.12503398622321,-1.8596703944340152,1.2602059091919373,1.8590204966691548
72.850591851,3.755025983362495,0.0973977776542589,-0.1006185455452411,4.012860100946912,-1.5676443967638962,-2.117145928061216,-1.8579496989067956,1.2504830300003449,1.8669085548311486
72.866801118,3.755026459920397,0.0973976578957606,-0.1006185510830993,4.019847638535716,-1.558688547763237,-2.1085413039133787,-1.8559171897414357,1.239307081746604,1.875513178978986
72.89961166900001,3.7550259831274806,0.0973977776543662,-0.1006185575118768,4.026929674249446,-1.5461184678716287,-2.094634701967439,-1.8512503383024295,1.2256548791412294,1.8894197809249267
72.916222942,3.75502646012824,0.0973977771049389,-0.1006185502711631,4.033419565208482,-1.538005534256089,-2.086409117993263,-1.8495156360950178,1.215411384387878,1.8976453648991018
72.93292019900001,3.755025982966641,0.0973976584451665,-0.1006185555455329,4.037025463010621,-1.5352542408924583,-2.081730454728488,-1.8498625749396203,1.210889023547528,1.9023240281638767
72.934082925,3.755026937101826,0.0973978957647971,-0.1006161492683824,4.037043844105689,-1.5350962411756761,-2.081383643495359,-1.8497568972370244,1.2107701370540427,1.9026708393970058
72.966282632,3.7550264600144025,0.0973976578957177,-0.10061854709768,4.04364745431859,-1.525389567788612,-2.0685189201268352,-1.8469085071484321,1.1993809382239986,1.9155355627655304
72.967381677,3.755026459920397,0.0973976578957606,-0.1006161491231582,4.044239994402284,-1.5247371037977122,-2.0678834103273553,-1.8468159947306146,1.198504436961732,1.9161710725650103
72.983763322,3.755025506455742,0.0973977782036433,-0.1006161473413819,4.0506553332765,-1.5169632113573877,-2.0602134539559662,-1.845284689614783,1.1885422544103537,1.9238410289363994
73.000362713,3.755025506271401,0.0973976589944543,-0.1006161454898521,4.05355417624387,-1.5120577282504999,-2.0551533118274357,-1.8435533558044654,1.1831136691159436,1.928901171064929
73.03336528,3.755026937011491,0.0973977765555652,-0.1006137427297172,4.059188741966109,-1.505240995050259,-2.0459910518267206,-1.8422166591789941,1.1743712767355396,1.938063431065645
73.034055796,3.7550264601752414,0.0973977771049174,-0.1006185443699858,4.059315533545127,-1.5050288755824253,-2.0457500180928996,-1.8421427537823702,1.1741354616268338,1.9383044647994652
73.050021779,3.7550264597323855,0.0973976578958465,-0.1006161622693798,4.06207107095991,-1.4999480036172095,-2.0402893721962787,-1.8401851419320305,1.1686970793108693,1.943765110696086
73.08350610400001,3.7550269367566456,0.0973976573464084,-0.1006137475777402,4.073656181419741,-1.4854825297194192,-2.0258130187676393,-1.8371011591237738,1.1504226772825539,1.9582414641247254
73.083520381,3.7550255059695528,0.097397539785319,-0.1006137572600033,4.073664366014205,-1.4854748674744698,-2.025805111066112,-1.8371008888047875,1.1504114690484446,1.9582493718262537
73.100283714,3.755026459893225,0.0973977771050462,-0.1006161622466974,4.080570401415754,-1.4768235192605534,-2.0152271271032065,-1.835241373610161,1.139499028710608,1.9688273557891591
73.117424286,3.7550259831979846,0.097397777654334,-0.1006137558827812,4.083312327678692,-1.4708948338960919,-2.0060837137551824,-1.832641992191291,1.133506476164205,1.9779707691371833
73.149632319,3.755025983201656,0.0973976584450591,-0.1006137463723912,4.091944826059711,-1.4607840169050417,-1.9962035628556203,-1.8308424801848955,1.1203341413269925,1.9878509200367454
73.150547613,3.755026936917485,0.0973977765556081,-0.1006113468649652,4.0923595188875925,-1.4603985365814585,-1.9959424765349008,-1.830830833371543,1.1197680763368147,1.9881120063574649
73.16699316100001,3.755026460124568,0.0973978963142137,-0.1006113588439669,4.0954275658945365,-1.4554031856894722,-1.9912264463277811,-1.8291450595496697,1.1141533982879523,1.9928280365645836
73.18363819800001,3.7550259834763313,0.09739789686348,-0.1006161486881623,4.098472930319626,-1.450070195766934,-1.9841507580848061,-1.8271922129545612,1.1083309060233404,1.9999037248075595
73.20020168,3.755025983174483,0.0973977776543447,-0.1006137500848445,4.101969352069012,-1.4441238264033642,-1.974706940222922,-1.8250818472849386,1.1017635145778684,2.0093475426694436
73.23299592000001,3.7550231222744985,0.0973977809504042,-0.1006137504351608,4.110787938608036,-1.4289516050812354,-1.964274884137084,-1.8196289554172558,1.0850832945951083,2.0197795987552816
73.249753602,3.7550274139380746,0.0973978952154449,-0.1006137520690851,4.114511186862998,-1.4202472303093163,-1.956238577564017,-1.8156113163126406,1.076510821570177,2.0278159053283478
73.251119836,3.755027890821326,0.0973978946660712,-0.1006161496748723,4.114685293451592,-1.4196208515602353,-1.9553418767477986,-1.815259750002689,1.0759639536051262,2.028712606144566
73.267534835,3.755026936474629,0.0973976573465372,-0.1006161676414863,4.116786574347267,-1.412011110860011,-1.9458653550286282,-1.810979392562488,1.0693305476088604,2.0381891278637365
73.299606377,3.755026937081995,0.097397776555533,-0.1006161429160884,4.121888911581538,-1.3972620764995654,-1.9320147515043322,-1.8033686801876962,1.0557053901064304,2.0520397313880334
73.30049762600001,3.755023122328842,0.0973975425318331,-0.1006137357708356,4.122073608910613,-1.3968796204678877,-1.9315021911214023,-1.8032061989984585,1.0553129801388224,2.0525522917709633
73.31644967300001,3.755027414145917,0.0973980144246232,-0.1006137465086842,4.125347654938243,-1.3909345879229615,-1.9239315393213792,-1.8009488115526544,1.0489124339690963,2.0601229435709865
73.333646762,3.755027890429143,0.097397656247704,-0.1006137502730502,4.12883223724526,-1.3862181299929004,-1.9189369644917562,-1.7997484284982925,1.0431725411318373,2.0651175184006085
73.366187028,3.7550264600144025,0.0973976578957177,-0.1006161447084862,4.132873661909953,-1.3795076550633951,-1.9086805076471105,-1.797430592032757,1.0356898129382612,2.0753739752452542
73.382852204,3.7550264602457455,0.0973977771048852,-0.100616141126875,4.136570988412474,-1.369985997548147,-1.9003480262709092,-1.79278577362511,1.0265926789355158,2.0837064566214565
73.384029548,3.75502550643224,0.097397778203654,-0.1006137517860344,4.137018978307712,-1.3688084818107253,-1.8995523707920947,-1.7922052068699412,1.0254745642272218,2.084502112100271
73.40106237500001,3.755026460308909,0.0973980155234027,-0.1006137522461114,4.140456231197783,-1.3572382292860943,-1.889956783656511,-1.7858584425196824,1.0152079175888926,2.0940976992358546
73.41718311300001,3.755026937128998,0.0973977765555115,-0.1006161412839304,4.138977472430221,-1.356012787577649,-1.8844354837836672,-1.78395961224882,1.0154958038092925,2.0996189991086975
73.433408881,3.7550235992245833,0.0973978996102732,-0.10061135469471,4.143702442614361,-1.3568392355195906,-1.8812355297321304,-1.7877214478210584,1.0125197405422903,2.1028189531602344
73.450083465,3.755026937054823,0.0973978957648186,-0.1006137534614936,4.1470400818935085,-1.34250003999691,-1.8706927881837752,-1.779241959929073,1.0004843490120972,2.1133616947085905
73.48284733700001,3.755027890335137,0.097397656247747,-0.1006137560106677,4.153610160133027,-1.331347927150142,-1.8574316758672795,-1.7752925416312846,0.9881580501300506,2.126622807025086
73.483636511,3.75502693666264,0.0973976573464514,-0.1006137569077509,4.153839653491624,-1.3308062721022398,-1.8571388625126106,-1.7750410702313903,0.9876262423380866,2.126915620379755
73.500398742,3.755026936803648,0.097397657346387,-0.1006113459530987,4.158670080642503,-1.3194401193494325,-1.8509445122895771,-1.7697739575523093,0.9764557464276109,2.1331099706027885
73.51690503500001,3.7550231222708272,0.0973979001596791,-0.1006137668973123,4.16029470199379,-1.3181080082173224,-1.8466267901642546,-1.7698612171178971,0.9743566274763458,2.13742769272811
73.549499263,3.755027414095244,0.0973981336339195,-0.1006137568844402,4.167878204492827,-1.30245381526326,-1.8302620903416607,-1.763226531461855,0.9582773173716981,2.153792392550704
73.550565786,3.7550278908014953,0.0973977754568071,-0.1006161402232959,4.168051380053929,-1.3022947254608257,-1.8299929353921884,-1.7632230757178764,0.9580421846474017,2.154061547500177
73.58296186700001,3.755022645552086,0.0973979007089776,-0.1006137501063137,4.1719627124872956,-1.2961867417599784,-1.8216026900809013,-1.7612682758589226,0.9510575770130703,2.1624517928114635
73.583777923,3.7550278907743233,0.0973978946660927,-0.1006113457169993,4.172032939308612,-1.2960061218989047,-1.8213868390711303,-1.7611802270510415,0.9508849422886456,2.1626676438212353
73.616198059,3.75502598361734,0.0973978968634156,-0.1006161406354904,4.179783736023734,-1.2701946946873741,-1.8030391836344624,-1.7470767152153068,0.9279198475073347,2.1810152992579024
73.616922851,3.755025983519664,0.0973980160727334,-0.1006137555897034,4.180001783794116,-1.2702022306897693,-1.8028764583964687,-1.7472274778322556,0.9277621381073895,2.181178024495896
73.649473536,3.755026936866811,0.0973978957649044,-0.1006137582813748,4.187713068490669,-1.26508838333416,-1.7943228992106945,-1.7485439392468942,0.9186034113513641,2.18973158368167
73.66621892500001,3.7550274137067303,0.0973977760062774,-0.1006185482205918,4.191102511227758,-1.2579842664235277,-1.7868323246012832,-1.74549835687354,0.9113452278902598,2.1972221582910816
73.66728330400001,3.755025983131151,0.0973976584450913,-0.1006185487519042,4.191338257006002,-1.2574779162410292,-1.7862682395359242,-1.7452773947144942,0.9108322539108555,2.1977862433564415
73.699559045,3.7550264602185743,0.0973978963141708,-0.100616151874768,4.194645442932128,-1.2467494694834365,-1.7741873198360674,-1.7394722804103426,0.9012230033419395,2.2098671630562983
73.70022335200001,3.755026937356671,0.0973980149739539,-0.1006185376984192,4.194659456798373,-1.2465937475285374,-1.7740093650117634,-1.739365395616959,0.9011088921828527,2.210045117880602
73.73286559200001,3.7550235991305776,0.0973978996103162,-0.100613753843588,4.200552017910131,-1.2319852264582483,-1.7579092962860416,-1.7323855409077042,0.8869875327385723,2.226145186606324
73.733713628,3.7550269376783496,0.0973982533923533,-0.10061613963272,4.200622120384676,-1.2316336770957528,-1.7576114350761625,-1.732169847372068,0.8867012154147984,2.2264430478162023
73.75014065,3.755025506546077,0.0973978974128752,-0.1006161507109629,4.201935620149011,-1.2221549381216144,-1.7513071088968308,-1.7259703174665257,0.8794116610305411,2.232747373995535
73.76691053500001,3.755026936913814,0.097397895764883,-0.1006161575954698,4.203081289565016,-1.200750078393764,-1.7425222147170008,-1.7107588014516706,0.864309000373904,2.241532268175364
73.799564828,3.755026459940228,0.0973977771050247,-0.100616153835758,4.207851497205791,-1.195532620663836,-1.7314860377992343,-1.7100402779741275,0.8572761865620704,2.2525684450931305
73.800174751,3.755025983268489,0.0973977776543018,-0.1006161427531336,4.207991213696201,-1.1947487551242648,-1.7310476617933794,-1.7095482907864743,0.8566501558208093,2.2530068210989853
73.81700546200001,3.755026460104738,0.0973977771049496,-0.1006161457560915,4.210578220702738,-1.1782097581011186,-1.7211018268479856,-1.6989274845667937,0.8437107005375486,2.26295265604438
73.849575415,3.755025506452071,0.0973978974129181,-0.1006161524476583,4.211441439093552,-1.1690104146448828,-1.7105642281629168,-1.6926367433581304,0.8369431573303232,2.273490254729449
73.85002396,3.755026936960817,0.0973978957648615,-0.1006161488815395,4.211456822202519,-1.1689454658971217,-1.7104338318032246,-1.6925985125663918,0.836888445481148,2.273620651089141
73.86681743,3.755026459940228,0.0973977771050247,-0.1006185553318513,4.214836858856145,-1.1630906217819648,-1.7027875543037778,-1.690478981594652,0.8304688321086395,2.281266928588588
73.883683879,3.755025983362495,0.0973977776542589,-0.100618544710911,4.217945924795665,-1.155197602976072,-1.6951277739261936,-1.6866580277859637,0.8228947744855208,2.288926708966171
73.90009830700001,3.7550259831546526,0.0973976584450806,-0.1006185511153282,4.218214708172753,-1.1457738635125065,-1.689824622176026,-1.679804151054161,0.8164214844621851,2.2942298607163387
73.917016265,3.755026459689053,0.0973975386865931,-0.1006185569274274,4.218927275153458,-1.135178779697529,-1.6800853367024668,-1.6723715133501984,0.8088373266638511,2.303969146189898
73.94948759900001,3.755026459712554,0.0973975386865824,-0.10061615449374,4.220529498894005,-1.123557505575301,-1.6673384909328792,-1.6647652263089419,0.7999061716106262,2.3167159919594855
73.96621304,3.755026936893984,0.0973977765556189,-0.1006137500942477,4.222180761885314,-1.1162829204332336,-1.6622843616754084,-1.6604354457661539,0.7938316955914995,2.3217701212169572
73.96720864800001,3.7550255059423807,0.0973976589946046,-0.100611365156538,4.222279055894079,-1.1158498893900337,-1.6619835067370055,-1.6601777088163954,0.7934701029183668,2.3220709761553593
73.999611121,3.7539482039606495,0.0977010958791262,-0.1007167712046952,4.215760266682667,-1.0905604171270684,-1.6427345304912828,-1.6369654930986113,0.7815016000214641,2.341319952401083
74.000724643,3.7517403660813584,0.0976291336233651,-0.1020517624091586,4.215808893761486,-1.0901275280917864,-1.642390038499987,-1.6366748024466822,0.7811771675099259,2.3416644443923786
74.032906005,3.7486909023544457,0.0979628567926997,-0.1032315006500362,4.218887659113539,-1.0813900869434918,-1.633548067045151,-1.6322035008117446,0.7730636518969307,2.3505064158472138
74.033830788,3.744618736645887,0.0983939601548891,-0.1043819927877247,4.219034824197065,-1.0812713427984582,-1.6333330510742625,-1.6322128410957166,0.7728747855609037,2.350721431818103
74.050386294,3.739862871326504,0.0988991649529551,-0.1046056641352957,4.22084069385671,-1.0741120934399382,-1.6266184734326155,-1.6280720442763967,0.7667616997357083,2.35743600945975
74.08282223100001,3.734613060086178,0.099455125958124,-0.1036610693155293,4.222272920744131,-1.0589538308612727,-1.6127504307857832,-1.6177130045947252,0.7556030934099001,2.3713040521065825
74.082944063,3.728966546771328,0.1000330016817587,-0.1014332920513088,4.222277427521404,-1.0589322367495433,-1.6127182211192572,-1.617699889089188,0.755585356436729,2.3713362617731075
74.101215882,3.722994862923817,0.1006374780891683,-0.0980125589117696,4.2229574789966415,-1.0502814998464762,-1.6043599321096371,-1.6116966432379107,0.7493196754502605,2.3796945507827285
74.132896859,3.716749947622625,0.1012394082547864,-0.0934868110077251,4.223887329004738,-1.0363173153969183,-1.5914045000191273,-1.6018943290811873,0.7393307963564024,2.3926499828732375
74.14961550700001,3.710280421652235,0.1018239542023585,-0.0880807753589461,4.2245721950690385,-1.028053670049446,-1.5840204974070877,-1.59618316820386,0.7333191811501436,2.400033985485278
74.166205149,3.703690220107054,0.1023765718579987,-0.0821441653549643,4.225419001338754,-1.0180587304616076,-1.5753986655793923,-1.5892877619376926,0.7260343152867619,2.4086558173129724
74.16684703300001,3.697036552600345,0.1028894467015915,-0.0759380869910385,4.225452457050892,-1.017921667640932,-1.5752392290585453,-1.589207743188032,0.7259181150234699,2.4088152538338203
74.199533457,3.690352795255448,0.1033600368848494,-0.0696220298413191,4.227032474162729,-1.007148899803705,-1.564175210383934,-1.5822199015008316,0.7175683216426068,2.4198792725084317
74.21621545500001,3.683645145980752,0.1037867855460823,-0.0632550632111462,4.227754643955514,-0.9972077030686866,-1.5551601017610643,-1.5752816411864532,0.7104122427201887,2.4288943811313004
74.216971286,3.676917416057777,0.1041674233158393,-0.0586114182888933,4.227816633771398,-0.9970050310397378,-1.5549724400857778,-1.575171652419281,0.7102310766094302,2.429082042806588
74.233755188,3.670211633983947,0.104535518835601,-0.0562723244719213,4.229193172964429,-0.9925045177344465,-1.550805245081591,-1.5727292536696384,0.7062081214134581,2.4332492378107737
74.26618097500001,3.6634781331663127,0.1049009044329352,-0.0554169692829239,4.22876996942193,-0.9805512667802225,-1.5367280640286127,-1.5635270372729875,0.6985675374696578,2.447326418863753
74.282855108,3.656739899969891,0.1052715407153755,-0.0552665154655873,4.229120126392757,-0.975619459257911,-1.5320661517669683,-1.5600795821754256,0.6950234736029026,2.4519883311253974
74.283827632,3.6499978562799873,0.1056448039947264,-0.0552973240104123,4.229154842341403,-0.9753559201770188,-1.5318436693231723,-1.5599060150593824,0.6948221467530376,2.4522108135691933
74.316255864,3.6432706374399015,0.1060184078523727,-0.0553168519383096,4.227602479510607,-0.9605941974869489,-1.5183315598535065,-1.5478562814150498,0.6861548400065569,2.465722923038859
74.316780033,3.636524261117559,0.1063925105595802,-0.0554159498091291,4.227535651955056,-0.9602635827049552,-1.5180193049973427,-1.5475650666126022,0.6859846460140391,2.466035177895023
74.349565626,3.6297841268327207,0.1067675597796789,-0.0554685962609195,4.232235067576576,-0.9413367841323169,-1.5009181943434822,-1.5365683597232032,0.6698793472281848,2.4831362885488826
74.366244979,3.623041131922573,0.1071428507142579,-0.0555168217883905,4.231768686049071,-0.9373878552658894,-1.4971206394986751,-1.5333109007031638,0.6675988841931702,2.4869338433936896
74.382885668,3.6163072207808,0.1075172967353263,-0.0555285649462368,4.231575609462666,-0.9325779648574939,-1.4924286555431552,-1.5295928391418325,0.6645413782593828,2.4916258273492105
74.383632101,3.609575196646464,0.1078912637311822,-0.0555456904127869,4.231603844911065,-0.9322442811346862,-1.492095772125582,-1.5293626105989797,0.6642981974923203,2.4919587107667827
74.41633166000001,3.602830741905121,0.1082663179086642,-0.0556305876091071,4.232406986543975,-0.9171501936391638,-1.477291949561212,-1.5186327272364522,0.6536517841605196,2.5067625333311536
74.432898409,3.596092525189879,0.1086420801823231,-0.0556475632932815,4.231929886270897,-0.9085326727800227,-1.469341557866561,-1.5118840378235072,0.6482717765735453,2.5147129250258047
74.433930656,3.589354290581227,0.1090173656270619,-0.0556742103787471,4.231900158934194,-0.9079957291675933,-1.4688461819798615,-1.5114635380380372,0.6479365571112585,2.5152083009125032
74.466236194,3.582614156173018,0.1093933685214023,-0.0556917296657924,4.23405905485768,-0.8912963355031871,-1.4535287326304838,-1.5004380678030347,0.635209829862498,2.530525750261882
74.46681118000001,3.5758706858866662,0.1097700905159446,-0.0557135727825006,4.234057972461438,-0.8911729909918549,-1.4533989521178254,-1.500345297289802,0.6351285361239203,2.53065553077454
74.49952996600001,3.5691267399552977,0.1101470514778415,-0.0557309864442183,4.234248571825279,-0.8832253854635037,-1.4449788318491619,-1.4945409943180388,0.6296961491012794,2.5390756510432038
74.500168684,3.562381839116868,0.110523655911187,-0.0557484334525451,4.2342762441035795,-0.882982020070498,-1.4447161482291229,-1.4943777940417875,0.6295135069940572,2.539338334663242
74.517005958,3.555636461901206,0.1109006185214947,-0.0557658848923696,4.235005714279719,-0.8765666539711954,-1.4377915334758589,-1.4900756642001918,0.6246988701695386,2.5462629494165068
74.533488105,3.548892038844231,0.1112778184514222,-0.0557833296860453,4.235030235034022,-0.8697133396051155,-1.4308649280215553,-1.4849774667496973,0.6201188153856432,2.5531895548708103
74.56632427400001,3.542148095013309,0.1116552562494523,-0.055796288419072,4.233365217469833,-0.8559997360897523,-1.4181498767051792,-1.473634941616731,0.6122332381414806,2.5659046061871855
74.567383593,3.535477314505045,0.1120287952051384,-0.0555309763229376,4.233338496751625,-0.8557442878009459,-1.4179205723111998,-1.4734265185873139,0.6120831459503302,2.566133910581165
74.59958326,3.5286930952601443,0.112403895064306,-0.0557832741237744,4.234014389838546,-0.8484613612283288,-1.4103417053861342,-1.4684412798191397,0.6067310206387022,2.5737127775062305
74.60031254,3.522014162694651,0.1127786354726484,-0.055614319613466,4.23414058335066,-0.848332315416381,-1.410124689855536,-1.468428972876311,0.6065509479777029,2.573929793036829
74.617222212,3.5152849674461977,0.113152003140701,-0.0556383861239063,4.237066607509252,-0.8453401555422502,-1.4050927934079542,-1.4681436142122113,0.6023756385853529,2.5789616894844105
74.649549221,3.5085562481350747,0.1135263239339973,-0.055701861276637,4.229602347035559,-0.8156920059986391,-1.3790560968991539,-1.4410492554115617,0.5882114698147851,2.604998385993211
74.651104996,3.5017993144641086,0.1139025845244493,-0.0558660509848669,4.229465912855834,-0.8148226971143865,-1.3782242659769217,-1.44030968970578,0.5877346524614211,2.605830216915443
74.682851599,3.495083086341588,0.1142790367588251,-0.0558100208156034,4.231350042749129,-0.8082853080771855,-1.3695060094484717,-1.4366850694933464,0.5819770896789462,2.614548473443893
74.684278389,3.4882985478434647,0.1146569981179267,-0.0557126219304271,4.23121979651398,-0.8076788545674304,-1.3688927257453454,-1.4361457874255645,0.581670618158844,2.6151617571470194
74.71619383400001,3.481643282877136,0.1150255122560245,-0.0558574356912202,4.228430440016275,-0.7938347185796096,-1.3551638803579245,-1.4239574569422029,0.574537231098764,2.6288906025344403
74.717292678,3.47489838537448,0.1154052161289488,-0.0559836690971746,4.228348284424119,-0.7933269041763875,-1.3546900255026753,-1.42352379812576,0.5742605272130601,2.6293644573896895
74.733695364,3.4681353681655924,0.1157833911566729,-0.0559021380737649,4.227121929835773,-0.7857466469220876,-1.3476166898879463,-1.4170504776205264,0.5701301074699536,2.6364377930044185
74.76614747100001,3.461418597913213,0.1161585326682182,-0.0559995163196826,4.217990932721798,-0.7667319115318064,-1.328831098112568,-1.3967822401632817,0.5642876918193362,2.655223384779797
74.76685614200001,3.4546922967840934,0.1165376190701507,-0.0562529326138066,4.217751982949654,-0.7662929785799082,-1.3283926044003067,-1.3962956199377223,0.5641738503244995,2.655661878492058
74.783459099,3.447951693397268,0.1169194637646395,-0.0563692575139644,4.219119963188285,-0.7623378881685857,-1.325417193776758,-1.3942545645131883,0.5605203310828646,2.6586372891156067
74.80015857100001,3.44120775291828,0.1173002394207874,-0.0563560617941016,4.219877874757068,-0.7575152759989473,-1.3211679002503764,-1.391160012887636,0.5567446499096675,2.6628865826419883
74.832918405,3.4344628574793648,0.1176816122225934,-0.0563431203031954,4.2177338440428365,-0.7419460686851763,-1.3039949116975276,-1.3781138358694185,0.5479814113934522,2.680059571194837
74.834845658,3.4277198679430376,0.1180625059905569,-0.0563604669858572,4.217793683499099,-0.7410588701040272,-1.3030232607439203,-1.3774915645216912,0.5473462102814284,2.6810312221484445
74.85064824,3.420991235913382,0.1184430256261931,-0.0563056146464289,4.218036360423829,-0.734182686369368,-1.2954264209249722,-1.3725215107990811,0.5425881265456205,2.6886280619673926
74.866947999,3.4142357989092247,0.1188238144907519,-0.0563819651415726,4.215922018832912,-0.7308895121436096,-1.2911211465800747,-1.3686565032661946,0.5419739982080474,2.69293333631229
74.899500618,3.407493765733378,0.1192051839958759,-0.0563905389402531,4.212498841064367,-0.7195126458345718,-1.275797381722036,-1.3578875678253048,0.5369559046936998,2.7082571011703287
74.90109642,3.4007526850277845,0.1195866716121178,-0.0563863275967511,4.212349001977836,-0.7188470122900362,-1.2748949705396662,-1.3572910790989487,0.5366246631401572,2.7091595123526986
74.932815761,3.394011602746117,0.1199674439734405,-0.0564123296982463,4.212607352233893,-0.7044830232741017,-1.261205762253999,-1.3467434283923385,0.5268707926327112,2.722848720638366
74.949502268,3.3872690904999074,0.1203480987732981,-0.0564121738235978,4.211793999277747,-0.702092359132841,-1.2567531147702482,-1.3444179237023666,0.5258864928793319,2.7273013681221165
74.9504424,3.3805227642650806,0.1207288771769261,-0.0563776596368574,4.211748174280259,-0.7019576670813263,-1.2565022488230397,-1.3442869027897708,0.5258310365938588,2.727552234069325
74.967993905,3.3737773913032267,0.1211096544820322,-0.0563604104709337,4.209819685092095,-0.6970599808019273,-1.249632237430724,-1.3393481820097484,0.5240102020332085,2.7344222454616407
74.983526782,3.3670344052414416,0.1214906674576818,-0.0563602701218427,4.207055982865068,-0.6903779423637637,-1.241398338101785,-1.332521886821529,0.521624959552442,2.7426561447905797
75.016244857,3.3602918933440824,0.1218714414666533,-0.0563257423419573,4.202863058621535,-0.6735069912609108,-1.226230794811384,-1.3171404390623396,0.5135243009583403,2.7578236880809808
75.01704852900001,3.3535512870834547,0.1222519748604498,-0.0563042084172972,4.2027775225882715,-0.6731011445652774,-1.2258811932924374,-1.316780627003833,0.5133179923644908,2.7581732895999274
75.049511908,3.346772552263776,0.1226467380975519,-0.0550709503363126,4.20416019783228,-0.6663735530300731,-1.218154618179426,-1.312680279637355,0.5078080531480231,2.7658998647129387
75.066272446,3.339892231118274,0.1230238561741982,-0.0528559433422599,4.2031045622772245,-0.6594698427613691,-1.2121709334091086,-1.3068254906546621,0.5040005568752153,2.771883549483256
75.066994382,3.3329527570929245,0.1233786310386644,-0.0497615603461266,4.203059092298273,-0.6591724753990218,-1.2119131948181163,-1.3065733040638121,0.5038365544649572,2.7721412880742484
75.09955277200001,3.3259913123987204,0.123702436778843,-0.0458578768949599,4.200546454347863,-0.6449752708087095,-1.1992793026633741,-1.2943056756251794,0.49626164455521726,2.7847751802289906
75.116321195,3.3190393664536946,0.1239933297899287,-0.0413006531063112,4.19876897544625,-0.6376205861916621,-1.1923204066070525,-1.2876338528138755,0.4926926674697656,2.7917340762853122
75.132888564,3.3121269545779923,0.1242468647220758,-0.0362296717131751,4.19633528986695,-0.6307648431674657,-1.1851763114602925,-1.280897592861248,0.4899455162610886,2.7988781714320723
75.14956686500001,3.305258843952401,0.1244617247802973,-0.030775798534221,4.194188953486302,-0.6236076233664827,-1.1783708674841264,-1.2741276131647084,0.4867832496614928,2.8056836154082383
75.150841234,3.2984307386543907,0.1246333849583905,-0.0249964445836217,4.194063710075379,-0.623028128935599,-1.1779002007505817,-1.2736117802452447,0.4864909893210383,2.806154282141783
75.18289897000001,3.29161450585059,0.1247637850162748,-0.0190167237054333,4.190347744302633,-0.6087414086737134,-1.165491543503748,-1.2604763794540084,0.4797545196581381,2.8185629393886167
75.183781803,3.284797747930723,0.1248524623999544,-0.0128961605265814,4.190180747507935,-0.6083812412082147,-1.1650847824708848,-1.2600964345431485,0.47963940928782023,2.81896970042148
75.216261403,3.2779761723043603,0.1248981107520801,-0.0066861717219833,4.185135499615253,-0.5954204003076211,-1.1508181285570167,-1.2470657094651134,0.47477750358225723,2.833236354335348
75.232944012,3.27115407103241,0.1249016788024234,-0.0004624675809032,4.184443007233381,-0.5892641803513295,-1.1446970694889878,-1.2420104787000326,0.47119654955281565,2.839357413403377
75.234153347,3.2643281058873006,0.1248623359317082,0.0058232275850462,4.1843928079345405,-0.5888179112898876,-1.1442533492670464,-1.2416440211814703,0.4709369634748115,2.8398011336253184
75.25053940100001,3.257502568725769,0.1247807924512528,0.012095307553312,4.183430586855696,-0.5826217901547295,-1.138420130391701,-1.2363794739325358,0.4675307443406602,2.8456343525006638
75.267116328,3.2506741207672216,0.1246558601142142,0.0183789252740524,4.182128328266539,-0.5761793825629107,-1.1327276949683487,-1.2307047886724094,0.4642143547057307,2.851326787924016
75.299582723,3.2438384693411897,0.1244873054467385,0.0246763335775126,4.178258630238301,-0.5631133603468883,-1.1196587481513482,-1.218378046916655,0.4584051433077634,2.8643957347410165
75.300564484,3.2370075371759923,0.124275472342008,0.0310154732083148,4.178119315847242,-0.5627106743162589,-1.1192310972678676,-1.217984797251649,0.45824107247003454,2.864823385624497
75.317243988,3.230178941633424,0.1240221516851765,0.0373383254630997,4.175180811038724,-0.5564657315598212,-1.1118886299231328,-1.211368346168817,0.45627722532492454,2.872165852969232
75.33371911100001,3.223341235254876,0.1237252108953274,0.0436217866668949,4.171291422281439,-0.551327016337568,-1.1045032904209435,-1.2049445204203608,0.45575934329764056,2.879551192471421
75.350276572,3.2165125382900195,0.1233837946319494,0.0499569786747781,4.167647380988916,-0.5459022020816792,-1.0972951888890954,-1.1984704935780988,0.4548679269537357,2.8867592940032694
75.38283403,3.2096814090411017,0.123001015519514,0.0562791159710214,4.164785929087638,-0.5309686315304297,-1.0865941057714252,-1.1854211467739892,0.4470631858062952,2.8974603771209395
75.383834287,3.202853089862422,0.1225746025402561,0.0625881614974839,4.164609446400412,-0.5305323752489418,-1.0861775523019936,-1.1849781039219556,0.4469045077886311,2.897876930590371
75.400185714,3.1960290134300067,0.1221051500914951,0.068935422108077,4.161724444069075,-0.5234007953249481,-1.0793680586948522,-1.1777355823970925,0.44431056241025013,2.9046864241975126
75.43289204700001,3.189211085113252,0.1215919407210854,0.0752982744072663,4.153578417867145,-0.5104823797302435,-1.064405378640938,-1.1626725549590935,0.4417909575281018,2.9196491042514268
75.44961561400001,3.182392629804701,0.1210353397475034,0.0816679256946797,4.148791376330605,-0.5042455504474598,-1.0563411383025318,-1.1548317217278843,0.4412120443951508,2.927713344589833
75.46692101000001,3.1755784168502315,0.1204354608860511,0.0880642559352578,4.145558889843678,-0.49692284732111075,-1.0485626274204094,-1.1472152729554086,0.43875020401424436,2.9354918554719553
75.46696846,3.1687670142443465,0.1197920673669222,0.0944770055659191,4.14555002662646,-0.4969027690597799,-1.048541299370978,-1.1471943892672094,0.4387434538464894,2.935513183521387
75.483964938,3.161959852557476,0.1191046807049394,0.1009217546272687,4.142979837686293,-0.4903303684737972,-1.0408250478674788,-1.140578722847132,0.4362867734706475,2.943229435024886
75.50048230200001,3.155171271923585,0.1183723307293445,0.1073370119361116,4.1415745844216225,-0.48506280969886006,-1.0331879058253044,-1.1357122524092378,0.43382925894121227,2.9508665770670603
75.53364575500001,3.1483663850741617,0.117592315765292,0.1138367054225244,4.138001374459428,-0.4704960544923675,-1.0216663216396427,-1.1224628882183545,0.42679985390115815,2.962388161252722
75.549504764,3.141583833455996,0.116773293584106,0.1204281026618878,4.1355290702838685,-0.4656342951490385,-1.0167976337298334,-1.117189000861146,0.42540877374803454,2.9672568491625313
75.566294408,3.134813663955698,0.1159106265329204,0.1270018579611361,4.132128385865775,-0.4637337927518902,-1.0117298985174887,-1.113507096773183,0.42668162336997506,2.972324584374876
75.582851457,3.1280401034334933,0.1150024254091346,0.1335605117002338,4.1307900409894645,-0.45953285390288956,-1.0062188899204365,-1.1094811638355715,0.4248841478617016,2.9778355929719282
75.583558194,3.1212741218309183,0.1140492736227771,0.1401443487741334,4.130839521278854,-0.4592304489079648,-1.005956489194979,-1.1092884192611354,0.42464593239407034,2.9780979936973857
75.61624203400001,3.114521441382028,0.1130546216504525,0.1467261692139238,4.133127792391828,-0.4452453929829182,-0.9938214752836263,-1.1003747316634565,0.4136293926776191,2.9902330076087384
75.616530534,3.107769661924374,0.1120131193591306,0.1533307699565431,4.133147990943041,-0.4451219470036721,-0.9937143596107632,-1.100296050612763,0.413532149767724,2.9903401232816016
75.63414047,3.101030231956541,0.110929760351809,0.1599510955138883,4.126399104335347,-0.43743505059351306,-0.98564419058693,-1.0900671971583447,0.41345212557096556,2.9984102923054348
75.666275293,3.0942912227021893,0.1097983594836827,0.1665853111305808,4.1178084055417195,-0.425730937303569,-0.9724827840785348,-1.0756143977925192,0.41207264590171455,3.01157169881383
75.683000574,3.087639229301259,0.1086339567682566,0.1729053717173489,4.1155328452512725,-0.4208741896091976,-0.966504489143535,-1.070475208713109,0.41053807481886784,3.0175499937488297
75.68380538800001,3.0808650296586517,0.107405917456476,0.1799752986926887,4.115423346177408,-0.42064048480394356,-0.9662168159223885,-1.0702279129385395,0.4104642318567393,3.0178376669699762
75.70008015900001,3.0741664029356204,0.1061431013422321,0.1866780700953551,4.110481084494222,-0.41313941014663624,-0.9574235931478583,-1.0613402747430403,0.409159640401342,3.0266308897445064
75.717222054,3.067464380088632,0.104831770925889,0.19337392826707,4.1038410285237354,-0.40377941287013147,-0.9465970089201363,-1.049935253490597,0.4078847354877544,3.0374574739722284
75.733747363,3.060766597183133,0.10347537448368,0.2000731864746184,4.099383398267623,-0.3955488240329463,-0.9384738954889897,-1.0408257745684892,0.40573288654447737,3.045580587403375
75.75006703000001,3.054078775756907,0.1020740246328789,0.2067767072486726,4.09619117472529,-0.3879141556690342,-0.9318924223164551,-1.0330033112457788,0.4030333458917017,3.0521620605759097
75.78292403,3.047402346219546,0.1006271236791088,0.2134785917570472,4.088962890130901,-0.37548419644012593,-0.917808322462589,-1.0189156851612373,0.40015397514239526,3.0662461604297757
75.783569259,3.0407344495864552,0.0991365822659248,0.2201898679708313,4.088818839577051,-0.3752478308098837,-0.9175295565393036,-1.0186434052360234,0.40010414627977875,3.066524926353061
75.800060003,3.034077467382455,0.0976001326715891,0.2269013783631218,4.08673764952242,-0.3711648730864261,-0.913543349469208,-1.0142110614608972,0.3989395757691865,3.0705111334231567
75.817340121,3.027305958120325,0.0959887131191288,0.2331473575107289,4.08450872073451,-0.3669194599554272,-0.9094563250758902,-1.0095591408261542,0.3977771255111193,3.0745981578164745
75.833745171,3.020986577900187,0.094452113001108,0.2399064551432151,4.08004245701763,-0.3607378461052152,-0.9024208972754248,-1.0019730325680238,0.3969955739275499,3.08163358561694
75.849896427,3.0144286512233083,0.0928101682017741,0.2472209561579677,4.07585516712898,-0.3547335067883709,-0.8955085793091939,-0.9947049141506437,0.39612382745389274,3.088545903583171
75.882830553,3.0078053161260887,0.0910911703013382,0.2541772954306374,4.070007952822173,-0.3435835461431261,-0.8815263612547319,-0.9824918091117754,0.3930657884008708,3.102528121637633
75.88352382500001,3.0011976575190578,0.0893210135210875,0.2609994471608635,4.069699776580424,-0.34328654461700386,-0.881204848871544,-0.9820650309939793,0.3930980829927999,3.1028496340208207
75.90020696500001,2.9946075984133254,0.0875160273268817,0.2677962130597601,4.062283715661037,-0.33613939596472436,-0.8734678623779395,-0.9717948930278579,0.39387523135358826,3.1105866205144252
75.932945749,2.9880399023461464,0.0856688152524663,0.2745556926804094,4.049588937029787,-0.3243091006356305,-0.8602628016626603,-0.9545161371219058,0.3954745707211198,3.1237916812297044
75.933615726,2.981481213043576,0.0837746243109954,0.2813313584904722,4.049351922029716,-0.3240939039040349,-0.8600168085537838,-0.9541977755047655,0.39550821034477446,3.124037674338581
75.950262948,2.974930100721028,0.0818351250800192,0.2881139527583523,4.04368579537696,-0.3184557224934983,-0.8537222733968193,-0.9462185602925963,0.39598382096397255,3.1303322094955455
75.982922922,2.968395627294975,0.0798516184229247,0.2948965985508161,4.033926096561882,-0.30552333467472415,-0.8398731816794154,-0.9300710005444688,0.3946591739027334,-3.1390040059666364
76.000197629,2.961873977715567,0.0778243471532402,0.3016714746909895,4.027925875384564,-0.29937270051314774,-0.8316631622678035,-0.9214869674787312,0.3950430112284571,-3.1307939865550245
76.000688385,2.955361813905059,0.0757529574887137,0.3084484212523471,4.027755415500982,-0.29919796755711964,-0.8314299243734418,-0.9212431042553928,0.3950539156374657,-3.130560748660663
76.032805604,2.948861519617236,0.0736353009158626,0.3152341841434213,4.016176570619171,-0.28656312389042865,-0.815582341754677,-0.9041067230912279,0.39528492186077857,-3.114713166041898
76.033658149,2.9423726125098866,0.071470066684549,0.3220090571095497,4.0158653330783,-0.28621673835124123,-0.8151563222641123,-0.9036410527873309,0.3952866296882651,-3.1142871465513333
76.066252077,2.9359032115026,0.0692652324712857,0.3287882791825921,4.009854992844284,-0.27909795111774705,-0.8048270429896576,-0.8943277670107914,0.39503358927865806,-3.1039578672768786
76.08285295,2.929444720243183,0.0670123443120918,0.3355581472212959,4.007290210095439,-0.27623294218840655,-0.8004049652904435,-0.890482466329412,0.39504061663639467,-3.0995357895776645
76.083428587,2.9230066871802527,0.0647191398173246,0.3423423034397688,4.0072052614349865,-0.27614281961952536,-0.8002626515154141,-0.8903586651197402,0.39504402439491804,-3.099393475802635
76.100368517,2.9165862486163894,0.0623833573081311,0.3491283748759589,4.004705379805297,-0.27349067945432515,-0.7960746208866034,-0.8867154249774751,0.39514430841218573,-3.0952054451738245
76.13291248,2.9101814952258525,0.06000368768082,0.3559149932963156,4.000499383293737,-0.2691866214902267,-0.7914656969396123,-0.8807037477545734,0.39541827662424067,-3.0905965212268334
76.14966625400001,2.9037938581299017,0.057580844542694,0.3627002141955432,4.000518069809203,-0.2685795834375945,-0.7904925992235086,-0.8802631632042264,0.3950002698812338,-3.0896234235107296
76.166259924,2.8974219064349493,0.0551143527048926,0.3694854837062122,4.001251935528366,-0.26849764762531414,-0.7899209128059823,-0.8806904971077585,0.39439805886673174,-3.0890517370932034
76.167257636,2.891067071851271,0.0526056410300886,0.3762658108732448,4.001277181943898,-0.26849569008640906,-0.7899105601287228,-0.8807058409392181,0.394377914877754,-3.089041384415944
76.199488782,2.884729354283383,0.0500539942626865,0.3830433831343633,4.001762612380815,-0.26848437520876617,-0.7899962102033271,-0.8810205127334054,0.3940081143944063,-3.089127034490548
76.216154148,2.878409229210314,0.0474584581797688,0.3898270079695772,4.002063906032487,-0.2686585653873463,-0.7900456273467569,-0.8813510574603751,0.3938992095445393,-3.089176451633978
76.216933033,2.872106697692584,0.044820463292129,0.3966068278666953,4.002078264781296,-0.2686676989276819,-0.7900479652280517,-0.8813674312555757,0.3938945733761732,-3.0891787895152727
76.249586494,2.8658208055193555,0.0421391762338052,0.4033748577986375,4.002492420414959,-0.2680713796750079,-0.7906186889310334,-0.8811980811428359,0.39318856907071886,-3.0897495132182544
76.266332334,2.8595520316559746,0.0394156693379314,0.4100930261790824,4.0025970679815766,-0.26720378979035225,-0.7911825677392343,-0.8806202689682636,0.3925329804710076,-3.0903133920264554
76.282886949,2.8533046681016625,0.0366513681713996,0.4168391542065721,4.001120961502239,-0.26801143307995184,-0.7902245357793909,-0.8802404630224752,0.39417216486122175,-3.089355360066612
76.29954300700001,2.847076806376731,0.0338449636301322,0.4236097798757862,3.9999526019719123,-0.26867880754652507,-0.7894611557672135,-0.8799608215620487,0.3954883158116633,-3.0885919800544346
76.300214948,2.840867014270032,0.0309952652702316,0.4303882406672813,3.999961437403009,-0.26867750293600456,-0.7894671955872958,-0.879965729059017,0.39548085368564045,-3.088598019874517
76.317389946,2.83467767866109,0.0281039392735287,0.4371649208976946,4.000187273468106,-0.2686441567298934,-0.7896215750607993,-0.8800911660402639,0.39529011967845706,-3.0887523993480204
76.33357707,2.8285102304721423,0.0251720568752366,0.4439421385009245,4.000632973085664,-0.2685179468769224,-0.7898554000971547,-0.8802936476171679,0.3948734924024748,-3.0889862243843758
76.366206957,2.8223622848190946,0.0221987863575251,0.4507215348227849,4.002120058078467,-0.2679879445125223,-0.7905209834458038,-0.8808879601564596,0.39341092039134873,-3.089651807733025
76.367029054,2.816232409395319,0.0191822220209014,0.4574962814157024,4.002093223547829,-0.2679949193127536,-0.7905086441464668,-0.8808753035337791,0.3934355891930048,-3.089639468433688
76.39957010100001,2.8101215591218422,0.0161237932773687,0.4642749187420297,4.0011776055360375,-0.26814538911112773,-0.7901061491958146,-0.8803781361042375,0.3942190571570867,-3.0892369734830356
76.400160246,2.8040321184002406,0.0130239742171581,0.4710548171563675,4.001174530818031,-0.26813652232564944,-0.7901067822579737,-0.8803694723465054,0.3942154497927439,-3.0892376065451947
76.41690870000001,2.79796456567735,0.0098831219180014,0.4778385101975348,4.001087269597331,-0.2678848808668319,-0.7901247487110759,-0.8801235928629199,0.39411307194364786,-3.089255572998297
76.43376965,2.791919376614349,0.0067012358310829,0.4846402671645854,4.0010665075356995,-0.26786645228116157,-0.7900695191154785,-0.880096020101842,0.39411629976327456,-3.0892003434026996
76.466246685,2.7858941670138315,0.0034780802846248,0.4914223253806923,4.0011008259164145,-0.2679941010644128,-0.7899519024406239,-0.8802141256137879,0.39417565505931806,-3.089082726727845
76.466736659,2.779893229869423,0.0002148424265187,0.4982062582173657,4.001098680953703,-0.26798245310234786,-0.7899561024039574,-0.880204005179158,0.3941695026054828,-3.0890869266911785
76.483377809,2.77391465784347,-0.0030887139643762,0.5049892101783084,4.001025830871408,-0.2675868494909008,-0.7900987471561738,-0.8798602814902745,0.39396054476863274,-3.089229571443395
76.516302647,2.7679579737472007,-0.0064325883385468,0.5117736598849015,4.001159826512124,-0.2680628093103621,-0.7899035357794961,-0.880304673907399,0.394177357962592,-3.089034360066717
76.517415258,2.7620217457565057,-0.0098183287678869,0.5185596104565066,4.001167872318888,-0.2680948126514945,-0.7898909005474124,-0.8803339130013703,0.39419265581322094,-3.0890217248346334
76.53392998700001,2.7561078816768725,-0.0132448645665571,0.5253411419629823,4.000701329613936,-0.2683057366981681,-0.7895589743915092,-0.8801807785406313,0.39468122605990263,-3.0886897986787303
76.56634835,2.75021829083588,-0.0167109462355034,0.5321288942184732,3.9999248627681223,-0.2681474931353678,-0.7892280310852566,-0.8795458461158345,0.3951553595893622,-3.0883588553724777
76.58292054900001,2.74434915575528,-0.0202191323780079,0.5388843887216807,4.000884727567445,-0.2678703567039065,-0.789757290441635,-0.8799779361424438,0.3942545581442447,-3.088888114728856
76.59947301000001,2.7385181301841235,-0.0237594297460921,0.545678840688095,4.000949389364631,-0.2679090271025307,-0.7898054495052005,-0.8800498359220295,0.39423204216235197,-3.0889362737924215
76.600194736,2.732704699444368,-0.027341649477752,0.5524800423538933,4.0009239712054665,-0.26792067709214795,-0.7897923744160167,-0.8800416110945526,0.3942587658837682,-3.0889231987032377
76.61668586,2.726916017518122,-0.030964428907286,0.5592866071066933,4.000343177365916,-0.2681868742686086,-0.7894936143366209,-0.8798536773775893,0.3948693912507846,-3.088624438623842
76.634364898,2.7211482696683933,-0.034627763639855,0.5660920355660801,3.9998000812433983,-0.26840507466388386,-0.7891727700028905,-0.87965501707049,0.3954199354299157,-3.0883035942901116
76.649927081,2.7154076573776726,-0.0383294554466769,0.572897669970032,3.999359545739082,-0.26856545053822584,-0.7888900770575269,-0.8794814704265028,0.39585545065811667,-3.088020901344748
76.667496731,2.7096941810814745,-0.0420691467001308,0.5797023455837794,3.9999548224724317,-0.26830047903838045,-0.789221341419033,-0.879679959060506,0.3952348327827946,-3.088352165706254
76.68328784100001,2.7040054546214805,-0.0458482651638309,0.5865110983421004,4.0009390502982045,-0.2678789545291882,-0.7897864769486507,-0.8800205112722743,0.3942197409071819,-3.0889173012358717
76.70031925500001,2.698341479199577,-0.0496661551873237,0.5933185922004891,4.001016544772923,-0.2678222881935473,-0.7898550666219926,-0.880029804553137,0.39412418933923243,-3.0889858909092136
76.732895579,2.6927022530953666,-0.0535241876764648,0.6001261395522635,4.001129489662695,-0.2680360693631402,-0.7898097025089843,-0.8802645252666119,0.3941821990217358,-3.0889405267962053
76.74959478000001,2.6870901625626544,-0.0574202196120448,0.6069314387602798,4.0020357602444125,-0.26816272208418773,-0.7900689644393566,-0.8809622829022592,0.39359016729882645,-3.0891997887265776
76.750209271,2.68150473300996,-0.0613531179576418,0.6137350254335802,4.00206910885289,-0.2681673826040059,-0.7900785046636365,-0.8809879587287428,0.39356838193523647,-3.0892093289508575
76.78300469300001,2.675948347038781,-0.0653234815056609,0.6205358693265304,4.001425930143716,-0.2676584587156058,-0.7900651906368061,-0.8801800394386077,0.3937096221446188,-3.089196014924027
76.79954049300001,2.6704181436334617,-0.0693313665646265,0.6273429984240063,4.001299760364737,-0.2676663304680728,-0.78998419291411,-0.8801019319120487,0.3938090202930393,-3.089115017201331
76.799575419,2.664914121780484,-0.0733782036453537,0.6341467589986451,4.0012994938759245,-0.26766634709435194,-0.7899840218352097,-0.8801017669376612,0.39380923023629766,-3.0891148461224307
76.817863328,2.659437713668971,-0.0774620870482958,0.6409484606263403,4.00120063549377,-0.2676689005039108,-0.7899196666137467,-0.8800378696367539,0.39388470628918393,-3.0890504909009677
76.849518637,2.653988441362135,-0.0815839102931467,0.6477497401117716,4.001934531724728,-0.26753354734664914,-0.790373431258308,-0.8804253593376883,0.3932469164439656,-3.089504255545529
76.85040545700001,2.6485691685900727,-0.0857417097242513,0.6545517981814739,4.001901825160605,-0.2675333718069104,-0.7903592073048316,-0.88040345794272,0.39327120798671933,-3.0894900315920526
76.86696225600001,2.643180371903344,-0.0899353666815582,0.6613598191138477,4.001291198417686,-0.2675300945057999,-0.790093648184973,-0.8799945621190997,0.39372472751804777,-3.089224472472194
76.88348477000001,2.637819189722616,-0.0941657123336098,0.6681668177048502,4.000909166735171,-0.26754772984357394,-0.7899246333849845,-0.8797534322503311,0.3940215702339285,-3.0890554576722056
76.900433477,2.632486097239393,-0.0984335220892826,0.6749703782605062,4.001155227307909,-0.2676244871397096,-0.7900206432794761,-0.8799744997091068,0.3938890309316929,-3.089151467566697
76.932907857,2.627329147808201,-0.1026195183314119,0.6818532476728543,4.001403870377134,-0.26752089411703595,-0.7901676647150317,-0.8800626935840925,0.393634518199919,-3.089298489002253
76.933950514,2.621977209830733,-0.1070211192893681,0.6886433415315821,4.001407715731988,-0.26751291312073594,-0.7901716991997887,-0.8800592970683221,0.393626336101379,-3.0893025234870097
76.95017503000001,2.6167536872323915,-0.1113780450716707,0.6954805708932815,4.001521976046955,-0.267483612874413,-0.7902306761969307,-0.8801134855836898,0.3935215623985089,-3.0893615004841517
76.983213746,2.61154727500327,-0.1157833895701013,0.7022938483752518,4.001862140057827,-0.2677383350293021,-0.7903061841504648,-0.8805300032241123,0.3934372535276802,-3.089437008437686
76.999631811,2.606368000928255,-0.1202251241909626,0.7091119650470169,4.001723048235283,-0.267587181521638,-0.7902894541531325,-0.8803246164146303,0.3934404435854426,-3.0894202784403535
77.000443438,2.6012168174544543,-0.1247039056834018,0.7159250610482998,4.001716172231402,-0.26757970924838503,-0.7902886271057596,-0.8803144631182449,0.3934406012859397,-3.0894194513929807
77.016871932,2.596095633090566,-0.1292186037572641,0.7227367120178911,4.0016799975894735,-0.26747356019705265,-0.7903131036397752,-0.880211166934389,0.39339694210342113,-3.0894439279269963
77.0335695,2.5910063574785043,-0.1337674920765464,0.7295473560302754,4.0017894072320255,-0.2674296753711394,-0.7903964729794666,-0.8802512424692193,0.3932860804809506,-3.0895272972666876
77.06628602100001,2.585947082339081,-0.1383515221175987,0.7363587533040551,4.0034739469608045,-0.26702317917011775,-0.7911955993734878,-0.8810691570133793,0.3917583602651611,-3.090326423660709
77.08281595000001,2.580919714943115,-0.1429705768685227,0.74316442099587,4.003421606412186,-0.267032655296306,-0.7911323750378738,-0.8810413895802776,0.3918037287526408,-3.090263199325095
77.09965863400001,2.575920916995845,-0.1476248312975612,0.7499674966415865,4.002457366669996,-0.26725609788195753,-0.790609240276055,-0.8805663166106088,0.39267205504096214,-3.089740064563276
77.100822733,2.5709568924771826,-0.1523100010147922,0.7567655347217306,4.002390722272961,-0.26727154134040587,-0.7905730832922195,-0.8805334814657524,0.3927320702834205,-3.0897039075794406
77.117018083,2.5660228679993136,-0.1570307892906886,0.7635686654502185,4.001904347083428,-0.26749677850578624,-0.7902930649035689,-0.8803778276075596,0.3932449684039967,-3.08942388919079
77.13377227800001,2.5611202742333004,-0.1617863633084688,0.7703739833231902,4.001625816218421,-0.2677350785338274,-0.7901170266320019,-0.8803702692785405,0.39361145062428715,-3.089247850919223
77.15019237700001,2.5562505437483174,-0.1665757114383088,0.7771786794304608,4.00135680687267,-0.26758938825317896,-0.7900752652996665,-0.8800824828963192,0.39371523253111196,-3.0892060895868876
77.16722675700001,2.551410352049474,-0.1713892334943546,0.7839875012008183,4.001079111672595,-0.26730653657520387,-0.7900773574375535,-0.8796865536076321,0.39373419813783395,-3.0892081817247745
77.199504652,2.546597285048616,-0.1762455829674362,0.7908063586915011,4.000552319056389,-0.26771323380870377,-0.7896821051990877,-0.8796394175468647,0.39439804397234646,-3.0888129294863087
77.200268268,2.5418218488822863,-0.1811376789987372,0.7976083671348978,4.000539855008548,-0.267725103536973,-0.7896718023609814,-0.8796399793211371,0.3944152465113291,-3.0888026266482025
77.233018513,2.53708309629102,-0.1860593216102775,0.8044125537850997,4.001387551393565,-0.26726978171744725,-0.7903199529147997,-0.8798644300414837,0.39347954944782915,-3.0894507772020208
77.249692897,2.532378162781664,-0.1910121168295444,0.8112147443903484,4.00137129297655,-0.2675458157501384,-0.7901175282893007,-0.8800596077835179,0.39367541872143264,-3.0892483525765218
77.266192106,2.527708002934094,-0.1959957677324737,0.8180186445302281,4.001346835636854,-0.2678316189535248,-0.7899052299495537,-0.8802566186723415,0.39388390935003725,-3.0890360542367747
77.283336816,2.5230716613969144,-0.2010114653123258,0.8248198488045586,4.002243455414314,-0.26777752297393875,-0.7902974421886384,-0.8808130625953328,0.39317876854076106,-3.0894282664758594
77.299569147,2.518471049071583,-0.2060564103502146,0.8316446940008517,4.003092360354024,-0.2677263057852893,-0.7906687823213758,-0.8813398946001274,0.3925111527561964,-3.089799606608597
77.300159242,2.513903299922265,-0.2111347718722956,0.8384333999918394,4.0031107243958335,-0.2677260765310767,-0.7906765266823506,-0.8813519471248261,0.39249729536692257,-3.0898073509695716
77.317214401,2.509372234614988,-0.2162414282773696,0.8452318031968532,4.00243056702207,-0.26787765866486174,-0.7903426824753694,-0.8810123389177389,0.3931057832156486,-3.0894735067625905
77.333801318,2.50487499007586,-0.2213782836167549,0.8520299954771386,4.001818261677999,-0.2680041784198207,-0.7900478269639954,-0.880699191242388,0.3936469519658501,-3.0891786512512165
77.366259266,2.5004134736932087,-0.2265452208786071,0.8588211896608808,4.003073065097991,-0.267212453244295,-0.7909569066648068,-0.8809435711938036,0.3921835180535296,-3.090087730952028
77.36660553600001,2.4959862526830343,-0.2317439073436544,0.8656124320220258,4.00305200823628,-0.2672242069341715,-0.7909431368922419,-0.8809383267562234,0.3922070560340134,-3.090073961179463
77.384293592,2.491597675371827,-0.2369567050095811,0.872369175566187,4.0019763882025,-0.2678246052497568,-0.7902397536702832,-0.8806704320336061,0.3934094158021444,-3.0893705779575042
77.41642597,2.4872323282539286,-0.2422236505422224,0.8792409538881562,4.000843127383324,-0.2682318764697638,-0.7896965019217603,-0.8802200423427577,0.3945262412394013,-3.0888273262089814
77.4171498,2.482907518715717,-0.2475169880221382,0.8860038821150341,4.000833023119601,-0.26822820714123513,-0.7896980684843946,-0.8802105783044127,0.3945313394837484,-3.0888288927716157
77.43315888500001,2.478623211437495,-0.2528352869219188,0.8927915105890479,4.000715790596057,-0.2681678636450271,-0.7897321313984573,-0.8800875117104616,0.39457866194738545,-3.0888629556856784
77.450323713,2.474377498994585,-0.258178247020936,0.8995941368023204,4.0011909700188,-0.268220865435968,-0.7897653446508741,-0.8804433586498308,0.39425932258341234,-3.088896168938095
77.466847149,2.470165605648267,-0.263552836564779,0.9063783570772987,4.001132796456728,-0.26824800102632007,-0.7896711951248356,-0.8804248875781471,0.3943207987828612,-3.0888020194120567
77.483662902,2.4659827560821315,-0.2689644740786789,0.9131764472583518,3.999879975799252,-0.26822032078365665,-0.789283405641374,-0.8795703182212269,0.395237334112156,-3.088414229928595
77.500054566,2.4618513964939703,-0.2743855288467517,0.9198780733970896,3.9993916466400354,-0.26811870545560745,-0.789222925749943,-0.8791694389471156,0.3955341284015623,-3.088353750037164
77.532829539,2.457748123719218,-0.2798465511118649,0.926638866378614,4.0000827923528615,-0.2678085450183861,-0.7897526758270565,-0.8793980168390294,0.39481188603192185,-3.0888835001142776
77.53390531000001,2.45367771395306,-0.2853386056756306,0.9334161850204328,4.000051534744574,-0.26781773650676194,-0.7897308340375879,-0.8793840703726832,0.39484133119469744,-3.088861658324809
77.550284531,2.4496516310024314,-0.2908485927114676,0.9401782989842652,3.9995756200061408,-0.26795768210803456,-0.7893982804581192,-0.8791717275465118,0.3952896504266592,-3.0885291047453403
77.56707255,2.445662707215704,-0.29638806727169,0.9469639082915308,3.999343089912227,-0.2680262646361597,-0.789232421145659,-0.8790681311395852,0.39550883434991,-3.08836324543288
77.583705435,2.441709989551248,-0.3019569090486081,0.953754235911794,3.9994539156247146,-0.26799415430769796,-0.7893020075466879,-0.8791179363692208,0.39540475336777003,-3.088432831833909
77.61619845,2.43779538728561,-0.3075529744735961,0.9605345824503998,3.999184339445178,-0.2681795201477979,-0.7890216154287799,-0.8790768345864843,0.39572931839161773,-3.088152439716001
77.617199729,2.433918424437412,-0.3131757861605996,0.9673218423362444,3.9991734293795904,-0.2681865608164004,-0.7890107455713249,-0.8790748268841031,0.39574214686294695,-3.088141569858546
77.649608263,2.4300786943661663,-0.3188031110628818,0.9740617176438128,3.9987912413781457,-0.26837056851402147,-0.7889081067240795,-0.8789577540022147,0.39614984827520683,-3.0880389310113006
77.65028295900001,2.426268370548698,-0.324488703682963,0.9809315890234768,3.9987832125078273,-0.2683742901028468,-0.7889065899155998,-0.8789551871267158,0.39615831728531115,-3.088037414202821
77.68290455,2.4225009835889484,-0.3301963994701409,0.987703801584714,3.9990502303868154,-0.2681281926362282,-0.7891165274619034,-0.8789492629902678,0.3957952368322668,-3.0882473517491245
77.699507026,2.4187774396193285,-0.3359255438504043,0.9944943815361276,3.9990265641273215,-0.26837567901305326,-0.7890114715507863,-0.8791182052077464,0.3959776323522388,-3.0881422958380074
77.716220975,2.415092969918202,-0.3416774426320719,1.0012827448757804,3.9989277854962757,-0.2687756319307399,-0.7888190740078365,-0.87935093390234,0.3963175689772589,-3.0879498982950575
77.716362104,2.4114494813447336,-0.3474531112911526,1.0080739512026795,3.9989269514307044,-0.2687790090473818,-0.7888174494442559,-0.8793528990135142,0.39632043932919947,-3.087948273731477
77.73418280300001,2.4078445891877998,-0.3532521298481872,1.014854545349807,3.999723224213573,-0.268355803453151,-0.7892169489535767,-0.8795670885903148,0.39544449632596557,-3.088347773240798
77.766317966,2.4042797250875285,-0.3590738443007468,1.0216389106115031,4.00028589100122,-0.2678795290914992,-0.7895405914822895,-0.8795861791900847,0.39470756571153265,-3.0886714157695105
77.782879725,2.400752498828981,-0.3649237951305166,1.0284268235228384,3.999938844601026,-0.2679439737462808,-0.7893824941827781,-0.8794032695378209,0.39500945704384716,-3.088513318469999
77.783329662,2.397264823433179,-0.3707970373526617,1.035219737374617,3.999929416314081,-0.26794572452858834,-0.7893781991181861,-0.8793983003905095,0.3950176585929932,-3.088509023405407
77.81622123800001,2.3938181280894733,-0.3766942282656383,1.0420159718033954,4.00024278547279,-0.26787190188759075,-0.7894636074950583,-0.8795517948991942,0.3947346578019033,-3.0885944317822793
77.81690486100001,2.390411461360959,-0.3826139362604852,1.048808170602781,4.000218377127017,-0.26788465672664674,-0.7894514178176557,-0.8795450667629066,0.3947613633340046,-3.0885822421048768
77.849609169,2.387045776990281,-0.3885553875756631,1.0555900999009171,3.9994264017890098,-0.26828767879649,-0.7890913445592496,-0.8793186750419553,0.39562066451140243,-3.0882221688464706
77.850776424,2.38371916578608,-0.3945212026169297,1.0623728203609704,3.9994641688225787,-0.2682656526271941,-0.789117700186182,-0.8793273760440177,0.39557781835029626,-3.088248524473403
77.86662163700001,2.3804340113835605,-0.4005112053168869,1.069157107080841,3.999976847450025,-0.2679666525423209,-0.7894754716435664,-0.8794454901073472,0.39499619175716383,-3.0886062959307874
77.899503634,2.3771884096200027,-0.4065226516662963,1.0759402172336845,4.0006426604016845,-0.26823808655273795,-0.7895589379343679,-0.8800912404685337,0.3946799801513743,-3.088689762221589
77.90048621700001,2.3739847473584126,-0.4125533390415903,1.0827187831038456,4.000655016435387,-0.26826309023982015,-0.7895489511831943,-0.8801181248384946,0.3946874021853515,-3.0886797754704154
77.932970866,2.3708249313709318,-0.4186037464770089,1.0894980113771584,4.000706748765625,-0.2685721177661828,-0.7892859578876017,-0.8803831816176566,0.39485449243001636,-3.0884167821748227
77.933811479,2.367703235614436,-0.4246772648427801,1.0962825451090252,4.000703078148722,-0.268572846861321,-0.7892800955253065,-0.8803812824657267,0.3948577170586951,-3.0884109198125276
77.95039536,2.3646234744627423,-0.4307743157660331,1.1030648660009066,4.000641679586007,-0.2685103184567566,-0.7892459531275904,-0.8802937499360461,0.3948619171930474,-3.0883767774148114
77.96689233500001,2.361582790170969,-0.4368920349295936,1.1098505177942326,4.000597196313669,-0.26833226952555406,-0.7893347664392465,-0.8801312655653759,0.394776600062833,-3.0884655907264675
77.999656778,2.358584518393614,-0.4430322739216565,1.1166363750527977,4.000944394630167,-0.2677513090469795,-0.7898266771127247,-0.8799288088209192,0.39413078815889424,-3.0889575013999457
78.000952998,2.355621626099562,-0.4491571160076579,1.1233432540463937,4.000966673277702,-0.26772386613892274,-0.7898523266257325,-0.8799231578997415,0.3940958952021778,-3.0889831509129535
78.033096498,2.3526913982536293,-0.4553550711750493,1.130211459680173,4.001450052579472,-0.267378494678059,-0.7900701242899899,-0.8799871633047518,0.3935052681595459,-3.089200948577211
78.03411827500001,2.349816557151179,-0.4615573816348088,1.1369786629207987,4.0014643766366005,-0.26737256923067926,-0.7900707414807933,-0.8799922757260012,0.3934906342028617,-3.0892015657680143
78.066272405,2.3469860400422498,-0.467777564960714,1.143755383916344,4.001448835161392,-0.2673875740185012,-0.7900350266027516,-0.8799931287245304,0.39351222015900733,-3.0891658508899726
78.08290586000001,2.344198897810357,-0.4740124610104028,1.1505323223197774,4.001430516372545,-0.26745013408740836,-0.7899736868152267,-0.8800276228137451,0.3935675328886066,-3.0891045111024478
78.100284586,2.341452740488066,-0.4802672526378542,1.1573054548233492,4.001485929676558,-0.2675333203272852,-0.7898770316344716,-0.8801265880027382,0.3935815498830775,-3.0890078559216927
78.101684905,2.3387499559089235,-0.4865392007782143,1.1640855076753038,4.001490394693295,-0.2675400231933203,-0.7898692434867058,-0.8801345622831596,0.39358267932511337,-3.089000067773927
78.117051496,2.336090067316005,-0.4928278280450746,1.170863625833966,4.001499231442468,-0.267586229804845,-0.7898282233193257,-0.8801749275242736,0.39360684099712406,-3.0889590476065467
78.149495278,2.333474025181536,-0.4991360561628704,1.177640764772358,4.001193213562799,-0.2674465324350254,-0.7897737453481746,-0.8798669796533822,0.39374223082918336,-3.0889045696353956
78.150507417,2.3308927813099483,-0.505456662538224,1.1844255348961688,4.00116797569673,-0.2674306305591293,-0.7897720276774081,-0.8798383133164269,0.3937504807180492,-3.088902851964629
78.166837915,2.3283544141025896,-0.5118052729122036,1.1912205049376083,4.000760771823182,-0.267174059522425,-0.7897443136786624,-0.879375792300717,0.39388358970172455,-3.0888751379658834
78.199585396,2.3258641894979752,-0.518171581735027,1.1980014685108438,4.0010014441199475,-0.26788473777828287,-0.7893840090740483,-0.880066358269902,0.39417702688407097,-3.0885148333612693
78.216321707,2.323417340368945,-0.5245529609097266,1.2047821673581796,4.0019515236041565,-0.2674485600837682,-0.7899524289695599,-0.880373244963959,0.3931776658059225,-3.089083253256781
78.232961394,2.3210143436707336,-0.5309486957300703,1.2115595551108935,4.002874434934974,-0.2670226131318456,-0.7905070618349566,-0.8806696828246392,0.3922053897519344,-3.0896378861221776
78.234241915,2.318655675731733,-0.537359084768361,1.2183345897375717,4.002906125701073,-0.26700851350743426,-0.7905274934251807,-0.8806802547491923,0.39217235433948483,-3.0896583177124017
78.249805271,2.3163394276058966,-0.5437855563377367,1.2251084157103098,4.00329129289061,-0.2668371477319569,-0.790775817437277,-0.880808745125711,0.3917708444192547,-3.089906641724498
78.267586674,2.314067508411123,-0.5502269205436846,1.231881127696668,4.003675431686651,-0.2666657718870576,-0.7910308999884101,-0.8809365434604635,0.39137009527019373,-3.090161724275631
78.299591639,2.3118389631790226,-0.5566838319379104,1.238654873775307,4.003762664531422,-0.2666152628454707,-0.7911655400125195,-0.8809569139597055,0.39127137457707706,-3.0902963642997405
78.300514799,2.309653790670241,-0.5631580190543091,1.245433180593572,4.00371255495335,-0.2666351161616185,-0.7911381389504015,-0.8809383758534821,0.3913219854711043,-3.0902689632376226
78.317337956,2.3075124707817665,-0.5696458465607992,1.2522101787044695,4.002799385731223,-0.2669969120090613,-0.7906387971570208,-0.8806005476639225,0.39224429039779896,-3.089769621444242
78.349572108,2.3054159583611686,-0.576147315556622,1.2589849396853794,4.0015653969206735,-0.2669613707191493,-0.7901710334519443,-0.879752646730358,0.39314153929008633,-3.0893018577391653
78.350329582,2.3033609110783746,-0.5826658792631894,1.2657674424956062,4.001543070023158,-0.26695110868368815,-0.7901663668878527,-0.8797301269373872,0.39315137080314644,-3.0892971911750737
78.38286746300001,2.30135258153736,-0.589194748798187,1.2725388265179098,4.000500247451413,-0.26724311728936534,-0.789621676418685,-0.8792539167923685,0.39412398163986984,-3.088752500705906
78.38334292900001,2.299388581964785,-0.5957378553192281,1.279320453410222,4.00048431166013,-0.2672534859407797,-0.7896108508613242,-0.8792510474486117,0.3941427759273628,-3.0887416751485453
78.400449647,2.297468913502328,-0.6022933510830999,1.286097579375759,4.000073985699101,-0.2675537365219611,-0.7893095741437044,-0.8792019953725543,0.39464885072383904,-3.0884403984309254
78.41705266400001,2.2955930996464304,-0.6088613547498752,1.292878439787676,4.0001220055886355,-0.26764586024051806,-0.7892586453621462,-0.8793027091983672,0.3946743343382164,-3.0883894696493672
78.43376254500001,2.2937625702444864,-0.6154425236183111,1.2996593247806236,4.000123634038408,-0.26771883264149765,-0.7892239251603321,-0.8793582512778255,0.39472169149778935,-3.088354749447553
78.466217298,2.291977804129651,-0.6220353085181207,1.3064395269954374,4.000060817549588,-0.26777764630336,-0.7892033322235754,-0.8793603305850861,0.3948077184387473,-3.0883341565107965
78.466890331,2.290235462325621,-0.6286398844172355,1.3132171850408754,4.000064068673391,-0.26777668867035886,-0.7892030433888166,-0.8793617799566613,0.39480465474996107,-3.0883338676760377
78.483405921,2.288539359217224,-0.6352570305706094,1.3199984266651266,4.0001438481608105,-0.26775318926688635,-0.7891959556584531,-0.8793973461572699,0.3947294747396475,-3.088326779945674
78.516245237,2.2868875895323826,-0.6418853738751391,1.326780187924406,3.999450115378307,-0.26786727998976056,-0.7888343505343158,-0.8790207225415108,0.3953231383806246,-3.087965174821537
78.51660080500001,2.2852806294728074,-0.6485249148798866,1.333562736293327,3.9994406824626263,-0.2678688778427267,-0.7888296518424323,-0.8790156361844579,0.3953312415901289,-3.0879604761296533
78.533667756,2.283719435369256,-0.6551734493132172,1.340347479528352,3.99964699142581,-0.2677986888673617,-0.7889670044509316,-0.879100580216583,0.3951305567826342,-3.0880978287381526
78.55029002,2.282204004290626,-0.6618334805685286,1.3471258747274226,4.0000675113779245,-0.26768139105664457,-0.7892216812146273,-0.8792929524275945,0.3947386527906209,-3.0883525055018484
78.56696462400001,2.2807329077412404,-0.6685032188595861,1.3539085391987773,4.000212438281321,-0.2677834505400427,-0.789207279556166,-0.8794655851412259,0.39469842976656944,-3.088338103843387
78.58327284,2.279306620461285,-0.6751848105017013,1.3606932184437366,4.00028909066338,-0.26793491478086273,-0.7891297582982411,-0.8796296424296877,0.39474204409936364,-3.088260582585462
78.60042026500001,2.2779265760584324,-0.6818750980986077,1.3674763898724729,4.000903362271414,-0.2677306114485126,-0.7894280993685534,-0.8798860502621548,0.39414763306018674,-3.0885589236557744
78.61654237500001,2.2765918209887026,-0.6885744381794788,1.374256833440703,4.0017623090777406,-0.26734681924791664,-0.7899088959134737,-0.8801713709867638,0.3932511520768722,-3.0890397202006947
78.633481493,2.275303309464768,-0.6952820569829904,1.381038392541717,4.001912061857819,-0.267162152839189,-0.7900427431510479,-0.8801332369796708,0.39301647490466163,-3.089173567438269
78.650439968,2.274058179325266,-0.7019989644913285,1.3878185373830436,4.001670405964665,-0.26709098206662496,-0.7899835788992124,-0.8799192705306758,0.39314944560920884,-3.0891144031864335
78.66680874900001,2.2728592929864058,-0.7087240315131501,1.3946079202636523,4.001422507964808,-0.2673720230350411,-0.7897666971878969,-0.8799639991645205,0.3935215165615502,-3.088897521475118
78.683527447,2.271706652853436,-0.7154552314919101,1.4013974662390274,4.001167489340132,-0.26770256543800286,-0.7895253094438068,-0.8800409302444345,0.3939318510446621,-3.088656133731028
78.700134121,2.2705997818099286,-0.7221926234827649,1.408182100145884,4.001612574465246,-0.2676117003916136,-0.7897436083015208,-0.8802693800632921,0.3935392088340972,-3.088874432588742
78.716262193,2.269540108169055,-0.7289381760857753,1.41496506573335,4.002059710363208,-0.2675145239092486,-0.7899653741662078,-0.8804944848092546,0.3931408350983707,-3.089096198453429
78.73460558800001,2.2685242945107555,-0.7356914682232183,1.4217517568204687,4.00151706844434,-0.2674791101564694,-0.7897563224558475,-0.8801068586412932,0.3935222277305894,-3.0888871467430685
78.767184036,2.267555200564328,-0.7424541721204426,1.4285360241517524,4.0005495690919135,-0.2674537584577015,-0.7893994896495187,-0.8794439447809737,0.3942273822663984,-3.0885303139367397
78.767608345,2.26663044736151,-0.7492208014065029,1.4353206971594918,4.000541392922336,-0.26745398807479864,-0.7893971620496991,-0.8794386738562454,0.39423363685075596,-3.08852798633692
78.78360451600001,2.265752417753856,-0.7559932065712867,1.4421061993213884,4.000233156691924,-0.26746264448875845,-0.7893094130631706,-0.8792399634511368,0.3944694305787104,-3.0884402373503916
78.81625205600001,2.2649206362241525,-0.7627699565547663,1.448890449082091,4.000150922248474,-0.2677433050780813,-0.7890645072163451,-0.879394678453044,0.3947176162718389,-3.088195331503566
78.816923476,2.2641351031194143,-0.7695508725431908,1.455681235628813,4.000151592747312,-0.26775021283829964,-0.7890591863264262,-0.879400279906803,0.394721713885255,-3.0881900106136473
78.84964075900001,2.2633953410595486,-0.7763366096379614,1.4624705375370928,4.001927595658527,-0.26740369499909267,-0.790017664273666,-0.8803238357657306,0.3931656594103172,-3.089148488560887
78.850447216,2.2627023013007888,-0.7831288378665037,1.469252404618079,4.001921190225977,-0.2674021413536741,-0.7900157584726983,-0.8803184126721195,0.3931694055331043,-3.0891465827599194
78.882928148,2.2620540794527426,-0.7899250516380217,1.4760340799033922,4.0016350133788166,-0.26734920595995715,-0.7899209120673163,-0.8800884206186548,0.3933477394869702,-3.0890517363545373
78.89959795300001,2.261452581431204,-0.7967269220790958,1.482819698219695,4.001223120283854,-0.2674126573529853,-0.7897021896061212,-0.8798616059598388,0.39369736373026676,-3.088833013893342
78.916178077,2.2608968539808365,-0.8035334944170268,1.4896045557475406,4.000913248517216,-0.26747909346888554,-0.7895394723268883,-0.8797049269661161,0.39397283779834114,-3.0886702966141093
78.93291189300001,2.2603878537687607,-0.8103428027988796,1.4963946805406725,4.0009503174546595,-0.2675578031793909,-0.789567417907513,-0.8797883408756033,0.39399756519923645,-3.088698242194734
78.94957217000001,2.259924146397076,-0.8171575277834676,1.5031831310178214,4.000901970165854,-0.267630484672888,-0.789543472872758,-0.8798104006234819,0.3940820248189101,-3.088674297159979
78.950335775,2.2595076410200297,-0.8239768967087503,1.5099762380622186,4.000890134827799,-0.26763317479387383,-0.7895365342584082,-0.8798045302899311,0.39409264796165644,-3.0886673585456292
78.966810378,2.259137387833733,-0.830796795757866,1.5167617541210985,4.0006347901196895,-0.2676912135380732,-0.789386835242821,-0.879677879187958,0.39432183983358193,-3.088517659530042
78.98341599000001,2.258813386872699,-0.8376175825586498,1.5235441389127689,4.0005604642542885,-0.2675971480218179,-0.7894095370124283,-0.8795582062453815,0.39431469543500386,-3.0885403612996494
78.999609948,2.258535635460673,-0.844441641295343,1.5303317634331617,4.000672374044158,-0.2673517286493037,-0.7896065415158198,-0.8794495439314112,0.394067821031721,-3.088737365803041
79.017292493,2.258304137253271,-0.8512655745053298,1.5371225918435143,4.000897701841214,-0.26704830701591276,-0.789855644536356,-0.8793730896140683,0.3936976966727612,-3.088986468823577
79.033275388,2.258118891019957,-0.8580906338854165,1.5439030106578802,4.001173659709459,-0.2667492071112478,-0.7901046282449116,-0.8793335613077327,0.39329266456166945,-3.0892354525321326
79.066240033,2.2579798967515554,-0.8649165214124162,1.5506871545829022,4.0015690018355174,-0.2665229271964927,-0.7903962284856156,-0.8794278428572517,0.3928470088808149,-3.0895270527728367
79.082856746,2.2578871525815125,-0.8717452040384831,1.5574757445144092,4.000876526770688,-0.26677483403605284,-0.7900126539371186,-0.8791549063816406,0.39353146812102446,-3.0891434782243397
79.083594272,2.257840184008326,-0.8785746546576879,1.5642706704732248,4.0008378741679635,-0.2667890283977107,-0.7899910060509239,-0.8791397711672326,0.3935697621007743,-3.089121830338145
79.100182411,2.257840897684796,-0.8854052926995792,1.571063189779015,4.00000280992139,-0.2670948467348091,-0.7895231179958131,-0.8788121566840799,0.3943965183536329,-3.088653942283034
79.116983766,2.2578869121584417,-0.8922349100470889,1.57785021351639,4.000560647792574,-0.2668546952090898,-0.7898271704024644,-0.8790042477279307,0.3938203613639977,-3.0889579946896855
79.13385173900001,2.2579791797842037,-0.8990642230539586,1.584634883158537,4.000984574086734,-0.26667157047703527,-0.7900548139027634,-0.8791497617134074,0.39338209905624044,-3.0891856381899845
79.166274691,2.258118656426838,-0.9058919215178888,1.5914176368434088,4.000630939490441,-0.26680949348902383,-0.789832370015521,-0.8790173025012189,0.3937378162782541,-3.088963194302742
79.182917183,2.258304387925824,-0.9127181831538626,1.5982045521455075,4.000596606686754,-0.26678108865144134,-0.7898313853010865,-0.8789732515617987,0.3937445312572816,-3.0889622095883076
79.183574085,2.2585358977375845,-0.9195425901802048,1.6049926884334007,4.000595251523873,-0.2667799674735181,-0.7898313464330577,-0.8789715128107627,0.3937447963067191,-3.088962170720279
79.21629112800001,2.2588141378740705,-0.9263669318339594,1.611779297812651,4.000517315304113,-0.26702162151958825,-0.7897159958406572,-0.8790999788683402,0.3939638104715195,-3.0888468201278783
79.232902912,2.2591391129015923,-0.9331868569787408,1.618566618219919,4.000422573962497,-0.2671137296979555,-0.7896315383477166,-0.8791056552781207,0.3940958241704502,-3.0887623626349376
79.23352914600001,2.2595089132579167,-0.9400043899737716,1.6253437280898069,4.000414526732521,-0.26710744080143073,-0.7896288588331295,-0.8790956055164636,0.39409764362652666,-3.0887596831203505
79.250074493,2.2599264008117355,-0.9468189380691884,1.6321240433689883,4.000201915771866,-0.26694128569767217,-0.7895580650106062,-0.8788300868862349,0.39414571436707924,-3.0886888892978273
79.267538872,2.260389668928245,-0.9536299030215404,1.6389045219855602,4.000053751994849,-0.2670316412350206,-0.7894174605938389,-0.878798895879418,0.39431642977072867,-3.08854828488106
79.283919866,2.2608987159810563,-0.960438655736726,1.6456899477564324,4.000021181976254,-0.2674871830527824,-0.7891936573823912,-0.8791171799641986,0.39464395747217695,-3.0883244816696123
79.30195846000001,2.261454974126971,-0.9672437673522772,1.6524709562984512,4.000151134161502,-0.2676968920292581,-0.7891775126605491,-0.8793601821905614,0.3946865643172637,-3.08830833694777
79.31680002,2.262056530765801,-0.9740493483883088,1.6592410873684595,4.000361416568134,-0.2676874605731221,-0.7893077892500671,-0.8794931134233881,0.394523356075307,-3.088438613537288
79.333683291,2.26270387347002,-0.9808468759360452,1.6659651590908282,4.000502307055587,-0.2675555953632738,-0.7894155260522027,-0.8794884851216285,0.3943304386270392,-3.0885463503394237
79.35038370400001,2.263397002205113,-0.9876359923676512,1.6727214052095465,4.000579279877364,-0.26734828780462383,-0.7894964199289412,-0.8793850100351821,0.39413500540148494,-3.088627244216162
79.36767362100001,2.264135432855918,-0.994423015221928,1.679496363704177,4.000196304182679,-0.26717673936490305,-0.7894121471909656,-0.8790020669718097,0.39430662667087013,-3.0885429714781867
79.399576912,2.2649215521877637,-1.00120562266599,1.6862731679561536,3.9997404643349435,-0.2670451178145618,-0.7892380159698611,-0.8786004203159643,0.3945592017352486,-3.088368840257082
79.416232099,2.265752023902794,-1.007982439948441,1.693056012138333,3.999897282651866,-0.26708966847277843,-0.7892114490461566,-0.8787380503644187,0.39447182487657084,-3.0883422733333776
79.41681746500001,2.2666292320015837,-1.0147537082345055,1.699834133709988,3.999902794214775,-0.2670912342576956,-0.7892105153205939,-0.8787428875332206,0.3944687539148184,-3.088341339607815
79.44959120600001,2.2675526989450328,-1.0215202614394234,1.7066097087601892,3.9994498540999053,-0.267225715029204,-0.7890362386498566,-0.8785417589358295,0.3948962900102244,-3.0881670629370777
79.450221838,2.2685214706846213,-1.0282820984643175,1.7133881982206665,3.9994397815167106,-0.2672283861358082,-0.7890326678054755,-0.8785370477504735,0.39490558498065154,-3.0881634920926966
79.46680252200001,2.269536504219801,-1.0350365978054028,1.720166507139694,3.9995538391505128,-0.2671023949942055,-0.7891273494687372,-0.8785189424835678,0.39473660240491926,-3.0882581737559582
79.499648631,2.2705963692151565,-1.041783280977609,1.726947382988958,4.00005825380152,-0.26694349184009136,-0.7894131802154885,-0.8787361079195906,0.3942543954722284,-3.0885440045027095
79.500528809,2.2717024937418606,-1.0485246530226155,1.7337308779502705,4.0000775494231045,-0.2669448645225439,-0.7894222353640892,-0.8787499760292867,0.39424090915312693,-3.08855305965131
79.51713872900001,2.2728539269336703,-1.0552579710297172,1.740509572319071,4.000441678872895,-0.26697076853936985,-0.7895931159062783,-0.8790116824029885,0.39398640758484804,-3.0887239401934994
79.533379045,2.2740516217998934,-1.0619838321436814,1.7472925892859386,4.000025840423693,-0.2671302134859302,-0.7892786214182674,-0.8788538800644909,0.3944028721437043,-3.0884094457054885
79.566315196,2.275294626735445,-1.068700685546197,1.754071298952805,3.999375371591275,-0.2673624217771788,-0.7889121995614836,-0.8785942033851768,0.395042870905181,-3.0880430238487047
79.56686408200001,2.2765834173060164,-1.0754092470416738,1.7608523035205053,3.999369395080929,-0.26736446468046426,-0.7889117004330011,-0.8785917498409344,0.3950486908923292,-3.088042524720222
79.583536511,2.2779175184247644,-1.0821083239888285,1.7676375079547892,3.9992155725097547,-0.2674314279271366,-0.7888757282509946,-0.8785393348912032,0.3952080588089628,-3.0880065525382157
79.60008815100001,2.2792969296091696,-1.0887982740152589,1.774420813877062,3.999188972706145,-0.2675202481409297,-0.7887453191394336,-0.8785879144353164,0.39528703100548856,-3.0878761434266546
79.616837868,2.280721648889497,-1.0954807660498904,1.7812059858600335,3.999291436955154,-0.2675511547637484,-0.7886966878329549,-0.8786791825889861,0.3952311358734577,-3.087827512120176
79.633430796,2.282192157563645,-1.1021518667380987,1.7879868240757515,4.000256074848155,-0.26718832924993957,-0.7892044772475248,-0.8790505013239098,0.39426973532468645,-3.088335301534746
79.666306581,2.283707977991169,-1.1088121715765296,1.7947660340813207,4.000587578712664,-0.26678342586151227,-0.7895721789862371,-0.8789689865154613,0.3937528244018491,-3.088703003273458
79.667344399,2.2852676796853446,-1.1154623941727757,1.8015452198463997,4.00056097646081,-0.26677801085713987,-0.7895688074189948,-0.8789472381905044,0.3937690728613954,-3.088699631706216
79.699546701,2.286872693172558,-1.1221015825007163,1.8083238620529345,3.999992041677003,-0.2670941080586703,-0.7892573714041511,-0.8788044377809738,0.3944040628393308,-3.088388195691372
79.716164616,2.2885234952493945,-1.1287299755282325,1.8151009790454016,3.9999575558886193,-0.26723853784341484,-0.7891767870475217,-0.8788892687311525,0.39452593548685133,-3.0883076113347427
79.716961565,2.290219608293762,-1.1353487647983431,1.821883142930099,3.999976026156943,-0.2672291237785285,-0.7891876221947953,-0.8788945374855235,0.39450588515874907,-3.0883184464820164
79.74957204500001,2.291959130817004,-1.1419519876526578,1.8286645318699708,4.000135796310147,-0.26711717483622754,-0.7892708602355114,-0.8789173392033929,0.3943121349350096,-3.0884016845227324
79.75129222400001,2.293743014665085,-1.148542148583782,1.835444323656173,3.9999936135288303,-0.26718032266391084,-0.7891842487613552,-0.8788698246329893,0.3944602766139633,-3.088315073048576
79.78290033200001,2.2955707800596423,-1.1551213928079376,1.842222612629741,3.9981184356750394,-0.26786986159886966,-0.788101171991304,-0.8781362463625997,0.3963186680817077,-3.087231996278525
79.78399803500001,2.297445290427091,-1.1616878162739666,1.8490003782734972,3.9981482073520445,-0.2678332242442946,-0.7881289814271941,-0.8781287213400955,0.396272063119115,-3.087259805714415
79.816265961,2.2993632077418376,-1.1682411767177787,1.8557796431749964,3.999422564932225,-0.2668933311841781,-0.7890320653908915,-0.8782755417529224,0.3946954116126,-3.0881628896781126
79.83298418800001,2.301325485452377,-1.1747818328657964,1.8625580955427576,4.0005328917200895,-0.2665609334995044,-0.7895964713833123,-0.8787665428436124,0.39364553937010216,-3.0887272956705334
79.84964935400001,2.303332122306508,-1.1813110960194515,1.8693432216022583,3.999761090122648,-0.2666499318892296,-0.7892976175331512,-0.8783192284605152,0.394280762371781,-3.0884284418203722
79.86631367800001,2.305384550724695,-1.187826941270031,1.876125303796711,3.9986233848622685,-0.2668208061077112,-0.7888309690626585,-0.8776894611171793,0.3952435522508839,-3.0879617933498795
79.86717498,2.307480389585316,-1.1943272201052535,1.8829044373761208,3.9985645821279863,-0.26682963780746244,-0.7888068501568508,-0.8776569113496429,0.39529331441636106,-3.087937674444072
79.89964122500001,2.309619160985739,-1.2008124088123728,1.8896805758127004,3.999660011231626,-0.26732402137191524,-0.7889914927096182,-0.8787550097821466,0.3948048885136539,-3.0881223169968393
79.900653514,2.311802295736557,-1.2072823898303104,1.8964608597193016,3.999651954199365,-0.2673289800008239,-0.7889823195169896,-0.8787533473445532,0.3948142019486145,-3.0881131438042106
79.91684963600001,2.314028841072296,-1.213736089177317,1.9032418255952428,3.999229601028124,-0.2673371770255101,-0.7887319452406452,-0.8784783347167413,0.3951348535461694,-3.087862769527866
79.93373906900001,2.3162992701666023,-1.2201774413070874,1.9100213565841448,3.998821955202279,-0.26732970869601186,-0.788496694716919,-0.8782014209004241,0.39543410199412987,-3.08762751900414
79.95014190500001,2.3186140634786647,-1.2266027512831594,1.916800120176297,3.998903073097892,-0.2670894354355886,-0.7886441906544093,-0.8780761031124675,0.3952136324844808,-3.0877750149416303
79.982916517,2.3209722673323148,-1.2330118987975545,1.9235976648606647,3.9989221514606577,-0.26728012528985584,-0.7885412558038176,-0.8782311109927736,0.39532632304082593,-3.0876720800910387
79.98361586,2.323375308009663,-1.2394088194024129,1.9303768441215543,3.9989205501318503,-0.2672936150317061,-0.7885334746127803,-0.8782401122831542,0.39533649723173303,-3.0876642989000014
80.00024116,2.325820806065793,-1.2457893380285758,1.9371601206405984,3.999084300721776,-0.26746494529775483,-0.7885201774497936,-0.8784769702420898,0.39532833493707376,-3.0876510017370147
80.033009921,2.3283092405776924,-1.2521514286687758,1.9439427866640404,3.999827506597381,-0.26720432270831734,-0.7890195586191631,-0.878777170121539,0.3946002146585217,-3.088150382906384
80.03373376100001,2.330841563392804,-1.2584968805599803,1.9507234843084624,3.999801760675398,-0.2671975187628265,-0.7890135812623242,-0.8787549552488048,0.39461489953517903,-3.0881444055495453
80.066326847,2.3334177750604788,-1.2648252168653489,1.957504315237906,3.998917763242018,-0.26694868128987065,-0.7888176242056595,-0.8779808387054469,0.3951089796172189,-3.0879484484928805
80.06729859900001,2.336035491368632,-1.2711361964195589,1.9642879390457355,3.9989320549088396,-0.2669497569296214,-0.7888225888313443,-0.877991154366411,0.3950990299498738,-3.0879534131185653
80.083511974,2.338698050657192,-1.2774295846497512,1.9710698331244323,3.9991705068529058,-0.26696770363890887,-0.7889054220418501,-0.8781632679093576,0.39493302289479004,-3.088036246329071
80.100289274,2.341418760066132,-1.283744378349892,1.977739936452508,3.9995686414347693,-0.2669626098635444,-0.7890642707045217,-0.8784244758805881,0.39463251085245377,-3.0881950949917427
80.11724857,2.3441162954648425,-1.2898917753994708,1.984805276864318,4.000178189286219,-0.2669250884091819,-0.7893248876359209,-0.8788022061041292,0.3941526397020736,-3.088455711923142
80.133558879,2.34690195973035,-1.2961152103470064,1.9918098887865137,4.000415967386386,-0.2670023840714169,-0.7893976458586209,-0.8790181622944213,0.394026639828287,-3.088528470145842
80.166327941,2.349734839234081,-1.302330712662967,1.998678688885416,4.000356024973152,-0.2671712453480921,-0.7892909172836085,-0.8791042814444996,0.3941837726245283,-3.0884217415708295
80.18290911700001,2.3526101788471925,-1.3085276672345625,2.005514970259559,4.000415848467713,-0.26700054897694214,-0.7893132614301948,-0.8790167136371472,0.39402550708582584,-3.088444085717416
80.18383955,2.3555275032764755,-1.3147042853740485,2.012332865298441,4.000419205392066,-0.2669909705527883,-0.7893145152454437,-0.8790117998736298,0.3940166262030722,-3.0884453395326648
80.21625376600001,2.358487288713342,-1.320861759723213,2.019145096507538,3.9998004369383313,-0.26658070873268064,-0.7892219951163639,-0.8782937586508006,0.39420532162615807,-3.088352819403585
80.23293224700001,2.361489537246513,-1.3269977060975484,2.0259545892155693,3.999343861735047,-0.2667343175948492,-0.7889590366532317,-0.8781044854269577,0.3946483027155141,-3.088089860940453
80.233323232,2.364531387654324,-1.3331123596193937,2.032758636179516,3.999332535867027,-0.2667404296116512,-0.7889514675377587,-0.8781015079169738,0.3946608233572739,-3.0880822918249797
80.250844981,2.3676161779351945,-1.3392058433435534,2.0395556717832184,3.9988249741532873,-0.2670143358338559,-0.78861226234703,-0.8779680726634949,0.39522192811126056,-3.087743086634251
