t_s,gt_x,gt_y,gt_yaw,est_x,est_y,est_yaw,est_x_al,est_y_al,est_yaw_al
0.0,-0.0052318537658632,7.85007865901337e-07,3.122391681762131e-05,-0.0032339999997549,4.743465633902481e-09,0.0,0.24620735024792045,-0.46881285446131404,0.1770110013295394
0.032941196,-0.0052382916988042,3.1559069684233617e-07,-3.521954623760342e-05,-0.0032477603841272475,4.9765795995731885e-09,-1.1598045772664989e-06,0.24619380483653774,-0.46881527727137723,0.17700984152496213
0.049681553,-0.0052444898794625,7.995722346139188e-07,-3.323978054915696e-05,-0.0032479999997529,4.980638915593805e-09,0.0,0.2461935689643313,-0.46881531946083455,0.1770110013295394
0.066384318,-0.0052506886097211,8.067169309160186e-07,3.2594917227913474e-05,-0.0032479999997529,4.980638915593805e-09,0.0,0.2461935689643313,-0.46881531946083455,0.1770110013295394
0.066917143,-0.0052568880142079,5.754435057419052e-07,-3.5710065404935274e-05,-0.0032480149188103048,4.980891658579874e-09,-7.221228193188267e-08,0.24619355427834838,-0.46881532208765375,0.17701092911725747
0.083395761,-0.0052638021398142,5.834127078865196e-07,-3.373180232992136e-05,-0.0032549561760210908,5.0984831408659e-09,-3.3669778650935456e-05,0.2461867214616269,-0.4688165442444894,0.17697733155088846
0.100144414,-0.0052702391344503,9.484600290025548e-07,3.391350968014809e-05,-0.003268916224143318,5.3349795998799236e-09,-3.347640074258251e-05,0.24617297950576134,-0.46881900220962736,0.17697752492879681
0.132944441,-0.005275961095373,8.35845861979052e-07,-3.5125080262809704e-05,-0.003279415487306147,5.5128470784579516e-09,-1.6531885565829185e-05,0.24616264426839385,-0.468820850829532,0.17699446944397357
0.13333002500000002,-0.005282398679452,4.856377448564352e-07,-3.46974308826818e-05,-0.003279497768815382,5.514241005284445e-09,-1.693015037318446e-05,0.2461625632723358,-0.46882086531695205,0.1769940711791662
0.16627614000000002,-0.0052885969775891,9.696193706452326e-07,-3.435092652244125e-05,-0.0032903211912011063,5.697600048623156e-09,-1.554653699109565e-06,0.2461519089399555,-0.4688227710120231,0.1770094466758403
0.16665016300000002,-0.00529479622118,8.57555138235047e-07,-0.0001126039441537,-0.0032969999997458,5.810745401521869e-09,-3.3881897385956705e-05,0.24614533447176942,-0.46882394695915613,0.17697711943215344
0.183408594,-0.0053017118689108,-8.814902569733413e-08,-3.941470346625243e-05,-0.0032969999997458,5.810745401521869e-09,-3.3881897385956705e-05,0.24614533447176942,-0.46882394695915613,0.17697711943215344
0.216255621,-0.0044553176402698,6.923327295886337e-06,-6.170392224174501e-06,0.0024063108410758414,-3.8114158709566795e-07,-9.992804115688259e-05,0.25175959588917723,-0.4678200428632527,0.17691107328838251
0.23297440600000002,-0.0026838952128732,-1.5860839611052803e-05,-3.319178122852439e-05,0.0054241736692046995,-7.314629984796016e-07,-0.00011831745497392632,0.2547303645364093,-0.46728897806800634,0.17689268387456547
0.24979213100000003,1.4092858613239642e-05,2.299116464298754e-05,4.640465025647569e-05,0.00838270061886705,-1.082304772954964e-06,-0.00013550841831255767,0.25764272455454196,-0.4667683621253475,0.17687549291122684
0.250187213,0.0036280098783176,-2.989540551243177e-06,0.0001118190905286,0.008514804324340246,-1.1132449867846089e-06,-0.00014001282783882019,0.2577727695107063,-0.4667451306954892,0.17687098850170058
0.28291686600000004,0.0081417588155599,6.828305183827189e-06,0.0001634777132644,0.025707896749629464,-6.546789658747802e-06,-0.0004691721131591109,0.27469816661305796,-0.46372298086537633,0.17654182921638029
0.299626324,0.0135061740367116,6.96339156375263e-06,0.0002195160250197,0.028731165518858695,-8.062180467934233e-06,-0.0005073714524925776,0.27767446188522743,-0.46319211101290036,0.17650362987704682
0.316349258,0.0195522294974558,8.577799370797788e-06,0.0003336606020418,0.03166360191904744,-9.552528234295412e-06,-0.0005414093154709754,0.28056133968736346,-0.4626772110053043,0.17646959201406842
0.316719132,0.0260469882661372,1.050949833371912e-05,0.0004480785243577,0.03173306876487486,-9.587833265466211e-06,-0.0005420089641923198,0.28062972728996954,-0.4626650134758227,0.17646899236534708
0.349610232,0.0327014879790407,1.2972336526900144e-05,0.0004101076285644,0.04424284043603895,-1.5508115535977105e-05,-0.0004069912336608361,0.29294506896747674,-0.46046801969325174,0.17660401009587856
0.349935582,0.0394132087757813,1.5965268718962606e-05,0.0005254526983435,0.04437308987528575,-1.5559313006699455e-05,-0.0004056545268080747,0.2930732921984681,-0.46044513471828097,0.17660534680273132
0.382938345,0.0461468648444417,1.95289652680411e-05,0.0005514027586332,0.06091895796326099,-2.082783650312915e-05,-0.00023817995786101775,0.3093615491633227,-0.457536790930335,0.17677282137167838
0.383195075,0.0528864825430479,2.3801046813423385e-05,0.0007356276258903,0.06097191932584543,-2.084039752353234e-05,-0.00023764701117201525,0.3094136851855473,-0.45752747743092936,0.17677335431836738
0.39989797000000005,0.0596291994622344,2.818876543226329e-05,0.0008385456834136,0.06600780912586446,-2.1924875833336867e-05,-0.00018697118536392665,0.3143710772315148,-0.45664178484509227,0.17682403014417547
0.41648566600000003,0.0663723936569401,3.281435274846593e-05,0.0008663432192733,0.07446319047812656,-2.3074113212238747e-05,-8.511647289655144e-05,0.32269454068144815,-0.455154024336626,0.17692588485664285
0.433249618,0.073115826728962,3.779729286048984e-05,0.0008924912721168,0.08462489324014005,-2.3360846167961935e-05,3.404187241784484e-05,0.3326975113963282,-0.45336495195603865,0.17704504320195724
0.466276727,0.0798592601825394,4.337627925319539e-05,0.0009169023054853,0.09465277067224644,-2.2457036228983357e-05,0.00013488263781402665,0.34256853823979805,-0.45159827267962244,0.17714588396735342
0.466586718,0.0866031715516449,4.978918043030738e-05,0.0010812490898132,0.09471639945832784,-2.2448412772927284e-05,0.00013552160166119265,0.34263117127046694,-0.4515870599207385,0.1771465229312006
0.48313599,0.0933470833130294,5.644049994013691e-05,0.0010329307769997,0.09986925914966391,-2.162955623300183e-05,0.00018726690859782735,0.34770337033035903,-0.45067889673829176,0.17719826823813722
0.499876517,0.1000902801581793,6.356948085008875e-05,0.0011963378862189,0.1115987560650626,-1.8785237840005476e-05,0.00030519576732723763,0.3592490861590122,-0.4486106723833241,0.17731619709686663
0.5167527230000001,0.1068344315038017,7.1293408505961e-05,0.0012164878942461,0.11501003499884399,-1.7629431767874705e-05,0.00033945202382579254,0.36260685834451306,-0.4480088491117358,0.1773504533533652
0.533387038,0.1135778679602598,7.937578822836412e-05,0.0012333059103845,0.11842415935613189,-1.6465670798518568e-05,0.0003737368542542363,0.3659674300913547,-0.44740651696441497,0.17738473818379363
0.549976337,0.1203210662769681,8.757765185558788e-05,0.0012507377579659,0.1251513604549762,-1.3726320520535518e-05,0.0004408786579106483,0.3725890323792294,-0.4462192405561831,0.17745187998745005
0.566601284,0.1270649804916329,9.62555278536455e-05,0.0014037990236949,0.13189370953859184,-1.0636659071997676e-05,0.00047560889221465175,0.3792254842701529,-0.44502895193118563,0.17748661022175405
0.5995872250000001,0.1338088951113491,0.0001055294501147,0.0013493277172383,0.14851053013606594,-1.0715407963410811e-06,0.0006421949047275,0.39558097304276874,-0.4420935123952787,0.1776531962342669
0.616286082,0.1405528099389525,0.0001149225815334,0.0014312882826474,0.15199507608578558,1.1716570513508481e-06,0.000677186917996675,0.39901067592759565,-0.4414777172755724,0.17768818824753607
0.6166022950000001,0.1472960093405636,0.0001245549561075,0.0015778953078635,0.15326505819837655,2.051477305434171e-06,0.0006837954376588407,0.4002606589024948,-0.44125322250314575,0.17769479676719824
0.64962715,0.1540404020872698,0.0001346627929947,0.0015259884804628,0.16885957410228586,1.3564593396469271e-05,0.0007960239837223604,0.41560947406995985,-0.4384958810690614,0.17780702531326176
0.649933163,0.160784080196116,0.0001453675003866,0.0016692098751617,0.16892163123753173,1.3614004823890526e-05,0.0007963358980016544,0.4156705528254797,-0.43848490490850517,0.17780733722754105
0.666543713,0.1675282352551152,0.0001561908674064,0.0017435940935636,0.17230991351930464,1.6313868366526226e-05,0.0008135665066610898,0.4190054158049828,-0.43788561114232766,0.1778245678362005
0.683223755,0.1742723914276132,0.0001674910708452,0.0017546668340527,0.17901568654409739,2.1993977563036275e-05,0.0008809062799355338,0.42560540701240734,-0.43669921315446797,0.17789190760947493
0.6999041970000001,0.1810148777426078,0.000179270035835,0.0017661216178797,0.19251100868809998,3.456920396134726e-05,0.0010165123733729686,0.4388876425228799,-0.43431046918512606,0.17802751370291237
0.7329015400000001,0.1877587953652046,0.0001910473514259,0.0018378911052064,0.19921354365874472,4.1495591791083004e-05,0.0010502009542010526,0.4454842268178427,-0.4331234145751716,0.17806120228374045
0.749583365,0.194502236265457,0.0002029444258448,0.0018463916352783,0.20598615276701296,4.8723146505547705e-05,0.0010842627320082343,0.45214973726922836,-0.43192372428454917,0.17809526406154763
0.749906771,0.2012466316661819,0.0002154364470097,0.0018548035104943,0.20611688897098768,4.8869323057837496e-05,0.0010855755931271638,0.4522784049037537,-0.43190055930617793,0.17809657692266656
0.782974167,0.2079895962327944,0.0002278109079055,0.0019866933543825,0.2227894453368372,6.81346485258042e-05,0.0012025459311049147,0.46868705045006054,-0.4289457567305629,0.1782135472606443
0.7996615730000001,0.2147335147594768,0.000240780315952,0.0019329133591899,0.2261903518103164,7.222528582599862e-05,0.0012196397224575328,0.47203409546223773,-0.4283428709527194,0.17823064105199693
0.8000356160000001,0.2214776723151733,0.0002537494487408,0.0020627090179027,0.2303794013477808,7.740510905543022e-05,0.00124069491531964,0.4761567765503108,-0.42760013041663425,0.17825169624485904
0.816595399,0.2282215918378756,0.0002671956932944,0.0020103226344599,0.2395678265951325,8.910452901182025e-05,0.0013200572209548511,0.4851995671612907,-0.42597064173346677,0.17833105855049425
0.8495913390000001,0.2349659887500014,0.0002809990157733,0.0021358468058435,0.2497277401205023,0.00010275080372282305,0.0013552758954498145,0.4951983231609567,-0.4241681691198191,0.1783662772249892
0.8664740070000001,0.2417103855645697,0.0002949215476386,0.0020825957365274,0.2532011710566469,0.00010745864462446734,0.0013553888264499214,0.4986166507165438,-0.4235519050898401,0.17836639015598932
0.8667769040000001,0.2484538290320067,0.0003089643877738,0.0022067234901192,0.2533236081324199,0.00010762872915181712,0.0013566190976712633,0.4987371446916809,-0.4235301779545424,0.17836762042721066
0.883275961,0.2551975115340813,0.0003236029992135,0.0021547065600198,0.25999270632350263,0.0001168961580368625,0.0014233357095498889,0.5053004024468779,-0.42234670670166524,0.17843433703908929
0.9000103660000001,0.261940478503408,0.0003381232259487,0.0022197765544678,0.2691603094487403,0.0001301815519647375,0.00146941434989456,0.5143224170224598,-0.4207193233536038,0.17848041567943396
0.916554289,0.2686839225873583,0.0003527621121885,0.0023412902892698,0.2767755099001602,0.00014151915243374415,0.00150769023274,0.5218166291053844,-0.4193672169551877,0.1785186915622794
0.9333457230000001,0.2754278436883743,0.0003676388673193,0.0023461296717108,0.2869107692128249,0.00015714410641250005,0.0015924792731181192,0.5317907677069957,-0.41756713789303773,0.17860348060265752
0.966246692,0.2821717647423988,0.0003825156224853,0.0024067458366176,0.2935557273068401,0.0001678384455889625,0.0016258784838965035,0.5383300113063532,-0.4163865128092916,0.1786368798134359
0.966937899,0.2889159248617055,0.0003977497303063,0.0023555105438026,0.2937465419625004,0.00016814724820775936,0.0016263310745401327,0.5385177899951765,-0.41635260864734036,0.17863733240407953
0.9832599190000001,0.295659369786403,0.0004133422904227,0.0023595650728771,0.30190540963443663,0.00018144188871725114,0.0016339289825961778,0.546546829569535,-0.4149028424768783,0.17864493031213557
0.999952775,0.3024035304118931,0.0004289340258044,0.002420837260319,0.31378088206368365,0.00020118172191443745,0.0016936180634727904,0.5582332648608186,-0.4127922820628022,0.1787046193930122
1.016626365,0.309147214683822,0.0004448839383645,0.0024807647079004,0.32058881765610653,0.00021294086692659006,0.0017615080201971445,0.5649327518404305,-0.4115819104181906,0.17877250934973654
1.0496338170000001,0.3158906603624327,0.0004611917537959,0.0024840492923243,0.3306569280035517,0.00023073394428888605,0.0017783709172145556,0.5748404089379375,-0.40979152124257756,0.17878937224675395
1.050082211,0.3226343445567254,0.0004773800850408,0.002488944134992,0.3307486694575846,0.00023089713412391356,0.0017788320326945772,0.5749306881424154,-0.40977520602704604,0.17878983336223397
1.082961639,0.3293787443976701,0.0004938060102182,0.0025481078218563,0.34726188459108387,0.0002609335081553974,0.0018618315856393508,0.5911805856029806,-0.4068378587969571,0.17887283291517875
1.083333518,0.3361217142360519,0.0005105912117568,0.0026064627164905,0.347413070768322,0.00026121268333532336,0.0018625914852501424,0.5913293602485281,-0.4068109619018041,0.17887359281478954
1.099926353,0.3428658758831064,0.0005273750395062,0.0025553376699811,0.3509030697400021,0.0002677692895770381,0.0018801330956512707,0.5947636714089026,-0.4061899605611119,0.17889113442519067
1.1165711580000002,0.3496097997356987,0.0005445167695283,0.0025587584455578,0.35431363506319635,0.00027418267868558493,0.0018972754526633828,0.5981198153367454,-0.40558308751760264,0.17890827678220278
1.133291918,0.356353008283352,0.0005617785333019,0.0026710009350635,0.36441149541452866,0.0002933982464128397,0.0019141127533837121,0.608056507093379,-0.4037860594580827,0.1789251140829231
1.1663171940000001,0.36309693343026,0.0005796355182342,0.0026208276817496,0.37787129930220176,0.0003197871127928124,0.001999031945788321,0.6213013469237983,-0.4013899720361747,0.17901003327532772
1.166662542,0.3698406192897005,0.0005974927786179,0.0027297731074743,0.3779423752959563,0.00031992919616416753,0.001999031945788321,0.6213712872944743,-0.40137731653833414,0.17901003327532772
1.199645407,0.3765847823577474,0.0006154686984358,0.0026797142645707,0.39127145875407476,0.00034685182853440505,0.002049047329546916,0.6344873552885334,-0.39900372199906675,0.1790600486590863
1.200006184,0.383327991243539,0.0006332072992093,0.0026837040518926,0.3913450109797604,0.0003470026001278547,0.0020494170216101004,0.6345597316686787,-0.39899062191385964,0.1790604183511495
1.216526091,0.390072632104012,0.0006514210873372,0.0027915987960788,0.3947129527497986,0.0003539064013735837,0.0020663451475853023,0.6378738317055375,-0.3983907716204256,0.1790773464771247
1.2332029770000001,0.3968160800550859,0.0006695170407657,0.0027973312247467,0.4082512471156183,0.00038222728006909114,0.0021006776379475234,0.6511955953502438,-0.39597896113816655,0.17911167896748692
1.249900983,0.4035597666791631,0.0006877319285164,0.0028015276612908,0.41494903495104524,0.00039640997814963623,0.0021341397373397797,0.6577862289370762,-0.394785599515926,0.17914514106687918
1.266542381,0.4103039308336384,0.0007063038940869,0.0029092680457085,0.42175292668439535,0.00041104574722955115,0.0021683378229182537,0.6644812287060919,-0.39357310827151865,0.17917933915245765
1.2832380030000001,0.4170469024005064,0.0007249964433434,0.0029652989557204,0.4284267573467418,0.0004256299439588346,0.002201882191052551,0.6710482087655353,-0.39238356999666446,0.17921288352059195
1.299929417,0.4237905899322438,0.0007442842142339,0.0028666207244886,0.4352662550167297,0.00044092021977085877,0.0022701059611636154,0.6777781428568169,-0.39116416469189097,0.179281107290703
1.316617965,0.4305349933527397,0.0007635711602489,0.0029729158992052,0.4386202337051449,0.00044859087656320734,0.0022869639138338727,0.6810783629592401,-0.39056601825757825,0.17929796524337327
1.33327349,0.4372786810923644,0.0007829781402969,0.002926513790243,0.44196757560057925,0.0004562463547972263,0.002303788508289717,0.6843720526452098,-0.3899690554247208,0.1793147898378291
1.366233161,0.4440230900619582,0.0008036955939142,0.0030301143930573,0.4587821089418752,0.0004952673686485936,0.002354385568649864,0.7009169779527946,-0.38696980540321224,0.17936538689818926
1.366598296,0.4507610526907021,0.0008238244273484,0.0030354023857605,0.45885708145690157,0.0004954439136436438,0.0023547623996988953,0.7009907478910421,-0.38695642985131823,0.1793657637292383
1.3995768130000001,0.4575028339837942,0.0008438296516904,0.0030899780221575,0.4722470749921603,0.0005274247873906829,0.002422063939693686,0.7141658835107663,-0.3845671305706857,0.17943306526923308
1.399941107,0.4642477153995035,0.0008644273496833,0.0030920135147822,0.4723223830231837,0.0005276072256446135,0.0024224424571932524,0.714239982684645,-0.3845536901372539,0.17943344378673265
1.4166085750000001,0.4709918817018142,0.0008850258719709,0.0030952608993644,0.47581774280400513,0.000536078413564471,0.0024400110329576563,0.7176792337533948,-0.3839298601568015,0.17945101236249705
1.449569759,0.4777355711877974,0.0009057441531569,0.0031968709927274,0.48897150781169973,0.000568610627369445,0.00250612524143623,0.7306217349697857,-0.38158161517675604,0.17951712657097563
1.4662284,0.4844794991353221,0.0009265813688237,0.0031516428467951,0.4958108422288355,0.0005859789085378529,0.0025736736329822207,0.7373511424471824,-0.3803601930835526,0.17958467496252162
1.46663787,0.4912241432806249,0.0009472985500701,0.0032505720896948,0.4959790175345272,0.0005864074081444473,0.002575024201354914,0.7375166144618841,-0.380330157614404,0.1795860255308943
1.483245925,0.497967117259405,0.0009686137024124,0.0032063922000072,0.5052624641570137,0.0006103560848940814,0.0025879374320596504,0.7466507847355504,-0.3786718789456196,0.17959893876159905
1.499884318,0.5047112845868545,0.0009902851077517,0.0033045126610753,0.5161793588885554,0.0006388810350257034,0.002642808574291333,0.7573920737109187,-0.3767214647844796,0.17965380990383073
1.516590008,0.5114644328220584,0.0010128999005415,0.0034703639043278,0.519560242577702,0.0006478732904370175,0.002659801774025805,0.7607185456899804,-0.37611727975263,0.1796708031035652
1.533249711,0.5181809415085059,0.0010367490481042,0.003064143687558,0.5229476641365612,0.0006568861289092747,0.002677457963421226,0.7640514497562928,-0.37551192321847837,0.17968845929296062
1.5499899780000002,0.5248271409931183,0.0010543609576475,0.0032036657254657,0.5297797583684158,0.000675741115560298,0.002840053119269381,0.7707734683894298,-0.3742903125606902,0.17985105444880878
1.56670124,0.5315326607397968,0.0010759576891503,0.0033984952898361,0.5365020402409085,0.0006936066300018613,0.002475785353490245,0.7773875647796734,-0.37308901256051646,0.17948678668302964
1.583232959,0.5382239826821803,0.0010985244066125,0.0035222019781635,0.5429523879045525,0.0007099979166070027,0.0026075217749967905,0.783734235685754,-0.3719370481226696,0.1796185231045362
1.6162784430000001,0.5449636217467618,0.0011221083809064,0.0036181534824542,0.5597435907288113,0.0007575350564164847,0.0029811892365576576,0.8002546954410603,-0.3689335232703728,0.17999219056609705
1.632909001,0.5517066001274449,0.0011462845534701,0.0035763317865414,0.5631406943757786,0.000767663914343204,0.003015374216895683,0.8035969337894898,-0.3683253632550081,0.18002637554643508
1.633303613,0.5584500549286019,0.0011702217581185,0.0036698012903908,0.563287824805628,0.0007681094993682044,0.0030161711182024042,0.8037416867582805,-0.36829901671899334,0.1800271724477418
1.649872934,0.5651932714653816,0.0011945168653918,0.0037179809355107,0.5712534273419445,0.0007923107964109718,0.0030562083490921488,0.8115785605454734,-0.3668725459997147,0.18006720967863155
1.6829167950000001,0.5719379198665125,0.0012190487414756,0.0037651950995211,0.5899312353770906,0.0008500301298496649,0.00314902084211921,0.829954353241141,-0.363526789384976,0.1801600221716586
1.6996424840000002,0.5786811368818822,0.0012422709645705,0.0037673744197276,0.5966774409087838,0.0008713917932617999,0.0031839258450152563,0.8365913838393183,-0.36231783519421035,0.18019492717455465
1.699974917,0.5854214923669502,0.0012669269974102,0.0037711778729403,0.5968115789400379,0.0008718167382528629,0.003184600058605991,0.8367233510577896,-0.36229379678211787,0.1801956013881454
1.733015192,0.592163517619113,0.0012909850594534,0.003860839010528,0.6036068692587783,0.0008935722294001494,0.003218755007314833,0.8434086301161979,-0.36107581167195935,0.18022975633685423
1.749574814,0.598902681363947,0.0013149272101511,0.0039074081312387,0.6101608628136922,0.0009147790291312616,0.0032516971374985104,0.8498564794315806,-0.3599008561611728,0.1802626984670379
1.766239246,0.6056408916247727,0.0013404201809809,0.0039103761897454,0.6170416607753294,0.0009372700824526216,0.003286281878026376,0.8566258005023278,-0.35866709010657094,0.18029728320756577
1.7829425730000001,0.6123810137836713,0.0013668646245054,0.0039543911916562,0.6238009481712146,0.0009597112272357646,0.0033540377995682213,0.863275518469141,-0.35745476974173573,0.18036503912910762
1.7996267320000001,0.6191177923287923,0.0013934321288597,0.0039562836500533,0.6304829839528767,0.0009821240070799298,0.0033543078412385796,0.869849196918025,-0.35625608038631845,0.18036530917077798
1.799927896,0.625859103205123,0.0014179678518981,0.0039581401915916,0.6306043891217911,0.0009825319613501779,0.0033545221800070912,0.8699686332244264,-0.3562343008046192,0.1803655235095465
1.8329447460000001,0.6326006512343814,0.001442384091771,0.0039178733062128,0.6473404515827164,0.0010389536054199477,0.0033708783634747164,0.8864332497615504,-0.3532317398338179,0.1803818796930141
1.849627804,0.6393419616234475,0.001469065582814,0.0039637067584314,0.6507474976485758,0.0010504396488609324,0.0033880030988533427,0.8897850361885945,-0.35262049309839516,0.18039900442839274
1.8663045290000002,0.646085658096914,0.0014957443244304,0.0039651249268442,0.6574865809154913,0.0010733859386432112,0.0034218755586277183,0.8964147767777385,-0.3514112331878343,0.18043287688816712
1.88299473,0.6528286392889372,0.0015225430997807,0.0040516542334969,0.6642695586581067,0.001096711556544517,0.003455968647892771,0.9030876591706205,-0.35019387058284257,0.18046696997743217
1.883287689,0.6595730506914106,0.0015491018079273,0.0040531260083091,0.6643863344420501,0.0010971171081506702,0.003456555594782973,0.903202538851974,-0.35017290854573185,0.18046755692432237
1.8998355590000002,0.6663167487952826,0.0015762573855754,0.0040541335287302,0.6709824468394937,0.0011200248025956688,0.003489709451948819,0.9096915493711172,-0.3489888620919881,0.18050071078148822
1.933011902,0.67306020631942,0.0016034132396432,0.0040972058687853,0.687762122305808,0.0011788630952101217,0.003540131599117924,0.926198671891983,-0.3459762425042151,0.18055113292865732
1.949633683,0.6798041414786619,0.0016305685435122,0.0040985938154926,0.6910698533589467,0.001190574689480962,0.0035567571601040626,0.9294526554445431,-0.34538226193129556,0.18056775848964346
1.9662738190000002,0.6865476001270214,0.001657843606051,0.004141616813046,0.6978455503049945,0.0012146771671857077,0.003557599225556096,0.9361182340118102,-0.3441654166668081,0.1805686005550955
1.9666979370000002,0.6932917743152778,0.0016849986346622,0.0041418340966502,0.6980220618241424,0.001215305749131448,0.0035577837823637104,0.9362918767496535,-0.34413371633398027,0.1805687851119031
1.9831935980000002,0.700034994095519,0.0017123931816515,0.004102345502608,0.7056072829953928,0.0012424344672929029,0.003591481122942497,0.9437537973687143,-0.3427713445569059,0.1806024824524819
2.0162951490000003,0.7067782145300671,0.0017399069374639,0.0041868323749561,0.7215621048274437,0.0013000204555641995,0.0036421854205261894,0.9594491755907026,-0.33990520459045825,0.1806531867500656
2.016647861,0.7135228663319811,0.0017677766717724,0.004187504974667,0.7216337580811863,0.0013002814396488053,0.00364254556950927,0.9595196632643452,-0.33989233040120004,0.18065354689904867
2.0332327820000002,0.7202665638505076,0.001795647505739,0.0041886193340334,0.7285861896819927,0.0013256659176712194,0.0036592449177152986,0.9663589891592617,-0.33864310230403716,0.1806702462472547
2.0499560960000003,0.7270102609966766,0.0018233991306712,0.0041896202296034,0.7385061083893258,0.0013620817593733953,0.0036931268151012553,0.9761174909508965,-0.33686047613563125,0.18070412814464065
2.082974359,0.7337539590556059,0.0018512699642328,0.004190672721057,0.7517504169004965,0.0014111059825142411,0.0037260860480197167,0.9891462168295642,-0.33448005321269203,0.1807370873775591
2.099576652,0.7404978960551896,0.0018797365691695,0.0042317794786663,0.7583859415839301,0.0014357243416921743,0.003694579394498021,0.9956737225670703,-0.3332873827909532,0.18070558072403742
2.116229162,0.747241832803469,0.0019079647556678,0.0042734962287569,0.7651764281890474,0.0014609176227382207,0.0037258050996431535,1.0023536676188947,-0.3320668594850334,0.18073680642918255
2.1165103480000003,0.7539855306637085,0.0019361932173182,0.0042332277812226,0.7652911921293503,0.0014613434066871678,0.0037263819349506733,1.0024665633301648,-0.33204623179338705,0.18073738326449007
2.149629172,0.7607297058970252,0.0019645403382796,0.0042742765514848,0.7721413492821926,0.0014868720077217247,0.003727008712487656,1.0092051874967245,-0.33081487113542984,0.18073801004202705
2.149907292,0.7674736425947385,0.0019928877341291,0.0043150850902823,0.7739579702278537,0.0014936729957629674,0.0037360264811159283,1.0109922251068242,-0.33048829113949957,0.18074702781065533
2.1665387910000002,0.7742175792689558,0.0020212351299962,0.0042754702715586,0.7855692001955211,0.0015372579622670833,0.003760890609874057,1.0224143480357208,-0.32840078813146867,0.18077189193941345
2.1831952880000003,0.7809608004538426,0.0020495833504396,0.0042762758591608,0.7924014714404893,0.0015630678395452391,0.0037947334576986513,1.0291353162427666,-0.3271723000873815,0.18080573478723805
2.216295697,0.7877052147759371,0.0020782878240384,0.0043171759403941,0.7990491750813628,0.0015881818636277157,0.0037613202519555244,1.0356747233537165,-0.32597699717667433,0.18077232158149492
2.216610176,0.7944496284871417,0.0021069922980949,0.0042769238958259,0.7991123333098087,0.0015884204659114348,0.0037610028011489938,1.0357368526829596,-0.3259656408921022,0.1807720041306884
2.23319161,0.8011935653728213,0.0021353396938036,0.0043582281304172,0.8058805753670873,0.001613989950178236,0.0037947725072600136,1.042394834526091,-0.3247486642608664,0.1808057738367994
2.249886501,0.8079382177840994,0.0021640438928487,0.004318478555237,0.8142120609551946,0.001645633105537589,0.0038027567677336727,1.0505905638063395,-0.32325044032600353,0.18081375809727307
2.282945411,0.8146814401422486,0.0021932265776062,0.0043204522867476,0.8294155854346102,0.0017038111012164885,0.003845256839571043,1.065546279889943,-0.32051601210386726,0.18085625816911044
2.283311368,0.8214253775269624,0.0022221700195076,0.0044016723744311,0.8294901621818364,0.0017040978946228484,0.0038456316831227966,1.0656196408310632,-0.3205025977162461,0.1808566330126622
2.3164050840000003,0.828168600049582,0.0022513527041419,0.0044030266352009,0.8428288132955554,0.001755785988445176,0.003896418199418772,1.078740766078195,-0.3181029399403036,0.18090741952895817
2.316896641,0.8349125376856001,0.0022805345644815,0.0044442808088466,0.8429290443028864,0.0017561765323427098,0.003896418199418772,1.0788393621474068,-0.31808490601418915,0.18090741952895817
2.333346905,0.8416567134812891,0.0023097161502148,0.0044462424729024,0.8462833379688961,0.001769246329371389,0.003896418199418772,1.0821389415815288,-0.3174813893405611,0.18090741952895817
2.349859618,0.8484006517608906,0.0023393748473255,0.0044481090014325,0.8596156513098444,0.0018216410604531348,0.0039631337537104905,1.0952537036568972,-0.31508215197515776,0.1809741350832499
2.3664914880000003,0.8551455431526659,0.0023689132363424,0.0044885078152,0.8664328266878883,0.0018487741508958861,0.003997398798380125,1.1019595788766985,-0.31385501959596457,0.18100840012791952
2.383235903,0.8618892437246393,0.0023991682542875,0.004528733912598,0.8731668828447786,0.0018756952393983186,0.00399806389157753,1.1085836709927084,-0.3126427322093387,0.18100906522111693
2.399831153,0.8686331820711536,0.0024289461606614,0.0044907624247207,0.876655787145563,0.001889644176026899,0.00399806389157753,1.1120156028858639,-0.31201464680622304,0.18100906522111693
2.41646129,0.8753773593690458,0.0024589622104623,0.0045308360480386,0.8808874587247408,0.001906576760023217,0.004002217695893595,1.116178170500401,-0.31125283192002895,0.181013219025433
2.449566538,0.882120344317863,0.0024889796344573,0.004532064670593,0.8968329491939869,0.0019709939359141143,0.004065827686349888,1.1318631602769278,-0.3083816106489281,0.18107682901588928
2.4499083990000003,0.8888638066760249,0.0025194733456759,0.0045718172352654,0.8969023941088689,0.0019712762885275713,0.004065827686349888,1.1319314703555503,-0.3083691042871659,0.18107682901588928
2.4664832110000003,0.8956075070835279,0.0025497283637442,0.0045729778540263,0.9002693660902361,0.001984965891862713,0.004065827686349888,1.135243420858455,-0.3077627449919771,0.18107682901588928
2.499594671,0.9023509696061602,0.0025802220748396,0.0046134558142559,0.9137516920202516,0.002040238736563255,0.00413348557107307,1.1485053446871452,-0.30533425905778877,0.18114448690061247
2.516259314,0.9090937167063744,0.0026108358197745,0.0046151281382178,0.9204576530551769,0.0020679582408763926,0.004133591481122689,1.1551016400923713,-0.30412613294688484,0.1811445928106621
2.516575386,0.9158381329719916,0.0026413284316168,0.004655305516924,0.9205852468229501,0.0020684867577999925,0.004133915883671069,1.1552271470675168,-0.3041031449479614,0.18114491721321047
2.533166328,0.9225815955073962,0.0026721797706426,0.0046955550736373,0.9277795931380667,0.0020983648462449245,0.004170076721188298,1.1623038163469293,-0.30280689516037407,0.1811810780507277
2.5663552860000003,0.9293262506196844,0.0027032681539303,0.0046974685642531,0.944025659010902,0.0021667407238464996,0.0042352371732814476,1.1782839877807618,-0.2998788493017057,0.18124623850282084
2.582937872,0.9360704290331244,0.0027344762960286,0.0047377066144062,0.9473705440846192,0.0021809071901535654,0.0042352371732814476,1.1815741125269605,-0.29927590983576047,0.18124623850282084
2.583334117,0.942815084064202,0.0027659223073171,0.0047386079777435,0.9474504709419884,0.0021812457013750267,0.0042352371732814476,1.1816527308727396,-0.29926150244787275,0.18124623850282084
2.5998831090000003,0.949559740129093,0.002797368317831,0.0047404836918495,0.9552118816210693,0.002214281293488473,0.00427404219189631,1.1892870478056858,-0.2978622912247096,0.1812850435214357
2.6165798430000002,0.9563041572318828,0.0028289338128659,0.0047796709803436,0.9676761536081341,0.0022678177924830762,0.004303000968053805,1.2015471311283217,-0.2956147816593728,0.1813140022975932
2.633239977,0.9630478591742824,0.0028605001322306,0.0048559427373934,0.9711022678428377,0.0022826750126719334,0.004336953329874493,1.2049170941489318,-0.2949968587467454,0.1813479546594139
2.649844776,0.9697925156840675,0.0028927806076044,0.0048203138767235,0.9756797584767185,0.002302588702052183,0.0043768492845317475,1.209419552256481,-0.2941712147265667,0.18138785061407114
2.682996412,0.9765362193401323,0.0029251813908784,0.0048584964687997,0.9912319319195808,0.0023712226453230525,0.004438528557598964,1.2247166282923216,-0.29136510101383994,0.18144952988713836
2.6835658770000004,0.983280159682784,0.002957343482023,0.004859686478897,0.9913467936714105,0.0023717324658366424,0.004438528557598964,1.2248296054889196,-0.29134437337530633,0.18144952988713836
2.716265613,0.9900238629557676,0.0029899826842105,0.0048977677998507,1.0046422008981533,0.0024309133482383516,0.004456315032796532,1.2379068431693678,-0.28894495462260184,0.18146731636233593
2.716736741,0.9967678045564672,0.0030225024023525,0.0049355403122845,1.004740995713457,0.002431353528438024,0.004455818461216676,1.2380040167475306,-0.2889271247320645,0.18146681979075607
2.733411142,1.003511507798806,0.0030553800231897,0.0049365681297424,1.0082903619867638,0.002447167726279177,0.004439078804925334,1.2414951374093461,-0.28828655658144664,0.18145008013446473
2.7499593520000003,1.0102552112832517,0.0030880192252188,0.0049378700214792,1.0164832786926585,0.0024837241645750898,0.004480258796977665,1.2495535978565415,-0.28680789646367244,0.18149126012651706
2.7829923030000003,1.0169984377327588,0.0031210166049369,0.0049761177627747,1.0316809972698247,0.0025521776474818165,0.004522729902326272,1.2645017893677872,-0.2840643756649195,0.18153373123186567
2.783353561,1.0237416649034856,0.0031542524027413,0.0049776902309128,1.0317542278364051,0.0025525088886782575,0.004523097980641655,1.2645738173363945,-0.28405115457038344,0.18153409931018105
2.816252647,1.0303320657091652,0.0031867106731468,0.0045619467949838,1.0416864188981594,0.002597656228521061,0.004573020092348834,1.2743428622070878,-0.28225777232338073,0.18158402142188823
2.8329815220000003,1.037159684471091,0.0032124582206118,0.0045438171378373,1.048455772907514,0.0026272820835174992,0.004169366958507226,1.2810012243488995,-0.2810366069030801,0.18118036828804662
2.833389459,1.0438208933139173,0.0032435235745566,0.0044766735490451,1.0486201864151619,0.002627973519587891,0.00416747337850909,1.2811629470458732,-0.2810069750137629,0.1811784747080485
2.849953019,1.0505297806002534,0.0032702424370895,0.0046036536838917,1.0552898239665887,0.002655769217444913,0.00416747337850909,1.2877234731264595,-0.27980517003200966,0.1811784747080485
2.8666359960000003,1.0571583297232474,0.0033039680408676,0.004922571193268,1.0652762934653899,0.0026970494735441206,0.004165895641606632,1.2975466292492521,-0.278006036658056,0.18117689697114603
2.88322762,1.063963547771012,0.0033409470870569,0.00485054203791,1.0700730551830235,0.0027173464791736095,0.0043189136410966,1.3022648647044557,-0.27714140428909606,0.181329914970636
2.899964229,1.0706958062543324,0.0033725265963674,0.0045339411805154,1.0821015717305233,0.002770584623684806,0.004404939254810447,1.3140960540573003,-0.27497091975087756,0.18141594058434984
2.916556524,1.0774261545869417,0.0034020817478544,0.0044894518110698,1.088753281751397,0.002798985391916931,0.004137690529048665,1.3206388261897883,-0.27377167597759244,0.18114869185858806
2.9333166690000003,1.084164370690584,0.0034317470402725,0.0044905120236921,1.095478911854036,0.002826463713337182,0.004033504382559894,1.3272545257914938,-0.27256032379277406,0.1810445057120993
2.9499485990000003,1.090906879399744,0.0034622418506739,0.0044900206272647,1.1020731850235246,0.002853166819332682,0.004064572021326374,1.3337410574949957,-0.27137286509910274,0.18107557335086577
2.9829910670000004,1.0976498645222297,0.0034927361117919,0.0044893893554067,1.115651360080441,0.0029083694113627595,0.004065827686349888,1.3470973451226855,-0.2689275704320231,0.18107682901588928
2.999596056,1.1043938037707806,0.0035229908547433,0.0044888361074141,1.1190938311584357,0.0029223102640633823,0.004049296553620962,1.3504835707627454,-0.2683076693231311,0.18106029788316036
3.0001218780000003,1.111137742357876,0.0035533648075035,0.0044489349148958,1.119200393209134,0.002922741724094905,0.004048760942574781,1.350588391744233,-0.26828848029901,0.18105976227211418
3.016641264,1.1178814431178152,0.0035836198253077,0.0044485686430027,1.1225505771761422,0.002936306233366031,0.004031945788963931,1.353883838582875,-0.2676852003122748,0.18104294711850333
3.0333160460000004,1.1246246666890698,0.0036138753929761,0.0044474020520366,1.1313277368485215,0.0029716609994547105,0.004021722563673613,1.362517624459302,-0.26610484487315966,0.181032723893213
3.050025213,1.1313688437285088,0.0036438914429707,0.0044466216925681,1.1427405751060222,0.00301737024130619,0.00399806389157753,1.3737440816047637,-0.2640501851962861,0.18100906522111693
3.082968723,1.1381127826680402,0.0036742653954668,0.0044058728931754,1.1528042109506988,0.0030576055147753787,0.00399806389157753,1.383643382313208,-0.2622384924035399,0.18100906522111693
3.099605293,1.1448571980515416,0.0037044003800301,0.0044050164179427,1.1562008099161982,0.0030711854068095723,0.00399806389157753,1.3869845161801746,-0.2616270241468761,0.18100906522111693
3.116261449,1.1516011371264243,0.0037341782858583,0.004403940852695,1.162927847530449,0.003097967792209265,0.003964572366951469,1.3936017238463327,-0.26041610917766767,0.18097557369649087
3.1166553390000002,1.1583453133976522,0.0037639559178018,0.0043629301219842,1.1630876749184125,0.00309860269614343,0.0039641819941915735,1.3937589420390537,-0.2603873404981057,0.18097518332373097
3.1332258630000003,1.1650894899038378,0.0037937335495693,0.0043620480277297,1.1697815309593789,0.0031251380231916643,0.003964040905770183,1.4003435301174076,-0.2591825116060362,0.18097504223530958
3.149881027,1.1718334282304306,0.0038233922466448,0.0043211558795536,1.1765070682399528,0.003151685048925527,0.003930236464413817,1.4069593023375075,-0.2579720925097239,0.1809412377939532
3.1665763680000003,1.1785773662822236,0.0038528125252996,0.004319442247174,1.183244871242921,0.0031780524653585015,0.003896418199418772,1.413587180247985,-0.2567596903688215,0.18090741952895817
3.183260107,1.1853205887741989,0.0038822336285835,0.0042781705423896,1.1914127889427055,0.0032098540324235056,0.003889233215429222,1.4216218695892342,-0.255290112851392,0.18090023454496862
3.2162783000000004,1.192064765197124,0.0039116536324734,0.0042767085977308,1.206741354206115,0.003269096065950064,0.0038461046424305145,1.4367004852572194,-0.2525326190272233,0.1808571059719699
3.232948463,1.198809179625974,0.0039407157339321,0.0042344948095001,1.21016779545074,0.003282272837434321,0.0038288823921570625,1.4400710660850002,-0.2519162927227625,0.18083988372169646
3.249625829,1.2055526402883434,0.0039697789346616,0.0042330327245657,1.2169025936447895,0.0033080589466343404,0.0038286544046464144,1.446696088499721,-0.25070499191683326,0.1808396557341858
3.2500141090000003,1.2122968160911811,0.0039987221017629,0.0042721881790132,1.2170601835534203,0.003308660628372711,0.003828156408718364,1.4468511100250625,-0.2506766499337696,0.18083915773825776
3.2829375610000002,1.2190407531469545,0.0040276655439107,0.0042309958373251,1.2337130969451695,0.0033717424727107465,0.003760890609873613,1.4632327039639383,-0.24768217439137874,0.180771891939413
3.283417055,1.2257856448656217,0.0040564886768028,0.0041881944199334,1.233812211708221,0.0033721152342498922,0.003760890609873613,1.4633302043621006,-0.24766435452706445,0.180771891939413
3.2998529810000004,1.2325293429230253,0.0040851939755588,0.0041869078382164,1.238061138893798,0.0033880950599453606,0.003760890609873613,1.4675099257234852,-0.2469004390053291,0.180771891939413
3.316700913,1.2392728028784727,0.004113541920938,0.0041449044955863,1.2472462721940945,0.0034226395043940464,0.003760890609873613,1.4765454530897189,-0.24524904193711783,0.180771891939413
3.333212554,1.2460169780377277,0.0041420082512682,0.0041438182884753,1.250623348757636,0.003435340379812382,0.003760890609873613,1.479867524387994,-0.24464187662401596,0.180771891939413
3.366265803,1.2527606768306483,0.0041704751308465,0.0041837538966115,1.2707147257290097,0.0035102263261918764,0.003694071748654437,1.4996317753443615,-0.24103030900807187,0.18070507307819383
3.366536249,1.2595043747812968,0.0041988228017425,0.0040997052687261,1.2708250110130015,0.00351063549394618,0.0036935174243120095,1.4997402653068534,-0.24101048631093105,0.1807045187538514
3.3996310970000003,1.2662485498807876,0.0042269315041776,0.0040980364953249,1.2841983194370834,0.003559690072622221,0.0036592449177152986,1.5128959700542441,-0.23860731816101008,0.1806702462472547
3.3999735,1.272992724506789,0.0042551594162807,0.0040967498549391,1.284336165324798,0.0035601944867376502,0.0036592449177152986,1.5130315731981894,-0.23858254861225456,0.1806702462472547
3.4165414380000003,1.2797366609368508,0.0042830299750775,0.0040537633251553,1.2909172024143032,0.003584165669948308,0.0036264456126340328,1.5195055567021958,-0.23740010986926616,0.18063744694217343
3.4333128040000003,1.286479643479379,0.004311020842549,0.0040944188702681,1.2977904479191062,0.003609087438100933,0.003625363020328898,1.5262670153077709,-0.23616528097872327,0.1806363643498683
3.449875532,1.2932242946974737,0.0043387713679817,0.0040933934024957,1.3043862700078284,0.0036328895777509897,0.003592663457389733,1.5327555825533052,-0.23498040517590552,0.18060366478692913
3.4665351450000004,1.2999682307786735,0.0043665227177265,0.004049893340638,1.3113031332008538,0.0036577354532325015,0.003591481122942497,1.5395599906590571,-0.2337379704376042,0.1806024824524819
3.4832678770000003,1.3067126436327845,0.004394035099292,0.0040488416113708,1.3180848463829555,0.0036819781863067494,0.003557727736342997,1.5462314667578803,-0.23251992772192037,0.1805687290658824
3.5162822630000004,1.3134556254413206,0.0044214299207469,0.0040067551566541,1.328166790928815,0.003717846288883518,0.003557599225556096,1.5561495590900603,-0.23070930991660607,0.1805686005550955
3.51665323,1.3201990841836633,0.0044487049832152,0.004048580565176,1.328242495791306,0.003718115617579942,0.003557599225556096,1.5562240335943127,-0.23069571407315814,0.1805686005550955
3.549601248,1.3269432581768044,0.0044760984305993,0.0040485217086625,1.341581853538547,0.0037655169906631696,0.0035413062213223157,1.5693466092737896,-0.22830015160570738,0.1805523075508617
3.549933722,1.333687432193441,0.0045034918779658,0.0040488447393408,1.3416498967780697,0.003765757909529111,0.003540964217389586,1.5694135468750372,-0.2282879328485758,0.18055196554692898
3.5829442190000003,1.3404323211120148,0.0045308845011961,0.004007206836608,1.3550582775219306,0.0038132874250601623,0.003557599225556096,1.5826040444621639,-0.22588009011467727,0.1805686005550955
3.583389528,1.3471757797838702,0.0045581595637173,0.0040076511766222,1.3551504132008627,0.003813615208263043,0.003557599225556096,1.5826946827486184,-0.2258635434593435,0.1805686005550955
3.616316025,1.3539199538040816,0.0045854338017678,0.004050205766741,1.3685481239139845,0.0038614481329486885,0.003575211033281178,1.5958746236037322,-0.22345728092236147,0.18058621236282058
3.6165999060000003,1.360663889355603,0.0046128275239696,0.0040509275565012,1.3686066726891204,0.0038616574187889372,0.0035749167510878976,1.5959322206673399,-0.2234467651658861,0.1805859180806273
3.633198092,1.3674080634156565,0.0046403401806168,0.0040518932985075,1.3720299502588618,0.003873894114107084,0.003557710419631377,1.599299852790702,-0.2228319213337588,0.18056871174917077
3.6663916590000003,1.3741517605960447,0.0046677341775835,0.0040529813914053,1.388847936836078,0.003933952644155583,0.003591481122942497,1.6158444729197432,-0.2198113544458735,0.1806024824524819
3.6668578170000004,1.380895696660898,0.0046952471087139,0.0041372686521387,1.3889417713234844,0.003934289650394771,0.003591481122942497,1.6159367818457309,-0.21979449957171224,0.1806024824524819
3.699677341,1.3876401095313553,0.0047229979088939,0.0040969479046178,1.4022549740921295,0.003982327445141765,0.003625363020328898,1.629033499167157,-0.2174029162067747,0.1806363643498683
3.7002082420000004,1.3943840452202765,0.004750510840306,0.0040985989388648,1.4023653850977813,0.003982727726872364,0.003625363020328898,1.629142114451557,-0.21738308011872376,0.1806363643498683
3.7329666,1.4011286963750325,0.0047780229471595,0.0041416524861413,1.4124419876744028,0.004019259229271907,0.003625363020328898,1.6390548314690918,-0.21557274993665237,0.1806363643498683
3.750315215,1.407872155153643,0.0048056556375406,0.0041846914703351,1.4225929021366133,0.004056287511739315,0.0036592449177152986,1.6490406117285812,-0.21374884530043708,0.1806702462472547
3.750580531,1.4146163298138634,0.0048335259216781,0.0042271509788712,1.4226464923606197,0.004056483612369418,0.0036592449177152986,1.6490933300430735,-0.21373921566484655,0.1806702462472547
3.7829577220000004,1.4213605036588812,0.0048611577877998,0.004188417955341,1.435937215656168,0.004105394449458307,0.003709188483279835,1.6621677654139504,-0.21135073126640858,0.18072018981281923
3.783524422,1.428104202431881,0.0048895054580797,0.0042308490542972,1.4360572200606805,0.004105839675973792,0.0037097916586104063,1.6622858162805136,-0.21132916165276555,0.1807207929881498
3.8164128570000004,1.4348486154596598,0.0049174946767684,0.0042736959912208,1.4495147978928844,0.004156219384250087,0.0037773628082646837,1.6755242403378188,-0.20890985024168274,0.18078836413780408
3.8169169370000002,1.441592075019254,0.0049457234131309,0.0042759251430699,1.4496180274087809,0.00415660936982831,0.0037778816684963523,1.6756257881604628,-0.20889128886357572,0.18078888299803575
3.8333048830000003,1.4483360116229842,0.0049740708090508,0.004318619326147,1.4529740814718588,0.004169288037096811,0.003794750128788049,1.678927169357706,-0.20828784722315374,0.18080575145832745
3.8662631210000002,1.4550804251768674,0.0050025368645985,0.0043610946941918,1.4697565980776586,0.004233484103486484,0.0038451866548268043,1.6954361451835476,-0.20526945328917806,0.1808561879843662
3.8666777310000002,1.4618243621458065,0.0050312418881847,0.004403433690009,1.4698422530775663,0.004233813499579891,0.0038456171807692563,1.6955204037713594,-0.20525404621642157,0.18085661851030865
3.883304632,1.468570207573239,0.0050604215497894,0.0044039148488903,1.4768474646537413,0.004260876142211156,0.0038808273322268327,1.7024113894189519,-0.2039938722529236,0.18089182866176623
3.916316161,1.4753146214887565,0.0050893644423194,0.0044056160647187,1.49004346681635,0.004312297684371794,0.003913237055148233,1.7153921416246714,-0.20161959564218873,0.18092423838468763
3.916720642,1.4820580823355172,0.005118546852224,0.0044469949142725,1.4901261560253383,0.004312621278596122,0.003913652674306878,1.7154734817854178,-0.2016047165210445,0.18092465400384627
3.949609859,1.4888020198034906,0.0051478479220029,0.004448815084311,1.5066071792006825,0.004377672864582633,0.0039641819941915735,1.731685524544852,-0.19863856983192663,0.18097518332373097
3.9500834310000004,1.4955459584084585,0.0051776258281832,0.0044501991442979,1.506795754080042,0.004378420413639796,0.0039641819941915735,1.7318710211971726,-0.19860462817709357,0.18097518332373097
3.9666183060000004,1.5022903733705617,0.005206926347869,0.0044908056587389,1.5134927143793846,0.0044050797511845895,0.003997182489884121,1.7384586431912843,-0.1973991305893959,0.18100818381942352
3.983230609,1.5090338345518868,0.0052367048040895,0.0044527534795204,1.5204009805051157,0.004432810680582621,0.004031905387049672,1.745254080540359,-0.19615536971882214,0.18104290671658907
4.016295250000001,1.51577825040478,0.0052652900672281,0.0044926709478905,1.5304977321058786,0.004473576916815375,0.004048737436674887,1.755185886055661,-0.19433732297032047,0.18105973876621428
4.032980602,1.5225202800363964,0.0052953085916556,0.0044949222961098,1.5339070720275823,0.004487381333922839,0.004065873744682147,1.758539522257767,-0.1937233901665233,0.18107687507422154
4.049625136,1.52926326456229,0.0053253260159674,0.0045739232116505,1.540494077820028,0.004514274703999733,0.004098981905852561,1.7650188666379993,-0.19253702388015953,0.18110998323539196
4.0499851520000005,1.5360067269710178,0.0053557005178349,0.0045364097916034,1.5406365526695718,0.004514856399078827,0.004099698024895293,1.7651590128052874,-0.19251136315304324,0.1811106993544347
4.083018373,1.54275066619045,0.0053853592142414,0.0045368429210781,1.5574187616154258,0.004583884636331909,0.004133591481122689,1.7816668348909055,-0.18948826672894087,0.1811445928106621
4.083348212000001,1.5494936511847328,0.0054162111033955,0.0046155518853848,1.5574867564210777,0.004584165700682123,0.004133591481122689,1.7817337177459491,-0.18947601698224842,0.1811445928106621
4.099830527,1.556236636934455,0.0054469437826702,0.0045776342029322,1.5615544500013732,0.004600991479169998,0.004137003168427356,1.785734888420732,-0.18874318180210525,0.18114800449796675
4.116517281,1.5629805758433415,0.005477556153816,0.0046173300515901,1.570975327421041,0.004640150261579694,0.00416747337850909,1.7950016637369917,-0.18704573077052639,0.1811784747080485
4.133173097,1.5697240384798783,0.0055081690741394,0.0046185051619618,1.5794137175170715,0.0046753172312539466,0.00416747337850909,1.8033020065781598,-0.18552521347446765,0.1811784747080485
4.149843721,1.576468454899242,0.0055390193138065,0.0046194817171789,1.5844864320726748,0.004696515152196943,0.004184502065291529,1.8082917243067174,-0.18461110226471267,0.18119550339483093
4.182953418,1.583211440853277,0.0055699904115547,0.0046588996540942,1.5978772821926026,0.004752774132703054,0.004217891231633075,1.8214634280414985,-0.1821977534025695,0.18122889256117247
4.199638139,1.589955857437111,0.0056008406510986,0.0046979281077692,1.601233997189269,0.004766933834886634,0.004234763043671652,1.8247651990522764,-0.18159273748674715,0.18124576437321105
4.199895219,1.596699797130556,0.0056319298589098,0.0046601919280115,1.6012857178198594,0.004767152009121453,0.004235023006391003,1.8248160730999428,-0.18158341533556227,0.1812460243359304
4.232984065,1.603443267132513,0.005663734866848,0.00473580898838,1.6180216637850091,0.004838309474146064,0.004285225600334286,1.841277980159325,-0.1785663693131267,0.18129622692987368
4.233252677,1.6101795717998466,0.0056950712911183,0.0046609478817006,1.6180773773014185,0.004838548267083519,0.004285505632522835,1.841332781070931,-0.1785563237658585,0.18129650696206223
4.266273905,1.6169201745380128,0.0057267603920239,0.0046618262310232,1.6282589354405526,0.0048821873035796515,0.004269320858289571,1.8513475621070825,-0.17672051568656022,0.18128032218782897
4.2666433690000005,1.623662684483774,0.0057583280853186,0.0047002340563244,1.628409572832709,0.004882832948437165,0.004269674429988601,1.851495732011697,-0.17669335468253833,0.181280675759528
4.283181992,1.6304066248110811,0.0057878675715818,0.0047002988965275,1.6379714620209929,0.00492381603035423,0.004288266695545051,1.8609009944679942,-0.17496927736693213,0.18129926802508445
4.299851574,1.6371467483164313,0.0058195572238831,0.0047018758294718,1.6450913012946407,0.0049543322756738515,0.004285757809751267,1.8679042085501405,-0.17368551919522068,0.18129675913929066
4.316545142,1.6438897354508772,0.0058511243673136,0.0047399953078877,1.6484605267743626,0.004968773066726125,0.004302692507944794,1.8712182450639765,-0.17307802363588404,0.1813136938374842
4.349588913,1.6506331989046656,0.0058826909615312,0.0047400855186684,1.6652967662205376,0.005041673003849361,0.004336882865440206,1.8877785716316489,-0.170041601882928,0.1813478841949796
4.349904885,1.6573766619590256,0.005914257556048,0.0047784770939025,1.6653621354208121,0.005041956504191373,0.004336882865440206,1.8878428694789826,-0.17002981207609258,0.1813478841949796
4.382915763000001,1.664121557156112,0.0059461801284802,0.0047410039516606,1.6788009179029022,0.005100295341449614,0.0043535112133854525,1.901061390366825,-0.16760597553900164,0.18136451254292485
4.399609101,1.6708645441955288,0.0059746478298357,0.0047778626508946,1.6821988505822658,0.005115089435145809,0.004370590207236624,1.9044036233011703,-0.16699307720218437,0.18138159153677602
4.3997871900000005,1.6776003752205115,0.0060068192665065,0.0047800952493206,1.6822365629340577,0.005115253679668544,0.004370764762826607,1.9044407174539502,-0.16698627482881412,0.181381766092366
4.432928547,1.6843414550390825,0.0060389846548823,0.0047798808400392,1.695659397915539,0.005173922107415709,0.004370764762826607,1.9176434819932369,-0.16456492201589074,0.181381766092366
4.433216135,1.6910839655814351,0.0060710291849832,0.0048177239557774,1.6957765654859815,0.005174435257933724,0.004371071945382887,1.9177587283923119,-0.16454378507223538,0.18138207327492228
4.449888703,1.6978274291419786,0.0061029534070607,0.0048183695711299,1.7025129171328708,0.00520399257620869,0.0044043625154799315,1.9243846159213354,-0.16332849844006103,0.18141536384501933
4.4664995030000005,1.7045713702436436,0.00613487707901,0.0047811898338935,1.7091113539273475,0.005232944760814584,0.004371196856014503,1.930874850154841,-0.16213809264625462,0.1813821981855539
4.483212998,1.7113157881744083,0.0061670386199911,0.0048557774344694,1.72046229592673,0.005282826316486222,0.004404646660212563,1.9420396435126583,-0.16009022504306808,0.18141564798975196
4.499821444,1.7180597292924202,0.0061992007105548,0.0048564685240635,1.729404799030519,0.005322328959467185,0.004438416344274998,1.9508354588412236,-0.15847667153423833,0.1814494176738144
4.532954635,1.7248041469683062,0.0062312430424135,0.004856645724392,1.7361290897459203,0.00535217473361362,0.004438528557598964,1.957449423104216,-0.15726322473963905,0.18144952988713836
4.549622093,1.7315476108542156,0.0062632864735606,0.0048568189815689,1.7461563196158936,0.005396681172012423,0.004438528557598964,1.9673121346013716,-0.15545373817925162,0.18144952988713836
4.56627876,1.7382905991113586,0.0062958072906564,0.0048199365839639,1.7496082695342385,0.005412002850919647,0.004438528557598964,1.9707074478223456,-0.15483080870965998,0.18144952988713836
4.566621363,1.745034069729829,0.0063282083446992,0.0048562125683446,1.7497006498758412,0.0054124136271516176,0.004438748331420772,1.9707983123343908,-0.15481413727593407,0.18144974966096017
4.583223316000001,1.7517656073509609,0.0063610999850579,0.0048198980131934,1.7573032358185707,0.005446302279393461,0.004472410454984921,1.9782761360464907,-0.15344205346358947,0.18148341178452432
4.616303296,1.7585052572410305,0.006393505440426,0.00485754421071,1.773162124513768,0.005517230211909885,0.004472410454985365,1.9938747307856683,-0.15057967270953698,0.18148341178452476
4.616662902,1.7652477684739585,0.0064260268072628,0.0048577973459062,1.7732357520355504,0.0055175595066036505,0.004472410454985365,1.9939471498495767,-0.15056638363201275,0.18148341178452476
4.633216943,1.7719912329166174,0.0064583086566194,0.0048579432021207,1.7771732732851555,0.005535169835223895,0.004472410454985365,1.997820044062403,-0.14985569795534515,0.18148341178452476
4.666257859,1.7787332678828185,0.0064914266191961,0.00485871902002,1.790012970369297,0.00559259461358121,0.004472410454985365,2.0104490015662146,-0.14753825298628875,0.18148341178452476
4.666583259,1.7854748261772406,0.0065245451312498,0.0048580276094324,1.7900797255286782,0.005592893172044588,0.004472410454985365,2.010514661064679,-0.14752620430575897,0.18148341178452476
4.683214328,1.7922173360617122,0.0065565896618436,0.0048951439104554,1.7980629786574953,0.005628597794862999,0.004472410454984921,2.018366884045121,-0.14608530194810665,0.18148341178452432
4.699903858,1.7989612776189947,0.0065889901707048,0.0048595984919855,1.810259706181365,0.005683146930263468,0.004472410454985365,2.030363425129783,-0.14388390695771747,0.18148341178452476
4.716566416,1.8057047427088115,0.0066216296475164,0.0049332924866969,1.8136682713853591,0.005698448168487283,0.004489213113130219,2.033716035147253,-0.14326863714005433,0.18150021444266962
4.749603435,1.812448207607088,0.0066543883337849,0.0048982770991171,1.8237499102377221,0.005743821721905332,0.004506292352371766,2.0436321527660777,-0.14144871624109473,0.18151729368191116
4.766233852,1.819192149733892,0.0066873848887859,0.0049362078357878,1.8303896576912866,0.005773853964669435,0.004539342620936804,2.050162861970151,-0.14024997295141622,0.1815503439504762
4.782889387,1.825936568207108,0.0067202616852405,0.0049743254776515,1.8371266553823087,0.005804549845700328,0.0045732047532336395,2.056789184961172,-0.13903345178652882,0.18158420608277304
4.799605738,1.8326800335681503,0.0067532587897888,0.0050120165934698,1.8439471015409088,0.005835856974896695,0.004607486327387722,2.0634975448552426,-0.1378016346449366,0.18161848765692712
4.799959162,1.839423498714157,0.0067863751038116,0.0050138351834864,1.8440908334171124,0.0058365177646361255,0.00460793804453008,2.0636389144797893,-0.13777567471166102,0.18161893937406948
4.816570453000001,1.8461679179520096,0.0068196095276332,0.0049788031719677,1.8513038367278107,0.005869763863706806,0.004610546370494628,2.070733356161844,-0.1364728242662251,0.18162154770003403
4.833393938,1.852911383490295,0.0068529642599887,0.0050170383718181,1.864233005032832,0.005929787385698693,0.004675532199685417,2.083449929238729,-0.13413706634576328,0.18168653352922481
4.84992717,1.8596558035362016,0.0068866755204581,0.0050549097216903,1.8676227325723544,0.005945636284714927,0.0046757018393028815,2.0867838995046992,-0.13352457451281835,0.18168670316884228
4.866640776000001,1.8663992698554703,0.006920626298795,0.0051284877934967,1.8719059661765276,0.005965693752977512,0.004684652267411327,2.0909966732026515,-0.13275060411300216,0.18169565359695072
4.883226128,1.8731436898906533,0.0069546951872124,0.0051661541166875,1.88434133603547,0.0060245939588628,0.004776532293726987,2.103227361524991,-0.13050290397180253,0.18178753362326638
4.8998948680000005,1.8798881101066536,0.006989002494121,0.0051682995907721,1.8878441654642348,0.006041382166729454,0.004794138564363504,2.106672500996079,-0.12986957161380064,0.1818051398939029
4.916618373,1.8866320545799824,0.0070236679777503,0.0052409428231143,1.8927547621791316,0.006064976337695977,0.00481882069676276,2.111502212118782,-0.12898164861460415,0.18182982202630216
4.949597821,1.8933755215556072,0.0070584532207886,0.0052781921549692,1.904695476781851,0.00612285594654631,0.004878838323200352,2.123246154176986,-0.1268220560126858,0.18188983965273975
4.966338649,1.9001189889035888,0.0070933576728613,0.0052803339827289,1.911434362886218,0.006155961952502862,0.004946356833283705,2.1298739116795424,-0.12560282985541915,0.1819573581628231
4.982953006000001,1.9068638871020305,0.0071286181038174,0.0053175287452122,1.9180592736364284,0.006188732693327553,0.004946757018392756,2.136389533795573,-0.1244040034247782,0.18195775834793215
4.983284477000001,1.9136078322082195,0.0071641180521657,0.0053544493627901,1.9181914354360503,0.00618938647097014,0.004946757018392756,2.1365195153674845,-0.12438008774649306,0.18195775834793215
4.999955863,1.9203517775151469,0.0071999756283036,0.0054257681683391,1.9316593414019314,0.006256464006211119,0.005014296528741191,2.1497651658872163,-0.12194252076060702,0.1820252978582806
5.016571833,1.9270976345817004,0.0072335660257804,0.0054590684935578,1.9350808398693335,0.006273734987211613,0.005048432027031424,2.1531301602300994,-0.12132303458514815,0.18205943335657082
5.033261313000001,1.9338320368019248,0.0072700306452541,0.0054641250479948,1.9405232173407063,0.006301315807901608,0.0050926957984116505,2.158482640723082,-0.12033754698257765,0.18210369712795105
5.049949791,1.9405726451229288,0.007306726533136,0.0054998131759392,1.9518798009813947,0.006359565953229072,0.005183458346107894,2.1696515139594603,-0.11828044812810112,0.1821944596756473
5.066698584,1.947316591834502,0.0073435377827279,0.0055688188105965,1.9586526458015796,0.006394788581092775,0.005217736985649868,2.17631232684121,-0.1170531586976325,0.18222873831518926
5.099607698000001,1.95406053837803,0.0073804682417591,0.0055703508401617,1.9686646219952069,0.006447084457605228,0.005234143206390041,2.1861586513824878,-0.11523869040408591,0.18224514453592944
5.116300785,1.960803531449799,0.0074177574277801,0.00557242777397,1.9720995857358008,0.006465065809099082,0.005251408401999669,2.1895367755080395,-0.11461613388411107,0.18226240973153907
5.11660783,1.967547478922434,0.0074550455140551,0.0056075430185578,1.9721689673799823,0.006465429433161016,0.005251757135723789,2.1896050089936705,-0.11460355866202981,0.18226275846526319
5.149611525,1.9742919029585668,0.0074928098881875,0.0056086786984058,1.988887761494378,0.006553964080116257,0.00533579101931192,2.206046972295541,-0.11157242722258104,0.18234679234885132
5.149906366000001,1.9810358527312149,0.0075278329957864,0.0056752061768693,1.9889480530143067,0.006554285822767276,0.005336094063397301,2.206106265070234,-0.11156149388993014,0.1823470953929367
5.166616436,1.98777216619368,0.0075659643443259,0.005711704469792,1.9923650659752368,0.006572520539853784,0.005353269042035258,2.209466674292874,-0.11094184888150438,0.18236427037157465
5.183236173,1.9945142068494728,0.0076044467217389,0.0057127494954695,2.00580402170935,0.006644690520287137,0.005420530743186713,2.22268293022626,-0.1085043668133096,0.1824315320727261
5.199911776,2.0012576788057204,0.0076431658683849,0.0057468580150261,2.012538348901971,0.006681309559278686,0.005454666318573942,2.229305581449519,-0.10728248528617312,0.18246566764811334
5.2329062230000005,2.0080059539722463,0.0076817602836075,0.005804783028706,2.0226201273505295,0.0067364159335029095,0.005487868635720705,2.2392201226496296,-0.10545295906618912,0.1824988699652601
5.2496249090000005,2.0147274589960533,0.0077226505038232,0.0057835330516869,2.026029813641464,0.006755131437301413,0.00552210941263942,2.242573235024965,-0.10483413092280769,0.18253311074217882
5.249959276,2.021467592290505,0.0077608966610224,0.005849940770759,2.0261023930393844,0.006755530120268903,0.005522749273959349,2.2426446101241115,-0.10482095810335057,0.18253375060349875
5.266532103,2.0282096344684235,0.0078003327118015,0.0058831806307081,2.032795721324544,0.006792496070026766,0.005522749273959349,2.249226841984923,-0.10360595450464183,0.18253375060349875
5.283253013,2.034953106688747,0.0078396479048162,0.00588371278275,2.046199092477533,0.006866972198001231,0.005590029899930293,2.262407663281966,-0.10117246834404003,0.1826010312294697
5.316301964,2.0416961026566414,0.0078790828563069,0.0059168159451005,2.0562880883478396,0.006923428794980112,0.0056068233476755935,2.2723290713692768,-0.09934034209744985,0.182617824677215
5.316599501000001,2.0484410065931926,0.0079188732368697,0.0059175194411212,2.0563488585991165,0.0069237695649414545,0.005607128798467809,2.272388832044379,-0.09932930573592208,0.1826181301280072
5.349710671,2.0551830486934746,0.0079585477063336,0.0059507431872838,2.066460625082249,0.006980697648418613,0.005657953789407699,2.2823325719172507,-0.09749270573680702,0.1826689551189471
5.349985344,2.061926044211375,0.0079981018674748,0.0059517236545082,2.066571590074111,0.006981324436826796,0.005658276863504064,2.2824416926463793,-0.09747254913101455,0.18266927819304346
5.366574172,2.068670947943614,0.008037653829564,0.0059837656056938,2.0731449685164476,0.0070185188289227235,0.005658276863504508,2.28890580872471,-0.09627844239590172,0.1826692781930439
5.383263031,2.075413944175585,0.0080776848274235,0.006015994612613,2.0866692359942176,0.007095496161102777,0.005725611716346002,2.302205196838665,-0.09382120571329922,0.1827366130458854
5.399843764000001,2.0821574180155906,0.0081178344844178,0.0060170731659039,2.093398603615087,0.007133915209241479,0.005692645618748937,2.3088226490262382,-0.09259842562462989,0.18270364694828833
5.432941417,2.0889004139691867,0.0081577462731725,0.0060171422475143,2.100213076583919,0.007172820137576528,0.005725923651536569,2.315523791183327,-0.0913601812114071,0.18273692498107597
5.433287337,2.0956438870174847,0.0081976575121334,0.0060178584945968,2.100330000035808,0.007173489258955542,0.005726040658276421,2.3156387698137357,-0.09133893372039154,0.18273704198781582
5.449898668,2.1023883156771834,0.0082363755573083,0.0060495104986129,2.1082573119283317,0.007218903432943015,0.005732439507535769,2.3234342159362242,-0.08989832411333976,0.18274344083707517
5.483107964,2.1091294021803635,0.0082767663832942,0.0060825996675279,2.123749447428922,0.0073081007949436306,0.00577639093936444,2.338668571184958,-0.08708254026272078,0.18278739226890384
5.499662136,2.115871445876832,0.0083172753167553,0.0060837341055256,2.1271161795646965,0.007327550163303949,0.00579331323222565,2.341979271364087,-0.08647055343614518,0.18280431456176505
5.500022583000001,2.1226134890727395,0.0083580226692181,0.0060859480865225,2.1271894860700384,0.0073279736496901825,0.005793681694610697,2.342051357841591,-0.0864572281658943,0.1828046830241501
5.5165452550000005,2.129319305346882,0.0084084677362052,0.0074125307402987,2.1350665524123498,0.007373782634070017,0.0058332744058691155,2.3497972740085187,-0.08502507755958522,0.1828442757354085
5.549623111000001,2.1359431213650715,0.0084730740217165,0.0100900324135619,2.150863449988235,0.007498578594489503,0.011637280423744567,2.3653253607587104,-0.08212058639360303,0.18864828175328396
5.566307661000001,2.142549377230581,0.0085599927219955,0.0139883983709947,2.1542758570983547,0.007538468906862249,0.013680757189515003,2.368677422807656,-0.08148043520659104,0.1906917585190544
5.566758491000001,2.149177977988807,0.0086864631328428,0.0188295136600008,2.154390001366697,0.007539996864960916,0.013752696748225546,2.368789514449982,-0.08145883167974938,0.19076369807776494
5.583309847000001,2.1558801109095715,0.0088514726483222,0.0244941444909154,2.1609966103242555,0.007645660451890135,0.018235510845690417,2.3752742851889246,-0.08019147412363048,0.1952465121752298
5.616276311,2.162609948607184,0.0090582927197969,0.0306302879511844,2.180858915532403,0.008174991231932126,0.03575345515324235,2.3947330214481384,-0.07617289944463568,0.21276445648278175
5.616617982,2.169353665088596,0.009309204260932,0.0370860708300105,2.180998574461038,0.008179570994915791,0.035887601500709465,2.3948696916828625,-0.07614379897183926,0.21289860283024886
5.633208764,2.1761064939726382,0.009605524068691,0.0437293249921754,2.184445043636111,0.008314614666737599,0.039358469479784386,2.398238528185639,-0.07540398332886633,0.21636947080932378
5.666452426,2.182866051777838,0.0099482085650569,0.0505154860140207,2.194667358081807,0.008764884605094161,0.049838259430958765,2.4082218258363244,-0.07316072149352687,0.22684926076049816
5.6666129320000005,2.1896280481313,0.0103379779514468,0.057390936241801,2.194731448412419,0.008768309059809706,0.04990604499844542,2.4082843117124852,-0.07314606500525483,0.22691704632798482
5.699600947,2.19639105245379,0.0107748338767139,0.0643276592639873,2.208112493334229,0.00953156397846513,0.06408780220880006,2.4213218699104364,-0.07003849400761164,0.24109880353833946
5.699858477,2.2031555408945565,0.0112581797452062,0.0713048216232774,2.2096518928541418,0.009635719409161468,0.06574415912743481,2.4228188748854187,-0.06966489617500538,0.2427551604569742
5.732972793,2.209923422852446,0.0117900399153107,0.0783328959602514,2.2249601615382435,0.010772723850135654,0.08230424545406834,2.4376877300171245,-0.06585005459562138,0.25931524678360773
5.749610714,2.2166880224698047,0.0123699452442886,0.0854050021673933,2.2283654403061797,0.011054016345020725,0.08600793857375377,2.4409902670638424,-0.064973528492135,0.26301893990329317
5.766220683,2.2234436170644902,0.0129975446998867,0.0925623073092508,2.234985568038958,0.011649657039904171,0.09330373245852197,2.4474020662156826,-0.06322146951134483,0.27031473378806137
5.766556643,2.230192591853608,0.0136735507892079,0.0998244990939355,2.2351210199434126,0.011661856277865687,0.09345303252645154,2.4475332534647865,-0.06318560942908574,0.27046403385599094
5.799563634,2.236934471022475,0.0143991561542203,0.1071815841317276,2.251958662727122,0.013405666425576057,0.11231327542489433,2.4638007340869303,-0.058504139301950975,0.28932427675443373
5.816239658000001,2.24367116376715,0.0151753122696428,0.1146402981571534,2.2553926289608803,0.013793406879082608,0.11623987021844773,2.4671127661254193,-0.05751777703082739,0.2932508715479871
5.816533649,2.250398376914643,0.0160013088272306,0.1221881361744977,2.2554753602074893,0.013803104614194409,0.11633543044129047,2.467192496992542,-0.05749366284289553,0.29334643177082986
5.849582078,2.257115635237664,0.0168783384685116,0.1298479563398364,2.2754181956153716,0.016370167618745702,0.13974334491118778,2.4863716847843387,-0.0514550162873979,0.3167543462407272
5.849900435,2.2638219855933936,0.0178067599202292,0.1376169800934245,2.275549037266501,0.01638806609373641,0.13989868479643341,2.486497330250365,-0.05141435783262799,0.3169096861259728
5.866565629,2.2705150450136937,0.0187876488132949,0.1455120813877871,2.278904822467258,0.0168743710945647,0.1439629209755413,2.489715046839166,-0.05034473789002719,0.3209739223050807
5.883187299,2.277192906589266,0.0198213649737228,0.153520266079318,2.282237407489049,0.017357543866453617,0.14799973491780172,2.4929104773134894,-0.049282286508211426,0.3250107362473411
5.899864556000001,2.283852710408968,0.0209086269541649,0.1616557764708341,2.292222891993844,0.018916013818387072,0.16032071882091437,2.5024655048271383,-0.04598984385874999,0.33733172015045376
5.916531473,2.290493024340796,0.0220487211487579,0.169899208150504,2.3000854648221982,0.020226384736504108,0.17017450089635,2.509974479678684,-0.04331544297199463,0.3471855022258894
5.933170116,2.2971224320951102,0.0232416376642062,0.178257136824662,2.3088212919405624,0.02177156532395264,0.1813161558967562,2.5183017165305834,-0.04025613179100357,0.3583271572262956
5.966284401,2.3037466613765645,0.0244926151108459,0.1867017499368228,2.3187845123124715,0.023672352665006266,0.19436574385227745,2.527774549792843,-0.03663064110965225,0.37137674518181685
5.966608799,2.310351881522035,0.0257990468239954,0.1952451458906827,2.3188489893476367,0.02368504941534306,0.19445063115933703,2.5278357835904273,-0.036606789116731986,0.3714616324888764
5.999697987,2.3169423845659938,0.0271620007406925,0.2039042803547406,2.3318816125468738,0.026368796580553553,0.2117531225507734,2.5401921885843453,-0.03167008759381856,0.3887641238803128
5.999989192,2.3235105400762497,0.0285805319808214,0.2126675159143286,2.3319397471213175,0.026381304948336366,0.21183091357535622,2.5402472121977793,-0.031647537871536124,0.3888419149048956
6.0165361200000005,2.3300573037607584,0.0300557123274766,0.2215399193264482,2.3352430853800383,0.027092058750983267,0.21625117587449383,2.5433737786021715,-0.030366211551494438,0.3932621772040332
6.033187618,2.3365826747266807,0.031587541781327,0.230515355566034,2.3483446992798025,0.030092162183222936,0.233986811471679,2.555742389711972,-0.025105948573548253,0.4109978128012184
6.049891325000001,2.343081407279821,0.0331753111324655,0.2396142985742665,2.354924056368504,0.031691387010543526,0.24295594327119785,2.5619373360913023,-0.022373166272268097,0.41996694460073725
6.066542191000001,2.3495539808108408,0.0348208079690779,0.2488206095727563,2.3614143062177004,0.03333085053972209,0.25186609364340473,2.568037482028387,-0.019616464744214412,0.42887709497294413
6.099578438,2.3560023020431204,0.0365243877211693,0.2581406209036071,2.3742840560654352,0.0367664783126731,0.26988099512692454,2.580101161456471,-0.01396831124116954,0.44689199645646394
6.099824878000001,2.362430188707325,0.0382880725479866,0.2675627449599012,2.3743801163167633,0.036792602309117545,0.2700167969292142,2.5801911205861687,-0.013925680383103212,0.4470277982587536
6.1329451950000005,2.3688414560159736,0.0401124540989036,0.2770854707734291,2.3808035928344107,0.03860202095401675,0.2790965195006332,2.5861956094955745,-0.011013437374339186,0.4561075208301726
6.149552017,2.375250926310983,0.0419816604673636,0.2867336095972807,2.387157941788717,0.040454854624385785,0.28825280684403776,2.5921244061321,-0.0080706302644738,0.46526380817357715
6.149889811,2.381609345754188,0.0439262659510582,0.2963370628386021,2.3872889995358793,0.04049308712242914,0.2884417046640211,2.592246683738646,-0.008009917465697625,0.4654527059935605
6.166499959,2.3879578791124154,0.0459323948865163,0.3060894216317382,2.393991694327261,0.04251906650357767,0.2982708375944747,2.598487894211061,-0.004835330601509313,0.4752818389240141
6.183167447000001,2.394282641431502,0.0479987519521788,0.3159457997295133,2.4064131990478943,0.04646123719547613,0.31654417260838663,2.610021136438547,0.0012325201721097856,0.49355517393792603
6.199792605000001,2.400570755779582,0.0501254711983259,0.3258839604823182,2.4126960845799186,0.048552649058282084,0.326041101027835,2.6158375755368897,0.004397593694742408,0.5030521023573744
6.2329420870000005,2.4068417779255595,0.0523153911107633,0.3358869493196327,2.4221423276307625,0.05183038806472057,0.34043472214531345,2.6245590447884632,0.009287486828933544,0.5174457234748528
6.233197283,2.413102861487346,0.0545702915843836,0.3459937018927132,2.422190335893408,0.05184740173809425,0.3405079037281622,2.6246033069890626,0.009312688336070407,0.5175189050577016
6.266269899,2.419326344177414,0.056885674546424,0.3561829905100271,2.4346273274987005,0.05638858889852241,0.35973573668075165,2.636046314455406,0.01597292265187128,0.536746738010291
6.282934783,2.4255251039389933,0.0592645053879923,0.3664293033942793,2.4378438740907735,0.057599101802837324,0.364790953454893,2.6389994437476374,0.017730916068768587,0.5418019547844324
6.299585899,2.4317058211634186,0.0617096374346968,0.3767569205294253,2.4439948556871687,0.059982383886469814,0.374447319443989,2.6446346451222973,0.02116007246012591,0.5514583207735284
6.299870832000001,2.43786038673681,0.0642197687294645,0.3871368057056131,2.4441004214689785,0.060023643313676496,0.37461380968149705,2.6447312960842138,0.021219276059536163,0.5516248110110364
6.332904143,2.4439897550401124,0.066794778963251,0.3975796473922032,2.4593593436195023,0.06624825687010194,0.3990880143423303,2.6586557084777276,0.030033540556245186,0.5760990156718697
6.333220436,2.450089630625824,0.0694314544339363,0.4080709936501545,2.459418948260432,0.0662734056329627,0.39918426100115445,2.6587099533642196,0.030068792021224977,0.5761952623306938
6.366311307,2.456156199319336,0.0721306340031284,0.4186023762975732,2.471571970650696,0.07154273209762509,0.4190815414367979,2.6697452121550853,0.037395784448413294,0.5960925427663373
6.366562756,2.462189939050474,0.074892674748348,0.4291762047250176,2.471618444925794,0.07156344375255716,0.41915809710083085,2.6697873131671503,0.03742435603708061,0.5961690984303702
6.399608651,2.468190848544844,0.0777169806239831,0.4397832149116009,2.4836451172859455,0.07706649085660103,0.43913595944069783,2.6806570408044355,0.0449591683492091,0.6161469607702372
6.399838779,2.474161789893594,0.0806037867502551,0.4504299078647397,2.4836876940456873,0.07708649942790567,0.43920753758323583,2.680695429006737,0.04498636153438196,0.6162185389127752
6.432936303,2.480099901862669,0.0835540500994338,0.4611029522470243,2.492696031926082,0.08139374345155106,0.45446763812236446,2.688804552059636,0.0508125631923676,0.6314786394519039
6.433293574,2.4860056613874035,0.0865668164473381,0.4718171749597534,2.4928235201328266,0.08145641158747854,0.45468417145632767,2.688919013077589,0.05089670125443713,0.6316951727858671
6.449822397,2.4918757307407304,0.0896425664783275,0.4825661952686986,2.499409792340435,0.08472536006990516,0.46588018247682994,2.6948267481062267,0.05527433447398422,0.6428911838063693
6.482967532,2.497709631065244,0.0927797510224433,0.4933383465785467,2.5133291126919355,0.0919403436424542,0.4899619060199214,2.707258098415498,0.06482760598106652,0.6669729073494608
6.483313571,2.5035083177471047,0.0959792034443946,0.5041386778782158,2.5133899279621046,0.09197278840390975,0.4900679499978269,2.7073122502761255,0.06487025261777113,0.6670789513273663
6.5162204710000005,2.509268926807833,0.0992393773229276,0.5149410085897481,2.5249109289680347,0.09826985878893896,0.5103680740642695,2.7175443899417315,0.07309763844050876,0.6873790753938089
6.532934769000001,2.514993367014941,0.1025606280865159,0.5257674967980495,2.5278937145374263,0.09994059068399831,0.5156627456324716,2.7201863717895907,0.07526749713031389,0.692673746962011
6.549575245000001,2.52068259262322,0.1059439083100294,0.5366080468525373,2.533603161827835,0.10321550774558813,0.5258334109351708,2.725229931806603,0.0794966072585842,0.7028444122647102
6.566268332000001,2.52633612813058,0.1093901722165752,0.5474489447294277,2.5393152132720855,0.10656984366092297,0.5361360637451926,2.7302620705733105,0.083804353835076,0.713147065074732
6.582937984000001,2.531949201029035,0.1128958490258612,0.5583034484385724,2.5477729311071107,0.11169326440181838,0.5515171801776297,2.7376854583570713,0.09033702135126265,0.7285281815071691
6.583285727000001,2.537522765862475,0.1164616528939143,0.5691638978744797,2.5478328495281692,0.11173014090731384,0.5516266158337384,2.7377379470051224,0.09038387255899016,0.7286376171632778
6.59985125,2.5430558677182264,0.1200866312463574,0.5800186325529325,2.5506871988095807,0.1134868365128179,0.5568398304154583,2.7402383622730615,0.09261573562794145,0.7338508317449977
6.632895512,2.5485232139164,0.1237531702488816,0.5908148705196836,2.564499095776847,0.12234262815484431,0.5824389753172228,2.7522750410240366,0.10376526064415525,0.7594499766467622
6.633211635,2.553980160645315,0.1274988762585217,0.6017118145673527,2.5645529607349693,0.12237812445731486,0.5825395276405994,2.752321813835331,0.10380968727272699,0.7595505289701387
6.666238985000001,2.5593971232212565,0.1313048290852818,0.6124917684579112,2.572813529082025,0.12790281875039372,0.598075481022958,2.7594804732213762,0.110702642534655,0.7750864823524974
6.66654118,2.564766941075621,0.1351651957228241,0.6232816034654001,2.572913009204055,0.1279704858228797,0.5982626567258045,2.759566483544194,0.1107867695323832,0.7752736580553439
6.699581254000001,2.5700991582784054,0.1390849719648016,0.6340978835340434,2.5863373322489145,0.13738160884563236,0.6236195477548852,2.771123857210175,0.12241470140812982,0.8006305490844245
6.699845989000001,2.575383758141398,0.1430634540992805,0.6449430345904573,2.586380838868888,0.13741291885382656,0.6237023732574385,2.771161170694883,0.1224531831759379,0.8007133745869779
6.7165299880000005,2.580619777747457,0.1470900336035027,0.655747216718009,2.5892644104682443,0.1394904049772591,0.6291989716950415,2.7736338642816283,0.12500596992530355,0.8062099730245809
6.749588768000001,2.585813901369383,0.1511760276614132,0.6665603497737876,2.60487056609993,0.15121860367150838,0.6596532959148158,2.786930968742275,0.13929896650316764,0.8366642972443552
6.766478951000001,2.5909575405133145,0.1553125054713934,0.6773350026053845,2.607570169446265,0.15333342051790957,0.6649748548879288,2.78921599519236,0.14185610604644183,0.8419858562174682
6.766740499000001,2.5960836275048083,0.1595273240674031,0.6881678817494219,2.6076108976407917,0.15336535967402878,0.6650551711727561,2.7892504628806956,0.14189471788379515,0.8420661725022955
6.783187156,2.6011635276335667,0.163797985883618,0.6989811486209546,2.6101719672938115,0.15537375715962135,0.6701056184637686,2.791417859487208,0.1443227068001277,0.847116619793308
6.816388718000001,2.606184819679625,0.1681090080165014,0.7097304811249406,2.6204861249112295,0.1637202461731323,0.6906540536285304,2.8001011352246223,0.1543549771651863,0.8676650549580698
6.816679202,2.611155187912161,0.1724641963293528,0.7204613709358962,2.620561454607614,0.1637829205325491,0.6908071087701813,2.8001642516435035,0.15442993686204587,0.8678181100997211
6.8331711550000005,2.616053985819585,0.1768621440500222,0.7311258874359253,2.6255746355323732,0.1679703074876468,0.70101343593493,2.804361749800254,0.15943465480816132,0.8780244372644699
6.849901393000001,2.6209281413568624,0.1813300961020959,0.7419267543891791,2.633066073318019,0.17440210626839645,0.7162032185490199,2.8106035664598306,0.16708510580404967,0.8932142198785593
6.882916199,2.6257657821781057,0.1858215747493504,0.7530633799588149,2.6429484701639887,0.18318297648844054,0.7366591702955687,2.818785338591329,0.17746894199452967,0.9136701716251086
6.899576523,2.630359270610124,0.1902296492860621,0.7627753646966146,2.6454714549069154,0.18547229584203231,0.7418307780392288,2.8208657783969797,0.18016675691235384,0.9188417793687682
6.9000961730000006,2.635075704594459,0.1948374964876369,0.7732919784888589,2.647433412225284,0.18728717805384038,0.7457883289388096,2.8224774998799798,0.18229875780894655,0.922799330268349
6.916507002,2.639765055265694,0.1995112976944912,0.7839257781321368,2.6548819785362876,0.19426566829285594,0.7612237422729824,2.828580849112642,0.1904798087346904,0.9382347436025213
6.9332519480000006,2.6444048808960887,0.2042384425734153,0.7945523865547004,2.6574044751193058,0.19669201053476873,0.766572447561507,2.8306366802901386,0.19331241951908418,0.9435834488910464
6.949886914,2.648991353783535,0.2090109485069674,0.8052374670382401,2.6610039294916126,0.2001823498243166,0.7742339647272898,2.833565283975587,0.19738204119536495,0.9512449660568292
6.966515638000001,2.6535263850987825,0.2138328664105332,0.8159833161688933,2.6668382311322727,0.20596274285034977,0.786785409191582,2.838290562992283,0.2040994631252424,0.9637964105211214
6.999578986,2.6580114064804232,0.2187049098903456,0.8267637019344626,2.673698232472739,0.21293520710594743,0.8018203551033163,2.8438156050294316,0.21217094295700378,0.9788313564328561
6.999973869000001,2.66244259958128,0.2236244607410529,0.837561573848446,2.673805342180307,0.21304483600385463,0.8020566503475846,2.843901736744183,0.21229771958113308,0.9790676516771235
7.0329018990000005,2.666820918691888,0.2285912794443653,0.8483803697260894,2.6872619215321474,0.22738902599142125,0.8324718891186524,2.854622208449642,0.22878731632163074,1.0094828904481918
7.033269450000001,2.671143024845009,0.2336048930110648,0.8592233800665517,2.6873632313110445,0.2274992988117384,0.8327032765514537,2.8547025174759386,0.2289137055082573,1.0097142778809935
7.049887974000001,2.675407960705334,0.2386620838916366,0.8700683160321289,2.691770071024571,0.23239451545712037,0.8429473506395122,2.858178508492362,0.23450842343856293,1.019958351969052
7.082944550000001,2.67962049899231,0.2437664228662141,0.8809120613478826,2.698347612433395,0.23990461922468545,0.8584758878732703,2.863330832294852,0.2430594040266998,1.0354868892028097
7.083242608000001,2.683777301134552,0.2489175561545962,0.8917635334094746,2.698386333403627,0.23994946875719658,0.8585680504927815,2.8633610507596745,0.2431103710600243,1.035579051822321
7.099871452,2.6878774088563966,0.2541107164868995,0.9026241575282972,2.700546600779473,0.24245165249190606,0.8637098612224667,2.8650469579906694,0.24595385402741987,1.0407208625520061
7.132976660000001,2.691911280067642,0.2593430538356271,0.9134934136848676,2.709046944035801,0.25260923831131404,0.8842901139435311,2.871625848732986,0.25744953068234966,1.0613011152730705
7.149583242,2.695872214810953,0.2645919261438209,0.9242750401089876,2.713205255075971,0.2577379192000981,0.8946727504538865,2.8748160842134785,0.26323030190639807,1.071683751783426
7.15000717,2.699798421255944,0.2699108143792407,0.935147500542048,2.7133103531124303,0.25786912770844894,0.8949354676591277,2.87489643577869,0.26337796671567704,1.071946468988667
7.166487441,2.702905214373089,0.2742226126459999,0.9456822275326336,2.7173478792311054,0.2629562149965928,0.9050362331554442,2.877975097809477,0.2690965254795934,1.0820472344849836
7.183186179000001,2.7052039298763466,0.2774393313616544,0.9557297750444356,2.722283868039955,0.26932112722196505,0.9158219486152968,2.881713173798706,0.27623115098178574,1.0928329499448362
7.19985543,2.70680779546754,0.2797367930544517,0.9649584024578016,2.7231384241744307,0.2704341392102273,0.9161976803939504,2.8823583888612014,0.27747724864895096,1.0932086817234898
7.232935611,2.707886794634764,0.2813194842855344,0.9728809373061422,2.7238047637397833,0.2713038315049324,0.9178402039177742,2.882861174043707,0.2784506859422967,1.0948512052473136
7.233259909,2.708583220153076,0.2823574720269383,0.9790919731569814,2.723811259346243,0.27131230959780395,0.917856338349087,2.8828660752615085,0.27846017535882694,1.0948673396786264
7.266228947,2.7090025900532355,0.2829711553299795,0.9834693356614914,2.7249222099597246,0.27277591825271036,0.9258164772706534,2.8837019425990276,0.28009653942418045,1.1028274786001928
7.28291978,2.70921562645864,0.2832894372181863,0.9861438995160228,2.725112985505601,0.2730295337474081,0.9276632479234843,2.8838450785025067,0.28037978532651686,1.1046742492530237
7.283257253,2.7093159419873483,0.2834457242864213,0.9875088465882012,2.7251171141093873,0.27303503745242635,0.927706696313793,2.8838481734576518,0.2803859300308065,1.1047176976433324
7.299822837000001,2.709901433325958,0.2842174069506982,0.9884195284615764,2.725341385015256,0.2733351346302828,0.9303259987001562,2.884016096466666,0.2807208294461836,1.1073370000296956
7.316473843000001,2.7106356292352998,0.285756388134711,0.9908822645246156,2.7288964260007225,0.2781172448383593,0.9315162803998902,2.8866735153016947,0.286054216698744,1.1085272817294296
7.333213128000001,2.712205116055532,0.2875980328271601,0.9929797116334776,2.7307068428967947,0.28055015846117937,0.9310424502697714,2.8880272363112334,0.28876790744420866,1.1080534515993108
7.349866529000001,2.7137130898990227,0.2902677766937958,0.9971468319202836,2.7329571964016988,0.2835737386922811,0.9306136260221693,2.8897100103198765,0.29214050287603543,1.1076246273517087
7.382945577,2.7157994894766104,0.2933686302031015,1.0017502568076055,2.7412228801383374,0.2946607951362653,0.9292639050215064,2.8958942395455347,0.30450980589240373,1.1062749063510458
7.399647751000001,2.7181254831973813,0.2970774137554007,1.00731070721423,2.7430070377820357,0.2970494442901712,0.929212792107613,2.8972299060637723,0.3071752998860343,1.1062237934371524
7.399857872,2.720751990537976,0.3012917754976363,1.0133593630782949,2.743029483302496,0.2970794945907409,0.9292121490837424,2.897246709360426,0.30720883302150725,1.1062231504132818
7.416510191,2.7235701300329787,0.3058715314988493,1.0194682517398292,2.74656594274951,0.30181050570272666,0.9285752513243244,2.8998948349456257,0.3124886476439269,1.1055862526538638
7.4331571400000005,2.7265044373326424,0.3107086458417608,1.02529876224449,2.75038256662281,0.30691897639793647,0.9296860302599761,2.9027522810946778,0.3181893574365169,1.1066970315895155
7.466310309000001,2.729520507397864,0.3157402156347186,1.03068199236443,2.759666659639241,0.31942807806544393,0.9350832888533427,2.9096886011609633,0.33213781511483464,1.112094290182882
7.4665233550000005,2.732599227068021,0.3209310961440541,1.035538267754324,2.7596912925602184,0.31946146208073045,0.9351003144119794,2.909706970651331,0.33217501504892255,1.1121113157415188
7.4996233430000006,2.7357305628246578,0.3262643712038328,1.0398376063231876,2.7672851294027545,0.3298117681882206,0.9405823611507165,2.9153595839280397,0.3437007756595627,1.1175933624802559
7.5162578490000005,2.738911160797988,0.3317264548115378,1.04357577034001,2.7692217273208413,0.3324669310199706,0.9420253265424208,2.916798378873079,0.34665546181304385,1.1190363278719602
7.51652622,2.7421338534293533,0.3373032885234504,1.046781105896203,2.769252971213499,0.3325097678017974,0.9420486064682052,2.9168215915154145,0.34670313092192473,1.1190596077977446
7.533202535,2.745394330179213,0.3429793800894864,1.0494917982220449,2.773076490742888,0.3377838289847357,0.9449704296622841,2.9196566670624136,0.35256805799698776,1.1219814309918235
7.566278598,2.748675384409586,0.3487195825781931,1.0518249516645417,2.7807041930833867,0.34839956230480623,0.9503528815681612,2.9252958781031673,0.3643610616752684,1.1273638828977006
7.566566236000001,2.751965177198473,0.3545032864569473,1.053984683983087,2.7807699193189492,0.3484917510018676,0.9503905604900886,2.925344343998138,0.36446338347613116,1.127401561819628
7.599619104,2.7552318564243565,0.3602730693957424,1.055747832797692,2.7883819797859255,0.35919324620976323,0.9545738281180309,2.930953055933418,0.37633805461534864,1.1315848294475703
7.599883327000001,2.7585110879589125,0.3660863493284879,1.0575577279531043,2.788442265699838,0.35927837045940775,0.9546031646214779,2.930997410479855,0.37643246437916666,1.1316141659510173
7.616551016000001,2.761785090498746,0.3719132251564121,1.059302846862997,2.792189827958774,0.3645797525377513,0.9562954861242821,2.933752904749332,0.38231091027549535,1.1333064874538215
7.6331805820000005,2.7650519530779416,0.3777514341036754,1.0610180657816763,2.7998399671086642,0.37546154753376587,0.9597696821071953,2.9393673517240617,0.39436976911519983,1.1367806834367347
7.649824485000001,2.768309766445776,0.3835987133931535,1.062717623453125,2.8036952383514446,0.3809753002776641,0.9614385696400358,2.9421914760208914,0.4004762335286153,1.1384495709695752
7.682924613000001,2.7715609145086924,0.3894548218584249,1.064407217945066,2.8094500071448425,0.3892449455129582,0.9639536923779826,2.946400137318773,0.4096300068633011,1.140964693707522
7.699574317000001,2.7748025350452914,0.3953191667514257,1.066092055406179,2.8113561282428403,0.39199072797274376,0.9647643228121616,2.94779297462637,0.4126685300557852,1.141775324141701
7.69982754,2.7780365356355268,0.4011917458735795,1.0677754312175207,2.811385118169796,0.39203248819093217,0.9647766515761109,2.9478141580925468,0.41271474252649143,1.1417876529056503
7.732987512,2.781261008097229,0.4070714885400942,1.069459452881006,2.8208821595022795,0.40579961111939256,0.9689005587808257,2.9547385764965513,0.427939061807317,1.145911560110365
7.733307873,2.784476906936494,0.4129595857442781,1.0711413196301969,2.820918471205059,0.40585247474088904,0.9689161123535222,2.9547650121546654,0.42799749346155125,1.1459271136830615
7.766242075,2.7876818446545566,0.4188530600037848,1.072798222599287,2.8265838428413312,0.4141195876419944,0.9713785343951438,2.958886119092027,0.43713303225833466,1.1483895357246832
7.766579608000001,2.790879162174949,0.424754530074006,1.0744711853071696,2.8276215037995005,0.4156407514275131,0.9718254034049965,2.9596397071959784,0.43881314668779026,1.1488364047345359
7.783177053,2.7940674274611785,0.4306624478838139,1.0761443800744337,2.83408893304558,0.42514179685113607,0.9746094445280251,2.964333058327689,0.4493045698681438,1.1516204458575645
7.816288323,2.797245208411887,0.4365758614086955,1.0778175712586762,2.837928885903911,0.43081095076580217,0.9763020391843282,2.967114739306442,0.4555613098335589,1.1533130405138676
7.832939700000001,2.8004163250828173,0.4424991769924221,1.0794674979847858,2.84350115179803,0.4390767962821543,0.9787146963304663,2.971144418504556,0.46467920623871994,1.1557256976600057
7.833318822000001,2.803577975074309,0.4484309673769174,1.0810526101326745,2.843544244019378,0.43914087120088463,0.9787333840001367,2.9711755545559795,0.4647498679755566,1.155744385329676
7.849872744000001,2.806719456225452,0.4543452571817398,1.0827546662889422,2.8454258158379715,0.4419386281414418,0.9795493594014228,2.9725350740949548,0.46783523068196653,1.1565603607309622
7.866570309,2.809860550578859,0.4602837469593058,1.0843558838932377,2.852815912800069,0.4529831537909482,0.982700038794321,2.977864887266074,0.4800084870865928,1.1597110401238604
7.8832893550000005,2.8129935456820747,0.4662289217964007,1.0858962146704745,2.8547602746511602,0.4559038960814255,0.9835342792040764,2.9792645594536595,0.48322597000071377,1.1605452805336158
7.899852915,2.8161184426087544,0.4721810201108465,1.0874025618304883,2.856677242126646,0.45878422129288393,0.9843542279960724,2.9806443822842126,0.48639884355352325,1.1613652293256118
7.933136403000001,2.8192342842876665,0.4781374203994973,1.0888619919723836,2.8658924051822807,0.47271201363667575,0.9880221566819642,2.9872630349566394,0.5017316862943687,1.1650331580115036
7.933408271,2.8223429813757077,0.4841005046477372,1.0902874896622434,2.865922574692406,0.47275778539383656,0.9880337655070264,2.9872846731901523,0.5017820553319338,1.1650447668365658
7.966277730000001,2.8254440534933427,0.4900677700122416,1.0916677511516442,2.875030946486344,0.4866270883631386,0.991444617279881,2.993808502557788,0.5170385179616811,1.1684556186094204
7.966523017,2.828538457075372,0.4960411227407535,1.0930138865596568,2.875087049709613,0.4867127255231587,0.9914647275716266,2.9938486494531658,0.5171326960994254,1.168475728901166
7.983183522000001,2.8316247598503423,0.5020190147623211,1.0943207845426728,2.87878253985038,0.49236963325331246,0.9927920174869955,2.9964902814356473,0.5233519430729031,1.169803018816535
7.999944889000001,2.8347048704161963,0.5080027551800514,1.095596993982553,2.880660537369441,0.49525254947605873,0.9934502642069587,2.997831286991914,0.526520505006499,1.170461265536498
8.032952512000001,2.8377768790415723,0.5139904388451201,1.0968326008758431,2.887918827017379,0.5064259567896366,0.9959327470493236,3.003008657891538,0.5387974195283243,1.172943748378863
8.049619799,2.8408412628048247,0.5199818267891189,1.098039328031806,2.8897844460719955,0.5093058188648726,0.9965542764966511,3.0043380162030355,0.5419607953373269,1.1735652778261905
8.049995776000001,2.8438999296168963,0.525977632069103,1.0992081755712662,2.8898266732610343,0.5093710040299758,0.9965683420384543,3.004368105237643,0.5420323976504187,1.1735793433679937
8.066500073,2.8469519254834967,0.5319776173658872,1.1003517503240272,2.8934697271258623,0.5150094534903569,0.9977517350108744,3.0069613705727156,0.548224241372705,1.1747627363404138
8.083220241000001,2.849996772382344,0.5379805911368272,1.1014599148273392,2.8989177140941056,0.523469921231148,0.9994398868961296,3.0108344421237234,0.5575118348801691,1.176450888225669
8.116303167,2.853020147564703,0.5439714303003693,1.103826116427752,2.906176260627312,0.5347964954170978,1.002992605181019,3.015985095035601,0.5699395681870083,1.1800036065105584
8.116561248,2.856001049829407,0.5499309663547656,1.1074040529366629,2.9062050604961254,0.5348416515489759,1.0030231193146903,3.016005493433515,0.5699890900412987,1.1800341206442297
8.133216252,2.85895862712842,0.5559251000104525,1.1120468402267876,2.9080636317597603,0.537755758193999,1.0049923189781893,3.0173218840196574,0.5731849342967803,1.1820033203077287
8.166248932,2.861911505213982,0.5619811087439409,1.1174980513442114,2.9169188633773575,0.5518907416952131,1.0173834132236195,3.0235497455017186,0.5886583510798036,1.1943944145531589
8.182893306,2.864831039556526,0.5680662429958189,1.1235146687036688,2.9187128650139127,0.5547952398809743,1.0203115156472284,3.024804267333949,0.5918333670727574,1.1973225169767678
8.199573609,2.867715319872041,0.5741797897108089,1.129883380775789,2.9222419954681484,0.5605866040136345,1.0267327621213092,3.027258462928616,0.5981556755327417,1.2037437634508485
8.216246908,2.870561004802819,0.5803179380407114,1.1364854486763802,2.925721164161895,0.5663813942114557,1.0334357066879676,3.0296628741552625,0.604472558853612,1.210446708017507
8.232964581000001,2.873369047032488,0.5864799716311871,1.143238319337056,2.92913715230685,0.5721601284595682,1.040347919830194,3.0320079193272784,0.6107625117674251,1.2173589211597333
8.233440037000001,2.876135631968616,0.5926657756696507,1.1500906575981966,2.9292345311168306,0.5723257804426177,1.0405468915442064,3.0320746071984264,0.6109427225883077,1.2175578928737458
8.266300589,2.8788607588899824,0.598875111738016,1.1570213734888175,2.9375539385251015,0.5868186941841497,1.0582133391479198,3.0377119897917906,0.6266741244915175,1.2352243404774592
8.266617173,2.8815463371734653,0.6051091697294932,1.1640100189014582,2.937585755627695,0.5868752551295016,1.0582830340716152,3.0377333500258463,0.6267354042512889,1.2352940354011546
8.283187956,2.8841880660022348,0.6113604444107058,1.1710387417184382,2.9392511408106574,0.5898357937281027,1.0619310373085487,3.038851397063477,0.6299429371697611,1.238942038638088
8.299845385000001,2.88678499572619,0.617631917110673,1.1781483759423346,2.944151601645437,0.5987464721471646,1.0729182917810327,3.0421062211667746,0.6395772937304112,1.249929293110572
8.316462617000001,2.889333779824661,0.623916439124291,1.185343495809175,2.946113137011765,0.6023659041600745,1.0774217862397837,3.043399767598239,0.643485572983366,1.254432787569323
8.349589297,2.891836804912249,0.6302159150507486,1.1926723960914487,2.953688877673822,0.6167717896611,1.0954835605474313,3.0483204283073597,0.659000355670633,1.2724945618769707
8.366247146000001,2.8942921656344747,0.6365321352266547,1.2000839505045635,2.9552474238422906,0.61980044685692,1.099332721079712,3.0493213108801083,0.6622561297175547,1.2763437224092513
8.382903804,2.896698433060905,0.6428665318113874,1.207599749667117,2.958235217102961,0.6257176707702679,1.1069304501610446,3.0512204655849122,0.6686070083037365,1.283941451490584
8.399579958,2.899057989884879,0.6492177907556137,1.2152015064064772,2.9612766599048337,0.6318574454081967,1.1148766492139046,3.0531332429978217,0.6751864071737155,1.291887650543444
8.399900970000001,2.9013646288302617,0.6555786474423212,1.2229203163552709,2.9617529591450378,0.6328371323091412,1.1161527173264254,3.0534295886082052,0.6762346565091828,1.2931637186559648
8.416467686,2.90362074090641,0.6619541059095522,1.2307617914316868,2.967109029415494,0.6439937418298561,1.1307544011401198,3.056737421309446,0.6881600775734629,1.3077654024696592
8.433228822,2.905827286953119,0.6683527481232946,1.2387158241771654,2.970010225391561,0.6502228096448244,1.1392686987552763,3.0584964198718088,0.6948026785695052,1.3162797000848157
8.466239901,2.907958901093522,0.6746913951817602,1.245503055568024,2.9728047371300725,0.656357972571086,1.1474688997966247,3.060166936730774,0.7013340561739903,1.324479901126164
8.482912098,2.9100059426147964,0.6808813664257581,1.2511159683864312,2.975616021177706,0.6626386766894672,1.1523898180551662,3.06182833575403,0.708011654208063,1.3294008193847056
8.483327319,2.9120057266973824,0.6870272846721942,1.2558058519717794,2.9756847225124097,0.6627934907494513,1.1524964722165993,3.0618687026811546,0.7081761466934637,1.3295074735461387
8.51625578,2.913992193919339,0.6932032590284998,1.2597277769191983,2.9835580576428518,0.6807742427037639,1.163193397501952,3.0664528164350338,0.727262339294668,1.3402043988314913
8.516515896000001,2.9159701405476217,0.6994322913752355,1.2630188665689217,2.9835993532356713,0.6808694888362498,1.1632449751586789,3.0664766950524105,0.7273633688119987,1.3402559764882183
8.533303303,2.917954844580772,0.7057333183915996,1.2657708151953877,2.984963409052546,0.6840418102901054,1.1648698015550307,3.067260828736831,0.7307263148483036,1.3418808028845701
8.566258415,2.919937212455274,0.7120744024492569,1.2681438726389795,2.99012056805675,0.6961317629305461,1.1701056215669174,3.070208507687324,0.7435354691001488,1.3471166228964568
8.566639922,2.9219134111773277,0.7184430309808251,1.2702713903763574,2.990150762988721,0.6962030512132727,1.1701316007862852,3.0702256777896966,0.7436109604291565,1.3471426021158246
8.583183103,2.9238772261298323,0.7248228794669792,1.2722244184867344,2.9914600973518453,0.6992943050154992,1.1712581303866294,3.0709702201213864,0.7468844697480006,1.3482691317161688
8.599909063,2.9258300754938427,0.7312042903137774,1.2740977627807843,2.9966271633390114,0.7116005511499545,1.1751157485891444,3.0738895645484092,0.7599082822832737,1.3521267499186838
8.632971579000001,2.9277748358743514,0.7376002540270907,1.2759033434874163,3.0004634676693964,0.7208241104510783,1.1778335980006513,3.0760417656230334,0.7696632455139099,1.3548445993301907
8.633246704000001,2.929710549251099,0.744007672267231,1.2776613842869655,3.0004847935479013,0.7208755601790662,1.1778479942087516,3.076053698588905,0.7697176465426643,1.354858995538291
8.649942025000001,2.9316362573341244,0.7504222546015789,1.2793932028491743,3.001785189314025,0.724012977925558,1.178725854745795,3.076781313074514,0.7730350244868975,1.3557368560753345
8.682948886,2.93355291244542,0.7568428078388126,1.2811094582666132,3.0081054242555094,0.7393946910557864,1.1829467394171136,3.0802942544683813,0.7892893073470997,1.359957740746653
8.683232436,2.9354581318753006,0.7632704076096504,1.2828137898751004,3.008127398182861,0.7394484805867745,1.182961139526581,3.080306413345562,0.7893461257317378,1.3599721408561205
8.716247132000001,2.93735382165095,0.769704336460799,1.284511807452234,3.013157155193343,0.7518187921985957,1.1862654519451414,3.0830793131625134,0.802408824211118,1.3632764532746808
8.716508219000001,2.9392375961537853,0.7761431666295765,1.286203729416607,3.013177289748676,0.7518685504604818,1.1862787271203175,3.083090371267335,0.8024613504261171,1.3632897284498569
8.749608568000001,2.9411127929627474,0.7825866558503608,1.2878965256069888,3.018167382031929,0.764258916242317,1.189582208630183,3.085820694841469,0.8155368052321106,1.3665932099597224
8.749864275,2.9429765507620487,0.7890345690023499,1.2895808790245529,3.0181867851385444,0.7643073285711364,1.1895951074595636,3.0858312699296433,0.8155878777456396,1.366606108789103
8.766535941,2.944829346478345,0.7954870247451892,1.2912564270222149,3.0194518350310258,0.7674637309236817,1.1904360894241766,3.0865207478788674,0.8189177196636821,1.367447090753716
8.783213679000001,2.9466730874367104,0.8019439016711798,1.2929233972854823,3.022628767786222,0.7754368402643509,1.192548898326657,3.0882440697649565,0.8273256644759555,1.3695598996561964
8.799817545,2.9485058670261437,0.8084057980247386,1.294596009846846,3.026852100859589,0.7861051636845477,1.1953257309927912,3.090522846306361,0.8385709676875572,1.3723367323223306
8.816488961000001,2.950327684968267,0.8148725945967612,1.2962450674033097,3.0293313875633876,0.7924100797533754,1.1969653407738337,3.091853172202439,0.8452139385745037,1.373976342103373
8.849570564,2.952135659434839,0.8213260556755038,1.2978131440432128,3.03416894816963,0.804800091895811,1.2000903361574746,3.094433409767733,0.8582621862582127,1.377101337487014
8.849941170000001,2.953939374308182,0.8278076550746639,1.29943057526451,3.034223202624822,0.8049393820040842,1.200124358417618,3.094462289138976,0.8584088534395709,1.3771353597471574
8.882910369000001,2.9557316390567547,0.8342835456217251,1.3009239569671904,3.037851283510478,0.8143107449063823,1.2024350694366914,3.0963834939307864,0.8682726450892031,1.3794460707662308
8.883296074,2.957515806449618,0.8407671941107157,1.3023895082636905,3.0378794007429013,0.8143835950085563,1.2024520168387633,3.0963983437811065,0.8683493079752131,1.3794630181683027
8.899871437,2.9592909149553988,0.8472519259251782,1.303819527009561,3.0391073295223654,0.8175653100032975,1.2031918658672103,3.0970468234020476,0.8716975304254724,1.3802028671967497
8.916514118,2.961056968508134,0.8537413173415648,1.3052201388365454,3.0438650547729944,0.8299715549720046,1.2060026580839374,3.0995456146787044,0.8847476992343326,1.3830136594134768
8.94960574,2.96281396580941,0.8602332225932087,1.3065738231262982,3.0474708116560083,0.8394455324628467,1.2080453522781136,3.1014267750885356,0.8947085710691105,1.385056353607653
8.949949315000001,2.964562861213624,0.8667291903014716,1.3078973150095998,3.047495618184602,0.8395108934407259,1.2080594516033676,3.1014396847121533,0.8947772788773147,1.385070452932907
8.982899798,2.9663017432210856,0.8732251695512144,1.309183320279378,3.0522146345520054,0.8519935362116452,1.2106303973965478,3.1038869192128926,0.90789583555557,1.3876413987260872
8.999633392,2.968023926650856,0.8797127041826917,1.3118399132943397,3.053430365588201,0.8552219799122235,1.2112732879173471,3.104515163319773,0.9112879086712831,1.3882842892468865
9.016272817,2.969710316126688,0.8861723850782676,1.3156558273363297,3.0557706079609708,0.8614853056947459,1.2150811194856033,3.105715941086929,0.9178654550964496,1.3920921208151427
9.016603887,2.9713705161429647,0.8926642826890735,1.320501754402614,3.055817332247995,0.8616103601832532,1.2151573341420798,3.105739914676095,0.9179967831251268,1.3921683354716192
9.049560242,2.973003585367655,0.8991984116873817,1.3261223771502544,3.0604138555873037,0.8741668209611513,1.2248952669810622,3.108053571703384,0.9311664347999349,1.4019062683106016
9.06623321,2.974597581230792,0.9057567852231172,1.3322422715537297,3.0637891347783572,0.8836823581497977,1.234090419359573,3.1097005376027287,0.9411276325658899,1.4111014206891124
9.066565864000001,2.97615249957053,0.912335588601372,1.3386798332448262,3.0638118464422517,0.8837472647353506,1.23415629819407,3.1097114651081994,0.9411955242012302,1.4111672995236093
9.099653048,2.9776640446027542,0.9189302968178318,1.345327462998353,3.067122376877136,0.8933435776096355,1.2442050179223685,3.111280470353852,0.9512248340020377,1.4212160192519079
9.099941017,2.979134127792937,0.9255453184156016,1.352112378946604,3.0671597592692486,0.8934543741011339,1.2443245911741947,3.1112977586838517,0.9513404818269817,1.421335592503734
9.116572496,2.980558448074469,0.9321720752776718,1.3589931104629722,3.0693004972123674,0.8998498969425007,1.2512795838820168,3.1122788710695,0.9580130293046909,1.4282905852115562
9.133155042,2.9819374825619733,0.9388106860635472,1.3659437959682617,3.0713575855606092,0.9061413815267614,1.2582560702441539,3.1131959608299806,0.9645684344880248,1.4352670715736933
9.166276351,2.983267398067016,0.9454449427172784,1.372972514156788,3.075453194542075,0.9191374112744487,1.2728201358635367,3.114939127726891,0.9780825815680796,1.449831137193076
9.166636597,2.9845592290717224,0.9521334835298264,1.3799262108885235,3.075484575505409,0.9192399066529054,1.272936601864819,3.114951970130919,0.9781890012097045,1.4499476031943583
9.183174679,2.98579858184208,0.9587994350485268,1.3870540166701335,3.077780773508824,0.9268492000296028,1.2815972287239275,3.11587238291098,0.9860837280116803,1.4586082300534668
9.199833901,2.9869945799094704,0.9654798608797336,1.3943153858997792,3.081212684725798,0.9386559758967392,1.2949459086314263,3.1171716361296484,0.9983103347384779,1.4719569099609657
9.232894765000001,2.9881400153685647,0.9721796568907723,1.4016546887402757,3.083026165052206,0.9451552641850952,1.3024408122606914,3.1178123326325244,1.005027400105186,1.4794518135902308
9.249582391,2.989230624427105,0.9788718867024582,1.4091213561183475,3.0847910951854636,0.9516709262182842,1.310037389055906,3.118402354346223,1.0117520342575683,1.4870483903854455
9.24982819,2.990267773142081,0.98551589833844,1.4153668797019965,3.0848797453561803,0.9520059185591041,1.3104337723096107,3.1184306311513206,1.0120974023850347,1.48744477363915
9.283163496,2.9912503998940885,0.992020259435485,1.4204692723017884,3.0890474405869255,0.9681880756743687,1.3246164055241394,3.1196837188870066,1.0287605852612487,1.5016274068536788
9.283510407000001,2.992200554419522,0.9984829346811658,1.424708638308855,3.089064646064381,0.9682565586944146,1.3246571355117274,3.119688596475966,1.0288310278734591,1.5016681368412668
9.299829391000001,2.9931321455657303,1.004974241571547,1.4282251287168313,3.0898740061345893,0.9714780573162389,1.326573108241786,3.119918042345932,1.0321447073519874,1.5035841095713254
9.332888401,2.994049956118636,1.0115068107870315,1.431170035708874,3.0938122471950553,0.9875854225538618,1.334740136570094,3.1209584312241185,1.0486938628751756,1.5117511378996333
9.333232206,2.994959709527065,1.018082066243118,1.4336802802045647,3.0938283611597335,0.9876524211736019,1.3347690479933938,3.120962495741011,1.0487626520793223,1.5117800493229332
9.366214941,2.99585566316032,1.0246816563161898,1.4358991742511364,3.096126600857732,0.9972811072072488,1.3385387193237603,3.1215293273562796,1.0586455768672551,1.5155497206532997
9.382916494,2.996741620333301,1.0312962782915287,1.437916469392868,3.0983981741779645,1.0069597967765747,1.341622868570166,3.1220611042453816,1.0685730282254229,1.5186338698997055
9.383213931,2.9976171008958103,1.0379228332790729,1.4398083925682317,3.0984117985426245,1.0070182127711604,1.341640197624713,3.1220642293616128,1.0686329305240796,1.5186511989542524
9.399887020000001,2.998480194534193,1.0445584624559268,1.4416174166804552,3.09917552411996,1.0102927720114345,1.3426115928067066,3.1222394104623694,1.0719908058281191,1.519622594136246
9.432946441,2.9993332822516168,1.051201017308832,1.4433753523430646,3.102188530603971,1.0233769094488756,1.3462834340628094,3.122901376444708,1.0854010504788616,1.5232944353923488
9.449742103,3.000175886322046,1.0578488294576682,1.445102890352865,3.1036752268843286,1.0299126529045262,1.3479769146372522,3.1232139757729365,1.09209645860743,1.5249879159667916
9.466299501,3.001007050061428,1.0645004694921327,1.4468170445376156,3.1051311864583147,1.03636325336028,1.3496158661054434,3.1235113113403483,1.098702641777855,1.5266268674349828
9.482915010000001,3.0018262979891186,1.0711561763794364,1.4485189298707108,3.1065906674291126,1.0428796692019886,1.3513023544668599,3.123800523976364,1.1053742320063809,1.5283133557963993
9.483215032,3.0026345820746734,1.077814756928522,1.4502182838027675,3.1066170204585846,1.0429973468269234,1.3513328189488236,3.123805743598442,1.1054947113038471,1.528343820278363
9.499978893,3.003429987036588,1.0844697760408175,1.4519273170082037,3.108602816074331,1.0519544864173622,1.3536244734383143,3.1241832645701177,1.1146615652781433,1.5306354747678537
9.532919768000001,3.0042158641304715,1.0911326739531588,1.4536287940704182,3.112340351969846,1.0690623690360925,1.3579361465682114,3.124849905243493,1.1321602627290714,1.5349471478977508
9.533232274000001,3.004992211183424,1.097796774945628,1.455319862138087,3.112367967236707,1.0691896510942744,1.3579683574527364,3.1248546761536447,1.1322904186498557,1.5349793587822758
9.549809961000001,3.005754232596181,1.1044520709523151,1.4570211700700348,3.113084269777105,1.0725167581813038,1.3587549555099399,3.12497392218115,1.1356916700787953,1.5357659568394793
9.582937952,3.0065057844186014,1.1111202536404543,1.458719234184712,3.115865529238188,1.0855366300908302,1.3619602309717038,3.125419078715887,1.1489978455018808,1.5389712323012432
9.583287168,3.007245423219223,1.1177958410401152,1.4604093971620151,3.1158802614766654,1.085606156775673,1.3619778076088194,3.125421337934751,1.1490688799631366,1.5389888089383588
9.616215639,3.007974573750288,1.1244733478783977,1.4620450152989215,3.1186245811530635,1.0986623437169063,1.3652432766669724,3.1258237372466358,1.1624042983189473,1.5422542779965118
9.616542492,3.008694191269754,1.1311539651480471,1.4636454409000688,3.1186384545456014,1.0987288950367957,1.3652593697015147,3.125825674965803,1.1624722526745395,1.5422703710310541
9.649603736000001,3.0094033213747085,1.1378369786929314,1.4652116903892043,3.1213537447459636,1.1118559484086263,1.3683848813676018,3.1261870196711277,1.175872318387177,1.5453958826971412
9.666287926,3.010105817104369,1.144529298227689,1.4667670844452556,3.122045822181077,1.1152287535729122,1.3691834332505284,3.1262743722385062,1.1793142880821919,1.5461944345800678
9.666557349000001,3.0107896327244053,1.1512025657692793,1.4682019073765271,3.1220609419977667,1.1153027446371548,1.3692001181949696,3.1262762268554916,1.179389785412213,1.546211119524509
9.683327994,3.0114687248885925,1.1578889517976905,1.469633772769863,3.123398847529067,1.121872872888109,1.3706198482091327,3.1264363056247086,1.186092840777665,1.5476308495386721
9.699966817,3.012139716086352,1.16457892344477,1.4710316716149403,3.1252717634972575,1.1311561597217958,1.3725783978709405,3.126645280120425,1.1955608689948043,1.5495893992004799
9.716485562,3.0128006978377417,1.1712727213283958,1.472393696991264,3.126697827837998,1.1382839958529827,1.3740795007501552,3.1267939344616464,1.2028284414439665,1.5510905020796946
9.733203436,3.0134530972507254,1.1779670059415424,1.4737135904807426,3.1273789792342197,1.1417025384317312,1.374798473983665,3.1268624779028027,1.2063135099345368,1.5518094753132043
9.749828934,3.01409739403623,1.1846646377559755,1.4750052235487965,3.1286762475439254,1.1482587326476565,1.3761110725615469,3.1269850080480777,1.2129956932624468,1.5531220738910863
9.782899266000001,3.014733109009433,1.1913632331367887,1.4762529365141572,3.132482308905447,1.1677544853053348,1.3798452328869626,3.1272986280090977,1.2328570154061784,1.556856234216502
9.783191873,3.015361196472118,1.1980637446588165,1.4774728862154036,3.1325050425687935,1.1678717284997717,1.379867489045365,3.127300361317787,1.2329764297341794,1.5568784903749044
9.800164913000001,3.0159807021531453,1.2047649813285748,1.4786526090181993,3.1338111953613303,1.1746517172286453,1.3811189410100937,3.127392229576672,1.2398804751065762,1.558129942339633
9.816498265,3.016592103668223,1.211468373107639,1.479806284762044,3.1350425526319197,1.1810855001239489,1.3822395440300337,3.1274714337545566,1.2464305537144968,1.559250545359573
9.833237189,3.017199694111659,1.2181717692807934,1.480920210278246,3.136330684816769,1.1878558698495982,1.3833509553950831,3.1275472567799865,1.2533219571721714,1.5603619567246225
9.866231556,3.017797264626519,1.2248751770003214,1.4820211138348836,3.138193221320518,1.1977253143190252,1.3850030624564198,3.1276427986293185,1.263365156269965,1.5620140637859592
9.866522129,3.018387211305398,1.2315809776955644,1.4830784976595537,3.1382042130564614,1.1977837967304377,1.3850126433983707,3.1276433205579828,1.2634246603731358,1.56202364472791
9.883210207000001,3.018972392698733,1.2382891680707695,1.484114456311357,3.139173127013645,1.202949665533186,1.38583997940471,3.127687446798651,1.2686804236496274,1.5628509807342494
9.916315235,3.0195489918404954,1.2449980835940575,1.4851156646783958,3.1412792275835035,1.2142573243222532,1.387576155946725,3.127769494498756,1.2801822528552467,1.5645871572762644
9.93292867,3.020119859157648,1.2516988994865763,1.486085599635682,3.142498802024836,1.2208577279589004,1.3885893117391683,3.1278077600361076,1.2868942738424953,1.5656003130687077
9.949554308,3.0206854923998483,1.2584087813241749,1.487064199322175,3.143724545413478,1.2275280970222022,1.389545869204344,3.127839778050379,1.2936762532837953,1.5665568705338835
9.966259558,3.021233939594161,1.2651012784025766,1.4894020924602829,3.1449407379135326,1.234182269464489,1.3904988454082599,3.1278652464460164,1.3004406073881947,1.5675098467377993
9.966520144,3.0217527661258563,1.2717437416871642,1.4929395300889363,3.144959628121433,1.2342866427171173,1.3905459562008735,3.127865462598716,1.3005466760880864,1.567556957530413
9.983144901000001,3.0222406172319523,1.278402929985442,1.4975698822463703,3.1462615127412668,1.2415221224718644,1.3947577203993022,3.127872922841675,1.3078983435988958,1.5717687217288416
9.99983414,3.02269705789282,1.285115083446926,1.503047068137501,3.1484463921033097,1.2541175367704416,1.4037782375334524,3.1278057599863023,1.3206816783880007,1.5807892388629918
10.016585688000001,3.023116815237554,1.2918439685067045,1.509077594903864,3.149007936261069,1.257507698181916,1.406745832982617,3.1277615627069015,1.3241177477757542,1.5837568343121564
10.033267494,3.023491731576767,1.2985807730573595,1.5154210418566527,3.1495686262819023,1.260897642456627,1.4097260166140781,3.1277165628721577,1.3275534530163098,1.5867370179436175
10.049826355,3.023820902359496,1.305333604394594,1.5220128317507888,3.1506061217122583,1.2674108018768113,1.4159516473483151,3.127590957155111,1.3341475310871693,1.5929626486778545
10.082931473,3.0241066867817032,1.3120910156950485,1.5271490087493205,3.1530753917900123,1.284178084559533,1.4319058795804303,3.127069124990029,1.3510876241940764,1.6089168809099696
10.083243848,3.0243719164746192,1.3188060121508094,1.5306214007900742,3.153084298023164,1.2842418120286399,1.4319480892200929,3.127066670411011,1.3511519241656904,1.6089590905496323
10.116243184,3.024619454537661,1.3254781136254623,1.533579869353632,3.1548913551259496,1.2975221549505156,1.4387789530699449,3.1265069812299675,1.3645429551758839,1.6157899543994843
10.116540771,3.024849828212989,1.332150950140314,1.5361202495009116,3.154899412522978,1.297582851306303,1.4388043203536132,3.1265042248212818,1.3646041219271783,1.6158153216831526
10.149625961,3.025067812955803,1.3388316687528474,1.5383796264558909,3.156616021652095,1.3107667812685755,1.4436892970343607,3.1258724781409915,1.3778843196773707,1.6207002983639
10.166314249000001,3.025271026443074,1.3455209874655507,1.5404456029215172,3.1570429442589765,1.3141085617250954,1.444780951245975,3.12570428216004,1.38124905884168,1.6217919525755145
10.182937793,3.0254637562476048,1.3522167555673454,1.5423752034408529,3.1578685884333884,1.3206802594806308,1.446826078372398,3.1253598275840613,1.3878634560733207,1.6238370797019375
10.183231884000001,3.0256431401403243,1.358917069007727,1.5442204061834692,3.157883429566039,1.3207984200125973,1.4468628200457392,3.1253536301552582,1.3879823836244145,1.6238738213752786
10.21622598,3.025811082342293,1.3656195414043693,1.546010803376891,3.159912792741314,1.3374114514221582,1.4513984504611592,3.1244259266989127,1.4046931733666532,1.6284094517906986
10.232911392,3.0259661542264755,1.3723248896605422,1.5477641003313316,3.1603196845364607,1.3408038039998327,1.452296107078059,3.1242291077521127,1.4081041672462127,1.6293071084075983
10.233221373000001,3.026111212577028,1.3790316799700575,1.5494928377755854,3.160331129176077,1.3409002201989235,1.452321253216553,3.124223395820084,1.4082010921504198,1.6293322545460924
10.266223725000001,3.0262434068637654,1.3857427766461785,1.551208643205153,3.1622577729091472,1.3573914388847224,1.456432127822989,3.123216027740278,1.4247738848954223,1.6334431291525284
10.282948472000001,3.026365097310359,1.3924500707255474,1.5529049461923328,3.1626482903172475,1.3607918839418438,1.4572127840050442,3.123001665276696,1.4281899614704916,1.6342237853345836
10.299547039,3.026475353137424,1.3991619079421458,1.5545907862388857,3.1633836636684123,1.3672861664067584,1.4588288500656725,3.122581982320936,1.4347122574555222,1.635839851395212
10.316240657,3.026573212736998,1.405874951540346,1.5562721291500337,3.164501682815366,1.3773520878551744,1.4612979806149777,3.1219100430796285,1.4448177628399466,1.6383089819445171
10.332969942,3.026660587874375,1.4125930140164615,1.557966577381603,3.1648818538767904,1.380811257150107,1.462158629640384,3.1216751552993443,1.4482898241841082,1.6391696309699233
10.333405352,3.0267350865962697,1.4193096608213975,1.5596072567696937,3.1648987863411673,1.3809674022470448,1.462196741035747,3.121664327895231,1.4484465110277416,1.6392077423652864
10.349839525,3.0267990967574594,1.4260277502279204,1.5612172865077618,3.1656386716091927,1.3878075324426338,1.4638618016040574,3.121188186695388,1.455310045165506,1.6408728029335968
10.366454083,3.0268540462218705,1.4327453732401982,1.5627896584676852,3.167017321139908,1.40084155517812,1.466963176821963,3.1202501581070305,1.4683831674232202,1.6439741781515025
10.399583727000001,3.026898985439008,1.4394661072337422,1.5643208725379376,3.167711015690118,1.407547985889885,1.4684947095386214,3.1197520908304455,1.4751069575752618,1.6455057108681608
10.416287735000001,3.026932005821651,1.446188285477498,1.5658027901611655,3.1683904722782614,1.414216536781144,1.4700139820160665,3.119246678252769,1.481790952665835,1.6470249833456059
10.416595281000001,3.0269559690635712,1.4529128583478634,1.5672479706535831,3.1684028012136998,1.414338692344881,1.4700406345601236,3.1192373044038657,1.481913370456036,1.647051635889663
10.449546816,3.0269699184694683,1.4596372043414112,1.5686508019461625,3.1703597627638356,1.4341097938192005,1.4741794261176677,3.1176822321755755,1.5017201345123212,1.6511904274472071
10.466256094,3.0269767181031324,1.4663639427631512,1.5700182438546653,3.171010415225658,1.440870928573344,1.4755465448776048,3.117132162639084,1.5084901947258487,1.6525575462071442
10.482888215000001,3.026973980588899,1.473090692177211,1.5713397964270814,3.171338488030009,1.444327415877687,1.4762171593676845,3.1168464629339523,1.5119504421055208,1.653228160697224
10.499595308,3.026964092806972,1.4798191187639536,1.5726320123049955,3.1716598260233644,1.4477152721040922,1.4768730421057654,3.116566218767275,1.515341944888036,1.6538840434353048
10.499878558,3.0269413319010186,1.486546844932931,1.5738862350047778,3.1716681457431557,1.4478038390556562,1.4768897847576987,3.11655881290297,1.5154305929326881,1.6539007860872381
10.532952978,3.0269147525243065,1.4932752907574218,1.5750996414216487,3.1732043442605313,1.4644002117563046,1.4799628692137343,3.115148584174292,1.5320381438549773,1.6569738705432737
10.533243912000001,3.0268776861049163,1.500004702345109,1.576282596499453,3.1732097769435126,1.4644598665845439,1.479973428958508,3.115143427464825,1.532097823172367,1.6569844302880474
10.549970522,3.0268339459956293,1.506735790556073,1.5774367902819153,3.173753163971718,1.470460610240032,1.4810218571514406,3.1146216643811795,1.5381004856787759,1.65803285848098
10.582903873000001,3.02678114542452,1.513466412372616,1.5785539204176209,3.1750013944515154,1.4845165511198273,1.4834028835875408,3.1133753070213825,1.5521565927742227,1.6604138849170802
10.599829613,3.0267230998426413,1.52019704023462,1.5796519649441805,3.1753078315612457,1.4880153015438773,1.4839683632050136,3.1130608676607823,1.5556546330999645,1.660979364534553
10.600146748,3.0266555172466907,1.5269279175074697,1.5807106987130546,3.175318661928794,1.488140494034716,1.483988595350235,3.113049483893353,1.55577977648358,1.6609995966797744
10.616476552,3.0265822176663417,1.5336611855580036,1.581751938514719,3.175876335409507,1.4945868617887412,1.4850303818637176,3.1124633149403396,1.5622236156257183,1.662041383193257
10.64956047,3.0265017557771787,1.5403894550686967,1.582740399003811,3.177021231261282,1.5080654862789034,1.4871057305546742,3.1112168961455673,1.5756932312418463,1.6641167318842136
10.649805156000001,3.02641557827047,1.5471215458678096,1.5837198277344382,3.177027160375535,1.5081362264428821,1.4871163889504073,3.1112102761149614,1.5757639100957586,1.6641273902799467
10.666520064,3.026322727214837,1.553855313290094,1.584668506789822,3.1775894997483674,1.514880900607343,1.4881045368254906,3.1105761719465246,1.5825022160444786,1.66511553815503
10.699598311,3.026223678333032,1.5605902799495297,1.5855981657248397,3.1789435630848226,1.5314622766282546,1.4904156014216863,3.1089892947418467,1.599062932786313,1.6674266027512257
10.699836334,3.026119384041029,1.567325252654726,1.58649381053641,3.1789475374355134,1.5315116235323945,1.4904220777946975,3.1089845175898487,1.599112208452015,1.6674330791242369
10.71644987,3.026008414880243,1.5740604714723223,1.5873778507246157,3.1793078994418424,1.5359979381405784,1.4910160785301958,3.108549262246102,1.6035918772260374,1.6680270798597352
10.749631974000001,3.0258922004900763,1.5807959347541702,1.5882267747280494,3.1802863924154328,1.5483597488120537,1.492631309214545,3.107335698305782,1.6159328283295595,1.6696423105440843
10.750094275,3.0257702646216744,1.5875316430494293,1.5890634771244163,3.18029959336995,1.5485290262931328,1.492651882549163,3.107318885242643,1.6161017852817943,1.6696628838787024
10.766466611,3.025642129804403,1.5942675969081748,1.5898699730152337,3.180802868844296,1.5549884206769853,1.4934342519778454,3.1066768744497537,1.62254886866508,1.6704452533073848
10.783145921000001,3.025509703853172,1.6010037941316546,1.5906651282557411,3.1818344351055443,1.5684425057593032,1.4950967079833273,3.1053232180024417,1.6359743723270004,1.6721077093128667
10.799906717,3.0253706017786848,1.6077397606312211,1.5914294644759754,3.182344692191377,1.5752051410160373,1.4958811321028813,3.104634682629058,1.6427211876460133,1.6728921334324207
10.816501206,3.025226254442123,1.6144754947578106,1.592182000023456,3.1825975508970212,1.578590798307661,1.4962571389609902,3.104287416409696,1.646098467467739,1.6732681402905296
10.849601284,3.0250780929181804,1.6212117101180776,1.5929084365162938,3.183585420908583,1.5919517820867026,1.4977217701844925,3.102907140520968,1.6594246302002942,1.6747327715140319
10.866381167,3.024925641084679,1.627948884098341,1.5936251097358762,3.183838500327884,1.595409421122394,1.4980877040330949,3.102547416440054,1.6628728058743603,1.6750987053626343
10.866639128000001,3.0247669894615616,1.634685349968214,1.5943132304590335,3.1838457303445518,1.5955091155703542,1.4980977807003804,3.1025369784805013,1.6629722156580615,1.6751087820299198
10.899562880000001,3.024605476585993,1.6414218191358645,1.5949936179810336,3.1850395125295683,1.612103335384161,1.4998051391955407,3.100790062972228,1.679517351902322,1.67681614052508
10.916253302000001,3.024438241682589,1.6481580564800846,1.5956504885831286,3.185284716227953,1.6155520657098357,1.5001530587134013,3.100424154950692,1.6829553712496654,1.6771640600429407
10.932968301,3.0242667155206,1.6548947756077588,1.5962976565001707,3.1859866845137814,1.6255478621215869,1.50111008759223,3.099355014068233,1.6929185857486582,1.6781210889217695
10.933325962000001,3.02409280559314,1.6616317359017487,1.5969193468498954,3.185991770798479,1.6256207432497856,1.5011170645665768,3.0993471873795166,1.6929912237007443,1.6781280658961162
10.949890273000001,3.023912220585435,1.6683689423082977,1.597536848801695,3.1862273312916947,1.6289960781996684,1.5014401883427748,3.098984710883634,1.6963552964644935,1.6784511896723142
10.966558092000001,3.0237287722372086,1.675104483083801,1.5981319175670905,3.186856127755023,1.6381088070544143,1.502266304199484,3.0979990391934202,1.7054363571674909,1.6792773055290233
10.999559983000001,3.0235410361047173,1.6818421745705423,1.5987558588659805,3.1878340758529196,1.6524923833879903,1.5035537656718567,3.0964289300768018,1.7197673867183605,1.6805647670013961
10.999925259000001,3.023350434611068,1.6885782004277523,1.599330776615544,3.187839095462623,1.6525669270910697,1.5035609006124666,3.0964207449953247,1.7198416495259532,1.680571901942006
11.032953461,3.023154590789264,1.6953156628401729,1.5998791322314605,3.18873003854592,1.665916073740076,1.5047216652239062,3.0949471410955542,1.7331390924147545,1.6817326665534456
11.033305542,3.0229554081391465,1.702051937007392,1.600432000183588,3.188734822695046,1.6659883815292063,1.5047274989789905,3.094939117950482,1.7332111127840601,1.68173850030853
11.049906773,3.022752410808237,1.708788692408658,1.6009926732407822,3.1890623251608323,1.6709513106507243,1.5051276356139542,3.0943875903856313,1.7381541625183354,1.6821386369434936
11.066502986000001,3.0225446461272067,1.7155261685610472,1.6015180085315062,3.1898236549400876,1.68260924725989,1.5060995209591415,3.0930842003782164,1.749763998154755,1.6831105222886809
11.083133784000001,3.0223349737089027,1.7222634084935042,1.6020194901148042,3.1902707466854054,1.689537632545177,1.5066251496181113,3.092304300056908,1.7566628508984317,1.6836361509476507
11.099846197000002,3.0221224406725344,1.7290006517232628,1.6025226730103947,3.1904887304121616,1.6929433406818322,1.5068824437314419,3.0919191730859463,1.7600537271912868,1.6838934450609813
11.116501953,3.0219060930728525,1.7357383761869811,1.6030045076860278,3.190950821160839,1.7001943683642948,1.507430234017182,3.0910972239226084,1.7672728220019085,1.6844412353467213
11.133132942000001,3.021687360742328,1.7424756265618586,1.603482082214959,3.1915459871827188,1.7096177074754868,1.5080755332021383,3.090023752525464,1.7766537175752335,1.6850865345316777
11.166222931,3.0214643373013392,1.7492131203014527,1.603942477030159,3.192383952073563,1.723065878266812,1.5090237201306067,3.088480561278262,1.7900393084686348,1.686034721460146
11.18297506,3.02123845343945,1.7559510941754537,1.604400610218532,3.1925955282850818,1.726499343769057,1.509264907755263,3.0880842391722774,1.7934563801150443,1.6862759090848023
11.199605087,3.021008754817084,1.762689072446309,1.6048414135873652,3.1928016720470644,1.7298455637288126,1.5095005741842975,3.0876979324011957,1.7967866128919363,1.686511575513837
11.19988483,3.020775718411464,1.769427054564312,1.6052827825629965,3.1928051397067625,1.7299018523692462,1.5095045384613162,3.0876914341185975,1.7968426326030111,1.6865155397908556
11.216461314,3.0205412510271827,1.7761650383314675,1.6057021990927247,3.1932839435737943,1.7377400319367262,1.510017772358454,3.0867825464788132,1.8046426476884707,1.6870287736879934
11.249592913,3.02030392355809,1.7829032638141522,1.60612367651821,3.1942292760610482,1.7534080739936013,1.5110102149465163,3.0849541522985655,1.8202323292159779,1.6880212162760557
11.266293584000001,3.0200637342634526,1.7896410157577896,1.606526202052488,3.1944329314223827,1.7568106316296412,1.5111986744755068,3.08455547561683,1.8236175811824071,1.6882096758050462
11.28291839,3.0198216372151943,1.7963782930628809,1.606931455892706,3.1948305471386793,1.7634991539378264,1.511636170342122,3.0837691093671764,1.830271606809525,1.6886471716716613
11.283190729000001,3.019575248727532,1.8031158137329348,1.607320417246658,3.1948901918653263,1.7645092141144412,1.5116974994439776,3.083649962562483,1.8312763869311097,1.688708500773517
11.299890549,3.019328383427116,1.8098533349525712,1.607708475739715,3.195425424669311,1.7735996072032751,1.5122297937220157,3.0825761222616426,1.840318985433325,1.689240795051555
11.316497331,3.01907722682827,1.8165910995370649,1.608079092858496,3.1956244163236724,1.77699365587667,1.5124177683764133,3.082174353072893,1.8436950401714554,1.6894287697059527
11.333119343,3.018823685686547,1.8233283900325772,1.6084507978504954,3.1960663741420556,1.7845851683300324,1.5128382036227341,3.0812726302616795,1.851245754310828,1.6898492049522735
11.349837337,3.018568713942094,1.8300656821769603,1.6088077228447115,3.196599285949245,1.7938135242467512,1.5133492771062533,3.0801722116227994,1.860423751191362,1.6903602784357927
11.366465159,3.018310405245938,1.8368034550051215,1.6091664004988269,3.1968477598511416,1.7981401769461476,1.5135888860949382,3.0796549310490287,1.864726550706691,1.6905998874244776
11.399569015,3.018050187605026,1.8435405147770023,1.6095101407507062,3.1979276139573063,1.8171635559741217,1.514608087559612,3.0773681216954842,1.883642827758825,1.6916190888891514
11.399862003,3.017787109393041,1.85027757784615,1.609852994318994,3.197934171251549,1.8172797789046855,1.5146145235891844,3.077354111056576,1.883758389299547,1.6916255249187238
11.416499604,3.0175221240802164,1.857015119950768,1.6101830715997096,3.1983131578125867,1.8240388686514646,1.5149551613202785,3.076536980658981,1.8904785993358324,1.691966162649818
11.449580897,3.017254754962081,1.8637526648031053,1.610516063348036,3.198691253642417,1.8308233756933392,1.5152970385029292,3.075714497765921,1.8972236726600005,1.6923080398324686
11.449850450000001,3.016985001521727,1.870490212403549,1.6108338063126235,3.198694306496125,1.8308781617306509,1.5152997993205215,3.075707855749403,1.8972781402046177,1.692310800650061
11.482964034,3.016712387040385,1.8772277633016112,1.6111554633340162,3.1996160218104563,1.8475966549467688,1.5160908238266186,3.0736712415104757,1.9138977002764084,1.693101825156158
11.499638506,3.016438818219467,1.88396483846212,1.611458079294784,3.199802805818282,1.8510079467323877,1.5162453687779394,3.0732544191204307,1.9172885790721437,1.6932563701074788
11.516260617,3.0161628662204736,1.8907021547885048,1.611765268123721,3.200168973066388,1.8577345833943304,1.5165832389449703,3.0724303843202447,1.923974585793907,1.6935942402745097
11.532952231000001,3.01588691262172,1.897438755860208,1.6120560720435182,3.200535514427596,1.8645081987947918,1.5168905326246218,3.0715984453920013,1.9307069030608304,1.6939015339541612
11.533272912000001,3.0156066677081896,1.9041753618781545,1.6123511240630923,3.2005424993756337,1.8646377434774024,1.5168959693261392,3.071582509922934,1.9308356534981788,1.6939069706556786
11.549848605000001,3.015326423642556,1.9109126831513448,1.6126406876083306,3.2009355466515346,1.8719442287897492,1.5171931980492692,3.0706828307043392,1.9380971816489372,1.6942041993788086
11.566480976000001,3.01504331827748,1.9176500077223484,1.6129133783548415,3.2016149660053728,1.884674230432711,1.5177698742629389,3.069110032306381,1.9507479072284273,1.6947808755924783
11.583184924000001,3.014757350692531,1.924385905080093,1.613195104878106,3.201974623924434,1.8914679111099375,1.5180435499314404,3.068267784237921,1.957498764148407,1.6950545512609798
11.600021644,3.014471384458087,1.93112299452996,1.61345848142558,3.2021549301978096,1.894891438399868,1.5181815417899323,3.0678424308054613,1.9609005466097957,1.6951925431194717
11.616490414000001,3.014182080228927,1.9378600878271328,1.6137261111753638,3.2023599052248706,1.8987864405073747,1.5183384917034743,3.0673583395720567,1.9647707806927603,1.6953494930330137
11.649573179,3.013891821566208,1.9445967053868232,1.6139905745995582,3.203207380773198,1.9150280904188097,1.5189751290576847,3.0653326120242967,1.9809078756776972,1.6959861303872241
11.666250556000001,3.013599656075401,1.9513333251445264,1.614250052692663,3.203383036177854,1.9184147750371767,1.5191285356527802,3.064909167950607,1.984272572193273,1.6961395369823196
11.666507956,3.0133060600615487,1.9580704233882944,1.6144982888101531,3.2033881866841183,1.9185146075406039,1.51913257523002,3.0648966586642943,1.9843717516982688,1.6961435765595594
11.699598356000001,3.013010080171899,1.9648075243798344,1.6147517707129224,3.204067934633624,1.931726152949677,1.5196311821354165,3.06323938961483,1.9974965545032082,1.6966421834649559
11.699893579000001,3.012713147434152,1.9715453417258368,1.6150001069320084,3.2040738789624417,1.9318419750472098,1.519635262548059,3.063224846170354,1.99761161353825,1.6966462638775983
11.716513616,3.012414306040748,1.9782822075967152,1.6152362175941548,3.204421128935126,1.9386393063696925,1.5198748113452512,3.0623697412018434,2.004363879168686,1.6968858126747906
11.749574159000002,3.012114033870946,1.9850185982793416,1.61547642111804,3.2051035392901737,1.9520983382138497,1.5203825120076289,3.060671513547431,2.0177327701065497,1.6973935133371683
11.749900281,3.0118113779990137,1.9917554685468624,1.6157095060970954,3.2051100914633714,1.9522285022605295,1.5203870974581335,3.0606550430032593,2.0178620540235555,1.697398098787673
11.766476294,3.011507767924905,1.998491982286041,1.6159305389073286,3.2054431410184225,1.9588448761673847,1.5206201806702566,3.0598178239491047,2.0244336892794714,1.697631181999796
11.799596421,3.0112036802172173,2.005227662110224,1.616160444026253,3.206113290853324,1.972250595622331,1.5210585507421799,3.0581169150280845,2.0377479419339894,1.6980695520717193
11.816273227,3.010896255731494,2.011964299455308,1.616383403029383,3.2064489933115325,1.9790106034674362,1.521296439334316,3.0572570152008707,2.0444614339086242,1.6983074406638554
11.832921508,3.010587877338315,2.0187009378997685,1.6165953013258694,3.206777908086899,1.9856659024099361,1.5215308831253722,3.0564088717409534,2.051070657888404,1.6985418844549116
11.833245746000001,3.010278544290917,2.0254366237696586,1.6168157447248208,3.2067843471170203,1.985796333485299,1.521535317938703,3.056392242801066,2.0512001847384678,1.6985463192682424
11.866223321000001,3.009967304424629,2.0321727886748087,1.6170206810307526,3.2074439647665454,1.999233400703155,1.5219746845283177,3.054675446299126,2.0645434407365992,1.6989856858578571
11.866535185,3.009655111097305,2.038908954679,1.6172334993364723,3.207450098895044,1.9993591884396982,1.5219784995299745,3.054659334858456,2.0646683431131843,1.698989500859514
11.883198715,3.0093410095229496,2.0456446460450146,1.6174334560111534,3.207777762460743,2.006079792586419,1.522181723829414,3.053798460272343,2.071341631542152,1.6991927251589534
11.91641746,3.009025477886268,2.0523803390594955,1.617640140046574,3.2085849944544083,2.0227658274216713,1.5226849020433733,3.0516548671151233,2.087909081267175,1.6996959033729127
11.932987833,3.00870994539454,2.0591155552373634,1.6178417008247488,3.208746637217088,2.026123094344285,1.5227861607946487,3.051222809460454,2.091242352296576,1.699797162124188
11.933289067,3.008392507136132,2.065852204124209,1.6180297441574083,3.2087495843115277,2.0261843061787888,1.5227880088354286,3.0512149318309882,2.091303126608608,1.699799010164968
11.949874098,3.008073636931638,2.0725874241491726,1.618225505191318,3.209070702546593,2.032884544756127,1.5230240185635981,3.0503512003226723,2.09795521513746,1.7000350198931375
11.982925854000001,3.0077528598377667,2.079323123209449,1.6184163085929886,3.209713110433345,2.046371994831819,1.5233972988111155,3.048608591150322,2.111345036297942,1.700408300140655
11.983239502,3.0074330370599767,2.086059298007296,1.6185978802658738,3.2097182960763533,2.0464814394749933,1.5234001471235308,3.0485944238685794,2.111453683934552,1.7004111484530702
11.99989154,3.0071089211071462,2.092794047241019,1.6187833834397238,3.2100387109980852,2.053249007820567,1.5235710379301732,3.04771814406763,2.1181719263196204,1.7005820392597126
12.032962493000001,3.006776662528591,2.0994963809120035,1.6202623761545891,3.210819854313815,2.069999173050018,1.525842052518115,3.045537577285917,2.1347979104590364,1.7028530538476545
12.049604042,3.006433818448208,2.1061162339006345,1.6230488585940672,3.210974619590803,2.0734405196789356,1.5277287002235997,3.045083944177026,2.138212736357064,1.7047397015531391
12.049958126,3.0060623457179503,2.112719907412506,1.6270361760290826,3.210980115181048,2.073573486422005,1.5278097273176288,3.045065940038227,2.138344593125039,1.7048207286471682
12.066533278000001,3.00565467745701,2.119362246478518,1.6320174086577648,3.211338181403386,2.0825603831681896,1.5335559697815047,3.0438359259582857,2.14725411555384,1.710566971111044
12.083298843000001,3.005206543038257,2.1260608990077823,1.6377288701122092,3.2117060624596343,2.0935420975747006,1.541931643685868,3.0422643097567796,2.1581290137277485,1.7189426450154075
12.099810605,3.004714085123536,2.132779152960555,1.643904856604421,3.2118780537334874,2.10019799865455,1.5479300292495282,3.0412615887874574,2.1647111980795195,1.7249410305790676
12.116520754000002,3.004177771544027,2.1395093783979298,1.65037230592275,3.2119465830328577,2.103676621070826,1.5512975790885744,3.040716503366963,2.168147532182056,1.7283085804181137
12.149574814000001,3.003595211152451,2.1462449023515813,1.6570363651794993,3.212098397629442,2.1137604491093374,1.5613365532811656,3.0390903039484916,2.1781005272605927,1.738347554610705
12.149879214,3.0029644950112013,2.152984773346597,1.6638276230012246,3.2120994214242966,2.1138838832017726,1.5614632620475106,3.0390695764747733,2.1782222129013413,1.73847426337705
12.182945629,3.00228800515011,2.159727081287575,1.6707077047927403,3.2121036501584466,2.1306170484780758,1.579035135839443,3.0361272283442786,2.194694657332125,1.7560461371689824
12.183227055000001,3.001563833383437,2.1664708746990398,1.6776495988770306,3.212103167271222,2.1306748488257674,1.5790967624693257,3.0361165750507446,2.194751469484964,1.7561077637988651
12.216357541,3.0007929296069635,2.173212814623847,1.6846435411683285,3.2118936581147404,2.1441641104468934,1.593578743816023,3.033535041544714,2.2079930614559875,1.7705897451455623
12.232930058,2.9999748150301957,2.1799514711013024,1.6916775277590388,3.211814969391948,2.147598726221222,1.597289310026686,3.0328527875142623,2.211360153208568,1.7743003113562255
12.233305624000002,2.9991080576835505,2.1866854152695403,1.6987722016898872,3.2118127895350974,2.1476871117960945,1.5973849645899723,3.0328350780736013,2.211446773860452,1.7743959659195117
12.266273651,2.998192654339916,2.19341178610746,1.705958107348113,3.2110637100211594,2.1676361535121584,1.6192439812607757,3.0285849150986244,2.230952196188451,1.7962549825903151
12.282918816,2.9972352148017203,2.200073355499646,1.7133196653178633,3.210876498321014,2.1712385255331483,1.623355896949624,3.027766293951887,2.234465313296718,1.8003668982791634
12.283219128,2.996216359952633,2.2068189190744736,1.720595145476653,3.2108732379289253,2.171300328680434,1.623426656690345,3.0277522017083665,2.234525576617598,1.8004376580198844
12.316272668000002,2.995155947591201,2.213501588001599,1.728074807753574,3.2100613963136695,2.184756378158879,1.638689175926305,3.024583595801957,2.247628411844544,1.8157001772558443
12.316530099000001,2.9940449913954588,2.220184792022988,1.7356493262573216,3.210057793290101,2.184809226716211,1.6387502223877277,3.024570743077241,2.24767980016285,1.8157612237172671
12.333274673,2.9928839515256795,2.226854225483936,1.7433245175084229,3.209823434977538,2.1882467559145007,1.6427209834488279,3.0237347388660245,2.25102234825773,1.8197319847783673
12.34985722,2.99169887638414,2.233355839856694,1.7507420732070234,3.2087611843287713,2.201533074645703,1.6583713995446798,3.0203495242732243,2.2639140108358693,1.8353824008742192
12.366511853,2.990428214767983,2.240070699226831,1.7588335578865688,3.208138731489394,2.208320973249863,1.666310863878353,3.018541529654308,2.2704862380425,1.8433218652078924
12.399623724000001,2.9891396403956474,2.246548591019464,1.7668460494622005,3.207101610227237,2.218417292644156,1.6787616290161491,3.0157427726151718,2.280242171870683,1.8557726303456885
12.416279019000001,2.9877687423697377,2.253175827826554,1.7753240562922112,3.206743163466077,2.2217222583555243,1.6828905095446247,3.014807961758444,2.283432377365012,1.859901510874164
12.416540818000001,2.9863562351700508,2.2596929631365774,1.7837564319340593,3.206736728544733,2.221780596108628,1.6829640461489417,3.0147913548041156,2.2834886704437865,1.859975047478481
12.433328875,2.984879887144822,2.266259763125977,1.7923647162394638,3.2056220734346677,2.2311057827299736,1.695104193562969,3.0120520627108536,2.2924718681130525,1.8721151948925083
12.4662903,2.9833457943583257,2.2727841911371,1.8010120013793245,3.204223414331111,2.241750018462703,1.7090667566634563,3.0088009355392566,2.302703494266112,1.8860777579929957
12.482899827,2.981757822509202,2.279312495948493,1.8096560200290288,3.203263731046182,2.248432265001184,1.7178486198725116,3.006679583965751,2.3091123380237644,1.894859621202051
12.49956976,2.980110705565993,2.285825610131237,1.81839345558142,3.202250083989168,2.255074411130071,1.7266317823271944,3.004512173039355,2.315472205587623,1.9036427836567338
12.516239823000001,2.978417349206608,2.2923230419855742,1.8272578061674625,3.200620240581321,2.2649763751131906,1.7397603588501456,3.0011641791534074,2.3249324496223593,1.916771360179685
12.532949331000001,2.9766609455034603,2.298783829997268,1.8362136530497877,3.2000435608703404,2.2683546456362396,1.7442184575635409,3.000001637261237,2.3281563862788253,1.9212294588930803
12.533226699,2.9748449521521554,2.305231812091993,1.845297884879376,3.2000268491859,2.2684484506583633,1.744342906997213,2.9999686687612646,2.328245782814452,1.9213539083267523
12.549863248000001,2.972971713174489,2.311656971969517,1.8544829702289627,3.1986957638749587,2.275811742513753,1.7541587007456707,2.997361794579371,2.3352596306922173,1.93116970207521
12.566508895,2.9710421693294,2.318048818120745,1.8637928743931724,3.1969576318248616,2.2848491856838247,1.7664964884406196,2.9940594359263666,2.3438497942181793,1.943507489770159
12.583209266,2.969053473686741,2.32442022843856,1.873198687024553,3.195129925514938,2.293801102744112,1.7787806757595686,2.9906839627912887,2.352339995071161,1.955791677089108
12.599929304000002,2.9670056230336943,2.3307678650645967,1.882705966055491,3.194218986413346,2.298036543226926,1.7847027780681888,2.989041447102229,2.3563488488152453,1.9617137793977282
12.632953698000001,2.9648976619079868,2.3370902985876363,1.8923052020053857,3.191276957118943,2.3110070842095416,1.8030326528520577,2.9838614311969014,2.368598661261622,1.9800436541815971
12.649603993000001,2.9627386258749557,2.343366537744357,1.9019382910572693,3.190497432930108,2.314301486138634,1.8077511682175986,2.982513982649142,2.371704321327136,1.984762169547138
12.666247866,2.960528035373844,2.349594198900135,1.911585890424078,3.1889339901388136,2.3206454887204773,1.816919538310306,2.979857866389703,2.3776738915408466,1.9939305396398455
12.682916476,2.9582392933656445,2.355865342343193,1.9215383588307653,3.1872489854768413,2.3272220070604335,1.8265094397049255,2.97704114448355,2.383850938722959,2.003520441034465
12.699604864000001,2.95589231309315,2.362080286089717,1.9315205057833404,3.1846424317341615,2.3368763576614944,1.840932709228694,2.9727753036945868,2.392895451440895,2.0179437105582334
12.716342095000002,2.9534828457252837,2.3682757515226207,1.9414875734775856,3.18372094643735,2.3402011072328874,1.8459601736095328,2.971282768406251,2.3960059872914825,2.022971174939072
12.716545392,2.9510075566252163,2.374456510859228,1.9515642539998652,3.183699129227636,2.340277026603654,1.8460728641359996,2.971247923607656,2.3960768786274,2.023083865465539
12.749604532000001,2.948470249416347,2.3806115924542035,1.9617282007345505,3.1790613386147903,2.355963974400532,1.8696340459481942,2.9639203168095256,2.410702049107178,2.0466450472777336
12.76624531,2.9458680651621068,2.3867429069526027,1.9719706315188823,3.1780635611587305,2.359200279803366,1.8745810041531756,2.96236825543446,2.413712088641846,2.051592005482715
12.766540282000001,2.94320480814277,2.392841866894865,1.982286744583565,3.1780458747012963,2.3592576460801884,1.8746686932116825,2.9623407438212452,2.4137654441629413,2.051679694541222
12.783172342,2.940480956834192,2.398909425404668,1.9926600210576,3.1739426669724753,2.3719088708419855,1.8941875339100047,2.956073921349586,2.425496460220729,2.071198535239544
12.816276198,2.9376950825735886,2.404947491478443,2.0030845109241118,3.170679908453585,2.3813833429569278,1.9091182589811897,2.9511938038226493,2.4342483553259444,2.086129260310729
12.816570208000002,2.9348457520010323,2.410953205743605,2.013550671600058,3.1706603358064083,2.381438966336965,1.90920598619363,2.95116474239584,2.4342996630485216,2.0862169875231693
12.833247615000001,2.931936775874525,2.416923702782782,2.0240600693100044,3.1695290644968823,2.38465026714153,1.9142730494289983,2.9494856760981576,2.437261582021273,2.0912840507585377
12.866277389,2.9289662507340672,2.422861845814982,2.0346131217117014,3.1649769203283173,2.396993807602553,1.9340033813804531,2.942831111615556,2.448610669173604,2.1110143827099925
12.866577972,2.9259332199476997,2.428765251755356,2.045203832526512,3.1649344706021942,2.3971046129273015,1.93418264307736,2.942769813695338,2.448712268210103,2.1111936444068995
12.899595373,2.9228419739424583,2.4346329619838207,2.0558372818713067,3.1588907992964637,2.4123988808589676,1.9591163977192823,2.9341274401506303,2.4627033358581074,2.1361273990488217
12.916254294000002,2.9196863149698067,2.440465937318843,2.0665029497964684,3.157600736850141,2.4155509031746454,1.9642983985349387,2.9323025021550904,2.4655789413780593,2.141309399864478
12.916597288,2.916469105146439,2.4462651281365044,2.07719723816843,3.157548393148833,2.4156752198999834,1.9645036318246962,2.9322290856623647,2.4656920984806256,2.1415146331542356
12.93324057,2.913189390856045,2.452031012373217,2.087855371347238,3.1543861176074177,2.4231431486226547,1.9768596820265127,2.927801209362205,2.4724864974589917,2.153870683356052
12.966303758,2.9098533607297177,2.4577540461467864,2.09857731732686,3.148337751837067,2.436773623472733,1.9997237411625663,2.9194471888202087,2.484838943124303,2.1767347424921057
12.966535329000001,2.9064548236233203,2.463441389155023,2.109337422486936,3.1483185659845137,2.4368155681257364,1.9997947015482858,2.919420916804783,2.4848768539678603,2.176805702877825
12.983193199,2.902996160340811,2.469089700791684,2.12013674488622,3.1468492475436025,2.440022610608454,2.005221056428578,2.917409835399151,2.487775055090398,2.1822320577581173
13.016251457000001,2.899479750816801,2.474695640451177,2.130953518227073,3.139780263236964,2.454751730583145,2.030447146245953,2.90785768578102,2.50102926016008,2.207458147575492
13.032925929000001,2.8959051178299138,2.48025873184614,2.141778598969036,3.138296050314895,2.4577496263414687,2.0356394471363473,2.9058687708723596,2.503718959857429,2.2126504484658867
13.049608516000001,2.892271787841501,2.485781836547219,2.152604578888183,3.1353027580006656,2.463642474417373,2.0459362913311185,2.9018845902499177,2.5089926456739975,2.222947292660658
13.066249293,2.8885759471198,2.491265912625005,2.16344358391752,3.1322585451172413,2.4694859652133845,2.0561620484473178,2.8978589759500837,2.5142087789422,2.233173049776857
13.066531070000002,2.8848218907001115,2.4967138161539872,2.174291640822248,3.131158595362594,2.471545996293629,2.059809915992611,2.896413466654175,2.5160429328042744,2.2368209173221505
13.083209739,2.881008182192558,2.5021203035775863,2.1851449639394267,3.125938062669745,2.4811740511095346,2.076851895507584,2.8895791222360794,2.524601270114175,2.2538628968371235
13.116261936,2.877149580164882,2.507465807548313,2.195956353014005,3.1210787563096662,2.4897688870466634,2.092198569677562,2.8832822972972956,2.5322061408413847,2.269209571007101
13.116542461000002,2.873217997811575,2.5127899379497327,2.2068244803542147,3.121050934022324,2.48981731460067,2.0922856260122025,2.8832463822348857,2.532248912513694,2.269296627341742
13.149588476000002,2.869225335013065,2.5180745612419715,2.2176135971565003,3.1127224213717106,2.503909154112211,2.117759843758307,2.8725666026255587,2.5446540070835337,2.2947708450878466
13.166250815000001,2.865177306166122,2.523313471951256,2.228416964282708,3.110924378438011,2.5068296446401432,2.123070657462401,2.8702823916200653,2.547212249331162,2.3000816587919406
13.166525238,2.861142001401381,2.528421714526705,2.2392306092997614,3.1108954541609664,2.50687657327639,2.1231560306115815,2.8702456557287217,2.547253351459936,2.300167031941121
13.199563598000001,2.8569123032752133,2.533665603002185,2.2494847848084083,3.1020900558235693,2.5207795331896716,2.1481357779524277,2.8591297014938712,2.5593885439050212,2.325146779281967
13.199803656,2.852683909752319,2.538800294192203,2.25976399910358,3.102035991238723,2.5208633951065553,2.1482803636018044,2.8590617146165833,2.559461575302068,2.325291364931344
13.232961083000001,2.848418247439126,2.543869224766699,2.2701608963016,3.096522466012815,2.5291756221596913,2.1630530513312323,2.852170657416749,2.5666730529362445,2.3400640526607717
13.23322675,2.8441038916283548,2.5488895740426853,2.2806732781199406,3.0964930173737866,2.5292193865725,2.163131508725881,2.8521339625388844,2.566710947950529,2.3401425100554203
13.249854973000001,2.839737033957567,2.5538665916220085,2.291247782501963,3.0943055073731505,2.532459273537799,2.1689627473229542,2.849410128214314,2.569515015375376,2.3459737486524936
13.282931767000001,2.835313859886948,2.558800758738611,2.30189568740369,3.085194461843176,2.545479493221184,2.1930990893993485,2.838148742726593,2.5807274400975233,2.370110090728888
13.29958086,2.830836748585948,2.56368682743846,2.3125706068368816,3.083239052762246,2.5482047373437946,2.198225086451683,2.83574400507458,2.5830657764776443,2.3752360877812224
13.316257706,2.82632141505201,2.568508090296322,2.3232711940516158,3.0792972836802908,2.5535826454132096,2.208370705306714,2.830916842979773,2.587665553081893,2.3853817066362533
13.316535916000001,2.8217330923375448,2.573300827032712,2.3340537400185517,3.079231790665649,2.5536701280371665,2.2085391620762866,2.8308369686852535,2.5877401362001997,2.385550163405826
13.349629482000001,2.817102746130617,2.578039252733424,2.344801916779064,3.067349932631599,2.569208504027614,2.2386761946516796,2.8164046489707197,2.6009434625393957,2.415687195981219
13.366251162000001,2.8124189364475165,2.582728148958332,2.355557238543564,3.0652216637363874,2.5718798284189974,2.2439307866561107,2.8138392471613654,2.6031982831643874,2.42094178798565
13.366564530000002,2.8076864280292866,2.587363695516123,2.3663496297002102,3.06518253135683,2.571928894423982,2.2440273403836466,2.813792086309933,2.6032396917391893,2.421038341713186
13.399564928,2.8029214180462505,2.591932999125989,2.3771328313646003,3.058927819392484,2.5796627690525877,2.2593745945051893,2.806273264809656,2.6097513399003613,2.4363855958347287
13.399867054000001,2.798086277307451,2.5964709122952048,2.388015917012128,3.058851065800491,2.579755069868495,2.2595604797756277,2.8061814574647554,2.6098286830702166,2.436571481105167
13.416502551,2.793199580748017,2.600958340115478,2.3988005841789195,3.051032873639983,2.5890658335313024,2.2784264232745732,2.7968459147114864,2.6176172702428153,2.4554374246041126
13.433243148,2.788268945881479,2.605386690731538,2.4095771446056244,3.046060135951406,2.594816744227281,2.2901391469103274,2.790938212183514,2.622402679817084,2.467150148239867
13.449828079000001,2.783295331754761,2.60975930090093,2.420369481985946,3.041685844488847,2.599759889830486,2.3003170345924264,2.7857618426066137,2.62649832534096,2.477328035921966
13.483027677,2.7782806487009166,2.614077598934774,2.431184238307138,3.0350396569161657,2.60706802111796,2.3155379185466725,2.777932630856402,2.632521948464676,2.492548919876212
13.483281771000001,2.773219645191653,2.618341114046164,2.442069568713929,3.035005399541418,2.607105175555945,2.3156149746345616,2.777892366319833,2.6325524900278565,2.492625975964101
13.516259686000001,2.768111371437376,2.6225465094706144,2.4529513944297188,3.0259781227726115,2.6166986234531024,2.33604756504508,2.7673168542896436,2.640406438952787,2.513058566374619
13.532946782000002,2.76295677702232,2.6266937841119904,2.4638230690285723,3.02361674198582,2.6191563148027175,2.3413719605112036,2.7645596013282283,2.6424099164537753,2.518382961840743
13.533237115,2.757754438662229,2.6307896153352237,2.474633753600955,3.023536675667877,2.6192379463664324,2.341549813762624,2.7644664117486872,2.642476173753211,2.5185608150921635
13.566266348000001,2.7525110255122742,2.6348268428920227,2.4854583315304843,3.0143138647849894,2.6285441453416447,2.361885023866787,2.7537490020475306,2.6500129309633977,2.538896025196326
13.582933135000001,2.7482517964918265,2.638031331524186,2.4959961322736413,3.0095603793681525,2.633195670268196,2.3722296217984855,2.7482507145655295,2.6537547410221367,2.549240623128025
13.583272852,2.745070688405263,2.640408695007476,2.506037503938836,3.009538639025485,2.6332167234330717,2.3722386305979253,2.7482256067172246,2.6537716370040276,2.5492496319274647
13.59989305,2.741690431102729,2.6429245709009463,2.515594187866636,3.00806195831812,2.634645938099841,2.372757558741962,2.746520332354784,2.6549184935007246,2.5497685600715014
13.632932934000001,2.737834072701905,2.645660340787921,2.524692191265961,3.0008586462197524,2.641603441783133,2.3743292492309926,2.7382044428131245,2.6604988647984458,2.551340250560532
13.649614168000001,2.7337356081277715,2.6485108307176675,2.5335318293750357,2.998540442242702,2.643838967281799,2.3751387975231264,2.735528812754637,2.662291250840713,2.552149798852666
13.649896927,2.7294226763813287,2.651457889010865,2.5420505030401497,2.9984810788412193,2.6438960661693693,2.3751638423713084,2.73546032250801,2.662337004338004,2.552174843700848
13.682958933,2.724992956695657,2.6544346458381227,2.550261466941809,2.987049272370563,2.654841852914364,2.3805705526212666,2.7222797222176807,2.6710987520310168,2.557581553950806
13.683376749,2.7203935499419605,2.6574726334415217,2.5579499300360617,2.9869889471597917,2.6548993012443276,2.380602581320142,2.72221022365796,2.6711446801473184,2.5576135826496813
13.699790844,2.7156573420024723,2.6605532172576285,2.565065318062494,2.9846057133175083,2.6571687463174816,2.381869175413721,2.719464607031417,2.672959004767423,2.5588801767432603
13.716528887,2.710791477302592,2.663672097513244,2.571616516670662,2.9763167865652136,2.6650027042050395,2.386696245045262,2.7099257330687267,2.679210971371049,2.5637072463748014
13.749599519,2.705853627458572,2.6667886765593822,2.5777325722056035,2.968124185019359,2.6726740064410044,2.39141442338376,2.700510320894756,2.6853197856323354,2.5684254247132996
13.766232251000002,2.7008166050887743,2.669946377919076,2.5833633861702814,2.9657310215753316,2.6749041420096322,2.3930321924702573,2.6977618517571,2.687093666497456,2.5700431937997967
13.766534366,2.6956642406690228,2.673133299315253,2.588465382833425,2.965647600120771,2.674981461886597,2.393074787175247,2.6976661187035105,2.68715508868323,2.5700857885047865
13.799602494,2.690389372272667,2.676357555232249,2.5929620993921545,2.951431835379061,2.688082224745162,2.401253940298071,2.6813655955292184,2.6975479178895805,2.5782649416276104
13.799928695,2.6849939149626043,2.679625819187428,2.5968764668456434,2.9513357406692875,2.6881702733032826,2.4013130186354523,2.681255498054662,2.6976176695055463,2.5783240199649917
13.832960584,2.679502175728431,2.6829280495775985,2.600278973071153,2.9440856826195367,2.694762417027064,2.4055737693671313,2.6729579285247342,2.7028301584020107,2.5825847706966707
13.849616991000001,2.6739174899578373,2.686261858371141,2.603209118124544,2.941635122455568,2.696982082304356,2.4069632005955386,2.67015480321779,2.704583625702537,2.583974201925078
13.866289939000001,2.668248920258952,2.689630572984388,2.6056982649708136,2.9343806796694705,2.7035056020807504,2.410878347575073,2.6618650013240717,2.709727790841087,2.5878893489046124
13.866578849000001,2.662533631181877,2.6930079245210856,2.607888029558497,2.934337600557625,2.7035442075375373,2.4108987914087727,2.6618157973880963,2.709758207347389,2.587909792738312
13.883359734,2.6567935481511924,2.696386735147604,2.609880230156385,2.931814041073072,2.705805532003229,2.412094205282391,2.6589334777314573,2.711539828577663,2.58910520661193
13.899885762,2.651036295567779,2.6997622277015374,2.611742774678471,2.9260631320399337,2.7109332529538817,2.4144987937278177,2.652369499520287,2.7155747594195097,2.591509795057357
13.932964440000001,2.645263299552779,2.703131062676601,2.613523357552118,2.914461122069136,2.7212093954791357,2.4187808326001488,2.639139271617489,2.723647355668663,2.595791833929688
13.933292695,2.639483625309057,2.70649466013817,2.615259252132757,2.9144117750849126,2.7212529203984643,2.418797840768219,2.639083031489633,2.7236815110704797,2.5958088420977585
13.966290138000002,2.633700112815111,2.709843956896594,2.6170162288411034,2.9044372467838335,2.730021558429448,2.422087980165154,2.6277203084632355,2.730556738570193,2.599098981494693
13.966544763000002,2.627901338631341,2.71318754919738,2.618743174638813,2.904397717915844,2.7300561909145014,2.422101564664608,2.62767529888941,2.7305838693403546,2.5991125659941474
13.999577663,2.6220920653269806,2.7165235241998533,2.6204551665421536,2.891915664855451,2.74094813546976,2.426274509182667,2.61347034369268,2.7391076802636554,2.6032855105122064
14.016254128000002,2.61627372388989,2.7198523570921065,2.6221594322043558,2.8892637058348196,2.7432485460968796,2.427161386878888,2.610454748210912,2.740905167284698,2.6041723882084273
14.016638591000001,2.610446788746453,2.7231721399773328,2.6238552978828964,2.8892048690183865,2.7432995704087757,2.427181061146774,2.6103878459814465,2.740945033850451,2.6041920624763133
14.049611687,2.6046122146121804,2.7264833485928044,2.6255465930801303,2.879128718840464,2.7520089058881307,2.4304606845614156,2.5989355314512483,2.7477439910353,2.607471685890955
14.049956474,2.5987719065488792,2.7297845502300704,2.627232341283275,2.8790746361241193,2.752055495228065,2.4304783384689896,2.5988740899819374,2.747780329068429,2.607489339798529
14.066497902,2.5929711368868937,2.733051373997516,2.628968089455074,2.875888103185733,2.7547987749177802,2.4315182183257047,2.5952542896531767,2.7499196329746862,2.608529219655244
14.083171251000001,2.5870845742793267,2.73635167527256,2.630217745517642,2.868904927919734,2.7607869780016077,2.4338159377727973,2.5873257794497504,2.754584613030698,2.6108269391023367
14.100034893,2.5812285027311743,2.7396285763676107,2.6316519715717828,2.8638591365279433,2.7650981597643813,2.4352639351065495,2.581599683815328,2.757939926391115,2.612274936436089
14.116570309,2.5753643170047384,2.742898334253031,2.63314007629349,2.8562909202645126,2.771543761063333,2.437229662650175,2.5730147318523757,2.7629521388076927,2.6142406639797144
14.133178785,2.5694920155543977,2.7461599952554714,2.634673448991501,2.851139240157834,2.7759150760448965,2.438693324730478,2.5671738133335715,2.766348000030753,2.6157043260600172
14.149887441,2.5636115990237363,2.749414036211703,2.636230171514637,2.8484496114073368,2.77819057228371,2.4394897082395133,2.564125523860023,2.7681143287752987,2.6165007095690527
14.182980697000001,2.55772497425514,2.75265997808645,2.637741826882104,2.840726901938493,2.7847097533593512,2.4417482367852763,2.5553755362172637,2.7731717668311453,2.6187592381148157
14.183278785,2.551834048090994,2.755897341844434,2.639223191910616,2.8406357463868144,2.7847864674712333,2.4417742419261703,2.555272296584343,2.773231230835031,2.6187852432557097
14.199818960000002,2.5459373895669364,2.7591256522975445,2.6406706649132,2.835631188198642,2.7889941186174965,2.4431903045464782,2.5496050203671703,2.7764918919805233,2.6202013058760176
14.216506256,2.540035001102027,2.762347293630234,2.642082958621515,2.8252695203772045,2.797667754691153,2.4460847228350957,2.537877935812774,2.783205431332763,2.623095724164635
14.233213780000002,2.534126881282424,2.765560835331803,2.6434506396616464,2.8201046347328163,2.8019724821668084,2.4474733983833348,2.5320357433659355,2.786533420180908,2.624484399712874
14.266250077,2.528213030610733,2.7687667542391274,2.644787917492862,2.8123695944104496,2.808395704171419,2.4494641945731814,2.52329051479411,2.7914942272660186,2.626475195902721
14.26651402,2.5222953577191194,2.7719660018273493,2.6460818844162843,2.812327925324203,2.80843024330209,2.449474542598592,2.52324341488278,2.7915208892736114,2.6264855439281316
14.283138596,2.516371955671212,2.775159057131817,2.647345023871916,2.809558446759861,2.8107255223889775,2.4501613426603583,2.5201130397717915,2.7932926311480255,2.6271723439898977
14.299809671,2.5104442531624853,2.7783444879933272,2.648567963936901,2.8019717446728922,2.8169924498995336,2.451995170275338,2.5115413531597457,2.79812570652545,2.6290061716048774
14.316643025000001,2.504511297666636,2.781523249184729,2.649764595163119,2.799255388260755,2.819232313294386,2.4526502899091938,2.5084730281786145,2.7998522527876517,2.629661291238733
14.34959409,2.498574996378484,2.7846948616704807,2.6509235780318043,2.7864101640178434,2.829778528497872,2.455544914002389,2.4939714553755845,2.8079717864692952,2.6325559153319285
14.349877800000002,2.4926458261761546,2.7878478692754314,2.6533963566103687,2.7863649452554156,2.8298155482837184,2.4555546273374684,2.4939204244400526,2.8080002653147482,2.632565628667008
14.366471698000002,2.4867461689249737,2.790955543304247,2.65706445881757,2.783705232254105,2.8319929430031054,2.4561340201876654,2.4909188577719235,2.809675293239928,2.6331450215172048
14.383164474,2.480812153947312,2.794041322409742,2.6617890545558303,2.773348715897965,2.8403927208008772,2.464384872407452,2.479245067363584,2.816120160623289,2.6413958737369914
14.399891997000001,2.4748251967768664,2.797116195274045,2.667323559061938,2.7705960451411267,2.842595110031795,2.4670561528021615,2.47614759422381,2.81780342375435,2.644067154131701
14.432904388,2.4688038732743007,2.800161543825423,2.673387845101496,2.7627177161372236,2.8488475953857075,2.4755107929708347,2.467291380627138,2.822570930621126,2.652521794300374
14.43329413,2.4627853519349983,2.803155867537198,2.679806140681606,2.762593553580596,2.848945053256724,2.475656292740835,2.4671519970144655,2.822645002110984,2.6526672940703744
14.449863331000001,2.4566786097500977,2.806145047719814,2.686365449402341,2.756528339648814,2.8536709802988565,2.483041397502923,2.460349376216286,2.8262290719654954,2.6600523988324625
14.482913314000001,2.450584197542349,2.80907556268145,2.693181517154611,2.746625372967474,2.8612386387137123,2.4955987364432435,2.4492685748009566,2.831934687004183,2.672609737772783
14.499617121000002,2.44445493655275,2.811971785511433,2.7000706392508698,2.741246054159556,2.8652639095143564,2.5027341172574165,2.4432645088206537,2.8349498267289572,2.679745118586956
14.499946349000002,2.438303215965117,2.814826072530521,2.7070256848093166,2.7411394078238858,2.8653431688437156,2.5028757295104427,2.4431455722738495,2.835009068437546,2.679886730839982
14.532946547000002,2.4321280826330587,2.8176389016747736,2.714028588483892,2.727584628461827,2.8752131323691987,2.5208899560792624,2.428064611417806,2.8423379730765057,2.6979009574088018
14.533418346000001,2.4259314469744138,2.820411224417994,2.7210719193195474,2.727504714333297,2.8752702524850684,2.520996430734656,2.4279758878231887,2.842380128732517,2.6980074320641956
14.549826209,2.4197194977725385,2.8231401725994187,2.7282183194359813,2.724725522192842,2.8772567319725812,2.5246993244641427,2.4248903268420334,2.8438461857366777,2.701710325793682
14.566519907000002,2.4134869911985555,2.825820030216584,2.7354615450759363,2.713661179333045,2.8849823593843227,2.539460464671148,2.412638479973096,2.84950279692398,2.7164714660006872
14.599594857000001,2.407238217884863,2.8284531765100254,2.742798134193621,2.7080287417582163,2.8888221228211837,2.5470534536371545,2.406417915988137,2.8522907567505245,2.724064454966694
14.599887756000001,2.400973176008991,2.8310377041320947,2.750233929836634,2.7069142830256596,2.8895697139405385,2.5485743603680087,2.4051892294460337,2.852830423434288,2.725585361697548
14.616521409,2.394690435987726,2.833574091568152,2.757769908028925,2.6968406521973622,2.896262549888879,2.5623698364566225,2.3940944764108947,2.8576448336978078,2.739380837786162
14.633160653000001,2.3883928574431126,2.836061858684389,2.7654055562342803,2.691238683855708,2.8998952361513974,2.570113139395419,2.387940369379647,2.8602343173202187,2.7471241407249583
14.649847037,2.382080915741366,2.8384990975832936,2.7731462887143445,2.6882243379320294,2.9018179100746173,2.5743020354249726,2.3846345644291067,2.8615961579832963,2.751313036754512
14.666477916000002,2.3757560377085016,2.8408824687580525,2.7810142358182155,2.6853200016226135,2.903668096144703,2.578339711748752,2.381449814374589,2.8629060148389796,2.7553507130782915
14.699584687000002,2.36941965525281,2.8432138779078286,2.788999553678009,2.6738878689842074,2.9107587217235693,2.594516818587218,2.368947740904591,2.867872783075223,2.7715278199167575
14.716239340000001,2.363061282120269,2.8454961981442417,2.79710660048848,2.662480806854098,2.9175782499043126,2.610993064656461,2.356518083219338,2.8725771045858726,2.7880040659860006
14.73290783,2.3566918748764336,2.8477208337639213,2.805324321935591,2.6594028986437155,2.9193679761170785,2.6154415606520747,2.353173119685749,2.8737968823636506,2.792452561981614
14.749672483000001,2.3503176337644875,2.849888254458292,2.8136579702578097,2.656423127804996,2.921098055268033,2.619744918555458,2.349935263206135,2.8749752259202044,2.7967559198849976
14.766254338000001,2.3439247362590803,2.852004198208507,2.8220973367414195,2.650722117646297,2.9243438115883627,2.6280866528172693,2.3437517956910177,2.877166385524167,2.8050976541468087
14.766880571000002,2.3375246163075167,2.854059115086681,2.8306320413726187,2.6505043723544293,2.924467298382589,2.6284059346963,2.3435157082451035,2.877249600416827,2.805416936025839
14.783191680000002,2.3311067909574748,2.8560601697372388,2.8392943863012805,2.6446298664275742,2.927744401329988,2.637094935276326,2.337155936167403,2.879441066303445,2.8141059366058654
14.799913692,2.324679363550504,2.858004491795612,2.848041956994087,2.6373308901420174,2.9317178967718864,2.647801188066376,2.329271325501144,2.882067210908265,2.8248121893959155
14.816479166,2.3182404227769275,2.8598887456023983,2.85689968008069,2.629891682199917,2.9356672529504295,2.6588219157495345,2.3212529250161427,2.8846449003179755,2.835832917079074
14.833166311000001,2.3117966423807847,2.861711016115654,2.8658738655643656,2.6255956961086357,2.937904306067886,2.6651891883263836,2.3166301478480116,2.8860905262725747,2.842200189655923
14.866242554000001,2.3053504057822565,2.8634708237506965,2.874968080783187,2.6119147466560384,2.9447876510172195,2.685422356154815,2.3019508962853776,2.890457262946219,2.8624333574843543
14.882936723,2.298984186308076,2.8651518609745814,2.882886897858732,2.608866336076931,2.9462831000006435,2.689963822079873,2.2986867881748867,2.8913925559291216,2.8669748234094126
14.899612888,2.292804783957006,2.866744467940294,2.889518658410489,2.599665460499335,2.9507003854733966,2.697079619346953,2.288851850372954,2.8941206543097358,2.8740906206764922
14.916284323000001,2.2866982696181064,2.8682769093741727,2.895137347822785,2.596554907905782,2.952181593429974,2.6991919993183444,2.2855290789282083,2.895030986322723,2.876203000647884
14.916594945000002,2.28055596957542,2.869790795392407,2.899944020948461,2.5964969521228687,2.952209191280902,2.6992313571595545,2.2854671690859116,2.8950479476191284,2.876242358489094
14.933259067000002,2.2743516711298586,2.871295692958109,2.9040532087009927,2.590493581105073,2.9550396007772024,2.7028192086766536,2.2790592028974843,2.896777008295342,2.879830210006193
14.949875097000001,2.268066778828214,2.8727921003420693,2.907548118807803,2.578599162951372,2.960573823217585,2.7092650892478023,2.2663761314189204,2.9001302901362203,2.8862760905773417
14.982946080000001,2.2616884295526902,2.874291953306235,2.9104829616403283,2.569637935747452,2.9646814485703,2.7137722699393487,2.256831624798007,2.9025957662366695,2.890783271268888
14.999589582,2.255244277551121,2.875792835789221,2.91297622078246,2.566647481113267,2.966044911315504,2.7151416189136643,2.253647808239,2.903411340693889,2.8921526202432037
15.016338144,2.248764832748103,2.8772870832262565,2.915171642382759,2.5605568115677,2.968803366620744,2.7175372719143613,2.2471665778879304,2.9050541992759595,2.8945482732439007
15.032917104000001,2.2422658272869684,2.878772293296857,2.917170362051378,2.5545717208585668,2.971497739016434,2.7196084410709407,2.2408005608782458,2.9066525674549517,2.89661944240048
15.049627233,2.2357520285106887,2.880247983668532,2.9190382402439794,2.5483932199140646,2.97426429730725,2.7216078092547313,2.234231444706024,2.908287936347144,2.8986188105842707
15.049947974,2.2292286821727005,2.881713671458012,2.9208314300923277,2.5482765184252054,2.9743163769474696,2.721643331970988,2.2341073961426883,2.9083186524725773,2.8986543333005272
15.066495263,2.2226957879532607,2.8831698335027878,2.922578528656152,2.5423100842822053,2.9769741955499147,2.723397876914172,2.227766180866325,2.9098843232314153,2.900408878243711
15.083323708000002,2.21615668260691,2.884615512281976,2.9243002340718705,2.533102196412173,2.9810501710989756,2.7260317562019427,2.2179844409490515,2.9122752100740836,2.903042757531482
15.099861439000001,2.209611843895429,2.8860511840825374,2.926004468123956,2.5288818897141585,2.982910081325732,2.7272155469619097,2.2135025710034473,2.913362912454144,2.904226548291449
15.116488029000001,2.2030607935544277,2.887475895780635,2.9277045462643034,2.5177860205483955,2.9877712524599787,2.7302468887618563,2.201724087024644,2.9161942747589777,2.9072578900913957
15.133212986,2.196506392671885,2.8888896440786143,2.92939912037887,2.5116061212628575,2.9904610184478466,2.731913779418681,2.1951671165697424,2.917753805041607,2.9089247807482206
15.149808968,2.1899472109270226,2.8902924306251365,2.931088927010839,2.5055807673431385,2.9930715836705777,2.7335377802065404,2.1887762229290275,2.9192625857125707,2.9105487815360798
15.166504790000001,2.183383725400244,2.8916847317076706,2.9327601272900723,2.499301852446291,2.9957800206625453,2.7351970101230627,2.182118496298455,2.920823059786009,2.912208011452602
15.199561516000001,2.176816412157537,2.8930655931026874,2.9344365129785106,2.490057056998384,2.999743448044305,2.7376844149009516,2.172320243895382,2.9230966581080104,2.914695416230491
15.199853071000001,2.1702452721336325,2.894435968483993,2.936112545841011,2.4900027656887205,2.9997666516856243,2.737699016756947,2.1722627150346936,2.9231099391269217,2.9147100180864864
15.216458020000001,2.1636703049995902,2.8957958578518337,2.9377819793679447,2.4865272265670653,3.001251305614166,2.7386314434239427,2.168580053394848,2.9239593934930284,2.915642444753482
15.249591893000002,2.157092463483979,2.897143829595957,2.9394481722592825,2.4746442460430345,3.0062950983789403,2.7417906822191327,2.155994599641647,2.926831922938401,2.918801683548672
15.249879781,2.150508888321289,2.898481794361665,2.941118173735741,2.4745901854376133,3.006317993586381,2.74180520171012,2.155937352191839,2.9268449409671575,2.9188162030396594
15.282931247,2.143922917459243,2.8998097483016845,2.9427560386884166,2.4591960521869822,3.012785146014426,2.745795434976282,2.1396449728661224,2.9305003171410595,2.9228064363058213
15.283219597,2.1373364571436366,2.9011267355439325,2.9443439748160665,2.459141271178024,3.0128080339325076,2.7458095186885227,2.139587017553072,2.9305132011398887,2.922820520018062
15.299817853,2.130740926285436,2.902434673328754,2.945897777704798,2.455987918618171,3.014125528378949,2.74662021770429,2.1362509429126115,2.9312548411984145,2.9236312190338296
15.332951054,2.124146813844773,2.903732119054263,2.9474069007456047,2.440486842707167,3.020551272001766,2.750425868946098,2.1198605835646345,2.934850624277114,2.9274368702756375
15.333243702,2.1175474455750023,2.9050205109255263,2.9488851769890685,2.440432045845701,3.0205738705331093,2.750438706370799,2.1198026636043332,2.934863220619604,2.9274497077003385
15.366259239000001,2.110949020399448,2.906298888123197,2.9503281796196674,2.428088857766513,3.025643460876832,2.75331297866952,2.106759650661761,2.9376801074812406,2.9303239799990592
15.382977224000001,2.1043458152677066,2.907568210917744,2.95177184988473,2.424893692833496,3.0269503472728054,2.7540440029041164,2.1033842849420137,2.9384039425861626,2.931055004233656
15.399680660000001,2.097739262929821,2.90882895449594,2.953119265450926,2.4187145918646356,3.0294676027512075,2.755421892531084,2.0968584773723924,2.93979379851078,2.9324328938606232
15.416252195,2.0911298385824364,2.9100801646349077,2.954444087298665,2.4126311209435762,3.031936372344299,2.7567121841277933,2.090435343361248,2.9411527654809544,2.9337231854573327
15.416592393,2.084518974171637,2.911323270196529,2.955728153754502,2.412506244376501,3.031987047291929,2.7567386565707404,2.090303494809673,2.94118065932919,2.9337496579002798
15.449614764000001,2.077904763395441,2.912558750215677,2.9569908465173143,2.396922289284633,3.038268973246187,2.759921604472785,2.0738568758921843,2.944620277939303,2.9369326058023244
15.449855803,2.071288159667892,2.913786603593344,2.9582020250906456,2.3968765657624913,3.0382873233935346,2.759930528583654,2.073808635584725,2.9446302899880927,2.9369415299131933
15.482917348,2.0646691624015934,2.9150068303299714,2.959387578056268,2.3844227977445986,3.0432680977720947,2.7623273263722936,2.060672410011482,2.9473402768778163,2.939338327701833
15.483152746000002,2.058048725894234,2.916218952488637,2.960537865968768,2.3843775042252524,3.043286148960748,2.762335667407136,2.060624645630833,2.947350070357678,2.9393466687366754
15.499826486000002,2.0514254197964368,2.917423925392527,2.96166077248002,2.381152643970313,3.04457133338404,2.762929360503419,2.0572238700543997,2.948047313603967,2.9399403618329583
15.516374897,2.044801152566694,2.918622223679661,2.962746702053413,2.374953165710306,3.047033910408452,2.764038100167868,2.0506876318241662,2.949379757259474,2.9410491014974074
15.549584905000001,2.038174968390297,2.9198124179390845,2.9638144176056964,2.359351862494314,3.0531960276049275,2.7666929927403796,2.0342450327501163,2.9526983843958763,2.943703994069919
15.566236823,2.0315473478240205,2.920997368641929,2.9648437743977927,2.3561955153032654,3.0544380363578787,2.7672277831997576,2.030919302401444,2.953365190950107,2.944238784529297
15.566634722000002,2.024932104420842,2.922164185254964,2.967185892488219,2.3560947704845914,3.054477617824077,2.7672444806703647,2.030813161955356,2.95338641397205,2.944255481999904
15.583177272,2.018365463239692,2.9232994745763503,2.970743005381689,2.349749247079461,3.056966585657108,2.7683307320051487,2.0241285135140723,2.9547191192565636,2.945341733334688
15.599875728,2.011778760320473,2.924405223097176,2.975366089508205,2.3404203724394756,3.0605850803177654,2.774324634903264,2.0143082342427174,2.95663836928987,2.9513356362328036
15.616637797000001,2.0051405262748414,2.9254824207642063,2.9808488819561494,2.3357945373096554,3.0623568351299233,2.7777240875519666,2.0094426956006424,2.9575678850160223,2.954735088881506
15.649606655000001,1.9984764975673297,2.9265210243262256,2.986879806554606,2.3215598198696696,3.0676758576515444,2.7905456906136425,1.994493787516738,2.960297230776587,2.967556691943182
15.649881669,1.9917947799636475,2.927519593928608,2.9932644053453976,2.3215072041000884,3.0676951212279007,2.7905988077598973,1.9944386018132767,2.9603069283389702,2.9676098090894367
15.682922595,1.9850953680239811,2.9284738380401505,2.999877101044282,2.3089003059566493,3.072217350728092,2.8038867060332837,1.9812323831449923,2.9625385709933623,2.980897707362823
15.699570796000001,1.9783839855403973,2.929384703738841,3.006634183681327,2.305643205410024,3.073360513841517,2.807428747790768,1.9778248793086863,2.9630903349648956,2.984439749120307
15.699918729,1.9716601503870053,2.930248376880218,3.013490567259452,2.3055751348260323,3.0733844049617374,2.807502773399589,1.977753665426041,2.9631018663546183,2.9845137747291286
15.716444768,1.9649276815239207,2.931068190925052,3.0204244955402424,2.299286219015882,3.0755423787295837,2.814458034294523,1.9711830241593342,2.9641187174716084,2.9914690356240623
15.749540077,1.9581865756678405,2.931840808015032,3.027411307499668,2.286305132334426,3.0798423428117023,2.829072507052336,1.9576476021559912,2.9660656775971366,3.0060835083818755
15.749817936000001,1.9514368310146897,2.932565274477001,3.034457986224668,2.2862244354444465,3.0798683167474294,2.829163886378847,1.9575635925017956,2.9660770359152977,3.0061748877083865
15.766460517,1.9446836932658131,2.933242061102236,3.0415734488029607,2.279827603265553,3.0819091408297488,2.836415945626836,1.9509073497846954,2.966959565093825,3.0134269469563755
15.7831624,1.9379276387456537,2.933870213667013,3.0487812178909977,2.2670105062870296,3.085843242028886,2.8511071014630183,1.937597779138611,2.9685752557878695,3.0281181027925577
15.799847131000002,1.9311724814066344,2.934449250937831,3.0560868591392043,2.2604143728260135,3.0877882098614156,2.858698674070835,1.9307622284803392,2.969328331948232,3.0357096754003745
15.832923515000001,1.924412975218469,2.93497870212366,3.063491479790119,2.2538394184512973,3.089672216431026,2.8664257595461553,1.9239582605239478,2.9700251287854367,3.0434367608756947
15.849590512,1.9176524562359265,2.935456656029635,3.070993341917529,2.2441460101921384,3.092341931175602,2.8779871274918243,1.9139462125088367,2.9709462341210235,3.0549981288213637
15.866410190000002,1.910888539211255,2.935882638567302,3.0785785625658844,2.240818318539967,3.093239512426595,2.8819937077143107,1.9105124646305403,2.9712438233385043,3.05900470904385
15.866655247,1.9041279007304777,2.9362571188788538,3.0862830084339365,2.240769835201986,3.09325258988079,2.882052082228352,1.9104624360893396,2.9712481591124034,3.0590630835578914
15.883181896000002,1.8973705377166523,2.93657771278033,3.0941212011809567,2.2342727292269955,3.0949502222038183,2.889909279509765,1.903767918387472,2.9717752020839274,3.0669202808393043
15.916335436,1.890615021512098,2.9368453755936503,3.1020726333639828,2.221205726736429,3.0981987281411034,2.9060052317896563,1.8903330722957077,2.9726720049628477,3.0830162331191957
15.916609238000001,1.8838642087232065,2.9370567661637463,3.1101388936983483,2.2210994843292786,3.09822467377569,2.9061374332795813,1.8902239212714518,2.9726788371612596,3.0831484346091207
15.949662477,1.8771171474437591,2.9372133161002543,3.1183099371180805,2.204784196857258,3.1019539333796393,2.9268651081761323,1.8735068915616149,2.973476897415092,3.1038761095056717
15.966287344000001,1.8704439319587336,2.937314467775182,3.125293457687429,2.2014598355118657,3.1026782739909766,2.9311448224264183,1.870106927562093,2.973604539406333,3.1081558237559577
15.966573399000001,1.8639499681206528,2.9373829878962896,3.131057580213916,2.201402635043155,3.1026907373239814,2.931218461130407,1.8700484262398336,2.9736067356723126,3.1082294624599465
15.983145736,1.8575150928291104,2.9374171076140776,3.135888413188805,2.19464573708835,3.104115860042778,2.936228158868829,1.8631461616499096,2.973819780892766,3.1132391601983684
15.999925658,1.851054442464136,2.93742932251604,3.139941006174043,2.186709018642338,3.1057472328748728,2.941021721377261,1.8550461937681475,2.974028101134175,3.1180327227068005
16.016556536,1.8445408359559088,2.9374163260696657,-3.139860051009871,2.175048553321637,3.1080816329970506,2.9471329134960405,1.8431568700112138,2.9742727560513846,3.12414391482558
16.03322178,1.83794996074734,2.9373857756960504,-3.137028197405241,2.1685975103637958,3.10934171000872,2.950255129096356,1.8365847438355138,2.9743771919165205,3.1272661304258955
16.049980402000003,1.8313161525716968,2.937340016007609,-3.1346021688060635,2.16216648857806,3.1105784972102244,2.952911680253915,1.8300364270471539,2.974462227377937,3.129922681583454
16.082912079,1.8246594402850125,2.937279977594344,-3.132442586841947,2.152289195363628,3.1124453308364366,2.9562849542351355,1.8199847451735742,2.9745606171343204,3.133295955564675
16.083233081,1.817987931235408,2.937207081623963,-3.130463559231949,2.1522250948670623,3.112457345072643,2.956305159535587,1.8199195307210116,2.9745611563083094,3.1333161608651263
16.099826889000003,1.8113063944289545,2.937121799437237,-3.1285993733676083,2.1485961653909498,3.1131368367464427,2.957443914897558,1.8162276550084775,2.974591019338343,3.1344549162270976
16.116531467,1.8046162614970949,2.93702508305903,-3.126811059779805,2.1358386188809075,3.1154886830217543,2.9610915131927094,1.8032553205367454,2.9746596648924593,3.1381025145222488
16.133137057000003,1.797920868747949,2.9369159749687936,-3.125065938673828,2.1293024196110313,3.1166755073634667,2.9628408275265183,1.796612267587412,2.9746769976926823,3.1398518288560577
16.166236174,1.7912230791440586,2.9367954255419746,-3.1233469189874614,2.12267242698026,3.117867612987549,2.9645437722595984,1.7898759568823754,2.974683013360202,3.141554773589138
16.166583195,1.7845224154027548,2.936663435328509,-3.121643791520752,2.1226034875736213,3.1178800065931846,2.9645614671841933,1.7898059123281034,2.9746830739014127,3.1415724685137327
16.199577001,1.7778188769601388,2.9365200043288184,-3.119946516632198,2.1062439454583775,3.12077038361111,2.968726173478098,1.773193036695693,2.9746475668845718,-3.137448132371949
16.199879608,1.771112940013977,2.936363701482022,-3.118253291233384,2.1061832775521077,3.120780974314311,2.968741731405327,1.7731314518643797,2.9746473092072923,-3.13743257444472
16.216507460000003,1.764406037266316,2.936197386161194,-3.116563800450872,2.102849656827513,3.1213629193631856,2.969596618805097,1.7697474473287138,2.974633150183637,-3.1365776870449498
16.233115515,1.757697690166719,2.936018674730955,-3.1148724628870528,2.0896448312081364,3.123634534372025,2.972878506265263,1.7563489505137362,2.9745440576162796,-3.1332957995847837
16.26630846,1.7509879001290298,2.935828997702004,-3.1131876605022946,2.0797383844043167,3.1253079854984733,2.975345990080511,1.746302622943888,2.9744469529880364,-3.130828315769536
16.26677541,1.744277142688032,2.9356278776884626,-3.111508397614256,2.079647098756578,3.1253233002995895,2.975368391193573,1.746210066933902,2.974445954172863,-3.1308059146564737
16.299655068,1.7375654191216952,2.9354157915266264,-3.1098398674482817,2.0666294816275466,3.127485705120902,2.9785975795423827,1.7330150839785368,2.97428232307277,-3.127576726307664
16.31626653,1.7308527269261722,2.93519083186936,-3.1081584451915725,2.0631515848842894,3.1280574389985203,2.9794505750249654,1.729490855886664,2.9742327071476122,-3.1267237308250815
16.316593372,1.7241390691079188,2.934955382900675,-3.106507846015891,2.063083154861251,3.1280686882578586,2.9794673583008455,1.7294215142623084,2.97423173091998,-3.1267069475492013
16.333252334,1.7174249223387132,2.934709444071096,-3.104899251264961,2.05654902980475,3.129131961121035,2.981069505198592,1.722802259057028,2.9741278080498716,-3.125104800651455
16.349853025,1.710710763290334,2.9344530148311447,-3.1033323638843244,2.049254269654956,3.130306102115954,2.9828547612740586,1.7154147315703885,2.973999082166236,-3.1233195445759883
16.382990585,1.703993254766921,2.934186099027531,-3.101793990090338,2.0332712303258127,3.1328330093645684,2.9865704324325293,1.6992364783386602,2.9736720824565723,-3.1196038734175175
16.399630089000002,1.6972776402663174,2.9339082137786727,-3.1003007423033964,2.0299296769606436,3.133355155499374,2.9873191775747348,1.695855194989961,2.9735976620684137,-3.118855128275312
16.399847774,1.690559155489801,2.933621748763794,-3.09884724381651,2.0298859613520355,3.1333619864350415,2.987328972974062,1.6958109596169737,2.9735966884695495,-3.118845332875985
16.416485856,1.6838406587722492,2.9333252701755432,-3.097436425220567,2.023345676599491,3.1343740030388134,2.9887971662370187,1.68919466658032,2.973441225600018,-3.117377139613028
16.433279915,1.6771216745553823,2.933019255399817,-3.0960621465072355,2.01335627481889,3.135900549966925,2.990885816778869,1.679092548330471,2.9731849048554833,-3.115288489071178
16.466287307,1.6704026805253942,2.9327051343981383,-3.094732041222362,2.0033708513363693,3.137407609010616,2.9929044237442444,1.6689977777994407,2.972910101266932,-3.1132698821058025
16.466637554000002,1.6636817686988068,2.932381478857625,-3.093432098225582,2.003230085236095,3.1374287269688175,2.992932384061783,1.6688554926311387,2.972906102013708,-3.113241921788264
16.483242674,1.6569618007315956,2.93204971599196,-3.092174725159946,1.996659992381884,3.138408319732928,2.9942372227197795,1.662215566713174,2.972713473094827,-3.1119370831302673
16.516257249000002,1.6502403926212852,2.931709371711753,-3.090946033397421,1.9833545917156292,3.1403659921475993,2.9967415778776942,1.6487733479408144,2.972297633403641,-3.1094327279723526
16.516491956,1.6435204062026194,2.931361396393302,-3.08975667570858,1.9824191244584952,3.1405019458921037,2.9969085025282203,1.6478285580730792,2.972266738167127,-3.1092658033218266
16.533229357,1.6367989799789933,2.93100531649731,-3.088593750586869,1.9733802213686236,3.1418109584977643,2.9985185445970046,1.6387003916162044,2.9719636536814513,-3.107655761253042
16.566284801000002,1.6300775450792402,2.930641607211767,-3.087469670018436,1.9568208030428569,3.144173163711406,3.001331945060702,1.621983767709686,2.9713730320368152,-3.1048423607893447
16.582904057,1.6233556242441878,2.9302702690865887,-3.086368427976179,1.9501371726438341,3.145113115074219,3.0024186455805033,1.6152390587151924,2.971121388529467,-3.1037556602695435
16.599581163,1.6166327413986497,2.92989177950806,-3.0853028094264263,1.9466991752694696,3.1455929494434063,3.002960352918027,1.6117702889484096,2.9709883348822284,-3.1032139529320197
16.59992587,1.6099103282353575,2.929506613663745,-3.084258942171791,1.946629741994819,3.145602636633,3.00297127634612,1.611700234810681,2.9709856443324623,-3.103203029503927
16.632905299,1.6031888599366595,2.9291142941680306,-3.0832509729636,1.9301306776863272,3.1478839430222223,3.005501762928608,1.5950572671725909,2.970326015577215,-3.100672542921439
16.649593847000002,1.596466431558226,2.9287162537292777,-3.082262826782913,1.9266818288459902,3.148354631599846,3.0059938663242534,1.5915794259651161,2.9701820482330388,-3.1001804395257935
16.649888769,1.5897444726035856,2.9283115370249333,-3.081307245004305,1.926622411145554,3.1483627378267083,3.006002314695561,1.5915195092910859,2.9701795650471463,-3.100171991154486
16.666532211,1.5830215516384591,2.9278996688672367,-3.080370276457445,1.9232505720733728,3.1488227133455355,3.0064817426507897,1.5881193609710393,2.970038612543461,-3.099692563199257
16.69960102,1.576299101041054,2.927482554955002,-3.0794660897826507,1.90674480507816,3.1510463297502276,3.008760842651059,1.571479953897689,2.9693210149801947,-3.097413463198988
16.716266474,1.5695766423876094,2.927058288490004,-3.0785780032692083,1.9033039736262372,3.151506020874751,3.009214965089498,1.568011941322552,2.9691676337909993,-3.0969593407605487
16.732959761,1.5628546559999426,2.92662972994355,-3.077720967385191,1.896613905864048,3.1523938473386135,3.0100978202688493,1.5612700741253345,2.9688635463238144,-3.0960764855811975
16.733268439,1.5561312310096969,2.926194497330416,-3.076879058989788,1.8964915469597785,3.152410002564483,3.010113479790867,1.561146782407816,2.9688579031714784,-3.0960608260591798
16.766237508,1.5494092312436554,2.925754494699909,-3.0760665784442653,1.8833074229213838,3.15414240748539,3.011751792063878,1.5478636121635545,2.968241671290021,-3.094422513786169
16.782950573,1.542686746500541,2.9253078169035547,-3.075267513029908,1.8699872806581992,3.155871038074969,3.0133390297064295,1.534447213673385,2.9675977728665983,-3.0928352761436173
16.799616909,1.5359647337555529,2.9248563701886927,-3.074496989332629,1.8665927820547945,3.1563075019749434,3.0137353282114,1.531028900006118,2.9674296860536957,-3.092438977638647
16.799980131,1.529242238757998,2.9244006324922105,-3.0737375188820217,1.8665202159929482,3.1563168303322744,3.013743786136457,1.530955825218903,2.9674260906321783,-3.0924305197135897
16.81641734,1.5225197374706838,2.923939172753401,-3.0730052798752,1.8632363192992571,3.1567389748033663,3.0141265401598023,1.527648906722552,2.967263383816712,-3.0920477656902445
16.833313233000002,1.5157977078382572,2.923473420933595,-3.072283467836989,1.8543195805805384,3.1578767197442064,3.0151203064212364,1.5186711539398703,2.966813219511864,-3.0910539994288104
16.849858628,1.509075196587649,2.9230033781316926,-3.071587957931156,1.8465061491940524,3.1588667229145977,3.015975029125821,1.51080548423162,2.9664119012473615,-3.090199276724226
16.866458558,1.502352679197454,2.922528090124604,-3.070901041761667,1.8430749587671955,3.159299977670111,3.016339674952338,1.507351617164117,2.966234194442356,-3.089834630897709
16.899625053,1.4956311106038405,2.922048509486689,-3.0702375125918464,1.8297997396181391,3.160962638419406,3.017684468041808,1.4939910563400864,2.965533267420404,-3.088489837808239
16.916300095,1.4889100126364014,2.9215636830940417,-3.0695849947800364,1.8232128230144156,3.1617808596231916,3.018318984199266,1.48736298516022,2.965178826004434,-3.087855321650781
16.932989415,1.48218843371786,2.921075042556051,-3.0689565143914197,1.8164801683437863,3.162612847547668,3.0189668339303317,1.4805890290005304,2.9648122734610967,-3.087207471919715
16.949616255000002,1.4754678040515177,2.920582586224146,-3.0683340430281723,1.8098582271093686,3.1634268003762114,3.0196039794022944,1.4739272320802301,2.9644474629460977,-3.0865703264477524
16.949934241,1.4687457385775895,2.9200858400097323,-3.067736400739731,1.8097316153204848,3.163442361646517,3.0196161616319337,1.4737998585203913,2.964440486236854,-3.086558144218113
16.982916425000003,1.462024622567322,2.919585278001245,-3.067144603938415,1.7930733138498227,3.165471040977249,3.021108711070422,1.457044626505048,2.963504138103721,-3.085065594779625
16.999581909,1.4553035018691047,2.9190804244609923,-3.0665743783444146,1.7896239494014463,3.165888616345404,3.0214055977014125,1.4535756303487881,2.9633077966825527,-3.0847687081486344
17.000013111,1.4485823769947443,2.9185722330630943,-3.0660096115089805,1.7894798794172644,3.165905991029192,3.021417997119448,1.4534307520676626,2.9632995308712213,-3.084756308730599
17.016561442,1.4418617247947871,2.9180602264206894,-3.065466991658018,1.7815583863226714,3.1668595426679924,3.022099744225234,1.4454651278584412,2.962843302273903,-3.0840745616248126
17.033220844000002,1.4351415446818396,2.917544404534216,-3.064927780020502,1.7695654201051723,3.16829372633007,3.023064554355706,1.4334070161048778,2.9621432576973055,-3.083109751494341
17.066265637,1.4284206457492656,2.9170252456140413,-3.064408025402233,1.7595530190530504,3.1694813344392045,3.0238924811129735,1.42334194104323,2.9615492443533435,-3.0822818247370734
17.066593742000002,1.4217004572513383,2.916502271175052,-3.0638929548414877,1.759486996054324,3.1694891410347545,3.0238974935020195,1.4232755750440502,2.9615453031038217,-3.0822768123480273
17.083205354,1.4149805046492934,2.9159764354396325,-3.063399800124895,1.7561443208804737,3.1698843807791053,3.024151265501912,1.4199155341170246,2.961345761774512,-3.082023040348135
17.116291726,1.4082607861952467,2.91544726157184,-3.06290796059836,1.7394613691758622,3.1718416837215524,3.025384541264936,1.4031486055725249,2.9603348119386905,-3.080789764585111
17.11672396,1.401541064011476,2.9149147498460684,-3.062437644369409,1.7393742214017467,3.1718518564086438,3.0253902742637697,1.4030610282444085,2.9603294799882085,-3.080784031586277
17.149556058,1.3948210993039256,2.9143789005374003,-3.0619659734215428,1.7261160114718521,3.1733931528387096,3.0263301789790624,1.3897385816693717,2.9595120801559442,-3.0798441268709844
17.149893581,1.3881011326799224,2.913841143881156,-3.0615158926028347,1.7260458528929785,3.173401274932766,3.0263347938381226,1.3896680891553757,2.9595077212487513,-3.079839512011924
17.182988048000002,1.381381637851782,2.913299095143808,-3.061067314997337,1.7159245937553218,3.174569863724956,3.0270339464831757,1.379499206054148,2.9588758171655254,-3.079140359366871
17.183274544,1.3746623786467724,2.912754661947488,-3.060637233439023,1.7158147466431617,3.1745824786419963,3.0270411711943943,1.3793888540308348,2.9588688922010844,-3.0791331346556525
17.216256317000003,1.3679433539421977,2.91220689061853,-3.060206393993494,1.6993429666697524,3.1764682580607744,3.0281244866644244,1.362842391975253,2.9578247212611104,-3.0780498191856225
17.216557652000002,1.3612240880714968,2.911656735380165,-3.0597921881276755,1.699280324021368,3.176475396079213,3.028128606294249,1.3627794712349217,2.957820717120754,-3.0780456995557977
17.249604278,1.3545055348951331,2.911104195133052,-3.059380737847028,1.6858942047635652,3.177995276683159,3.0289411268030575,1.3493348850613918,2.9569597127903937,-3.0772331790469893
17.249873802,1.347786024490217,2.910548794964284,-3.058987651292993,1.6858389693416642,3.1780015251667777,3.0289447589688425,1.349279412441776,2.956956137338938,-3.0772295468812043
17.266463141000003,1.3410667492058226,2.9099905334996667,-3.058590995281729,1.6815249655296884,3.178489161529119,3.0292190147125915,1.3449469505114031,2.956676509490741,-3.0769552911374554
17.283170435000002,1.3343469950747444,2.9094303652371427,-3.0582136670387565,1.6691371523363783,3.1798828144392273,3.0299413098935872,1.3325072984784248,2.9558670396366877,-3.0762329959564596
17.299887487,1.3276281904165248,2.9088668580177925,-3.057834470109473,1.665744418967495,3.1802625753384794,3.0301304870457795,1.3291007071848526,2.9556434466772896,-3.0760438188042674
17.316462469,1.3209100994251664,2.908301442626219,-3.057470163225584,1.662423649549533,3.180634248116118,3.030315234341276,1.3257663795851902,2.9554245639711687,-3.075859071508771
17.333331811,1.314191526871816,2.90773221308976,-3.057102437658485,1.648916535608817,3.182138388144072,3.031066640763412,1.3122054610689524,2.95452675930024,-3.0751076650866347
17.366269731000003,1.3074731905381884,2.9071610759311346,-3.056753002757064,1.6389308896696175,3.1832435185699293,3.0316051284714822,1.3021812463920839,2.9538562682911595,-3.0745691773785646
17.366522512,1.3007558064397189,2.9065885071626263,-3.056400947729833,1.6388793801497967,3.1832492068492777,3.0316077305013316,1.3021295401004427,2.9538527974758613,-3.0745665753487152
17.383169752,1.2940285812629255,2.9060102278556283,-3.055742404389005,1.6307826596353896,3.184141625447896,3.032041068663558,1.2940021913012225,2.9533055356195312,-3.074133237186489
17.399825047,1.2874309430842807,2.9054375209001675,-3.055915329495137,1.6254931373444867,3.1847221268095645,3.0324702226679214,1.2886931015190426,2.952945544534069,-3.0737040831821254
17.432956455,1.280709021680082,2.904859712148591,-3.0556640682283565,1.6155177176106674,3.1858135309274314,3.03259083585629,1.278681370296216,2.952263342411348,-3.073583469993757
17.449580079,1.2739892446302592,2.904279516738602,-3.055362926601466,1.609053273994818,3.186520205527608,3.032819159633444,1.2721935004185057,2.951820663404697,-3.0733551462166027
17.449881894,1.2672701816886174,2.9036983668305654,-3.0550724695502884,1.6089359069243214,3.186533035762126,3.0328233050316324,1.2720757080257554,2.951812626218318,-3.0733510008184144
17.466493105,1.26054343691065,2.90311198064182,-3.054624017123021,1.5991505219421849,3.187599162398748,3.0332676731423875,1.262255493213588,2.9511390044425188,-3.0729066327076593
17.483160723,1.2538693789448216,2.9025264873032834,-3.0544853253829163,1.5920823926968963,3.1883664428661262,3.033656815467025,1.2551626986765692,2.950649682463292,-3.0725174903830217
17.499873908,1.2471926084848328,2.9019409970548997,-3.0544161415466893,1.58366747670785,3.1892768719097533,3.0339540224326225,1.2467189549682303,2.9500641192010577,-3.0722202834174244
17.516487594,1.2404700085735485,2.901352221843366,-3.05415325851726,1.5754701588586475,3.190162184077849,3.0340791257809654,1.2384938320839325,2.9494921479657408,-3.0720951800690814
17.533325757,1.233772823712522,2.90076389413717,-3.0539883543402304,1.5720381678726745,3.1905321357290504,3.0342162216402686,1.2350503238880164,2.94925198623547,-3.0719580842097782
17.549849431000002,1.227059231906302,2.900172724335765,-3.053750215565937,1.5687003879229633,3.1908919205215702,3.034351070983159,1.2317013448884557,2.949018405949222,-3.071823234866888
17.566516288000003,1.2203434943185676,2.899580603333068,-3.0535188312644763,1.5553814655444325,3.1923235994221413,3.034721479599522,1.2183384368715031,2.948082410687408,-3.0714528262505247
17.583173376,1.2136909486289753,2.898998423082357,-3.0545496693172804,1.5487174410694022,3.193037716150348,3.034957286966696,1.2116527942320732,2.9476119137127745,-3.0712170188833507
17.599880048000003,1.20716717577953,2.898438505770239,-3.056915800288463,1.541735386899566,3.1937978004665433,3.0313156076295895,1.2046459969535848,2.947130664820389,-3.0748586982204573
17.632920493,1.2006801524147357,2.8979071563493104,-3.060491178881056,1.531654802043729,3.1949497426387166,3.0248475192626785,1.1945200838459809,2.9464895364861095,-3.0813267865873684
17.633219252,1.1941337942172054,2.897403055053599,-3.0650366863095004,1.5315945614905935,3.194956810676138,3.024804526265765,1.19445953998958,2.946485886438548,-3.081369779584282
17.649826796000003,1.187496156512068,2.8969295765645744,-3.070368969057037,1.5282322191656348,3.19535145405168,3.022403085920061,1.1910802442355952,2.946282294908348,-3.083771219929986
17.666538308,1.1807889396422606,2.8964900337329875,-3.076273561098404,1.52160490666811,3.1961625925639074,3.017243356828584,1.1844136555488398,2.9459137682370113,-3.0889309490214627
17.699579364,1.1740510114460232,2.896089150134698,-3.0808510846613606,1.508564541098284,3.197869242329969,3.0054870086830627,1.1712765326386831,2.9452974977913966,-3.100687297166984
17.699853677,1.1673080893531351,2.8957021005779007,-3.083599890519114,1.5084565667211196,3.1978837021913193,3.00538594459168,1.171167699215104,2.9452927187092257,-3.100788361258367
17.732901536,1.16058759758949,2.89532933029324,-3.0857112090739798,1.4918061070636501,3.20024392536091,2.9975836454623845,1.1543618055651474,2.944684114698691,-3.1085906603876623
17.733229791,1.1538947755370734,2.894968925890458,-3.0876838439901277,1.491738929469739,3.2002536689135774,2.9975645984971706,1.1542939619369652,2.9446818768297622,-3.1086097073528762
17.766259084,1.147193146003321,2.8946199757388755,-3.089558516470988,1.4785473342408422,3.2021923074168845,2.993796773385979,1.1409671219703006,2.9442673404230737,-3.112377532464068
17.782909009,1.1404877158720232,2.894282950904868,-3.0913575182032678,1.4752042745601914,3.2026901507145973,2.9928746159905693,1.1375886352828717,2.9441687316996514,-3.1132996898594776
17.799623436,1.133777768446369,2.8939573753766603,-3.093105996561301,1.4685153201634062,3.20369823493795,2.99113175582311,1.1308266880972329,2.943983218944632,-3.1150425500269368
17.799864245000002,1.127067118783082,2.893642767919926,-3.094807353261434,1.468418842346679,3.2037128536900124,2.991106638223391,1.1307291436148645,2.9439806206775585,-3.115067667626656
17.816581708,1.1203555285437232,2.893339605646658,-3.096465269306796,1.461841131466594,3.2047159867791732,2.9893939096158677,1.1240775735367077,2.9438098228089293,-3.116780396234179
17.833247042,1.1136403751432222,2.893047414742393,-3.098078446089053,1.4519172299720642,3.2062521198418037,2.9869277687820137,1.114038244088794,2.943574472228963,-3.119246537068033
17.849871609,1.1069240422316184,2.89276666929678,-3.099647623787023,1.4467541326092996,3.2070600904761632,2.985681366640754,1.1088135491461073,2.943460657997693,-3.120492939209293
17.882905280000003,1.1002072430436511,2.892494984300668,-3.1011884500994555,1.4320317665432305,3.2094005072261376,2.982257075606297,1.0939091091739073,2.943172071334818,-3.12391723024375
17.88321479,1.0934875944737823,2.892233316175757,-3.102700240042291,1.4319695761025057,3.209410502133903,2.9822431018784323,1.0938461305110974,2.9431709590715998,-3.1239312039716145
17.899866889000002,1.0867670038670063,2.891981662723647,-3.1041700376351207,1.4286056644204577,3.2099511868602786,2.98148725407742,1.0904395737824508,2.9431108505658155,-3.124687051772627
17.91651994,1.0800445174098514,2.891740025043644,-3.1055999654597137,1.420421684994391,3.211281391048184,2.9796563165426857,1.0821492407232562,2.9429791683899946,-3.126517989307361
17.93332492,1.0733194167148128,2.891505542938975,-3.1069907107713224,1.4120985775547918,3.212649084386961,2.977878941576156,1.0737153522147096,2.9428598907917127,-3.1282953642738907
17.94999354,1.0665938516128717,2.891282028631419,-3.108342273380329,1.4087484149270857,3.213202535853949,2.977194129868133,1.070320081632683,2.9428147705832184,-3.128980175981914
17.966533184000003,1.059866865007252,2.891066145361968,-3.109652813889165,1.3956293347714666,3.215397332435316,2.974513505904196,1.0570195172672174,2.942665158674433,-3.131660799945851
17.999575993,1.0531396507875488,2.8908597991042875,-3.1109254265173294,1.3888649136697537,3.2165425324832104,2.9732333389066685,1.0501591381269784,2.9426013304426943,-3.1329409669433783
17.999917214,1.04641053866004,2.8906615612712425,-3.1121619168950523,1.3887557508780326,3.2165611225099453,2.9732127026660002,1.0500484075856602,2.9426004077240364,-3.1329616031840466
18.032919556,1.0396811972696465,2.8904714299394425,-3.1133608338363232,1.3691390208180512,3.2199327003154985,2.969604293869388,1.0301445057532241,2.9424650305109172,-3.136570011980659
18.033268561,1.0329509104272652,2.890288452259484,-3.114526158112658,1.36899694511605,3.2199572978995272,2.9695788755232506,1.0300003187258886,2.9424642259070954,-3.136595430326796
18.066277105,1.0262194417864965,2.8901140590163714,-3.115657486871833,1.359085364592326,3.2216887085104267,2.967907077076534,1.0199387316797175,2.942423271125693,-3.138267228773513
18.066595151,1.0194867890641537,2.8899468197000577,-3.1167568245020325,1.3590213586997786,3.2216999395718426,2.967896298478589,1.0198737482606683,2.9424230560210938,-3.138278007371458
18.099635536,1.012753667105984,2.889786256649196,-3.117824549718972,1.3490771611068553,3.2234522146884923,2.9662866587390138,1.0097763798154826,2.9423968962485767,-3.139887647111033
18.116258358,1.0060203149971911,2.8896328464257377,-3.118861837717026,1.3424938885180628,3.2246219520795836,2.965210237069554,1.0030899979034862,2.9423891200418524,-3.1409640687804927
18.11661634,0.999285778421694,2.889486113292114,-3.1198695835692245,1.3423515010703035,3.2246473269590505,2.965187652049572,1.002945367129148,2.942389025693065,-3.140986653800475
18.149558378000002,0.9925507742734692,2.889347010097201,-3.1208482563653765,1.3259562046352402,3.2275917452698146,2.96272304238979,0.9862877798320484,2.9424004196331244,3.1397340437193293
18.14987993,0.9858155371653298,2.8892131523827858,-3.121800305211297,1.3258909280524358,3.2276035484269774,2.9627133733166495,0.9862214448387829,2.9424005439315466,3.139724374646189
18.166644193,0.9790795930141292,2.889085971208163,-3.1227258523656736,1.3200414487917462,3.2286636827203252,2.961871638399865,0.9802766901038091,2.9424140894908106,3.1388826397294043
18.183224374,0.9723436549882172,2.88896451207599,-3.123624630985768,1.3094110180694036,3.2306024194162313,2.9604040189138727,0.9694709776627001,2.942450640258802,3.137415020243412
18.216243549,0.965605816109334,2.888848300347139,-3.1244976507759814,1.2961989111177523,3.233034756953575,2.958679911990906,0.9560370119705717,2.9425184766808705,3.1356909133204454
18.232929732000002,0.9588689370987246,2.8887378095614853,-3.125347632330339,1.289583387616797,3.234261509351493,2.9578005881700147,0.9493088434231945,2.9425611455873124,3.134811589499554
18.249596559,0.9521315879410536,2.888633041367459,-3.1261755294066726,1.2861780840828787,3.2348958275365343,2.957397529040515,0.9458450538794467,2.9425859188514116,3.134408530370054
18.249896971000002,0.9453935312377124,2.8885344728763487,-3.1269809142583607,1.2861182236720436,3.2349069805098503,2.9573904898771906,0.9457841649169212,2.942586356848761,3.13440149120673
18.266550683000002,0.938655717964286,2.8884411493164697,-3.1277639373049397,1.2827997875168904,3.2355252594253217,2.957000265123461,0.9424087097224698,2.942610637775363,3.134011266453
18.283363127,0.931917910506606,2.8883521172875124,-3.128524952175101,1.2696170043305104,3.237997563884561,2.955447765050801,0.9289965718964994,2.942722980178091,3.1324587663803403
18.300015897,0.925178440082874,2.8882688092247286,-3.129263755245148,1.2629956627958308,3.2392471990564764,2.954669137710048,0.9222586468420484,2.9427871498154965,3.131680139039587
18.332910374,0.9184392138317234,2.888190269255366,-3.129982543961124,1.2563709444130882,3.240502585332729,2.9539567312784634,0.9155163850038905,2.942856386070216,3.1309677326080028
18.349560288000003,0.9116992777190224,2.888116021641642,-3.130683935523714,1.2497309873300955,3.241765642528207,2.9532762331057922,0.9087577718217029,2.9429304900282456,3.1302872344353316
18.349835272,0.90495982390078,2.8880470186840146,-3.1313662445916663,1.2496211392613417,3.2417865862653463,2.953264649059083,0.908645952250882,2.9429317635727825,3.130275650388622
18.366480257000003,0.8982198979720322,2.8879818309704715,-3.1320281798494847,1.2416915224182687,3.2433017194953213,2.952419414898733,0.9005734434126295,2.943026911031267,3.1294304162282724
18.399569816,0.8914797387687271,2.8879214119004084,-3.1326746391069715,1.2298687976161777,3.245572266401586,2.9512423574530136,0.8885356393630097,2.943180138517324,3.128253358782553
18.416230571,0.8847398221831856,2.8878643304131715,-3.133303098888815,1.2199977636621444,3.247479702990203,2.9502822491265075,0.8784829692479209,2.943319598972211,3.127293250456047
18.416526305,0.8779989567070793,2.8878115415568306,-3.133915199199165,1.219937788048427,3.247491319573402,2.9502764150928007,0.8784218852464555,2.943320473049415,3.12728741642234
18.433134239,0.8712580956277758,2.8877625673952214,-3.134512205117894,1.2153083816811392,3.2483887967509295,2.9498392651288334,0.8737067810314171,2.943388743387008,3.126850266458373
18.449820863000003,0.8645165255276692,2.8877188392631283,-3.135093391374944,1.2034497239959896,3.250697203954912,2.948772911073392,0.861626938824235,2.9435729122294827,3.125783912402931
18.46649812,0.8577754354439346,2.887677971602572,-3.135659171353969,1.1969021586502344,3.251977545028673,2.948202429552719,0.8549562302196795,2.943680299077856,3.1252134308822583
18.499544055,0.8510333960610098,2.887640919735965,-3.1362070806536004,1.1868843382698766,3.2539442863536876,2.9473634425349475,0.8447486244452533,2.9438522902594166,3.124374443864487
18.499853064,0.84429112239831,2.8876076828390835,-3.1367433197198165,1.1868225112104323,3.2539564485594883,2.9473586918360803,0.84468562185035,2.9438533754160447,3.1243696931656197
18.532919879,0.8375490920439483,2.887578260361764,-3.1372677091535097,1.1736964142136093,3.256545871409733,2.946282231258996,0.8313086613076336,2.9440909879283006,3.1232932325885354
18.549580544,0.8308061106711081,2.887551223167923,-3.13777675053724,1.1703338422158318,3.257211121750019,2.946023800980898,0.8278814888112946,2.9441537345284146,3.1230348023104373
18.549848895,0.8240640874472531,2.887528476406806,-3.1382741795409825,1.1702622299893206,3.2572253082145934,2.9460182969530537,0.8278084975004498,2.9441550892624027,3.123029298282593
18.582922072000002,0.8173218285767713,2.88750811410468,-3.13876153756106,1.1506827011979108,3.2611190537475987,2.9445798398768197,0.8078492681374022,2.9445402713007933,3.121590841206359
18.599622082,0.8105802898743721,2.887491565672497,-3.139236320468189,1.1472248032021177,3.261810115189086,2.9443151229128883,0.8043237141404016,2.9446116399175186,3.1213261242424277
18.600012186,0.8038380400559494,2.887478832759641,-3.139698909864338,1.1471466099060443,3.2618257446680334,2.9443091110226636,0.8042439904954313,2.944613256270096,3.121320112352203
18.632896764,0.7970960316856018,2.8874684837559803,-3.1401480618555158,1.1372928625392544,3.263798573607051,2.943618713054379,0.794196822041757,2.944820131243531,3.1206297143839183
18.649573409000002,0.7903537881804342,2.8874614728854326,-3.140586858722754,1.1306817154380053,3.265126294850965,2.943178107721563,0.7874551821010061,2.944962961930592,3.1201891090511022
18.649827052000003,0.7836103552999529,2.887456370735864,-3.141016363003277,1.1292542723960328,3.2654136065200197,2.943082966398504,0.785999451532352,2.94499442849598,3.1200939677280433
18.666450096000002,0.7768674029384526,2.887454605894708,-3.141433384086996,1.1175159383263515,3.2677794277674836,2.9423005471561154,0.7740279428857687,2.945256301807285,3.119311548485655
18.683165074,0.7701244537478775,2.887455225237443,3.141344000290324,1.110871985199667,3.269122851189983,2.9418576377999885,0.7672512445665487,2.945408812567502,3.118868639129528
18.699894941,0.7633829382318741,2.887459180789778,3.140941454495508,1.1042948956231486,3.2704555568647287,2.9414859800116933,0.760542252283016,2.945562546924572,3.1184969813412327
18.716456998,0.7566399960778227,2.8874664758487865,3.140551994390395,1.0977966523874925,3.271774910926762,2.9410869180410035,0.7539132253799657,2.9457170221957067,3.118097919370543
18.733179651,0.7498965790182729,2.887475201967709,3.14017142147062,1.0943258761997443,3.2724809930535472,2.9408730947639015,0.7503723494567841,2.94580090909478,3.117884096093441
18.749775292000002,0.7431408214484233,2.887487757127554,3.1395736453739707,1.0909698363372002,3.273163826904181,2.9406664287692355,0.7469485107808412,2.9458821146837186,3.117677430098775
18.766463780000002,0.7364817621999039,2.8875054458105085,3.139599384899368,1.0831544938783093,3.2747577284960796,2.940187722492345,0.7389746205539381,2.9460749220583193,3.1171987238218843
18.783144403,0.7297273045575404,2.8875208604429066,3.1391931252071883,1.0713217158538701,3.277177712075967,2.9397524813774147,0.7269006063539059,2.9463734809302164,3.116763482706954
18.799807563,0.7230309485567749,2.8875400226801684,3.139086203398028,1.0646936316767048,3.2785353806965225,2.9393498249701846,0.7201370206131648,2.946542808631658,3.116360826299724
18.81671081,0.716287780263773,2.8875578084243485,3.1387965285448693,1.0613532555389977,3.279220485756692,2.93929543891106,0.7167282009743099,2.946629008136242,3.1163064402405993
18.849562285,0.7095448537334892,2.8875784549147423,3.138493370522656,1.0483175358799914,3.281897216448594,2.9387940940773873,0.7034248317013664,2.946968478625205,3.1158050954069267
18.866215175,0.7028012139827634,2.887601009577025,3.138193888558504,1.044902459738447,3.2825994667546805,2.938636376726346,0.6999394602165662,2.9470584016916823,3.1156473780558853
18.866538501,0.6960582912669884,2.8876245170880805,3.1379058073542496,1.0448066092325528,3.2826191950389854,2.938632265609856,0.6998416335152584,2.9470609435793818,3.1156432669393954
18.883116068,0.6893144171660005,2.887650886720141,3.137619308335171,1.0371877533057539,3.2841884872025515,2.9383142655431893,0.6920654930304408,2.9472641249966642,3.1153252668727287
18.899812692,0.6825717395299438,2.8876786854866845,3.137345728480618,1.0250962089395137,3.2866841302311602,2.937789149667857,0.6797234331374021,2.9475915954283725,3.1148001509973966
18.916532078,0.6758323980549306,2.887708864593561,3.137059875734077,1.0185085495792634,3.2880465518896327,2.9375189323102404,0.6729988035989383,2.947772720226753,3.11452993363978
18.949599495,0.669090199701777,2.887740477506697,3.1368075950318115,1.0086399047593095,3.2900914549303377,2.937079668533112,0.6629242790839969,2.94804791983818,3.1140906698626516
18.949991471,0.6623468118701291,2.8877735223036365,3.13654507721365,1.0085620580943628,3.2901076016066346,2.9370764683763415,0.6628448055815562,2.948050106344203,3.114087469705881
18.982898442,0.6556065235435825,2.8878089477143885,3.136279248414718,0.9922393744432337,3.293498346722673,2.936440136960657,0.6461801036252663,2.948513639217691,3.1134511382901966
18.983219353000003,0.6488645681555285,2.887844851884597,3.136044113558628,0.9921070024429678,3.293525873025549,2.936434706067587,0.6460449529612109,2.948517426275891,3.1134457073971262
19.016259979,0.6421216625570496,2.8878836181749308,3.1358127324071723,0.9822165828295458,3.295585960080461,2.9360789754292504,0.6359463201728945,2.9488037383610703,3.11308997675879
19.016677484000002,0.6353775666107332,2.887923816349719,3.135587134307339,0.982133140062709,3.2956033544887062,2.936075976494344,0.6358611183002112,2.948806167695717,3.113086977823883
19.033347397,0.6287781935663379,2.887966231904806,3.134979364415859,0.9787507167059658,3.2963084769669364,2.935954411940891,0.6324073836261379,2.9489046678208464,3.1129654132704303
19.049919834,0.6219549534045126,2.8880165348875946,3.1348192482375308,0.9721928694488102,3.2976771693776215,2.935715434612211,0.6257109961545974,2.9490972149429897,3.1127264359417506
19.066529992,0.6153310257593614,2.8880613629315075,3.1344629273718496,0.965756711886945,3.2990231834650787,2.9351440060318756,0.6191383902880051,2.949288866207597,3.112155007361415
19.083195837,0.6085452215274838,2.8881144837909933,3.1344258233746363,0.9591338996394307,3.3004107951029904,2.934976045717514,0.6123747214917833,2.94948859737319,3.1119870470470534
19.099806938,0.6018647907503044,2.888161284310066,3.1342842150354886,0.951591200188261,3.3019933395611254,2.934631389683819,0.6046712139222267,2.9497182342570585,3.1116423910133584
19.116500215000002,0.5951214240752188,2.8882143562557903,3.1342142565555315,0.9394977556973392,3.3045332937103873,2.9344681028967887,0.5923194809353225,2.950088988833005,3.111479104226328
19.133188032,0.5883751948942125,2.888264570476712,3.134322165306806,0.9361496072904687,3.305236984721086,2.9344333375464036,0.5888997377093783,2.9501921152679107,3.111444338875943
19.166225821,0.5816373059405555,2.888312867733918,3.1341987119614823,0.9230624618814162,3.307987394691717,2.934451936736039,0.575532772201719,2.95059505829276,3.1114629380655785
19.166630462,0.5748965607094477,2.8883645061459475,3.1340039747418578,0.922980866705511,3.3080045424671196,2.934450679508526,0.5754494324793817,2.9505975701870684,3.1114616808380653
19.183131313,0.5681546227911262,2.8884156690951714,3.1338188008771595,0.919646022037988,3.3087053852137416,2.9343989829444546,0.5720432866594176,2.9507002354934797,3.111409984273994
19.199873313,0.5614107813893103,2.888469695263421,3.133641590796933,0.9122030511301857,3.310271075191801,2.9341402309773237,0.5644409171894006,2.9509308422651457,3.111151232306863
19.216523047000003,0.5546667005498546,2.8885232448699822,3.1334646816373533,0.9000767496015922,3.312825349349397,2.9338287950423556,0.55205431899258,2.951309907358568,3.110839796371895
19.233184644,0.5479233374451223,2.8885787009992976,3.133291239973085,0.8966147736770622,3.3135555007539104,2.933723249407443,0.548517867510691,2.951419037060226,3.110734250736982
19.249957843,0.541169779340859,2.888634645835752,3.133371191671539,0.891418528273308,3.314651840002357,2.933572708574614,0.5432097642116345,2.9515832485405364,3.1105837099041533
19.282917233000003,0.5344999839193172,2.888689063454895,3.132741663086961,0.8800993519366366,3.317041804442801,2.933518313397089,0.5316466123855367,2.951942696469813,3.1105293147266284
19.299628705,0.5278011277467599,2.8887516208132777,3.132822890053329,0.8703385048477251,3.3191067919754293,2.932924571417006,0.5216746645597334,2.9522566486357253,3.1099355727465454
19.300011986,0.5210960466052788,2.8888108474752423,3.1327291394715,0.870261800481122,3.3191230340687987,2.9329257610788035,0.52159629870475,2.9522591302129846,3.109936762408343
19.332946308,0.5143550745354476,2.888872022898461,3.132580929175872,0.860511992622399,3.3211875487318996,2.932876003972444,0.5116353008814023,2.9525745607749765,3.1098870053019834
19.33330394,0.5076126712050061,2.8889331999710435,3.1324389428387227,0.8603722987442683,3.321217138009427,2.9328731759297977,0.5114925794828717,2.952579089277298,3.109884177259337
19.366250315000002,0.5008693158651661,2.888995331816086,3.132312393028148,0.8473001945260529,3.3239879241355297,2.9326045899127857,0.49813683214075966,2.9530047386425693,3.109615591242325
19.366606293,0.4941264385874522,2.8890588936223702,3.132185730797178,0.8471579635052151,3.3240180929273992,2.9326019353209016,0.49799151119829554,2.953009390843419,3.109612936650441
19.399537811000002,0.4873828467694359,2.8891229330897734,3.132063895641638,0.8341297797047601,3.326783028742605,2.9323341698862277,0.4846800281617366,2.9534370151739386,3.109345171215767
19.399889641,0.4806783447432685,2.8891773907529763,3.133239162602297,0.8339907605778263,3.3268125520423744,2.9323313125654895,0.4845379825889178,2.9534415975450794,3.109342313895029
19.432899357,0.4740637108018027,2.889217439710603,3.135743369952073,0.8175091339768671,3.33028166366556,2.9379629869322246,0.4677030218521276,2.9539542844459277,3.114973988261764
19.433294941,0.4674681212989452,2.8892321943315373,3.139478893443217,0.8174285235826265,3.330298303835771,2.9380122738466623,0.4676207409068855,2.953956470074975,3.1150232751762017
19.45001559,0.4608336298826266,2.88921266149244,-3.1389334062464807,0.8139665805551698,3.3310124168303195,2.9401395780978685,0.4640871459806998,2.954049817768968,3.117150579427408
19.482900769,0.4541301945115239,2.889157922144629,-3.133360263560838,0.7978548195544247,3.3341980948497607,2.952696009833133,0.44766618075463827,2.9543486288014957,3.1297070111626724
19.499556385,0.4474012001067716,2.8890612505583237,-3.127273763882781,0.7944380471611874,3.334850820357742,2.955782825509056,0.4441878602492121,2.9543895022340596,3.1327938268385953
19.516237579000002,0.4406547506014109,2.8889212068802728,-3.120858807807332,0.7878286230555357,3.3360712430729724,2.962205782672683,0.4374668103721386,2.9544270143935516,3.1392167840022225
19.532936216,0.433898950765133,2.888735874419344,-3.11423305643255,0.78116719292345,3.3372560253552286,2.9689572613347277,0.43070084294822886,2.9544202853817856,-3.137217044515319
19.549577494,0.4271364205289891,2.888503342805723,-3.1074661427401447,0.7745489953720689,3.3383862692501003,2.975886185785871,0.4239870361301209,2.9543674829184967,-3.1302881200641757
19.566226607,0.4203681148996349,2.888224564613717,-3.100605889202088,0.7678730578275675,3.339478473097557,2.982961829159983,0.4172230899385441,2.9542670674817546,-3.123212476690064
19.582971182,0.4135978478437916,2.8878985817725598,-3.0936820928242,0.7612668206339963,3.340510885048686,2.9900888718381404,0.41053828362888845,2.954120067832282,-3.1160854340119064
19.583249382,0.4068260970711488,2.8875268242437557,-3.0867098554330017,0.7611570860573185,3.3405280236069803,2.9902072848868126,0.41042724582336443,2.9541176156407154,-3.115967020963234
19.616209414,0.4000514276904555,2.8871050021441103,-3.0796911530466424,0.7411703695300368,3.3433545357931185,3.0119925495840416,0.3902551183314158,2.9533805395734904,-3.0941817562660052
19.632894786,0.393277421037459,2.886637402883108,-3.0726440706709472,0.7376872000625474,3.3437961977491746,3.01581109793101,0.38674860401840927,2.9532019557126357,-3.0903632079190366
19.649567864,0.3865114630193302,2.8861202032477067,-3.0655170829569918,0.7343174025100971,3.34422193494935,3.0195059486175833,0.3833564942776278,2.953027659371284,-3.0866683572324636
19.666286039000003,0.3797499815076532,2.8855562683803235,-3.0582915869823566,0.7275367112537711,3.3450281487072444,3.0270424483368696,0.37653979065519794,2.95262727672807,-3.079131857513177
19.682927628,0.3729965481752266,2.8849422563016303,-3.0509611367276617,0.7208266987581302,3.3457744915042924,3.034562380217963,0.3698032039585393,2.952180404329322,-3.0716119256320837
19.699604944,0.3662475874550578,2.8842781711331,-3.0435321471110246,0.7140691876330423,3.346474367327338,3.042238287465068,0.3630280431060429,2.9516794270881497,-3.063936018384979
19.716242846,0.3595097748053732,2.8835644820177686,-3.036003292686222,0.7074291111324538,3.347110272570821,3.049883213619859,0.3563797463494168,2.951136157681509,-3.056291092230188
19.716500387,0.3527771472038306,2.882798334804046,-3.0283751524496294,0.7073263438395677,3.3471201064013623,3.0500015485329417,0.3562768532352245,2.951127741758385,-3.056172757317105
19.733197802000003,0.3460601564837415,2.8819821017120604,-3.0207832151847227,0.6991040069473553,3.347831416409281,3.059588965590814,0.34805774194973044,2.9503800816932038,-3.0465853402592327
19.766215022,0.3394128150518091,2.881123349647196,-3.0126777791388446,0.680514789727397,3.3491568684320963,3.0820349929752835,0.32952559581064506,2.9484114833605912,-3.0241393128747633
19.766462664000002,0.3327613154990544,2.880205951446635,-3.0046166752749017,0.6804148745353392,3.3491632283859203,3.082161717706846,0.32942612193978926,2.948400150063033,-3.0240125881432007
19.799543586000002,0.3260449204227085,2.879222824485057,-2.9966363556136906,0.6669975023544191,3.3498498466203146,3.0985527958653822,0.31609749875125065,2.946713400307117,-3.0076215099846646
19.799817768,0.3194192548784167,2.8782019227623894,-2.988400312781918,0.6668844803232866,3.3498551529207727,3.098688166147438,0.31598530837911987,2.9466987218621377,-3.0074861397026087
19.832976479000003,0.3127782910057742,2.877117619301892,-2.9800778643246946,0.6568570797374175,3.350214507914582,3.111483223498576,0.30605131365322474,2.9452867561023,-2.994691082351471
19.8332975,0.3061446527814276,2.8759775174128968,-2.9716671993309056,0.6567926918123782,3.350216439539114,3.1115657193175092,0.30598759169106277,2.945277319598582,-2.9946085865325376
19.866247292,0.2995233507443078,2.874783995508053,-2.963136920439025,0.6467025198270323,3.350461186793842,3.1245412774874755,0.296011987461098,2.943741483617865,-2.9816330283625714
19.866621615,0.2929143812351786,2.8735337157293306,-2.954503382752962,0.6441201334599544,3.350494047540816,3.1279098130539715,0.2934641660028996,2.943319103463614,-2.9782644927960753
19.899561158,0.2863291897378524,2.8722280953970247,-2.945759786354978,0.6332458093296877,3.350572546917756,-3.141107530534004,0.2827459367310522,2.9414815374870034,-2.9640965292044648
19.916418438,0.2797653897787012,2.870865229911842,-2.9369031286458704,0.6232092776061539,3.350494156560938,-3.127901715789765,0.2728800352810462,2.939637058518755,-2.9508907144602254
19.932907295,0.2732635225431333,2.869453655620757,-2.928053017552537,0.619822837128705,3.35044735807617,-3.123437133682682,0.26955475056772626,2.9389946795178203,-2.9464261323531424
19.933437165,0.2667375007021897,2.867978212948268,-2.918915005509822,0.6196831935472853,3.350444872988978,-3.123252903732082,0.2694177265929898,2.938967643692745,-2.9462419024025426
19.949964125,0.2602562384811462,2.866446928701928,-2.909663619413962,0.6120194130319023,3.350261861735492,-3.113118129086682,0.2619059232202887,2.9374379917726205,-2.9361071277571424
19.982907936,0.2537989899042345,2.8648583962802787,-2.900421438031504,0.5931047406803354,3.3494854165146406,-3.0876181698896374,0.24342352640620052,2.9333430308015367,-2.910607168560098
19.999575404,0.2475148099055701,2.8632501140436104,-2.8916937019931326,0.5897179850778578,3.349288221261267,-3.083055878842714,0.24012441456866968,2.9325525495795395,-2.9060448775131746
19.999968402,0.2409346001878901,2.8615100890291867,-2.8827204511445563,0.5896402206342174,3.3492836582329506,-3.082951143172198,0.2400486687347072,2.9325343644603636,-2.9059401418426587
20.016553223000003,0.2345203170697124,2.859758428669136,-2.8734076307278507,0.5846518615189702,3.3489754061753247,-3.076267662812299,0.23519253515258953,2.9313525384891097,-2.8992566614827595
20.049577447,0.2281426774624005,2.857942353015289,-2.8638930103204068,0.5697086660656769,3.347844115308723,-3.055827084427543,0.2206820426770681,2.927607606246997,-2.8788160830980036
20.049935248,0.2217618570878175,2.8560561859185523,-2.854272156134434,0.5696369667046882,3.34783794465001,-3.055726830584792,0.22061255023983517,2.92758890660629,-2.8787158292552526
20.066507395000002,0.2153895433569642,2.8541042054453127,-2.8445560745372,0.5657653922317933,3.347499474046337,-3.0503106837969174,0.21686107201359733,2.9265739867243363,-2.873299682467378
20.083263431000002,0.2090555478224016,2.8520940066346543,-2.834725612408835,0.5531917814800137,3.3462384332559525,-3.032703266599011,0.20470598550915825,2.9231185875749057,-2.8556922652694716
20.099838634,0.2027143193992761,2.850013721051968,-2.8249063763205817,0.5465431661833908,3.3454796756908247,-3.0231817205184885,0.19829486686324857,2.9212009442000326,-2.846170719188949
20.116506252,0.1963990107771936,2.847874277747449,-2.8150892881088114,0.543128189134307,3.34505757703984,-3.0183148113180005,0.19500757736104077,2.920184104367214,-2.841303809988461
20.133241048000002,0.1901124820614092,2.8456771039359414,-2.8051905776731973,0.5397281262332757,3.3446355910697507,-3.0134705886611295,0.1917349491228549,2.9191700016581406,-2.83645958733159
20.166278507,0.1838480518808722,2.8434136242455303,-2.7951299029507783,0.5233591322262394,3.3423246709293957,-2.9900354959587023,0.17602865567109474,2.9140128064219013,-2.813024494629163
20.166561907000002,0.1776088214364765,2.8410876498005195,-2.784964553053229,0.5233021673119285,3.3423159621055105,-2.9899525544022207,0.1759741143868172,2.9139942028366215,-2.8129415530726813
20.183250455,0.1713858031892304,2.8387177876419822,-2.774705829660096,0.5193626946187919,3.34170777079799,-2.9842023128066373,0.17220329348799948,2.9127018207276647,-2.807191311477098
20.199881815,0.1652360436007543,2.8362834679462905,-2.764535408970334,0.5069175231504187,3.339616522027558,-2.965628957137037,0.16032082904957623,2.908451802708097,-2.7886179558074975
20.232904676,0.1590945964119248,2.833778566743268,-2.754245261871116,0.4970792994440505,3.33778484817373,-2.9508672837177015,0.1509588692463772,2.9049163559970532,-2.773856282388162
20.249596320000002,0.1530234285587729,2.8312263776266184,-2.7438922345947097,0.49375218155546324,3.3371420050504192,-2.945791298511791,0.14779693652222003,2.9036976919031994,-2.7687802971822517
20.266290208,0.1468853860163262,2.8285722223699152,-2.7337044817628096,0.48732915522296305,3.3358351056625386,-2.9360008001796256,0.14170440311715754,2.9012801952669593,-2.758989798850086
20.28289647,0.1408130956458897,2.8258736454422237,-2.723405404789271,0.4808413235692724,3.334449299240984,-2.9263909360147693,0.13556197159919203,2.898773613121536,-2.74937993468523
20.283174980000002,0.1347767375855099,2.8231149455773785,-2.712965724088104,0.480732499621745,3.334426042029438,-2.926229797114665,0.1354589434068773,2.898731556718543,-2.7492187957851257
20.299931197000003,0.1287682003528129,2.820292317424502,-2.7024527514072987,0.47301350722772506,3.3326850544780475,-2.9145093057492835,0.12816713191367968,2.8956585506364294,-2.737498304419744
20.332927157,0.1227917779216938,2.8174071865471184,-2.6918722376563253,0.4581840969721071,3.329075418567236,-2.8915420187055476,0.11420505367276665,2.889494035154036,-2.714531017376008
20.333270822000003,0.1168460365419939,2.814457170410192,-2.681242410759612,0.45811764885054157,3.329058438228763,-2.891438368024474,0.1141426338769281,2.8894656194217436,-2.7144273666949346
20.366237927,0.1109336032098839,2.811446080685653,-2.670575356038625,0.4422887830574421,3.3248113325151865,-2.8665150969514936,0.09930896800234484,2.88249760277714,-2.6895040956219542
20.382908752000002,0.105057101182613,2.8083739143502067,-2.6598791870116467,0.43589789002629614,3.3229726054616733,-2.8563512720614472,0.09334171430456803,2.8795622468840256,-2.679340270731908
20.383196219000002,0.0992162892184676,2.805239241169009,-2.6491567148930506,0.43578784681752447,3.322940902967037,-2.8561762601180165,0.09323897301628242,2.8795116624630612,-2.679165258788477
20.416238918,0.0934133173414954,2.802044919689189,-2.638406045994653,0.4262260734987423,3.320046995176286,-2.8408072708762386,0.08433619062644765,2.874979259455782,-2.6637962695466992
20.432940972,0.0876460355889383,2.7987876145263177,-2.6276318056169785,0.42302751410680556,3.3190544943289466,-2.8356323776402803,0.08136237815137459,2.873439038861576,-2.658621376310741
20.449591939,0.0819163540068012,2.795469707666239,-2.6168289249179426,0.4167755795619984,3.317044523100907,-2.825529032417619,0.07556206568876322,2.8703595835158735,-2.64851803108808
20.449840382,0.0762233191340487,2.7920912002079947,-2.605996464609109,0.4166819273857588,3.3170142395247195,-2.825377442632954,0.07547520945894648,2.870313282107222,-2.6483664413034145
20.482947885,0.0705669281521917,2.788649707967429,-2.5951406005566544,0.4042572877751425,3.3128083265415205,-2.805085406454779,0.06398532319716888,2.8639852581528302,-2.62807440512524
20.499630902,0.0649490921124529,2.7851485666041382,-2.5842775265714577,0.3979297214666059,3.310558213340405,-2.7946407044285726,0.05815284689798944,2.8606560953412106,-2.617629703099033
20.50006004,0.059372433543713,2.7815877730953744,-2.5734079415891578,0.3977705135843772,3.3104999740900984,-2.794377016380329,0.05800638196907415,2.8605707315043833,-2.6173660150507896
20.516574947000002,0.0538345686876522,2.777967330188821,-2.562532241116775,0.3910306779721035,3.3080156474959987,-2.7832088488383446,0.051809320499158734,2.8569384193145084,-2.6061978475088052
20.549588902,0.048336450502697,2.77428675994856,-2.5516572994595195,0.3763164950897148,3.302291782939782,-2.7586231606706964,0.03833295957944105,2.8487130014092714,-2.581612159341157
20.56629334,0.04288428144883,2.7705493930878724,-2.5407924100276,0.373193844553228,3.301033414802515,-2.75336319701381,0.03548068589775477,2.8469244345006346,-2.5763521956842705
20.582994783,0.0374694734709817,2.766750471130778,-2.5299212969467075,0.3671171731217134,3.2985115306575272,-2.743107929843335,0.02994303971783427,2.8433719269195956,-2.5660969285137956
20.583376400000002,0.0320956055982171,2.7628928509767285,-2.519040977076233,0.3669795576459109,3.2984532675978877,-2.742875327703281,0.029817833993930037,2.843290341810657,-2.5658643263737417
20.599871540000002,0.0267643470015621,2.758977007539193,-2.5081645059441176,0.36106203499713696,3.295925477887895,-2.7328663910928563,0.024437889703666782,2.839760045144602,-2.555855389763317
20.632909159,0.0214754603202016,2.755002941092181,-2.497279950378635,0.3430523185865929,3.2877935272718877,-2.7020855105258494,0.008141525118945475,2.828583864789434,-2.52507450919631
20.649563251,0.0162291844135794,2.7509716050350668,-2.486398342899039,0.3371514597554685,3.2849818928657974,-2.6919172049012303,0.0028279659293340143,2.824777092965846,-2.514906203571691
20.666239166,0.0110262340569555,2.746882521706557,-2.4755261889443827,0.3340111902491292,3.283447564002155,-2.6864478128213847,6.941976347291101e-06,2.822713774887864,-2.5094368114918453
20.682949555,0.0058694740210415,2.742739025667011,-2.46466157631706,0.33098254033891245,3.281964802173243,-2.6811681633781523,-0.0027132868415135625,2.8207208729589137,-2.504157162048613
20.683305684,0.0007589026713343,2.7385392095686405,-2.4537979559112117,0.33087576473933356,3.281911411738705,-2.6809822444192104,-0.0028089925914153158,2.820649514871766,-2.503971243089671
20.699860998000002,-0.0043085780609306,2.7342845074945816,-2.442942056294997,0.32450198082525383,3.2787018262726177,-2.6698821644917086,-0.00851801269915825,2.8163677337404045,-2.492871163162169
20.732954935000002,-0.0093248649475851,2.7299734795921107,-2.4320868646981912,0.31045592004878697,3.271309826985867,-2.645103687518267,-0.021042952684696914,2.806617895016088,-2.4680926861887276
20.749571395,-0.0142935249305837,2.725612328860532,-2.4212685008476265,0.30751834664673205,3.269717988160441,-2.639860997858605,-0.02365432096013964,2.804533657968964,-2.4628499965290658
20.766242711,-0.0192179036101639,2.7211953371058115,-2.410439892055753,0.30174917133433804,3.2665146542708787,-2.629619155395633,-0.02876928065657708,2.8003644950917215,-2.452608154066094
20.76652073,-0.0240949001930553,2.716723454429036,-2.399602059393656,0.3016526495201094,3.266460420132107,-2.629447327952068,-0.028854744276259447,2.8002941120529896,-2.4524363266225286
20.783160466,-0.0289223643691632,2.7122009698888787,-2.388762064889549,0.2940988715603832,3.262138166898447,-2.6159331120294507,-0.03552939281349443,2.794709266362631,-2.4389221106999113
20.816235005000003,-0.0337000586642916,2.7076264526994858,-2.3779194457015023,0.28174247748247283,3.254783063664236,-2.593565656511606,-0.046397565083660997,2.785293277317369,-2.4165546551820665
20.816643333000002,-0.0384303694958791,2.7029984750987746,-2.367080882479057,0.2816728199336828,3.2547405402291685,-2.5934387152446954,-0.04645864632295421,2.7852391524724287,-2.416427713915156
20.833231400000003,-0.043109956741296,2.6983189405868573,-2.356239308215278,0.2757646209152574,3.251089276928589,-2.5826105243957933,-0.051631582373121265,2.780604578926528,-2.405599523066254
20.866316880000003,-0.047736433189348,2.693590230599729,-2.3453917313074104,0.2677024905822014,3.2459723705361965,-2.5677825682995055,-0.05866671103960858,2.7741479822083135,-2.390771566969966
20.866652570000003,-0.0523119448616075,2.6888123476107832,-2.334540707508301,0.2649614465026586,3.244180669805391,-2.5626890959951583,-0.06104942758062354,2.7719016126839615,-2.385678094665619
20.883211131000003,-0.0568362554443686,2.683983383997785,-2.3236805622116763,0.25941011819368964,3.240511229634851,-2.552349804451966,-0.06586786850452642,2.767311986966978,-2.3753388031224265
20.91632231,-0.0613086478699868,2.6791047694467345,-2.3128251111861005,0.2485380096915793,3.233081212311304,-2.5318333618520104,-0.07526175654999206,2.7580836193919884,-2.354822360522471
20.916769622,-0.0657281684802627,2.674176979695696,-2.3019660364563257,0.24846442230142105,3.2330297939719084,-2.5316937277969656,-0.07532513993804707,2.7580200466326086,-2.354682726467426
20.933332731,-0.070092905378126,2.6692033504036297,-2.2911132640465515,0.2457187232387142,3.231110616755953,-2.5264831579560454,-0.0776899916370824,2.755647372830595,-2.349472156626506
20.966313933000002,-0.0744030977897549,2.664183405008689,-2.280263569587081,0.23498798509170066,3.2233620897862156,-2.5059018648749536,-0.0868886325727134,2.7461303661416276,-2.328890863545414
20.982926216000003,-0.0786575527837803,2.65911809581075,-2.26941211405753,0.22982942875902176,3.2195150120450786,-2.4958701337250417,-0.09128915895466105,2.741435041004264,-2.3188591323955023
20.999591931,-0.0828553158326595,2.6540078985472246,-2.25855942267856,0.22448260446435023,3.2154430762944215,-2.4854386781533098,-0.09583541668874596,2.7364852196528573,-2.3084276768237704
21.016255361000002,-0.0870004426985252,2.648850433705437,-2.2477005367182725,0.21922222521862303,3.2113494450042657,-2.4750710022760494,-0.1002927598025466,2.7315292637093007,-2.29806000094651
21.032943558000003,-0.0910864921416366,2.6436495085608502,-2.236831175188169,0.21405736876360743,3.207243513119276,-2.46480813988644,-0.10465390673698916,2.7265780197987977,-2.2877971385569005
21.033277575,-0.0951172794342771,2.638404173836196,-2.225972268202053,0.21395399164163675,3.207159876846705,-2.4646013071476833,-0.10474094118121674,2.726477486913857,-2.287590305818144
21.066232176,-0.0990911363544493,2.6331144276084024,-2.21511831555928,0.1988979058135339,3.1946766211024467,-2.4341341688493117,-0.1173636144609419,2.71153809222354,-2.2571231675197723
21.066489306,-0.1030080608161304,2.627781223550413,-2.20426629361897,0.1988196641672201,3.1946103700767785,-2.433974700980608,-0.11742896752057586,2.7114590989882825,-2.2569636996510685
21.083218542,-0.1068682918248387,2.6224045619374667,-2.193422256246905,0.1938035962770312,3.19027471462886,-2.4236619254051215,-0.1216031992194071,2.7063079209709238,-2.246650924075582
21.116240792000003,-0.1106634718990522,2.616996354073268,-2.1826420956296926,0.18637079659656441,3.18367021056631,-2.408230109891364,-0.1277568826885757,2.6984977887848802,-2.2312191085618247
21.116608031000002,-0.1144107910155947,2.6115346852476566,-2.171833234483452,0.18631606022128142,3.1836208845885876,-2.408115757477229,-0.12780207805979682,2.698439595131639,-2.2311047561476895
21.149592600000002,-0.1180966442202194,2.6060324143915388,-2.161036032462945,0.176630522040495,3.174711652605577,-2.3877351368833164,-0.13576746458249145,2.687964067368197,-2.210724135553777
21.149934932,-0.1217241337016448,2.600488114567617,-2.150262184858192,0.1765798836698722,3.174664101315382,-2.3876277995530106,-0.13580893848406989,2.687908342281688,-2.2106167982234712
21.18292989,-0.1252899147432745,2.5949079808078426,-2.139522525436796,0.1670450585855501,3.16552624654655,-2.3672871638856128,-0.1435857091451629,2.677234302875276,-2.1902761625560734
21.183217669,-0.1287841879909984,2.5893120289919063,-2.1287819414769595,0.16700361231539854,3.165485703489183,-2.367197965934915,-0.1436193686444025,2.6771870951331023,-2.1901869646053758
21.199807479,-0.1322320424958753,2.583652604289812,-2.117950858756648,0.16458973872041313,3.163123420063888,-2.3620011780204226,-0.1455795541248826,2.674436669421307,-2.1849901766908832
21.232913789,-0.1356155621470797,2.577960203649724,-2.107212925675893,0.15538605281244117,3.153839483189477,-2.3416897565531283,-0.15300463653643537,2.663677140186145,-2.164678755223589
21.233194754000003,-0.138935938100503,2.5722357821194493,-2.0964404894758863,0.15480409524443706,3.1532354514020144,-2.340397439405413,-0.1534711378857076,2.662980070962646,-2.1633864380758734
21.249767121,-0.1421967533733872,2.566473144941751,-2.085672698775386,0.14619219925515592,3.1441790067414495,-2.321125906468046,-0.16035373610650505,2.6525486863876653,-2.1441149051385064
21.266506636000003,-0.1453824797658739,2.560699453954816,-2.0749289028489377,0.1439282837943274,3.1417253921193886,-2.315955667221453,-0.16215022430198778,2.649734762420878,-2.1389446658919136
21.283155649,-0.1485236993687732,2.5548584775855496,-2.0640582389719846,0.14105850310345894,3.1386007717528486,-2.3093921012969414,-0.16442495462273338,2.6461536319266683,-2.132381099967402
21.299794913000003,-0.1515984343289098,2.548987383825592,-2.053294651103004,0.13290025959712032,3.1294744828490484,-2.2904074466438695,-0.17084869020741417,2.6357333772559586,-2.11339644531433
21.316443425000003,-0.1546062049169614,2.5430899868212022,-2.0425060822923524,0.1285606221902737,3.1244714648631353,-2.2802176319138425,-0.17423954646236772,2.6300443759685166,-2.103206630584303
21.333383332,-0.1575424673259773,2.5371772485976165,-2.031739987367138,0.12637631075098207,3.1219009530214175,-2.274993996008483,-0.17593709028975202,2.627129398687929,-2.0979829946789437
21.349911815000002,-0.160424670211534,2.5312110422680463,-2.020905181199796,0.12425918573881821,3.1194088405144655,-2.2699298183988716,-0.17758230270474512,2.6243034264350595,-2.0929188170693322
21.38289482,-0.16324372818263,2.5252137687218843,-2.0101396205133684,0.11586098989728709,3.1092102346190273,-2.249426231999421,-0.18405341899920474,2.6127853576079185,-2.0724152306698818
21.399586154,-0.165937260432172,2.519318870552081,-1.9998616239965663,0.10973678468513946,3.1014838109841025,-2.2342597127866606,-0.1887213988996469,2.6041012643728196,-2.057248711457121
21.399906274000003,-0.1686869032687593,2.5131460408071646,-1.9895383317529345,0.10969700282738858,3.1014329030991754,-2.234160835361691,-0.18875159487141424,2.6040441468427358,-2.0571498340321517
21.432953522000002,-0.1713107657494064,2.507087983920241,-1.9792726577746196,0.10160670713643163,3.090866120825391,-2.214411648402036,-0.19485479066678796,2.5922178721515237,-2.037400647072497
21.433324809000002,-0.1738733981956226,2.5009931399737337,-1.9687944808105584,0.10156174526644561,3.090806176375158,-2.21430072913384,-0.1948884944787262,2.5921509471193813,-2.0372897278043007
21.449833374,-0.1763755138881367,2.494861509790563,-1.958230120833612,0.09953559695512183,3.0881033119929655,-2.2092975786098537,-0.1964070408658537,2.5891335360240637,-2.0322865772803143
21.482893877000002,-0.1788116176643835,2.488704531135754,-1.947584545224588,0.09189606735169013,3.077595739427874,-2.189622329962247,-0.20207694018031053,2.5774449203859184,-2.0126113286327074
21.483146949,-0.1811814712656089,2.4825212500601213,-1.936869577232209,0.09183877562501362,3.077516099284322,-2.1894734027225793,-0.2021193130110957,2.577356436276487,-2.01246240139304
21.499859353,-0.183484832426486,2.4763150041467537,-1.9261033189870684,0.08614458759365727,3.069373838506711,-2.1742908600574635,-0.2062907710400808,2.5683387244924765,-1.9972798587279241
21.51644207,-0.1857214663554333,2.4700829321000493,-1.9153102542036216,0.08418847015010346,3.0665339525975863,-2.1689968762690217,-0.2077162529763213,2.565198764511956,-1.9919858749394823
21.549612252000003,-0.1878894605495909,2.463829323253022,-1.9044975182147392,0.07511671784478151,3.0528374185841787,-2.143554551413639,-0.21423445760832555,2.550118819477412,-1.9665435500840998
21.566242539,-0.1899890541176582,2.4575537010437367,-1.893665302009537,0.07332784011706683,3.0500628841973962,-2.1384196984244292,-0.215506820670389,2.5470726387824354,-1.9614086970948899
21.582903835,-0.192020007715978,2.4512565420339527,-1.8828191049391363,0.06809321418617871,3.0416979888837914,-2.1231386009344977,-0.21918669423909998,2.5379166946605984,-1.9461275996049583
21.583342941,-0.1939827986507146,2.4449378467736222,-1.8719637733336647,0.06804634462094272,3.041621908945123,-2.122999609758291,-0.21921943467040977,2.5378335503440708,-1.9459886084287517
21.599946969,-0.1958767118646586,2.4385971376012394,-1.8611082414764613,0.06562127130862783,3.037659948371196,-2.1157609295106665,-0.2209089608034444,2.5335064712362607,-1.9387499281811271
21.616522982000003,-0.1977007906931555,2.432237274438882,-1.850239648520136,0.06122474952590768,3.030290314401199,-2.102369703300935,-0.2239390797402513,2.5254778170609664,-1.9253587019713958
21.63317455,-0.1994557471869593,2.425861119132069,-1.8393723499777423,0.05840322052963826,3.0254455101162008,-2.093652886290857,-0.22586340846004765,2.520211878073958,-1.9166418849613178
21.666235093,-0.2011192628164115,2.419595007887384,-1.8297299893838883,0.05131429695074604,3.012835840849833,-2.0739443446844694,-0.23062115113820486,2.50655096737507,-1.89693334335493
21.666559782,-0.2026663870673884,2.413574333789386,-1.8215040222782608,0.05128140611328695,3.0127760802379306,-2.073893574236462,-0.2306430049062826,2.506486348873505,-1.8968825729069225
21.699589175,-0.2041327981888045,2.407663716118711,-1.814451208724204,0.044791376388535545,3.000855134038113,-2.0650580227832203,-0.23493248771231756,2.4936088576044795,-1.8880470214536809
21.700023202,-0.2055632094228162,2.4017516264424,-1.808323776579444,0.0447493991563024,3.000777228572498,-2.065008236741826,-0.23496009080266572,2.4935247777674086,-1.8879972354122865
21.716561484,-0.2069770113621235,2.3957703761882816,-1.802973428112072,0.043129326674140246,2.9977698661402257,-2.0630917794254247,-0.23602528805836848,2.4902791316910555,-1.8860807780958853
21.749610225,-0.2083856669510733,2.3897037660942915,-1.7983180000824508,0.035503343739864024,2.9834070406211155,-2.0551091184126626,-0.2410029883240109,2.474797889083574,-1.8780981170831232
21.749992964,-0.209787046322063,2.3835365349070337,-1.794307431370018,0.03546809158830687,2.9833400288610363,-2.055073878217481,-0.24102588966858357,2.474725716938012,-1.8780628768879417
21.766527729,-0.2111897411761026,2.377262493641497,-1.790881254097055,0.0339451580964409,2.9804450437533063,-2.053551461254803,-0.24201525409367253,2.471607797242286,-1.8765404599252635
21.783178265,-0.2125956487069273,2.370890227559037,-1.7879809725545306,0.027952238878121725,2.968927129692623,-2.0476172273655173,-0.24588636318688045,2.4592145757299,-1.870606226035978
21.799865681,-0.2140040322400482,2.364438809309334,-1.785520213146096,0.02489947853002342,2.9629973456297853,-2.044827014198021,-0.24784725813795738,2.4528398933248194,-1.8678160128684818
21.816520915,-0.215406738744124,2.3579478070061297,-1.7833528287058416,0.021932084052638315,2.9571972385699707,-2.042560234672588,-0.24974695568314292,2.4466078935553597,-1.8655492333430486
21.849655870000003,-0.2168013635055343,2.351435337701663,-1.781376053877458,0.017400072840724916,2.9482766967073983,-2.039502376953875,-0.25263735056927084,2.4370287072564585,-1.8624913756243355
21.850015596000002,-0.2181862337410083,2.34490521416747,-1.7795241903161718,0.017367814943192936,2.948212986287643,-2.03948131840996,-0.2526578857734333,2.436960312118264,-1.8624703170804207
21.866530503,-0.2195618187190663,2.3383636358317736,-1.777755116081082,0.015886865059789215,2.9452880610467833,-2.038514527312538,-0.2536006505081737,2.4338203129340763,-1.8615035259829984
21.88315026,-0.2209276371361696,2.331814416839652,-1.7760305780115635,0.009869548065863347,2.933321688252057,-2.0349477191492227,-0.2574168079142901,2.420981343959914,-1.8579367178196833
21.899864918000002,-0.2222774593904567,2.325284252909461,-1.7743016888698255,0.00835809663935709,2.9302961914567502,-2.0340915403664637,-0.2583718881367395,2.4177369737526497,-1.8570805390369243
21.932899131000003,-0.2236242319081166,2.318711170091313,-1.7727230535866176,0.0038239367926904575,2.9211936730082044,-2.031550600845148,-0.2612323541780336,2.4079782760092083,-1.8545395995156086
21.933218469,-0.2249576409431006,2.3121485622948903,-1.7710152761148747,0.0015895948800901801,2.916684330190195,-2.030407588807634,-0.26263774171758003,2.40314595334858,-1.8533965874780947
21.949861871000003,-0.2262760065530355,2.3056059643334046,-1.769359206961677,-0.0020071225198427752,2.909401413608418,-2.028393692705949,-0.26489582357953123,2.3953434975623016,-1.8513826913764095
21.982925861000002,-0.2275838866414146,2.29905906274909,-1.7676480817933866,-0.004947746242194408,2.9034178423471917,-2.02676931730998,-0.26673686282111053,2.3889356143372735,-1.8497583159804405
21.999611093000002,-0.2288925497494806,2.292453511057798,-1.7659294696311103,-0.007829528304780148,2.8975296201730734,-2.025138291577594,-0.2685367696749861,2.382631951628547,-1.8481272902480548
22.016246680000002,-0.2301830566889936,2.2858794097131496,-1.7643817909028114,-0.01086995359079886,2.8912911994940815,-2.0233964647391476,-0.2704311750802798,2.375955627291883,-1.8463854634096082
22.016651291000002,-0.231443166324844,2.279407316552526,-1.7631420795426525,-0.0109411044849051,2.8911446338217237,-2.0233591267028963,-0.2704754057336737,2.375798822970048,-1.846348125373357
22.04959401,-0.2327272933122043,2.272784093594149,-1.761754566732155,-0.016677919438709686,2.879303129169254,-2.0206458775346388,-0.2740374318980312,2.3631321640635687,-1.8436348762050994
22.06626267,-0.2339764590417046,2.2662914838083106,-1.7604633949315218,-0.019594034213738842,2.8732535798837535,-2.01929708663254,-0.27584272721590153,2.3566636494926554,-1.8422860853030008
22.082914238,-0.2352376710761886,2.2596915994744475,-1.7590890797858971,-0.02246584378351096,2.867275808038818,-2.018007566712379,-0.27761704877422966,2.3502735924160096,-1.8409965653828397
22.099600762,-0.2364823921862578,2.2531265052688414,-1.7576776412991408,-0.025374562743223205,2.861200878797182,-2.016684504136184,-0.2794105947332073,2.34378139678044,-1.8396735028066447
22.116260455000003,-0.2377338911160934,2.24647129659328,-1.7562111427569742,-0.02820974001854312,2.855258874142616,-2.0153163881254015,-0.28115515457360984,2.337432998520987,-1.838305386795862
22.132913445,-0.238962426977477,2.23988186502172,-1.7549893772032037,-0.031124722141570454,2.849127503998809,-2.0138558883755326,-0.2829449272607546,2.3308841410369454,-1.8368448870459932
22.133239827,-0.2401859710476312,2.233279076247498,-1.753788417195801,-0.031181404681425082,2.849008106100586,-2.0138295165095688,-0.28297969955730706,2.3307566276815,-1.8368185151800294
22.149901715000002,-0.2414004481169488,2.226681999072584,-1.7525154353510215,-0.034214905931449775,2.8426041156183417,-2.0125777359853423,-0.28483813425150994,2.323918539906547,-1.835566734655803
22.182921831,-0.2426097119307407,2.2200586898270727,-1.7513502174795188,-0.04117750061430414,2.8278249132265714,-2.009642611015215,-0.28908949309426013,2.3081442413153326,-1.8326316096856754
22.183277799000003,-0.243810860241288,2.2134430006274526,-1.7502398754740294,-0.04120828136355737,2.8277593337854277,-2.0096302180477963,-0.28910824511907784,2.308074266468491,-1.832619216718257
22.19982104,-0.2449640856485468,2.207034203656452,-1.7486986826671926,-0.04411080497368721,2.8215661550581435,-2.008494371789898,-0.29087487021065184,2.301466759991667,-1.8314833704603588
22.216504088,-0.2461624908615222,2.200316468075385,-1.7478854915302773,-0.04820769321745966,2.812792739497112,-2.0065321376269916,-0.2933628483655819,2.2921090210238875,-1.8295211362974522
22.249603194000002,-0.2473440879133483,2.193701233178684,-1.747476694226522,-0.05249320862055592,2.80357394379549,-2.0055422398671974,-0.295958080140732,2.282279646247653,-1.828531238537658
22.249901242,-0.2485209109187176,2.1870907611542543,-1.7466788697626858,-0.05251882683101762,2.803518776426306,-2.0055385597233917,-0.2959735837361024,2.2822208298395634,-1.8285275583938523
22.266525808,-0.249692743363835,2.1804664550908326,-1.7457352506191026,-0.0543982579170852,2.7994699439215247,-2.0052023087540993,-0.29711069651049304,2.277904317312376,-1.82819130742456
22.283183538000003,-0.250844221989087,2.1739179427265287,-1.7446453962130466,-0.059569346774031966,2.7883027728721594,-2.003613062644809,-0.30023457848158774,2.266001072769694,-1.8266020613152696
22.316274729,-0.2520106410865043,2.1672330720641906,-1.744067675422719,-0.06376745146936282,2.7791970564080737,-2.0022396932975806,-0.3027636772970662,2.25629840228478,-1.8252286919680412
22.332894476,-0.2531691233946268,2.160608273775668,-1.743562614237603,-0.06519195286588284,2.7761027547428334,-2.001950427592532,-0.3036210504177105,2.2530016131868553,-1.8249394262629925
22.333285301,-0.254321653638718,2.1539748855528718,-1.7427799876616046,-0.0652389852784199,2.77600050808035,-2.001941825787166,-0.3036493435038272,2.2528926823413795,-1.8249308244576268
22.366246936000003,-0.2554698971905952,2.1473381545265218,-1.7420038266334172,-0.07217551738564183,2.7608907574729185,-2.000302104087492,-0.30781684141637344,2.2367975898519834,-1.8232911027579526
22.366551005,-0.2566133736293585,2.140699987493348,-1.74125066709979,-0.07220157928367776,2.7608338542397566,-2.0002951761303756,-0.307832476101502,2.236736986575715,-1.8232841748008362
22.383438983,-0.2577520848295687,2.1340594307802463,-1.7405091159868735,-0.07413312680668294,2.7566144011550766,-1.9997815036184932,-0.3089908467143653,2.232243342431961,-1.8227705022889538
22.399845814000003,-0.2588752754957296,2.127438406515024,-1.738463581208978,-0.07780311352200746,2.7485796911018547,-1.998804492999934,-0.3111886711540236,2.223687938533696,-1.8217934916703946
22.432929512,-0.2599664509737029,2.1208750426839167,-1.7351769225124338,-0.08205272470766443,2.739226920952754,-1.9946141270508138,-0.3137249684341268,2.213733005043305,-1.8176031257212744
22.449598042,-0.2610271242970732,2.114298292246821,-1.730772557524893,-0.08479896935547984,2.733104763833939,-1.990333837272293,-0.31535026257140275,2.207222929281807,-1.8133228359427536
22.449987714000002,-0.2620625933935162,2.107662861749787,-1.7254432823867647,-0.0848625633071921,2.7329619880728524,-1.990226207523686,-0.3153877217222021,2.207071186339072,-1.8132152061941467
22.466505487000003,-0.2630613786192125,2.100999255559965,-1.7195109337014003,-0.08783607562925255,2.7262407417612455,-1.9847922836908483,-0.31713123988358494,2.199931363376865,-1.8077812823613089
22.499596218,-0.264019179574633,2.094315574957611,-1.713191667285772,-0.09416592015705387,2.7115435831373964,-1.9701616306828038,-0.32077418259060886,2.1843492463257688,-1.7931506293532644
22.499939031,-0.2649338432200772,2.087617539511111,-1.7066250223526942,-0.09419335374520077,2.7114785668925125,-1.9700919021078285,-0.32078973892780915,2.1842804152700577,-1.793080900778289
22.516522599,-0.2658046552032088,2.0809046715594888,-1.6998946978525442,-0.09600529285977945,2.7071618295790096,-1.9654297341337568,-0.3218132394912957,2.179712068634209,-1.7884187328042174
22.549586028,-0.2666306591832136,2.0741788773505565,-1.6930537834953874,-0.10187552720246214,2.69273629724389,-1.949281325591456,-0.32505158383973476,2.16447826542324,-1.7722703242619167
22.549898994000003,-0.2674104234254683,2.067441585746355,-1.6861377746960946,-0.10189917116421984,2.69267682953701,-1.949213486387971,-0.3250643867970219,2.1644155635143862,-1.7722024850584317
22.566526566,-0.2681434658183802,2.060697087728612,-1.6791590261897331,-0.10316390895944305,2.6894949041617666,-1.9455831063751434,-0.3257490632258675,2.161060652342378,-1.768572105045604
22.599610714,-0.2688300247003887,2.0539458604093204,-1.672136806617525,-0.10799241715013795,2.6769553375823145,-1.9311522444147977,-0.32829405507263043,2.147866781119419,-1.7541412430852583
22.600039882,-0.2694677167871868,2.047186470529392,-1.6650564114503172,-0.10805324602075259,2.676793739037769,-1.9309658877476243,-0.3283254778807163,2.1476969964080004,-1.753954886418085
22.616518911,-0.2700572488357891,2.0404270251401653,-1.6578875973708056,-0.11036170986266737,2.670596822676407,-1.9237978672258818,-0.329506667581953,2.1411904175382075,-1.7467868658963424
22.633212879000002,-0.270597302752309,2.0336737217537006,-1.6508057463474184,-0.1138211554925109,2.6610256844169795,-1.9126323416221362,-0.3312266940850751,2.1311596667948445,-1.7356213402925968
22.666278612000003,-0.2710809656261003,2.0270290720264628,-1.6429068345982496,-0.11824104423012528,2.6483019987177747,-1.8973494021062445,-0.33333703021568273,2.11785650643195,-1.720338400776705
22.682956139,-0.2715188736721105,2.020258007777747,-1.6354067500353848,-0.11933057634031152,2.6450835877633936,-1.8930906452863008,-0.3338428139753591,2.114496531420308,-1.7160796439567614
22.683355119,-0.2719048042664318,2.013491651993424,-1.6278287201735375,-0.1193709162677886,2.6449620193656282,-1.8929399908390003,-0.33386111682331554,2.114369759219725,-1.715928989509461
22.69977761,-0.2722387808583427,2.0067266669264616,-1.6202900138199858,-0.12142045690855835,2.6387431360177933,-1.8854094724926265,-0.33478356102530293,2.1078871498973637,-1.708398471163087
22.716481327,-0.2725187454035983,2.0000358868674675,-1.6121858025316782,-0.12551915897011895,2.625800757115073,-1.869593997338324,-0.33653921994490166,2.0944252706819997,-1.6925829960087846
22.749577408,-0.2727438310522081,1.993273875708571,-1.6043300671067169,-0.12747352771280615,2.619359083887693,-1.8610672500902172,-0.3373287487252351,2.0877401113379177,-1.6840562487606778
22.749845589000003,-0.2729149261008523,1.9865613933420283,-1.5961760029184662,-0.12748922291375042,2.6193073274193304,-1.860998649232009,-0.3373350849828488,2.0876863998569335,-1.6839876479024696
22.782937272,-0.2730317286207441,1.9798443184172132,-1.5878573796208018,-0.13211762597214288,2.6031776210752593,-1.8400771466824288,-0.33905091767254436,2.070993723025524,-1.6630661453528894
22.783303019,-0.2730926390543859,1.9730968999469969,-1.579576227898524,-0.1321374293701846,2.603105850854165,-1.8399815999623668,-0.3390577737511742,2.070919587113877,-1.6629705986328274
22.799991907000003,-0.2730965843390827,1.966393523258061,-1.5710718713605925,-0.13466395925275876,2.5937455010735895,-1.8278150256295946,-0.339896579196694,2.0612606064902903,-1.6508040243000552
22.83289458,-0.2730397137673209,1.9596762482003511,-1.5625387506457489,-0.13645702768894538,2.5867975869514788,-1.8185057318004993,-0.3404381850995706,2.0541055196207236,-1.64149473047096
22.849628674,-0.2729270543085887,1.952959385677392,-1.553896106156964,-0.13882766547492195,2.577133888587375,-1.8056172413054519,-0.34107011828671485,2.0441753811508097,-1.6286062399759125
22.849990263000002,-0.2727545455567438,1.946247937803274,-1.5451523700721828,-0.13884458122502547,2.5770631491310962,-1.8055223595634171,-0.34107431334397864,2.04410276837803,-1.6285113582338777
22.866563341000003,-0.2725226576986901,1.9395473887510275,-1.5363055002823058,-0.13961989807894873,2.5738208753711356,-1.8011735477590918,-0.3412665896887962,2.040774632989298,-1.6241625464295524
22.883202796000003,-0.2722306765465617,1.9328572608597971,-1.5273497849449529,-0.1425734761501174,2.5607070447725913,-1.7834598792574141,-0.34186482725048506,2.0273456237849823,-1.6064488779278747
22.899912394,-0.2718797936485289,1.9261782707590585,-1.5183154944437895,-0.14395575951589032,2.5541643172493043,-1.7746018672416932,-0.3420734153658741,2.0206617265875844,-1.5975908659121538
22.916545717,-0.2714791884659887,1.9196129490864184,-1.5104262362804357,-0.1452953392141049,2.5475320969119664,-1.7655286834415644,-0.34222420846648094,2.0138972545600216,-1.588517682112025
22.933235778,-0.2710530751796179,1.9132535918017173,-1.5037950466657846,-0.14661708539407492,2.5407393531845606,-1.7604337000512604,-0.3423291804539358,2.006977907683883,-1.583422698721721
22.949848292000002,-0.2705939572870922,1.9069821729907308,-1.4981762578586133,-0.14788604161065713,2.534054186429625,-1.7563322759645956,-0.34240113037351716,2.000173752510023,-1.5793212746350562
22.966605491000003,-0.2701048296652372,1.900685208785078,-1.493345752305835,-0.14850312438615082,2.530734409345755,-1.7545206855048248,-0.34242399772897636,1.9967971879656297,-1.5775096841752854
22.999616359,-0.2695883472520048,1.894332423066208,-1.4892027463196795,-0.1508593366348416,2.517812841155828,-1.7478852781727694,-0.34246805877444475,1.9836626259526775,-1.57087427684323
22.999965835,-0.269037857815407,1.887903542574044,-1.485673403935572,-0.1508716625601217,2.5177439529212147,-1.7478517295243323,-0.34246806170362853,1.9835926436885418,-1.570840728194793
23.016592615,-0.2684607695949677,1.8813847475599892,-1.4827013525241532,-0.15146432482633398,2.514430319283791,-1.7462389716544164,-0.3424679719221504,1.98022642675602,-1.569227970324877
23.049758479,-0.2678639710801915,1.874798695743568,-1.4801838935092544,-0.15425526651975544,2.498331539130593,-1.739231832437337,-0.3423805003865723,1.9638877479022216,-1.5622208311077976
23.050119346000002,-0.2672488501827457,1.868180674698405,-1.4779677563691855,-0.15426741433962754,2.4982600985571954,-1.7392059327908447,-0.3423798785569371,1.963815284543323,-1.5621949314613053
23.066493966000003,-0.266619444415573,1.8615449942020157,-1.475950509480734,-0.1552901975366408,2.4922064884501176,-1.7371194104935963,-0.34232071164566324,1.9576761657080812,-1.560108409164057
23.099634041,-0.2659764627902785,1.854897377121161,-1.4740717668342764,-0.1569996352723948,2.481932420548025,-1.7339528904237946,-0.34219429762504905,1.947261624521614,-1.5569418890942552
23.116267444,-0.2653203767104457,1.8482423539552773,-1.47227670550026,-0.15807013133463768,2.4753922468739087,-1.732136317926538,-0.34209641999789964,1.9406351432927127,-1.5551253165969987
23.133057556,-0.2646521353036458,1.841583502079559,-1.470533208424667,-0.15967076315353282,2.4654664134714497,-1.729505750277042,-0.3419242201575412,1.9305825546625135,-1.5524947489475025
23.149582482000003,-0.2639722159863724,1.834920583625414,-1.4688154385834276,-0.1602026974366359,2.4621425402343142,-1.7286374624441176,-0.3418625482317822,1.9272169516033784,-1.5516264611145782
23.149931577,-0.2632803778581018,1.8282562209210755,-1.4671127802559911,-0.16021518952889277,2.462064307732202,-1.7286171910093389,-0.34186106931745197,1.9271377418213556,-1.5516061896797995
23.166503784000003,-0.2625775740672758,1.821590176646724,-1.4654204596815752,-0.16127174118929702,2.4553890348967653,-1.7269422642772048,-0.34172567582722835,1.9203807278772063,-1.5499312629476654
23.183217209000002,-0.2618618982179277,1.8149219717674172,-1.463730828785141,-0.162317138285811,2.4487118299087647,-1.7252673642265943,-0.3415789618406696,1.9136237761571384,-1.548256362897055
23.199845773,-0.2611354935294879,1.80825375452209,-1.4620447899349622,-0.16406602029537243,2.4373679694745247,-1.7224262000803492,-0.3413029980511527,1.9021492129052424,-1.5454151987508098
23.216636957000002,-0.2603964531197278,1.801585284294061,-1.4603555521491145,-0.16533369517770957,2.4290202658593087,-1.7203371039708033,-0.3410809337500892,1.8937087246076976,-1.543326102641264
23.249561160000003,-0.2596466824662304,1.7949177553734652,-1.458664715586224,-0.1673079935388439,2.415769638814983,-1.7170594863815847,-0.3406911051966519,1.8803174959566173,-1.5400484850520453
23.249805826000003,-0.258884992696291,1.7882487822024469,-1.4569792697872987,-0.16732268871895734,2.4156704388376027,-1.7170346851987048,-0.34068810282337947,1.8802172583908767,-1.5400236838691654
23.282884413,-0.2581120963397765,1.7815807497896312,-1.4553015625332104,-0.16877438845364137,2.4057206643266302,-1.7145835343637899,-0.34036508230595686,1.870167327909316,-1.5375725330342505
23.299580526,-0.2573275192379529,1.7749112734011578,-1.4536337580994143,-0.16925921235189942,2.4023719522877927,-1.713746726387149,-0.34025266230594864,1.8667855697460265,-1.5367357250576097
23.299919432000003,-0.2565312598288528,1.76824154512899,-1.4519623859133657,-0.16927860098227815,2.402236464638882,-1.7137136025004596,-0.3402478902189757,1.866648785064204,-1.5367026011709202
23.316483883,-0.2557233177835359,1.7615715649728807,-1.45031281381456,-0.17061722673031596,2.3928488520152937,-1.7114186906882507,-0.3399125525640566,1.8571721433425257,-1.5344076893587113
23.349605192000002,-0.2549056001303055,1.7549025272241268,-1.4487173659534764,-0.17253485194779242,2.379137284752963,-1.7081013434233903,-0.33938577034427164,1.8433371563979337,-1.5310903420938509
23.349881519,-0.2540771543214091,1.748232761853984,-1.4471501881754762,-0.17254248984152745,2.379082002442557,-1.7080884000212198,-0.339383554336082,1.843281392963927,-1.5310773986916804
23.382926232000003,-0.2532382166235616,1.7415641764846537,-1.4456272589172163,-0.17479210555471525,2.3625773080918107,-1.7043268514273109,-0.3386917387068342,1.8266384636062774,-1.5273158500977715
23.383161991,-0.2523892673115882,1.7348939106447927,-1.444139989930016,-0.17480524774909512,2.3624799983958065,-1.704305067694209,-0.33868754047013727,1.8265403602474244,-1.5272940663646697
23.416266387,-0.2515305399042015,1.7282262561408095,-1.4427026038003472,-0.1756997328016119,2.355783045023137,-1.7028415104617443,-0.3383887950734078,1.8197905425333807,-1.5258305091322049
23.416749217000003,-0.2506622782450424,1.7215564448790368,-1.4412961977354606,-0.17572249364328119,2.3556109758282804,-1.7028054619213577,-0.3383809009311112,1.8196171541074424,-1.5257944605918183
23.449612194,-0.2497849535262321,1.7148890073587515,-1.4399351763736317,-0.1778702765239607,2.3392138729793377,-1.6994230559999224,-0.3376077892467698,1.803098066618574,-1.522412054670383
23.449926292,-0.2488980951266967,1.7082196514997314,-1.438604584737423,-0.17787853687740438,2.339149995420676,-1.6994104039637676,-0.337604672451311,1.8030337326343537,-1.5223994026342282
23.466449265,-0.2480026516826447,1.701551239420923,-1.4373172040374491,-0.17831306876528555,2.3357897474182354,-1.6987448497361646,-0.33744071493737193,1.7996494745866993,-1.5217338484066252
23.499586915000002,-0.2470991017690115,1.694883771673228,-1.436061860587603,-0.18001167817105895,2.3224481811685296,-1.6961379879642315,-0.3367634919202147,1.7862172732446369,-1.5191269866346921
23.516243703,-0.2461872064456658,1.68821629430695,-1.434847177963971,-0.18125503230525294,2.3125014046438754,-1.6943543917614408,-0.3362359092335545,1.7762069810789125,-1.5173433904319014
23.516590333,-0.2452676814818384,1.6815495234027542,-1.4336588692009469,-0.18126387985348816,2.312430150388863,-1.6943413861637522,-0.33623207150939816,1.77613528226553,-1.5173303848342128
23.549571214,-0.2443367597347804,1.6748772559075165,-1.4321683760765496,-0.18290022208003365,2.299121527475874,-1.6918819509598197,-0.33549935520263685,1.7627464740087686,-1.5148709496302804
23.549822423000002,-0.2434146621936037,1.6683368437939328,-1.4316126867244006,-0.18290649269790868,2.2990699844596323,-1.6918709784974375,-0.3354964517281652,1.76269463220124,-1.514859977167898
23.582968719,-0.2424703361554938,1.6616550240290375,-1.4304082558940774,-0.18450046917116597,2.285865903946238,-1.6900643256675325,-0.33474044032717964,1.7494161929118102,-1.513053324337993
23.583285102,-0.2415281819975219,1.6550483085281225,-1.4295959800910958,-0.18450823612307532,2.285801081490315,-1.6900528644378685,-0.33473667145473784,1.749351015677024,-1.513041863108329
23.599890051000003,-0.2405779406938613,1.648422510208163,-1.4287730980989335,-0.18498387136630146,2.2818266732596997,-1.6893877432690632,-0.3345050287426167,1.7453549562027293,-1.5123767419395238
23.632940776,-0.239622227847199,1.6417840693896375,-1.4279507512054532,-0.18686611583467197,2.265900261350852,-1.6875154245599875,-0.3335534108981434,1.7293459629799472,-1.510504423230448
23.649606661,-0.2386578800788291,1.6351177236601335,-1.4270540639780651,-0.18726216065142345,2.2625222499552295,-1.6871205996621104,-0.333348439774395,1.725950996216596,-1.510109598332571
23.666282885,-0.2376875688835888,1.6284532784074124,-1.4261545747542033,-0.18802754479898004,2.255947108460535,-1.6862552424539272,-0.3329440603682723,1.7193438201280928,-1.5092442411243878
23.666670905,-0.2367115361702708,1.6217888265598766,-1.4252732176357594,-0.18804545741438378,2.2557932207606277,-1.6862349752301995,-0.33293459530044145,1.7191891828154402,-1.50922397390066
23.699549711000003,-0.2357290655168628,1.6151246057108783,-1.424420992162872,-0.19032368632704655,2.2359185252791245,-1.6836517208873385,-0.33167752877575607,1.699223872118797,-1.506640719557799
23.716266814,-0.2347411112864372,1.6084601401228813,-1.4235822118934678,-0.19071646392342892,2.232441025180625,-1.6832281232659945,-0.33145182271012985,1.695731546540157,-1.506217121936455
23.716629265,-0.2337481497727914,1.6017961456009593,-1.42277153973213,-0.19072471801200577,2.232367914920538,-1.6832192387351803,-0.3314470739791162,1.6956581252240293,-1.506208237405641
23.749602411,-0.2327501803936313,1.5951335758191827,-1.4219774751097216,-0.1918386830101312,2.222453087797847,-1.6820160951758565,-0.3307977498457152,1.6857020671155367,-1.505005093846317
23.750003635000002,-0.2317467265190701,1.5884714765535994,-1.421210121195631,-0.19185672727588854,2.222291903300435,-1.6819968081808003,-0.3307871294921303,1.6855402238400434,-1.504985806851261
23.782915555000002,-0.2307380262995809,1.5818103249160622,-1.4204533888960864,-0.19405495331048692,2.2024021665402937,-1.6797486551089271,-0.32944866159131614,1.66557419444596,-1.5027376537793877
23.799733079000003,-0.2297240801907809,1.5751496440696593,-1.419725254855036,-0.19443299347504747,2.198935262143654,-1.6793796668257608,-0.3292103141515401,1.662094894091088,-1.5023686654962214
23.81623381,-0.2287053658839642,1.5684889577273782,-1.4190068732109131,-0.19479438897069334,2.1956198969665324,-1.679027653524133,-0.3289822663742993,1.6587676959946052,-1.5020166521945937
23.832965991000002,-0.2276818833556349,1.561828265889201,-1.4183147598784065,-0.19587356380952411,2.1856338277429717,-1.6779832885608617,-0.32828615081406454,1.6487476351166808,-1.5009722872313223
23.833445324000003,-0.2266545847633151,1.555168761746327,-1.4176333586709269,-0.1958841268709901,2.18553564310892,-1.6779733512926143,-0.3282792596787584,1.648649124645737,-1.5009623499630749
23.849960903000003,-0.225622041216415,1.5485087747207804,-1.4169724081437791,-0.19624808069040697,2.1821526586695934,-1.677630959388054,-0.32804182330457055,1.6452549133871956,-1.5006199580585147
23.866609905,-0.2245849668139175,1.5418497361478565,-1.4163201789944642,-0.19731313538626016,2.1721691872148865,-1.676638826030179,-0.32733226567293994,1.6352398960752037,-1.4996278247006396
23.899557263000002,-0.2235445532541655,1.5351918858198874,-1.415693580738813,-0.19872386972569808,2.1588088049400187,-1.675355835068304,-0.32636835252783436,1.6218398640843552,-1.4983448337387646
23.916234980000002,-0.2224998487177754,1.528533553708676,-1.41507298443185,-0.1990873420169309,2.155344793911335,-1.6750232107705099,-0.3261161743338358,1.6183659771155825,-1.4980122094409705
23.916697191,-0.2214510893703297,1.5218764090177206,-1.4144747515069611,-0.19910354407219752,2.155189645061963,-1.675008919625462,-0.32610480336099257,1.6182103995688961,-1.4979979182959227
23.933177893,-0.2203980384802989,1.515219497798978,-1.4138838321964622,-0.19979545251077727,2.1485551250979302,-1.6744051001892197,-0.3256176405066362,1.6115577110301276,-1.4973940988596803
23.949927137000003,-0.2193411718010778,1.5085635358571174,-1.4133142113786656,-0.20069563047410785,2.139862631319191,-1.673658388298759,-0.32497310820579617,1.6028425319400426,-1.4966473869692196
23.966521586000002,-0.2182804903378838,1.5019075695183852,-1.4127504594638334,-0.20151586423844436,2.131889212184046,-1.6729734951782458,-0.3243765013473312,1.594849268752252,-1.4959624938487064
23.999604772,-0.2172164685079048,1.4952539835168353,-1.4122005029428384,-0.20287358753077497,2.118573598891692,-1.67186234300598,-0.3233682887674263,1.5815026408154367,-1.4948513416764406
23.99994496,-0.216148872785279,1.488598247627427,-1.411662490540327,-0.20288069756119065,2.1185034810613503,-1.6718570294596171,-0.32336294078600825,1.5814323666255867,-1.4948460281300777
24.01654534,-0.2150781760650697,1.481943700257581,-1.4111279949373885,-0.20324126753855828,2.1149468594069525,-1.671586112936902,-0.32309159800209564,1.5778678271890354,-1.4945751116073627
24.033225412,-0.2140031881240669,1.4752891479415624,-1.410621857661014,-0.20456409527075606,2.101794788487649,-1.6705231592588738,-0.3220778329864834,1.5646883308720825,-1.4935121579293344
24.050000635,-0.2129253383810138,1.4686350691646082,-1.4101139050458125,-0.20524463213899605,2.0949759153928995,-1.6700065056789226,-0.3215470138621186,1.5578561722257582,-1.4929955043493832
24.082960597000003,-0.2118436734852048,1.461981224409133,-1.409627164777532,-0.2062369139813696,2.0849646941018776,-1.6692648843012954,-0.32076093408018824,1.5478266531162022,-1.492253882971756
24.099613106000003,-0.2107593855180638,1.455328091886383,-1.4091450689929388,-0.20657250772826208,2.081567420007938,-1.6690249126439136,-0.32049306453845394,1.5444233693576952,-1.4920139113143742
24.116238043000003,-0.2096719974952186,1.4486754326280205,-1.408681079394141,-0.2072259929892569,2.074918827059457,-1.668521377994046,-0.31996560080641256,1.537763593596282,-1.4915103766645066
24.132920359,-0.2085815097854522,1.4420230082156955,-1.4082199061961318,-0.20820462191428207,2.0648990210796403,-1.6678626695258005,-0.3191645697806508,1.5277280280545777,-1.4908516681962611
24.133357202000003,-0.2074879218156689,1.435371295486232,-1.4077761242438651,-0.2082133522710761,2.064809353532636,-1.667856782840401,-0.319157374335178,1.5276382243036541,-1.4908457815108616
24.166240788000003,-0.2063907578089778,1.4287195786349434,-1.4073320365976725,-0.20950521929011773,2.05148023548264,-1.6669657239413915,-0.31808195649798,1.5142898991330171,-1.4899547226118521
24.166633867,-0.2052916861120044,1.422068098003622,-1.4069077536568515,-0.20951296091101293,2.0513999759307358,-1.6669600559600042,-0.3180754444018893,1.5142095304763752,-1.4899490546304648
24.199624877,-0.2041899910004604,1.4154168527675155,-1.4064855712126116,-0.21079481712112808,2.0380510762643653,-1.6661167708922413,-0.31698668887383763,1.500843495572696,-1.489105769562702
24.199977439,-0.2030849571402876,1.4087663189394175,-1.4060784180953196,-0.21080181055047198,2.0379779251173864,-1.6661123432684857,-0.3169806919824335,1.5007702559956095,-1.4891013419389463
24.216493739,-0.201977061844799,1.4021167354879125,-1.4056700576051646,-0.21119788233855902,2.033831739868351,-1.6658576364615119,-0.31664048115686017,1.4966191137943836,-1.4888466351319725
24.249649984,-0.2008667824712477,1.39546667245123,-1.4052813529453778,-0.2127114083364465,2.0178726524418678,-1.6648946581624635,-0.31532015251438283,1.4806428825520574,-1.4878836568329241
24.249971667,-0.1997538804349902,1.3888168448103262,-1.404890892259399,-0.21271750776914247,2.0178080204333626,-1.664890746630319,-0.3153147757142071,1.4805781864190781,-1.4878797453007797
24.266607535000002,-0.1986383550383025,1.3821674909833048,-1.4045175217476205,-0.2130329405312261,2.0144655697534604,-1.6646884613605568,-0.31503671396402066,1.4772324195356779,-1.4876774600310174
24.283229126000002,-0.1975346481505476,1.3756066041300452,-1.4039100756500384,-0.21428737001109857,2.0010887415527026,-1.6639449944665197,-0.3139160423826619,1.4638437220172746,-1.4869339931369803
24.299946919,-0.19640105934109,1.368908592060617,-1.4037093877205336,-0.21490628133978887,1.9944418742175387,-1.6633363488733037,-0.31335484881610975,1.4571917329624948,-1.4863253475437643
24.332945494,-0.1952826559577377,1.3622747321340114,-1.4035368253169995,-0.21553713345446945,1.9876353661522357,-1.6630943827744167,-0.3127772986256404,1.4503804950272057,-1.4860833814448773
24.349592694000002,-0.1941594920329798,1.355633714158465,-1.4031825390710209,-0.2161434226597964,1.9810791536708647,-1.6629283569886422,-0.31221964340206376,1.4438199668965597,-1.4859173556591028
24.350018074,-0.1930327564395211,1.3489879236918343,-1.4028427869833635,-0.21616776392052903,1.9808156576777793,-1.66291918277713,-0.3121972058153605,1.4435563019765398,-1.4859081814475905
24.366518354,-0.1919043533616313,1.3423416544654303,-1.402521658407955,-0.217378080597201,1.9676681958001834,-1.6622882358022917,-0.31107349939240303,1.4304011545370137,-1.4852772344727523
24.383169440000003,-0.1907733276772247,1.3356951437975937,-1.4021893682846494,-0.21799038410031857,1.9609820311834811,-1.661951972665416,-0.3104988814689249,1.4237116458029146,-1.4849409713358765
24.416257566000002,-0.1896396787897092,1.3290488685251305,-1.4018719981387249,-0.21861846286670655,1.9540980632843439,-1.6616041909584158,-0.30990496151266156,1.4168246467424608,-1.4845931896288764
24.416528462000002,-0.1885041230741057,1.322402591054654,-1.4015529000513645,-0.21862600265041954,1.9540152175388419,-1.661600288904241,-0.30989779533537165,1.4167417678441254,-1.4845892875747015
24.449578535,-0.1873668977880484,1.3157567884973478,-1.4012517002263871,-0.21983536810610577,1.940687519555434,-1.6609616048046876,-0.3087414151266903,1.4034093680918187,-1.4839506034751482
24.46630186,-0.186228002351292,1.3091116992714042,-1.400948212276091,-0.22044176812962582,1.9339688952767353,-1.6606561922429846,-0.3081552702096767,1.3966889464292216,-1.4836451909134452
24.466712172,-0.1850867235178501,1.3024661304607943,-1.4006478173096462,-0.22045642349084738,1.9338061173131256,-1.6606487990064522,-0.30814103331477927,1.396526131332031,-1.4836377976769128
24.483216038000002,-0.1839428213781186,1.2958212738827342,-1.4003495942736226,-0.221042488714417,1.927290424491345,-1.6603528640628893,-0.3075706051496434,1.3900090509195686,-1.48334186273335
24.516241414000003,-0.1827974884078492,1.2891766540742589,-1.4000659480102466,-0.22224317820462372,1.9138771583588376,-1.659777871574014,-0.3063906170122296,1.3765939478044629,-1.4827668702444745
24.53292331,-0.181650009737799,1.282531793374004,-1.3997790995962789,-0.2228433251661595,1.9071387370976085,-1.6594718445747079,-0.3057948307285183,1.3698551395883636,-1.4824608432451685
24.533219243,-0.1805010997815936,1.2758876462802458,-1.3995072121208032,-0.22285407331036675,1.9070179149049518,-1.6594665700313795,-0.30578413557991,1.3697343126930193,-1.4824555687018401
24.549804585,-0.1793509969808533,1.2692442130678023,-1.3992323121397827,-0.22352236743798548,1.8994867865674487,-1.6591627978945196,-0.3051158453634355,1.3622031840084519,-1.4821517965649802
24.582936544000002,-0.178198511504647,1.262600061852606,-1.398972008900823,-0.2249246343162703,1.8835999433686557,-1.658521679579457,-0.3036987174367096,1.3463176595392923,-1.4815106782499177
24.583309394,-0.1770443543178236,1.2559571008048571,-1.398705176581864,-0.22493128751102626,1.8835242949986295,-1.6585186291893352,-0.3036919458958933,1.3462420216709785,-1.4815076278597958
24.616292159,-0.1758882908433147,1.2493141375595,-1.3984399707883657,-0.22580978941372354,1.8735148041417555,-1.6581144608469218,-0.3027941687610718,1.3362342412465749,-1.4811034595173824
24.616559879,-0.1747307967660767,1.2426711726652715,-1.3981941870046024,-0.22596416874305972,1.8717486188846186,-1.658043242746345,-0.3026351316690541,1.3344684693068225,-1.4810322414168056
24.633198833,-0.1735716331653763,1.2360286826842493,-1.3979411349337758,-0.22668848020658375,1.8634518769553172,-1.6577252404966911,-0.30188716806472227,1.3261738262051446,-1.4807142391671517
24.66631418,-0.172410323261154,1.2293861902296213,-1.397696201807113,-0.22784899834398487,1.8500982905853987,-1.657237499548546,-0.3006781451695867,1.312824544017508,-1.4802264982190065
24.682930210000002,-0.1712480602789775,1.2227439350948648,-1.3974636648845196,-0.22814395068619436,1.8466944035867994,-1.6571002590995318,-0.30036910481521883,1.309421907151373,-1.4800892577699925
24.683248347000003,-0.1700843646315448,1.2161026319841988,-1.3972238551661336,-0.22814959795893602,1.8466292314368888,-1.657097631440294,-0.30036318780789417,1.309356758936987,-1.4800866301107547
24.700018129,-0.1689358142403513,1.2095610053616257,-1.3973073675024343,-0.2287384192429412,1.8398137062493214,-1.6568568051770898,-0.29974267573535174,1.302544045905111,-1.4798458038475504
24.732941421000003,-0.1677640833691191,1.2028581809552783,-1.3970966342077982,-0.2301630780692207,1.823268233549273,-1.6566253727670537,-0.2982316130712589,1.2860062404501986,-1.4796143714375143
24.749629057,-0.1666043915935773,1.1962595594134895,-1.3969396110210246,-0.23046125315646063,1.8198025806587312,-1.6565214426965493,-0.2979148688679093,1.2825422353332834,-1.47951044136701
24.749942274000002,-0.1654376093209066,1.1896082391577028,-1.3966966490920798,-0.2304695140582913,1.8197064218071823,-1.6565188617757958,-0.2979060682616883,1.2824461243736565,-1.4795078604462564
24.782950067,-0.1642684217022786,1.182974320697801,-1.396422783086904,-0.2318885254013625,1.803143361094865,-1.6559675765698554,-0.29638634932046315,1.2658920001838554,-1.478956575240316
24.799642843,-0.1630990024466478,1.1763353951770208,-1.3962709725307212,-0.23218476620134243,1.7996733475292686,-1.6558100354324319,-0.29606693319136423,1.26242404313489,-1.4787990341028925
24.799953535,-0.1619279146349786,1.169695514058411,-1.396101897552872,-0.23219356775748673,1.7995700408466697,-1.6558073795315247,-0.2960574061436392,1.262320800830471,-1.4787963782019853
24.816504391000002,-0.1607551583827009,1.1630553925979392,-1.395932431841723,-0.23275663017580528,1.7929574325183306,-1.6556738134620357,-0.29544726894095263,1.2557123697924075,-1.4786628121324963
24.833182499000003,-0.1595812107232274,1.1564145545080986,-1.3957635072805292,-0.2338923354738931,1.7795809636309976,-1.6553032173843425,-0.29420979158326055,1.2423449318850488,-1.478292216054803
24.849912156000002,-0.1584060704235318,1.1497741918810995,-1.395607005746205,-0.234184064268614,1.7761336617939907,-1.6552158689836158,-0.2938899332160856,1.2389001261909567,-1.4782048676540764
24.882990984000003,-0.157229498837681,1.143134542860597,-1.3954404634755946,-0.23503130995503377,1.766109691921673,-1.6550067029586897,-0.29295883867971784,1.2288835968409955,-1.4779957016291503
24.899588629,-0.1560522123029021,1.1364948930159235,-1.3952768779313902,-0.2355821055058142,1.7595778646953035,-1.6548422834843874,-0.29235085087484414,1.2223568447020656,-1.477831282154848
24.900018478,-0.1548744494038386,1.1298545273661234,-1.3951164296397036,-0.23559636783100682,1.7594087270594794,-1.6548380177656385,-0.29233510722292544,1.2221878385152074,-1.4778270164360992
24.916630179000002,-0.1536947780605795,1.1232151131916055,-1.39495875414731,-0.23671888361758112,1.7460579117425876,-1.6545345832783251,-0.29108916373525895,1.2088479758419113,-1.4775235819487857
24.949600751000002,-0.1525141530284763,1.1165759363365018,-1.3948019941381735,-0.23784332302801303,1.7326341099977107,-1.6541968317451792,-0.289832261774422,1.1954359284689582,-1.4771858304156398
24.966278378000002,-0.1513328129391638,1.1099362818198926,-1.3946487450090643,-0.23813349605230613,1.72916020311895,-1.6541259756620939,-0.28950618711617015,1.1919652074050329,-1.4771149743325545
24.966543534000003,-0.150150518399945,1.1032973414593803,-1.3945055161182454,-0.23813799805963667,1.7291063010328906,-1.6541248893171305,-0.28950112726267374,1.191911354820748,-1.4771138879875911
24.98317322,-0.1489672704936737,1.0966583999998964,-1.394353914699807,-0.2384217735914137,1.7257086213879327,-1.6540562375998835,-0.2891821777829868,1.1885167964177148,-1.4770452362703441
25.016262107000003,-0.1477828302383272,1.0900194571662187,-1.3942173506095044,-0.23952068012392208,1.7125153041599293,-1.6537564962235987,-0.28794072748422317,1.1753361281417274,-1.4767454948940593
25.016612154,-0.1465979127146104,1.0833809906198704,-1.394072040222092,-0.23953215307863804,1.7123774327495767,-1.6537537176278967,-0.2879277436566874,1.175198390802182,-1.4767427162983573
25.033327833,-0.1454118029429505,1.0767427611180302,-1.3939274633483292,-0.24065021041155785,1.6989046142669737,-1.6534481754058143,-0.28665592807925255,1.1617392164143578,-1.476437174076275
25.049918806,-0.1442249776584641,1.0701045307915966,-1.393787704055998,-0.24093103834707047,1.6955111877926932,-1.6533628396464382,-0.286334825993832,1.1583493637602664,-1.4763518383168988
25.066533593000003,-0.1430369599145728,1.0634665375095125,-1.3936496047157092,-0.24121973246910705,1.6920224263390675,-1.6532760475346908,-0.28600467982860744,1.1548642806499245,-1.4762650462051514
25.099611900000003,-0.1418479890784292,1.0568283047100364,-1.393520791291877,-0.24258986509724784,1.6754158205585468,-1.6529405144383142,-0.2844291781638615,1.138275898767634,-1.4759295131087748
25.099973990000002,-0.1406585404406617,1.0501907866161164,-1.3933821149927692,-0.24259588851697383,1.6753426568117733,-1.6529390400380084,-0.2844222242011325,1.1382028175947543,-1.475928038708469
25.116599969000003,-0.1394676613881311,1.0435532668734668,-1.393250118553507,-0.2428724640917551,1.6719832187786374,-1.6528713404370023,-0.2841029211596223,1.134847171082571,-1.475860339107463
25.13320624,-0.1382763058139945,1.0369152697441997,-1.393129081729274,-0.24396336155600015,1.6587024622658701,-1.6526042435805586,-0.2828381899240151,1.121581840113063,-1.4755932422510192
25.149843571,-0.1370839961587348,1.0302777483526788,-1.3930063641625472,-0.24452159283588346,1.6518883009489815,-1.6524661138701155,-0.28218780599537807,1.1147758561753953,-1.4754551125405762
25.166504096,-0.135891686416641,1.0236404653797198,-1.3928786173473418,-0.24507184799407755,1.6451615067400402,-1.6523639808928605,-0.28154495488207976,1.108057278683493,-1.4753529795633211
25.183299087,-0.1346977072614147,1.0170034189014223,-1.3927538343150287,-0.24562320630262444,1.6384113631819042,-1.6522282800997115,-0.280899078139917,1.1013155224379896,-1.475217278770172
25.199811499000003,-0.1335025359450793,1.010366371049072,-1.392638898252975,-0.24589900807499007,1.6350298589558465,-1.6521769239148378,-0.28057512779376903,1.0979382907874042,-1.4751659225852984
25.216524093,-0.1323071264925687,1.003729322922133,-1.3925252590580728,-0.24627381923199892,1.6304325719838468,-1.652101242593539,-0.2801345549148564,1.0933468393344643,-1.4750902412639997
25.249611117,-0.1311107624256814,0.9970929889511676,-1.3924041722061495,-0.2472666493567857,1.6182315693487965,-1.651879056227136,-0.278963420476244,1.0811616589466373,-1.4748680548975965
25.250000319,-0.1299136834732042,0.9904564157374516,-1.392287539811814,-0.2472775562573576,1.6180972909804163,-1.6518769938156677,-0.27895051213131894,1.0810275581810682,-1.4748659924861283
25.266625706000003,-0.1287161270807374,0.9838200803923098,-1.3921735009445195,-0.24780932558308086,1.611549164195069,-1.6517779313560998,-0.27832092523936913,1.0744881114645448,-1.4747669300265605
25.283167505,-0.1275178555677232,0.9771835058042416,-1.3920622460933885,-0.2483973744333654,1.604296754409803,-1.651634439014825,-0.277622722636959,1.0672454764281971,-1.4746234376852856
25.299891621,-0.1263186309062674,0.970547168535992,-1.3919588030638257,-0.24944440435609827,1.5913559098114676,-1.6514050695920917,-0.27637466374896225,1.054322470601786,-1.4743940682625523
25.316576462,-0.1251184514317451,0.9639111877956278,-1.3918477205742177,-0.24998314962914947,1.5846826998051995,-1.6513039426775968,-0.2757299181380575,1.0476586667815786,-1.4742929413480574
25.333224473,-0.1239177955204022,0.9572752065059628,-1.3917401667866602,-0.2505204636071361,1.578018824802914,-1.6512031338252848,-0.27508540737974907,1.0410043041344539,-1.4741921324957454
25.349839120000002,-0.122716423935337,0.9506393436008964,-1.3916318610708471,-0.25079977203404363,1.574549799182411,-1.6511339205099667,-0.2747494974211364,1.0375403011822677,-1.4741229191804273
25.382967863,-0.1215145758429637,0.9440034801464764,-1.391534159392293,-0.25187349404272363,1.5611944492450733,-1.6509148482785916,-0.27345472409427274,1.024204566746823,-1.4739038469490522
25.383292211,-0.1203122500863667,0.9373682121884026,-1.391431796250252,-0.25187882901023656,1.561128001864404,-1.6509138431125416,-0.2734482751087469,1.0241382182211283,-1.4739028417830022
25.399838207000002,-0.1191051132777465,0.9307690591242764,-1.3900265543551424,-0.2521509822256989,1.5577383151859947,-1.6508625664793044,-0.2731192923842799,1.020753574441131,-1.473851565149765
25.416497991,-0.1178976440964119,0.924251564094575,-1.3873232492181202,-0.25321658165056005,1.544285174428902,-1.647035816738014,-0.2717993035969397,1.0073230075146862,-1.4700248154084745
25.449588892,-0.1166639289406704,0.9177509665443856,-1.383398977984993,-0.253957419515387,1.5341177962662127,-1.6405372102142186,-0.27073821143414856,0.9971840478606016,-1.4635262088846792
25.449988453000003,-0.1153894897324001,0.9112113405919804,-1.378475413515269,-0.25396302465568277,1.5340375062171832,-1.6404808571111857,-0.270729590871035,0.9971040253921162,-1.4634698557816463
25.466508320000003,-0.1140698059230589,0.9046239787433265,-1.3728046302242085,-0.2541952453792328,1.5307099457873328,-1.6381437947562638,-0.2703722393143928,0.9937875687372333,-1.4611327934267244
25.49961996,-0.1127031698568239,0.8980230921187266,-1.3666559915141698,-0.2553689140037332,1.5107937516438144,-1.6205065373327159,-0.2680205644814908,0.973975907709375,-1.4434955360031765
25.499887309000002,-0.1112907613849857,0.8914189340839556,-1.3601991082050489,-0.2553747483151329,1.5106833016565706,-1.6204003561665106,-0.26800685870321983,0.9738661562150179,-1.4433893548369712
25.516506175,-0.1098320993577522,0.8848149611562679,-1.3535408858688556,-0.25568073937102337,1.5040650891093543,-1.6137241681407044,-0.2671426801921153,0.9672974757274801,-1.436713166811165
25.533228517,-0.1083264662625852,0.8782134374865241,-1.3467514331295,-0.255953232168023,1.4971589079609258,-1.6065948808601132,-0.2661948190165938,0.9604512249599968,-1.4295838795305738
25.549871619,-0.1067738599950662,0.8716162704221606,-1.3398720292635364,-0.25616857430646944,1.4904788106117932,-1.5995371930278264,-0.2652305108549273,0.9538375888496697,-1.422526191698287
25.566546431000003,-0.1051745166502905,0.8650251291666234,-1.3329359568583372,-0.2563393607600338,1.483684811503988,-1.5922927455674545,-0.2642022864760434,0.9471196764867218,-1.415281744237915
25.583225471000002,-0.1035281950585574,0.8584422784200038,-1.3259472246228912,-0.25646138259162465,1.4768509376937513,-1.5849531613218195,-0.26311903799145375,0.94037109935504,-1.4079421599922801
25.59988818,-0.101836323309552,0.8518701040155557,-1.3189213999841192,-0.2564978021290623,1.4734005473809126,-1.5812342193276603,-0.2625473158794229,0.9369682103588703,-1.4042232179981209
25.632972118,-0.1000979467056379,0.845309677737131,-1.311842426409723,-0.25654025244284717,1.4599477656828481,-1.5666399348440834,-0.2602202285091254,0.9237181612338323,-1.389628933514544
25.6497047,-0.0983130631515945,0.8387624300949194,-1.3046802146142418,-0.2565254212595349,1.456485030711984,-1.5628519061762045,-0.2595958827517595,0.9203121451126575,-1.3858409048466651
25.666382848,-0.0964809553157008,0.8322303868212904,-1.2974155126598943,-0.2564459678018085,1.449687622806635,-1.5553480324951616,-0.2583207283576897,0.9136349414797786,-1.3783370311656222
25.683078369,-0.0946009077791133,0.825713547091721,-1.290048132650137,-0.256314999194052,1.442888360398506,-1.5477055021603974,-0.2569945372120638,0.9069649835251827,-1.370694500830858
25.683271417,-0.0926741078198762,0.819215965393258,-1.2825816446977685,-0.2563129803593614,1.4428100229709062,-1.5476167672574732,-0.2569787556363634,0.9068882256583228,-1.3706057659279338
25.699825078,-0.0907031783111549,0.8127350221440147,-1.2750268678654189,-0.25613202117555994,1.4360970338297043,-1.5400021962333996,-0.25561854673974027,0.9003119956445806,-1.3629911949038602
25.716496313,-0.0886809840241147,0.8062643910193563,-1.2673424565943574,-0.255615251115064,1.4226929254890064,-1.52455973503759,-0.25274954793753324,0.8872083313640242,-1.3475487337080505
25.749688988000003,-0.0866065423398694,0.7998189720625588,-1.2595558180246986,-0.2552705996880106,1.415837929592405,-1.5164631443840593,-0.25120319888894405,0.8805211377846132,-1.3394521430545199
25.766441818,-0.0844851048970429,0.7933980560681688,-1.2516497172503245,-0.2548854332583,1.4092498242606555,-1.5085279200818542,-0.2496639641528849,0.8741037986578322,-1.3315169187523148
25.783163439000003,-0.0823130966986876,0.7869994931475012,-1.2436304471605684,-0.25442323639638903,1.4022972744930509,-1.5000807046602684,-0.24798472831255036,0.8673412738924273,-1.323069703330729
25.799813564,-0.0800900397225198,0.7806244748431999,-1.2354918486314077,-0.25392804076868264,1.3956960949455315,-1.4919041968104727,-0.2463348814355127,0.8609304396713124,-1.3148931954809333
25.816466084,-0.0778164108318588,0.7742731209141989,-1.2272574140783872,-0.25337099699392923,1.3890089369565342,-1.4835080021177864,-0.2446090130469571,0.8544458611929389,-1.306497000788247
25.816578919,-0.0754933969267675,0.7679502011031422,-1.2189065576978693,-0.2533672146557309,1.3889636149051188,-1.4834510828345886,-0.2445973091374125,0.8544019133496685,-1.3064400815050492
25.833203505,-0.0731195745079531,0.7616489188356218,-1.210447721220971,-0.25271769189211707,1.3819132064289306,-1.4745338765064187,-0.24271644272075377,0.8475760448317256,-1.2975228751768793
25.849947839000002,-0.0706930333159,0.7553723713532001,-1.2018893156358317,-0.25133571412424643,1.3687583795890876,-1.4575618994650306,-0.23903965108516773,0.8348701196389021,-1.2805508981354912
25.866569310000003,-0.0682163816026518,0.7491326018085728,-1.1932363044629917,-0.2505521791998048,1.3621276456279223,-1.4488702917646101,-0.23710076620154363,0.8284809659195411,-1.2718592904350707
25.899724042000003,-0.0656867771019923,0.7429139904981441,-1.1844615006817367,-0.24924973327885616,1.3521038538034356,-1.435663792330617,-0.23405360159611932,0.8188431468827937,-1.2586527910010776
25.916469078000002,-0.0631056406397974,0.7367242876688251,-1.1755864190128136,-0.2487910940207604,1.348732742150306,-1.4311789044071341,-0.23300851629744435,0.8156054717191266,-1.2541679030775947
25.916588786000002,-0.0604720110371309,0.7305701679373369,-1.1665954420497011,-0.24878781527066945,1.348708642528557,-1.4311468425493068,-0.23300104512384195,0.8155823260168127,-1.2541358412197674
25.933241326,-0.0577875574052548,0.7244515140181048,-1.1574940729650465,-0.24779311344159824,1.341864759295525,-1.422011674737103,-0.23081675989770983,0.8090205375801869,-1.2450006734075636
25.966481782000002,-0.0550501392094024,0.718364031906566,-1.1482918780260114,-0.2451493731658615,1.3255023778653192,-1.3999106625085282,-0.22533310943087864,0.7933793590353739,-1.2228996611789889
25.966666393,-0.0522578477632715,0.7123084346591951,-1.1389725560029988,-0.2451430046896418,1.3254654876117327,-1.3998602137042226,-0.22532034453224015,0.7933441666262238,-1.2228492123746832
25.983207240000002,-0.0494106869104899,0.7062812652087858,-1.1295482566196071,-0.24457239952107507,1.3221601805586618,-1.3953400824371762,-0.22417663026086315,0.7901909836884728,-1.2183290811076368
25.999885659,-0.046506986868619,0.7002845481894228,-1.1200177666567723,-0.24212158266652561,1.309030885237632,-1.3771688014052152,-0.219452196569132,0.7776984008821115,-1.2001578000756759
26.016534171,-0.0435446043554131,0.694314824059678,-1.110393810924995,-0.24083065592015931,1.3026053777535886,-1.3680779617675949,-0.217049986091371,0.7716006125033208,-1.1910669604380555
26.033265751000002,-0.0405235375683243,0.6883738809579008,-1.100669642014808,-0.23943246647434163,1.2959596210320563,-1.3586374344792063,-0.21450340569317417,0.7653049040917352,-1.1816264331496669
26.066590327,-0.0374430781735501,0.6824558768085237,-1.090848835951954,-0.2372428183483558,1.286164687748736,-1.3445619085095615,-0.21062320119400624,0.7560485932723555,-1.167550907180022
26.066841876,-0.0343010759912471,0.6765647430423761,-1.0809234594290558,-0.23723151173156556,1.286115583115141,-1.3444910165714923,-0.21060342450951708,0.7560022468876599,-1.1674800152419529
26.083205165000003,-0.0311049045191611,0.6707151509107131,-1.070920570115109,-0.23649601511599477,1.2829213215169961,-1.3398794885177665,-0.20931694909615284,0.7529874096715388,-1.162868487188227
26.099821485000003,-0.0278476649045426,0.6648945754778777,-1.060835118873566,-0.23472066684930015,1.275561439521943,-1.3291339066183863,-0.2062733542622488,0.746055147779761,-1.1521229052888469
26.132967782,-0.0245322098396678,0.659109814966092,-1.0506711200056296,-0.23076792623009554,1.2602905177748338,-1.3064364918547593,-0.19969335037613695,0.7317188735682445,-1.12942549052522
26.133230572000002,-0.0211625876905604,0.6533649271600568,-1.0404389451882,-0.2307541576916699,1.2602396782218668,-1.3063600627465792,-0.19967084474037022,0.7316712528883353,-1.1293490614170398
26.149850299,-0.0177354640926223,0.6476571664009795,-1.0301420503830931,-0.22988338882747156,1.2570244132151582,-1.3015264278563166,-0.19824751233653665,0.7286595602834338,-1.1245154265267772
26.166651813,-0.0142629604179545,0.641979274907117,-1.0197600086944518,-0.2271548231896624,1.2474404367455056,-1.2869253786673411,-0.1938739582045465,0.7197058068992246,-1.1099143773378017
26.199581727,-0.0107449204801624,0.6363789361906029,-1.0094913501542502,-0.2233092684394399,1.2347280302575048,-1.2671263986863686,-0.18784998936117248,0.7078691954995382,-1.0901153973568292
26.199907006,-0.0071512379795375,0.630796034083559,-0.9990729383575117,-0.2232895874295194,1.2346652638373443,-1.26702926230959,-0.18781956346069717,0.7078108754323955,-1.0900182609800506
26.216486557000003,-0.0034983858484499,0.6252484689607309,-0.9885994626941776,-0.2222864414910788,1.2314660438934102,-1.2620781971846462,-0.18626874779582558,0.7048382872003889,-1.0850671958551068
26.23317737,0.0002103045590549,0.619742801176682,-0.9780708395585648,-0.2191976040853936,1.2220492957059386,-1.2472564321091824,-0.18156999825819103,0.6961125886193245,-1.070245430779643
26.266253432000003,0.0039757853335863,0.6142777183309507,-0.9674928028251338,-0.21599280076414662,1.2126987800587414,-1.2324065674064144,-0.17676875760034505,0.6874725078707551,-1.055395566076875
26.28295237,0.0077994877883694,0.6088538148207006,-0.9568796182873908,-0.21261170817880656,1.2033404919840383,-1.2173027251707893,-0.17179261366930026,0.6788558185797744,-1.04029172384125
26.29959955,0.011678077450525,0.6034743131420588,-0.94623303730617,-0.2114424776706137,1.200174194380286,-1.2121553603599793,-0.17008410583438965,0.6759448837686071,-1.0351443590304399
26.299924549,0.0156127453691893,0.598137900619359,-0.9355538129791432,-0.2114196510569811,1.2001123794930244,-1.2120548695611681,-0.17005075103568867,0.675888054269395,-1.0350438682316287
26.332930939,0.0196034922804029,0.5928458885544962,-0.92484460689904,-0.2041970527244698,1.1817024784232502,-1.1817868623434418,-0.15969924605924773,0.6590376320552667,-1.0047758610139024
26.333210982,0.0236391442872602,0.5875861304893247,-0.914078151578532,-0.20415383505423715,1.1815955707937487,-1.1816094584410894,-0.15963787853213085,0.6589400050360479,-1.00459845711155
26.36629508,0.0277150977007832,0.5824108453795266,-0.9034051248265066,-0.20157865554144347,1.1754069396576015,-1.171293960982787,-0.15601319358614685,0.6533015332657224,-0.9942829596532476
26.382985362000003,0.0318645546578708,0.5772600326968321,-0.8926096029151276,-0.1990264873951881,1.1694465355370018,-1.1613219357480276,-0.15245134849548853,0.6478836703034672,-0.9843109344184882
26.399583858000003,0.0360731888095749,0.5721508750862915,-0.8817844202628049,-0.19638715899114417,1.163449121340437,-1.1512203167002824,-0.14879718804407926,0.6424447234509132,-0.974209315370743
26.399890062,0.0403381419844858,0.5670871905413996,-0.8709406621886152,-0.19633843596545586,1.1633384638575333,-1.1510339092021749,-0.1487297408814488,0.6423443745993607,-0.9740229078726355
26.416481475,0.0446589371185461,0.5620687411933001,-0.860086515310236,-0.1930804388036603,1.1561680849859663,-1.1387884692024954,-0.14426003364628576,0.6358597315174315,-0.961777467872956
26.449587565,0.0481803024095534,0.5580737912306797,-0.849409881051133,-0.18731801726680108,1.143991388058672,-1.1196044523768975,-0.13644348224169245,0.6248879962778722,-0.9425934510473581
26.449808646,0.0518468635342321,0.5538776869170031,-0.838906472032404,-0.18730956124085643,1.1439739258010793,-1.1195981314717258,-0.13643208345084173,0.6248722958835409,-0.9425871301421864
26.482936938,0.0559501426136075,0.5494054671890322,-0.8281853486827944,-0.18324500469332936,1.1357453531668542,-1.105832638200102,-0.1309820844931987,0.6174880194202406,-0.9288216368705626
26.483233954000003,0.0602559440535509,0.5448221493192998,-0.8173728919520431,-0.18321962747786272,1.1356947774340016,-1.1057427589855209,-0.13094819802832103,0.6174427025876448,-0.9287317576559815
26.499948772000003,0.064710446684343,0.5401778632782662,-0.8065829292857113,-0.1813295065691894,1.1319515940481022,-1.0990088058698664,-0.12842848142192215,0.6140908363711446,-0.921997804540327
26.516486282000002,0.0692765058548774,0.5355146135766339,-0.7957803030128195,-0.17594036606416025,1.1216259966195208,-1.080079920828151,-0.12130533485432027,0.6048755457834023,-0.9030689194986117
26.549634643,0.0739226984944175,0.5308715371067243,-0.7849878600152917,-0.1711661369871352,1.1128732843876254,-1.064377557960558,-0.11506445768424406,0.5971002845760662,-0.8873665566310187
26.549929144,0.0786352119816647,0.5262641470059622,-0.7741841953500143,-0.1711378258939326,1.1128222542334176,-1.0642866045132031,-0.115027603167003,0.5970550370435841,-0.8872756031836637
26.566496541000003,0.0834073799068773,0.5216997227298954,-0.7633762222165101,-0.16954516196208388,1.109951510759764,-1.059169943208781,-0.11295432185937465,0.5945095997312984,-0.8821589418792417
26.583211379,0.088232291152953,0.517181371687618,-0.7525614971899968,-0.16300977310355813,1.0985867903005735,-1.0387797984105145,-0.10451986056834806,0.5844732636778445,-0.8617687970809751
26.599897242,0.0931099504762799,0.5127126701549659,-0.7417390780175585,-0.16127089457217475,1.0956660332433552,-1.0335047447435812,-0.10229384255422053,0.5819043409201548,-0.8564937434140418
26.632943528000002,0.0980372584667862,0.5082943369602007,-0.7309183449781577,-0.15618095063823514,1.087253776166314,-1.0181785706313384,-0.0958021338474998,0.5745198086771508,-0.841167569301799
26.649571671,0.1030120747577496,0.5039305468984456,-0.7200909124164654,-0.15267709310474536,1.0816368060864852,-1.007947205668314,-0.09136394470942688,0.5696075945462953,-0.8309362043387747
26.649871222,0.1080351139635346,0.4996207030992137,-0.7092578775781015,-0.15261387360414028,1.0815357577294424,-1.0077628862093135,-0.09128391964019517,0.5695192573287013,-0.8307518848797741
26.666512731,0.1131025620469324,0.4953657636333233,-0.698422159025365,-0.14906950327324758,1.0759836185336022,-0.9975172011255893,-0.08681726668610301,0.5646779948817566,-0.8205061997960499
26.683162825,0.1182184714326313,0.4911650085738057,-0.6875889758572048,-0.14487780631728733,1.0695827677190677,-0.9856196425554025,-0.08156395397191141,0.5591152689270247,-0.8086086412258631
26.699823270000003,0.1233768851260203,0.4870214250209039,-0.6767570458373856,-0.1399148083380119,1.0622109747136,-0.9718269239403821,-0.0753804209260821,0.552732589228897,-0.7948159226108427
26.716516637,0.1285828057964317,0.4829310732995576,-0.6659176939626045,-0.13795444913801228,1.059341713788141,-0.9664323882318442,-0.0729454508625551,0.5502533580494553,-0.7894213869023048
26.733164468000002,0.1338340915136508,0.4788977705781216,-0.655071724441337,-0.13117079626059994,1.0497170371612896,-0.9480953908658769,-0.06457300578401881,0.541973592959818,-0.7710843895363375
26.766245149000003,0.1391264527996683,0.4749229523132225,-0.6442264126448497,-0.12455179433558894,1.0406710348928776,-0.9306601813184692,-0.056464536541912136,0.53423446703545,-0.7536491799889298
26.766548467000003,0.1444606047878039,0.471006736889864,-0.6333829972912907,-0.12451556537770124,1.0406223989131944,-0.9305658495989615,-0.05642030946681631,0.5341929705086335,-0.7535548482694221
26.799574905,0.1498379756908448,0.4671473345212662,-0.6225338398026158,-0.1185641892577322,1.0327460437567737,-0.9152104466442417,-0.049174994890042345,0.5274876543374898,-0.7381994453147023
26.799788222,0.1552571386138154,0.4633472502491015,-0.6116727590400086,-0.11813743595018515,1.0321960740852298,-0.9141341776408822,-0.04865806675369627,0.5270214244296394,-0.7371231763113428
26.832982450000003,0.1607142784366533,0.4596067268891201,-0.6008117228073796,-0.11034391928155489,1.0222817164171378,-0.8945568349779727,-0.039240528219535775,0.5186343297006719,-0.7175458336484333
26.849607487,0.1662117803167006,0.4559261193205297,-0.5899487539957171,-0.10618954092567473,1.0171587618929026,-0.884320513448646,-0.034248973272674454,0.5143229608004672,-0.7073095121191066
26.866276668,0.1717479762041022,0.4523067407687201,-0.579084257843524,-0.0977659680929627,1.0070917073459733,-0.8638800633519388,-0.02418433547100296,0.5058965005448189,-0.6868690620223994
26.866574645,0.1773226273063272,0.4487477570435788,-0.5682242122985401,-0.09768910368188388,1.0070008195090712,-0.8636949159197478,-0.024092667847376292,0.5058205677892659,-0.6866839145902084
26.89956267,0.1829374011456004,0.4452482125480513,-0.5573689735300078,-0.08904190205632728,0.997089224163325,-0.8431912448701429,-0.013835270094078478,0.4975865159566937,-0.6661802435406035
26.899802026000003,0.1885906307620698,0.441809897343964,-0.5465162812358336,-0.08897680129609173,0.9970153888197464,-0.8430374668095197,-0.013758185048031724,0.49752529780072186,-0.6660264654799803
26.916521403,0.1942804095084642,0.4384330520478212,-0.5356623430082095,-0.08458734973109942,0.9921389732639923,-0.8328549178516003,-0.008578642619453514,0.4934980091415403,-0.6558439165220609
26.949613616,0.2000057849182425,0.4351189890603663,-0.524807676997946,-0.07782682269111235,0.984831009313527,-0.8173698918267629,-0.0006369074889071014,0.4874946845562841,-0.6403588904972235
26.949927555000002,0.2057667564453786,0.4318671123354415,-0.5139523755303429,-0.07778383791208966,0.9847851905949544,-0.8172721707519823,-0.000586526242398383,0.48745715088873764,-0.6402611694224429
26.966549977000003,0.2115671368526865,0.4286758677566169,-0.5031219768610614,-0.07366910900023202,0.9804396980505574,-0.8079635344655962,0.004229097026168749,0.4839041138770078,-0.6309525331360568
26.983226071,0.2174031112586361,0.4255453789301503,-0.4923575176546247,-0.06636801112577422,0.972913608646859,-0.7916979059746758,0.012741365546552058,0.4777812602513065,-0.6146869046451364
26.999867960000003,0.2232689636682233,0.4224803016099372,-0.4815562735674044,-0.06173646766628407,0.968271078870216,-0.7815645664921469,0.01811803254687952,0.47402683226401565,-0.6045535651626075
27.016615852,0.2291656463692211,0.4194798002326217,-0.4707400101536846,-0.05704395608024597,0.963661957805383,-0.7713785600261733,0.023548832135585257,0.4703160267176817,-0.5943675586966339
27.049583297,0.2350955429769262,0.4165431567947474,-0.4599189028774902,-0.05217775839832375,0.9589785773935705,-0.7609418811197521,0.029163680058672647,0.46656270621952334,-0.5839308797902127
27.049873490000003,0.2410562690986329,0.4136703740444731,-0.4490842353138801,-0.05213488921843369,0.9589373662721596,-0.7608499779546314,0.02921313616945842,0.466529687797115,-0.583838976625092
27.066554173,0.245879018659059,0.4114139040559717,-0.4384441377336657,-0.04727631314459501,0.9543598803906264,-0.750467591373269,0.034801834813015686,0.462879265091124,-0.5734565900437296
27.083204559000002,0.2494793489021245,0.4097433265562838,-0.428341409598269,-0.04243853013481978,0.9498942056148784,-0.7403146385080142,0.04035037669438593,0.45933524496658995,-0.5633036371784748
27.099946949000003,0.252045782647286,0.4085874946865174,-0.4190240524618305,-0.04103012532115987,0.9486082569645146,-0.7397291710048552,0.041963214577406704,0.45831739330077315,-0.5627181696753158
27.132971424,0.2538134828783801,0.4078167952307151,-0.4110201348023158,-0.03924323352571341,0.9469810275326901,-0.7364399262845822,0.04400872083652149,0.4570302406072857,-0.5594289249550428
27.133252319,0.2561659132896164,0.4067435836948812,-0.4035443757897919,-0.03923796361836555,0.9469762502454543,-0.7364159129747172,0.044014749621782784,0.4570264659357687,-0.5594049116451778
27.149810028,0.2594105263627217,0.4054775359593686,-0.395706410041946,-0.038893029723725644,0.9466639092067869,-0.7349356904560089,0.04440929325383133,0.4567797441521394,-0.5579246891264695
27.18292791,0.2633289715393469,0.4038551100180834,-0.3873460032909603,-0.02791538673582446,0.9369550119349871,-0.7139648870537858,0.05692502515007805,0.4491555860408821,-0.5369538857242464
27.18317989,0.2679402867212387,0.4020484222582454,-0.3779961584492248,-0.027882066734131357,0.9369261451882167,-0.7138985405545952,0.0569629075970374,0.4491330376086904,-0.5368875392250558
27.199811099,0.2731419475679494,0.4000532993120139,-0.3679264812557674,-0.025585004334090465,0.9349375689605527,-0.7093326653084908,0.05957424160733574,0.44758001933140856,-0.5323216639789514
27.216491412000003,0.278765002508582,0.3979477796291413,-0.3574218028718028,-0.01677611902460014,0.9275050654397891,-0.6921322525438747,0.06955425814637309,0.4418147926348719,-0.5151212512143353
27.233329204,0.2846636410364295,0.3958158354585701,-0.3467250743184721,-0.011933797741289522,0.9235312586582438,-0.682234033505086,0.07502065530202623,0.4387557539158419,-0.5052230321755466
27.266290348000002,0.2907113140492751,0.3937036274759256,-0.336084019947295,-0.0044115498435405315,0.9175279392719525,-0.6666502146574711,0.08348247661319136,0.43417081801804325,-0.4896392133279317
27.282956233,0.2968756056934205,0.3916209682109578,-0.3254809961419297,-0.0018458619308247713,0.9155096625240413,-0.6614403207553412,0.08636346861302874,0.4326358650567159,-0.4844293194258018
27.299606849000003,0.3031031408506262,0.3895915226400365,-0.3148527811567654,0.0033022421909406317,0.9115442960227613,-0.6513131913385912,0.09212938433912296,0.4296389794436851,-0.4743021900090518
27.299886331000003,0.3093891514572242,0.3876170843986389,-0.3041933699547862,0.0033895053378541176,0.9114773783022726,-0.651142219107804,0.09222706736071595,0.42958847335081396,-0.4741312177782646
27.316492943,0.3157062323353242,0.3857084139173016,-0.2935022623813718,0.00928157226417852,0.9070446708031297,-0.6397862934769627,0.09880761421288842,0.4262625521906529,-0.4627752921474233
27.349605886000003,0.3220500909534702,0.3838645624686727,-0.2827785762271645,0.021936670401677644,0.8978665552096989,-0.6157344660679236,0.11288112572118988,0.41945626182498263,-0.4387234647383842
27.349885569,0.3284171533178835,0.3820879183593126,-0.2720261784938246,0.021982208162204434,0.8978343422432978,-0.6156486646878427,0.11293162424672773,0.419432570861375,-0.43863766335830334
27.382974586000003,0.3335477706278619,0.380719441738985,-0.2614515761244381,0.030692249111558514,0.8917690325460308,-0.6001081776922916,0.12257359440396598,0.41499576947410133,-0.42309717636275224
27.383277393,0.3373796554343539,0.37971235511557,-0.2514298575472191,0.03070325331295319,0.8917615025526856,-0.6001035008984239,0.12258575260028998,0.4149902948498896,-0.4230924995688845
27.399794284000002,0.3401056573754788,0.3790275739626133,-0.242219389510336,0.03130348776915704,0.8913507720236166,-0.5998484008032108,0.12324893278913066,0.41469167635238324,-0.4228373994736714
27.432920182,0.3419721992460485,0.378582440577421,-0.2343055281367994,0.0340362568392118,0.8894870676727505,-0.5951392227717474,0.12626717685053207,0.41333830150279427,-0.41812822144220796
27.449588261000002,0.3431887631709931,0.3783007771436361,-0.2281036103037987,0.03434633571198728,0.8892778314035589,-0.5933771187951589,0.12660925457085426,0.4131869358628817,-0.41636611746561947
27.449912589,0.3449590994433157,0.3777491814689989,-0.2228086051891515,0.03435208010080499,0.8892739573617182,-0.5933435822468329,0.12661559137279657,0.4131841338735498,-0.4163325809172935
27.482906815000003,0.3475642811204041,0.3773183363206409,-0.216675184145127,0.03962163361722326,0.8857316688671595,-0.5918484838700167,0.13242655978594958,0.41062510121599793,-0.41483748254047725
27.499606174,0.3507431986602733,0.3765628188210705,-0.210021149424756,0.04453243298764262,0.882426123597511,-0.5930559938766251,0.13784269213835446,0.40823594020689036,-0.4160449925470857
27.49992427,0.3545339005769803,0.3758107685078767,-0.2023967130614608,0.044625861760172546,0.8823631930561914,-0.5930712945727912,0.13794574234937762,0.408190444684305,-0.4160602932432518
27.532924969000003,0.3589088464904248,0.3749540942275219,-0.1942986191424286,0.056867327701315806,0.8741052573375453,-0.5936118366116787,0.15145005220710478,0.4022171201503495,-0.4166008352821393
27.549639176000003,0.3637109803746263,0.3740484093578537,-0.1861453403659068,0.05944827306135844,0.8723637017796635,-0.5931403376285189,0.15429733594730732,0.40095725110338754,-0.4161293362989795
27.549868173,0.3687908607775471,0.3731329868182866,-0.1782802262033913,0.059502080535760185,0.8723274658538259,-0.5931245622850003,0.1543566833627787,0.4009310562393935,-0.4161135609554609
27.566499271,0.3741027217299409,0.3722174161077748,-0.1708156239230776,0.06537097792042999,0.8683808665805761,-0.5910545370414351,0.16082882485131905,0.39807956770045205,-0.41404353571189567
27.583200223000002,0.3795981672614616,0.3713042564041335,-0.163843704364209,0.07518735324079273,0.8618215060744359,-0.5868630655489468,0.17164683871291725,0.3933512476213955,-0.40985206421940745
27.599814209,0.3852617093472171,0.3704009165399347,-0.1574679877201176,0.07792755387692493,0.8600041179058414,-0.5855687985906926,0.1746642424906652,0.3920447738468258,-0.40855779726115315
27.616503378,0.3910790414011175,0.3695064593297995,-0.1516703447803069,0.08193089316361994,0.857354204800264,-0.5836449492138769,0.17907164535008743,0.39014120747123937,-0.4066339478843375
27.64961582,0.3970296624203575,0.368623411799899,-0.1464577247626501,0.09139381270367564,0.8511354807643758,-0.5788310910039662,0.189481744365454,0.3856859618723565,-0.40182008967442684
27.649958343,0.4031109540828444,0.3677548764119754,-0.1418540147201879,0.09145680967570995,0.8510942402406652,-0.5787984008600233,0.18955101893727677,0.38565645877116017,-0.4017873995304839
27.682899549000002,0.4093231443392743,0.3668926274564527,-0.1378491652483572,0.10773313899676629,0.8405574569474448,-0.5702120364716556,0.20742842295187283,0.37815038629384745,-0.39320103514211624
27.699638453000002,0.4156602739276734,0.3660369102210671,-0.1344128923977748,0.11053172198905524,0.8387683883367809,-0.5687221137570582,0.21049831009106718,0.37688207000403606,-0.39171111242751877
27.699938985000003,0.4221097021552967,0.3651845206221584,-0.1315058789980211,0.1105811809782334,0.8387367767365701,-0.5686957840921512,0.2105525626803576,0.3768596614915086,-0.39168478276261176
27.716502856,0.4286473467397811,0.3643341751136251,-0.1290485181475589,0.11393371038529163,0.8365965431188072,-0.5669373963395206,0.21422957646678856,0.37534321070820253,-0.38992639500998116
27.749575041000003,0.4352283940639942,0.3634924818633774,-0.1268926074220724,0.1244168071955745,0.8299575986406235,-0.5621989848468942,0.22571790769392522,0.37065395190389605,-0.38518798351735484
27.766217922000003,0.4418332957617659,0.3626612515432826,-0.1249325040158671,0.12990094003902442,0.8265103820051384,-0.5601836558640603,0.231723361486637,0.36822629041180654,-0.3831726545345209
27.782915037000002,0.4484534678045206,0.3618401364189348,-0.1230935841217513,0.13840095907285282,0.8211978213296519,-0.5573397351328655,0.24102604132050007,0.3644934935495585,-0.3803287338033261
27.783212544,0.4550853338064888,0.361029021403107,-0.1213337669701994,0.1384528390473549,0.8211654894999278,-0.55732327978121,0.24108280388963085,0.3644708023681589,-0.3803122784516706
27.799786904,0.4617243653382832,0.3602291038089987,-0.1196142850599634,0.14179186724889908,0.8190857093825391,-0.5562701192985102,0.2447358822945243,0.36301148306276554,-0.3792591179689708
27.832930806,0.4683696078360931,0.3594395502712848,-0.1179165045700952,0.1582528166927052,0.8089068525197313,-0.5513725311242315,0.26273199506014216,0.3558902536076617,-0.37436152979469206
27.83329501,0.4750201078950722,0.3586608387262184,-0.1162248090993722,0.15837684105668023,0.8088304439622619,-0.551336429254702,0.2628675361064935,0.3558368781894623,-0.37432542792516266
27.866287453,0.4816761045370858,0.3578932073171736,-0.1145415556744227,0.16690798843994634,0.8036003486164619,-0.5488738283171486,0.2721863367303693,0.3521907394189795,-0.3718628269876092
27.866676074,0.4883354521093445,0.3571368969358949,-0.112860738908411,0.16697580036898732,0.8035588796614657,-0.5488545513034104,0.2722603912467092,0.3521618593123591,-0.37184354997387103
27.883214837,0.4949993418004333,0.3563914293718049,-0.1111759622039241,0.16988256883750832,0.8017814030005952,-0.5480279858908936,0.27543473219684456,0.3509240040131334,-0.37101698456135423
27.916278836,0.5016663443760006,0.3556574023193155,-0.1094892409416585,0.18408500550028825,0.7931538808223141,-0.5439304135013163,0.2909344512305875,0.34493217157455225,-0.3669194121717769
27.916652478000003,0.5083355050806949,0.3549341016225585,-0.1078049445865319,0.18415058219532748,0.7931142231409837,-0.5439118278967978,0.29100598649607656,0.3449046808413466,-0.3669008265672584
27.933273207000003,0.515008970270653,0.3542221208544555,-0.1061186425407384,0.18845635114642048,0.790513478940306,-0.542683953284417,0.2957024353222558,0.3431027693339095,-0.3656729519548776
27.949871573000003,0.52168387927367,0.3535217017309752,-0.1044348811047003,0.1984694878673022,0.7844933025295101,-0.5397944561514336,0.3066191921855968,0.3389398556193496,-0.3627834548218942
27.982944821,0.5283623777931012,0.352832484151022,-0.1027585042778632,0.20714174936153823,0.7793132893403187,-0.537331830643133,0.31606808305975786,0.3353678649540761,-0.36032082931359355
27.983303254000003,0.5350420803825067,0.352154351654231,-0.1010850378817051,0.2072042862159887,0.7792760306270522,-0.5373138275561828,0.31613620355428407,0.3353422004239939,-0.36030282622664345
27.999853739000002,0.5417268031523449,0.351486942214797,-0.0994266250618509,0.21083028572841436,0.7771173774782132,-0.5362748261962551,0.3200856577757405,0.33385577274875244,-0.3592638248667157
28.032958206,0.5484141607052162,0.3508308546281984,-0.0977867296936105,0.22446678868329423,0.769048296516738,-0.5324574645541382,0.33492995130972414,0.32831400138228306,-0.35544646322459883
28.049631214,0.5551003387285888,0.3501852588257604,-0.096176349228066,0.2274214058727085,0.7673074468691212,-0.5316456558061731,0.338144943736463,0.3271206263667904,-0.35463465447663367
28.066269186000003,0.5617886749081588,0.3495502701697212,-0.0946047399326379,0.23313462625544612,0.7639533212996509,-0.5301090310350638,0.34435951321573216,0.3248249409212559,-0.3530980297055244
28.06674873,0.5684796460510558,0.348925292063936,-0.0930709718666016,0.23330156802046134,0.7638554604663033,-0.5300641502091281,0.34454107854354904,0.3247580056738548,-0.3530531488795887
28.083166923,0.575168718692127,0.3483102105229307,-0.0915931869086183,0.24235526673426677,0.7585660796860284,-0.5276525398613288,0.3543847047861638,0.32114552289399156,-0.35064153853178937
28.099811207000002,0.5818635252203352,0.3477041822856552,-0.0901416624454163,0.2506127612207072,0.7537640468690185,-0.525586847506613,0.3633587517946849,0.31787257091480114,-0.3485758461770736
28.116513882000003,0.5885607270862645,0.3471076880370853,-0.0887397154002874,0.2564998021783714,0.7503551913652406,-0.5241466471310599,0.36975406308946773,0.3155536184517963,-0.34713564580152045
28.133139961,0.5952598465480547,0.3465203706995594,-0.0873674242735062,0.26223147818021614,0.7470469449013476,-0.5228147373058754,0.3759787210448413,0.31330634503839316,-0.34580373597633596
28.149886780000003,0.6019601687379885,0.3459418734692482,-0.0860405459811992,0.26808975466957874,0.7436760754489302,-0.5214516586677078,0.3823390284424374,0.3110197199927981,-0.3444406573381684
28.182895574000003,0.6086621691367092,0.3453719573789408,-0.0847438527444561,0.27683949028164023,0.7386615301298649,-0.5195742298311057,0.39183504593811513,0.30762425393351844,-0.3425632285015663
28.183352134000003,0.6153646567109045,0.3448106238018452,-0.0834935092129417,0.2769202485452665,0.7386153379183069,-0.5195568919089517,0.39192267620414,0.30759300406905543,-0.3425458905794123
28.216225280000003,0.6220700140022146,0.3442569163166826,-0.0822649232273029,0.2856148848962776,0.7336518149660837,-0.5176911394365611,0.40135547096675095,0.30423806079978377,-0.3406801381070217
28.216504111000003,0.6287737130603653,0.3437125090735468,-0.08106260258557,0.2857127237924488,0.7335961063146484,-0.5176708085341986,0.4014615907020034,0.3042004508910007,-0.34065980720465916
28.233123888,0.6354380851053012,0.3431785183737074,-0.0798604003842533,0.29244156345141753,0.7297708633086363,-0.5163063410455546,0.4087588679738786,0.30161984793267316,-0.3392953397160152
28.249870938,0.642060511540129,0.3426578082604862,-0.0786291122781073,0.30020859389548543,0.7253703136431094,-0.5147462189622445,0.41717941833347466,0.29865574082945423,-0.3377352176327051
28.266537785,0.6487990446098834,0.342135653019424,-0.0779586039860642,0.30314269563253915,0.7237108119076576,-0.5141659420638582,0.4203598914768727,0.29753883009109017,-0.33715494073431884
28.299605581,0.6555103966593817,0.3416124562227649,-0.0772314290484442,0.3177274551374511,0.715498114611429,-0.5119138744995073,0.4361629136220553,0.29202266314524183,-0.3349028731699679
28.299918588,0.6621104273060067,0.3411056002094702,-0.0764111359400893,0.3177833736668872,0.715466696066381,-0.5119070903080107,0.4362234908228053,0.2920015821192584,-0.33489608897847134
28.332952610000003,0.6687505179897738,0.3406029895607025,-0.0755794149684063,0.3293385687432215,0.7089857202022121,-0.5103580912611001,0.4487393517663122,0.2876566072923026,-0.3333470899315607
28.349625659,0.6754385298890844,0.3401012773522464,-0.0746789540469032,0.3323274731448208,0.7073124972622433,-0.5099222101953771,0.4519761873910616,0.28653583984671427,-0.3329112088658377
28.366264723,0.682191633617027,0.3396021127255052,-0.0737210004320266,0.3382059399699294,0.7040283383780478,-0.5090394039298793,0.4583411009419649,0.2843381257433625,-0.33202840260033994
28.382951167,0.6875424831550401,0.3392094685776936,-0.072875308534836,0.3440699316132838,0.7007591493657945,-0.5081320640534681,0.46468912947841134,0.28215259869213916,-0.3311210627239287
28.399597685000003,0.6914753334304075,0.3389165681218575,-0.071986855281506,0.3453386531937658,0.7000528794595862,-0.5077661900598809,0.4660623922486957,0.2816807714006996,-0.3307551887303415
28.399899059000003,0.6940395421430151,0.3387256194474775,-0.0714305998395607,0.3453612022032914,0.7000403273551634,-0.5077596156392623,0.4660867991926344,0.28167238604181644,-0.3307486143097229
28.416487336000003,0.6954015148044361,0.33862784768129,-0.0710882504437197,0.34662650788067173,0.6993369855859458,-0.5069068285445191,0.4674561838253039,0.2812028396337314,-0.3298958272149797
28.433200451,0.6959088266915797,0.3385916193534313,-0.0710188110984535,0.3478735502927331,0.6986446377625559,-0.5067346159289521,0.46880565466412716,0.2807408994415005,-0.3297236145994127
28.449814788,0.6960802359211202,0.3385799776881413,-0.0710324719736867,0.3490065177652246,0.6980160214296639,-0.5063657089670262,0.47003161069570376,0.28032160766201575,-0.32935470763748675
28.482954342000003,0.6961364970355515,0.338575025257646,-0.0710324565020383,0.3496244689629803,0.6976733735299004,-0.5062639954412393,0.47070024225283313,0.28009312766982686,-0.32925299411169995
28.483343533000003,0.6961517558190059,0.3385750076704237,-0.0710290433247091,0.34962504114938464,0.6976730562731449,-0.5062639954412393,0.4707008613636209,0.2800929161255933,-0.32925299411169995
28.51624341,0.6961539005462627,0.3385742899421192,-0.0710256460644269,0.3496646904364512,0.6976510721065534,-0.5062801788571534,0.47074376225691084,0.2800782572408972,-0.329269177527614
28.532924614000002,0.6961508019421956,0.3385747703511504,-0.0710222240921498,0.34966783256605466,0.6976493298392468,-0.5062975691594644,0.4707471620813935,0.28007709548907356,-0.32928656782992505
28.533239524000003,0.696145557359973,0.3385753724428567,-0.0710290374949091,0.34966788115225506,0.6976493028988723,-0.5062978380626681,0.47074721465228475,0.28007707752510846,-0.32928683673312875
28.549823112000002,0.6961403122552202,0.3385753784883878,-0.0710324548907498,0.34966178251995783,0.6976526845059372,-0.506264084821165,0.4707406158540136,0.28007933239619465,-0.32925308349162563
28.582941536000003,0.6961341141144045,0.3385761008885224,-0.0710324615485843,0.3496526538259014,0.6976577462402428,-0.5062813253182377,0.47073073849010283,0.2800827075838237,-0.32927032398869827
28.599589527000003,0.6961279153065096,0.3385763464519035,-0.0710324643339312,0.34964957041388156,0.6976594559494632,-0.5062642599918696,0.4707274021987979,0.2800838476257661,-0.32925325866233024
28.599829634000002,0.6961212406818816,0.3385770694013741,-0.0710358695542805,0.3496495259431217,0.6976594806078831,-0.506264013865815,0.47072735408086597,0.2800838640681135,-0.3292530125362756
28.616466303000003,0.6961155182944607,0.3385770759968399,-0.0710324751159024,0.3496423142293866,0.6976634794031751,-0.506291864003968,0.47071955091422013,0.2800865304831376,-0.3292808626744286
28.649574798000003,0.6961090826247852,0.3385779178804216,-0.0710324394269444,0.34963124045860317,0.6976696196555616,-0.5062974153185067,0.47070756895237365,0.2800906248315651,-0.3292864139889673
28.649848499,0.6961035996913508,0.3385786394561912,-0.0710426735895588,0.3496311897169252,0.6976696477911186,-0.5062976961513286,0.4707075140492281,0.28009064359248337,-0.3292866948217892
28.682935683,0.6960969231758153,0.3385781703139454,-0.0710426992336303,0.34961898129201163,0.6976764171934909,-0.5062975006070101,0.4706943043770776,0.2800951574610042,-0.32928649927747067
28.683217140000004,0.6960902480143591,0.338578774054505,-0.0710392984662702,0.349618913223065,0.6976764549367782,-0.5062978773386249,0.47069423072560534,0.28009518262840116,-0.32928687600908546
28.699858308000003,0.6960854803695172,0.3385791371779087,-0.0710324568087088,0.34961890336361323,0.6976764604037076,-0.5062978227709056,0.47069422005755224,0.2800951862737747,-0.32928682144136623
28.732898332,0.6960792825903358,0.3385803364150255,-0.0710324620399125,0.3496036609397475,0.6976849121164392,-0.5062812264684027,0.47067772755966886,0.2801008219145519,-0.3292702251388633
28.733193424000003,0.6960733226469847,0.338580581703272,-0.0710426878166944,0.3496036063766675,0.6976849423709107,-0.5062809244858038,0.47067766852171733,0.28010084208837216,-0.32926992315626435
28.749805407,0.6960673617076139,0.3385803501550116,-0.071042707269389,0.3495998964786924,0.6976869994579086,-0.5062675990466516,0.4706736543645832,0.2801022137634084,-0.32925659771711224
28.782939129000003,0.6960604484299039,0.3385810733794583,-0.0710358738174357,0.3495884178049649,0.6976933643564379,-0.5062978773386249,0.47066123426913176,0.2801064579491733,-0.32928687600908546
28.783205717,0.6960554429599549,0.3385820328237844,-0.0710460988525779,0.34958831977252075,0.6976934187162406,-0.5062978773386249,0.47066112819638894,0.28010649419722833,-0.32928687600908546
28.816268034,0.6960487666323854,0.3385815636813978,-0.0710529370099506,0.3495762666180582,0.6977001022902743,-0.5062978773386249,0.47064808648184453,0.28011095091980265,-0.32928687600908546
28.816572544000003,0.6960418529623964,0.3385820484875118,-0.0710427014285265,0.34957615194831887,0.6977001658755951,-0.5062978773386249,0.47064796240727036,0.28011099331959255,-0.32928687600908546
28.849606847,0.6960368473009069,0.3385831271412947,-0.0710427142260875,0.3495669806915466,0.6977052513479644,-0.5062815075743838,0.4706380389657213,0.2801143843795776,-0.32927050624484444
28.866274265,0.6960308882631672,0.3385837300568027,-0.0710460913691042,0.3495638821202544,0.6977069694627912,-0.5062643583481226,0.4706346862718894,0.280115530026417,-0.32925335701858316
28.866520815,0.6960249278733966,0.3385839753453837,-0.0710529182515198,0.3495638362851555,0.6977069948777181,-0.5062641046710539,0.4706346366777252,0.28011554697320673,-0.3292531033415145
28.883219342,0.6960177754001533,0.3385839835893331,-0.0710529171186012,0.3495577067606802,0.6977103936140676,-0.5062978104275153,0.47062800445372166,0.28011781326617835,-0.3292868090979759
28.89982927,0.6960120536128986,0.3385843478122892,-0.0710495153980756,0.34954574392918186,0.6977170271030014,-0.5062978773386249,0.470615060470181,0.28012223659105817,-0.32928687600908546
28.916645562000003,0.6960060943601226,0.3385850699372716,-0.07104608742969,0.3495454510295824,0.6977171895182566,-0.5062978773386249,0.4706147435479199,0.28012234489235477,-0.32928687600908546
28.933198712000003,0.6960003731423897,0.3385860302063676,-0.0710529185414868,0.3495454510295824,0.6977171895182566,-0.5062978773386249,0.4706147435479199,0.28012234489235477,-0.32928687600908546
28.966243405,0.6959939356451447,0.338585918416812,-0.0710597566306023,0.3495332073881755,0.6977239787188795,-0.5062978773386249,0.4706014957233185,0.2801268720485627,-0.32928687600908546
28.966563234000002,0.6959884521692592,0.3385859247371081,-0.0710495114640591,0.3495331341919883,0.6977240193083931,-0.5062982824548676,0.47060141652353527,0.2801268991148661,-0.32928728112532824
28.999607636,0.6959829700403042,0.3385872423588414,-0.0710563207770009,0.3495209638617857,0.6977307681269204,-0.5062978773386249,0.47058824797541315,0.2801313994292006,-0.32928687600908546
28.99985617,0.6959758172922607,0.3385870121843701,-0.0710631553410767,0.3495209638617857,0.6977307681269204,-0.5062978773386249,0.47058824797541315,0.2801313994292006,-0.32928687600908546
29.016503219,0.695970095803302,0.3385876148257293,-0.071056333547023,0.34951860652962286,0.6977320752871399,-0.5062978773386249,0.47058569730262045,0.2801322710662064,-0.32928687600908546
29.049621001000002,0.695963420692412,0.3385880993569377,-0.0710631535609293,0.34950270883585255,0.6977408906900794,-0.5062978773386249,0.4705684957323003,0.2801381493291064,-0.32928687600908546
29.049849717,0.6959576988147488,0.3385883443706481,-0.0710631643457809,0.349502624472056,0.6977409374705037,-0.5062978773386249,0.4705684044492626,0.28013818052310113,-0.32928687600908546
29.082926501000003,0.6959505474749255,0.338588948660315,-0.0710597258695859,0.349496476578972,0.6977443465281662,-0.5062978773386249,0.47056175232621056,0.28014045374161645,-0.32928687600908546
29.09959972,0.6959450643535252,0.3385896702362254,-0.0710631377932429,0.34948453021213904,0.6977509708875744,-0.5062978773386249,0.4705488261576658,0.280144870978856,-0.32928687600908546
29.116299299,0.6959388646977339,0.3385892005443618,-0.0710665809227217,0.349484232937565,0.6977511357287892,-0.5062978773386249,0.470548504501609,0.28014498089782436,-0.32928687600908546
29.11657778,0.6959324287931008,0.3385900424281196,-0.0710597311696822,0.3494842271142368,0.6977511389580019,-0.5062979095687847,0.470548498200648,0.2801449830511601,-0.32928690823924534
29.133139336000003,0.6959274229436453,0.3385911210820432,-0.0710665606836438,0.34947816568659223,0.6977545002041233,-0.5063314575292228,0.4705419396110043,0.2801472244307499,-0.3293204561996834
29.166286384000003,0.69592050856316,0.3385910098421231,-0.0710768134168149,0.34946290206743313,0.6977629643455279,-0.5063153457465308,0.47052542406047543,0.28015286857375643,-0.3293043444169914
29.182908075,0.6959143098094057,0.3385910169868369,-0.0710597490750388,0.3494598011202451,0.6977646839151276,-0.5062981830482869,0.4705220687717043,0.2801540152342701,-0.3292871817187475
29.18319452,0.6959090666788201,0.3385925727519621,-0.0710699612128836,0.3494597476809881,0.6977647135488222,-0.5062978872799988,0.4705220109493268,0.2801540349949052,-0.3292868859504594
29.199793959,0.6959028669254713,0.338592222269485,-0.0710768154363601,0.34945374332810514,0.697768043145251,-0.5063310994681061,0.4705155141157516,0.2801562552695319,-0.32932009813856666
29.216496564000003,0.6958969070056161,0.3385924675577139,-0.0710631596551666,0.3494505763113129,0.6977697993524572,-0.5063148906326678,0.47051208733830696,0.28015742636109897,-0.32930388930312837
29.249606070000002,0.6958904704231802,0.3385931902326661,-0.0710665716873303,0.34944141394557693,0.6977748801631339,-0.5063315746529149,0.47050217346973494,0.2801608143978387,-0.3293205733233755
29.249824066000002,0.6958847487534044,0.3385935544555342,-0.0710768004611613,0.3494413339683859,0.6977749245129207,-0.5063315011722924,0.47050208693276585,0.2801608439716048,-0.329320499842753
29.266475483,0.6958778351539028,0.3385940392615955,-0.0710802223271598,0.34943449534327564,0.6977787167386924,-0.5063021029915973,0.4704946873994455,0.2801633727413342,-0.3292911016620579
29.299636778000004,0.6958713988370694,0.3385945235177221,-0.0710699616495962,0.34942004328995135,0.6977867308421397,-0.5063143264443148,0.4704790499798771,0.2801687167855512,-0.32930332511477545
29.299898206,0.6958656774819364,0.3385953645776077,-0.071080205232029,0.3494199950633773,0.697786757585243,-0.5063145933621591,0.47047899779772995,0.28016873461865344,-0.3293035920326197
29.332904055,0.6958594780376071,0.3385948948855857,-0.0710836222351385,0.349416893542422,0.6977884774730141,-0.5063317592360121,0.47047564188813085,0.2801698814913334,-0.32932075790647275
29.333140906,0.6958539953753984,0.3385959740890919,-0.0710768228236811,0.34941561570806007,0.6977891860993661,-0.5063317592360121,0.4704742592400296,0.2801703540335977,-0.32932075790647275
29.349806471,0.6958477978020555,0.338596577279488,-0.0710767979808706,0.3494046501310531,0.697795267088471,-0.5063317592360104,0.4704623942169257,0.2801744090964,-0.329320757906471
29.36645358,0.6958415991279863,0.3385970612613954,-0.0710768051131952,0.3494046413996531,0.697795271930298,-0.5063317109106524,0.47046238476937086,0.28017441232507534,-0.32932070958111304
29.38316444,0.6958361158400668,0.3385970675815507,-0.0710836061204085,0.3493984661346703,0.6977986963026883,-0.5062982217783585,0.470455703005381,0.28017669579915205,-0.3292872204488191
29.399852447,0.6958294407220277,0.338597790531391,-0.0710870347582957,0.3493924066046634,0.6978020564965118,-0.5063317592360121,0.4704491464690205,0.28017893647703807,-0.32932075790647275
29.416466824,0.6958225265494299,0.3385977985006284,-0.0710836241924776,0.3493924066046634,0.6978020564965118,-0.5063317592360121,0.4704491464690205,0.28017893647703807,-0.32932075790647275
29.433200038000003,0.6958175208210277,0.338598757945148,-0.0710802080800975,0.3493801631932945,0.6978088461119687,-0.5063317592360121,0.47043589879781533,0.2801834640821048,-0.32932075790647275
29.449804917,0.6958113228012652,0.3385993611358786,-0.07109043726192,0.3493681356697704,0.6978155160062626,-0.5063317592360104,0.47042288472254995,0.28018791185199565,-0.329320757906471
29.482932427,0.6958053612418066,0.3385986527508295,-0.071093864414024,0.34936189067042756,0.6978189791868084,-0.5063317592360104,0.4704161274801869,0.28019022124843873,-0.329320757906471
29.499577553,0.6957998788921921,0.3385994935354749,-0.0710802064890792,0.34935574504924577,0.6978223872569377,-0.5063317592360104,0.47040947776743003,0.2801924938949065,-0.329320757906471
29.499774869000003,0.6957936810026807,0.3386004543540478,-0.0710938402513439,0.3493556763705567,0.6978224253428824,-0.5063317592360104,0.470409403455405,0.2801925192922383,-0.329320757906471
29.516644221000004,0.6957870049264154,0.3386002236300995,-0.0710972612038477,0.34935293039366816,0.6978239481922978,-0.5063469575787671,0.47040643223039297,0.28019353481247045,-0.32933595624922773
29.549579385,0.6957812833307015,0.3386004686435989,-0.0710836174315247,0.349343433074212,0.6978292151657532,-0.5063317592360121,0.47039615586090366,0.28019704712173243,-0.32932075790647275
29.549869518,0.6957750857159904,0.3386016678805925,-0.0710870213344864,0.349343433074212,0.6978292151657532,-0.5063317592360121,0.47039615586090366,0.28019704712173243,-0.32932075790647275
29.582951272000003,0.6957696026252349,0.3386021510378532,-0.0711040819296001,0.3493311896628431,0.6978360047812101,-0.5063317592360104,0.47038290818969847,0.2802015747267992,-0.329320757906471
29.599658505,0.6957631652490432,0.3386019200388936,-0.0710904278978906,0.3493311896628431,0.6978360047812101,-0.5063317592360104,0.47038290818969847,0.2802015747267992,-0.329320757906471
29.616284204000003,0.6957574443061104,0.3386031187264103,-0.0710972667397825,0.34931927331015444,0.6978426130254295,-0.5063317592360104,0.47037001440400206,0.2802059813857919,-0.329320757906471
29.632929469,0.6957505297519572,0.338602530649367,-0.0710972496121949,0.3493189462514742,0.697842794396667,-0.5063317592360104,0.47036966051849327,0.28020610233186594,-0.329320757906471
29.633234771,0.6957440940879049,0.3386039685795111,-0.0710972493710589,0.3493189462514742,0.697842794396667,-0.5063317592360104,0.47036966051849327,0.28020610233186594,-0.329320757906471
29.66622487,0.6957381334902469,0.3386040946589345,-0.0711040971581104,0.3493068769564503,0.6978494877228009,-0.5063327222928091,0.47035660119836475,0.2802105658119979,-0.3293217209632697
29.682915773,0.6957324112473751,0.3386039820449787,-0.0710938752104354,0.34930066329150333,0.697852933664415,-0.5063651873680222,0.4703498778363495,0.280212863756491,-0.32935418603848277
29.683245311,0.6957259760568125,0.3386053007654546,-0.0710972518219107,0.34930054128908505,0.6978530013238743,-0.5063654196437906,0.47034974582626665,0.2802129088755613,-0.32935441831425116
29.699836694000002,0.6957204920604456,0.338605426295454,-0.0711074956443631,0.3492944688735205,0.6978563689321491,-0.5063318102374268,0.47034317530009634,0.28021515458305046,-0.3293208089078874
29.716480136,0.6957140547782371,0.3386051952964241,-0.0711006653605188,0.3492884556055828,0.6978597037386441,-0.5063649902726155,0.47033666877333885,0.2802173784164984,-0.3293539889430761
29.749594832000003,0.6957083340866087,0.3386066324023791,-0.0711075097659586,0.3492792196133418,0.6978648257866277,-0.5063483455445645,0.47032667516732113,0.28022079408143863,-0.32933734421502514
29.74985617,0.695702612380565,0.3386066389973344,-0.0711040835901549,0.3492791715111778,0.6978648524628727,-0.5063486117788436,0.4703266231194131,0.2802208118706345,-0.3293376104493042
29.782942732000002,0.6956964141059236,0.3386071229789426,-0.0711040712364593,0.34927000062508856,0.6978699384046291,-0.5063319117686191,0.47031669996010134,0.2802242034579452,-0.32932091043907974
29.783242944,0.6956906927543651,0.3386078448295122,-0.0711108857703146,0.3492698915333834,0.6978699989041329,-0.5063322105005916,0.4703165819197768,0.2802242438023611,-0.32932120917105223
29.816225810000002,0.6956844936481742,0.3386078519744901,-0.0711143215526747,0.3492638514179234,0.6978733485995857,-0.5063656411333959,0.47031004634323736,0.2802264775645896,-0.3293546398038565
29.816456189,0.6956775797810214,0.3386078599434986,-0.0711040876037474,0.34926244292344966,0.6978741297462405,-0.5063656411333959,0.4703085223067047,0.28022699848629773,-0.3293546398038565
29.849612654,0.695671620980288,0.3386091781147089,-0.0711108865288218,0.34924859625200483,0.6978818090004422,-0.5063489704998787,0.4702935397725281,0.28023211951401106,-0.3293379691703393
29.849846640000003,0.6956656610333625,0.3386095426122715,-0.071121098656129,0.34924855285845813,0.697881833065407,-0.5063487303267014,0.4702934928194777,0.2802321355618609,-0.32933772899716196
29.882895281000003,0.6956608914705427,0.3386088328532923,-0.0711143057597927,0.3492364005529019,0.697888572427085,-0.506349233939531,0.47028034367959465,0.28023662974104024,-0.3293382326099916
29.899601693,0.6956542170068105,0.3386096750119558,-0.0711074729770754,0.34923326989806414,0.6978903086091736,-0.5063319064938856,0.4702769562221121,0.2802377875233001,-0.3293209051643462
29.899845197,0.6956482575047788,0.3386108739743781,-0.0711211380305901,0.34923320650683853,0.697890343764346,-0.5063319628338103,0.4702768876310049,0.28023781096671385,-0.3293209615042709
29.93294273,0.6956408661613683,0.3386102864468998,-0.0711211208229764,0.3492271216439172,0.6978937182756104,-0.5063656411333959,0.47027030363644096,0.28024006127749834,-0.3293546398038565
29.933188479000002,0.6956351458962382,0.3386116043432219,-0.0711108721147801,0.34922426888108676,0.6978953004090044,-0.5063656411333959,0.47026721685487827,0.28024111635163185,-0.3293546398038565
29.966244844000002,0.695629185613223,0.3386122072596629,-0.071121129066558,0.3492148784626003,0.6979005083058935,-0.5063656411333959,0.47025705611864715,0.2802445893314188,-0.3293546398038565
29.966517974000002,0.6956225098424028,0.3386119765354858,-0.0711245237469041,0.3492148784626003,0.6979005083058935,-0.5063656411333959,0.47025705611864715,0.2802445893314188,-0.3293546398038565
29.983174481000002,0.6956172654951378,0.338612578627016,-0.0711142878686834,0.3492026352812835,0.6979072983361764,-0.5063656411333959,0.47024380860085346,0.2802491173853392,-0.3293546398038565
29.999776274000002,0.6956124981649385,0.3386134185874373,-0.0711279216174754,0.3492021820746613,0.6979075496731204,-0.5063631327402582,0.4702433182184117,0.2802492849907171,-0.32935213141071884
30.032901380000002,0.6956062991220859,0.3386136641509944,-0.0711279507287182,0.3491904725938588,0.6979140434553766,-0.5063651949817931,0.4702306482274938,0.28025361540395277,-0.3293541936522537
30.033233343000003,0.6955996239785023,0.338613671844974,-0.0711176842193012,0.34919041077652385,0.6979140777377089,-0.5063655371263494,0.470230581339381,0.28025363826530847,-0.32935453579680996
30.066251986,0.6955936643155747,0.3386147515982036,-0.0711245344101973,0.3491781489186534,0.6979208783967402,-0.5063656411333959,0.4702173135652699,0.2802581734931785,-0.3293546398038565
30.066568018,0.6955879418014772,0.3386142813565111,-0.0711279410836078,0.3491781489186534,0.6979208783967402,-0.5063656411333959,0.4702173135652699,0.2802581734931785,-0.3293546398038565
30.083236578,0.6955812672202663,0.3386151235152626,-0.0711245217212009,0.34917643916316976,0.6979218266218142,-0.5063656411333959,0.47021546355459,0.280258805834138,-0.3293546398038565
30.099794597000002,0.6955750694645805,0.3386163227523617,-0.0711245321749858,0.3491659057373365,0.6979276684270233,-0.5063656411333959,0.47020406604747617,0.280262701547099,-0.3293546398038565
30.13292307,0.6955691094037507,0.3386165680406963,-0.0711279317781433,0.349156810256818,0.697932712953714,-0.5063830626151535,0.47019422440817815,0.28026606564449996,-0.32937206128561414
30.149610596000002,0.6955636254615243,0.3386164551520285,-0.071134772422128,0.3491537664429184,0.6979344011108626,-0.5063662154973159,0.47019093089131236,0.2802671914438909,-0.32935521416777647
30.14995929,0.6955576658001225,0.3386167004400638,-0.0711279260972287,0.3491537028409415,0.6979344363857302,-0.5063658634685666,0.4701908620716701,0.28026721496801865,-0.3293548621390272
30.166621108,0.6955521829499477,0.3386177796437109,-0.0711313431658456,0.3491476376790736,0.6979378002399942,-0.5063989886878701,0.47018429934688977,0.2802694582574451,-0.32938798735833075
30.183176151,0.6955459837804187,0.3386175483701097,-0.0711347634087529,0.3491414196047655,0.6979412489024093,-0.5063656411333959,0.47017757116531167,0.28027175810378924,-0.3293546398038565
30.19982818,0.6955393086460328,0.3386180329013356,-0.0711279429015589,0.3491413921593135,0.6979412641241796,-0.5063657930404375,0.4701775414683387,0.28027176825489386,-0.3293547917108981
30.216476211000003,0.6955338260885309,0.3386187544768234,-0.0711313293557631,0.3491352757488415,0.6979446564018953,-0.5063993994770648,0.47017092329071286,0.28027403049937116,-0.3293883981475254
30.233187212,0.6955278657186815,0.3386191189747028,-0.0711415781073878,0.3491291308602409,0.6979480644741235,-0.5063658939565663,0.47016427429872054,0.2802763032769038,-0.3293548926270269
30.249812950000003,0.6955209523178695,0.3386192461526753,-0.0711381470465436,0.3491224412544835,0.6979517746568593,-0.5063961259988687,0.47015703590303864,0.28027877752609787,-0.32938512466932934
30.266469518,0.6955149928863251,0.3386204451150448,-0.0711415632551106,0.3491108890525419,0.6979581817280319,-0.5063990962175495,0.47014453600219497,0.2802830502780925,-0.32938809488801013
30.283145071000003,0.6955097475031977,0.3386203319514713,-0.0711449719096601,0.34910777936224363,0.6979599064214856,-0.5063827381087975,0.4701411712046802,0.2802842004428395,-0.32937173677925813
30.299793573000002,0.6955025946775178,0.3386203401956848,-0.0711449949586585,0.34910471425258255,0.6979616063896691,-0.5063657731216633,0.4701378546450293,0.2802853341187814,-0.3293547717921239
30.332948666000004,0.6954973509646385,0.3386209422867398,-0.0711347262480391,0.3490955890654934,0.6979666673921896,-0.5063830301813788,0.470127980862146,0.28028870920359505,-0.32937202885183936
30.349595625000003,0.6954918683187767,0.3386222599088604,-0.0711449799553288,0.34909252666405516,0.6979683658583411,-0.5063660801839092,0.47012466723289037,0.2802898418778609,-0.32935507885436976
30.349891969,0.6954859072256591,0.3386216707327752,-0.0711415644847797,0.3490924721481347,0.6979683960939086,-0.5063657784453106,0.47012460824469027,0.28028986204137674,-0.3293547771157712
30.366514211000002,0.6954792321980284,0.338622512891861,-0.0711449921337682,0.34908644494970037,0.6979717388929296,-0.5063988635884087,0.47011808659771975,0.2802920912894684,-0.3293878622588693
30.383204102,0.6954742264675774,0.3386227570805025,-0.0711449550592573,0.3490802072928405,0.6979751984162008,-0.5063656578459543,0.4701113372271115,0.28029439837870773,-0.32935465651641493
30.399804743,0.6954680280647338,0.3386235986901466,-0.0711517938595411,0.3490740827401952,0.697978595209721,-0.5063995230307832,0.47010471023935924,0.28029666363468786,-0.3293885217012438
30.416534279,0.6954615904065929,0.3386233676913983,-0.0711449799684176,0.34906802781078006,0.6979819535230022,-0.5063995230307832,0.47009815856284465,0.2802989032715254,-0.3293885217012438
30.433164316000003,0.6954561082812126,0.3386245661038156,-0.071144975040538,0.34906188488816514,0.6979853606409367,-0.5063995230307832,0.4700915116741581,0.2803011754558624,-0.3293885217012438
30.449906255000002,0.6954501483107913,0.3386249306013958,-0.0711517805460078,0.3490557818668054,0.697988745493795,-0.506365993212107,0.4700849079838606,0.2803034327491629,-0.32935499188256756
30.466453785000002,0.6954441879210207,0.3386251758899768,-0.0711551988303514,0.34904971698732323,0.6979921091914425,-0.5063988573813596,0.4700783455646318,0.2803056759341449,-0.3293878560518202
30.499619669,0.6954384660234363,0.338625301694389,-0.071158607562848,0.3490435903894272,0.6979955072523514,-0.5063995230307832,0.4700717163404151,0.2803079420775658,-0.3293885217012438
30.516248894,0.6954320292167664,0.3386256667415692,-0.0711483898001595,0.3490374213175466,0.6979989288737459,-0.5063995230307832,0.4700650411571741,0.28031022393416405,-0.3293885217012438
30.516549136000002,0.695425831072376,0.3386265083510197,-0.0711518023035795,0.3490373537714083,0.6979989663376167,-0.5063995230307832,0.47006496806954295,0.2803102489185708,-0.3293885217012438
30.533259315000002,0.6954203482942144,0.3386267530894197,-0.0711585808602309,0.34903727361223574,0.697999010797196,-0.5063995230307832,0.4700648813341027,0.2803102785683691,-0.3293885217012438
30.56623652,0.695414149961858,0.3386275946990111,-0.071158603838621,0.34902218712498106,0.6980073784492695,-0.506415705611067,0.47004855713830895,0.280315858920562,-0.32940470428152757
30.582970424000003,0.6954081891634617,0.338627363150645,-0.0711620038420405,0.3490190127865168,0.6980091391384659,-0.5064332754957324,0.4700451223643727,0.28031703313482637,-0.32942227416619296
30.583289221,0.6954022292364574,0.3386278468575059,-0.0711620151875001,0.3490189186419082,0.6980091913570295,-0.506433013272531,0.4700450204957624,0.280317067959702,-0.3294220119429916
30.599891595000003,0.6953950782347726,0.3386289279841726,-0.0711551768029707,0.34901291021138153,0.6980125240132143,-0.5063997567585954,0.4700385191094726,0.2803192905282499,-0.329388755429056
30.632932601,0.6953888793599649,0.3386290543382905,-0.0711688259521359,0.34899763362625624,0.6980209973750471,-0.5064160810279557,0.47002198917197086,0.2803249414644581,-0.32940507969841626
30.633218606000003,0.6953829188833602,0.3386290612083099,-0.0711620068315864,0.3489975806273415,0.6980210267716025,-0.5064163743756342,0.47002193182481233,0.28032496106919846,-0.32940537304609485
30.666276965,0.6953771978571679,0.3386299022679491,-0.0711654039942845,0.3489883823115206,0.6980261287402404,-0.5063995230307832,0.4700119788422319,0.2803283636029127,-0.3293885217012438
30.666538544,0.6953709997832648,0.3386307438773468,-0.0711688265313695,0.3489883823115206,0.6980261287402404,-0.5063995230307832,0.4700119788422319,0.2803283636029127,-0.3293885217012438
30.683129255,0.6953640851514753,0.3386303942189882,-0.0711654282810032,0.3489883823115206,0.6980261287402404,-0.5063995230307832,0.4700119788422319,0.2803283636029127,-0.3293885217012438
30.716245465000004,0.6953586031777929,0.338631235003352,-0.0711653994170552,0.34897313751570824,0.6980345844697063,-0.5064161388027095,0.469995483302166,0.2803340027799889,-0.32940513747317013
30.716567087,0.6953528814068851,0.3386318376449225,-0.0711756405703032,0.34897307814014056,0.6980346174031575,-0.5064164674450051,0.4699954190551884,0.28033402474350655,-0.32940546611546573
30.73317425,0.6953466820565388,0.3386313679528301,-0.0711688234715676,0.3489697570959623,0.6980364594646362,-0.5064319605141776,0.4699918255392123,0.2803352532254376,-0.3294209591846382
30.766273948000002,0.695340961854747,0.3386329242677315,-0.0711654062029379,0.34895478391564944,0.6980447645389402,-0.506416848127305,0.469975623899072,0.28034079192967587,-0.32940584679776563
30.766553361000003,0.6953354785795999,0.3386332882158171,-0.0711790311298035,0.3489547321107068,0.6980447932732431,-0.5064165613882317,0.46997556784384387,0.2803408110927562,-0.32940556005869226
30.783210569,0.6953280868132655,0.3386327006886556,-0.07117904088921,0.3489516341677264,0.6980465115886647,-0.5063996317108916,0.4699722157331837,0.28034195704769416,-0.32938863038135224
30.816282684,0.6953209351879186,0.3386334241878496,-0.0711688239062567,0.34894260792193693,0.698051518116363,-0.5064172180988837,0.4699624489379509,0.280345295931269,-0.32940621676934434
30.816610929000003,0.6953154523918844,0.3386342649728295,-0.0711722371065126,0.3489425460490317,0.6980515524349957,-0.5064168756338887,0.46996238198874407,0.2803453188185725,-0.3294058743043493
30.84962828,0.6953092544931754,0.338634748954156,-0.0711790172665291,0.34893037216186357,0.6980583048439956,-0.506417257265138,0.4699492093069967,0.2803498220409373,-0.3294062559355986
30.866276051000003,0.6953037705167298,0.3386349936934537,-0.0711824766978305,0.3489272678758521,0.698060026677664,-0.5064000751190605,0.4699458503328977,0.28035097034221523,-0.3293890737895211
30.882927999000003,0.6952982879898725,0.338635476850292,-0.071175640229084,0.3489211284300924,0.6980634320031963,-0.5064329526225073,0.46993920718235915,0.28035324137439,-0.3294219512929679
30.883177294000003,0.6952925663599392,0.3386360794917569,-0.0711756426864044,0.3489210352426667,0.6980634836908458,-0.5064333414437403,0.4699391063494629,0.28035327584519587,-0.3294223401142009
30.916324973000002,0.6952868449721127,0.3386364437144137,-0.0711756246236161,0.3489088038761405,0.6980702679815387,-0.5064334049281687,0.46992587147252013,0.2803578003296543,-0.3294224035986293
30.932927577,0.6952801694852904,0.3386369282459037,-0.0711858586038458,0.3489088038761405,0.6980702679815387,-0.5064334049281687,0.46992587147252013,0.2803578003296543,-0.3294224035986293
30.949593432,0.6952742082547725,0.3386362198606082,-0.0711790456371449,0.3488967188812368,0.6980769713529774,-0.5064334049281687,0.46991279492897325,0.2803622709335657,-0.3294224035986293
30.966248877,0.6952668189887101,0.3386376588898997,-0.0711824582124176,0.34889656115497,0.6980770588414505,-0.5064334049281687,0.46991262426159497,0.28036232928126636,-0.3294224035986293
30.966504685,0.6952615748728284,0.3386383801905698,-0.0711892427753766,0.34889656115497,0.6980770588414505,-0.5064334049281687,0.46991262426159497,0.28036232928126636,-0.3294224035986293
30.983168295000002,0.6952560911349148,0.3386385057203755,-0.0711926626546475,0.3488843324730975,0.6980838419139673,-0.5064334049281687,0.46989939224186295,0.28036685303931896,-0.3294224035986293
31.016295736000004,0.6952496535038444,0.3386381555122936,-0.0711824411118337,0.348878363080702,0.698087153049372,-0.5064334049281687,0.46989293307326335,0.2803690612975106,-0.3294224035986293
31.016598633,0.6952427404197237,0.3386394747831619,-0.0711960974955658,0.3488782514315044,0.6980872149795629,-0.5064334049281687,0.4698928122634818,0.28036910259991443,-0.3294224035986293
31.033221196000003,0.6952379728162501,0.3386392418599681,-0.0711926264802246,0.3488721242799581,0.698090613621681,-0.5064334049281687,0.46988618239192187,0.28037136921797157,-0.3294224035986293
31.049855641,0.6952320130087734,0.3386404408226193,-0.0711926748498486,0.3488661548999361,0.6980939247502222,-0.5064334049281687,0.4698797232367109,0.28037357747158587,-0.3294224035986293
31.066519281,0.6952255762327482,0.33864056745115,-0.0711926604621289,0.34885985348473586,0.6980974200538623,-0.5064334049281687,0.4698729048035275,0.2803759085550217,-0.3294224035986293
31.083156792,0.6952196165570483,0.3386412895764492,-0.0711892383109607,0.34885893620337166,0.6980979288764013,-0.5064383687212732,0.4698719122576409,0.2803762479046059,-0.32942736739173384
31.116230190000003,0.6952138949107683,0.3386416537992998,-0.0711994558123171,0.34884762038577866,0.6981042058470237,-0.5064335709830097,0.46985966795665723,0.2803804342134112,-0.3294225696534703
31.132918548000003,0.6952069801742722,0.3386416617689596,-0.0711995027182965,0.34883851238590063,0.6981092581242624,-0.5064509212769135,0.46984981262884296,0.28038380373574345,-0.3294399199473741
31.133221294000002,0.6952017358612265,0.3386419062325242,-0.0711892534774076,0.34883845567457084,0.698109289582471,-0.5064506073752106,0.4698497512642455,0.2803838247162106,-0.32943960604567124
31.166271968,0.6951952997109121,0.338643105744406,-0.0711926577215662,0.34882364487956496,0.6981175049845526,-0.5064334049281687,0.4698337252622556,0.28038930374352267,-0.3294224035986293
31.166505062000002,0.6951898164393394,0.3386433504831756,-0.071202867680519,0.3488234714735057,0.6981176011703792,-0.5064334049281687,0.4698335376285906,0.28038936789165125,-0.3294224035986293
31.183181317000003,0.6951838557783432,0.3386432381440199,-0.0712062825195607,0.3488231050580379,0.6981178044157261,-0.5064334049281687,0.46983314114949737,0.2803895034397782,-0.3294224035986293
31.216291926,0.6951759886039017,0.338643604839895,-0.0711994626744615,0.34881402340584033,0.6981228420777048,-0.5064509010585709,0.46982331433123864,0.28039286321473467,-0.32943989972903154
31.232942602,0.6951707446381921,0.3386448029777059,-0.0712062734967061,0.3488109812163607,0.6981245296034919,-0.5064340622987977,0.46982002252458555,0.2803939886786705,-0.32942306096925833
31.233234969,0.6951650215203536,0.3386440943178391,-0.0712062912152275,0.3488109277989612,0.6981245592345323,-0.5064337666292591,0.46981996472419135,0.28039400844054174,-0.3294227652997197
31.249792918,0.6951597780317085,0.338645054036666,-0.0711994412298794,0.3488047647746711,0.6981279779112737,-0.5064671560547644,0.46981329601256205,0.28039628846340725,-0.32945615472522505
31.266450137000003,0.6951535795854477,0.3386457764370294,-0.0712096845936996,0.3487986198457877,0.6981313865503543,-0.5064334049281687,0.4698066468811004,0.28039856179184164,-0.3294224035986293
31.283142632,0.6951473805333974,0.3386455451633401,-0.071206268332922,0.34879259932843665,0.6981347261774058,-0.5064667289686575,0.46980013236936335,0.2804007890939867,-0.3294557276391181
31.299787086000002,0.6951409449163367,0.338646983093449,-0.0712096771037711,0.34878646633474825,0.6981381281959425,-0.5064338980765264,0.4697934961524012,0.2804030580069724,-0.329422896746987
31.33293188,0.6951354608203635,0.3386465125769564,-0.0712096706877527,0.34877721005313256,0.6981432627261959,-0.5064504276192654,0.4697834803760633,0.28040648238642296,-0.329439426289726
31.333235548,0.6951285474415214,0.3386474742201055,-0.0712096949135835,0.3487771539586149,0.6981432938422542,-0.5064501171316671,0.4697834196788886,0.2804065031386993,-0.3294391158021277
31.349792075000003,0.695122826147678,0.338647838442692,-0.071213076977201,0.3487719714402071,0.6981461686248784,-0.5064453783746217,0.46977781192543044,0.2804084204214997,-0.32943437704508227
31.366475383,0.6951171046786404,0.3386485602933496,-0.0712130923891181,0.34876197398406533,0.6981517142903139,-0.506433858564737,0.4697669941598501,0.2804121189999128,-0.3294228572351976
31.399660985,0.6951111440247932,0.3386482095355619,-0.0712130813657145,0.3487557707243498,0.6981551552859536,-0.5064672868255542,0.4697602819114056,0.2804144139079525,-0.3294562854960148
31.399846037000003,0.6951054230149476,0.3386492890138154,-0.0712199000716256,0.3487557707243498,0.6981551552859536,-0.5064672868255542,0.4697602819114056,0.2804144139079525,-0.3294562854960148
31.416484991,0.695098746949406,0.3386487006619191,-0.0712130727112842,0.3487557707243498,0.6981551552859536,-0.5064672868255542,0.4697602819114056,0.2804144139079525,-0.3294562854960148
31.449595239,0.695093264726468,0.3386500182837229,-0.0712130694183902,0.3487435282332736,0.6981619465606681,-0.5064672868255542,0.4697470348539376,0.28041894330840256,-0.3294562854960148
31.449846768,0.6950882581935864,0.3386503816822788,-0.0712198964360575,0.3487435196450967,0.6981619513245956,-0.5064672392893161,0.46974702556108516,0.2804189464856154,-0.32945623795977674
31.466433893,0.6950813441890336,0.338650270442077,-0.0712198868380633,0.3487375557682132,0.6981652595327462,-0.5064342287583017,0.46974057233726896,0.280421152833509,-0.3294232274287623
31.483179129000003,0.6950756236853713,0.3386517075478911,-0.0712198871689374,0.3487312856271485,0.6981687376279821,-0.5064672868255542,0.46973378771973917,0.2804234724844342,-0.3294562854960148
31.499806371000002,0.6950691853729236,0.3386513573403197,-0.0712233326633734,0.34871926521614716,0.6981754057082595,-0.5064672868255542,0.46972078096528586,0.28042791972108405,-0.3294562854960148
31.516538953,0.6950627494754394,0.3386519608054454,-0.0712130849326034,0.3487190431360722,0.6981755289026967,-0.5064672868255542,0.469720540662271,0.28042800188488437,-0.3294562854960148
31.53318497,0.6950575053958256,0.3386530397340284,-0.0712198923155981,0.3487190431360722,0.6981755289026967,-0.5064672868255542,0.469720540662271,0.28042800188488437,-0.3294562854960148
31.566242477000003,0.6950520218494527,0.3386530460543773,-0.0712198826928184,0.34870084412850266,0.6981856245666197,-0.5065002572359081,0.4697008482988367,0.2804347351700359,-0.3294892559063687
31.566530787,0.6950451084976809,0.3386538884881928,-0.0712267044681942,0.34870073743914176,0.6981856837527519,-0.5065008477810728,0.46970073285458747,0.2804347746446266,-0.32948984645153345
31.599619724000004,0.6950391474045631,0.3386532993121077,-0.0712232997591377,0.3486945582689721,0.6981891116595241,-0.5064672868255542,0.4696940466240691,0.2804370609102015,-0.3294562854960148
31.616265981,0.695032950138714,0.3386546177581532,-0.0712232955573901,0.3486945582689721,0.6981891116595241,-0.5064672868255542,0.4696940466240691,0.2804370609102015,-0.3294562854960148
31.632921947000003,0.6950272286063383,0.3386551011902317,-0.0712301000622522,0.34868247469076363,0.6981958147805342,-0.5064672868255542,0.4696809715191782,0.2804415315170605,-0.3294562854960148
31.649629622000003,0.6950203143867489,0.3386551091595042,-0.0712335081348251,0.3486823157778959,0.6981959029342386,-0.5064672868255542,0.469680799566601,0.28044159031065163,-0.3294562854960148
31.649914304000003,0.6950143541920936,0.3386551160293125,-0.071230086543795,0.3486823157778959,0.6981959029342386,-0.5064672868255542,0.469680799566601,0.28044159031065163,-0.3294562854960148
31.666473857000003,0.6950095870861286,0.3386563136175056,-0.0712369049654129,0.34867629881973916,0.6981992408535784,-0.5065005917915926,0.4696742888591515,0.2804438165585007,-0.3294895904620532
31.683171201,0.6950031494080665,0.3386559634094589,-0.0712300896893572,0.3486640205799927,0.6982060522311618,-0.5065007903038676,0.46966100307173164,0.28044835945278623,-0.32948978897432823
31.699863176,0.6949971905368458,0.338657281580722,-0.0712368944067941,0.3486578582590979,0.6982094707907658,-0.506467437566581,0.46965433507313314,0.28045063948420423,-0.32945643623704157
31.716471111,0.6949909915011422,0.3386572887256471,-0.0712471181557681,0.34865176548088794,0.6982128507714288,-0.5065008607284529,0.46964774232386575,0.2804528937851368,-0.3294898593989135
31.749613329000002,0.6949852694191662,0.3386572953208841,-0.0712301083558892,0.3486455886498244,0.6982162773805773,-0.5064672868255542,0.4696410586243996,0.280455179185253,-0.3294562854960148
31.766239558000002,0.694978595159747,0.338658375898021,-0.0712369071092466,0.3486455886498244,0.6982162773805773,-0.5064672868255542,0.4696410586243996,0.280455179185253,-0.3294562854960148
31.766472312,0.6949735882652313,0.3386582624595946,-0.0712402930585847,0.348645567695648,0.6982162890049478,-0.5064674028107596,0.4696410359507314,0.28045518693820537,-0.32945640148122024
31.799635551,0.6949671517062912,0.3386589851345292,-0.0712471096904656,0.34863037799379915,0.6982247155218434,-0.5064837167993161,0.46962459978773885,0.2804608070605643,-0.32947271546977674
31.816258273000003,0.6949602381067895,0.3386594699405905,-0.0712505227371581,0.3486272893018514,0.69822642897976,-0.5065008132752649,0.4696212576389073,0.2804619498628951,-0.32948981194572546
31.816563164,0.6949549926766705,0.3386593567770521,-0.0712403013563357,0.348627232649615,0.6982264604076992,-0.5065011268557758,0.46962119633780997,0.2804619708239714,-0.32949012552623635
31.849626082,0.6949485568047309,0.3386606754980386,-0.0712505241674697,0.3486149827097648,0.6982332560858596,-0.5065011687229415,0.46960794117256505,0.28046650324742073,-0.3294901673934021
31.866290163000002,0.6949423568940608,0.3386600865970527,-0.0712471437022406,0.3486149827097648,0.6982332560858596,-0.5065011687229415,0.46960794117256505,0.28046650324742073,-0.3294901673934021
31.882889832000004,0.6949368750307083,0.3386611657999605,-0.0712335127689761,0.34860291667967486,0.6982399500070395,-0.5065011687229415,0.4695948849615734,0.2804709678882167,-0.3294901673934021
31.883179995000003,0.6949304384518469,0.3386617692655967,-0.071250523092214,0.3486027404487969,0.6982400477753691,-0.5065011687229415,0.4695946942685693,0.28047103309670374,-0.3294901673934021
31.899833577000003,0.6949240009944443,0.3386618958946379,-0.0712471259957288,0.3486002206825397,0.6982414456764676,-0.5065011687229415,0.4695919677214234,0.2804719654540031,-0.3294901673934021
31.916639839000002,0.6949180416747555,0.3386624988103571,-0.0712471007007146,0.348590498187829,0.6982468394648785,-0.5065011687229415,0.4695814473645735,0.28047556294598663,-0.3294901673934021
31.949617494,0.6949130354202486,0.3386629814180177,-0.071253899360059,0.34858441983565264,0.6982502114426712,-0.5064675239297536,0.46957487022513456,0.28047781190935095,-0.3294565226002142
31.949947663000003,0.6949058827283944,0.3386632280807575,-0.0712607445507523,0.34858429811425806,0.6982502789678536,-0.5064677234715802,0.4695747385153287,0.28047785694572747,-0.3294567221420408
31.982906382000003,0.6949006384659147,0.338663353334971,-0.0712504892798623,0.34857230516054527,0.6982569322142853,-0.5065011687229415,0.4695617614011911,0.2804822944152201,-0.3294901673934021
31.983192577,0.694894201460555,0.33866407601024,-0.0712607145383299,0.34857219774024245,0.6982569918082888,-0.5065011687229415,0.4695616451656001,0.2804823341625986,-0.3294901673934021
32.016287857,0.6948877641405528,0.3386643218484917,-0.0712641423832391,0.3485660135508372,0.6982604226365009,-0.5065011687229415,0.46955495347984394,0.2804846224201367,-0.3294901673934021
32.033018515,0.6948815659905393,0.3386645674113799,-0.0712505134701989,0.3485543457445375,0.6982668956334295,-0.5065011687229415,0.46954232817228847,0.2804889397112106,-0.3294901673934021
32.049625869,0.6948767988845742,0.338665764999573,-0.0712573119348907,0.3485537712898693,0.6982672143260104,-0.5065011687229415,0.46954170657584815,0.28048915226941973,-0.3294901673934021
32.049965706,0.6948706002646453,0.3386660105628133,-0.0712641192164676,0.34855375737076927,0.6982672220479668,-0.5065011687229415,0.46954169151449776,0.2804891574197286,-0.3294901673934021
32.082944113,0.6948634474660358,0.3386658995976932,-0.0712573238685659,0.3485415290289013,0.6982740060155198,-0.5065011687229415,0.4695284596718523,0.2804936821187026,-0.3294901673934021
32.099638653,0.6948584423178787,0.3386670974604048,-0.0712573027830885,0.3485415290289013,0.6982740060155198,-0.5065011687229415,0.4695284596718523,0.2804936821187026,-0.3294901673934021
32.099940979,0.6948520053160936,0.3386677009263579,-0.071267534888438,0.34854140010676954,0.6982740775381815,-0.5065011687229415,0.46952832016991664,0.2804937298221315,-0.3294901673934021
32.132893246,0.694845805604113,0.3386667543972832,-0.0712607228206205,0.3485232079963425,0.6982841701848426,-0.5065348164701291,0.46950863512715674,0.2805004613516723,-0.3295238151405897
32.133169422,0.6948398466118392,0.3386681917779502,-0.0712607366959646,0.34852163005412096,0.6982850456213037,-0.5065265504069867,0.46950692768728614,0.2805010452521264,-0.3295155490774473
32.149834315,0.6948350785241523,0.3386684356923725,-0.071264141644171,0.3485170446220249,0.6982875896019333,-0.5065011687229415,0.46950196594060256,0.280502742041683,-0.3294901673934021
32.166561968,0.6948291191809677,0.3386690386081093,-0.0712641155129375,0.34851398445943765,0.6982892873687265,-0.5065181076020462,0.46949865463836316,0.2805038744217534,-0.3295071062725068
32.199603234,0.6948229207653518,0.3386695225898231,-0.0712709069361031,0.34850184603541745,0.6982960217211137,-0.5065175334715946,0.46948552004518546,0.28050836611428787,-0.32950653214205516
32.216288395,0.6948167212198904,0.3386692913165036,-0.0712743468863879,0.34849871468282256,0.6982977589838577,-0.5065348664078453,0.4694821317105581,0.28050952483745073,-0.3295238650783059
32.232898304,0.6948107619870354,0.3386701326507843,-0.0712641379402755,0.3484925603302078,0.6983011733957413,-0.5065011687229415,0.46947547228609465,0.2805118021890779,-0.3294901673934021
32.233140395,0.6948055170865957,0.3386703771147891,-0.0712675247326744,0.3484925603302078,0.6983011733957413,-0.5065011687229415,0.46947547228609465,0.2805118021890779,-0.3294901673934021
32.266271212,0.6947995576693492,0.3386710992398947,-0.0712709016656126,0.3484804923737936,0.6983078686529633,-0.5065021329118373,0.4694624139436176,0.2805162678058367,-0.3294911315822979
32.282962035000004,0.6947931205771555,0.3386715834966023,-0.0712777365820831,0.3484773360687411,0.6983096197592379,-0.5065176755893184,0.46945899860874873,0.28051743576238675,-0.329506674259779
32.283229504000005,0.6947864442460114,0.3386712335635317,-0.0712709425266253,0.3484772869047226,0.698309647035252,-0.5065179477262838,0.4694589454099661,0.28051745395500005,-0.3295069463967444
32.316239792000005,0.6947809621078588,0.3386720743480186,-0.0712675237569506,0.3484651615591521,0.6983163741317641,-0.506517301202857,0.4694458249685526,0.28052194080799564,-0.3295062998733176
32.316572035,0.694775002432159,0.3386727964733179,-0.0712743146133529,0.34846509897754857,0.6983164088518043,-0.5065176476100124,0.4694457572510383,0.2805219639656412,-0.329506646280473
32.333200839,0.694769042270197,0.3386732801803549,-0.0712845397620454,0.34846196676041025,0.6983181465941939,-0.5065349853317596,0.4694423679809166,0.28052312300871896,-0.32952398400222016
32.349839572,0.6947626055845804,0.3386735260181311,-0.0712777269002374,0.3484557698421935,0.6983215846213147,-0.5065015232596899,0.46943566249760205,0.2805254161112868,-0.3294905219301505
32.3664652,0.6947575997116289,0.3386746046720725,-0.0712743351227283,0.3484497128195281,0.6983249450349053,-0.506535050620327,0.46942910839070595,0.2805276574470188,-0.3295240492907876
32.399614573,0.6947509242156089,0.3386746123663161,-0.0712777224390733,0.34844057859526667,0.6983300126684676,-0.5065178473811045,0.46941922454421414,0.2805310374679222,-0.3295068460515651
32.399899386,0.6947449643626664,0.3386749768638082,-0.0712879028980595,0.34844052584626023,0.6983300419334197,-0.5065181393620097,0.46941916746623275,0.28053105698712155,-0.32950713803247034
32.432997921,0.6947399569548183,0.3386747442164531,-0.0712845316548604,0.34843153218433814,0.6983350317150909,-0.506535050620327,0.469409435694501,0.2805343851239661,-0.3295240492907876
32.449644339,0.6947325668173638,0.3386754679905176,-0.0712777371142632,0.34842532822122363,0.6983384737881471,-0.506535050620327,0.4694027225639284,0.28053668096872675,-0.3295240492907876
32.449956313,0.6947270841694534,0.3386760703567599,-0.0712845117222214,0.34842521203318816,0.6983385382510421,-0.5065349586814989,0.469402596840252,0.2805367239650244,-0.3295239573519595
32.482941723,0.6947216007027656,0.3386765535143023,-0.071294744679899,0.3484129864968655,0.6983453209330098,-0.506535050620327,0.46938936798568975,0.2805412478925242,-0.3295240492907876
32.499617026,0.6947158790038708,0.3386763216906256,-0.0712811082588082,0.3484129864968655,0.6983453209330098,-0.506535050620327,0.46938936798568975,0.2805412478925242,-0.3295240492907876
32.516308049,0.6947089660571503,0.3386777601707043,-0.0712947263670934,0.3484068638230371,0.6983487177696208,-0.506501177584239,0.4693827428398091,0.2805435135217591,-0.32949017625469956
32.516619111000004,0.6947032434056527,0.3386771707198014,-0.0712913246062827,0.3484067490567078,0.6983487814415523,-0.5065018128488425,0.4693826186549031,0.2805435559897981,-0.32949081151930315
32.549659466,0.6946968071450084,0.3386781318131392,-0.0712811252941976,0.34839163095838227,0.6983571689061341,-0.5065177320717336,0.46936625985323355,0.2805491502785846,-0.32950673074219416
32.549932907,0.6946906093060631,0.3386789734223608,-0.0713015257772739,0.3483915803260359,0.698357196996771,-0.5065180123363167,0.4693662050656211,0.28054916901453686,-0.32950701100677726
32.566601868,0.6946851249587855,0.33867826448743,-0.071294721723002,0.3483878389202987,0.698359272744115,-0.5065387221609967,0.4693621566071877,0.2805505535101993,-0.3295277208314573
32.5831719,0.6946782125723888,0.3386798221764021,-0.0712879191983727,0.3483763203292815,0.6983656637258698,-0.506535382965291,0.46934969262523263,0.28055481634266566,-0.3295243816357516
32.599907458000004,0.6946727288651201,0.3386797092875582,-0.0713015071356749,0.3483762602892694,0.6983656970385052,-0.506535050620327,0.46934962765742305,0.2805548385624417,-0.3295240492907876
32.616449266000004,0.6946672454760686,0.3386799540264158,-0.071294711815279,0.3483710272406514,0.6983686004303076,-0.506535050620327,0.4693439651255838,0.28055677510961796,-0.3295240492907876
32.633184353000004,0.694661047167208,0.3386807956359896,-0.0712913378737505,0.3483640182584238,0.6983724891428017,-0.5065350506203252,0.46933638090691476,0.2805593688605522,-0.3295240492907858
32.66627832,0.6946560416844869,0.3386813974523853,-0.0712981109017791,0.3483580199121272,0.6983758171358584,-0.5065350506203252,0.4693298902684042,0.2805615886145487,-0.3295240492907858
32.666565427,0.694648412293784,0.3386817638739356,-0.0713015306286314,0.34835791420902185,0.698375875781889,-0.5065350506203252,0.4693297758901052,0.2805616277311449,-0.3295240492907858
32.683258554000005,0.6946434056071557,0.3386817696446668,-0.0712981323758327,0.3483517762275782,0.6983792812470984,-0.506535050620327,0.4693231341564065,0.28056389915866287,-0.3295240492907876
32.699799421,0.6946374462568221,0.3386826109790355,-0.0713015120218574,0.3483517762275782,0.6983792812470984,-0.506535050620327,0.4693231341564065,0.28056389915866287,-0.3295240492907876
32.732887797000004,0.6946312469590906,0.3386827373334703,-0.0712981463626568,0.3483365091738623,0.6983877517568478,-0.5065517953057714,0.4693066141035981,0.2805695489657206,-0.32954079397623204
32.733189552,0.6946255261714303,0.3386834591836175,-0.0712981234562107,0.34833645315291933,0.6983877828395404,-0.506552105403614,0.4693065534847237,0.2805695696981083,-0.32954110407407455
32.766260785,0.6946198042467756,0.3386837041973631,-0.0713015301704482,0.3483272863614397,0.6983928689474687,-0.5065350833871527,0.46929663432678015,0.28057296217000616,-0.3295240820576133
32.766551158,0.6954295834622629,0.3383654355085731,-0.0718197460538016,0.34832718039590277,0.698392927741449,-0.5065356699478691,0.46929651966409797,0.28057300138602936,-0.32952466861832974
32.783102946,0.6971313528540811,0.3387256321161654,-0.0702948878740483,0.34942953716329594,0.6977815410185493,-0.5064885019055083,0.4704893093719315,0.28016527981382344,-0.3294775005759689
32.799858211,0.6995615046250369,0.3382703123664344,-0.0706191188674767,0.3560556933198717,0.6941048788497308,-0.5068748445126534,0.4776593443181318,0.27771285469055995,-0.329863843183114
32.816522714,0.7028585899751315,0.338267942667141,-0.0696226776067194,0.36120102008140276,0.6912478197344137,-0.5069034309774061,0.4832273663726625,0.27580646945362486,-0.3298924296478667
32.833196023,0.707006143544973,0.3378766854350738,-0.0693574180441329,0.3689245227996524,0.6869603198077852,-0.5071634119337602,0.49158516244216255,0.2729459809078869,-0.33015241060422085
32.866252177,0.71193149906636,0.3375564149596328,-0.0683409235628774,0.3766508824556453,0.6826692880119675,-0.5070387233088773,0.4999463927281171,0.2700825187531325,-0.33002772197933794
32.866577908000004,0.7176669322591984,0.3371752484792296,-0.0674010723036634,0.3767009353803173,0.682641484448816,-0.5070460339063452,0.5000005594224141,0.2700639633598175,-0.3300350325768058
32.89956987,0.7239749969617105,0.3367534868456704,-0.0668064683982221,0.3896817893737502,0.6754322780434788,-0.5064241643627625,0.5140480352411664,0.26525317854700947,-0.3294131630332231
32.916246556000004,0.7305269530600649,0.3363207152611887,-0.0660628436282403,0.39270923822261883,0.6737544006177127,-0.5060373456416727,0.5173236326331204,0.26413461656203263,-0.3290263443121333
32.932951956000004,0.7372014499153523,0.3358839877360574,-0.0653221098484179,0.3956296927793735,0.672136019215118,-0.5056582994324152,0.5204834310413036,0.26305578052167367,-0.32864729810287585
32.949662997000004,0.7438661785624094,0.3354526358916324,-0.0644918666632199,0.4043380107864882,0.66732158936979,-0.5045164138848577,0.5299034401586249,0.25985000986889695,-0.3275054125553183
32.966276653,0.7505900388056497,0.3350243153360121,-0.0638654278115634,0.4072833584519962,0.6656952781732141,-0.5041067242138961,0.5330891390483283,0.2587677513217078,-0.32709572288435673
32.966586483,0.7572719425790746,0.3346008115139012,-0.0632116059867897,0.40733828658263777,0.6656649489068542,-0.5040990838636468,0.5331485495168606,0.25874756815638433,-0.32708808253410737
32.999594045,0.7639390734680764,0.3341845964907344,-0.06252422217889,0.4220235713985901,0.6575799796094871,-0.5024907579499853,0.54902803482954,0.25337483469292177,-0.3254797566204459
32.999858599,0.7706071632165599,0.3337732679463268,-0.0619965433043779,0.4220705052960442,0.6575541877883891,-0.5024856007954028,0.5490787769894634,0.2533577103835315,-0.32547459946586343
33.016467997,0.7772912268404492,0.3333626362462982,-0.0619763750462365,0.4269061618556598,0.6548983002272613,-0.5019872882281913,0.5543065437089157,0.25159482404944933,-0.3249762868986519
33.049576391,0.7840596787993036,0.332941059228284,-0.06176954366327,0.43671599243544906,0.6495172233638802,-0.5015883334149169,0.5649106334020826,0.24802522379268976,-0.32457733208537753
33.049903965,0.7906595862778825,0.3325351736918154,-0.0611346044956269,0.4368261614484004,0.6494568215821144,-0.5015853522498119,0.5650297169931079,0.247985165272951,-0.32457435092027254
33.082932908000004,0.797313384454156,0.3321338752076044,-0.0609610303381007,0.45134251966832456,0.6415042362468651,-0.5006920420777057,0.5807196040499649,0.24271300123655692,-0.3236810407481663
33.099659418,0.8041023454831016,0.3317181158093064,-0.0606362574196535,0.4542984721455847,0.6398867411029451,-0.500606472341957,0.5839141896433444,0.24164128836689502,-0.3235954710124176
33.099969128000005,0.8107179970475742,0.3313190070605311,-0.0599966684540313,0.4543819678002324,0.6398410700441202,-0.5006027805348516,0.5840044227582787,0.24161103353375268,-0.32359177920531224
33.116534843000004,0.8174559584490989,0.3309197573383143,-0.0597280894040376,0.46024402366352174,0.6366351635333928,-0.5003030282346064,0.5903394024687585,0.23948745929025206,-0.323292026905067
33.133152756,0.8241877162975872,0.3305183689967676,-0.0598514367959829,0.46912496966971723,0.6317854896303906,-0.4995188571245812,0.5999355482300215,0.23627739302006168,-0.3225078557950418
33.149860180000005,0.830918043371204,0.3301156710017743,-0.0597479316308557,0.4778777714549315,0.6270098919082112,-0.49948643368773915,0.6093925081668011,0.23311768077849937,-0.32247543235819975
33.166594596,0.8376462256598488,0.3297140483630686,-0.0594373892032484,0.48387551421017555,0.6237376978551445,-0.49938538753807116,0.6158727270277777,0.23095274761721007,-0.32237438620853176
33.183151263,0.8443479490904089,0.3293168669676027,-0.0590054029690532,0.4897432808979085,0.620537959795982,-0.49908305209244297,0.6222122421370011,0.22883625104767558,-0.3220720507629036
33.199835533000005,0.8510739942884868,0.3289229954009653,-0.0587280078113669,0.4956746828208308,0.6173062399757728,-0.4986750531610902,0.6286200297503143,0.22669947785656497,-0.3216640518315508
33.216504554000004,0.8578138662028806,0.328527796594627,-0.0586509745783489,0.5015066904657106,0.6141312135168168,-0.49841729381123656,0.6349199931546015,0.22460101001319677,-0.32140629248169716
33.249639398,0.8645430100228981,0.3281328485723785,-0.0584472045129869,0.5104823480334864,0.6092474186990257,-0.4982102211795887,0.6446153788400603,0.221374033563569,-0.3211992198500493
33.249899213,0.8712728717313863,0.327740164700709,-0.058134199971652,0.5105288228311525,0.6092221373099165,-0.4982086240078658,0.6446655791929139,0.22135733086837384,-0.3211976226783264
33.266465488,0.8780046433178346,0.3273499820243207,-0.0578321447884147,0.5165397267763637,0.6059534090733805,-0.4979315355510341,0.651158143303636,0.21919812689675666,-0.3209205342214947
33.283166761000004,0.8847361786247961,0.3269613493422032,-0.0575368563499456,0.5223395839631637,0.6028016728931941,-0.4976168937414407,0.6574223574792661,0.21711692409582561,-0.3206058924119013
33.299835431000005,0.8914684316991747,0.3265751000200689,-0.0572486028110724,0.5292227064272791,0.5990642250722639,-0.49726258762504116,0.6648560471126502,0.21464991183304605,-0.32025158629550177
33.316734089,0.8982004486513882,0.3261906391107141,-0.0569673133679754,0.5341990217446478,0.5963641035368621,-0.49702364445065683,0.6702300637898425,0.2128682510356218,-0.32001264312111743
33.333232155000005,0.9049329439875192,0.325807846580986,-0.0566932654625094,0.5371291975741779,0.5947746448216936,-0.49688974314913636,0.6733943386300143,0.2118195975489816,-0.31987874181959697
33.349828948,0.9116654418509924,0.3254269613983773,-0.0564178095212981,0.5438308554618323,0.5911421175879288,-0.49655364655348144,0.6806309239131136,0.20942391268079963,-0.31954264522394205
33.366480976000005,0.9183981800761124,0.3250478640792121,-0.0561540084824983,0.5519443056992371,0.586747917137867,-0.4961954222066254,0.6893913630334578,0.2065270559758674,-0.319184420877086
33.383175225,0.9251309201579208,0.3246703164797288,-0.0558889070266364,0.5550471724082235,0.5850681572887946,-0.49603646287908454,0.6927415313097293,0.20541992116702257,-0.31902546154954514
33.399832173,0.9318634236313018,0.3242943188747627,-0.0556400605360545,0.5609179684573417,0.5818920807904482,-0.49576862097213237,0.6990798619262066,0.2033272498670058,-0.31875761964259297
33.432982157000005,0.938594975992221,0.3239207065533452,-0.0553856473160372,0.5727181992637354,0.5755139916612896,-0.4952631447643938,0.7118188126467988,0.19912670197869664,-0.3182521434348544
33.433295203,0.9453279603569408,0.3235481654658269,-0.0551300176764603,0.5728294767336317,0.5754538965469096,-0.49525805590017136,0.711938933374014,0.19908714052053145,-0.31824705457063196
33.466258811,0.9520619001262182,0.3231774114175101,-0.0548820993910427,0.5844771903698903,0.5691661369088047,-0.4947587572528036,0.7245118441484879,0.19494865421803054,-0.3177477559232642
33.482912233,0.9587946497555456,0.3228082084628054,-0.0546374479845911,0.5903730623813424,0.5659862461487191,-0.4944903399220486,0.7308755305467404,0.1928566438341659,-0.3174793385925092
33.499606401,0.9655281167472388,0.3224407928218207,-0.0544096062552938,0.5993279081137173,0.561160278485393,-0.49414796738718536,0.7405402469218182,0.18968292624001792,-0.31713696605764596
33.499917424,0.9722615856461864,0.3220748076911669,-0.0541627533200896,0.5993852372057249,0.5611293939706737,-0.49414600560264255,0.7406021186079059,0.18966261928306927,-0.31713500427310315
33.51647929,0.9789933872926092,0.3217109702504986,-0.0539420946090943,0.6048626983474664,0.5581792558844777,-0.49394447529019203,0.746513475345472,0.18772309439069323,-0.31693347396065263
33.549588125,0.9857273369020786,0.3213482032188013,-0.0536975248905444,0.6142627731435184,0.553119698655647,-0.49356888127784515,0.756657596156109,0.18439783673114496,-0.31655787994830575
33.549892886,0.9924608111054892,0.3209871056660189,-0.0534700502302388,0.6143554147316974,0.5530698702362074,-0.49356474670961425,0.7567575643556339,0.18436509998836348,-0.31655374538007486
33.582934423000005,0.999194525399321,0.3206274383489432,-0.0532507942751082,0.6290412370096599,0.5451755227759528,-0.4929449214320485,0.7726040125006581,0.17918010442518462,-0.3159339201025091
33.583261236000006,1.0059284796860166,0.3202693204769607,-0.0530444494928636,0.6291007590614255,0.5451435491746972,-0.4929425442049862,0.7726682346553745,0.17915911155336506,-0.3159315428754468
33.599838432000006,1.0126619586279428,0.319912395246594,-0.0528280190227681,0.633532758356567,0.5427631774327553,-0.4927819129118518,0.7774501364417237,0.17759635671408913,-0.3157709115823124
33.616477636,1.0193959167996347,0.3195571383952202,-0.0526152999668775,0.6438886794352263,0.5372045076148735,-0.4924197761577265,0.7886230556516509,0.17394809851871829,-0.3154087748281871
33.633136758,1.0261301143568746,0.3192033117800812,-0.0524249990468712,0.6498853158393443,0.5339880970215044,-0.49221426836385085,0.7950923626470952,0.17183788235277098,-0.31520326703431145
33.649818573000005,1.0328643133693258,0.3188503196290452,-0.052215263999825,0.6557805026913951,0.5308276584823658,-0.4920127569483519,0.8014519492879071,0.1697648995891492,-0.3150017556188125
33.682908473000005,1.0395982759505926,0.3184992351003335,-0.052014068670612,0.6617835979673037,0.527610927216666,-0.49180715898008387,0.8079276706980718,0.16765550509183524,-0.3147961576505445
33.683297414,1.0463322398190262,0.3181491042451639,-0.0518355940914892,0.6618995847282191,0.5275488011033028,-0.49180319344786483,0.8080527847655774,0.16761477362020094,-0.31479219211832543
33.716326477,1.0530673973998124,0.3178005217358521,-0.0516328702514703,0.6765501713561896,0.519705224613966,-0.4913186770347018,0.8238556076758986,0.16247355112425954,-0.3143076757051624
33.732918381000005,1.0598016026351105,0.3174531324178792,-0.0514625328837608,0.6795597758604935,0.5180948497225274,-0.4912328951673022,0.8271017531605591,0.16141829473090274,-0.3142218938377628
33.733292333,1.0665367630578817,0.3171069340927043,-0.0512725673800929,0.6796276069920855,0.5180585547372504,-0.49123096179661196,0.8271749155050537,0.16139451112904457,-0.31421996046707257
33.766281771,1.073271924646766,0.3167618086504754,-0.0510866597297089,0.6944184856815374,0.5101505515470666,-0.49074169238023835,0.8431271831049485,0.15621457239548908,-0.31373069105069895
33.766609235000004,1.0800073260783418,0.3164177558161989,-0.0509240247980474,0.6944783401692328,0.5101185690258192,-0.4907399868908229,0.8431917340717934,0.1561936292810593,-0.3137289855612835
33.783185499000005,1.0867420137092303,0.3160753727356198,-0.0507416437840386,0.699496524175255,0.5074376017762156,-0.4905971232643722,0.8486035923737092,0.15443819604913933,-0.3135861219348328
33.799834752,1.0934771789808468,0.3157335851514045,-0.0505682252426765,0.7093732489790971,0.5021635358157077,-0.49031597023475904,0.8592546876862115,0.15098571386227622,-0.31330496890521964
33.832920173000005,1.100211869303548,0.3153931094178216,-0.0504135619913786,0.7182533603314045,0.49742498824902426,-0.49006301713214384,0.8688304438133877,0.14788489054193865,-0.31305201580260444
33.833295157,1.106947037393654,0.3150537060177608,-0.0502486961412859,0.7183198863160122,0.49738949882495065,-0.49006112223126763,0.8689021795548635,0.14786167009310558,-0.31305012090172823
33.866246983,1.1136826836306706,0.3147152557416244,-0.0500978895603631,0.7301145356432918,0.49109999109510727,-0.48972519807147563,0.881620037882516,0.14374733663615125,-0.31271419674193623
33.866595848,1.120417615595036,0.3143777599636591,-0.049927076431036,0.7301787333131964,0.4910657716868317,-0.48972336981977804,0.8816892580559338,0.1437249563699342,-0.31271236849023865
33.88314462,1.1271523106327574,0.3140414565525095,-0.0497703677439158,0.7381094241189191,0.48683942554647686,-0.48952572637649894,0.8902402363258638,0.1409611493974322,-0.31251472504695954
33.916272331,1.1338879607532448,0.3137067017621761,-0.0496131467713673,0.7451104925522511,0.4831103079015974,-0.4892985309611966,0.8977885621092181,0.13852310602499218,-0.3122875296316572
33.932909441,1.1406236121011353,0.3133725430174896,-0.0494652985690291,0.7510311203484973,0.47995828712568006,-0.48912996615697324,0.9041717098969372,0.1364628893389047,-0.31211896482743384
33.949643706,1.1473595021945653,0.3130392184629509,-0.0493120705920599,0.7572915208072254,0.47662651795496835,-0.48901950501658753,0.9109209727489795,0.13428556284418913,-0.31200850368704813
33.966297147,1.1540953946886603,0.3127073244183733,-0.0491682274930119,0.7658437420003908,0.47207703318043054,-0.48879264671044,0.9201406704898634,0.13131311055402206,-0.3117816453809006
33.966604493000006,1.160830810646852,0.3123763845976773,-0.0490240253159534,0.7658996408343669,0.47204730416564034,-0.48879137513170434,0.9202009307967832,0.1312936891902643,-0.31178037380216495
33.983196477,1.1675662275106544,0.3120458024042428,-0.048884342612112,0.7707184494248165,0.4694848437602168,-0.4886713651914292,0.9253956613988347,0.12961980343165835,-0.3116603638618898
33.999848024,1.17430236153251,0.3117167691060547,-0.048744251058783,0.7778384996033143,0.46570012098447416,-0.4884857911717386,0.9330709011683408,0.12714797505692388,-0.31147478984219923
34.016494442,1.1810382575847098,0.3113884513382107,-0.0486087722711345,0.7865402215977202,0.461076755249507,-0.4882551432296758,0.9424507732289518,0.12412912154710154,-0.3112441419001364
34.033210553,1.187774154779527,0.3110612064533303,-0.0484729519443216,0.7927586495046255,0.45777426711784536,-0.4881461954492714,0.9491535633331234,0.12197322769244079,-0.311135194119732
34.049818598,1.194510530198892,0.3107346762736895,-0.0483316122833369,0.7986299864124589,0.45465703568815313,-0.4880126855990454,0.9554820644424804,0.11993857721129819,-0.31100168426950603
34.082987677000006,1.2012464291129978,0.3104088618992807,-0.0482152437811058,0.8075784066218842,0.44990835941723845,-0.48779190064232125,0.9651268456049933,0.1168398118284989,-0.31078089931278186
34.083235109,1.2079820912414332,0.3100842398915822,-0.0480833183351791,0.8076229479535416,0.44988472781341105,-0.4877911403420754,0.9651748521958661,0.11682439267942857,-0.310780139012536
34.099854275000006,1.2147184686569354,0.309760093896712,-0.0479612596183057,0.8127408042962752,0.447169753478609,-0.48769157710166056,0.9706908136380686,0.1150530348523292,-0.31068057577212116
34.132950796,1.221454848205452,0.3094369015747503,-0.0478285908952334,0.825446431427293,0.4404329058219112,-0.48738539329956154,0.9843841864341208,0.11065876373980665,-0.31037439197002215
34.133223286,1.2281905122196952,0.3091144253332783,-0.047716131355363,0.825495122514515,0.4404070979107006,-0.4873845623440545,0.9844366611599731,0.11064193301187708,-0.3103735610145151
34.149828194,1.2349268940100304,0.3087932595679632,-0.0475930279883269,0.8286188247509182,0.43875145502274676,-0.48733035180041995,0.9878030926872315,0.1095622072103779,-0.31031935047088055
34.166451278000004,1.2416632756450927,0.3084725706400177,-0.0474747876934118,0.8403516983079886,0.432535320723927,-0.48709726479698645,1.0004472203412442,0.10550922270557206,-0.31008626346744705
34.199606581000005,1.2483996584263473,0.3081528353857199,-0.0473562859277873,0.8463319150122803,0.42936832561233235,-0.4869615097524971,1.0068916627274143,0.103444758562389,-0.3099505084229577
34.199897967000005,1.2551350885781165,0.3078335780670942,-0.0472477709358643,0.8464261522838745,0.4293184323394225,-0.48695984223901334,1.006993213096792,0.10341223896032459,-0.30994884090947394
34.216486895,1.261872188125145,0.3075151532897103,-0.0471442256394604,0.8568329534683654,0.4238093897911208,-0.4867822899608356,1.0182074786110482,0.09982179195914431,-0.3097712886312962
34.249622241000004,1.2686083346361106,0.3071974448669297,-0.0470248564546259,0.8671095190843933,0.4183718266492233,-0.4865732012004358,1.0292809568928614,0.09627877452694655,-0.3095621998708964
34.249914578,1.27534424437213,0.3068805711829112,-0.0469155604317567,0.8671617047368728,0.41834422083491446,-0.4865723109905442,1.029337188168637,0.09626078934045779,-0.3095613096610048
34.282928382,1.2820808701128608,0.3065645311391235,-0.0468060115257671,0.8761182197561944,0.4136070646529111,-0.48641953156281303,1.038987909104687,0.09317478943791235,-0.30940853023327364
34.299619004,1.288817496215226,0.3062489679323181,-0.0467119410987366,0.8821253838414178,0.410431013110993,-0.486283293832134,1.0454604725325736,0.09110615548873169,-0.3092722925025946
34.299975343,1.2955534078676971,0.3059340015958767,-0.046612397057215,0.8822498774081385,0.41036521093322464,-0.4862811705368273,1.0455946077931664,0.09106330334036539,-0.3092701692072879
34.332997383,1.3022902735941426,0.3056197494158141,-0.0465021538873672,0.8969012525045057,0.40262261974429064,-0.48603129529385214,1.0613804245449006,0.08602162703043825,-0.30902029396431274
34.333302003,1.3090266640171877,0.3053060938307698,-0.0464126622585572,0.8969567868995378,0.40259328098988895,-0.4860303482308268,1.0614402573872486,0.08600252565567224,-0.3090193469012874
34.366255803,1.3157635320973071,0.3049932721607035,-0.0463071972293371,0.9057964223816827,0.3979241934972572,-0.48584671403251534,1.0709639390129386,0.08296294973730112,-0.30883571270297594
34.38291271,1.3224989700160168,0.3046814058136839,-0.0462067782441576,0.911836227024478,0.3947350528496291,-0.4857763529334651,1.0774709378060017,0.08088717882013319,-0.3087653516039257
34.399579447,1.329234885371141,0.3043698965445544,-0.0461220629951581,0.9177904864628771,0.3915917377203866,-0.48567530346046794,1.0838856587613073,0.0788414538808867,-0.30866430213092855
34.416247316,1.3359712787429263,0.3040589827715069,-0.0460318268637951,0.9237659009782828,0.38843802851458176,-0.4855734227445687,1.0903230345060795,0.07678922243528452,-0.3085624214150293
34.416615417,1.3427079105655293,0.3037485455608881,-0.0459361271697828,0.9252362391781261,0.3876621961913897,-0.48554835479805547,1.0919070126301487,0.0762844219617328,-0.3085373534685161
34.433163077,1.349445020408367,0.3034385846370354,-0.045850844022715,0.935633125895825,0.38217692144632776,-0.48540429243620764,1.1031073333703294,0.0727156255586644,-0.30839329110666824
34.466250481,1.3561809382131975,0.3031292211337101,-0.0457494065536274,0.9446489315726847,0.3774220572334135,-0.48525139492698344,1.1128195366857805,0.06962263470101704,-0.30824039359744404
34.466639122000004,1.3629173338160774,0.3028206915452573,-0.0456691879481427,0.944718700999282,0.3773852676451422,-0.48525020559427645,1.1128946941319766,0.06959870553525282,-0.30823920426473705
34.499572893,1.3696539690644849,0.3025127577276513,-0.0455833907814783,0.9595451665891048,0.3695691549197367,-0.48503146545196785,1.1288658117515031,0.06451548785294814,-0.30802046412242845
34.516235091,1.3763908426462312,0.3022053004725621,-0.0455028662121378,0.9625799663019019,0.36796993767291925,-0.48497973969582375,1.1321347940267033,0.06347565133515354,-0.30796873836628436
34.516624814000004,1.3831274798488846,0.3018987971652517,-0.0454221125691918,0.9626499010475121,0.3679330851349677,-0.48497854771531124,1.1322101252933938,0.06345168931404055,-0.30796754638577184
34.549574095000004,1.3898645932028346,0.3015924125181677,-0.0453412692989099,0.9773589498790431,0.3601839628621885,-0.48476184481800644,1.1480538646404668,0.05841373962901397,-0.30775084348846704
34.566277461000006,1.3966012304146858,0.3012863860481036,-0.0452656794344966,0.9833222345962763,0.3570434913339267,-0.48469319660487464,1.1544769691251457,0.05637240310175917,-0.30768219527533525
34.566527828000005,1.4033381064333657,0.3009807169308883,-0.0451845369168203,0.9834115686600243,0.35699644520860174,-0.48469218270959047,1.1545731915534372,0.056341822762527305,-0.30768118138005107
34.583227668,1.4100747453410092,0.3006761209713134,-0.0451195008704877,0.9864618546423963,0.35539038924252864,-0.4846407035940281,1.1578586223330893,0.055297981331787316,-0.3076297022644887
34.616265177,1.416811622793454,0.3003720015740969,-0.0450435545060523,0.9982879700450212,0.34916467576770166,-0.48450694400111516,1.1705962216530121,0.05125198610787218,-0.30749594267157576
34.632947824,1.4235480243387568,0.3000682403537242,-0.0449674220782644,1.001322261592414,0.3475675759679126,-0.48445523990274353,1.173864330846027,0.050214144468894495,-0.30744423857320413
34.649610373,1.4302853800086,0.2997650740803792,-0.0448911684691033,1.0073500916891984,0.3443954709188654,-0.48438642726371484,1.1803565424366655,0.04815303438443219,-0.30737542593417544
34.666248314,1.437022021071228,0.2994622662588894,-0.0448366072134742,1.0162767709402865,0.3396991598182179,-0.484251184151244,1.1899707014742082,0.04510198761214124,-0.3072401828217046
34.666592019,1.4437589004743443,0.2991596965812844,-0.0447656085561965,1.0163394343558245,0.33966619725279384,-0.48425047313151914,1.1900381900518466,0.04508057438598134,-0.30723947180197975
34.699579473,1.4504957810108805,0.2988577229493968,-0.0446944634582441,1.030980938166905,0.33196564202393924,-0.48408565958391314,1.2058068877317836,0.04007853898413927,-0.30707465825437374
34.699923479,1.457232661862059,0.2985562261545266,-0.0446286914105085,1.031102875731378,0.33190151819452857,-0.4840835821844216,1.2059382113920316,0.040036888877453713,-0.3070725808548822
34.732899781,1.4639700198641294,0.2982552056470738,-0.0445738189706984,1.0401439014500764,0.3271482287797297,-0.4839968800270107,1.215674963368284,0.03694988915928932,-0.3069858786974713
34.749589752000006,1.4707073783253914,0.2979545427672169,-0.0445188853754133,1.0431522159328943,0.3255667539770824,-0.483979797444114,1.2189147500279223,0.03592285411657192,-0.3069687961145746
34.749823828000004,1.477443783831801,0.2976542386139626,-0.0444473320075302,1.04321275111133,0.32553493295091057,-0.4839792444679283,1.2189799426119612,0.03590218983528193,-0.3069682431383889
34.766478181000004,1.484180189589515,0.2973541728791466,-0.0443923029911414,1.0491782103100475,0.32239927348289543,-0.4839114007466421,1.2254043402541779,0.03386597307727268,-0.3069003994171027
34.7832565,1.4909165958191934,0.2970548223998568,-0.0443370632046749,1.057147678537598,0.3182112808263413,-0.4837953247051754,1.2339867364351211,0.031146748534390478,-0.306784323375636
34.816351779,1.4976539557249433,0.2967553516120508,-0.0442762482921858,1.06705056998253,0.31300837520926683,-0.4836987070360763,1.2446510590320952,0.027768922402398977,-0.3066877057065369
34.816687279,1.504391317451114,0.296457072916014,-0.0442098051234019,1.0671643869777137,0.3129485868897967,-0.4836980332390688,1.244773625580109,0.027730110125402163,-0.3066870319095294
34.833280565,1.5111291553285815,0.2961589128802034,-0.0441544191439211,1.0730180231949396,0.3098736750751553,-0.48366479912043125,1.2510772506031198,0.025734001110164773,-0.30665379779089186
34.849811363,1.517866994232714,0.2958609912622504,-0.0440988918822591,1.0810196154471765,0.3056713099008707,-0.48355160817604315,1.259693799681029,0.023006285286057748,-0.30654060684650375
34.866523175000005,1.5246034025668105,0.295563548130397,-0.0440489099813215,1.0879232553518114,0.302046217638917,-0.4834956243797688,1.2671279016843484,0.02065348583757426,-0.3064846230502294
34.899602224,1.5313417186923215,0.2952661027998085,-0.043987699569958,1.0968536549781935,0.2973575907245801,-0.4834278725326282,1.2767443698706082,0.017610658295404646,-0.3064168712030888
34.899966558,1.5380790817112822,0.2949693738238761,-0.0439486995817856,1.096983670752946,0.29728933812917796,-0.48342667329614386,1.2768843725408219,0.017566366413568124,-0.30641567196660446
34.933033954,1.5448164448477215,0.2946726448478557,-0.0438929487772858,1.111716133936303,0.2895566174222792,-0.483277073720771,1.2927482722567154,0.01254868499841788,-0.3062660723912316
34.933389662,1.5515533320264534,0.2943763932580304,-0.0438482405687459,1.1117809141032249,0.28952262203616524,-0.48327597058480265,1.2928180263776643,0.012526627824661352,-0.30626496925526325
34.949860665,1.5582906959602232,0.2940804987466058,-0.0438035151619726,1.1147805495449576,0.2879484710284065,-0.48322489004736724,1.2960479799783893,0.01150527386266298,-0.30621388871782784
34.966496463000006,1.565028537373825,0.2937850805223522,-0.0437587818079707,1.1267031034893702,0.2816931549816505,-0.4831233011871383,1.3088857235913651,0.007447120301038168,-0.3061122998575989
34.999595039,1.5717659028496402,0.293490258893592,-0.0437083436144864,1.1356756132742796,0.27698668009563654,-0.4830553669679336,1.3185467867552405,0.00439413876873429,-0.3060443656383942
34.999943723,1.578503744373572,0.2931950790878823,-0.0436635171159421,1.1357385150951071,0.27695368809546145,-0.48305465369127276,1.318614515196055,0.004372738548085953,-0.30604365236173336
35.016545175000005,1.5852411103754922,0.2929007342959812,-0.0436073687420316,1.13876124830003,0.2753682683999129,-0.4830206952640399,1.3218691899254285,0.003344359218677373,-0.3060096939345005
35.033243131,1.5919784764678206,0.2926065087133257,-0.0435680051490996,1.1461212021771114,0.2715085125788733,-0.4829789240067264,1.329793797182364,0.000840914413186733,-0.305967922677187
35.049936779,1.5987158424860877,0.2923124023400391,-0.0435286344141062,1.153564911666347,0.2676052806679561,-0.4829201412234845,1.3378085069419057,-0.001690578778754226,-0.3059091398939451
35.082913322,1.6054532086652502,0.2920184151759452,-0.0434835917303153,1.165434485169052,0.26138249656370693,-0.48281937060886904,1.350588369476514,-0.005726037952222651,-0.30580836927932964
35.099590298,1.612190575417509,0.2917249048486751,-0.0434385022906459,1.168521269387492,0.25976441186732835,-0.4827843723001326,1.3539118463019013,-0.006775293253366732,-0.3057733709705932
35.099970813,1.618927943048309,0.291431871358,-0.0433989676227893,1.1686137974367494,0.25971591184758264,-0.4827835816178876,1.3540114688212774,-0.006806742346324501,-0.3057725802883482
35.116449501000005,1.6256653107388723,0.2911391954952201,-0.0433594533684161,1.1745281141724442,0.2566160247261991,-0.4827500190989973,1.360379224047811,-0.008816751299138226,-0.3057390177694579
35.149589847,1.6324022020161115,0.2908465201817235,-0.0433198521002963,1.186428761511972,0.250379402628922,-0.4826489679100412,1.3731921115778958,-0.012860360506944168,-0.3056379665805018
35.166265701,1.6391400469515496,0.2905543206062905,-0.0432802495281253,1.192387505279134,0.247257255456962,-0.4826148285363132,1.3796075193669535,-0.014884458613797447,-0.3056038272067738
35.166642429,1.6458764621428783,0.2902624803070252,-0.0432462537982371,1.1925222284922656,0.24718666867410785,-0.4826140640708765,1.3797525669416386,-0.014930219286302893,-0.3056030627413371
35.183321919,1.652615261237076,0.2899705180506542,-0.0432179360829274,1.1998416759108852,0.24335194803846874,-0.4825725315567819,1.3876328922796772,-0.01741615279989539,-0.30556153022724253
35.216258146,1.6593526303251362,0.2896790342799604,-0.0431725782300852,1.2132671349128428,0.2363192113048264,-0.4824964245319876,1.4020869516901604,-0.021974935744518753,-0.3054854232024482
35.232932216,1.6660904817495026,0.2893882652114255,-0.0431325708205262,1.2163259159829196,0.2347170606715511,-0.48247906904985527,1.4053800571342956,-0.023013436981962232,-0.3054680677203159
35.233316789,1.6728221254048905,0.2890972648757323,-0.0430872725892021,1.2164355580488642,0.2346596350255035,-0.4824784469503669,1.4054980979501726,-0.02305065865892242,-0.3054674456208275
35.266248767,1.6795575875060158,0.2888063793497374,-0.0430474974031168,1.2340799105097895,0.22541964534856387,-0.4823444204792082,1.424493799058684,-0.029039308121982355,-0.3053334191496688
35.282921926,1.6862940039809369,0.28851561193333,-0.0430019478612157,1.2371853748556065,0.2237937680886657,-0.4823102621163571,1.4278370363010287,-0.030092944875704297,-0.3052992607868177
35.299596217,1.6930332818549054,0.2882254372656025,-0.0429791555273383,1.2401968295303916,0.22221712149870876,-0.4822761269921134,1.4310790638946445,-0.031114674199028303,-0.305265125662574
35.316344949000005,1.6997706528936374,0.2879355032145202,-0.0429278498317031,1.2461732239802463,0.21908856522820216,-0.4822419640328146,1.437512975129972,-0.033141973183862417,-0.3052309627032752
35.316662615000006,1.7065094540922534,0.2876454483055855,-0.0428992995567516,1.24628576814645,0.21902965311519582,-0.4822413255452265,1.437634134448196,-0.03318014707563216,-0.3052303242156871
35.333283454000004,1.713247302496913,0.2873558713324462,-0.0428593060688314,1.2521251971933827,0.2159730511958954,-0.4822081974065018,1.4439205501420995,-0.03516073401153669,-0.3051971960769624
35.366244568,1.7199851511023108,0.2870666519870965,-0.0428192577884421,1.2670334790161752,0.20817057969015204,-0.48212369306654423,1.459969803512146,-0.04021611676359349,-0.30511269173700484
35.366601177,1.726723000096413,0.2867777902693954,-0.0427963790717098,1.2670986672983824,0.20813646585207318,-0.48212332326128404,1.4600399802293185,-0.04023821867420063,-0.30511232193174465
35.399591266,1.7334608496906825,0.2864892861791845,-0.0427505422842667,1.27897415051369,0.20192244696701558,-0.48203962605134265,1.4728241166832845,-0.04426400896025401,-0.30502862472180325
35.399864356,1.7401986988186102,0.2862006628800098,-0.0427218974382038,1.279024180922288,0.20189627083066505,-0.4820390590323633,1.4728779746428888,-0.04428096632107387,-0.30502805770282393
35.432969234000005,1.7469365483153216,0.2859122779991854,-0.0426989820510934,1.2908912067878353,0.19568808326076642,-0.48195451028151837,1.4856527590730861,-0.04830250564807309,-0.30494350895197897
35.449702588,1.7536734446727893,0.2856241326357884,-0.042658786897181,1.2939169915632773,0.194105305407142,-0.48193734689094114,1.4889099724935608,-0.049327747070714856,-0.30492634556140175
35.450042044,1.7604103409832648,0.2853359872724266,-0.0426300548117531,1.2939783732083874,0.19407319687474148,-0.48193699871113793,1.4889760489441553,-0.04934854531309729,-0.30492599738159853
35.466578493,1.7671486678857466,0.2850481978881418,-0.0426013395876179,1.299897178875372,0.19097721643322507,-0.4819367931179066,1.4953475350400867,-0.05135391818294749,-0.3049257917883672
35.499609570000004,1.773886518324337,0.2847605282624916,-0.0425725985882205,1.314831092194244,0.18316654843767408,-0.4818362735653956,1.5114234627032004,-0.05641285594918333,-0.3048252722358562
35.499925802,1.780624846011377,0.2844732157148724,-0.0425322846431906,1.3148887098008275,0.18313641756295004,-0.4818356206264429,1.5114854856886426,-0.05643237023822667,-0.3048246192969035
35.532914248000004,1.7873626968350973,0.2841860229261869,-0.0425034943733483,1.3296176491237337,0.17543498731969528,-0.4817349203451631,1.5273404067290912,-0.061419870631280515,-0.3047239190156237
35.533165677,1.7941005482390633,0.2838990685556932,-0.0424746466792124,1.3297097789103323,0.17538681838927922,-0.4817343978058801,1.5274395789080137,-0.061451063937675854,-0.3047233964763407
35.566236269,1.8008393532414646,0.2836122322953681,-0.0424515855126784,1.3387679156404166,0.17065113753639263,-0.4817169397807497,1.5371900738684183,-0.06451771719300597,-0.3047059384512103
35.582922303000004,1.807576251452046,0.283325755860969,-0.0424285054631154,1.3417689691734416,0.16908220293150727,-0.48169991878631535,1.540420504855614,-0.06553368655251124,-0.30468891745677595
35.583346441,1.814313626914651,0.2830395172952848,-0.0423937993844181,1.3418687761665256,0.16903002640556425,-0.48169935271841524,1.5405279399699534,-0.06556747296893661,-0.30468835138887584
35.616255736,1.8210514784887104,0.2827531589712303,-0.0423707328486883,1.3566562003734184,0.16130057632363082,-0.48159797414404437,1.5564453659932675,-0.0705722568839543,-0.304586972814505
35.632923675,1.82778933119619,0.2824673966928932,-0.0423418135499021,1.3597187322433768,0.15969996358338512,-0.48159797414404437,1.5597418928242304,-0.07160858378773027,-0.304586972814505
35.649581003,1.8345276602500813,0.2821815146560096,-0.0423186820362597,1.368612482164558,0.15505201724967926,-0.48154774957658475,1.5693151206133733,-0.07461781998296402,-0.30453674824704535
35.649835518,1.8412655131690228,0.2818957523775139,-0.0422955016225876,1.3686591619290522,0.15502762338897738,-0.48154748484766685,1.5693653664471636,-0.07463361292568799,-0.30453648351812745
35.666556488000005,1.8480043200914509,0.2816107042554499,-0.0422723344099022,1.3726717225086116,0.15293078552389183,-0.48152472902811283,1.5736844565593826,-0.07599112242459521,-0.30451372769857343
35.683234966,1.8547421735799132,0.2813255380230942,-0.0422433362759873,1.3836111565271556,0.14721466773958997,-0.4814963284518843,1.585459495687516,-0.07969161870226027,-0.3044853271223449
35.699804639,1.8614800269978888,0.2810403717907913,-0.0422201363904958,1.38941880615832,0.14418021243492524,-0.48146367309644766,1.5917107287829324,-0.08165600105331733,-0.30445267176690827
35.732903004,1.868217880314733,0.2807554439771907,-0.0422085488927375,1.3985528660971736,0.1394081813574652,-0.4814285646571115,1.6015423614485602,-0.08474506736839865,-0.3044175633275721
35.733211391000005,1.8749552567049188,0.2804703975039448,-0.0421853305924048,1.3986086360183319,0.13937904559168937,-0.4814285646571115,1.6016023903929262,-0.08476392745301348,-0.3044175633275721
35.766265963,1.8816935876732137,0.28018570755876,-0.0421562575824497,1.4104936246505637,0.13317031356595782,-0.48137807909481367,1.6143949527832702,-0.08878283969947764,-0.3043670777652743
35.782936647,1.8884314411545275,0.2799007797450362,-0.0421504630553075,1.41353995924347,0.13157902029326624,-0.4813608043399462,1.6176738943820295,-0.08981284490508484,-0.3043498030104068
35.799639613000004,1.8951688186311424,0.2796163293175428,-0.0421271896303883,1.4195264028624857,0.12845205125570303,-0.4813607745819155,1.6241174182695968,-0.09183681191960841,-0.3043497732523761
35.799986694000005,1.9019071494078967,0.2793317585818148,-0.0420922686760332,1.4196502714604764,0.1283873521928846,-0.481360072176539,1.6242507440815777,-0.09187868823937756,-0.3043490708469996
35.832936957,1.908645003532794,0.2790473076048621,-0.0420805932770439,1.431359701124088,0.12227153414634884,-0.4812936736412503,1.6368541296713395,-0.09583705218186533,-0.3042826723117109
35.849611569000004,1.915382857948838,0.2787633334649445,-0.0420631576637191,1.4403576740048616,0.1175723539850199,-0.48127656859470846,1.646538973541347,-0.09887836922639387,-0.30426556726516907
35.849949683000006,1.9221202359280616,0.2784793598743278,-0.0420398540501421,1.44042014045025,0.11753973189043761,-0.481276214386984,1.6466062082737556,-0.09889948198586129,-0.3042652130574446
35.866588657,1.9288580909008552,0.2781956241526197,-0.0420281549295626,1.4435537650887063,0.11590325231132471,-0.4812584455950848,1.6499790327296633,-0.09995859669977342,-0.3042474442655454
35.883246436,1.9355964227803848,0.2779118878812587,-0.0420164814448342,1.449428927554976,0.11283529726443196,-0.48122527327279485,1.6563026226377007,-0.10194406713515808,-0.30421427194325545
35.899902041000004,1.9423328474921624,0.2776285114361053,-0.0419990921312522,1.4555027237923013,0.10966375043661825,-0.4812246091953014,1.662839983825002,-0.10399653363191963,-0.304213607865762
35.916479778,1.949069272744342,0.2773451349905471,-0.0419932059948927,1.4654400428160554,0.10447509064975613,-0.48119139137540756,1.6735356875290264,-0.10735427424718208,-0.30418039004586817
35.949659879,1.9558071274786035,0.277061518478331,-0.0419756054374768,1.4762545345608198,0.09882862584279505,-0.4811747076474493,1.6851754716209513,-0.11100820675985984,-0.3041637063179099
35.950055974,1.9625449830878317,0.2767784980120259,-0.0419405584465241,1.476325611532209,0.09879151623430103,-0.48117430463626576,1.685251972532532,-0.1110322207023044,-0.30416330330672636
35.96654396,1.9692823619583684,0.2764953588859346,-0.0419171593212087,1.479284285863341,0.09724677897350237,-0.48115752875483686,1.6884364256539695,-0.1120318332872432,-0.30414652742529746
35.999596498,1.976020217672303,0.2762119807916112,-0.041905394476629,1.4941969592849653,0.08946221732784038,-0.4810730465520052,1.7044868482888462,-0.11706881272307196,-0.3040620452224658
36.016277221,1.9827575966730908,0.2759291992933622,-0.0418936879168264,1.4972473485667364,0.08786999026078036,-0.48105586378586196,1.7077699456496382,-0.11809902314962645,-0.30404486245632256
36.016683115,1.9894959294403596,0.2756464166958425,-0.0418761471419845,1.4973928548064637,0.08779404275173859,-0.48105586378586196,1.7079265517197657,-0.11814816202149536,-0.30404486245632256
36.049639098,1.99623473957713,0.2753638719669498,-0.0418526829136078,1.5121304454548685,0.08010176752585585,-0.48103913257085296,1.7237883768143567,-0.12312512705445272,-0.30402813124131356
36.049946504000005,2.002973072736677,0.2750813277877628,-0.0418467926332146,1.512185886980222,0.08007283081591669,-0.481038818235934,1.7238480474429356,-0.12314384902017816,-0.3040278169063946
36.082911375,2.009710452796824,0.2747992615446,-0.0418292922217925,1.5240159980736976,0.07389856951555417,-0.4810056631294213,1.7365805199045785,-0.12713849244639674,-0.3039946617998819
36.099615913,2.0164478327032227,0.2745168376736124,-0.0418233857109417,1.5270571580303431,0.07231142172002127,-0.4809884210737785,1.7398536377547145,-0.12816532814206083,-0.3039774197442391
36.100032988,2.02318425818526,0.2742344149023885,-0.0417998812986093,1.5271526083845564,0.07226160807100049,-0.48098809999109093,1.7399563682307702,-0.12819755575502811,-0.30397709866155154
36.116528739,2.0299221153870994,0.2739523481093966,-0.0417763620100578,1.5384262760967853,0.06637836328726852,-0.48095788102923365,1.752089847526893,-0.13200371300895558,-0.30394687969969425
36.133170348,2.036660925760877,0.2736705186362062,-0.0417587639678825,1.5449679491223565,0.06296487253494923,-0.4809207938321265,1.7591303780933631,-0.1342119553942599,-0.3039097925025871
36.166238385,2.043399260147827,0.2733885705026662,-0.0417410881528979,1.55398165656962,0.05826175142890904,-0.4809036095108681,1.768831404621425,-0.13725438113448346,-0.3038926081813287
36.166580457,2.050137593782913,0.2731066223696894,-0.0417175915050275,1.5540436484070155,0.05822940659061991,-0.4809032580627246,1.7688981233403418,-0.13727530454275483,-0.3038922567331852
36.183196056,2.056874497764298,0.2728251527221259,-0.041705835331577,1.5571010842447524,0.05663416401900618,-0.4808859246586792,1.7721886881449285,-0.1383072425404,-0.3038749233291398
36.216264725,2.063612354861432,0.2725434435571524,-0.0416940273821297,1.5688511192921637,0.05050410298010727,-0.48085257240154533,1.7848345526567098,-0.14227247679649258,-0.30384157107200593
36.232931351000005,2.070350688908717,0.2722618530518068,-0.0416587350755596,1.5749613420856459,0.047316560401828425,-0.48081858990060056,1.7914105878748015,-0.14433427481878947,-0.30380758857106116
36.233262532000005,2.0770890234187704,0.2719805009647411,-0.0416410410740321,1.5750798472157475,0.047254744532630344,-0.48081791809926067,1.7915381263302081,-0.14437425743923382,-0.30380691676972127
36.249893400000005,2.0838268817632275,0.2716995070547131,-0.0416174643476305,1.581031149999056,0.0441503693205618,-0.48078418038800663,1.797943079975001,-0.14638217155193306,-0.30377317905846724
36.282977037,2.090564739822161,0.2714186323542122,-0.041599778596495,1.5957999144110862,0.036447425287000484,-0.4807343759443352,1.813837470374723,-0.1513641493583317,-0.3037233746147958
36.299613406,2.0973035520669248,0.2711378757634397,-0.0415820551911339,1.5987838518841246,0.03489117023437827,-0.48071746070753285,1.817048820032467,-0.1523706512249584,-0.30370645937799345
36.316253592,2.104041887538778,0.2708573581408466,-0.0415466612061971,1.607737961520765,0.03022165228116916,-0.4806831629146142,1.8266852628861383,-0.1553904933447126,-0.3036721615850748
36.316608298000006,2.110779268510159,0.2705762455715076,-0.0415348337616346,1.6078033702457142,0.030187542973446512,-0.4806831629146142,1.8267556558037648,-0.1554125519784159,-0.3036721615850748
36.333203568,2.1175171271621096,0.270295966917129,-0.0415112519398528,1.6132084868084147,0.027368937129990296,-0.4806696099166068,1.832572637129724,-0.15723533891346508,-0.3036586085870674
36.34983648,2.1242549868172302,0.2700159266806254,-0.0414875993831019,1.6226669964112885,0.022436975352165066,-0.48061599434239355,1.8427518116324335,-0.16042470520302365,-0.30360499301285415
36.366469563,2.13099093992826,0.2697366038978022,-0.0414876258282386,1.6287079433195502,0.019287263911306737,-0.4806153991198414,1.8492529918294538,-0.16246146187847166,-0.303604397790302
36.399578047000006,2.137728798748256,0.2694562060339844,-0.0414638463376226,1.6376868812488021,0.014606025658289641,-0.48056477324642977,1.8589159388241516,-0.16548846919536608,-0.30355377191689037
36.399915751,2.144466180878601,0.2691764047662234,-0.0414283994319264,1.6377480277955832,0.01457414821149278,-0.48056442665171595,1.8589817431585471,-0.16550908136100345,-0.30355342532217655
36.416474021,2.151204517587055,0.2688969600265237,-0.0414046738643044,1.6407815129592147,0.012992708546409841,-0.48054723206685424,1.8622463010051127,-0.16653164955858185,-0.30353623073731484
36.433301173000004,2.157941900861544,0.2686173971765321,-0.0413690846770842,1.6521206736822651,0.0070818848187740495,-0.4805137534276831,1.8744491062685529,-0.17035342228140382,-0.3035027520981437
36.466312212000005,2.16467928384336,0.2683381919546997,-0.041333509086979,1.6586694251153922,0.0036683864067283633,-0.480479758448519,1.8814966059871152,-0.17256042578361752,-0.3034687571189796
36.482913073,2.171416667040212,0.268058867523393,-0.0413038646839235,1.6645170657566244,0.0006205996870789357,-0.4804466142390815,1.8877895527128659,-0.17453088929871474,-0.30343561290954213
36.483171666000004,2.1781554818322397,0.2677801374890384,-0.0412800828899219,1.6646081549438883,0.0005731240584828986,-0.48044609794895976,1.887887578470246,-0.17456158337366484,-0.30343509661942036
36.499823724,2.1848923894294434,0.2675018864902251,-0.041262347594753,1.6719347055114826,-0.003244911834627412,-0.48037072591509755,1.89577195798229,-0.17702984207377193,-0.30335972458555815
36.532935314,2.1916302495187336,0.2672230383465293,-0.0412385085018036,1.6825575764814324,-0.00878004410724888,-0.480344343940752,1.9072035111546977,-0.18060792382046792,-0.3033333426112126
36.53318466,2.198369064896629,0.2669451427769289,-0.0411968885567657,1.6826313604343872,-0.008818487894613678,-0.4803440182709302,1.90728291168266,-0.18063277442729858,-0.3033330169413908
36.56623839,2.2051074032339626,0.2666670093384551,-0.0411670565714221,1.6974178946136043,-0.016522165952745,-0.48026021584042766,1.9231949234395542,-0.18561234574468627,-0.30324921451088827
36.566475561000004,2.2118443113807675,0.2663892351764833,-0.0411193791354043,1.6974612205282733,-0.016544736193703877,-0.4802599702967676,1.9232415467116988,-0.18562693413573494,-0.3032489689672282
36.583218804000005,2.218581696548213,0.2661115796740864,-0.0410835721254429,1.7005302152750108,-0.018143500157474374,-0.48024257719347574,1.926544109885736,-0.18666030311574483,-0.30323157586393634
36.616278736000005,2.225319081896475,0.2658341625901807,-0.0410358012760253,1.7153372407943261,-0.02585569062535708,-0.4801248169386234,1.942477791727387,-0.19164464555097105,-0.303113815609084
36.632927388,2.23205742149748,0.2655569828252667,-0.0410058720077194,1.7184083698288435,-0.0274550382074049,-0.48010741296600656,1.945782558607928,-0.19267821320726486,-0.30309641163646717
36.633310869,2.2387929004227054,0.2652801639856373,-0.0409584608624365,1.7185061823075785,-0.02750597350427542,-0.48010685867187597,1.9458878118077367,-0.19271112899973003,-0.30309585734233657
36.666235753,2.245530763424468,0.2650037000260258,-0.0408982864529281,1.7304094594206578,-0.033703927564397176,-0.48000559220679584,1.9586964790395704,-0.19671621130928219,-0.30299459087725644
36.666497863000004,2.2522695809501987,0.2647278310131425,-0.0408561406948679,1.7305034561233537,-0.03375286228689747,-0.4800050259826776,1.9587976238097868,-0.19674782970015997,-0.3029940246531382
36.683187543,2.259007445038389,0.2644519630992833,-0.0408260750994234,1.7385874349437085,-0.03796121038394427,-0.47994681858965293,1.9674963256389209,-0.19946692766854707,-0.30293581726011354
36.69983889,2.2657419724261807,0.2641768142876411,-0.0407726382029402,1.748274082261524,-0.04300303706764278,-0.4798704835702452,1.977919418970904,-0.20272426983064212,-0.3028594822407058
36.7165228,2.272478883125872,0.2639016627286494,-0.0406999426575344,1.7542148494474834,-0.046094633054995254,-0.47980357865295176,1.9843117513741826,-0.20472145959448068,-0.30279257732341236
36.749587891000004,2.27921627244239,0.26362746429323,-0.0406515012299711,1.7662018861056616,-0.0523313157013321,-0.4797011420565038,1.9972096890013527,-0.20874991627679207,-0.30269014072696443
36.749888875,2.2859527070903907,0.2633527901205039,-0.0406334150651701,1.76631063542053,-0.05238789226435209,-0.4797005259097329,1.9973267015025178,-0.20878645934095713,-0.3026895245801935
36.782914321,2.2926900961755257,0.2630784724759445,-0.0405911169417441,1.7752299648847703,-0.057027679069751765,-0.47964999228660865,2.0069236723438317,-0.21178315925289393,-0.30263899095706925
36.783249289000004,2.299427962207239,0.262804392700329,-0.0405669433572833,1.7752903802985993,-0.05705910509965644,-0.47964964999924753,2.006988677480525,-0.21180345579908244,-0.30263864866970813
36.799841935,2.3061667822097456,0.2625305502439164,-0.0405306527012898,1.7800890434530745,-0.059555126658899525,-0.47962246305124623,2.0121518783425634,-0.21341548822821382,-0.30261146172170683
36.816482992000005,2.31290417220969,0.2622570670638647,-0.0404943026626802,1.790217003386801,-0.0648225227897798,-0.47953129676175976,2.0230491086119606,-0.21681716529614742,-0.30252029543222037
36.849588391000005,2.319642994102058,0.2619813172570231,-0.0404699165162941,1.7991346686401957,-0.06945958915214319,-0.4794972965060964,2.0326439622091295,-0.2198114803212352,-0.302486295176557
36.84997657,2.326376565940263,0.2617084345229404,-0.0404276498278665,1.7992045345617653,-0.06949591747911371,-0.4794972965060964,2.032719133419895,-0.21983493844156227,-0.302486295176557
36.866506837,2.3331144335574385,0.2614355468392701,-0.0403972572088276,1.8021797144085743,-0.07104292786475827,-0.4794972965060964,2.0359202344188603,-0.22083388220803488,-0.302486295176557
36.883153475,2.339851824351139,0.2611630173331304,-0.0403608186837896,1.8111660672846048,-0.07571506517916005,-0.4794295327113236,2.0455888779307436,-0.22385062511012066,-0.3024185313817842
36.899844168,2.346589692051574,0.2608904872773376,-0.0403243454988876,1.820162679651551,-0.08039214748098618,-0.4793955120399733,2.0552684913763026,-0.2268704291573552,-0.30238451071043393
36.916536804,2.353328037721679,0.2606185527176621,-0.0403121392013594,1.826121493229188,-0.08348966630930126,-0.4793617567617847,2.061679631127492,-0.22887027146001765,-0.3023507554322453
36.933305545,2.360066860059987,0.2603467368178256,-0.0402756005169247,1.8291339651943874,-0.08505548411019935,-0.47934469211667263,2.0649207532951936,-0.22988116206772669,-0.30233369078713324
36.949888401,2.366805682559191,0.2600750401271819,-0.0402573250868851,1.832125605740007,-0.08661047257657689,-0.4793276042311234,2.068139462629785,-0.23088506072006978,-0.302316602901584
36.966545199,2.373543551131019,0.2598032253266162,-0.0402268521549794,1.8395230121063322,-0.09045494522312529,-0.4792601232243925,2.076098245974249,-0.2333668662230226,-0.3022491218948531
36.983241091000004,2.380282850003705,0.2595312896680924,-0.04019635012905,1.8500015403058139,-0.09590020282457384,-0.47922655881972887,2.087371885958794,-0.2368818946826995,-0.30221555749018947
37.016258362,2.3870211964512187,0.2592600703637144,-0.040171885079214,1.858985072751098,-0.10056797808893757,-0.47917567398835104,2.0970369850058326,-0.23989484033853373,-0.30216467265881164
37.032953673,2.393760019892302,0.2589890889282448,-0.0401535402221577,1.8619900673756227,-0.10212926277567172,-0.47915865319839845,2.1002699484433456,-0.2409025853351263,-0.30214765186885906
37.049584691,2.400498366245833,0.2587178696239371,-0.0401290783955196,1.8709079760827425,-0.10676242659381563,-0.4791420583470902,2.109864354498651,-0.24389301592622933,-0.30213105701755083
37.049882198,2.40723718963635,0.2584470073978188,-0.0401045923332602,1.8709629532280492,-0.10679098833099744,-0.47914174695286604,2.1099235019751625,-0.24391145055015215,-0.30213074562332665
37.066527364,2.413976012587597,0.2581759067534031,-0.0400923781612215,1.8740839222497125,-0.10841239076573783,-0.47912406958505294,2.113281213660415,-0.2449579522120167,-0.30211306825551354
37.099627602000005,2.4207143593027616,0.2579051642860777,-0.0400678913179557,1.8889008643191725,-0.11610919857431558,-0.4790740645849283,2.1292219483975288,-0.2499254061647872,-0.3020630632553889
37.116244183,2.4274531833133666,0.2576347788967479,-0.0400433515839383,1.8919051064349621,-0.11766970450447106,-0.479057048955843,2.132454033954951,-0.25093251708113845,-0.3020460476263036
37.116549525,2.434191053467083,0.2573642753974434,-0.0400249453647671,1.8919767827274356,-0.1177069341835547,-0.4790566429941485,2.1325311459658733,-0.2509565436847061,-0.3020456416646091
37.133325049,2.4409294013769567,0.2570936521385363,-0.0400003122104661,1.8989013731204216,-0.121303483958864,-0.47902294994268857,2.139980845102531,-0.2532775575084888,-0.3020119486131492
37.166265774,2.447666797752971,0.2568245796983002,-0.0399756742810135,1.9128311141874466,-0.12853785008363428,-0.4789724474646615,2.1549668114069043,-0.2579460212114398,-0.3019614461351221
37.182900008000004,2.4544008516481046,0.2565546766435386,-0.0399635306198431,1.9158660172741158,-0.13011389067193624,-0.47895525908332814,2.158231814307619,-0.2589630250166316,-0.30194425775378875
37.183124746000004,2.461138253195236,0.256286319455308,-0.039944793857875,1.9179530644543688,-0.131197615646221,-0.4789434391554721,2.160477081197162,-0.2596623120444055,-0.3019324378259327
37.199807674,2.467868490103418,0.256017016845635,-0.0399326692653344,1.9278506598850187,-0.13633693262887425,-0.47892130425053026,2.171124993333222,-0.26297847571644417,-0.30191030292099086
37.232974068000004,2.474603977148021,0.2557475889773478,-0.0399019745887382,1.936765424421063,-0.14096577668259697,-0.47890466062557024,2.1807155436879784,-0.26596520769298493,-0.30189365929603085
37.249607121000004,2.4813423252407607,0.2554779193928101,-0.0399019437854423,1.9397334508987734,-0.14250683255355412,-0.47888785159596026,2.18390855457441,-0.2669595496105007,-0.30187685026642086
37.266247037,2.488080672953994,0.25520836901787,-0.0398773640026095,1.9457989881533722,-0.14565591705775677,-0.47885350081678446,2.1904338304831854,-0.2689913590789028,-0.30184249948724506
37.266490430000005,2.494819975723926,0.2549381022868127,-0.0398587908489001,1.945885077029162,-0.14570060863541318,-0.47885301328085284,2.190526443823719,-0.2690201931005341,-0.30184201195131344
37.283150474,2.501556892373713,0.2546690303983419,-0.0398403289333029,1.9518435143008719,-0.14879382866467328,-0.47881965855837016,2.1969364561817493,-0.27101587003837074,-0.30180865722883077
37.29979559,2.5082952409149213,0.2544000760693481,-0.0398218380931946,1.9636471418840744,-0.15492110106494478,-0.47878634165489764,2.209634584768671,-0.27496892222371744,-0.30177534032535824
37.332941515,2.515033589973036,0.2541311217399669,-0.0397971035034862,1.972690885003477,-0.15961516934523393,-0.47875189476359736,2.219363583549342,-0.27799714767032124,-0.30174089343405797
37.349703423,2.521773369556244,0.2538624041803998,-0.039790932194067,1.97570459600863,-0.1611793621680989,-0.47875189476359736,2.2226056392570284,-0.2790062205110727,-0.30174089343405797
37.350060714,2.5285121958122425,0.2535939261384007,-0.039784743678162,1.9758153828560503,-0.16123686129928846,-0.4787513506415806,2.2227248199063587,-0.2790433129425653,-0.3017403493120412
37.366499536,2.535250068254768,0.2533254491957077,-0.0397600514778581,1.9815481952134737,-0.16421221374547218,-0.47871888646399796,2.2288919777958056,-0.280962693902946,-0.30170788513445856
37.399594395,2.5419888942993047,0.2530569711538672,-0.0397476855819559,1.999569202256778,-0.17356429508152516,-0.4786507549723389,2.2482781860429615,-0.2869953591488277,-0.3016397536427995
37.399870922000005,2.5487277210180688,0.2527887315301481,-0.0397229238560506,1.9996690061351392,-0.1736160848823575,-0.47865024907143905,2.2483855499935688,-0.2870287654314134,-0.30163924774189965
37.416501099,2.555466548078546,0.2525208495341129,-0.0397167159131523,2.005645879981699,-0.1767174636007664,-0.47865024907143905,2.2548151474920357,-0.289029227113225,-0.30163924774189965
37.433162535,2.562204420486853,0.2522527302193854,-0.0396982060366689,2.0116581873387767,-0.17983722864257085,-0.47865024907143905,2.261282862443947,-0.29104154840289537,-0.30163924774189965
37.449820745000004,2.568942294163931,0.2519846109037074,-0.039685880105313,2.0175862050065283,-0.18291325606243986,-0.47865024907143905,2.2676599031086724,-0.2930256579052674,-0.30163924774189965
37.482912738,2.5756801668638643,0.2517130345186754,-0.0396547634124116,2.029317073720319,-0.18899986484939602,-0.47858398603790775,2.280279249348777,-0.29695149383892583,-0.30157298470836835
37.499598311,2.582408500765616,0.2514463567090453,-0.0396238358758719,2.0325018102582164,-0.19065208240027506,-0.47856595284422987,2.283705158319944,-0.2980171004138522,-0.3015549515146905
37.516232215,2.589144943355752,0.2511787158798541,-0.0396114034638189,2.0355511141066875,-0.19223402757015048,-0.47854868654738425,2.286985376688528,-0.29903738073572306,-0.30153768521784485
37.532944127,2.5958823408692835,0.250911669997092,-0.0395742010549466,2.0415139685119645,-0.19532736271376008,-0.47854860337928073,2.293399757430099,-0.301032393184653,-0.30153760204974134
37.549624861000005,2.602621646024057,0.2506441450784541,-0.0395741349503831,2.047465491922633,-0.1984145647408469,-0.4784816077648255,2.2998019042618116,-0.30302336360356424,-0.3014706064352861
37.550030694,2.6093590417626342,0.2503767415690818,-0.0395493808956264,2.047610720553186,-0.1984898955474453,-0.4784809681468829,2.299958128466627,-0.30307194429298934,-0.3014699668173435
37.566500004000005,2.6160959633925205,0.250110053863146,-0.0395371465672782,2.053519836112359,-0.20155488157329615,-0.4784907928593434,2.3063146181214838,-0.3050485133653995,-0.301479791529804
37.599592188,2.622830976368798,0.2498431299379647,-0.0394749914907458,2.0654114694594363,-0.20772261900132438,-0.47845691409979274,2.3191065027395115,-0.3090259015236627,-0.30144591277025334
37.599863705000004,2.6295693281406955,0.2495769174207564,-0.0394498885541281,2.0654608794879086,-0.20774824556693275,-0.47845691409979274,2.31915965323994,-0.30904242714264335,-0.30144591277025334
37.616486618,2.63630767973535,0.2493103472757411,-0.0394311625015358,2.0750670091776517,-0.2127298315271641,-0.4783688066112184,2.329492879406025,-0.31225464807151493,-0.301357805281679
37.633180587000005,2.643046985434624,0.249044252868455,-0.0394187399029148,2.0804640866704966,-0.21552832236721825,-0.47833824970676986,2.3352984052651493,-0.3140590498961321,-0.30132724837723046
37.666277449,2.649785338048795,0.248778159559929,-0.0394062460975129,2.095333031675379,-0.22323749720761585,-0.4782879840758092,2.351292508048235,-0.3190295205420681,-0.3012769827462698
37.666556982,2.6565241668178365,0.2485120657023134,-0.0393875233944136,2.0954340104109708,-0.22328984970345214,-0.4782874123755505,2.3514011275821205,-0.3190632738488771,-0.3012764110460111
37.699584031,2.6632610892496307,0.2482437090653905,-0.0393626203963285,2.1043647035733333,-0.22791952447732322,-0.4782368514864821,2.361007503949018,-0.32204801872400357,-0.3012258501569427
37.699882620000004,2.66999562365507,0.2479782162028686,-0.0393252936185981,2.1044188566606787,-0.22794759590294836,-0.47823654490377265,2.36106575390594,-0.3220661158045505,-0.30122554357423326
37.732966638,2.67673350046528,0.2477129579083625,-0.0393063917785147,2.1163011792608852,-0.23410686356837557,-0.4782197408180888,2.3738469818387964,-0.32603680605664953,-0.3012087394885494
37.749617133,2.683469470872374,0.2474484170674313,-0.0393064450834596,2.119304000461537,-0.23566337643068597,-0.4782197408180888,2.3770769655520976,-0.3270402365053768,-0.3012087394885494
37.749808057,2.690206868624961,0.2471828016962498,-0.0392876825296606,2.119338432509048,-0.23568122428816568,-0.4782197408180888,2.3771140023735544,-0.32705174240685264,-0.3012087394885494
37.782925509,2.696947627793965,0.2469173016695269,-0.0392301312275276,2.1313116473409663,-0.24188702859067912,-0.478152060021964,2.3899928968405817,-0.33105223709620557,-0.3011410586924246
37.783227845,2.703668796603244,0.2466554004858333,-0.0392438519775636,2.1333311737663965,-0.2429336340585451,-0.4781406272602631,2.3921651617242436,-0.33172687423095726,-0.3011296259307237
37.816294179,2.710403812059872,0.2463903839078065,-0.039225145546245,2.1462409161124425,-0.24962382195110547,-0.4781180951259305,2.4060512440880997,-0.33603927241100345,-0.3011070937963911
37.832942290000005,2.7171421661313038,0.2461258403192618,-0.0392188928288767,2.149268736761205,-0.25119290284469104,-0.4781180951259305,2.4093080496989194,-0.3370506724035974,-0.3011070937963911
37.849614397,2.7238814736438486,0.2458611764223768,-0.0391938808953037,2.155226903467597,-0.25428042319512956,-0.47808436775061125,2.415716792073927,-0.33904078636674595,-0.30107336642107185
37.849877769,2.7306203045949458,0.2455967514935127,-0.0391750465055826,2.1553200321879946,-0.2543286810576009,-0.478084213228545,2.415816963237599,-0.339071891315256,-0.3010732118990056
37.8665521,2.737359135029135,0.2453323265650359,-0.0391688311483311,2.1611902820710123,-0.25737051677608325,-0.478084213228545,2.4221311180222203,-0.34103251559928993,-0.3010732118990056
37.883160405000005,2.74409844278941,0.2450680202959053,-0.0391375029061072,2.1685401663097386,-0.26117888191885935,-0.4780503313311577,2.430036763699397,-0.34348714587905277,-0.3010393300016183
37.916280231,2.750837750925618,0.2448037140264929,-0.0391312066241108,2.179164345888204,-0.2666835162320729,-0.47801669477619413,2.441464234705719,-0.34703497578441056,-0.30100569344665473
37.916576235,2.757575151619273,0.2445395291648677,-0.0391063595785081,2.179228562980471,-0.26671678709442825,-0.47801633125742526,2.4415333069703924,-0.3470564189062447,-0.30100532992788587
37.933283649,2.7643139830530576,0.2442754618635818,-0.0390810858797816,2.186455629253293,-0.2704608919009842,-0.4779825675363867,2.4493067383054554,-0.3494694197337005,-0.3009715662068473
37.949865905,2.771052338032149,0.2440119911581769,-0.0390684245379165,2.1971046549173265,-0.2759774850181148,-0.477949057816744,2.4607607729654637,-0.35302464648041426,-0.3009380564872046
37.966737171000005,2.7777911697172373,0.2437481622753294,-0.0390558177697084,2.200164895215015,-0.2775626459299591,-0.4779317352794177,2.4640523231486604,-0.3540461665181669,-0.3009207339498783
37.999576653000005,2.7845295245354325,0.2434845723607317,-0.0390370045127222,2.214943967975164,-0.2852176037872786,-0.4778819960965084,2.479948411029356,-0.3589790927832076,-0.300870994766969
37.999824546,2.791267403238599,0.2432212214138203,-0.0390371039791099,2.2150370190309565,-0.2852657988251065,-0.47788146938901654,2.4800484946793073,-0.35901014956455635,-0.30087046805947715
38.032934673,2.798004328587485,0.2429582291938108,-0.0390245168765252,2.224077955261345,-0.2899482860715461,-0.4778809218442266,2.4897726911483375,-0.3620274691973956,-0.3008699205146872
38.033262137,2.804729813994028,0.2426994224870782,-0.0389890380602236,2.224137424340824,-0.2899790863200519,-0.4778809218442266,2.4898366545450688,-0.3620473163785747,-0.3008699205146872
38.049863179,2.811453986658696,0.2424372794801404,-0.0392231850742917,2.230890801970863,-0.29347663560021225,-0.47783802434737943,2.4971003834119663,-0.364301025172821,-0.30082702301784003
38.066513264,2.8181640836274955,0.2421700265965244,-0.0390625046564023,2.2390332999196194,-0.2976940903863092,-0.4780493381007247,2.5058582935532647,-0.36701878301251367,-0.3010383367711853
38.099639061000005,2.8249020130493414,0.2419077484954335,-0.0389841127281992,2.2479701562836834,-0.3023231856341409,-0.4778475479097892,2.5154706347706175,-0.3700018721507373,-0.30083654658024983
38.116246945,2.83161838314366,0.2416417997138294,-0.0389046330099122,2.25094782098763,-0.3038652509330465,-0.47781387413514054,2.5186733110285946,-0.3709955105466389,-0.30080287280560114
38.132909133000005,2.8383476778948844,0.2413802468000943,-0.0388731871132444,2.259837917577244,-0.3084682269488328,-0.47771299416952573,2.5282350238350926,-0.37396112241952806,-0.30070199283998633
38.149583484000004,2.8450846037734494,0.2411176122076279,-0.0388604872046946,2.2629140814500017,-0.3100607740619694,-0.4776781366113525,2.5315435494001375,-0.3749871092932557,-0.3006671352818131
38.149842698,2.851822483008344,0.240855334144138,-0.0388352624718245,2.2629649139779997,-0.3100870900790354,-0.4776776304599082,2.5315982215768837,-0.37500406310541556,-0.3006666291303688
38.166650093,2.8585584563948228,0.240593296696554,-0.0388164987001303,2.2711995030109176,-0.31434982875717205,-0.4776776304599082,2.5404547577785745,-0.3777501811085734,-0.3006666291303688
38.183140674,2.8652930003155674,0.2403317377342423,-0.038759388746713,2.2807676588979775,-0.31930277974502097,-0.4776446002381878,2.550745561227772,-0.3809409012368683,-0.3006335989086484
38.199782834000004,2.872028495595501,0.2400705353024034,-0.0387401476198557,2.286797225701643,-0.3224234262682137,-0.4775439301322777,2.5572304211557,-0.38295105105161675,-0.3005329288027383
38.216480799,2.8787654224920565,0.2398092120116207,-0.038733777635534,2.2928035080369265,-0.32553162878634107,-0.47754210287036436,2.563690169207814,-0.38495305142325487,-0.30053110154082496
38.233149931,2.88550425684751,0.2395480057316654,-0.0387147961985831,2.298743714141349,-0.328605630531262,-0.47754210287036436,2.570078851160579,-0.3869330206647356,-0.30053110154082496
38.266263725,2.8922426147426483,0.2392868000010285,-0.0387147771846605,2.304873823087296,-0.3317777762995068,-0.47750822097297885,2.576671750603823,-0.38897616074692404,-0.30049721964343945
38.266494635,2.898981449071032,0.2390257129304068,-0.0386957443951491,2.30495670822532,-0.33182066503190605,-0.47750822097297885,2.5767608928073207,-0.3890037842338095,-0.30049721964343945
38.299592068,2.905719807432511,0.2387646264087339,-0.0386893433190715,2.319779959371992,-0.3394907321403098,-0.47749094465615016,2.5927031293203324,-0.3939438043722222,-0.30047994332661077
38.299836815,2.912458165625944,0.2385036590965002,-0.0386830535092147,2.319824819714292,-0.33951394406232727,-0.47749119853081545,2.59275137603616,-0.3939587542232874,-0.30048019720127606
38.3329092,2.919195093260066,0.2382428126424181,-0.0386767036349311,2.331782408660446,-0.3457010517297502,-0.47747433907559156,2.6056115965266096,-0.39794359595546236,-0.30046333774605216
38.333169406,2.9259334554355303,0.2379830374203341,-0.0386574116389244,2.331829837648857,-0.34572559171828093,-0.47747433907559156,2.6056626056086234,-0.3979594008132886,-0.30046333774605216
38.349867162,2.932663705052436,0.2377224370810112,-0.0386574848726382,2.3408025520887867,-0.35036798898604676,-0.47744045717820605,2.6153125869255,-0.4009492699402261,-0.30042945584866665
38.366491047000004,2.939398725028969,0.2374618312441906,-0.0386448167177665,2.346541252930006,-0.353336974135135,-0.47744045717820605,2.6214844200826857,-0.402861346204495,-0.30042945584866665
38.383365569000006,2.946137084124439,0.2372013407685343,-0.0386257030086231,2.3497382126176625,-0.3549909592612995,-0.47744045717820605,2.6249226724586836,-0.4039265403844537,-0.30042945584866665
38.416286286,2.952873058682656,0.2369409722504588,-0.0386324316529183,2.3616486036367137,-0.3611528796136511,-0.47742408503713385,2.637731997331479,-0.4078948993599769,-0.30041308370759445
38.416583222,2.95960569511233,0.2366803691611636,-0.0386260324353606,2.3617033994869363,-0.36118122772187417,-0.47742377494608945,2.637790928728237,-0.40791315561691976,-0.30041277361655006
38.449585894,2.966338330800864,0.2364194084444837,-0.038568634108636,2.373642885518024,-0.36735775263639076,-0.47739005640521626,2.6506314656756946,-0.4118907676652659,-0.30037905507567686
38.449874545,2.973075259684359,0.2361599925012253,-0.0385237591827209,2.373696052894107,-0.36738525598561345,-0.4773897555350217,2.65068864529219,-0.41190847911793005,-0.3003787542054823
38.466534819,2.97981409593787,0.2358997398943544,-0.0385108677194984,2.379176901349405,-0.3702202732396196,-0.47733083417373123,2.6565830650093374,-0.4137340855428105,-0.30031983284419184
38.483166919000006,2.9865519784141767,0.2356398460147022,-0.0385044870832459,2.3885764121928106,-0.3750815566529791,-0.4773043075438643,2.6666917170258038,-0.4168642668363269,-0.30029330621432493
38.516256488,2.9932912913016723,0.2353800696956359,-0.0384853331636469,2.3976414885436284,-0.3797696660770134,-0.47727104769127493,2.676440666410196,-0.4198828700097241,-0.30026004636173553
38.516519319000004,3.000029650771549,0.2351204136848923,-0.0384853168321111,2.397689069590166,-0.37979427248014047,-0.47727104769127493,2.676491836869157,-0.4198987134687577,-0.30026004636173553
38.533263012,3.006768010432967,0.2348606384646918,-0.038453352006277,2.404823992739555,-0.38348398849267823,-0.47724753041713086,2.6841649876530775,-0.42227440066367294,-0.30023652908759146
38.566286385000005,3.013507323437941,0.2346008621455375,-0.0384405386857348,2.4155781535162273,-0.3890449868467398,-0.4772205953616613,2.6957303338607135,-0.425854825750435,-0.3002095940321219
38.566522514,3.020246636687071,0.2343415626634535,-0.0384213492698378,2.4156205893406297,-0.3890669296794174,-0.4772203552415526,2.6957759704716575,-0.4258689532711007,-0.3002093539120132
38.599705501,3.026984520132328,0.2340822648296419,-0.038395705285891,2.424587624004253,-0.3937033731035604,-0.4771696165001966,2.705419312361212,-0.4288539617275486,-0.30015861517065723
38.600108840000004,3.033722407462057,0.2338242782953664,-0.0383829005818829,2.424728645114026,-0.3937762844172022,-0.4771694019991166,2.705570968746369,-0.42890090162422284,-0.3001584006695772
38.616470605,3.040453136458901,0.2335658231721771,-0.0384022112680025,2.430373358942534,-0.396694704977524,-0.4771694019991166,2.7116413796719048,-0.43077975339266905,-0.3001584006695772
38.649583237,3.0471895887176084,0.2333064077783604,-0.0383828678772053,2.4455315751747415,-0.4045313321669276,-0.47715216562657226,2.727942676488759,-0.4358247476579655,-0.30014116429703286
38.649808306000004,3.05392747914163,0.2330486596603933,-0.0383313621740189,2.445572339721724,-0.4045524073100623,-0.4771523962817952,2.7279865151471907,-0.4358383153392602,-0.3001413949522558
38.682951266,3.0606558218952262,0.2327908033333162,-0.0383574499719502,2.457477142558522,-0.4107068996730828,-0.4771181091529719,2.740789031176033,-0.43980034640435267,-0.30010710782343253
38.683278951000005,3.0673898914549724,0.2325321059422695,-0.0383637472044152,2.4575371206958305,-0.41073790560694956,-0.4771184492234557,2.740853531895006,-0.4398203064179278,-0.3001074478939163
38.699787375,3.0741282506286023,0.2322729267690011,-0.0383379686876728,2.4605693894698324,-0.41230544933126334,-0.4771355201017293,2.7441144454493407,-0.4408294099986261,-0.30012451877218993
38.716525618000006,3.0808656580855063,0.2320143447400342,-0.0383251276517346,2.466633316828085,-0.41544034837861954,-0.4771349344663456,2.750635638727614,-0.442847539149767,-0.3001239331368062
38.733176084,3.0876040193722294,0.2317560000303758,-0.0383060234265095,2.4725190450792183,-0.41848299871326683,-0.47710163820434204,2.7569651734660026,-0.4448062397651355,-0.30009063687480264
38.749827601,3.0943390431504985,0.2314978975862863,-0.0383123966199017,2.478599441871253,-0.42162615133582726,-0.47710114593940744,2.763504032189674,-0.4468295934537319,-0.30009014460986805
38.766455324,3.101082191185645,0.2312383552737182,-0.0382532747855353,2.486018623564759,-0.4254611427599444,-0.47705916811653637,2.7714825810789567,-0.4492982315085389,-0.300048166786997
38.783157007,3.107804322838484,0.2309832479148118,-0.0382608459316745,2.493471638923778,-0.42931330433321024,-0.477033874409571,2.7794974584214134,-0.45177781371401055,-0.3000228730800316
38.799855824000005,3.1145388691134266,0.230724669183569,-0.038228750856615,2.4965369133998228,-0.4308975798665759,-0.47703357308755656,2.7827938082164034,-0.45279757574908636,-0.30002257175801716
38.816619075000006,3.1212767530904104,0.2304664442331788,-0.0381966201214893,2.5053591938897215,-0.43545709387542614,-0.4769999925121837,2.792281111448386,-0.4557323463404213,-0.2999889911826443
38.833220176000005,3.1280160682774394,0.230208336842776,-0.0381708332446113,2.5142812280689033,-0.44006778314130546,-0.4769339896783187,2.8018756210122984,-0.45869992711084245,-0.2999229883487793
38.849836517,3.134752999413476,0.2299505898282163,-0.0381386467140335,2.52022606854755,-0.4431394704841308,-0.4768994769314432,2.8082684573858856,-0.4606768020560959,-0.2998884756019038
38.882937928000004,3.141488500722144,0.2296928444619466,-0.0380813467873922,2.5322749089124743,-0.449364301997197,-0.476831311919824,2.821225146157615,-0.4646827098905362,-0.2998203105902846
38.899581771,3.1482240040233744,0.2294376024897634,-0.0381331412979183,2.5353460259198304,-0.4509508732498784,-0.4768472284818408,2.8245276514397393,-0.46570370297290753,-0.2998362271523014
38.916266953000004,3.1549657029957934,0.2291793731423432,-0.0381386689002026,2.538360534368499,-0.4525081999274905,-0.47686428257917335,2.8277692830841508,-0.46670587653564355,-0.29985328124963395
38.91655424,3.161701204373422,0.2289224622412149,-0.0380807085524783,2.5384324083576066,-0.4525453324856756,-0.47686468919864744,2.8278465726007496,-0.4667297727238646,-0.29985368786910804
38.949617779,3.168440520471686,0.2286653085246359,-0.0380548026824415,2.5533323752703954,-0.4602430688315696,-0.47681386296492256,2.843869198373895,-0.47168352102054184,-0.29980286163538317
38.949877353000005,3.1751793603139458,0.2284083937758489,-0.0380160252058221,2.5533796125285506,-0.46026747006690677,-0.47681359573239845,2.8439199942887683,-0.471699223054685,-0.29980259440285906
38.982946162000005,3.1819177231013462,0.2281517179954525,-0.0379836937002822,2.5652819817601,-0.46641533962280834,-0.4767462623414218,2.8567189485415367,-0.47565516332673835,-0.2997352610118824
38.999569546000004,3.1886570402283234,0.2278955179526092,-0.0379707711578033,2.568318977631991,-0.4679838924748924,-0.4767290819271821,2.8599846930254587,-0.4766644278814497,-0.2997180805976427
38.999814974,3.1953949270380946,0.2276392003491096,-0.037931876056626,2.5699018670322653,-0.46880135907577614,-0.4767201276089814,2.861686794971381,-0.4771903931490754,-0.299709126279442
39.016510355,3.2021337671372825,0.2273831200653233,-0.037905987213965,2.580313403930508,-0.47417802408349874,-0.4766613008294023,2.872882412095388,-0.48064969718332407,-0.2996502994998629
39.049635391,3.208872131121441,0.2271272787492234,-0.0378800568385489,2.5892516849390885,-0.4787932073967956,-0.47661073980109414,2.8824937059706452,-0.4836188409062066,-0.29959973847155474
39.049916397000004,3.2156109720051878,0.2268716753021025,-0.0378476347367644,2.589302712465255,-0.478819553421492,-0.47661045115641976,2.8825485753825846,-0.48363578992025896,-0.29959944982688036
39.066499293,3.222349813657144,0.2266163102730327,-0.0378281958035133,2.5923139796963537,-0.4803743009626533,-0.4765934174823485,2.885786562300182,-0.484635995386805,-0.2995824161528091
39.083185798,3.2290886544739767,0.2263605876166487,-0.0377956489896005,2.601232064669371,-0.484978352436019,-0.4765595278461632,2.895376015530505,-0.48759773749218904,-0.2995485265166238
39.116250589,3.2358241584693563,0.2261057032718854,-0.037769891377446,2.610221876344314,-0.48961917687344625,-0.47652603857781806,2.905042549971458,-0.49058304774605443,-0.29951503724827866
39.116519451,3.2425596624790347,0.2258503420898582,-0.0377177141912662,2.6103197883257527,-0.48966972018748073,-0.47652548474655276,2.905147832095681,-0.49061556015940505,-0.29951448341701337
39.133217287,3.249298028054279,0.2255962889122659,-0.037665359469907,2.6214358414011416,-0.49540736543437003,-0.47645403014997356,2.917100521234149,-0.49430614701154074,-0.29944302882043417
39.149797929,3.2560373474772155,0.2253418770074021,-0.0376522108504466,2.628185059899815,-0.4988903088759384,-0.4763475536554118,2.9243575840446,-0.49654621056536646,-0.2993365523258724
39.182917164,3.2627747594974417,0.2250878249289221,-0.037619618966502,2.637234873476359,-0.5035597331074735,-0.47632943718282483,2.9340882189049795,-0.499549108105778,-0.29931843585328544
39.183198821000005,3.2695140785771386,0.2248338898615687,-0.0376000776065097,2.6372858393956484,-0.503586029186631,-0.4763291489284498,2.934143018877872,-0.49956601880295576,-0.2993181475989104
39.199851831000004,3.276252922599116,0.2245801937611095,-0.037573856896584,2.643335337829479,-0.506707160728229,-0.47629493432279624,2.940647584398564,-0.5015731363351145,-0.29928393299325684
39.216490033,3.2829860432468507,0.2243265042568556,-0.0375412319107451,2.652183734924329,-0.5112718935458835,-0.47624489079042576,2.9501615151182734,-0.5045084453657438,-0.29923388946088636
39.249635799,3.2897229804770087,0.2240731679823225,-0.037514882367582,2.658174048246046,-0.51436185175531,-0.47621101239226604,2.9566023310768617,-0.5064952984594423,-0.29920001106272665
39.266252130000005,3.2964613474803945,0.2238200684781667,-0.0374821867217791,2.6641299572318307,-0.5174338078715444,-0.47617732915745137,2.9630061103334926,-0.5084704889462972,-0.29916632782791197
39.282921231,3.3032070171261227,0.2235682719199986,-0.0373261782362484,2.6701458436889602,-0.5205365700644665,-0.47617687056224156,2.9694743544610738,-0.5104654428297016,-0.29916586923270216
39.283190213000005,3.309901848715436,0.2233196332814231,-0.0374951977830347,2.6702429147157165,-0.520586631822207,-0.4761758934408764,2.969578723974704,-0.5104976292934439,-0.299164892111337
39.316242851000005,3.3166406922332787,0.2230662948092816,-0.0374953320841058,2.688016081417147,-0.5297521890398617,-0.47621002467475826,2.9886881198578754,-0.5163903266967701,-0.29919902334521886
39.316454364,3.3233819834598104,0.22281390721605,-0.0374192368903484,2.688093877952034,-0.529792315137886,-0.4762104646476679,2.9887717665036737,-0.5164161267593639,-0.2991994633181285
39.349596703,3.3300964493663723,0.222563338631898,-0.0374954120833868,2.6998933648030112,-0.5358780330122128,-0.4762082433626844,3.0014585018034303,-0.5203290028660388,-0.299197242033145
39.366249764,3.3368324325644467,0.2223102418754612,-0.0374888221480083,2.7030337016903596,-0.5374978219638963,-0.47621075245962885,3.004834994605042,-0.5213705058063614,-0.29919975113008945
39.366513857,3.3435679380405827,0.2220569072506616,-0.0374690860454573,2.703081797775927,-0.5375226301188986,-0.47621075245962885,3.0048867075813464,-0.5213864571725503,-0.29919975113008945
39.399577846,3.350305352297004,0.2218042856822659,-0.0374428088241647,2.714999133867803,-0.5436691338944232,-0.47614298866485605,3.0177001543308806,-0.5253384175197848,-0.29913198733531665
39.416268448000004,3.357044195596236,0.2215511856289148,-0.037429629428268,2.71805802384049,-0.5452466592638986,-0.47614298866485605,3.020989030760769,-0.5263526591010994,-0.29913198733531665
39.43293769,3.363783994057397,0.2212985613125007,-0.0373835876563118,2.7240731302285477,-0.5483486308638165,-0.4761091049136805,3.0274563677943163,-0.5283469721058346,-0.29909810358414113
39.433208917,3.370523795775794,0.2210470098774661,-0.0373636776273358,2.7241707147309544,-0.5483989506937541,-0.4761085542039609,3.027561288203675,-0.5283793221923087,-0.2990975528744215
39.466350755,3.3772588239064465,0.2207949871050945,-0.0373572258116756,2.7389988457233247,-0.556044688847123,-0.47604134297269773,3.0435040442731967,-0.5332945342471969,-0.29903034164315834
39.482931107000006,3.3839857481362285,0.2205433313021308,-0.0373327115850926,2.7419720353677404,-0.5575776344239226,-0.47604134297269773,3.04670070952279,-0.5342799834265723,-0.29903034164315834
39.499596090000004,3.390664039607422,0.2202931620667412,-0.0370450190683813,2.748053401342178,-0.5607129929978828,-0.4760070729068353,3.0532391498458438,-0.5362954941916682,-0.2989960715772959
39.516261664000005,3.3973890682605785,0.2200486610121595,-0.0369310041834025,2.7540069334589057,-0.5637812893551406,-0.4757359639476597,3.0596399449334872,-0.5382675006437031,-0.2987249626181203
39.516522411000004,3.40414364665293,0.2197989998924664,-0.0373714421535936,2.7541000634513946,-0.5638292642763523,-0.4757343810033685,3.0597400675267927,-0.5382983268480757,-0.2987233796738291
39.549610667,3.4108443442050835,0.2195451093410703,-0.0375527319233608,2.7689018545510065,-0.5714573619867571,-0.47617537794766385,3.07565378900819,-0.5432008122431137,-0.29916437661812445
39.566236075,3.4175798507319035,0.2192935628551831,-0.0376220781827009,2.7719014377465254,-0.573004430433463,-0.47627769189195135,3.078878922263157,-0.5441955160248196,-0.29926669056241195
39.566512692,3.424320124527109,0.2190401035251012,-0.0377501913692642,2.7719768223487224,-0.5730433185714693,-0.4762788059204066,3.07895997667413,-0.5442205221838169,-0.2992678045908672
39.583260192000004,3.4310565831368653,0.2187859333363119,-0.0377892171232887,2.7779880780688435,-0.5761446024415466,-0.47631442721371364,3.0854234021076543,-0.5462148362615791,-0.29930342588417425
39.599847728,3.437793995603512,0.2185318812574974,-0.037789224079487,2.783849739868227,-0.5791694543222662,-0.47648019570788236,3.091726112351239,-0.5481602543493064,-0.29946919437834296
39.632968766000005,3.444533314838481,0.2182774693527744,-0.0378151511107829,2.798780799505819,-0.5868768360446975,-0.4765495714334911,3.1077810434429574,-0.5531180222499624,-0.2995385701039517
39.633255092000006,3.4512712036423414,0.2180228206781671,-0.0378281114600747,2.7988326602300098,-0.5869036082657156,-0.4765495714334911,3.107836808081804,-0.5531352440845377,-0.2995385701039517
39.666268355,3.4580090915405903,0.2177678143762984,-0.0378410646044116,2.8137703684569253,-0.5946149472876101,-0.4765495714334911,3.1238989807079838,-0.5580957367122766,-0.2995385701039517
39.666509314,3.464748886874242,0.2175129250852746,-0.0378411175954833,2.8138623413506703,-0.5946624267371831,-0.4765495714334911,3.1239978770362438,-0.5581262789383294,-0.2995385701039517
39.683359229000004,3.47148725177321,0.2172579182336825,-0.0378540666645282,2.8169007221477544,-0.5962310045730184,-0.4765667551713726,3.127264989204435,-0.5591353242176011,-0.2995557538418332
39.699824021000005,3.4782280011282216,0.2170031470525104,-0.0378540338428153,2.81988634089169,-0.5977723444919226,-0.47658345333087837,3.1304753674851176,-0.5601268479564323,-0.299572452001339
39.716546033,3.484965411985909,0.2167479028817683,-0.0378670316861427,2.8259669010610846,-0.6009115942173527,-0.47658412140662065,3.1370136997796574,-0.5621463309641402,-0.29957312007708126
39.749604843,3.491705684370846,0.2164928938316699,-0.0378604975493557,2.8407372407907596,-0.60853761148728,-0.47660091567412444,3.1528960949963825,-0.5670523066378468,-0.29958991434458504
39.766275146000005,3.498443095647882,0.2162377688699269,-0.0378605011520417,2.8437958491121442,-0.6101167631386891,-0.47658361429718,3.1561849805447824,-0.568068198684925,-0.2995726129676406
39.766585658000004,3.5051838447715107,0.2159828784796149,-0.0378799697189437,2.843879780016527,-0.6101600964498993,-0.4765837671295845,3.156275230458954,-0.5680960756568375,-0.2995727658000451
39.78317693,3.51192364020272,0.2157278699792047,-0.0378799328977414,2.8498018769216986,-0.6132176599313757,-0.4766172661657748,3.1626431915971835,-0.5700630523062914,-0.2996062648362354
39.816280425,3.518662958774186,0.2154728620284123,-0.037860420049956,2.864733992155682,-0.6209273929613764,-0.4766173352282639,3.178699575828196,-0.5750229488960318,-0.2996063338987245
39.816556211000005,3.5254008464482,0.2152174980987716,-0.0378603887916286,2.8647837948333668,-0.620953107025068,-0.4766173352282639,3.178753128249833,-0.5750394915050447,-0.2996063338987245
39.833254267,3.532141118578258,0.2149623698395509,-0.037847391355764,2.867808664891463,-0.6225149046019924,-0.4766173352282639,3.18200574686951,-0.5760442415508694,-0.2996063338987245
39.866252241000005,3.538880436703304,0.214707361889093,-0.0378409294085497,2.882639936429423,-0.6301723189301764,-0.47658345333087837,3.197953650446858,-0.5809703943209119,-0.299572452001339
39.866563705000004,3.545619755838667,0.2144523539378781,-0.0378343521818303,2.882697554511281,-0.6302020657621461,-0.47658345333087837,3.198015606274801,-0.5809895304844028,-0.299572452001339
39.883116664,3.552358597385917,0.2141973465368267,-0.0378213638080409,2.8857597053430153,-0.6317829806992649,-0.47658345333087837,3.201308289473337,-0.5820065344710098,-0.299572452001339
39.899983302,3.559098392652657,0.2139423380365397,-0.0378018659540962,2.8977357257954814,-0.6379659124557061,-0.47658345333087837,3.214185918138946,-0.5859840199748653,-0.299572452001339
39.932938995,3.565837234340882,0.2136873306353827,-0.037782343285384,2.9095894134267395,-0.6440853072190924,-0.4765495714334911,3.2269319373985708,-0.5899205026387263,-0.2995385701039517
39.949603708000005,3.5725775073060646,0.2134325600034763,-0.0377757719802215,2.9126783171240334,-0.6456798383593045,-0.47653293400909114,3.2302533530844566,-0.590946199206826,-0.29952193267955174
39.949874444,3.5793168260077803,0.2131779096805262,-0.0377562752294817,2.9127272840676475,-0.6457051156644743,-0.47653265703151604,3.2303060059228903,-0.5909624590447241,-0.29952165570197664
39.98293678,3.5860561445720966,0.2129231401483658,-0.0377302400223975,2.921531528455437,-0.6502497198288809,-0.47648285710627647,3.239772929431646,-0.5938857287090594,-0.2994718557767371
39.983245679,3.592795940626969,0.2126684892754282,-0.0377106546890663,2.921640346822761,-0.6503058884649221,-0.47648224159470765,3.2398899380752075,-0.5939218580610292,-0.29947124026516825
40.016288969,3.5995347828576447,0.2124141971297447,-0.0376846215626963,2.93660250581579,-0.6580283144832384,-0.47644792574133277,3.255978131697816,-0.59888895895617,-0.29943692441179337
40.016556358,3.606274579026421,0.2121596654660351,-0.0376715300162981,2.93665165754935,-0.6580536819065351,-0.47644792574133277,3.2560309823074713,-0.5989052749647416,-0.29943692441179337
40.033174182,3.613012944867268,0.2119053738696172,-0.0376453915661136,2.9399875856925473,-0.6597753627513625,-0.47644629972823793,3.2596179520842576,-0.6000126363910351,-0.29943529839869854
40.049855276,3.619752264369889,0.211651438801947,-0.0376193012797634,2.951573423642552,-0.6657543631018441,-0.47638076938868323,3.2720755851889627,-0.6038580835202234,-0.29936976805914384
40.066518315,3.6264920611751,0.2113976223936405,-0.0375866029004049,2.9546572002404456,-0.6673455874403762,-0.47636332776907864,3.275391371601042,-0.6048814277783907,-0.29935232643953924
40.099567326,3.63323042765953,0.2111438076339936,-0.0375669438925299,2.9665469778680555,-0.6734804258714007,-0.47632999774141993,3.2881756363753953,-0.6088267577757432,-0.29931899641188053
40.099834425000005,3.639970224782958,0.2108903488533887,-0.0375407772753074,2.9665957663719023,-0.6735055985039564,-0.4763297218021272,3.2882280951306884,-0.6088429459977123,-0.2993187204725878
40.116577848000006,3.646710498514826,0.2106366511047276,-0.0375014480911163,2.9696541325860455,-0.6750835753398692,-0.47631242421476827,3.29151653548392,-0.6098577242186689,-0.2993014228852289
40.133166806000006,3.653449342585844,0.2103836702601116,-0.0374686462495013,2.981506964471866,-0.6811979545594513,-0.47621154257017295,3.3042608291921978,-0.6137894203960885,-0.29920054124063356
40.166271223,3.660187233054852,0.210130690514643,-0.0374423882253249,2.9876095580151154,-0.6843455720375257,-0.47617702976175025,3.3108223240376824,-0.6158132605911306,-0.29916602843221085
40.166527311,3.666927508328765,0.2098780656486465,-0.037409507591488,2.987674003224558,-0.6843788109759243,-0.47617687056224156,3.3108916152336394,-0.6158346321191251,-0.29916586923270216
40.183153481000005,3.673648232434366,0.2096251056889768,-0.0373802666706325,2.9936138507237167,-0.6874423534900718,-0.47617687056224156,3.3172781024387903,-0.6178043687075276,-0.29916586923270216
40.216340264,3.6803937522092913,0.2093722363592748,-0.0372918473052791,3.0055843357980216,-0.6936157526660268,-0.47610922367495334,3.3301486036460477,-0.6217734452970919,-0.29909822234541394
40.216514336,3.687132598277973,0.2091208052342351,-0.0371920788959303,3.0056269299347815,-0.6936377164418337,-0.47610873490753747,3.3301943997834615,-0.6217875655567208,-0.29909773357799807
40.233170011000006,3.693872398745994,0.2088702074746438,-0.0371257506380866,3.011535224391165,-0.6966840981539314,-0.4760087078051072,3.3365468051680267,-0.6237459656050461,-0.2989977064755678
40.2498641,3.700610291744393,0.208619850332173,-0.0370860083786245,3.018654378763046,-0.7003537705262943,-0.47588794038421334,3.344200904124867,-0.6261046990469712,-0.29887693905467394
40.266527621,3.707351523780519,0.2083699661788673,-0.037039528987904,3.0265456482681525,-0.7044203122761553,-0.47578747310617686,3.352684937428222,-0.6287181402866293,-0.29877647177663746
40.283156004000006,3.7140898947485854,0.2081202045325138,-0.0369930303647566,3.030207821468797,-0.7063072860432938,-0.475766766341744,3.3566221606047635,-0.6299307639741335,-0.2987557650122046
40.299816729,3.720786306505985,0.2078726370168303,-0.0370480965909221,3.0414609019760515,-0.7121049029946258,-0.47570314035470673,3.3687202963432115,-0.6336562565417287,-0.29869213902516734
40.316618964,3.7275508996276794,0.2076192688659464,-0.0368732075588251,3.0445461693622726,-0.7136944416255817,-0.4757363557385226,3.3720372534161855,-0.6346776789224444,-0.2987253544089832
40.349595928,3.734266864417228,0.2073733477449858,-0.0367026120741728,3.0534186727325197,-0.7182650827679548,-0.47557159802776283,3.3815759541221673,-0.6376145591292461,-0.29856059669822343
40.366281781000005,3.7410142954732337,0.2071247677492133,-0.0365378084540205,3.0595342291060503,-0.7214139031615637,-0.4753972804924764,3.3881504210652187,-0.639637300843792,-0.29838627916293703
40.366549982,3.747748856815193,0.2068793020311461,-0.0363962139716676,3.059631070412937,-0.7214637442647804,-0.4753945490114688,3.3882545255938563,-0.6396693105517948,-0.29838354768192943
40.38318082,3.754486755963903,0.2066338324659131,-0.036341857852158,3.0656351282020124,-0.7245538191752776,-0.47522578832732876,3.394708891804144,-0.6416538582863033,-0.29821478699778936
40.416273875,3.7612265628192407,0.2063888375392618,-0.0362741327960548,3.0804319732853513,-0.7321650924592634,-0.4750084182579215,3.4106147819728725,-0.6465406530808686,-0.2979974169283821
40.432936884,3.767963985379431,0.2061437261513833,-0.0362061803453718,3.083414787501161,-0.7336991005958684,-0.4749915594587737,3.41382110850842,-0.6475254534447253,-0.2979805581292343
40.433200767,3.774702839296264,0.205899328369949,-0.0361449236915182,3.083462024705661,-0.7337233938474124,-0.4749912924751527,3.413871885355818,-0.6475410491918331,-0.2979802911456133
40.449817839000005,3.7814426480660055,0.2056555255349965,-0.0360903471170965,3.089492365529868,-0.7368241782204937,-0.4748896225970327,3.420354009722074,-0.6495315109183761,-0.2978786212674933
40.466526706,3.788181502980907,0.2054123198459475,-0.0360152458614263,3.101414530261483,-0.7429528587418027,-0.4747882221355191,3.4331690711985865,-0.6534650762442911,-0.2977772208059797
40.483144019,3.794920358620603,0.2051692333656687,-0.0359604687865715,3.107331890897994,-0.7459940316040373,-0.47468892042599364,3.4395294838826005,-0.6554167523879068,-0.29767791909645425
40.516294092,3.801661122026691,0.2049269791518668,-0.0358988029220617,3.1134859196254214,-0.7491561889041014,-0.4746184872591215,3.4461441704966864,-0.6574458480893908,-0.2976074859295821
40.516542185000006,3.808400455927202,0.2046849650047404,-0.0358438251927753,3.1150154065516533,-0.7499419916175775,-0.47460975254454496,3.447788128780555,-0.6579500477749513,-0.29759875121500556
40.549584403000004,3.8151397892873113,0.2044429508580189,-0.0357819444174989,3.1284110989082685,-0.7568232585127531,-0.4744662947452163,3.462186214635299,-0.6623649692368979,-0.2974552934156769
40.56628269,3.8218800775636663,0.2042017700763584,-0.0357199338800316,3.1314343265762536,-0.7583759787487747,-0.4744492122901818,3.465435618116723,-0.6633610729858759,-0.2974382109606424
40.582931432,3.8286194123754127,0.2039607096030557,-0.0356646671630247,3.1373426273160976,-0.7614100876001433,-0.47438283254849267,3.4717858685822,-0.6653073908376427,-0.2973718312189533
40.583244709000006,3.835358746854644,0.2037197683393155,-0.0356163052862872,3.137454840716924,-0.7614677128432441,-0.4743815657951167,3.47190647570101,-0.6653443562114374,-0.2973705644655773
40.616255387,3.842098082259407,0.2034793039121351,-0.0355539786119778,3.1523978657629343,-0.7691394093780753,-0.4742466980767581,3.487966901498823,-0.6702648895606982,-0.2972356967472187
40.632929257,3.848837895003028,0.2032393157722312,-0.0355192860193019,3.1554651553563273,-0.7707139060719357,-0.4742120751041021,3.4912635129867953,-0.6712746707182186,-0.29720107377456273
40.633197829000004,3.855577707699657,0.2029993276323626,-0.0354637203190291,3.155531964331983,-0.7707481973290536,-0.4742113201605722,3.4913353163145113,-0.6712966618908063,-0.2972003188310328
40.649817596000005,3.862317997821978,0.202760054198332,-0.0354011397735636,3.1644552905216705,-0.7753276882801288,-0.47411046028758363,3.500925604049452,-0.6742333043306665,-0.29709945895804424
40.666476848,3.869058289242189,0.2025213768098956,-0.0353523341908353,3.1734520844190395,-0.7799439864200483,-0.4740425190474209,3.510594692823123,-0.677193242038664,-0.2970315177178815
40.699600131000004,3.875796196081728,0.2022827021697592,-0.0353174408816476,3.179417536031936,-0.7830043784139311,-0.4739753979546677,3.5170058292937543,-0.6791553687565333,-0.2969643966251283
40.699841831,3.8825355340501018,0.2020445027176109,-0.0352545635375695,3.179460930606844,-0.7830266406525107,-0.4739749081847009,3.517052465917737,-0.6791696418676705,-0.2969639068551615
40.73294217,3.88927630245316,0.2018064208260311,-0.0352125854295446,3.1944032783563063,-0.7906906319732095,-0.47385647465144665,3.533110868205865,-0.6840827096651099,-0.29684547332190725
40.749564242000005,3.896015164386189,0.2015689371787628,-0.0351635387258745,3.1974457539877656,-0.792250893655377,-0.4738392888175724,3.5363805468488,-0.6850828476839848,-0.296828287488033
40.749855657000005,3.9027554571497567,0.2013316903010797,-0.0351144025855949,3.1975046422328877,-0.7922810926185858,-0.4738389561804812,3.5364438326078824,-0.6851022052533019,-0.2968279548509418
40.766484983000005,3.9094971809716696,0.2010949186114375,-0.0350652067793436,3.2035181443603826,-0.7953647159612008,-0.4738048399577739,3.5429063595391477,-0.6870787391941122,-0.2967938386282345
40.78317853,3.916236044164796,0.2008585078470449,-0.0350299841495075,3.21427368938289,-0.8008789856892692,-0.4737103911785958,3.554464840009377,-0.690612922067761,-0.2966993898490564
40.799839997,3.9229753845195368,0.2006222157421218,-0.0349947253832064,3.2214745492572816,-0.8045702880773459,-0.4736697195636097,3.5622031765602906,-0.6929785601794852,-0.2966587182340703
40.832939684,3.9297161550106665,0.2003858027793638,-0.0349594718127316,3.2304343967425413,-0.8091624549493046,-0.4735852680863317,3.5718316470026927,-0.6959212495070933,-0.2965742667567923
40.849574009,3.9364559723482535,0.2001501061712973,-0.0349242019245824,3.233465892364111,-0.810716048134392,-0.47356814665384483,3.5750893429620176,-0.6969167566768042,-0.29655714532430544
40.866244833,3.94319483598065,0.1999139338252022,-0.0348817986371501,3.239472756585239,-0.8137942147074311,-0.47353422137176615,3.5815443748360516,-0.6988890879693732,-0.29652322004222675
40.882908685000004,3.949935130892053,0.1996787135042361,-0.034839349138265,3.2454190841728785,-0.8168409784491988,-0.47346726453855936,3.587934286332863,-0.700841166897231,-0.29645626320901997
40.899587775,3.956674949410052,0.1994436129418517,-0.0347967959772776,3.251460823753174,-0.8199362452529787,-0.4734326716644581,3.5944266597648573,-0.7028241900847471,-0.29642167033491873
40.899875613000006,3.963414291194983,0.1992089897662433,-0.0347755425124178,3.251564814306222,-0.8199895182901721,-0.4734320843883175,3.5945384061511447,-0.7028583192037922,-0.2964210830587781
40.932961324000004,3.9701550639386554,0.1989742457321841,-0.0347258261998788,3.263383985867428,-0.8260438757958145,-0.473365337850975,3.6072389963892277,-0.7067368587232056,-0.2963543365214356
40.949684618,3.976893929413441,0.198740099943035,-0.0346832008759434,3.272368650277335,-0.8306453147171323,-0.4732807541096342,3.616893528674625,-0.7096843052546103,-0.2962697527800948
40.966296831,3.9836332729355335,0.1985063112313183,-0.0346546628478187,3.275397737880127,-0.8321965077365296,-0.4732636489495974,3.6201484316013257,-0.7106778737860013,-0.296252647620058
40.966627592,3.990374522705468,0.1982722819033964,-0.0346190968666577,3.2754580491730647,-0.832227393095048,-0.4732633083736708,3.6202132390382964,-0.7106976564435564,-0.2962523070441314
40.999581522,3.997113388783996,0.1980383745324215,-0.0345834388365225,3.290408252114936,-0.8398826840381546,-0.47319649587768176,3.6362778417441635,-0.7156007766062068,-0.29618549454814236
41.016263678,4.003853447227946,0.1978047042058671,-0.0345548578528672,3.2934615241917875,-0.8414459354686918,-0.473162049684996,3.6395586745907513,-0.7166019565316497,-0.2961510483554566
41.032896049,4.010591837867722,0.1975719894765785,-0.0345191341105632,3.2994467324984456,-0.8445099352094629,-0.4731279200949583,3.6459898943264597,-0.7185641557051704,-0.2961169187654189
41.033302313,4.0173330892031975,0.1973390330313034,-0.0344833740669452,3.2995944694383383,-0.8445855627567024,-0.47312708589429064,3.646148639899304,-0.7186125868151387,-0.29611608456475125
41.066242907,4.024073387227811,0.197106554522211,-0.0344404497794427,3.3173382011014687,-0.8536674394853766,-0.47299412875608127,3.665214325547981,-0.7244280944450736,-0.29598312742654187
41.066547377,4.030812731935938,0.1968739579027388,-0.0344117294816358,3.3174472769562344,-0.8537232621498402,-0.4729928982983935,3.665331526734125,-0.7244638378910069,-0.29598189696885413
41.083125615,4.036228425483685,0.1966835373144526,-0.0344833044539083,3.3235177920202483,-0.8568296364743406,-0.4729581610697551,3.671854181918,-0.7264527280183404,-0.2959471597402157
41.099774738,4.040206033536711,0.1965401930291511,-0.0345690425405679,3.324825539886903,-0.8574985251559203,-0.4726227736642805,3.673259278778233,-0.7268808861251727,-0.2956117723347411
41.116696471000004,4.042815176150768,0.1964457521527548,-0.0346474098613314,3.326103980744079,-0.8581518533390645,-0.4722466990445522,3.6746327865499726,-0.7272988874901943,-0.2952356977150128
41.149619482000006,4.044231325283568,0.1963976282489764,-0.0346333650543745,3.3279454038148772,-0.8590917655730341,-0.4717249871171809,3.676610943642183,-0.7278998604111908,-0.2947139857876415
41.149878155,4.044768222699752,0.1963787703894075,-0.0346546146687805,3.3279546904999537,-0.8590965030209661,-0.47172258420966173,3.67662091942545,-0.7279028885592762,-0.29471158288012234
41.166550662000006,4.044953227536759,0.1963720006380327,-0.0346261792324873,3.3286394544484414,-0.8594458084296114,-0.47157552027735683,3.6773564920529744,-0.7281261571045179,-0.29456451894781743
41.18322312,4.045011400553883,0.1963709799130613,-0.0346261489306647,3.329180722034717,-0.8597218346458176,-0.47156970990059044,3.6779379069410996,-0.7283025594850352,-0.29455870857105104
41.216275086,4.045030473222848,0.196370361883074,-0.0346332537063832,3.329246609420714,-0.859755433423346,-0.47156893251771237,3.6780086811421384,-0.7283240312793762,-0.294557931188173
41.216543698,4.045032380273121,0.1963700020569543,-0.0346190025794261,3.3292468132807325,-0.8597555373799758,-0.47156893251771237,3.6780089001222476,-0.7283240977143055,-0.294557931188173
41.23317112,4.045028566199646,0.1963706024998601,-0.0346404027632198,3.3292594170676004,-0.8597619645706321,-0.47156893251771237,3.6780224387191907,-0.7283282050998445,-0.294557931188173
41.266240059000005,4.045023796671044,0.1963695351129155,-0.0346332452558752,3.3292531898347915,-0.8597587889149061,-0.4716027670918237,3.6780157495954393,-0.7283261756070033,-0.2945917657622843
41.266510604000004,4.045017121925363,0.1963703772717902,-0.0345976316762908,3.329253088584917,-0.8597587372812587,-0.47160231161499055,3.6780156408355844,-0.7283261426090568,-0.29459131028545116
41.299579554000005,4.0450104473405775,0.1963713386398575,-0.0346261237204828,3.3292406972772475,-0.8597524184447359,-0.47153511502975576,3.6780023304775984,-0.7283221044695027,-0.29452411370021636
41.299822486000004,4.045004725097705,0.1963712260259018,-0.0346261440286078,3.3292406068340843,-0.8597523723259681,-0.47153560642828474,3.6780022333266977,-0.7283220749973297,-0.29452460509874534
41.332900453,4.044999956433348,0.1963711123128161,-0.034626174301821,3.329234473081596,-0.8597492446035733,-0.47156893251771237,3.6779956446630706,-0.7283200762280642,-0.294557931188173
41.333211125000005,4.044992327818005,0.1963714787337855,-0.0346261225665158,3.329234473081596,-0.8597492446035733,-0.47156893251771237,3.6779956446630706,-0.7283200762280642,-0.294557931188173
41.366260116,4.044986606527736,0.196371723747056,-0.0346331893721773,3.3292190021085912,-0.8597413553804907,-0.471552638368923,3.677979026234979,-0.7283150345324838,-0.29454163703938363
41.382898368,4.044977069960084,0.1963719731575677,-0.0346189604814284,3.329215826516992,-0.8597397360831716,-0.47153538464865896,3.6779756151249123,-0.7283139997214281,-0.29452438331911956
41.399586505,4.044970394798627,0.1963725768981272,-0.0346189888606987,3.329209611235334,-0.8597365667874315,-0.47156848564816656,3.6779689388854857,-0.7283119743847395,-0.29455748431862716
41.399868182000006,4.044964672324372,0.1963723450750315,-0.0346475122213922,3.3292095055005158,-0.8597365128711447,-0.47156880490564745,3.6779688253088207,-0.7283119399295661,-0.29455780357610806
41.432939135000005,4.04495894992418,0.1963719940425669,-0.0346332480338745,3.32919403604172,-0.8597286246864156,-0.47155251956929334,3.6779522085541196,-0.7283068989894803,-0.29454151823975394
41.449652991,4.044954183103737,0.1963730724212329,-0.0346118347433089,3.3291908062242457,-0.8597269777382439,-0.4715351300132866,3.6779487391965024,-0.7283058465081625,-0.2945241286837472
41.449908809,4.044945599581346,0.1963730823143876,-0.0346190238861362,3.3291907122682027,-0.8597269298281889,-0.47153564049810015,3.6779486382721887,-0.7283058158912684,-0.29452463916856075
41.466479793000005,4.044939878287503,0.196373446536974,-0.0346332326928697,3.3291846261285083,-0.859723826384505,-0.47156870789625316,3.677942100752569,-0.7283038326372997,-0.29455770656671376
41.483179252,4.044933201752046,0.1963728581854299,-0.0346261418688582,3.3291754482383635,-0.8597191463957709,-0.4715508096916352,3.677932242182129,-0.7283008418930891,-0.2945398083620958
41.499844446000004,4.044927480333574,0.1963734608267363,-0.0346261311899495,3.329172112685604,-0.8597174455310744,-0.47156893251771237,3.6779286592473457,-0.728299754956446,-0.294557931188173
41.5164786,4.044919851824987,0.1963741848755656,-0.0346332390546773,3.3291653546226256,-0.8597139993160849,-0.47156893251771237,3.677921399945698,-0.7282975526048483,-0.294557931188173
41.533254785000004,4.044914129558618,0.1963740722616275,-0.0346261530432739,3.3291596406926,-0.859711085547544,-0.47156893251771237,3.677915262219284,-0.7282956905205553,-0.294557931188173
41.549900171000004,4.044907454160157,0.1963739607464847,-0.0346260752441919,3.329147339254064,-0.8597048125367698,-0.47156893251771237,3.6779020483955414,-0.7282916816658134,-0.294557931188173
41.566620029,4.044901732969494,0.1963748018062471,-0.0346189708879723,3.329147168699596,-0.8597047255640137,-0.47156893251771237,3.6779018651912216,-0.7282916260846646,-0.294557931188173
41.583295081,4.044894103837245,0.1963751682276038,-0.0346189775780612,3.329141106746962,-0.8597016344537927,-0.4715359965334258,3.6778953536525014,-0.7282896507123884,-0.2945249952038864
41.616277696000004,4.044888382127627,0.1963752940318751,-0.0346189629406659,3.329131664162307,-0.8596968194920632,-0.4715524565918283,3.6778852107564233,-0.7282865737137597,-0.2945414552622889
41.632942369000006,4.044879798813122,0.1963754231341874,-0.0346119120845584,3.3291284995706603,-0.8596952058038384,-0.4715352626368343,3.677881811462122,-0.7282855424871928,-0.2945242613072949
41.63322668,4.044875030983888,0.196375667048416,-0.0346332435350733,3.329128431141215,-0.8596951709103031,-0.47153521039674473,3.6778817379575917,-0.7282855201884982,-0.29452420906720533
41.649822111000006,4.044868354683389,0.1963750786966958,-0.0346332049779939,3.3291222395656814,-0.8596920137027877,-0.4715688506520852,3.67787508718246,-0.7282835025767828,-0.2945578493225458
41.682942899000004,4.044861679776812,0.1963758016463777,-0.0346047270119429,3.3291066788539228,-0.8596840787201294,-0.4715522326632371,3.6778583723601193,-0.7282784316385709,-0.2945412313336977
41.683245535000005,4.044855004850314,0.1963764053867611,-0.0346260742521471,3.3291066219383465,-0.8596840496977451,-0.4715519234278087,3.6778583112233867,-0.7282784130918323,-0.2945409220982693
41.71627568,4.044851189921791,0.1963765289930543,-0.0346190122756265,3.3290972804043517,-0.8596792862637569,-0.47156893251771237,3.6778482768724134,-0.7282753690219781,-0.294557931188173
41.716541106,4.044843560612299,0.1963765377866039,-0.0346261289338175,3.3290972804043517,-0.8596792862637569,-0.47156893251771237,3.6778482768724134,-0.7282753690219781,-0.294557931188173
41.733163619,4.044836884928313,0.1963765454809884,-0.0346261292399387,3.3290971690531075,-0.8596792294811657,-0.47156893251771237,3.6778481572623605,-0.7282753327342738,-0.294557931188173
41.749810167,4.044829256144926,0.196377031111397,-0.0346261112642953,3.329084808411347,-0.8596729262802265,-0.47156893251771237,3.677834879844351,-0.7282713045860874,-0.294557931188173
41.782916407,4.044823534592629,0.196377395334177,-0.0346332239903546,3.329072336418343,-0.8596665662966961,-0.47156893251771237,3.677821482816289,-0.7282672401501966,-0.294557931188173
41.783320848,4.044818766300629,0.1963774008301257,-0.0346332067162904,3.329072336418343,-0.8596665662966961,-0.47156893251771237,3.677821482816289,-0.7282672401501966,-0.294557931188173
41.816319823,4.04481209093486,0.1963777661522117,-0.0346189673898648,3.329060001387129,-0.8596602764189354,-0.47156818778737986,3.6778082329546993,-0.7282632206072945,-0.29455718645784046
41.832949549000006,4.0448044619905765,0.1963781325734276,-0.0346189718019108,3.3290568039298867,-0.8596586459718895,-0.47155230472669984,3.6778047983573177,-0.728262178671012,-0.29454130339716045
41.833292553,4.044796832811335,0.1963784989948195,-0.0346190160555262,3.3290567394433834,-0.859658613088939,-0.4715519543566842,3.677804729088159,-0.7282621576571808,-0.2945409530271448
41.849850703,4.04479206449584,0.1963785044907858,-0.0346261306035521,3.3290535486297883,-0.8596569860296213,-0.4715354833088412,3.6778013016271527,-0.7282611178858243,-0.2945244819793018
41.866534682,4.044784434334878,0.1963779172384067,-0.0346261457996659,3.3290473922168493,-0.8596538467522119,-0.47156893251771237,3.6777946886224573,-0.728259111732333,-0.294557931188173
41.883134832,4.0447787133990944,0.1963788775072914,-0.0346190164206839,3.3290351004048793,-0.8596475786504207,-0.47156893251771237,3.677781485139274,-0.728255106014745,-0.294557931188173
41.916276389000004,4.044772991964276,0.1963792417299835,-0.0346332271588462,3.3290287516190546,-0.859644341142729,-0.47156893251771237,3.677774665470451,-0.7282530370404472,-0.294557931188173
41.932967833,4.044765362752341,0.1963791313141466,-0.0346331957134765,3.3290224981133147,-0.8596411522222814,-0.47156893251771237,3.67776794814854,-0.7282509991165032,-0.294557931188173
41.933256142000005,4.04475773327123,0.1963793785264514,-0.0346118864910859,3.329022448230841,-0.8596411267851511,-0.47156893251771237,3.6777678945663337,-0.7282509828605513,-0.294557931188173
41.949916266,4.044752012409508,0.1963802195859673,-0.0346260855229743,3.329022448230841,-0.8596411267851511,-0.47156893251771237,3.6777678945663337,-0.7282509828605513,-0.294557931188173
41.966517718000006,4.044746290311185,0.1963799877625899,-0.0346189590839287,3.3290100095739312,-0.8596347840665867,-0.4715687508096451,3.6777545333936246,-0.7282469295497628,-0.2945577494801057
41.983200275,4.044739614753875,0.1963804722941327,-0.0346118785575777,3.3289975601912367,-0.8596284356136994,-0.47156893251771237,3.6777411606529817,-0.7282428724829363,-0.294557931188173
42.000025915,4.044734847293425,0.1963809546267116,-0.0346474434507952,3.32899750413709,-0.8596284070293786,-0.47156893251771237,3.6777411004413563,-0.7282428542157288,-0.294557931188173
42.032951401000005,4.044728170295202,0.1963801278568875,-0.0346332406328776,3.328988233499314,-0.8596236793509954,-0.4715863259328117,3.6777311421749417,-0.7282398328587989,-0.2945753246032723
42.033324181000005,4.044721495204233,0.1963807315973943,-0.0346261128411928,3.3289881629466764,-0.8596236433717901,-0.471585942597466,3.6777310663892213,-0.7282398098652676,-0.2945749412679266
42.066315893,4.044714819905377,0.1963812161287434,-0.0346332839581951,3.3289758011119512,-0.8596173396927282,-0.47155132363117147,3.6777177877126963,-0.7282357814564964,-0.2945403223016321
42.066621084000005,4.044709097602741,0.1963807458868925,-0.0346332502392711,3.328975743185922,-0.8596173101550938,-0.4715516383566225,3.67771772549057,-0.7282357625804874,-0.2945406370270831
42.083169135000006,4.044701468862771,0.1963813507265819,-0.0346332280408043,3.328972602323693,-0.8596157085669711,-0.4715687033842251,3.6777143516855846,-0.7282347390864838,-0.2945577020546857
42.099809702,4.044697655349618,0.1963820703783812,-0.0346331874792438,3.3289602367893036,-0.8596094028719785,-0.47156893251771237,3.6777010690122234,-0.7282307093447488,-0.294557931188173
42.132938685,4.044688118416756,0.1963819621612267,-0.0346118288599949,3.328956997674553,-0.8596077511797682,-0.471552141209191,3.677697589667237,-0.7282296538306601,-0.2945411398796516
42.133337926,4.044682396656572,0.1963822071748492,-0.0346189504677089,3.3289569224502693,-0.8596077128214097,-0.4715517324983374,3.677697508863927,-0.7282296293177724,-0.294540731168798
42.149800493,4.044674767681644,0.1963828120147146,-0.0346189842145579,3.3289512829556864,-0.8596048371309519,-0.47154900941474764,3.677691451114955,-0.7282277916093769,-0.29453800808520825
42.182964724,4.04466904581113,0.1963828186097932,-0.0346118373838566,3.32893514406433,-0.8595966073230169,-0.47156893251771237,3.6776741152321963,-0.728222532263235,-0.294557931188173
42.183215962000006,4.044661416615543,0.1963829466125707,-0.0346189676231018,3.32893514406433,-0.8595966073230169,-0.47156893251771237,3.6776741152321963,-0.728222532263235,-0.294557931188173
42.199789,4.044656648319968,0.1963830713178353,-0.0346260857613599,3.32893514406433,-0.8595966073230169,-0.47156893251771237,3.6776741152321963,-0.728222532263235,-0.294557931188173
42.232887666,4.044649972880137,0.1963835558492901,-0.034633245582537,3.32891962388202,-0.8595886931432286,-0.4715854937327357,3.677657443969145,-0.7282174746660839,-0.29457449240319633
42.233226883,4.044645204230077,0.1963829652989405,-0.0346260853355796,3.3289195601331465,-0.8595886606336884,-0.471585840101028,3.677657375491843,-0.7282174538899402,-0.2945748387714886
42.266250726,4.0446385293235005,0.1963836882486223,-0.0346118315666555,3.3289041224343414,-0.8595807882444055,-0.471535911278707,3.6776407927822534,-0.728212422905932,-0.2945249099491676
42.266491394,4.044629946750137,0.1963841749783193,-0.0346260785148356,3.328904029179442,-0.8595807406918775,-0.47153540460336885,3.677640692611084,-0.7282123925175155,-0.29452440327382945
42.283206333,4.044624224624744,0.1963840623642755,-0.0346260928455568,3.3289008652507373,-0.8595791273417002,-0.47155188699035655,3.677637294028892,-0.7282113615069774,-0.29454088566081715
42.299877187,4.044617548940757,0.19638407005866,-0.0346189363036065,3.3288977432413067,-0.8595775353669944,-0.47156884958636525,3.677633940474927,-0.7282103441564227,-0.29455784825682585
42.332913835,4.044610873387023,0.1963844353808868,-0.0346190061321826,3.3288852559845745,-0.8595711676001856,-0.47156893251771237,3.677620527051099,-0.728206274746632,-0.294557931188173
42.333157659,4.044605151968551,0.1963850380221932,-0.0346332408801619,3.3288852559845745,-0.8595711676001856,-0.47156893251771237,3.677620527051099,-0.728206274746632,-0.294557931188173
42.349811131,4.044600382828655,0.1963843282628973,-0.0346332268469314,3.3288834348578966,-0.8595702389325961,-0.47156893251771237,3.677618570853304,-0.7282056812686988,-0.294557931188173
42.38292242,4.044592754477389,0.1963852907302354,-0.0346047657379172,3.3288727839915704,-0.8595648076166552,-0.47156893251771237,3.677607130023037,-0.7282022103107413,-0.294557931188173
42.383210098,4.0445860794604815,0.1963857752613733,-0.034618980258363,3.328872728659141,-0.8595647794015489,-0.4715686318838834,3.6776070705868658,-0.7282021922798931,-0.29455763055434403
42.416367757,4.0445794039445415,0.1963856637463186,-0.034626066583693,3.3288602638012827,-0.8595584233225997,-0.47156867123616664,3.6775936812700087,-0.7281981304311582,-0.29455766990662724
42.416720809000005,4.04457272864926,0.1963860290683518,-0.0346189304847176,3.328860135794071,-0.8595583580491762,-0.47156797574351295,3.677593543769113,-0.7281980887182131,-0.29455697441397355
42.433214656000004,4.044565099282052,0.1963863954898845,-0.034611873673901,3.32885415556632,-0.8595553086120987,-0.4715354837893315,3.6775871200164203,-0.7281961399771362,-0.2945244824597921
42.449811079,4.044560331613714,0.1963867586133058,-0.0346260770703514,3.3288430701590075,-0.8595496559424203,-0.4715430180140139,3.677575212457371,-0.7281925276417064,-0.2945320166844745
42.466513684000006,4.04455270251211,0.1963868866160129,-0.0346189326051227,3.328835367145116,-0.8595457280224233,-0.47156892956087404,3.677566938147714,-0.7281900175066062,-0.29455792823133464
42.483315768000004,4.044549841142181,0.1963868899138778,-0.0346261151072573,3.3288321987709977,-0.859544112405441,-0.4715517150548436,3.6775635347904134,-0.7281889850474677,-0.2945407137253042
42.499829794,4.044544119472405,0.196387254136746,-0.0346403591492184,3.3288250527618954,-0.8595404685132652,-0.4715572120984657,3.6775558587959325,-0.7281866564201891,-0.2945462107689263
42.516498685,4.044535535089345,0.1963861911467257,-0.0346261376884048,3.328822895588583,-0.8595393685276868,-0.47156893251771237,3.677553541635374,-0.7281859534750141,-0.294557931188173
42.549641555,4.044529814404865,0.1963873898340488,-0.0346190164624945,3.328810423595579,-0.8595330085441564,-0.47156893251771237,3.677540144607312,-0.7281818890391233,-0.294557931188173
42.549891731,4.044521231791659,0.1963876381451489,-0.0346332287387702,3.328810423595579,-0.8595330085441564,-0.47156893251771237,3.677540144607312,-0.7281818890391233,-0.294557931188173
42.582946604,4.044516463076736,0.1963876436414145,-0.0346332757304201,3.3287979516025747,-0.859526648560626,-0.47156893251771237,3.6775267475792504,-0.7281778246032324,-0.294557931188173
42.599587982,4.044508834488464,0.1963878908530503,-0.0346260958002072,3.328794891088357,-0.8595250879435525,-0.47155230403935633,3.677523460081304,-0.7281768272917553,-0.29454130270981693
42.616310184,4.044502159534895,0.1963886138027674,-0.0346189828438962,3.3287917362856945,-0.8595234792469254,-0.47153516327016654,3.6775200713019895,-0.7281757992550659,-0.29452416194062714
42.632945701000004,4.044495483843759,0.1963888599157838,-0.0346190146320096,3.328785635386301,-0.8595203682769771,-0.4715680855614828,3.6775135179280145,-0.7281738111914421,-0.2945570842319434
42.649565959,4.044489762204629,0.1963889857200023,-0.0346403382863845,3.328779287131057,-0.8595171311753609,-0.4715352879416628,3.6775066988529868,-0.7281717425234456,-0.2945242866121234
42.666311466,4.044482132157571,0.1963885176768512,-0.0346261174521209,3.328773033893313,-0.8595139425250576,-0.47156878857931694,3.677499981842453,-0.7281697048182341,-0.29455778724977755
42.666550692,4.044475457364897,0.1963893598357611,-0.0346047411972746,3.328773007401081,-0.8595139290161417,-0.47156893251771237,3.6774999533854187,-0.7281696961853686,-0.294557931188173
42.699562312000005,4.0444697355378,0.1963894856401204,-0.0346189835420247,3.3287606985282037,-0.8595076522142905,-0.47156893251771237,3.6774867315759376,-0.7281656849078865,-0.294557931188173
42.699800676,4.044464013958433,0.1963899690722341,-0.034626134922891,3.328760535408077,-0.8595075690326113,-0.47156893251771237,3.677486556357357,-0.7281656317494779,-0.294557931188173
42.716539259,4.044457338639655,0.1963903343942849,-0.0346261132638139,3.3287602980662947,-0.8595074480022493,-0.47156893251771237,3.6774863014121757,-0.7281655544033425,-0.294557931188173
42.733203852,4.044450662986313,0.1963901036700197,-0.0346189580930041,3.328748082238097,-0.8595012186477171,-0.47156893251771237,3.6774731795484037,-0.728161573447729,-0.294557931188173
42.766265567000005,4.044446849073734,0.1963908233221183,-0.0346189665212717,3.3287387915697018,-0.8594964811507081,-0.4715515447934724,3.677463199835418,-0.7281585459527483,-0.294540543463933
42.782958123,4.044439219740745,0.1963908321156855,-0.0346189615270565,3.3287356243386115,-0.859494866116579,-0.4715687530891657,3.6774597977059185,-0.7281575138660821,-0.2945577517596263
42.7996356,4.044432543731393,0.1963907206010004,-0.0346189693652317,3.3287234144292177,-0.8594886397809937,-0.47156893251771237,3.6774466822000664,-0.7281535348400119,-0.294557931188173
42.799943356,4.044424915108902,0.1963913254406018,-0.034611851372333,3.3287231873545817,-0.8594885239862731,-0.47156893251771237,3.677446438283535,-0.7281534608397859,-0.294557931188173
42.832952912,4.044418239213454,0.1963913331351447,-0.0346261200103347,3.328716961205621,-0.859485349147627,-0.47153547405734386,3.6774397503705747,-0.7281514319604045,-0.29452447272780446
42.849613237,4.04441251789254,0.1963918165670647,-0.0346403444944536,3.3287107187145004,-0.859482165977241,-0.47156854407475635,3.67743304490369,-0.728149397757131,-0.29455754274521695
42.866236861000004,4.044406794660797,0.19639098869797,-0.0346261311623031,3.3287045905394934,-0.8594790409696283,-0.47156893251771237,3.677426462208434,-0.7281474006780997,-0.294557931188173
42.882931621000004,4.044401073791926,0.1963920681761178,-0.0346332655913566,3.328698175227571,-0.859475769537536,-0.47156893251771237,3.67741957107934,-0.7281453100239421,-0.294557931188173
42.899609870000006,4.0443943976053305,0.1963915990336257,-0.0346261320174886,3.3286920074350594,-0.8594726243257981,-0.47156893251771237,3.6774129458279203,-0.7281433000326565,-0.294557931188173
42.899898750000006,4.044386769163657,0.1963924422917182,-0.0346261355753366,3.3286918980402618,-0.8594725685408798,-0.47156893251771237,3.6774128283194214,-0.728143264382529,-0.294557931188173
42.933006453000004,4.0443800943147945,0.1963928076134169,-0.0346260871290219,3.328679628362955,-0.8594663117264664,-0.47156893251771237,3.6773996486126066,-0.7281392658782967,-0.294557931188173
42.933286016000004,4.044373418140972,0.1963926960988551,-0.034611871581781,3.3286795244816183,-0.859466258753089,-0.47156893251771237,3.6773995370264965,-0.7281392320249234,-0.294557931188173
42.966256577,4.044366742979515,0.1963932998394146,-0.0346118930936985,3.328660950536827,-0.8594567873948662,-0.47156789261912024,3.67737958551724,-0.7281331793123029,-0.29455689128958085
42.982987536,4.044361021367455,0.1963933064342995,-0.0346403260143668,3.328660759140816,-0.8594566897982332,-0.47156893251771237,3.677379379926301,-0.7281331169432286,-0.294557931188173
42.999583107,4.044355298963687,0.196393074611151,-0.0346189566407069,3.328654721352131,-0.8594536110096908,-0.47153612782172694,3.6773728943436543,-0.7281311494451144,-0.29452512649218754
43.016267087,4.044348624301265,0.1963942743979031,-0.0346118799787001,3.3286484399351317,-0.8594504079902247,-0.4715681018036353,3.677366147063944,-0.7281291025572971,-0.2945571004740959
43.016594621,4.044342902752542,0.1963945194113672,-0.0346261134483378,3.3286483165782457,-0.8594503450880949,-0.4715687720299968,3.6773660145582667,-0.7281290623597259,-0.2945577707004574
43.049682967,4.04433622633099,0.196394050269051,-0.0346403783738432,3.3286390269658463,-0.8594456081299611,-0.47155148083811227,3.6773560359796655,-0.7281260352092518,-0.29454047950857287
43.066272456,4.044329550462613,0.1963939387542604,-0.0346261408627145,3.3286359120410345,-0.8594440197678436,-0.47156840494175256,3.6773526900357516,-0.7281250201673198,-0.29455740361221316
43.066590703,4.044323829835848,0.1963947798136003,-0.0346189527603496,3.328635852285398,-0.8594439892972559,-0.47156872960788476,3.6773526258483247,-0.7281250006951075,-0.29455772827834537
43.099571093,4.044315246759876,0.1963947897064205,-0.0346189380959387,3.3286233471666486,-0.8594376124223394,-0.47156893251771237,3.6773391932377555,-0.7281209254648169,-0.294557931188173
43.116259902,4.044309525368475,0.1963952731383933,-0.0346260486116876,3.328617074187677,-0.8594344137055012,-0.47153522833187544,3.677332455021865,-0.7281188813265604,-0.29452422700233605
43.116538412000004,4.044301895796955,0.1963954011414525,-0.0346261105855099,3.3286144549870844,-0.859433078123023,-0.47154945905170464,3.677329641567669,-0.728118027823317,-0.29453845772216525
43.149589487,4.0442971274978055,0.1963956450560331,-0.0346332726543287,3.328610864970258,-0.859431247501912,-0.47156893251771237,3.6773257852964116,-0.7281168579658658,-0.294557931188173
43.149892244,4.0442904515696645,0.1963951759133473,-0.0346332119822539,3.3286106385167624,-0.8594311320239366,-0.47156893251771237,3.6773255420470905,-0.7281167841680602,-0.294557931188173
43.182986151,4.044283776710079,0.196395898862994,-0.0346047179058231,3.328595331103061,-0.8594233262079554,-0.47155226472836986,3.6773090993095883,-0.7281117957754544,-0.29454126339883047
43.199587413,4.044277101246752,0.1963963833944664,-0.0346189975229122,3.3285922166013084,-0.8594217380615641,-0.4715353429233069,3.6773057538201095,-0.728110780871382,-0.2945243415937675
43.216261834,4.044271379490142,0.1963965091987729,-0.0346403320135088,3.3285859836567337,-0.8594185597591515,-0.47156862334021454,3.677299058607793,-0.728108749778984,-0.29455762201067515
43.216556175,4.044263749999834,0.1963962795738313,-0.0346047147340847,3.3285858731146174,-0.8594185033892376,-0.47156922394601963,3.6772989398668923,-0.7281087137550311,-0.29455822261648024
43.233135615,4.044257075022768,0.196397002523566,-0.0346118497593424,3.328579245442171,-0.8594151235242798,-0.4716003945917322,3.6772918206017975,-0.7281065537564897,-0.2945893932621928
43.249903124,4.044250400002287,0.1963976062640199,-0.0346261163187571,3.3285672828142157,-0.859409023295133,-0.47153539833634106,3.677278970719306,-0.7281026553230598,-0.29452439700680166
43.282950923,4.044245631247522,0.1963973733416887,-0.0346403657957924,3.328560982765816,-0.8594058107751452,-0.47156893251771237,3.677272203426394,-0.7281006023639394,-0.294557931188173
43.283188485000004,4.0442418160947655,0.1963971393202099,-0.0346261513842764,3.328560982765816,-0.8594058107751452,-0.47156893251771237,3.677272203426394,-0.7281006023639394,-0.294557931188173
43.316258086000005,4.044233234054656,0.196397864468134,-0.0346261324481374,3.3285486881138286,-0.8593995412251124,-0.47156893251771237,3.677258996892552,-0.7280965957208325,-0.294557931188173
43.33291304,4.044227511831705,0.1963978710634766,-0.0346261486996537,3.3285484953883446,-0.8593994429464409,-0.47156893251771237,3.677258789872815,-0.7280965329144812,-0.294557931188173
43.333228401,4.04421988289457,0.1963979990660605,-0.034626099277877,3.3285482598708294,-0.859399322846348,-0.47156893251771237,3.677258536887204,-0.7280964561628472,-0.294557931188173
43.366218981,4.0442141612717855,0.1963983632888933,-0.0346118529115241,3.3285329561888246,-0.8593915189336294,-0.4715521840912089,3.6772420981582306,-0.7280914689866573,-0.2945411827616695
43.382952755000005,4.044205578282647,0.1963986116002752,-0.0346261384884533,3.328529770821998,-0.8593898946517272,-0.4715352239807711,3.6772386765479537,-0.7280904309902065,-0.2945242226512317
43.383247116,4.044200810316014,0.1963987363052934,-0.0346403449816117,3.3285296620707125,-0.8593898391972838,-0.4715358148515403,3.677238559731105,-0.7280903955520752,-0.2945248135220009
43.399827658,4.044194134239748,0.1963985055813451,-0.0346261057794339,3.328520952160756,-0.8593853977851466,-0.47156893251771237,3.677229203838882,-0.7280875572508344,-0.294557931188173
43.416514844000005,4.044188413488357,0.196399585059405,-0.0346118578087929,3.328511094686056,-0.8593803710523119,-0.47156893251771237,3.677218615245292,-0.7280843448473353,-0.294557931188173
43.449574615,4.044180784198786,0.1963997130622529,-0.0346189852203884,3.3285018524080896,-0.8593756582309469,-0.47155138414695585,3.6772086875116927,-0.72808133312145,-0.29454038281741646
43.466275056,4.0441750623481925,0.1963998388666299,-0.0346189829148095,3.328498649286554,-0.8593740248955657,-0.4715687874437009,3.677205246829925,-0.7280802893393785,-0.2945577861141615
43.466636815,4.04416743343098,0.1964000860785122,-0.0346118388151482,3.328498539549832,-0.8593739689386285,-0.47156848136684815,3.6772051289545544,-0.728080253580129,-0.29455748003730875
43.483214352000005,4.044161711526247,0.1964004503015563,-0.0346189881608481,3.3284914437695607,-0.8593703506591323,-0.47154017288166017,3.677197506914136,-0.7280779413206191,-0.29452917155212077
43.499800695000005,4.044155989585245,0.1964004568966876,-0.0346403405120323,3.328479970917354,-0.8593645004235957,-0.47153535750636344,3.6771851831752542,-0.7280742027308369,-0.29452435617682404
43.516509182,4.044149313207109,0.1964001069636522,-0.0346261403700173,3.328473742825709,-0.8593613245957887,-0.47156858239006993,3.677178493175786,-0.7280721732198344,-0.29455758106053054
43.533183533000006,4.044141684769009,0.1964008310124288,-0.0346190080293212,3.328473678383816,-0.8593612917355856,-0.47156893251771237,3.6771784239545453,-0.7280721522205398,-0.294557931188173
43.549802378,4.044136917050105,0.1964013133452013,-0.0346332246857023,3.3284613136354904,-0.8593549864405393,-0.47156893251771237,3.6771651421253906,-0.728068122734085,-0.294557931188173
43.582923797,4.04413119430105,0.1964008431036849,-0.0346332500972563,3.3284612063908114,-0.8593549317520552,-0.47156893251771237,3.677165026926483,-0.728068087784649,-0.294557931188173
43.599585825000005,4.044124519464961,0.1964015660533139,-0.0346261244567585,3.3284487343978078,-0.8593485717685249,-0.47156893251771237,3.6771516298984213,-0.7280640233487581,-0.294557931188173
43.599839678,4.04411975172971,0.1964018099674721,-0.0346260853365882,3.3284487343978078,-0.8593485717685249,-0.47156893251771237,3.6771516298984213,-0.7280640233487581,-0.294557931188173
43.616501516,4.044110214863761,0.1964018209595807,-0.0346189630081802,3.328445611159643,-0.8593469791672633,-0.4715519632457106,3.6771482750245927,-0.7280630055978035,-0.2945409619161712
43.633225231000004,4.044103539584826,0.1964024247002282,-0.0346118859423355,3.32844094263366,-0.8593445985930073,-0.471543503171425,3.677143260256326,-0.7280614842931425,-0.2945325018418856
43.66631531,4.044097817781226,0.1964025505045699,-0.0346403637514027,3.3284269642435587,-0.8593374707338629,-0.47155168718827767,3.677128245155765,-0.7280569292387008,-0.29454068585873827
43.68298385,4.0440920950791615,0.1964020802630183,-0.034626135592875,3.3284238494338956,-0.859335882430462,-0.4715686106662904,3.6771248993355403,-0.7280559142342915,-0.294557609336751
43.699609558000006,4.044086374099961,0.1964029213226222,-0.0346190117606755,3.3284177229685192,-0.8593327584239104,-0.4715359678722635,3.6771183184994753,-0.7280539178396335,-0.2945249665427241
43.699857140000006,4.044078744971286,0.1964031685346629,-0.0346332454919141,3.3284176308621016,-0.8593327114570162,-0.4715354674368939,3.6771182195619647,-0.7280538878254659,-0.2945244661073545
43.716505552,4.044072068875099,0.1964028186014162,-0.0346332364880782,3.328411318095567,-0.8593294924517985,-0.47156893251771237,3.6771114386076738,-0.7280518307219628,-0.294557931188173
43.73314158,4.0440653939685225,0.1964035415510981,-0.034633238629255,3.328409711249921,-0.8593286730549434,-0.47156893251771237,3.677109712583918,-0.7280513070750114,-0.294557931188173
43.749858833000005,4.044058719018529,0.1964041452914993,-0.0346332366559632,3.328398846102562,-0.8593231324682681,-0.47156893251771237,3.6770980415796117,-0.728047766286072,-0.294557931188173
43.766506663,4.044052042942263,0.196403914567551,-0.0346332367894704,3.3283986648834682,-0.8593230400571792,-0.47156893251771237,3.6770978469196813,-0.7280477072294809,-0.294557931188173
43.799619847,4.044046321205575,0.1964041595811559,-0.0346261240836828,3.3283863741095585,-0.8593167724847377,-0.47156893251771237,3.67708464455155,-0.7280437018501812,-0.294557931188173
43.816253971,4.044039646145251,0.196404524903013,-0.034633215673999,3.3283741866907985,-0.8593105576173492,-0.47156893251771237,3.677071553204315,-0.7280397301527782,-0.294557931188173
43.816605551,4.044033924012709,0.1964046507076012,-0.0346332403895487,3.32837392854097,-0.8593104259761065,-0.47156893251771237,3.6770712759077755,-0.728039646025612,-0.294557931188173
43.833204929000004,4.044026295283461,0.1964048979193426,-0.0346118144799307,3.3283694227664027,-0.8593081283914702,-0.47154459517707004,3.6770664359613208,-0.728038177755227,-0.29453359384753064
43.866246396,4.044019619773144,0.1964053824508503,-0.0346189888296681,3.328358368147633,-0.8593024914214821,-0.4715522966829955,3.6770545614742534,-0.7280345754526754,-0.2945412953534561
43.866537761000004,4.044012944116227,0.1964052709359011,-0.0346189770410691,3.3283583132395806,-0.8593024634227739,-0.47155199835490436,3.6770545024939327,-0.7280345575601164,-0.29454099702536496
43.899576553,4.044006268931276,0.1964058746764782,-0.0346190098842517,3.3283459393993535,-0.8592961537555253,-0.47155253222693005,3.6770412109450503,-0.7280305253707531,-0.29454153089739066
43.916251645,4.044000547335562,0.1964061196899775,-0.0346403401610751,3.3283427591354586,-0.8592945320757093,-0.4715352531210044,3.677037794816165,-0.7280294890371639,-0.294524251791465
43.932953549000004,4.043995778051117,0.1964055291401032,-0.0346261317362554,3.3283365229063313,-0.8592913520984384,-0.4715687309882419,3.6770310960756962,-0.7280274568744489,-0.2945577296587025
43.933264712,4.043989103140965,0.1964063712991011,-0.0346190292868692,3.328336485814314,-0.8592913331844809,-0.47156893251771237,3.6770310562327406,-0.7280274447874948,-0.294557931188173
43.949948411,4.043982428124058,0.196406855830239,-0.0346261261778243,3.3283303603581067,-0.8592882095617704,-0.47156893251771237,3.677024476457666,-0.7280254485929776,-0.294557931188173
43.966529464000004,4.04397479837887,0.1964065069961751,-0.0346261340414076,3.3283240229465263,-0.8592849778542748,-0.47156893251771237,3.6770176690067036,-0.7280233833253758,-0.294557931188173
43.983177555000005,4.043970030224271,0.1964066317013341,-0.034633234557786,3.328311598539935,-0.8592786421370187,-0.47156893251771237,3.677004323094491,-0.7280193343971847,-0.294557931188173
44.016320024,4.043962401276413,0.196407117331866,-0.0346261222796537,3.3283084346524503,-0.8592770288066496,-0.4715520505159354,3.6770009245563626,-0.7280183033988872,-0.294541049186396
44.016590730000004,4.043956679308341,0.1964072431363309,-0.0346261492714974,3.328308383791265,-0.8592770028715194,-0.4715517741754063,3.677000869923046,-0.7280182868250565,-0.2945407728458669
44.033198685,4.043949050300719,0.1964073711389676,-0.0346261111866125,3.328305221086292,-0.8592753901453472,-0.47153551076950606,3.676997472655344,-0.7280172562132887,-0.29452450943996666
44.04985957,4.043943328952735,0.1964079737802212,-0.0346403479859801,3.328293408916558,-0.8592693668850547,-0.4715381760282735,3.676984784433374,-0.728013407052132,-0.29452717469873413
44.082988674,4.043937605603514,0.1964071459112145,-0.0346261612894655,3.3282835579675782,-0.8592643436902335,-0.4715524173492831,3.676974202886538,-0.7280101969822614,-0.2945414160197437
44.099564507000004,4.043932838696239,0.1964079858713188,-0.0346260884636422,3.328280418076112,-0.859262742597122,-0.471535357596057,3.6769708301243123,-0.7280091738045945,-0.29452435626651763
44.099832027000005,4.043924256052387,0.1964084726010686,-0.0346118772796894,3.3282803674009047,-0.8592627167568261,-0.4715350822659943,3.676970775690767,-0.7280091572913677,-0.2945240809364549
44.132921615,4.043916627292496,0.1964089582314596,-0.0346189610477289,3.328264824857878,-0.8592547913049939,-0.47155170139446767,3.676954080431526,-0.7280040925357603,-0.2945407000649283
44.133280750000004,4.043910905535885,0.1964090840357661,-0.0346260755349256,3.3282647573058353,-0.8592547568588637,-0.47155206842026764,3.6769540078694707,-0.7280040705229798,-0.29454106709072825
44.16627701,4.043904230076134,0.1964094493579226,-0.0346118628490277,3.328249501799751,-0.8592469775134882,-0.47156893251771237,3.6769376208896567,-0.7279990990470491,-0.294557931188173
44.166577553,4.043898508041149,0.1964094559531243,-0.0346260915977892,3.3282492716183474,-0.8592468601344987,-0.47156893251771237,3.676937373635932,-0.727999024034374,-0.294557931188173
44.18316611,4.043890878959465,0.1964097031651298,-0.0346260950174889,3.328249181432314,-0.8592468141449213,-0.47156893251771237,3.676937276760892,-0.7279989946440952,-0.294557931188173
44.216251301,4.0438861107742206,0.1964100662889384,-0.0346119027208006,3.3282367742318617,-0.8592404872017848,-0.47156893251771237,3.67692394933098,-0.7279949513231274,-0.294557931188173
44.216515434,4.043879435623489,0.19641031240155,-0.0346403332262612,3.32823670943931,-0.8592404541613909,-0.47156893251771237,3.6769238797328305,-0.7279949302082044,-0.294557931188173
44.249586707000006,4.04387371209345,0.1964092461140521,-0.0346332705318718,3.3282273801524336,-0.8592356965741611,-0.47158600727324185,3.676913858467151,-0.7279918897371781,-0.29457500594370245
44.266251019,4.04386608387601,0.1964104469999166,-0.0346190371671481,3.3282242420744645,-0.8592340962718152,-0.4715689570785777,3.6769104876293297,-0.7279908670185855,-0.2945579557490383
44.266541012000005,4.043860362914681,0.1964106920129406,-0.0346331767738738,3.3282195748119023,-0.8592317163416098,-0.47154359876612517,3.6769054742181515,-0.7279893461254381,-0.2945325974365858
44.299619459000006,4.043852732977953,0.1964104623883334,-0.0346189438951772,3.328208685358189,-0.8592261635925688,-0.4715521976518229,3.676893777145644,-0.7279857976442363,-0.2945411963222835
44.299977321,4.043847011579402,0.1964111842389382,-0.034611873392873,3.328208618398843,-0.8592261294486664,-0.47155183384628074,3.676893705220243,-0.7279857758245944,-0.29454083251674135
44.316533166,4.043839382698457,0.1964117890787333,-0.0346190125436552,3.3282055119414498,-0.859224545404254,-0.47153514549257736,3.6768903683717356,-0.7279847635418892,-0.29452414416303796
44.349580705,4.04383556827407,0.1964115550567088,-0.0346331747515113,3.328193244244429,-0.8592182897324124,-0.47156893251771237,3.676877190815457,-0.7279807658136709,-0.294557931188173
44.349892899000004,4.043828892402118,0.1964115627512342,-0.0346118353617151,3.328193124229272,-0.8592182285317349,-0.47156893251771237,3.6768770618988977,-0.727980726702527,-0.294557931188173
44.366475916000006,4.043820309660709,0.1964121686903703,-0.0346190164783023,3.3281867509450103,-0.859214978532783,-0.471568549939283,3.676870215914878,-0.7279786497460348,-0.2945575486097436
44.383175656000006,4.04381554153318,0.1964121741861957,-0.0346332315546048,3.3281764587182887,-0.8592097303216641,-0.47155747133869674,3.676859160362837,-0.7279752958796236,-0.29454647000915735
44.399838004,4.04380886506821,0.1964115858345988,-0.0346261272356883,3.3281743492588074,-0.8592086546663174,-0.47156893251771237,3.676856894454817,-0.7279746084826695,-0.294557931188173
44.416510472000006,4.043803144038443,0.1964125461035539,-0.0346189990059265,3.328170930661135,-0.8592069114553679,-0.47155035848950355,3.6768532223160757,-0.727973494484677,-0.29453935715996415
44.433199621,4.043795515157498,0.1964131509433489,-0.0346261563679504,3.328161928211645,-0.8592023209273133,-0.4715686551318363,3.676843552197886,-0.727970560910264,-0.2945576538022969
44.449815851000004,4.043789793015758,0.1964127999106908,-0.034633235271884,3.3281557734387124,-0.8591991822255923,-0.4716020960031635,3.676836940908943,-0.7279685550346802,-0.2945910946736241
44.482917633,4.043783117740398,0.1964132844420223,-0.0346261361396684,3.3281494052728027,-0.8591959346992585,-0.47156893251771237,3.676830100398697,-0.7279664796108891,-0.294557931188173
44.483175204000005,4.043777396419484,0.1964137678739423,-0.0346261037940396,3.3281494052728027,-0.8591959346992585,-0.47156893251771237,3.676830100398697,-0.7279664796108891,-0.294557931188173
44.500017044,4.043769767274463,0.1964137766673687,-0.034618948067075,3.328149127270507,-0.859195792934424,-0.47156893251771237,3.676829801777253,-0.7279663890141008,-0.294557931188173
44.516540417,4.043762138209126,0.1964142622979885,-0.03462610967217,3.3281371995719473,-0.8591897105090758,-0.47156893251771237,3.676816989413402,-0.7279625019556251,-0.294557931188173
44.533276666000006,4.043755462427582,0.1964143892017594,-0.0346332632568388,3.328124534797822,-0.8591832524831609,-0.47156853252998765,3.6768033853524424,-0.727958374955775,-0.29455753120044825
44.566344463,4.043749739964051,0.1964137997507157,-0.0346332170929541,3.3281183740163023,-0.8591801108481883,-0.47156893251771237,3.6767967676322892,-0.7279563672508138,-0.294557931188173
44.582956055000004,4.04374401895778,0.1964147600196532,-0.0346261128442379,3.3281121539470435,-0.8591769389783813,-0.47156893251771237,3.676790086226809,-0.7279543402233186,-0.294557931188173
44.583231870000006,4.043737343850464,0.1964151253415456,-0.0346189350784243,3.328112050670464,-0.8591768863133946,-0.47156893251771237,3.6767899752903106,-0.7279543065670268,-0.294557931188173
44.599812092,4.043733528717629,0.1964150105293652,-0.0346190079293711,3.3281058809698454,-0.859173740259021,-0.47153574517280816,3.676783348012221,-0.7279522960822672,-0.29452474384326877
44.632910217,4.043724946469632,0.1964156164681317,-0.0346332270562767,3.328096429911432,-0.8591689208445541,-0.4715857061339026,3.6767731959907173,-0.7279492161926054,-0.2945747048043632
44.633184910000004,4.043718270765725,0.1964155049532178,-0.0346189529980585,3.328096378028063,-0.8591688943859772,-0.47158598803306084,3.6767731402590162,-0.7279491992835017,-0.29457498670352145
44.666255803000006,4.043710641586484,0.1964158713746097,-0.0346189876599424,3.328083964981477,-0.8591625643281838,-0.47155219698109363,3.6767598065258658,-0.7279451539259798,-0.29454119565155423
44.666498365,4.043705873777172,0.1964162344981367,-0.0346260989965448,3.3280839189228866,-0.8591625408419927,-0.47155194673417,3.6767597570513297,-0.7279451389171424,-0.2945409454046306
44.683226208,4.04369824446768,0.1964162432916862,-0.0346118456606927,3.328080681782765,-0.8591608901598574,-0.4715357426340425,3.6767562798279796,-0.7279440840496372,-0.2945247413045031
44.716289316,4.043691568639144,0.1964163701954923,-0.0346118930705528,3.328065355131413,-0.8591530747954846,-0.47155125206467474,3.676739816472069,-0.7279390896453598,-0.29454025073513534
44.732939171000005,4.043686801386581,0.1964169717372288,-0.0346403095808598,3.328062146733741,-0.8591514387696964,-0.4715686840278863,3.676736370122858,-0.7279380441439853,-0.2945576826983469
44.733273237000006,4.043681078955743,0.1964168591234138,-0.0346189735219273,3.328062100998549,-0.8591514154484123,-0.47156893251771237,3.6767363209957056,-0.7279380292405315,-0.294557931188173
44.749807812,4.0436734505682095,0.1964174639628391,-0.0346189360717641,3.328062100998549,-0.8591514154484123,-0.47156893251771237,3.6767363209957056,-0.7279380292405315,-0.294557931188173
44.766465902,4.043667728180788,0.196417470558305,-0.034618992540925,3.328049629005545,-0.859145055464882,-0.47156893251771237,3.676722923967644,-0.7279339648046408,-0.294557931188173
44.783192733,4.043659145124737,0.1964175996604237,-0.0346189958856672,3.328037157012541,-0.8591386954813516,-0.47156893251771237,3.676709526939582,-0.72792990036875,-0.294557931188173
44.816294855,4.043653423623006,0.1964178446738525,-0.034626059190734,3.32803106635875,-0.859135589605828,-0.47156893251771237,3.676702984548183,-0.7279279155158191,-0.294557931188173
44.832934971,4.043645794490757,0.1964182110952092,-0.0346189915674362,3.3280248016647653,-0.8591323949800334,-0.47156893251771237,3.6766962552082068,-0.7279258739457939,-0.294557931188173
44.849626856,4.04364102654047,0.1964185742188418,-0.0346118672718624,3.3280246850195367,-0.8591323354978212,-0.47156893251771237,3.6766961299115204,-0.7279258359328593,-0.294557931188173
44.849896139,4.043634350558188,0.1964183434948231,-0.0346189705599815,3.32802464097066,-0.8591323130364229,-0.47156869319002404,3.676696082595749,-0.727925821578915,-0.29455769186048464
44.866492101000006,4.0436286293006125,0.1964190653453223,-0.0346261254360155,3.3280183501125267,-0.8591291052027346,-0.4715355877311964,3.676689325174701,-0.7279237716145717,-0.294524586401657
44.899645731,4.04362290745002,0.1964191911496992,-0.0346332577098181,3.3280059539295532,-0.8591227841424754,-0.4715351752524519,3.6766760096260174,-0.7279197321445112,-0.2945241739229125
44.899881681000004,4.043616231592366,0.1964187220069606,-0.0346331714056841,3.328005865544676,-0.8591227390732684,-0.4715356554678394,3.6766759146860557,-0.7279197033430593,-0.2945246541383
44.916679076,4.0436095560079846,0.196419325747837,-0.0346047655021486,3.3279997190057347,-0.8591196048303416,-0.47156893251771237,3.6766693122875833,-0.7279177004066908,-0.294557931188173
44.933238819,4.043601927251668,0.196419692168912,-0.0346189786547011,3.3279875189781105,-0.8591133835331732,-0.47156893251771237,3.676656207396298,-0.7279137246002476,-0.294557931188173
44.966279975000006,4.043597159069998,0.1964199360834047,-0.0346261369112347,3.32798115146931,-0.8591101364778639,-0.47156893251771237,3.6766493676158345,-0.727911649524412,-0.294557931188173
44.982921113,4.043589529803923,0.196420064086235,-0.0346332581206076,3.3279748432620417,-0.8591069196628512,-0.47156893251771237,3.6766425915352383,-0.7279095937740584,-0.294557931188173
44.999584924000004,4.043583807333243,0.1964197130538233,-0.034633239886842,3.327974796832035,-0.8591068959862762,-0.47156893251771237,3.6766425416615647,-0.7279095786432139,-0.294557931188173
44.999878583000005,4.043578086424529,0.1964205541133744,-0.0346261219344818,3.327972539740018,-0.8591057450019829,-0.47156893251771237,3.6766401171633247,-0.7279088430907006,-0.294557931188173
45.03291448,4.043570457339271,0.1964209205346959,-0.0346261174763998,3.3279502018147147,-0.8590943539727397,-0.47156893251771237,3.6766161224567826,-0.727901563495106,-0.294557931188173
45.033249468,4.043563781957156,0.1964210474381675,-0.0346118527904427,3.3279499522521996,-0.8590942267105222,-0.47156893251771237,3.676615854384469,-0.7279014821664167,-0.294557931188173
45.066247812,4.043556153005723,0.1964216522780153,-0.0346190062327518,3.3279498528460265,-0.8590941760192154,-0.47156893251771237,3.676615747605441,-0.7279014497714325,-0.294557931188173
45.066537494,4.043551384301522,0.1964213001463329,-0.0346403654155662,3.3279498528460265,-0.8590941760192154,-0.47156893251771237,3.676615747605441,-0.7279014497714325,-0.294557931188173
45.083133065000006,4.04354470790704,0.1964207117946831,-0.0346261244010892,3.3279435117418665,-0.859090942564079,-0.47153562140173655,3.6766089362118586,-0.7278993834337169,-0.29452462007219715
45.116270695000004,4.043537079767236,0.1964216742618628,-0.034611837456345,3.327931167296631,-0.8590846478859212,-0.47153517342070117,3.6765956762380547,-0.7278953608231236,-0.2945241720911618
45.133035829,4.04353231197427,0.1964222758040041,-0.0346261244704213,3.3279249213643807,-0.8590814629608347,-0.47156886340784965,3.676588967074828,-0.7278933254985096,-0.29455786207831025
45.149659263000004,4.043528496778097,0.1964219225732446,-0.0346332562303943,3.327918840166571,-0.8590783620371159,-0.47153596107981954,3.676582434863609,-0.7278913438549232,-0.29452495975028015
45.150018989,4.043519914031066,0.1964219324658185,-0.0346332122410997,3.327918708577236,-0.8590782949370965,-0.4715352461246649,3.676582293514921,-0.7278913009746929,-0.2945242447951255
45.166518286000006,4.0435141932091865,0.1964230119439311,-0.034611839943561,3.327912436543786,-0.859075096702489,-0.47156893251771237,3.676575556314694,-0.7278892571446369,-0.294557931188173
45.199624106,4.043506563711728,0.1964230207376215,-0.0346332352056057,3.3279031936961725,-0.8590703835906498,-0.471551387241977,3.6765656279691994,-0.7278862452331243,-0.2945403859124376
45.199867690000005,4.043499887799933,0.19642279001355,-0.0346403462951247,3.3279031477649674,-0.8590703601694146,-0.47155163679678935,3.676565578631496,-0.7278862302657969,-0.29454063546724996
45.216509559,4.043492258819382,0.1964227988068531,-0.0346046760459682,3.3279000097054072,-0.8590687600104289,-0.4715686865968465,3.67656220783704,-0.7278852076850826,-0.2945576852673071
45.233126721000005,4.043486537386612,0.1964238782854235,-0.0346118856830196,3.3278813624293457,-0.8590592511272405,-0.4715356267040125,3.676542177534658,-0.7278791309466079,-0.2945246253744731
45.249818856000005,4.043480815395045,0.1964240040899061,-0.0346475124969693,3.3278812563996616,-0.8590591970605955,-0.47153505062032686,3.676542063641258,-0.7278790963953483,-0.29452404929078746
45.266488679000005,4.043476046211732,0.1964231751213294,-0.0346261235502528,3.327875090288536,-0.859056052837888,-0.47156855252167773,3.6765354402191086,-0.7278770870815672,-0.29455755119213833
45.283143613,4.043469371368493,0.1964241364895904,-0.0346190393028835,3.3278719147525426,-0.8590544335689234,-0.47155205909560216,3.676532029168771,-0.7278760522886315,-0.29454105776606276
45.299859613,4.04346269661004,0.1964246210205347,-0.034633228248091,3.3278678385068896,-0.8590523550101878,-0.47154018932614683,3.6765276506074387,-0.7278747239868217,-0.29452918799660743
45.316455705,4.043427398609357,0.1964142904897669,-0.0358155374316981,3.3278625482485413,-0.8590496574022324,-0.47156893251771237,3.676521967995885,-0.7278730000819507,-0.294557931188173
45.349603965,4.043272918433497,0.1964273431549873,-0.0379901965429393,3.3279301547057507,-0.8590843133111229,-0.4757475976710257,3.6765946205548667,-0.7278952097814262,-0.2987365963414863
45.366299647000005,4.042956308247058,0.1964350990601058,-0.0411729324880013,3.3281706273803535,-0.8592088676536276,-0.48286741137562217,3.676853268237411,-0.7279754735203245,-0.30585641004608277
45.382942618,4.042687392798552,0.1964522175326349,-0.0451840435232069,3.3281611612443114,-0.8592039040972872,-0.4854369347998535,3.6768430759922106,-0.7279722543960809,-0.3084259334703141
45.399582684,4.042473782574178,0.1964639078382773,-0.0498538863851278,3.328105874935265,-0.8591745513669261,-0.4906702852202365,3.6767834848983605,-0.7279530955787554,-0.3136592838906971
45.399809486,4.042360301294294,0.1964690454299656,-0.0551698864948622,3.3281048355286713,-0.8591739954415506,-0.4907428017294002,3.6767823638412747,-0.72795273136714,-0.3137318003998608
45.416542429,4.042330740943165,0.1964715828981348,-0.0610040984478844,3.327959914184995,-0.8590957702388461,-0.49898216743405577,3.6766259324531743,-0.7279012473986843,-0.32197116610451637
45.433232219000004,4.04233932420353,0.1964716922144897,-0.0671724185108034,3.3278962327727832,-0.8590608802038266,-0.508014805908493,3.6765571023812518,-0.7278781160778367,-0.3310038045789536
45.449805688000005,4.042367933785434,0.1964710631923586,-0.0735535452370109,3.3279021744500894,-0.8590642133162947,-0.5143131104494572,3.6765635381377253,-0.7278803508499839,-0.33730210911991776
45.466467946,4.042414660738502,0.1964683867288983,-0.080099061094419,3.327920337627828,-0.8590745594643,-0.5211226340020936,3.67658323933845,-0.7278873370144636,-0.3441116326725542
45.499588484,4.042471877123666,0.1964649829190784,-0.0867572542647413,3.327956758853013,-0.859095636879584,-0.5280883722026353,3.676622802942121,-0.7279016717395594,-0.3510773708730959
45.499823141,4.042539581574075,0.1964594212521628,-0.0935219687862407,3.3279638288923485,-0.8590997931766889,-0.5291176951775327,3.676630494382303,-0.7279045181425102,-0.3521066938479933
45.516458888,4.042619683224498,0.19645313004017,-0.1003666507160919,3.3280525244354244,-0.859152404001408,-0.542104448703828,3.67672706814436,-0.7279406886653332,-0.3650934473742886
45.53316009,4.0427074114926,0.1964449226876315,-0.1072939056362345,3.3281121485939593,-0.8591886094272074,-0.5492831792743083,3.6767921359841864,-0.7279658292571838,-0.37227217794476886
45.549951785000005,4.042800860868106,0.196435516647453,-0.1143013034159041,3.3281843153526336,-0.8592331464738985,-0.5566211030340327,3.6768710175377515,-0.7279969626812274,-0.3796101017044933
45.582924872,4.042901937437963,0.1964245520942366,-0.1213729468979814,3.3282929073693053,-0.8593016625201743,-0.5676292317350846,3.6769899775991663,-0.7280452863655889,-0.3906182304055452
45.583220485000005,4.043012548749428,0.1964115499921771,-0.1285225720610204,3.328293602881819,-0.8593021061100254,-0.5676964964920792,3.676990740354772,-0.728045600552633,-0.3906854951625398
45.616249749000005,4.043126019107793,0.1963968756636066,-0.1357378636340162,3.3284633425761037,-0.8594122028012775,-0.5826288926896588,3.677177214481191,-0.7281240877835496,-0.4056178913601194
45.63292922,4.043243301883685,0.1963804088002379,-0.1430240428064737,3.3285084235069196,-0.8594419161213972,-0.5865142703744066,3.6772268231573575,-0.7281453986015705,-0.4095032690448672
45.633200627,4.043365351129107,0.196362029093273,-0.1503852173027025,3.3285098400157995,-0.8594428651850043,-0.5866380644400415,3.6772283846512392,-0.7281460834051892,-0.4096270631105021
45.649772372,4.043492166618299,0.1963422133801343,-0.1578048410007405,3.328636100990823,-0.8595279146397915,-0.5975123955651149,3.6773676489192226,-0.7282075708611175,-0.42050139423557553
45.682989824,4.0436218421340655,0.1963209638583774,-0.1653027163693112,3.3287906382092887,-0.8596343489135913,-0.6094982826347461,3.677538513209358,-0.7282851298766275,-0.43248728130520675
45.699597298,4.043755328957433,0.1962973257560873,-0.1728520407607843,3.328880747038031,-0.8596977871611534,-0.6172221796327548,3.677638384753666,-0.7283317097747449,-0.44021117830321543
45.716280987000005,4.043898349866054,0.1962708156402524,-0.1804837030487615,3.3289787725716726,-0.8597679389027674,-0.6251633938349634,3.677747231465952,-0.7283835042273596,-0.44815239250542405
45.73294107,4.04404518350327,0.1962431090359528,-0.1881864869231543,3.329075565001155,-0.8598383799503757,-0.6331042321506182,3.677854915285386,-0.7284358006003259,-0.4560932308210788
45.733221906000004,4.044198688980844,0.1962119376700625,-0.1959594329776381,3.3290771790927,-0.859839567476557,-0.6332379041075491,3.677856713265002,-0.7284366853484515,-0.4562269027780097
45.749891377000004,4.044356961410635,0.1961792110881542,-0.2038051954092008,3.3291876481480633,-0.8599215226164207,-0.6424526704667528,3.6779798874993435,-0.7284979076085971,-0.4654416691372134
45.766511946,4.044522858105959,0.1961423033905096,-0.2117169260089381,3.329359663188342,-0.8600521460656102,-0.65702758891317,3.6781722159353474,-0.7285962001935902,-0.48001658758363064
45.783167061,4.044693520415767,0.1961030060126562,-0.2196941595218943,3.3294540656309035,-0.8601255752520605,-0.665164820587723,3.6782780732884044,-0.7286518588621704,-0.4881538192581836
45.799871148,4.044860367623386,0.1960633554039728,-0.2277427787249682,3.3295531886910967,-0.8602039828322039,-0.6733268335952669,3.678389454132427,-0.7287115868896854,-0.4963158322657275
45.816511134,4.045020539857515,0.1960243085357082,-0.235849481946749,3.3295976864354304,-0.8602397706142535,-0.6774970474135351,3.678439558375022,-0.7287389799448052,-0.5004860460839957
45.833162321,4.045174990307964,0.1959855066810836,-0.2440105651242096,3.329664764239605,-0.8602940566254259,-0.6838327738062446,3.6785151471683175,-0.7287806061042486,-0.5068217724767052
45.849827565000005,4.045320858329598,0.1959470723467344,-0.2522218290127261,3.3297979430285554,-0.8604039956353752,-0.6981624712949301,3.678665603909093,-0.7288653760570036,-0.5211514699653907
45.882921251000006,4.045457191810363,0.195911033189018,-0.2604703712737063,3.3299044846722827,-0.8604946244139151,-0.7107194875736447,3.678786439424197,-0.7289358279954954,-0.5337084862441053
45.883175135,4.045583989341512,0.1958750050227236,-0.2687555752186998,3.329904972460279,-0.8604950443107773,-0.7107833514193089,3.6787869935290494,-0.728936155437577,-0.5337723500897695
45.916255716,4.0456364232319,0.1958594473695356,-0.2768481861652961,3.329993825134028,-0.860572373626488,-0.7232593972970403,3.678888074597908,-0.7289966305417035,-0.5462483959675009
45.916534427,4.045749870335431,0.1958249843123786,-0.284975722224157,3.3299946163639174,-0.8605730693834814,-0.7233992284116582,3.6788889759788748,-0.7289971761009433,-0.5463882270821188
45.933216403,4.045737475053394,0.1958267867398387,-0.2929004866994387,3.330033000920103,-0.8606073596630356,-0.733020933120855,3.67893279886313,-0.7290241715124242,-0.5560099317913156
45.966256597000005,4.045827086457006,0.1957977155772085,-0.3009505584767301,3.330076834453124,-0.8606474208502226,-0.7521512644346302,3.6789830017687675,-0.72905588815792,-0.5751402631050908
45.98291117,4.045810877992806,0.1958009529120998,-0.308925002186479,3.330097603685403,-0.8606668580504683,-0.7563506743714363,3.6790068691287567,-0.7290713644265263,-0.5793396730418969
45.983223566,4.045834710850739,0.1957931768334362,-0.3168982476049296,3.330097842611361,-0.8606670804936285,-0.7564441502032508,3.6790071434909444,-0.7290715413218714,-0.5794331488737114
45.999829246000004,4.045849010288451,0.1957880343491922,-0.3249223851713064,3.3300781637554313,-0.8606483658573847,-0.7650506537800439,3.678984476704438,-0.729056584324515,-0.5880396524505045
46.032935155000004,4.04585473049944,0.1957869548715373,-0.3330303254432523,3.33008293164963,-0.8606527406387879,-0.7852197148855673,3.678989940444323,-0.7290600511781149,-0.6082087135560279
46.033228364,4.045847102963377,0.1957881557568912,-0.3412245674539712,3.330082755125158,-0.8606525641555275,-0.7852940191983144,3.678989735601552,-0.7290599085363622,-0.608283017868775
46.050379714,4.045822316640833,0.1957960521439128,-0.3495113296158592,3.330067898135353,-0.8606376253261562,-0.7978624775186773,3.678972480211245,-0.7290478192735894,-0.6208514761891379
46.067872014,4.0457860911911485,0.1958083724622271,-0.3578507168189285,3.330060496367965,-0.860629973068972,-0.8021395391762383,3.6789638466295895,-0.7290415899503289,-0.6251285378466989
46.099790320000004,4.04573652133748,0.1958266686297582,-0.3662386673883149,3.3300071376699902,-0.8605735964471399,-0.8225593576893875,3.6789013944418536,-0.7289954900762969,-0.6455483563598481
46.116442649,4.045672652113012,0.1958502264907965,-0.374659234619604,3.329989551364097,-0.8605544981746042,-0.8272469692553486,3.678880719954294,-0.7289797869640912,-0.6502359679258092
46.133147499,4.045594485573125,0.1958802381369349,-0.3831003791311406,3.329972524408563,-0.860535975501177,-0.8316136304733757,3.6788606974330533,-0.7289645519619965,-0.6546026291438363
46.13364163,4.045504881742866,0.1959161042247497,-0.3915621681556258,3.329971776662532,-0.8605351543398501,-0.8317826600715037,3.6788598167742768,-0.7289638753009505,-0.6547716587419643
46.150109257000004,4.045408606912994,0.1959563887480318,-0.4000295889808009,3.329930656491948,-0.8604896513176924,-0.840061610402584,3.678811326590984,-0.7289263240615758,-0.6630506090730446
46.166563619,4.045300895235593,0.1960026469219718,-0.408511899509016,3.3298431472206556,-0.8603903672140027,-0.8570159611285924,3.67870770195688,-0.7288440006687016,-0.680004959799053
46.199610516,4.045183652255162,0.1960538036656982,-0.4169921539371251,3.329739164565608,-0.8602682599729914,-0.8740324655944498,3.6785838424630417,-0.7287421115297104,-0.6970214642649104
46.216238419,4.045056878203081,0.1961099781883511,-0.4254785683023035,3.3297071805541543,-0.8602297144805386,-0.8784505210764024,3.678545570819042,-0.7287098003359438,-0.701439519746863
46.216616149000004,4.044930105940774,0.1961675832214227,-0.4339653634647504,3.3297064665352756,-0.8602288532888454,-0.8785479870711228,3.6785447163115412,-0.7287090783310801,-0.7015369857415834
46.233120005,4.04478713116589,0.1962336707947122,-0.4424684862836344,3.329675269477186,-0.8601912259261923,-0.882806491139478,3.6785073809960043,-0.7286775323476997,-0.7057954898099386
46.266263075000005,4.044633672742485,0.1963058501291273,-0.450957205369126,3.329528923384188,-0.8600090215104587,-0.9040376641407555,3.6783312376221193,-0.7285239447834737,-0.7270266628112161
46.266626788,4.044474499087187,0.1963838773099994,-0.4594288227374122,3.329528209026556,-0.860008113646081,-0.9041319751146197,3.678330374562655,-0.7285231768948639,-0.7271209737850803
46.299585998000005,4.044312467346789,0.1964644111818549,-0.4678998267448956,3.329396591083361,-0.8598379025475772,-0.920992123611402,3.678170841082726,-0.7283788017938032,-0.7439811222818626
46.299955081,4.044142813213896,0.1965509143077432,-0.4763613201907971,3.32939587348821,-0.8598369579415082,-0.9210882037616308,3.678169968366558,-0.728377998307701,-0.7440772024320914
46.316491069,4.043972206048514,0.1966380145789187,-0.4848129065650561,3.3293604542453576,-0.8597902551237093,-0.9257617178150177,3.6781268787609736,-0.7283382621548276,-0.7487507164854783
46.333233339,4.043796835993153,0.196729888714528,-0.4932582092324382,3.3292154499830935,-0.8595942086908986,-0.9422193530857488,3.6779496188368532,-0.7281708125827365,-0.7652083517562094
46.349902220000004,4.043620514503538,0.1968239097153003,-0.5016918749208022,3.3291772922325245,-0.859541265332248,-0.9466066019005304,3.677902734629536,-0.7281254156196451,-0.769595600570991
46.366577232000004,4.043444198470084,0.1969224606658906,-0.5101056545805437,3.3291206765768564,-0.8594621623654364,-0.9531643988595189,3.6778330745377334,-0.7280575180244361,-0.7761533975299795
46.383176511,4.043265023641036,0.1970229222614299,-0.5185192454656785,3.329028178771818,-0.8593303864028846,-0.9635736360503344,3.6777188178898976,-0.7279440888982435,-0.786562634720795
46.416267892,4.043085851764301,0.1971260064596501,-0.526920914356389,3.3288712512227887,-0.8591004147097762,-0.9804188049930165,3.6775238471536986,-0.7277453437164114,-0.8034078036634771
46.416522327,4.042904775341141,0.1972313578311271,-0.5353221656067487,3.3288706481598744,-0.8590995144463185,-0.9804843656328401,3.6775230949883393,-0.7277445637122809,-0.8034733643033007
46.433174686,4.042726561117932,0.1973380172065637,-0.5437125027503799,3.3288311786680507,-0.859040593659905,-0.9847752034130419,3.6774738669827682,-0.7276935137042113,-0.8077642020835025
46.46626691,4.042545490006383,0.1974480177372803,-0.5520868565643825,3.3286751024162706,-0.8588011692133659,-1.001610058212858,3.6772780697246885,-0.7274853135704488,-0.8245990568833186
46.482907717,4.042365373890767,0.1975593284702514,-0.5604577316470062,3.328599875439326,-0.8586824898952717,-1.0101115693661988,3.6771831202010303,-0.7273817352592027,-0.8331005680366594
46.483208009,4.042185260298917,0.1976726657596579,-0.5688198858909922,3.3285984912874986,-0.858680284925279,-1.0102649908884018,3.6771813694084714,-0.7273798084757781,-0.8332539895588624
46.499830211,4.042004195778997,0.1977885075417881,-0.5771717356396014,3.3285161713867986,-0.858547757902201,-1.0192188608025354,3.677076999376479,-0.7272638478172806,-0.842207859472996
46.516436523,4.041822181939966,0.1979080459085695,-0.585527096110519,3.3283709055823754,-0.8583073957748005,-1.035337424059275,3.676891678531792,-0.7270528210636505,-0.8583264227297356
46.549595724,4.041643028926885,0.1980277001872069,-0.5938765770072424,3.328295464548533,-0.8581790034089466,-1.043883979835588,3.676794807944161,-0.7269397191695519,-0.8668729785060485
46.566275094000005,4.04146292621314,0.1981504550042148,-0.6022201557995638,3.328220307297375,-0.8580485595275592,-1.052100808513437,3.676697855457531,-0.7268245478453023,-0.8750898071838975
46.566552783000006,4.041284731430257,0.1982740420875764,-0.6105653634746405,3.328219048317681,-0.8580463741711521,-1.0522384200929231,3.6766962313349363,-0.7268226183276699,-0.8752274187633837
46.583352984,4.041108447257276,0.1984000111563574,-0.6189036526778638,3.328131448556473,-0.8578908367555571,-1.062394314215986,3.676582612087717,-0.7266849365479204,-0.8853833128864466
46.616298829,4.040927397874862,0.1985289659516104,-0.6272513018645568,3.3279693248788593,-0.8575931150249881,-1.0816555480333072,3.6763705964420974,-0.7264204149387683,-0.9046445467037678
46.632922634,4.040746352936243,0.1986617354415599,-0.6355962471601766,3.3279323681258814,-0.8575236634799418,-1.085948144915406,3.676321987571392,-0.7263585562579813,-0.9089371435858666
46.649603497,4.040569122278988,0.1987940236977612,-0.64394552966267,3.3278615221712373,-0.8573877958061695,-1.0943087970651213,3.6762283239496156,-0.726237286723384,-0.9172977957355819
46.649967671000006,4.040391893078993,0.1989278616739436,-0.6522890682027164,3.327859980006119,-0.857384802509758,-1.0944925238585128,3.6762262787979374,-0.7262346117558564,-0.9174815225289734
46.666613397000006,4.040215619317774,0.1990631290613621,-0.660623532081003,3.3277665411668456,-0.8572008548216473,-1.1057500010966628,3.6761019090015843,-0.7260699918226737,-0.9287389997671234
46.683242522,4.040039349588151,0.1992018535158461,-0.6689606663894274,3.3276914384304694,-0.8570494068550385,-1.1153520450947383,3.6760013116090704,-0.7259341350148922,-0.9383410437651989
46.699797175,4.039866893425819,0.1993396198998636,-0.6772947698755021,3.327656834599051,-0.856978593396058,-1.1200011420286273,3.6759547790773546,-0.7258705213794538,-0.9429901406990879
46.716485323,4.039694439481811,0.1994794128405454,-0.6856335475323635,3.3275264295499984,-0.8567037540354865,-1.1362146752863076,3.6757780157505926,-0.7256229393178057,-0.9592036739567682
46.749573298,4.039521987052778,0.1996203978732252,-0.6939639921567801,3.32742563445726,-0.8564825515960133,-1.1489312886869811,3.675639844529241,-0.725422942108977,-0.9719202873574417
46.749896183000004,4.039351443888767,0.1997631688457656,-0.7022882660361254,3.32742499020389,-0.8564811159175337,-1.1490130851901519,3.6756389575368527,-0.7254216423091446,-0.9720020838606125
46.766472798,4.039180904186829,0.1999088008392315,-0.7106225041215634,3.327369061885344,-0.8563553014204338,-1.1563190866050004,3.6755617486988856,-0.7253076420467075,-0.979308085275461
46.799622191000005,4.039009411542811,0.2000551491872303,-0.7189539615391121,3.327269827407096,-0.8561258906788354,-1.1699574292883312,3.6754236683224284,-0.7250992899896713,-0.9929464279587918
46.799986014000005,4.038840782369565,0.2002035207941165,-0.7272754869931809,3.3272686821839135,-0.8561231638242466,-1.170118804415356,3.6754220608274637,-0.7250968074039177,-0.9931078030858167
46.816534245,4.038674062213611,0.200353320713109,-0.735590201177907,3.3272110058757467,-0.8559854500504464,-1.1782652787457657,3.6753410359925587,-0.7249714015980446,-1.0012542774162263
46.849645334,4.038505437664976,0.2005057454331828,-0.7439053612418925,3.3270929775398708,-0.8556933770629345,-1.1950433780541996,3.675173421349488,-0.7247046758033937,-1.0180323767246602
46.849932171000006,4.038340629404567,0.2006597154763311,-0.7522136199469728,3.327092453168952,-0.8556920635599361,-1.1951168939885068,3.6751726738799624,-0.7247034751601097,-1.0181058926589674
46.866548361,4.038177729478023,0.2008143985762178,-0.7605188734471044,3.327031178931213,-0.8555344382667971,-1.2043114597632076,3.6750846011542126,-0.724559102516487,-1.0273004584336682
46.883188677,4.038010064477395,0.2009714713559085,-0.7688181715364657,3.3269243160236073,-0.8552493801063158,-1.2201976559537435,3.674929212700435,-0.7242973158393782,-1.0431866546242041
46.916272945,4.037843363071191,0.20113772214609,-0.7771023852173071,3.3268521872267356,-0.8550473864536594,-1.2329126628572986,3.674822642285553,-0.7241111794761295,-1.0559016615277592
46.916622992,4.037679515299143,0.2012978899692236,-0.7853983079186055,3.3268515749285505,-0.855045643225888,-1.2330010201945552,3.6748217325932697,-0.7241095713057156,-1.0559900188650158
46.949641004,4.037520435770054,0.2014573370405654,-0.7937044989684292,3.326745891873853,-0.8547369737846755,-1.2495467048465922,3.6746633478916424,-0.7238243345298977,-1.0725357035170529
46.966252816,4.037363265341517,0.2016185700518909,-0.8020201877070111,3.3267222694469827,-0.8546659474984287,-1.253808063189302,3.6746275876972754,-0.7237585776984039,-1.0767970618597626
46.966645955000004,4.037204190936073,0.201782666282613,-0.8103340271428535,3.3267216678370315,-0.8546641316202073,-1.2539156623986276,3.674626675733338,-0.7237568961306751,-1.0769046610690882
46.999650612,4.037047977571619,0.2019467592157167,-0.8186444168740532,3.3266014855295682,-0.8542838420236485,-1.2746472757922476,3.674441406883264,-0.7234037114516896,-1.0976362744627082
47.000082204,4.036895579199023,0.2021109669611062,-0.8269614014086658,3.326600854720299,-0.8542817733124181,-1.2747596961779344,3.674440421655389,-0.7234017861432669,-1.097748694848395
47.016566463000004,4.036742230695689,0.2022785136638153,-0.8352834622233134,3.3265585809126823,-0.8541412697449401,-1.2825544414059902,3.6743740673985856,-0.7232709219392668,-1.1055434400764508
47.033195578000004,4.036590790667194,0.2024467734231571,-0.8435980633351956,3.3264891072456213,-0.8539016472512903,-1.2957530325479425,3.674263484635552,-0.7230472771709449,-1.118742031218403
47.049881351,4.036440307075545,0.2026176546861203,-0.8519243289471128,3.326467408743662,-0.8538235140330914,-1.2999681279448332,3.6742283668577116,-0.7229741856772338,-1.1229571266152938
47.082975578,4.036291732226387,0.2027897258427691,-0.8602543573360808,3.3263846918813167,-0.8535157294806812,-1.3165348406437083,3.6740927453066368,-0.7226857758908143,-1.139523839314169
47.083193193,4.036143158178135,0.2029625122546975,-0.8685808115254824,3.3263844236398032,-0.8535146966215478,-1.3165903100197838,3.6740922993823815,-0.7226848064048381,-1.1395793086902444
47.116241653,4.035994587277312,0.2031376828505341,-0.8769120808052459,3.3263249523353804,-0.8532804075146682,-1.3291550514647898,3.6739925018350172,-0.7224646503892669,-1.1521440501352505
47.116533349,4.035847926133397,0.2033154738510559,-0.8852328564771472,3.326324276563025,-0.8532776826728499,-1.3293032521102788,3.6739913568098608,-0.7224620871201426,-1.1522922507807394
47.149565798000005,4.035705079964994,0.2034931412452493,-0.8935493555862506,3.3262537314302727,-0.8529806122374679,-1.3459632307468716,3.673869603426194,-0.7221820807400388,-1.1689522294173322
47.149880498,4.0355622362897146,0.2036730736145277,-0.901878808798902,3.3262530773985537,-0.8529777635996304,-1.3461222064810805,3.673868458002962,-0.7221793917810139,-1.169111205151541
47.166462333000005,4.035420346079046,0.2038528856754482,-0.9102085363178471,3.3262059038466893,-0.8527648767784834,-1.3576561388359707,3.6737845347357947,-0.7219781381404468,-1.1806451375064313
47.199627185000004,4.035282270216653,0.2040323357118836,-0.918529793492546,3.326136318893942,-0.8524291951986147,-1.3752743127063098,3.673656927566825,-0.7216599548612829,-1.1982633113767704
47.199956542,4.035144196784044,0.2042138123048248,-0.9268504072273072,3.3261360108100764,-0.8524276389987823,-1.3753567743990551,3.6736563502687236,-0.7216584772278747,-1.1983457730695157
47.216464125,4.035008032780929,0.2043970748375034,-0.935171328425591,3.3261205694501594,-0.8523496412701804,-1.3794898070574977,3.67362741571953,-0.7215844172985871,-1.2024788057279583
47.233152313000005,4.034873775613049,0.2045800967535367,-0.9434911203609332,3.3260633670592084,-0.8520402546045004,-1.3962422758737372,3.6735166278483056,-0.721289937638813,-1.2192312745441978
47.249836663,4.034740472744904,0.2047633559885263,-0.951807345727563,3.3260348720255686,-0.8518746023971606,-1.4046517147474056,3.6734594086886223,-0.7211318914794045,-1.2276407134178662
47.26647744,4.034609080002449,0.2049494740465515,-0.9601189425883468,3.3260092580404796,-0.8517178409637239,-1.4129059813341218,3.6734065911186464,-0.7209820898520863,-1.2358949800045824
47.299595483000004,4.034479596194025,0.2051366627888053,-0.9684346183193546,3.325973647098229,-0.8514835826704859,-1.425552776391851,3.6733302865272823,-0.7207577626435371,-1.2485417750623116
47.316281246,4.034350114470099,0.2053256396691971,-0.9767584913808935,3.3259618585384,-0.8514029584741948,-1.4297882084010842,3.673304485211415,-0.7206804740721313,-1.2527772070715448
47.332954976,4.0342215885430095,0.2055166420071232,-0.9850852123738142,3.3259401022929307,-0.8512449488815057,-1.438079085438699,3.673255245315671,-0.7205287644868512,-1.2610680841091595
47.349569002,4.034097831528009,0.2057081156858893,-0.9934038388833046,3.3259015627595017,-0.8509369954876106,-1.454593756780577,3.673163081065989,-0.7202324093965813,-1.2775827554510375
47.366268981000005,4.033973122653782,0.2059010209742569,-1.0017216586106834,3.3258920711086626,-0.850852820366098,-1.4590125404805026,3.673138915492997,-0.7201512209269609,-1.2820015391509632
47.366571909,4.033852226703264,0.2060924913553868,-1.0100427760771635,3.3258919057528793,-0.8508513460210393,-1.4590896578774686,3.6731384931064177,-0.7201497987365852,-1.2820786565479292
47.383217405,4.033731330823233,0.206283961736464,-1.0183623651051965,3.32588275059312,-0.8507696115023231,-1.4633620658031354,3.6731150885276733,-0.720070953481853,-1.286351064473596
47.416296994,4.033612344077973,0.2064768604295594,-1.026669912003751,3.325850268123052,-0.850443116340063,-1.480091402708684,3.673025621711985,-0.7197552797725715,-1.3030804013791446
47.416750779000004,4.033494314205256,0.2066727382538898,-1.034973537855483,3.3258499080120054,-0.8504389651076538,-1.4803187572809495,3.673024536245378,-0.7197512568168514,-1.3033077559514101
47.449624306000004,4.033380099461797,0.2068688500997164,-1.0432713189665648,3.3258189217936796,-0.8500508175669553,-1.5009450325207938,3.6729256860532593,-0.7193746306114507,-1.3239340311912544
47.449879492,4.033266839627438,0.2070660337292361,-1.0515651859177686,3.325818834958077,-0.850049575109974,-1.501009773351198,3.6729253817926613,-0.7193734228592987,-1.3239987720216586
47.482943852000005,4.033154536873509,0.2072663156991482,-1.059866929147548,3.325804005963147,-0.8498193571463197,-1.5133889032776269,3.6728702458724003,-0.7191494133948184,-1.3363779019480875
47.483244114,4.033043187403371,0.2074662389422114,-1.068174882578897,3.3258038388094064,-0.8498166377948225,-1.513537559448137,3.672869602485176,-0.7191467659685554,-1.3365265581185977
47.499828925,4.03293374560717,0.2076661599866275,-1.076484868030228,3.325794344177123,-0.8496347471535254,-1.5229614218837977,3.672828227439982,-0.7189693893661839,-1.3459504205542583
47.516480262,4.032826212676562,0.2078678669712033,-1.0848023052828506,3.3257821839901673,-0.8493340745843295,-1.5385800828322855,3.6727633124104595,-0.7186755562452534,-1.3615690815027461
47.549614656,4.032720588566081,0.2080705254307799,-1.0931129438564329,3.3257760232663585,-0.8490890470660855,-1.551194898845405,3.67271410152863,-0.7184354422549817,-1.3741838975158656
47.549904859,4.032616871043107,0.2082725856459568,-1.101425961557617,3.3257759945399274,-0.8490875776339526,-1.5512678153855726,3.6727138145015967,-0.7184340008419654,-1.3742568140560332
47.566481353,4.032516014949826,0.208475000191164,-1.1097366951950762,3.3257741898143975,-0.8489887447658386,-1.5562473689695135,3.6726946346869007,-0.7183370300857443,-1.3792363676399741
47.583229375,4.03241325471517,0.208680277955891,-1.1180556823076413,3.3257724178361583,-0.8487709263802468,-1.5679285370373677,3.6726545351776,-0.7181229272638046,-1.3909175357078283
47.599892715,4.03231526486416,0.2088870999441753,-1.1263784266243104,3.3257721904051496,-0.8486894759014483,-1.5721623740446802,3.6726399688426743,-0.7180427895441702,-1.3951513727151408
47.632951685,4.032218226952059,0.2090929671600516,-1.1346954590903748,3.3257770996611833,-0.8482877864460171,-1.5930442825252644,3.6725740686675374,-0.7176465122595369,-1.416033281195725
47.633284399000004,4.032122144774985,0.2092997869496889,-1.1430182743664496,3.325777135919661,-0.848286161812054,-1.5931287525186164,3.672573818280795,-0.7176449066267425,-1.416117751189077
47.649797222000004,4.032030829159898,0.2095055283608538,-1.1513361699115303,3.325780373747565,-0.8481588058501655,-1.5997509470921782,3.6725545796501424,-0.717518970533232,-1.4227399457626388
47.682960251000004,4.03193856369602,0.2097146087291269,-1.1596535183647576,3.325790177437099,-0.84788363530607,-1.6140648700165876,3.672515775901114,-0.7172463733767398,-1.4370538686870482
47.683274309000005,4.031849162048202,0.2099259507746553,-1.1679760967263264,3.3257903127851427,-0.8478807822286164,-1.614219460875173,3.6725154067413617,-0.717243541047111,-1.4372084595456336
47.699916359,4.031759759639322,0.2101368159835006,-1.1762949211619316,3.325799408703208,-0.8476952604255141,-1.6241280254624106,3.672491692354039,-0.7170593164478152,-1.4471170241328712
47.732911126000005,4.031673218781188,0.2103479163129721,-1.1846022956456088,3.3258224028278236,-0.847330358424972,-1.6432706340730228,3.6724500722928086,-0.716696067262999,-1.4662596327434834
47.733232489,4.031586680463168,0.2105612816174935,-1.1929085536734685,3.3258225158842802,-0.8473288030738224,-1.6433516949995859,3.672449909703909,-0.7166945163072257,-1.4663406936700465
47.766252254,4.031503002699874,0.210774405206134,-1.2012134398841663,3.325848029246361,-0.8470137217327851,-1.6600110223279732,3.672419542339395,-0.7163798656973629,-1.4830000209984338
47.766594446000006,4.031420278860382,0.2109877661140126,-1.2095213152940942,3.3258481734900047,-0.8470121116568009,-1.6600985135241269,3.672419400813974,-0.716378255380171,-1.4830875121945875
47.799599464,4.031341369275184,0.2112007649974765,-1.2178228835854634,3.32587944749158,-0.8466928364943301,-1.676771685907764,3.6723939655936753,-0.7160584620998888,-1.4997606845782245
47.799931767000004,4.03126151184958,0.2114182949296769,-1.226128762648478,3.325879612952939,-0.8466912826770107,-1.6768562586764304,3.6723938548609105,-0.7160569034261004,-1.499845257346891
47.816543529,4.031185468181287,0.2116355820471484,-1.2344381975374672,3.325891623731743,-0.8465811191599437,-1.6827826378855963,3.672386279483116,-0.7159463463234281,-1.505771636556057
47.833368537000005,4.031110377753368,0.2118523912284901,-1.242737330225562,3.3259260006546576,-0.8462939609753284,-1.6978848059351783,3.6723695541158627,-0.7156576217870427,-1.520873804605639
47.849870299,4.031037196369812,0.2120705095126044,-1.2510446179915982,3.3259458901730614,-0.8461432669285512,-1.706111558025131,3.6723625974249865,-0.7155057801157912,-1.5291005566955915
47.866504985000006,4.030964970786666,0.212290534044937,-1.2593558050792035,3.3259679984592587,-0.8459858162457476,-1.7143793431219727,3.67235663506936,-0.7153468966863554,-1.5373683417924333
47.899623428000005,4.030897510845075,0.2125080496877273,-1.2676661344521885,3.326004622829794,-0.8457444036640476,-1.7270717360292993,3.6723501772870013,-0.7151028072024213,-1.55006073469976
47.916260839,4.030828146801952,0.2127286669686342,-1.2759823737718667,3.3260171960055716,-0.8456646261031717,-1.7312697831379609,3.672348506122798,-0.7150220622262393,-1.5542587818084215
47.916684316,4.0307625951400885,0.21294713408683,-1.2842908206956811,3.3260177942409714,-0.845660999154631,-1.7314547025704456,3.6723484563480495,-0.7150183866087694,-1.5544437012409063
47.949614440000005,4.030700858553344,0.2131660736451893,-1.2926024452889373,3.3260854735836296,-0.8452696492003204,-1.7521057142133927,3.672346166103096,-0.7146212342010723,-1.5750947128838533
47.966274384,4.030641029228335,0.2133846533772705,-1.3009189119651496,3.326100271583446,-0.8451889800688442,-1.7563688879982395,3.6723465280038097,-0.7145392198206286,-1.5793578866687001
47.982927134,4.03057644258546,0.2136133713887097,-1.309207113932955,3.326130868349211,-0.8450296929297886,-1.7644828026828607,3.672348598112265,-0.7143770339106524,-1.5874718013533213
47.983229079000004,4.03052232617084,0.2138235998804938,-1.3174600248261936,3.3261314255306327,-0.8450267927888319,-1.7646305093013215,3.672348635907176,-0.7143740809730896,-1.587619507971782
48.016275515000004,4.030466308133511,0.2140396718227433,-1.3257419592339563,3.326195088935875,-0.844715805632658,-1.7814487665120247,3.6723565434062433,-0.7140567428065691,-1.6044377651824853
48.016632686,4.030413154834201,0.2142586014881239,-1.3340246881663635,3.326195773412868,-0.8447126267372126,-1.7816278243692922,3.672356657422318,-0.7140534930549876,-1.6046168230397528
48.04958356,4.030360007023745,0.2144825379405513,-1.3423158253748673,3.3262976270690072,-0.8442640316961091,-1.8061953062381155,3.672377927320365,-0.7135939723594702,-1.6291843049085761
48.049936873,4.030306860758909,0.2147074280663271,-1.3506233929002354,3.3262984143849637,-0.8442606927651124,-1.806373624637284,3.672378114388133,-0.7135905469642717,-1.6293626233077445
48.066495915000004,4.030257527497469,0.2149313601220588,-1.358923359599657,3.3263180828373304,-0.8441801795248642,-1.810681800476174,3.672383298088319,-0.7135078284105721,-1.6336707991466346
48.09959984,4.030211056755724,0.2151561233442574,-1.3672335479773026,3.3263761096651403,-0.843948536476142,-1.8230948133869251,3.672399628635559,-0.7132695870875532,-1.6460838120573857
48.099886827000006,4.030166490808136,0.2153789770209535,-1.3755391008077311,3.326376782700901,-0.8439458819087202,-1.8232371645107275,3.6723998237170883,-0.7132668554857283,-1.646226163181188
48.132919417000004,4.030123833633684,0.2156027821726855,-1.383844714300924,3.326459586405335,-0.8436356120801862,-1.8399296954006354,3.6724266987498386,-0.7129468530598295,-1.662918694071096
48.133263262,4.030081175094429,0.2158258720695603,-1.3921536994713732,3.3264604707588523,-0.8436324018282408,-1.8401027827114351,3.6724270039977447,-0.7129435372458401,-1.6630917813818957
48.166235477,4.030039471364665,0.2160494377036361,-1.4004602160954056,3.3265694245074555,-0.8432536793353529,-1.8608272144359246,3.6724675667673687,-0.7125515470576027,-1.6838162131063852
48.166595373,4.030002534046718,0.2162714481220989,-1.4087622380449936,3.326569955653535,-0.843251900739167,-1.8609200549516318,3.67246777642441,-0.7125497027245321,-1.6839090536220924
48.199559151,4.029967504851173,0.2164941715974584,-1.417062169828449,3.3266887501419125,-0.8428679216832429,-1.8816451520112842,3.6725171005484607,-0.7121508052732444,-1.7046341506817448
48.216263149,4.029935335496285,0.216716176520219,-1.425362012117166,3.326714616184588,-0.8427884773922062,-1.8859880675836873,3.672528573227194,-0.7120680476440812,-1.708977066254148
48.216608257000004,4.029902214976319,0.2169399706800009,-1.43366117781764,3.3267151330171787,-0.8427868930312101,-1.8860746942145878,3.672528802996902,-0.7120663970315969,-1.7090636928850484
48.233162499,4.029872912109383,0.2171660254177145,-1.4419634316693195,3.3267399245948237,-0.8427108939371792,-1.8902300259123441,3.672539824657841,-0.7119872199666992,-1.7132190245828047
48.249950476,4.029844560789077,0.2173908869646875,-1.4502667188660403,3.3268434626946646,-0.8424064286679211,-1.9069464509718186,3.672588132212611,-0.7116692803207675,-1.7299354496422792
48.266488057000004,4.029818114873819,0.2176138389657004,-1.4585657922291058,3.3268962800475403,-0.8422572740500441,-1.915171304093576,3.6726138599146365,-0.7115131558251004,-1.7381603027640367
48.283177166,4.029793578089756,0.2178383384880474,-1.466866556694485,3.3269238213013943,-0.8421814328197507,-1.9195618839535875,3.6726276160844096,-0.7114336499720488,-1.7425508826240481
48.299791793000004,4.0297699966034966,0.2180642674217362,-1.4751724988061412,3.3269509902030894,-0.8421067661375446,-1.9238933492620323,3.67264121254415,-0.7113553658808585,-1.7468823479324929
48.316488637000006,4.029748321979544,0.2182898365294461,-1.483475216291733,3.327034940104226,-0.8418837146750466,-1.9362817309959466,3.6726845739774054,-0.7111210171515482,-1.7592707296664072
48.333205038,4.029730462531844,0.2185156396586171,-1.4917763003477065,3.327064680323155,-0.8418060424740841,-1.9406049978341597,3.6727001723400483,-0.7110393217262957,-1.7635939965046203
48.349854993,4.029713556046144,0.2187408456425535,-1.5000767890846638,3.327122420062308,-0.8416588986807173,-1.9488213677549338,3.6727310995954006,-0.7108843098613298,-1.7718103664253944
48.382921467,4.029698557545448,0.2189666454741765,-1.5083811941223366,3.3272439659196857,-0.8413601529469895,-1.9655864711004867,3.67279814066796,-0.7105688294285668,-1.7885754697709473
48.399589557000006,4.029684517435844,0.2191964973197164,-1.516694106422687,3.3273364395520053,-0.8411425550380691,-1.97804719835798,3.6728508529498507,-0.7103383481104979,-1.8010361970284405
48.416245182000004,4.0296742891742445,0.2194239605843182,-1.525002609103741,3.327370323705813,-0.8410640363023375,-1.9823244779549167,3.6728703814312964,-0.7102550896805789,-1.8053134766253773
48.416484588,4.029664058074236,0.219648920455467,-1.5333120617989988,3.327370810752665,-0.8410629076832407,-1.9823859590701058,3.6728706621313982,-0.7102538929336738,-1.8053749577405664
48.449624753,4.029655734315647,0.2198739973375313,-1.541611636043578,3.3275321968023173,-0.8407038396896545,-2.003246725277741,3.6729662988396203,-0.7098720174289856,-1.8262357239482014
48.450111861,4.029650271032099,0.2200983556665213,-1.5499116597355602,3.327533190978379,-0.8407016864817801,-2.003370003994008,3.67296689832688,-0.7098697228036968,-1.8263590026644687
48.482908551,4.029645764275805,0.2203254547083782,-1.5582122671708385,3.3276337165734695,-0.840487096451975,-2.015687817406225,3.673028066406553,-0.7096407845102872,-1.8386768160766858
48.483154049,4.029644114720446,0.2205489741760944,-1.5665157916400898,3.3276347225254304,-0.84048496479643,-2.0158103398931626,3.6730286812808153,-0.7096385090269647,-1.8387993385636232
48.516227146000006,4.029645328350336,0.2207746361122252,-1.5748115651558805,3.327811333991565,-0.8401247390988732,-2.036664778398297,3.6731391016416417,-0.7092528128938941,-1.8596537770687576
48.516624022,4.029646541296799,0.2209995827929881,-1.5831108929391762,3.3278122147622606,-0.8401229880062551,-2.036766666186846,3.67313966030326,-0.7092509340699079,-1.8597556648573068
48.533185258,4.029649662683885,0.2212256001583493,-1.5914123671629965,3.3278511646672064,-0.8400456421207292,-2.0412808573147565,3.673164381905455,-0.7091679381453816,-1.864269855985217
48.549857736,4.029652784604223,0.2214518559419377,-1.599718099472088,3.3279929184481807,-0.8397725192729325,-2.057661292187147,3.6732558270255553,-0.7088741218517236,-1.8806502908576075
48.582935261,4.029660675915762,0.2216790599032604,-1.6080256966475597,3.328107304341848,-0.839560013447572,-2.07020609127302,3.6733310058320887,-0.7086447945626138,-1.8931950899434806
48.599607658000004,4.029669519753607,0.221905309091735,-1.6163316518336177,3.3281459816306014,-0.8394891378022676,-2.0744030910132265,3.673356598409995,-0.7085682157814879,-1.897392089683687
48.599914673,4.029680273754934,0.2221339402659636,-1.624649105061114,3.3281466938561923,-0.8394878326578278,-2.0744803769532885,3.673357069686279,-0.7085668056162617,-1.897469375623749
48.616446904,4.0296910272066615,0.2223620946033506,-1.6329549875934328,3.3282232575469197,-0.8393502673196489,-2.0826639701941954,3.6734082134096675,-0.7084179078642168,-1.905652968864656
48.633180878000005,4.029705593602021,0.2225889332427985,-1.6412518589395848,3.3283422182801754,-0.8391420143618697,-2.0953684894828575,3.673488644450497,-0.7081919614144733,-1.918357488153318
48.649830392000005,4.029723020123559,0.2228149341201201,-1.649560431105483,3.3283883999917605,-0.8390623213595267,-2.0999982995958293,3.673520071558859,-0.7081053816133223,-1.92298729826629
48.666632857,4.029740446146062,0.2230403389512491,-1.6578677658832743,3.3285497506431385,-0.83879161205654,-2.1163703702639056,3.673631232333272,-0.7078104903763289,-1.9393593689343662
48.683225953000004,4.029760734100867,0.2232665749492849,-1.6661696698730564,3.328632919667663,-0.8386558853495425,-2.124642211967556,3.673689201939279,-0.7076622394052959,-1.9476312106380167
48.699796076000005,4.029782927889266,0.2234914974476062,-1.6744666679836016,3.3287148395765733,-0.8385246503482593,-2.1330754195570076,3.6737467328836244,-0.7075186299088119,-1.9560644182274682
48.716519701,4.029807028838268,0.2237162985383516,-1.6827675953559855,3.3288000177018753,-0.838390721668731,-2.1413318956226544,3.6738069968082234,-0.7073717950913399,-1.964320894293115
48.73333756500001,4.029833039079361,0.2239427663596241,-1.6910840259657838,3.3288857504695617,-0.8382583398680399,-2.149858123600718,3.6738680790955063,-0.7072263853159129,-1.9728471222711788
48.749836372000004,4.029860000516176,0.2241672065252255,-1.699397192838939,3.328976576475139,-0.8381206927644531,-2.1581102435158765,3.6739332478788365,-0.7070748956525883,-1.9810992421863372
48.766499411000005,4.029889821439161,0.2243902128826137,-1.7077033207167076,3.329023220618688,-0.8380512234148951,-2.1624518515825244,3.6739669304566864,-0.7069982983249274,-1.985440850252985
48.783214079000004,4.0299215510612205,0.2246142899244066,-1.7160105101282084,3.3290823825554243,-0.8379635537957579,-2.1679495484345823,3.6740097303795443,-0.7069015808834733,-1.990938547105043
48.799843355,4.029956143845033,0.2248405094346316,-1.7243155944812578,3.3292497977701263,-0.8377212204830021,-2.1832599138248234,3.6741318576283097,-0.7066335543480449,-2.006248912495284
48.832938944000006,4.029989781566,0.2250652995333389,-1.732630476408919,3.3293401326052545,-0.8375937780295933,-2.1917080337699364,3.6741983398331772,-0.7064921963705391,-2.014697032440397
48.833357762000006,4.030024372088072,0.2252893732776189,-1.7409442763753549,3.3293420097968904,-0.8375911652044497,-2.1918723509646876,3.6741997276052594,-0.7064892938212601,-2.014861349635148
48.866318345,4.030064683455521,0.2255123675437687,-1.749251866330866,3.3295759833413037,-0.8372713877757575,-2.212541566911753,3.6743737361860296,-0.7061333131515537,-2.0355305655822136
48.882903236000004,4.030105949178893,0.2257360759660859,-1.7575511287747374,3.3296252344540718,-0.8372055064818742,-2.2168172483669917,3.6744106168114836,-0.7060597887579232,-2.0398062470374523
48.899635597,4.030150073996155,0.2259581121618571,-1.765848620670891,3.3298200641613764,-0.8369515289071744,-2.233456232436792,3.6745576797697836,-0.7057754725438323,-2.0564452311072525
48.899909118000004,4.030194197925679,0.226179194683787,-1.77415650170323,3.3298217539398918,-0.8369493457263728,-2.2335997360137645,3.6745589587124283,-0.7057730259266668,-2.056588734684225
48.916608447,4.030240229059223,0.2264002750074219,-1.7824674506092704,3.3299213316298495,-0.8368228758631752,-2.241966846337708,3.6746347106086565,-0.7056309977856088,-2.0649558450081686
48.933241820000006,4.030288167883048,0.2266215915510241,-1.7907717980364493,3.3299724954386534,-0.8367589974533937,-2.246254950364203,3.6746738267271515,-0.7055591081768923,-2.0692439490346635
48.96623738,4.030338014397158,0.2268431443145936,-1.799088639393254,3.3301718011961294,-0.8365143664990806,-2.262814718701569,3.6748269416230768,-0.7052832043577503,-2.0858037173720296
48.982939554000005,4.03038786014663,0.2270643394507961,-1.8074019029239108,3.3302219204161485,-0.8364539091598825,-2.267099578095456,3.6748656318848143,-0.705214866303016,-2.0900885767659165
48.999604186000006,4.030441521833415,0.2272862454451428,-1.8157132776651483,3.3303249707373213,-0.8363316852404663,-2.275413133857704,3.6749455498104164,-0.705076406271459,-2.0984021325281645
48.999933824,4.030498041511317,0.2275056447485764,-1.824025189232708,3.330327031973862,-0.8363292498811977,-2.275578981102889,3.674947150001218,-0.7050736460069351,-2.0985679797733496
49.016529245,4.030554563411115,0.2277269513993584,-1.8323409318656505,3.3304315725126097,-0.8362073645826468,-2.2839257865419675,3.67502859448597,-0.704935256895557,-2.106914785212428
49.049580771,4.030613942132342,0.2279447976855972,-1.840651321136468,3.3306960146127285,-0.8359082341237203,-2.3046798512031366,3.6752362312185465,-0.7045942354254737,-2.127668849873597
49.049915409,4.030676181395522,0.2281620446280249,-1.84896506435459,3.330697117737488,-0.8359070114383546,-2.3047654506839645,3.675237101806031,-0.70459283759817,-2.127754449354425
49.066476574000006,4.030736513239646,0.228379412978222,-1.857271849133979,3.330751711152345,-0.8358465009939768,-2.3090017511815697,3.675280186999512,-0.7045236594157192,-2.1319907498520303
49.099582614000006,4.030800657904298,0.2285948695840055,-1.8655809399423744,3.330969012650087,-0.8356116470714013,-2.325701435078062,3.675452738060411,-0.7042542110213046,-2.1486904337485226
49.099878087,4.030866709675414,0.2288104432008805,-1.8738868335781755,3.3309700022749102,-0.8356105865756861,-2.325776833549286,3.6754535254811245,-0.7042529928353282,-2.1487658322197465
49.132912600000004,4.030934667970698,0.2290251801547767,-1.8821997358737632,3.3311916593001745,-0.8353789245527629,-2.3424430648741463,3.675630926067337,-0.7039859195088327,-2.165432063544607
49.149580409,4.031003583631936,0.2292428962395382,-1.8905170760216752,3.331360866234549,-0.8352073903456428,-2.354967612904522,3.67576728391702,-0.7037872703012263,-2.1779566115749827
49.166235563,4.031074403121954,0.2294579875236406,-1.8988273735190504,3.3314189772219693,-0.8351491536958461,-2.359244045425969,3.675814232107041,-0.703719710981423,-2.1822330440964297
49.166497422000006,4.03114712981037,0.2296724805628858,-1.9071359490511728,3.3314200548521513,-0.8351480792742495,-2.359323146109812,3.675815103705796,-0.7037184635904715,-2.1823121447802727
49.183214034,4.031223670906827,0.229886969205541,-1.9154415058016796,3.331547908078428,-0.8350222979682799,-2.3686945929015044,3.6759188105632967,-0.703572134262898,-2.191683591571965
49.216269027,4.031299257020123,0.230100505273872,-1.9237437752036903,3.3318230671249913,-0.8347594073589171,-2.388495611882906,3.6761433781889616,-0.7032648992471526,-2.2114846105533665
49.216565862,4.031377704644323,0.2303140380442324,-1.932051189298211,3.331824101084578,-0.8347584384416116,-2.388569267680798,3.6761442253775476,-0.7032637634017969,-2.2115582663512585
49.23315482,4.031460918991406,0.2305266116453133,-1.9403486726987191,3.3318818850795697,-0.8347042894076845,-2.3926856048300422,3.6761915714649787,-0.7032002854059451,-2.215674603500503
49.249846995000006,4.03154317926809,0.2307383518806994,-1.9486504316931927,3.3319978712807985,-0.8345973860195146,-2.401282600900368,3.6762869209027467,-0.7030746286592302,-2.2242715995708284
49.266457936,4.031629252991014,0.2309492532550231,-1.956948809717439,3.3321154211172446,-0.8344908765655333,-2.409528031587678,3.6763838789101304,-0.7029490843537437,-2.2325170302581387
49.299677802000005,4.031714372260456,0.2311595596825655,-1.96524871053916,3.332414990325886,-0.8342274495672972,-2.4304587467201175,3.6766323808231602,-0.7026370229921712,-2.253447745390578
49.30002807,4.0318023531041405,0.2313701012307167,-1.9735475450468416,3.3324162162782454,-0.8342263936067977,-2.430547031223756,3.676633401677251,-0.7026357676560855,-2.2535360298942164
49.31647138100001,4.031893194361577,0.2315804010630926,-1.9818451813024804,3.3324737685408383,-0.8341768216022312,-2.4346915421405804,3.676681325613507,-0.7025768359761496,-2.257680540811041
49.333240282000006,4.031984989405414,0.2317908190054962,-1.9901539987584955,3.332720703092936,-0.8339694540502813,-2.4514560100794247,3.6768878867169605,-0.702329226434408,-2.2744450087498853
49.349859518,4.032079644579005,0.2320002799764575,-1.998466388578796,3.332841427960479,-0.8338706340350951,-2.459565586362486,3.676989324162168,-0.7022106923306468,-2.2825545850329467
49.382980056,4.032174297895907,0.2322081912277369,-2.006788409097926,3.333033054884076,-0.8337172338367976,-2.4723249852474574,3.6771509448582793,-0.7020259458847453,-2.295313983917918
49.383247014000005,4.032271812411119,0.2324163375999066,-2.015108277073003,3.333034072243525,-0.8337164291880003,-2.472392409128399,3.677151804631839,-0.7020249746641927,-2.2953814077988595
49.39984659300001,4.032371231687795,0.232622097589345,-2.023427842250428,3.3330973321516417,-0.833666395732251,-2.476584859019982,3.6772052657722774,-0.7019645836952303,-2.2995738576904428
49.416454557,4.032471604683959,0.232827856479548,-2.031741917572115,3.3333498630880234,-0.8334717449914437,-2.4931585544797024,3.6774195750919816,-0.701728506800523,-2.316147553150163
49.449606916,4.032573882297037,0.2330313481964414,-2.0400557310968237,3.333541590340716,-0.8333286077854906,-2.505832672242243,3.6775831017400087,-0.7015538453149626,-2.3288216709127036
49.466261769000006,4.032679021986967,0.2332355518708201,-2.048370119031348,3.3336091060111914,-0.8332787941316735,-2.510029191588483,3.6776407908485322,-0.7014929213244164,-2.3330181902589437
49.482908087000006,4.032785115687532,0.2334402312829984,-2.0566845294439995,3.333733661983499,-0.8331884725068801,-2.5183472547469403,3.6777474960004235,-0.7013820782068914,-2.341336253417401
49.499637393,4.032893115646663,0.2336443124510236,-2.0649970187353155,3.333859408695883,-0.8330988821113575,-2.5267706271933896,3.6778555020471337,-0.7012717452176302,-2.3497596258638502
49.516244185000005,4.033003019376339,0.2338445767253003,-2.0733102376232577,3.3341315012787422,-0.8329100518381005,-2.5432638799472596,3.6780900922660713,-0.7010379532696847,-2.36625287861772
49.516541552,4.033113875504116,0.2340442438547648,-2.081620734404603,3.3341339099117246,-0.8329083963521086,-2.5434158025223788,3.6780921717514232,-0.7010358995200932,-2.3664048011928394
49.533199822,4.033225683172903,0.2342421217469265,-2.089935840090229,3.3342003134179996,-0.8328635325054838,-2.5477784493189617,3.6781496376759595,-0.7009800438319607,-2.3707674479894223
49.549813548,4.033338444964181,0.2344398793302374,-2.0982483718038787,3.334272097491296,-0.8328151650434783,-2.5524785290088126,3.6782117831481442,-0.7009197918208175,-2.375467527679273
49.566500573000006,4.033455022232055,0.2346388246092908,-2.1065686477696386,3.3344646069758648,-0.832688337746015,-2.564461753187663,3.678378951785535,-0.7007610476502044,-2.3874507518581236
49.583305243000005,4.033571597744373,0.2348359817499599,-2.114892716403181,3.3345336802342334,-0.8326433767148644,-2.5687458287190106,3.678439028632695,-0.7007046261846159,-2.391734827389471
49.599855838,4.0336910326218085,0.2350318242918197,-2.123202737567235,3.334802644482234,-0.8324730490726197,-2.5852944382648566,3.678673797491428,-0.7004895986157218,-2.408283436935317
49.616504119000005,4.033813329167468,0.2352279019542177,-2.13150998650321,3.334935822742426,-0.8323910109117558,-2.593819174932511,3.678790448822103,-0.7003853912461294,-2.4168081736029716
49.649614237,4.033936576191203,0.2354215943335425,-2.139811636370049,3.33514856046224,-0.8322632344331167,-2.6063924994795986,3.6789773624772732,-0.7002221507749349,-2.429381498150059
49.666262258,4.034040777994868,0.2355796650910432,-2.1479844792579827,3.3352185257399456,-0.8322217590294037,-2.6106203068053837,3.6790389311828577,-0.7001690033978567,-2.4336093054758443
49.666506914,4.03415344216055,0.2357539385127749,-2.156265279444316,3.3352196988038925,-0.8322210678032008,-2.610695366463627,3.679039964200307,-0.7001681164098996,-2.433684365134088
49.683253272,4.034273814133589,0.2359345211757504,-2.164496336308387,3.335334763190306,-0.8321541473623322,-2.618934169311249,3.6791414467472014,-0.7000819801741872,-2.4419231679817095
49.699792556000006,4.034400868458354,0.2361215334422646,-2.1727579804406143,3.3354554626010646,-0.832085275964779,-2.6272075710995972,3.679248132727697,-0.6999929312060627,-2.450196569770058
49.716597125,4.034530784158672,0.2363091384574762,-2.181037781970831,3.3357164171920703,-0.8319406657903188,-2.6436362813907417,3.679479545624283,-0.699804629659553,-2.4666252800612023
49.733174692000006,4.0346606985120586,0.2364954321712505,-2.1893273786587533,3.3358561520266345,-0.8318654552079481,-2.6518903869406536,3.679603853334153,-0.6997059886490236,-2.474879385611114
49.766233431,4.034794426526721,0.236680767814488,-2.1976247731998724,3.336002452103556,-0.831788262192401,-2.6604887735278995,3.6797342746178017,-0.6996042401211336,-2.48347777219836
49.766561677000006,4.034931015025623,0.2368658617418974,-2.205926319299984,3.3360043288412546,-0.8317872828384657,-2.6606015950655717,3.6797359495778337,-0.699602945599055,-2.4835905937360323
49.783172707000006,4.035066649615021,0.2370502415128048,-2.2142346643204056,3.3361400701540678,-0.831717157284346,-2.66893801884731,3.679857221579874,-0.6995100133717818,-2.491927017517771
49.816276052000006,4.03520514389695,0.2372341411498508,-2.222540065749194,3.3365635593316094,-0.8315073057801909,-2.693836459626473,3.6802371411453363,-0.6992288695276916,-2.5168254582969336
49.816571976000006,4.035344588564499,0.2374148210386997,-2.2308524413218747,3.336566160432832,-0.8315060436574426,-2.6939867418755767,3.6802394793580744,-0.6992271691034524,-2.5169757405460373
49.833180291000005,4.035484031512758,0.237594070417077,-2.2391692429091887,3.3367157587062457,-0.8314349926534865,-2.7022712839039453,3.680374228836941,-0.6991308858415803,-2.525260282574406
49.866257375,4.035627290940783,0.2377747459090719,-2.247481064154208,3.3368627436720733,-0.8313666653050649,-2.7106909102499017,3.680506885445926,-0.6990377438488259,-2.5336799089203623
49.866563188,4.035772456202403,0.2379541079013522,-2.2557940180646017,3.3368640898486324,-0.8313660397753833,-2.7107680704294452,3.6805081004393756,-0.6990368910477778,-2.533757069099906
49.899593764,4.035918573430004,0.2381323959118909,-2.264106068687984,3.3372188963255036,-0.8312077185819124,-2.7315345734899195,3.6808294843844434,-0.6988185665274307,-2.55452357216038
49.916321477000004,4.03606754927953,0.2383082964403574,-2.272416902925398,3.3372973907635015,-0.8311736151415985,-2.7358150959926366,3.6809007470920223,-0.6987711740391407,-2.558804094663097
49.916745906,4.0362146162762365,0.2384827686565944,-2.280731130996743,3.3372993823875703,-0.8311727498416577,-2.7359237048553844,3.6809025552268055,-0.698769971558777,-2.558912703525845
49.933240735000005,4.036366450167446,0.2386560432847967,-2.28905248200428,3.3374635946710187,-0.8311031910197304,-2.745193499366449,3.6810519531187236,-0.6986725838098882,-2.5681824980369097
49.96626057,4.036518284678744,0.2388297947497877,-2.297374714968077,3.337742983920436,-0.8309887624847025,-2.760887232810912,3.6813068272480773,-0.6985107461736451,-2.583876231481373
49.982938648,4.036671070154378,0.2390013993499677,-2.3056968636411184,3.3380342242445584,-0.8308749768505682,-2.7775248694133143,3.6815734804793543,-0.6983474545597148,-2.600513868083775
49.999610495000006,4.03682766959316,0.239172165088698,-2.3140098871368364,3.3381126292120364,-0.8308454542855012,-2.781893140055648,3.6816454617519265,-0.6983045871225131,-2.6048821387261087
49.999948288000006,4.036982359096267,0.2393407872601303,-2.322318400832159,3.3381141693728233,-0.8308448752674839,-2.7819786686969117,3.6816468758886365,-0.698303745948049,-2.6049676673673723
50.016564739,4.037137998753608,0.2395060704742255,-2.3306140052962445,3.3381983202032113,-0.8308133206506672,-2.7866323917952798,3.681724155421585,-0.6982578664331787,-2.6096213904657404
50.033265921,4.037291724013609,0.2396659914729061,-2.338897048819193,3.3385036892083724,-0.8307029157612031,-2.802873496195182,3.6820053118738176,-0.698095414845626,-2.6258624948656424
50.066280066000004,4.037451175652781,0.2398291245245896,-2.3471893928013183,3.338715995690627,-0.8306297911229437,-2.8154305594994025,3.6822014245668937,-0.6979860481836926,-2.638419558169863
50.082932666000005,4.037610628163346,0.2399929728315001,-2.3554919043182694,3.3387895187594383,-0.8306049297242794,-2.819631193915871,3.6822694209991145,-0.6979486287235648,-2.6426201925863317
50.099587019000005,4.03777198503952,0.2401543155466627,-2.363788502534771,3.3389446926721877,-0.8305538926957908,-2.827805571415526,3.682413183217022,-0.697871064903538,-2.6507945700859867
50.116271719000004,4.037934291073911,0.2403118424679813,-2.372089588699645,3.339101093521981,-0.8305038606865542,-2.83633006657187,3.682558330172267,-0.6977942743497738,-2.6593190652423306
50.132979464,4.038096597889284,0.2404699654352812,-2.38039919789699,3.3392487844657737,-0.8304579964443793,-2.8446948566201975,3.682695637212938,-0.6977231201498209,-2.667683855290658
50.149601005,4.038262717561456,0.2406265342860805,-2.388708456838629,3.339399838362715,-0.8304124736538468,-2.8528993685664634,3.6828363147842116,-0.6976517098901975,-2.675888367236924
50.150095066000006,4.038425972459341,0.2407798877858358,-2.3970127097624614,3.339404329814327,-0.8304111205428218,-2.8531432002191295,3.682840497787561,-0.6976495870312738,-2.67613219888959
50.166503170000006,4.038592086246803,0.2409313306405717,-2.405310651936992,3.3395658814980185,-0.8303639218415472,-2.861561866828753,3.68299121400365,-0.6975746785129777,-2.6845508654992134
50.199637013,4.038761060757037,0.2410824125699875,-2.4136217916448914,3.3399456949490034,-0.8302591189726845,-2.882372792176163,3.683346638112784,-0.6974046326323536,-2.7053617908466236
50.216239026000004,4.038929080280536,0.2412326611343951,-2.421925186240542,3.34002345346599,-0.8302385050895362,-2.8865543221012944,3.6834195517486417,-0.6973706485059352,-2.709543320771755
50.2164877,4.03910091223586,0.2413806403267404,-2.430224576598612,3.340024618175441,-0.8302381963235583,-2.8866169553357457,3.6834206438888226,-0.697370139473166,-2.7096059540062063
50.24959770700001,4.039275607222685,0.2415304043596757,-2.438536316251402,3.3404066995086583,-0.8301430735790095,-2.9074820406715993,3.6837800049976184,-0.6972092231122561,-2.73047103934206
50.266268532000005,4.039451252282536,0.2416771870632746,-2.4468452751933154,3.340485948974899,-0.8301241831502821,-2.911716864821117,3.683854689765541,-0.6971766729718998,-2.7347058634915777
50.266627025000005,4.039627851045528,0.2418237302490237,-2.455156484523274,3.3404882220878296,-0.8301236514365781,-2.9118382124694993,3.683856833731315,-0.6971757492984625,-2.73482721113996
50.28313558,4.03980444881965,0.2419695581796338,-2.4634780409270145,3.3406439926974714,-0.8300878958968259,-2.9201457871495116,3.684003874210245,-0.6971131231137857,-2.743134785819972
50.316251729,4.039982950037424,0.2421122844726202,-2.4717910438450588,3.3411188464678077,-0.8299872569772494,-2.9450567126268528,3.6844535868000587,-0.6969304406518477,-2.7680457112973134
50.316602828,4.040161448886702,0.2422525073718016,-2.480104936895028,3.3411223288883707,-0.8299865492146136,-2.94523445072128,3.68445689017721,-0.6969291307356984,-2.7682234493917406
50.333327395000005,4.040341855050332,0.242392966491232,-2.488413066905804,3.3412731573216097,-0.8299572036710597,-2.9536137210054836,3.684600194427992,-0.6968736846455948,-2.776602719675944
50.366256017000005,4.040522258559942,0.2425310414263847,-2.4967185520505697,3.341505881451538,-0.8299145813915124,-2.9661073441623973,3.684821776832572,-0.696790748421029,-2.789096342832858
50.366556870000004,4.040705521458164,0.2426678017627104,-2.5050144528229525,3.341507276303007,-0.8299143342900019,-2.9661846365347913,3.6848231063770442,-0.6967902595639198,-2.789173635205252
50.383153683,4.040890690582259,0.2428034870176542,-2.5133152454287986,3.3415842244770038,-0.829900702723881,-2.9704485363494495,3.6848964518347276,-0.6967632913434829,-2.79343753501991
50.399847,4.041074901931776,0.2429357163047857,-2.521615730390088,3.3419010898446544,-0.8298486608709357,-2.9871406759572636,3.685199202046569,-0.6966562664636453,-2.8101296746277242
50.432968199,4.041261018729755,0.2430661552552378,-2.5299129874011017,3.3421386093138667,-0.8298133633116885,-2.999622696777166,3.6854267946563226,-0.6965796961043069,-2.822611695447627
50.449612823,4.041446180983846,0.2431958800496633,-2.538217601207825,3.3422183038567175,-0.8298019829156247,-3.0038072672279457,3.685503239973436,-0.6965544602752882,-2.8267962658984063
50.449970365000006,4.041635157861014,0.2433254812380244,-2.546523322967992,3.3422200157695996,-0.8298017384541355,-3.003897155692121,3.685504882089928,-0.6965539181862161,-2.8268861543625814
50.482936999,4.041826039901123,0.2434534112992333,-2.554837578919325,3.3425365403426057,-0.8297605616825326,-3.020488983859954,3.6858092100434505,-0.696457648624354,-2.8434779825304144
50.483292406000004,4.042014057770686,0.2435783644275728,-2.563150278391828,3.3425399259000783,-0.8297601359136094,-3.0206663523399673,3.685812467726783,-0.6964566333520354,-2.843655351010428
50.50017322,4.042203980280658,0.2437010503825851,-2.5714578461364206,3.3427004533224736,-0.8297413141704357,-3.0290677776798525,3.685967172530058,-0.696409838745501,-2.852056776350313
50.516543292,4.042394855615232,0.2438230199831525,-2.5797627373149488,3.342888039102699,-0.8297211433526068,-3.038874795841094,3.6861482753325734,-0.6963569514903668,-2.861863794511555
50.533186854,4.04258763689373,0.2439439145025492,-2.5880687002244884,3.3431794664911423,-0.8296932489796012,-3.0540926457949977,3.6864302371316335,-0.6962781760966771,-2.8770816444654583
50.549975092000004,4.042781369653472,0.2440626621567477,-2.5963718493566064,3.3433341748912184,-0.8296803331442056,-3.062560513999385,3.6865802537981156,-0.696238219775077,-2.8855495126698454
50.582962746,4.042979872354016,0.244182834825522,-2.604684147432782,3.3435696182611054,-0.8296633616497522,-3.0749989079014544,3.6868090297501985,-0.696180054701397,-2.897987906571915
50.583359282,4.043174556081671,0.2442993164055938,-2.6129881662428565,3.343571637387325,-0.8296632271697558,-3.0751001205334063,3.6868109936460693,-0.6961795667786888,-2.898089119203867
50.599820918000006,4.0433701898154375,0.244412697447066,-2.6212892596236625,3.343668383478781,-0.8296568945167669,-3.079975287530342,3.686905112918726,-0.6961562972445188,-2.9029642862008025
50.61647998,4.043566775113709,0.2445242892512177,-2.6295965766885683,3.3439721254611823,-0.8296405323654079,-3.0957869171615906,3.687201227575684,-0.6960867054216906,-2.918775915832051
50.63323786,4.04376526815283,0.2446359980659855,-2.6379122398338946,3.3440530585820034,-0.8296371413726029,-3.1001612249924957,3.687280298955869,-0.6960691160580362,-2.9231502236629563
50.666257886000004,4.0439675736329725,0.2447459143459375,-2.6462302176347223,3.3444478315272828,-0.8296247515064819,-3.120858441858859,3.687666721635815,-0.695987404984554,-2.9438474405293196
50.666564801,4.04416892280652,0.2448535667501103,-2.65454864971075,3.344450855718461,-0.8296246768614224,-3.1210156881081756,3.687669685428137,-0.6959867989818775,-2.9440046867786362
50.683218613,4.044370270428825,0.2449596694343724,-2.6628582576966084,3.344619011782978,-0.8296219235311557,-3.1294304987435346,3.687834729127373,-0.6959544783970464,-2.9524194974139952
50.699809184,4.044570660658105,0.2450629121971028,-2.671166632625542,3.3447798505660806,-0.8296206398855979,-3.137788402871701,3.687992828675933,-0.6959248930182087,-2.9607774015421615
50.71647052,4.04477677389132,0.245166744410472,-2.679479124096176,3.3449267295206706,-0.8296206945579202,3.1370428262557084,3.6881374221882632,-0.6958990832045214,-2.9691314795943384
50.73321757,4.044981931257211,0.2452685511663596,-2.687794761695653,3.3450856312592334,-0.8296220836383966,3.1287742851803504,3.6882940855949053,-0.6958724698792492,-2.9774000206696964
50.766251011,4.045185177611721,0.2453672606812488,-2.696108271930516,3.3454115429248787,-0.8296289567803823,3.1121593497866815,3.688616114978841,-0.6958218464679962,-2.9940149560633653
50.76712280300001,4.045387468433471,0.2454645407849721,-2.7044209037695834,3.3454198508230335,-0.8296291820650913,3.1117273417506066,3.688624332731187,-0.6958206053107434,-2.9944469640994402
50.799598942,4.045591664291485,0.2455596729243851,-2.712727768527752,3.3456578267926087,-0.8296379281351515,3.0993488317447424,3.6888601302659247,-0.6957873099890266,-3.0068254741053044
50.799930334,4.04579585897981,0.245653851390168,-2.7210369501017344,3.3456594501549044,-0.8296379969106346,3.0992643731872445,3.6888617403727793,-0.6957870918351181,-3.0069099326628024
50.816562254000004,4.046001958547079,0.2457456434731317,-2.729347854057078,3.3457417069115323,-0.8296414951349329,3.0949847743966625,3.688943327815136,-0.6957760509640529,-3.0111895314533843
50.849581478000005,4.046225229881822,0.2458428993946598,-2.7375709685358123,3.3462304718804057,-0.8296704279241727,3.0703130458555634,3.689429550265096,-0.6957184659812357,-3.0358612599944834
50.849859899,4.046405563324536,0.2459199392138931,-2.74574882481212,3.3462332887196697,-0.8296706181528799,3.070174115093743,3.689432356586608,-0.6957181572257172,-3.0360001907563037
50.866584345,4.046604023431053,0.2460031570274536,-2.7539923478544432,3.346376170313467,-0.8296814329499497,3.061741536033998,3.6895749099288473,-0.6957036432910965,-3.0444327698160487
50.883159157,4.046809159995388,0.2460872016112429,-2.762257840489819,3.3464457721933023,-0.8296872931958358,3.057583103053341,3.689644456158072,-0.695697155906491,-3.0485912027967057
50.916268603000006,4.04701811009075,0.246169930496653,-2.7705395646811897,3.346756886062193,-0.8297161417129403,3.0410520326295796,3.68995578857087,-0.695670770207772,-3.0651222732204673
50.93296354300001,4.047227058506667,0.2462514672901883,-2.778830655256204,3.3468349823329766,-0.8297240302082205,3.0368037174283105,3.6900340536117486,-0.6956647836190669,-3.0693705884217364
50.933321115000005,4.047436956999183,0.2463299035450713,-2.7871235126825784,3.346837504663195,-0.8297242989960791,3.036670002839063,3.6900365838594205,-0.6956646040546968,-3.0695043030109836
50.949890305000004,4.047650670326237,0.2464082161937315,-2.7954320408737257,3.3470086364628013,-0.8297431379417184,3.027693259304078,3.690208358938352,-0.695653014362406,-3.078481046545969
50.982943494000004,4.047863427869226,0.2464848610127877,-2.80374080804676,3.347313128368272,-0.8297804373636669,3.0117700283276037,3.6905146609633026,-0.6956361135669719,-3.094404277522443
50.983230381000006,4.048077136799478,0.2465593589667161,-2.812049442393003,3.3473145802736313,-0.8297806208960457,3.0116968317476687,3.690516122499655,-0.6956360385683368,-3.094477474102378
50.999943135,4.048289890039647,0.2466321890909701,-2.820356216457158,3.3475222769253827,-0.8298090974051884,3.0005789281708077,3.6907255881435352,-0.6956274972127285,-3.105595377679239
51.032970044,4.0485083634545385,0.2467035821096564,-2.8286588930378143,3.3478612340315466,-0.829860364596243,2.98241598779083,3.691068276387811,-0.6956182770211626,-3.1237583180592168
51.033324059,4.048723973040597,0.2467723558231571,-2.8369575632413406,3.347863008877652,-0.8298606496547476,2.9823260791873416,3.6910700736963125,-0.6956182450962354,-3.1238482266627052
51.066273560000006,4.048941488959285,0.2468404120831357,-2.845267324517497,3.34809752000391,-0.8298996207937213,2.969803217371295,3.6913077828020002,-0.6956153126766615,-3.136371088478752
51.066560046000006,4.049159956794913,0.2469066791055298,-2.853587966904576,3.3481002288764112,-0.8299001024586042,2.9696602007578754,3.6913105341622274,-0.6956153098151173,-3.1365141050921714
51.099601583,4.049376514098274,0.2469703257238195,-2.86190137584384,3.3484901120778687,-0.8299721100407976,2.9490508084654694,3.6917070048872898,-0.6956175384561094,3.126061809795009
51.099975957000005,4.049594976387333,0.2470319435871501,-2.870208609582956,3.3484918673266924,-0.8299724525426823,2.9489578493430555,3.691708793019822,-0.6956175665278234,3.125968850672595
51.132934255,4.049811529545195,0.2470920139291464,-2.878516526981909,3.348811763053073,-0.8300376172245953,2.9323177656339663,3.6920351649118524,-0.6956253831522974,3.1093287669635057
51.133247061000006,4.050029034750249,0.2471506526614005,-2.886821393453403,3.3488132957963113,-0.8300379430843349,2.932236312543484,3.6920367310850954,-0.6956254340224889,3.1092473138730234
51.150037643000005,4.050249398268212,0.2472070231211271,-2.8951298588890197,3.3488965827867823,-0.830055669285123,2.927804193464377,3.6921218380402188,-0.6956282173955858,3.1048151947939164
51.166595533000006,4.050467852960423,0.2472618460592906,-2.9034351262838065,3.3490770956994984,-0.8300959164679295,2.9177987539744485,3.6923066173820684,-0.6956360495221523,3.094809755303988
51.199566034,4.0506863045721175,0.2473144040228092,-2.911740225506372,3.3494346460403395,-0.8301809571273121,2.8986943623022086,3.6926735554357513,-0.6956568010219368,3.075705363631748
51.199855255,4.050908569604507,0.2473654078694047,-2.9200554497529505,3.3494360184122876,-0.8301812973210263,2.8986208669243236,3.6926749662676417,-0.6956568942415973,3.075631868253863
51.216501954,4.051128924760985,0.2474146257765972,-2.928365686794962,3.3495394971628754,-0.8302071710828731,2.893076381319829,3.6927813841631494,-0.6956641423372748,3.070087382649368
51.233283188,4.051348325156488,0.2474625334813592,-2.936676254028094,3.3497472612151875,-0.8302612095865411,2.8819173333846777,3.6929954173167134,-0.6956807516866713,3.058928334714217
51.24980034,4.051569629015566,0.2475074587577958,-2.94498275892232,3.349825602472199,-0.8302820271499128,2.877703810121961,3.6930762001704216,-0.6956874490026694,3.0547148114515004
51.282952718000004,4.051793793376754,0.2475515462718245,-2.953296514655304,3.350209730762038,-0.8303902762137275,2.8567606142721402,3.6934733876002928,-0.6957263662022602,3.0337716156016796
51.283264632000005,4.05201795484539,0.2475933688110675,-2.961599328296735,3.350211119824672,-0.8303906829496076,2.856681640415843,3.6934748265793482,-0.6957265219852957,3.0336926417453824
51.299783357,4.052243067835114,0.2476332829037091,-2.969901854273219,3.350353987275006,-0.8304331556695819,2.848738054258636,3.6936229405816867,-0.6957431737905496,3.025749055588175
51.316489989000004,4.052466272066,0.2476717686840508,-2.978211547222272,3.3505147840918053,-0.8304824090027,2.8399963950988862,3.6937898977787595,-0.6957633431103611,3.0170073964284256
51.349561083000005,4.052686611810174,0.2477076351596998,-2.986520562693129,3.350742504411157,-0.8305546386416537,2.827578154190819,3.694026778612956,-0.6957943452873768,3.0045891555203585
51.349908194,4.05291171971967,0.2477430193022418,-2.994837679317549,3.350745686734917,-0.830555663008086,2.827404376469019,3.6940300915897573,-0.6957947932782349,3.0044153777985585
51.366446456000006,4.053133009088398,0.2477751891930107,-3.003145362929168,3.3509730074693107,-0.8306312756026923,2.8151070090315864,3.6942671747808777,-0.6958291959123906,2.992118010361126
51.39961077700001,4.053356203305424,0.2478052111196101,-3.0114474399839404,3.3512083466797784,-0.8307124432961657,2.8023412850972296,3.6945131293413436,-0.69586765488577,2.979352286426769
51.399910538,4.053583210818519,0.2478339173480061,-3.019754194132326,3.351232658578172,-0.8307211306218323,2.8008759801920924,3.6945385910865483,-0.6958719254316217,2.977886981521632
51.416492914,4.053808308898546,0.2478609568459809,-3.028066279280999,3.3515026647070987,-0.8308191661645605,2.7857309672705304,3.6948216411016657,-0.6959208842534805,2.9627419686000698
51.43313121600001,4.054032450789458,0.2478857324680885,-3.03637856109839,3.351653828234538,-0.8308760714780511,2.777341832914993,3.694980462957608,-0.6959502822943413,2.954352834244532
51.466219682,4.054260405171957,0.247908596346029,-3.04469317402074,3.3518055168938967,-0.8309346332287166,2.7688898047637878,3.695140093418803,-0.6959812184201128,2.945900806093327
51.482917098,4.05448645040334,0.2479297934933371,-3.053010312505877,3.3519523029129314,-0.8309927321660615,2.7606838896482913,3.695294816350386,-0.6960125622607675,2.9376948909778307
51.483204976,4.054714400318551,0.2479488426765987,-3.061319910364722,3.3519548444540663,-0.8309937382374976,2.7605418054017212,3.6952974953356352,-0.6960131050766752,2.9375528067312606
51.516293513,4.054943302720222,0.2479666986684155,-3.0696340157495965,3.3522464695690455,-0.8311134554182589,2.74375754771515,3.6956056444053367,-0.6960795999027748,2.9207685490446895
51.532902148000005,4.055172202323328,0.2479822896853762,-3.077940929997165,3.3523940895641537,-0.831176219834917,2.7354194398376332,3.6957620098168813,-0.6961153894686671,2.9124304411671726
51.533205246,4.055399192175147,0.247995856344214,-3.0862442104965573,3.3523967228392206,-0.8311773523683279,2.735266812995988,3.6957648013711113,-0.6961160406172566,2.9122778143255275
51.566237335000004,4.055627135113597,0.2480085874390973,-3.0945491854252776,3.352682176211909,-0.8313030291210588,2.7186601727299102,3.696067924545128,-0.696189488663727,2.8956711740594496
51.582974155,4.0558550740368,0.2480180998855295,-3.1028480788122708,3.352829096662042,-0.8313698979634918,2.7102694055412773,3.696224324082911,-0.6962294417028707,2.8872804068708167
51.599584955000005,4.056080149991839,0.2480260659099512,-3.1111433873728584,3.3529781033424175,-0.831439234672021,2.7020467966317963,3.6963832118141506,-0.696271456686004,2.8790577979613357
51.616259166000006,4.056307131171108,0.2480318839699215,-3.1194410459916284,3.3531181816300304,-0.8315058140230579,2.693672767457482,3.6965328251262157,-0.6963123295804204,2.8706837687870213
51.616594084000006,4.056534110332793,0.2480360331010171,-3.127737217525811,3.3531209893521012,-0.8315071494516012,2.693504492064104,3.696535824129026,-0.6963131497357511,2.8705154933936434
51.633233909000005,4.056762041682644,0.2480387506222647,-3.136031247823876,3.3533015710067047,-0.8315952545902383,2.682957299880064,3.6967290983537353,-0.6963680799050257,2.8599683012096033
51.649808019000005,4.056991877598843,0.248039320179554,3.138853904524595,3.35354509127124,-0.8317175946677433,2.6684948265684874,3.6969903561001884,-0.6964456273338764,2.8455058278980268
51.666484404,4.057220757597151,0.2480379834887129,3.1305467307021595,3.35361910976713,-0.8317558593213142,2.6641636040255054,3.697069955962892,-0.6964702603057703,2.841174605355045
51.683148516,4.057451543208395,0.2480348564610693,3.1222374115133604,3.353723692738714,-0.8318103164509575,2.6580344702856387,3.697182494015385,-0.6965054506972926,2.835045471615178
51.699842434000004,4.057679464819186,0.2480293485469953,3.1139329600773924,3.353973079577995,-0.8319435025347969,2.6433383134731008,3.6974514365202578,-0.6965926416234697,2.82034931480264
51.716490104,4.057905476172511,0.2480214586472377,3.1056287196522225,3.3541151102193942,-0.832021544726909,2.6349144067017782,3.69760499014901,-0.696644454459167,2.8119254080313176
51.749642813,4.058134348121931,0.2480127309850018,3.097318947250696,3.354322153578897,-0.8321383190054016,2.6223966931273175,3.6978293608925554,-0.6967229462056916,2.799407694456857
51.749940801,4.058364171165938,0.2480022140857973,3.089006213891865,3.3543233665047785,-0.832139012320183,2.622321078108744,3.697830676950224,-0.6967234151052466,2.799332079438283
51.766490875,4.058593038279284,0.2479894333105321,3.080699351864381,3.3544103085507775,-0.8321889320906161,2.616934779447723,3.6979250507520627,-0.6967572453929947,2.7939457807772623
51.783193851,4.058820950024339,0.247975223123978,3.072394120199074,3.3546664493084792,-0.8323397568885486,2.6014255815285185,3.698203747608571,-0.6968606101335972,2.778436582858058
51.799966148,4.059047905301903,0.2479586298524521,3.064086380513232,3.3547337311070637,-0.832380476892263,2.5971726072820527,3.698277148396666,-0.6968888463413861,2.774183608611592
51.832916852000004,4.059273904332637,0.2479401303330422,3.0557828480660016,3.354941329938215,-0.8325077975813312,2.5846757853132587,3.698503923029381,-0.696977621892734,2.761686786642798
51.833264595,4.059498948170275,0.2479198437742722,3.047477645510112,3.354944222221575,-0.8325096011826965,2.58450147113523,3.6985070877118096,-0.6969788880151787,2.7615124724647693
51.866269492,4.059726850387733,0.247897408152238,3.039172712518621,3.3552762632234323,-0.8327214328630516,2.5638569761420555,3.6988712414110707,-0.6971289412425044,2.740867977471595
51.8829319,4.059952843222691,0.2478731865904312,3.030868158088937,3.3553480760663588,-0.8327682666119345,2.559568844559646,3.6989501790008856,-0.6971623978017687,2.7365798458891852
51.899572958,4.060177879700487,0.2478468203621966,3.02256622674427,3.355481837881077,-0.8328570942569421,2.5512252367635533,3.699097492197792,-0.6972262836031003,2.7282362380930927
51.899864824000005,4.060406728301088,0.2478183039714446,3.014258984688188,3.355484158654994,-0.8328586448077332,2.5510782017986378,3.6991000497417588,-0.6972274012650288,2.728089203128177
51.932903997000004,4.060633667459426,0.2477876440130249,3.005947374437727,3.3557367165954477,-0.8330309886273787,2.534462332328834,3.699379009007644,-0.6973525796714453,2.7114733336583736
51.933193969,4.060862512219974,0.2477555513457506,2.9976299264424444,3.355738962910643,-0.8330325496582903,2.534316709999141,3.699381495101774,-0.6973537207610291,2.7113277113286802
51.949820720000005,4.061088494015933,0.2477217930471497,2.989319612908519,3.3558696208782224,-0.8331241390283174,2.5260226151171192,3.699526239257794,-0.6974208716842686,2.7030336164466586
51.967105564,4.06131447344902,0.247686127401306,2.981014875570647,3.356140015195585,-0.8333188933321896,2.5090310247814234,3.699826702415716,-0.6975649696248178,2.6860420261109628
51.999629785,4.061538544813844,0.2476495102798985,2.9727103889536486,3.356323059124984,-0.8334549338005768,2.4968234224994257,3.7000308412804683,-0.6976666525291157,2.673834423828965
52.016269731,4.061766426484627,0.2476094316948882,2.9644097049660685,3.3563823733120155,-0.8334995488911217,2.492597990880549,3.7000970848339167,-0.6977001259620752,2.6696089922100885
52.016634736,4.061994306627662,0.2475678033899497,2.9561031362736885,3.3563837807725583,-0.8335006101680983,2.4924988700061377,3.700098657180282,-0.6977009228189682,2.669509871335677
52.049597633000005,4.062220277914301,0.2475248659820977,2.947797973173677,3.3567618372687087,-0.8337949773114033,2.467592254205737,3.7005226408653025,-0.6979241190648495,2.6446032555352765
52.066263639000006,4.062446246288469,0.2474795443901615,2.939488683509536,3.3568259582643365,-0.833846618379298,2.463312686597889,3.700594853308952,-0.6979636622685099,2.6403236879274283
52.06660027,4.062671259274425,0.247432674177638,2.931182144673491,3.356827223792487,-0.8338476383593789,2.4632281978833586,3.7005962786688116,-0.6979644434663963,2.640239199212898
52.083144483000005,4.062896270477753,0.2473841350360638,2.922875938588576,3.356889419987378,-0.8338977667424293,2.4590758789070923,3.7006663300221034,-0.6980028365562442,2.6360868802366317
52.116236096,4.063123185744823,0.2473329710936546,2.914566339444822,3.3571951238311017,-0.8341518373591936,2.4382090637369185,3.701011995869517,-0.6981991063713017,2.615220065066458
52.116621851000005,4.063346285034735,0.2472808578745044,2.9062550879086837,3.357196630214982,-0.8341531151957763,2.4381110604935117,3.701013703727048,-0.6982000989847108,2.615122061823051
52.133173658000004,4.063566521511756,0.247226721395974,2.897945100468592,3.3572797973716733,-0.834223937702677,2.4326324007849873,3.701108042346962,-0.6982551701044423,2.6096434021145267
52.166268527,4.0637877100089,0.2471712725170349,2.8896352897289628,3.3575603414618818,-0.8344694317105852,2.413058630484663,3.7014274313381894,-0.6984474276576162,2.5900696318142025
52.166609416,4.064011755692679,0.2471127209012189,2.881325332178292,3.357561522562781,-0.8344704857278666,2.41297225608609,3.7014287795835674,-0.6984482572274838,2.5899832574156294
52.199599355000004,4.064232938780653,0.2470527420724266,2.873022119712571,3.3577951537129187,-0.834682536664843,2.396373474512358,3.7016960997509627,-0.6986158550863335,2.5733844758418973
52.199898304,4.064455073903046,0.2469909740059617,2.8647176382200508,3.357796237428548,-0.8346835368908165,2.3962968164911924,3.7016973426607644,-0.698616648853798,2.573307817820732
52.216717030000005,4.064676252822025,0.2469274189008936,2.8564123740272414,3.3578580814209387,-0.834740645070138,2.3919211870428825,3.7017682763737847,-0.6986619746951845,2.568932188372422
52.233165401,4.064894568226815,0.2468617213276574,2.848106484094164,3.3579720202248136,-0.8348475856016003,2.383798555295023,3.701899265769191,-0.6987471809542795,2.5608095566245623
52.266231595,4.065113836875555,0.2467954266089755,2.839798435415624,3.3582048807159475,-0.8350716627987073,2.3670002677960067,3.702167945000522,-0.698926752859782,2.544011269125546
52.282935993,4.065331194332098,0.2467257962308038,2.83149749447674,3.3583143306533016,-0.8351796759126199,2.3586126641337932,3.702294704539542,-0.699013805377445,2.5356236654633326
52.283231356,4.065549504197468,0.2466552110798721,2.823190339039234,3.3583163425097764,-0.8351816799210319,2.3584654417015543,3.702297037841559,-0.6990154238081308,2.5354764430310937
52.316247434000005,4.065766858148521,0.246582600471494,2.8148803488375465,3.358597968808408,-0.835467993126748,2.3378244786577014,3.7026246799048566,-0.6992476721713262,2.5148354799872408
52.332943096,4.065985163758062,0.246508200625725,2.806562840423574,3.358652954207955,-0.835525054193256,2.333535639276807,3.702688853898545,-0.6992941593524452,2.5105466406063464
52.349619912,4.0662006065802565,0.2464324927764364,2.7982495406320758,3.3587659096801876,-0.8356442471482437,2.325319945638867,3.7028210328330586,-0.6993915997367675,2.5023309469684065
52.349959509,4.066417000561903,0.2463543996435642,2.789937499381073,3.358768218609923,-0.8356466837237628,2.32515205184791,3.702823734736301,-0.6993935916643895,2.5021630531774495
52.366486258,4.066633392278237,0.2462742799540629,2.7816261519748062,3.3589808072342895,-0.8358766738930792,2.308483601243644,3.703073500064484,-0.6995825537823652,2.4854946025731834
52.383153286,4.066846921391615,0.2461929714702172,2.773317781639204,3.359089688991493,-0.8359974884728919,2.300022300171575,3.7032019544869303,-0.6996823077852974,2.4770333015011143
52.400470371000004,4.067059494841982,0.2461098759473635,2.7650187729100475,3.3591988634375713,-0.8361207379029968,2.2914637590149223,3.703331125772907,-0.6997844070535455,2.4684747603444617
52.432888971000004,4.067274926149641,0.2460240353150705,2.756716253828523,3.359302145261686,-0.8362393040370765,2.283290269562819,3.703453671840017,-0.6998829338254348,2.4603012708923586
52.43328033700001,4.067486541098585,0.2459366493597559,2.748421193977032,3.359303749404089,-0.8362411604568812,2.2831597242959543,3.7034555778101406,-0.6998844787672557,2.4601707256254937
52.466262952,4.067700061790715,0.2458478306954811,2.7401132754328885,3.359556595880859,-0.8365404714380407,2.2623979737478868,3.7037571785062915,-0.7001345895913691,2.439408975077426
52.482914579,4.067908813198401,0.2457584214813319,2.7318072676453644,3.359608787923684,-0.8366035196034362,2.2581434946126127,3.7038196570477795,-0.7001874621962563,2.435154495942152
52.499591135,4.068121375150577,0.2456654315940881,2.723503123861573,3.359709988251768,-0.8367278586563975,2.249810139488252,3.7039411706855967,-0.7002920382084198,2.4268211408177915
52.516250277000005,4.068332027975132,0.2455707749761942,2.7151977769487763,3.359810709243867,-0.8368537371019706,2.2414301599448647,3.704062483546009,-0.7003982139646356,2.418441161274404
52.532900281,4.068540771735404,0.2454746900462293,2.7068897084427634,3.359909811077861,-0.8369797420204801,2.2330973379331702,3.704182224818981,-0.700504799332001,2.4101083392627096
52.549568471,4.06875142053194,0.2453764571519539,2.698578063636094,3.3600527187609295,-0.8371656698995412,2.220577705579495,3.704355639167573,-0.7006626576412369,2.3975887069090343
52.549929809000005,4.068962066687229,0.2452761977013311,2.6902641270600185,3.360053795050949,-0.8371670866870814,2.2204852202610947,3.7043569481193166,-0.7006638627688119,2.397496221590634
52.566461819000004,4.069166989899873,0.2451748719627703,2.6819493078424963,3.3601134438532365,-0.8372458518550531,2.2153494106446914,3.704429534480707,-0.7007308937425487,2.3923604119742308
52.599574472,4.069370958407733,0.2450727128589901,2.6736379335133145,3.3603399674647765,-0.837553716162317,2.1954482046456523,3.7047067297604537,-0.700994059384604,2.3724592059751917
52.616247460000004,4.069575877538217,0.2449680492627151,2.665333609930688,3.3603880186138873,-0.837620383914978,2.191141890425415,3.704765769478246,-0.7010512241805773,2.3681528917549546
52.632980653000004,4.069778888412472,0.2448624341910169,2.6570245513411184,3.36048104065504,-0.8377517470092498,2.182774590283107,3.7048804694695217,-0.701164154578072,2.3597855916126464
52.649652950000004,4.069980942815661,0.2447545552436629,2.648708664445289,3.3605686510950723,-0.8378776840829476,2.174473232167906,3.704988886961609,-0.7012726966581316,2.3514842334974455
52.666262658,4.070182995459721,0.2446450073672405,2.6403965796238413,3.3606619485275693,-0.8380142018016213,2.16626308022658,3.7051047657089438,-0.7013906526428826,2.3432740815561193
52.682919326000004,4.070382186073921,0.2445347475332976,2.6320889355341524,3.3607529361176143,-0.8381497258922165,2.1577208152036196,3.705218195740412,-0.7015080372612743,2.334731816533159
52.699603415000006,4.070585188037091,0.244421503072224,2.6237769401069304,3.3608379669538437,-0.8382787322966652,2.1493615491847162,3.705324614409042,-0.7016200549494567,2.3263725505142556
52.716263048,4.070785326305255,0.244305877724491,2.615466114502323,3.3609238201637144,-0.8384113929305219,2.1411448312959642,3.7054324860674503,-0.7017355249573917,2.3181558326255036
52.732921078000004,4.070982603163648,0.2441900172560263,2.607151683891385,3.361053394251954,-0.8386165035562209,2.128533760001715,3.7055961530192594,-0.7019146141586388,2.3055447613312543
52.733263922000006,4.071181784374878,0.2440712935678832,2.5988394311163234,3.3610542967488546,-0.8386179508644204,2.128445100412465,3.7055972962678276,-0.7019158799328648,2.3054561017420045
52.749890712,4.071379056172963,0.2439510223586173,2.590521540296624,3.3610984054820796,-0.8386887082858476,2.1241109901556605,3.7056531753141666,-0.7019777647065494,2.3011219914852
52.782926117,4.071573465838008,0.2438295623546549,2.5822003273274707,3.361304104743319,-0.8390298890328142,2.103402032364629,3.705915738263828,-0.7022773931191544,2.2804130336941686
52.799582674,4.071767875033138,0.2437081023510446,2.5738806022741207,3.3613453774088913,-0.8390999340257319,2.0991760197436555,3.7059687001075647,-0.7023390759941218,2.276187021073195
52.799985963000005,4.07195942211515,0.2435855727620362,2.565568256187007,3.3613463921114697,-0.8391016571085947,2.0990721959999536,3.70597000236916,-0.7023405934757899,2.276083197329493
52.832957917,4.072148106530867,0.2434616159601043,2.5572607457220404,3.361545698691307,-0.8394516573901815,2.078274867082097,3.706227825541633,-0.7026500292875723,2.2552858684116366
52.833435257000005,4.072335834965357,0.2433355144914629,2.548960872339999,3.3615467936233134,-0.8394536273048003,2.0781518949826783,3.706229250243152,-0.7026517756166609,2.2551628963122177
52.849832059,4.072525468483103,0.2432072650584758,2.5406504291953023,3.361584404934563,-0.8395212945859062,2.0739277587994778,3.7062781892566794,-0.7027117626537699,2.250938760129017
52.882919593000004,4.072714145361737,0.2430768709592721,2.5323405392313227,3.3617723438249554,-0.8398716299621632,2.053099802222783,3.706524881372664,-0.7030235300386742,2.2301108035523223
52.883176583,4.072900914195603,0.2429455253844868,2.524024555424108,3.3617728925809893,-0.8398726783875247,2.0530357554666008,3.706525606169264,-0.7030244654523861,2.23004675679614
52.899814314000004,4.073086726464423,0.242811915934116,2.5157179689001072,3.3618084194702678,-0.839940554254826,2.048889319026335,3.7065725300606713,-0.7030850248582526,2.2259003203558745
52.932914343,4.073271584192926,0.2426774731184026,2.5074174741397792,3.361991027421346,-0.8403023583194658,2.027956044602705,3.7068159940355896,-0.7034090204414072,2.2049670459322446
52.94958684,4.073453579741399,0.242541841508028,2.499120755772604,3.3620252581258714,-0.8403719624391632,2.023723810064837,3.7068619463205175,-0.7034715093373894,2.2007348113943763
52.949848238,4.073638433280988,0.2424037032067403,2.4908111431101148,3.362025794808391,-0.8403730537200721,2.0236574554183955,3.7068626667786093,-0.7034724890630077,2.200668456747935
52.966544942000006,4.073819470863341,0.2422647348380101,2.4825023606231165,3.36212931910079,-0.8405896156797609,2.0111801570809495,3.7070027074211516,-0.7036674377227552,2.188191158410489
52.983182924000005,4.074003364822228,0.242121471639877,2.474196221272927,3.3621642457672802,-0.8406637459371294,2.006920572838456,3.7070501417920814,-0.703734259482266,2.183931574167995
53.016319592,4.07418249156482,0.241979167611393,2.465885138654337,3.3623293962313867,-0.8410284914580666,1.986107663580941,3.707276939018817,-0.7040642246149442,2.1631186649104803
53.016786742,4.07435875671325,0.2418365092530021,2.4575813479476154,3.3623303020346165,-0.8410305462477989,1.9859909375289408,3.707278192492302,-0.7040660877962445,2.1630019388584802
53.033833894000004,4.074535972307062,0.2416909887743093,2.4492889813703065,3.3623638927356687,-0.8411068060499831,1.9816519311385896,3.707324686760472,-0.7041352410727664,2.158662932468129
53.049969779,4.074714137930481,0.2415423677569994,2.441002681688321,3.3624226921493485,-0.8412432801869144,1.9735437507312206,3.707406598866446,-0.7042592288463374,2.15055475206076
53.082912537000006,4.0748884886631735,0.2413933935087011,2.4327025694335944,3.362577611079424,-0.8416180649707108,1.952663236632982,3.7076250922272687,-0.704600878023619,2.1296742379625213
53.083273355,4.075063790152316,0.2412421531864345,2.4244026332175688,3.362578237374432,-0.8416196252782858,1.9525714991920644,3.707625983487602,-0.7046023036673977,2.129582500521604
53.116258524,4.075237183298396,0.2410897229701831,2.4160917012178977,3.362696218176846,-0.8419207932672054,1.9359536385320215,3.7077951528611988,-0.7048779907188258,2.112964639861561
53.132928888,4.07540866840533,0.2409369373249124,2.4077776239006297,3.3627258449567483,-0.8419983289736972,1.931639106906215,3.707837969818328,-0.7049490979621331,2.1086501082357545
53.149621464000006,4.07557919750754,0.2407820070129498,2.399458258116358,3.3627792538077537,-0.842141664471032,1.923362038700656,3.707915783796031,-0.7050807890971269,2.1003730400301954
53.166258453000005,4.075746865019163,0.2406266031617642,2.391150793163097,3.362833378255722,-0.8422907043017244,1.9150499472998987,3.7079953066541322,-0.7052179694238512,2.092060948629438
53.166587070000006,4.075923100563235,0.2404580764045652,2.382872232321952,3.36283444749152,-0.8422936495004442,1.9148857595393105,3.7079968777968566,-0.705220680322453,2.09189676086885
53.199581046000006,4.076062187066503,0.2403220174162925,2.3746959494895377,3.362993067817728,-0.8427541852599253,1.8899062260371347,3.708234114441196,-0.7056460887946651,2.066917227366674
53.21623091,4.076193635610308,0.2401915700657758,2.366569077327157,3.363031707331717,-0.8428727424548415,1.8818343257020107,3.70829302669793,-0.7057559895067385,2.05884532703155
53.216478191,4.076342241553253,0.2400458441440726,2.358369359981235,3.3630322770836036,-0.8428744922203699,1.8817145758343718,3.7082938956599465,-0.7057576116046487,2.0587255771639112
53.249658783,4.076500371464935,0.2398898552389789,2.3501291504364707,3.3630978677615277,-0.8430836858304012,1.8691536353380327,3.7083952979444086,-0.7059519867064861,2.046164636667572
53.250109292000005,4.076659449925468,0.2397292160753046,2.3418669924212128,3.363098482477987,-0.8430856851549797,1.869041347027526,3.708396255112772,-0.7059538465462158,2.0460523483570654
53.266471358000004,4.07681471300901,0.2395679852623796,2.333590278243161,3.363120808405491,-0.843158298755841,1.8649631404933071,3.7084310185734997,-0.7060213941876785,2.0419741418228465
53.283173161,4.076969021069551,0.2394055634565337,2.325301840628703,3.363188923256013,-0.8433888928654191,1.8524643209043443,3.7085386739615642,-0.7062363909170825,2.0294753222338837
53.299909791000005,4.077125232872039,0.2392402784314672,2.31699861189314,3.36322447614495,-0.8435132188517319,1.8456408598884515,3.708595563638911,-0.7063525137976695,2.022651861217991
53.31643068,4.077277627565476,0.2390726136187481,2.308704475968266,3.3632943227308205,-0.8437672997296864,1.8317154780513185,3.7087090594426755,-0.7065903253630478,2.008726479380858
53.333174924000005,4.077432880430846,0.2389026805336072,2.300400213875926,3.363333354813723,-0.8439159614926367,1.8234052122584163,3.7087736591895055,-0.7067297911150039,2.0004162135879557
53.349802215000004,4.077584318955089,0.2387328710543194,2.2920845795408877,3.3633736690925793,-0.8440748981924181,1.814872885378163,3.7088413303910306,-0.706879145472494,1.9918838867077024
53.36644725,4.077732893938071,0.2385610383161971,2.283777677623938,3.3634116382723183,-0.8442301260195764,1.8065662198339503,3.708906040048757,-0.7070252618546394,1.9835772211634897
53.399602985,4.077879561693538,0.2383892077763873,2.275476657118221,3.363448924404909,-0.84438824194261,1.7981218715785863,3.708970585891576,-0.7071743414809306,1.9751328729081257
53.399875534,4.078023369138434,0.2382180957895286,2.267181933291567,3.3634492978225836,-0.8443898491190903,1.7980373265239322,3.708971236478987,-0.7071758577899425,1.9750483278534716
53.416550917,4.078166222545626,0.2380466272742039,2.2588835141173296,3.3634966407235973,-0.8446003811825195,1.787045477172458,3.7090549118043814,-0.7073747636468908,1.9640564785019974
53.433182487,4.078307167927969,0.237874326492596,2.250583545880312,3.363551860789071,-0.8448598719752237,1.7730286814448073,3.7091549622571183,-0.7076204761496989,1.9500396827743467
53.466271054,4.078447155391185,0.2376986889525974,2.242281811089262,3.363598596100988,-0.8450961265279971,1.7605100232445112,3.7092425689108697,-0.7078448095562719,1.9375210245740506
53.466676015000004,4.078587142284879,0.2375224553664589,2.233978022819838,3.363598967054205,-0.8450980594021872,1.760407718285352,3.7092432744238124,-0.7078466469077382,1.9374187196148913
53.483135577000006,4.078725221056169,0.2373455087234236,2.2256710274203715,3.3636140443763862,-0.8451766207020872,1.7562495528862474,3.7092719498617557,-0.707921325704896,1.9332605542157868
53.516227640000004,4.078862342233698,0.2371653445310671,2.2173737100762168,3.3636694646022587,-0.845486508188035,1.7394880482336355,3.7093810716037456,-0.708216612177339,1.9164990495631749
53.516621861000004,4.078997557266565,0.2369858977920917,2.2090733124893065,3.363669988702156,-0.8454896312763586,1.739323438182975,3.7093821374528733,-0.7082195941778447,1.9163344395125144
53.533202934,4.079134673638665,0.2368014420680564,2.2007718777905083,3.3636961873157856,-0.8456475623312047,1.7309978705528009,3.7094357364726043,-0.7083704442044434,1.9080088718823403
53.549891452000004,4.079270836043546,0.2366166298155022,2.19246811707125,3.363726780207867,-0.8458444965290303,1.7202446550098651,3.7095005290958154,-0.7085589141471307,1.8972556563394045
53.566488306000004,4.079401276480356,0.236431943367413,2.1841677136627373,3.363765497685286,-0.8461136990080813,1.7061073238961928,3.7095860449351807,-0.7088170924944074,1.8831183252257322
53.599613502000004,4.079529807876377,0.2362458286072352,2.1758692666286192,3.3637961478568177,-0.8463509992579974,1.6935088485044663,3.7096580019230463,-0.7090452876598304,1.8705198498340057
53.616231877000004,4.079658338514912,0.2360591178010583,2.167561047933217,3.363805633943326,-0.8464279785388421,1.6893109818222074,3.709680894916954,-0.7091193937078059,1.8663219831517468
53.632901869,4.0797830547147615,0.235872649810121,2.1592525126168898,3.3638247867246838,-0.8465947532845256,1.6809765052869645,3.7097291154681122,-0.7092801899244204,1.857987506616504
53.63326866800001,4.079908722536831,0.2356840349538799,2.1509415500825253,3.363825169752051,-0.8465982420524613,1.6807921511756678,3.7097301068408672,-0.7092835567317706,1.8578031525052072
53.649820746,4.0800324836503385,0.2354961375514424,2.1426330935039326,3.3638418473736817,-0.8467556292845043,1.6721728920596455,3.7097742378789493,-0.709435547966226,1.8491838933891849
53.666627500000004,4.080155284673388,0.2353028768339147,2.1343217073056966,3.363871247122558,-0.8470699931907597,1.655760712839462,3.709858533973301,-0.7097398228078861,1.8327717141690014
53.699557885000004,4.080277132757932,0.235110213261604,2.126015069067051,3.3638841451200037,-0.847229306522859,1.6474524625551847,3.7098992836092743,-0.7098943755926901,1.8244634638847241
53.699846254,4.080397071121837,0.2349152869125208,2.117710675254803,3.363885440453983,-0.847247036510714,1.6465283942383113,3.7099036807422565,-0.7099116004462741,1.8235393955678507
53.716501269000005,4.080515103236373,0.2347214356448371,2.109409975993376,3.3639059900518973,-0.8475485838702896,1.6308173797273486,3.7099770081334444,-0.710204817413285,1.807828381056888
53.733085077000005,4.080629319102528,0.2345262774726759,2.101098774534172,3.363914963053522,-0.8477091171798732,1.622459779229323,3.7100141089274294,-0.7103612622576543,1.7994707805588623
53.74978129,4.080745439679579,0.2343288521271346,2.0927892418958933,3.3639223535079856,-0.8478646929674345,1.6139699872269802,3.7100487789419887,-0.7105131057118528,1.7909809885565195
53.782914402,4.080859651926339,0.2341305945155389,2.0844775214466327,3.363928396435667,-0.848019540076059,1.6055821365376692,3.71008199417399,-0.7106644691565395,1.7825931378672086
53.799563965000004,4.08096909632037,0.2339325808181895,2.0761706456201985,3.363933494573945,-0.8481861907280472,1.5972406912135275,3.7101163578426517,-0.7108276180734778,1.774251692543067
53.816208289,4.081080444141707,0.2337312270646019,2.0678640685030456,3.363936921007777,-0.8483399205098876,1.5889258445439882,3.7101468007171294,-0.7109783423836172,1.7659368458735276
53.816521686,4.081187026894583,0.2335328590373807,2.059553617048441,3.363936979342113,-0.8483428890736973,1.5887688410500944,3.710147380868631,-0.7109812542899039,1.7657798423796338
53.849565387000006,4.081293607660521,0.2333325836626351,2.0512587710116432,3.363939933906405,-0.8487486773785471,1.568003084884623,3.7102217437457963,-0.7113801816520925,1.7450140862141623
53.849878193,4.081397327197504,0.2331323115856488,2.042956727338875,3.363939929387352,-0.848750215291895,1.5679231433389225,3.7102220101055505,-0.7113816963303978,1.7449341446684619
53.882932785,4.081500090816596,0.2329301332605322,2.034663539149902,3.363937882337539,-0.8489917561678881,1.5553672262758367,3.710262527508905,-0.71161982345026,1.732378227605376
53.883335622000004,4.081599039682361,0.2327277209136376,2.0263603111584265,3.363937815849153,-0.8489956468470282,1.5551649565564887,3.7102631471616228,-0.7116236650430791,1.732175957886028
53.916239116,4.081698941533624,0.2325247114214909,2.018055692419113,3.363930226654494,-0.8493134318754236,1.5386415402651652,3.7103116347050693,-0.7119378208615486,1.7156525415947046
53.932885755,4.081795981602756,0.232321347599578,2.009754188399904,3.3639176642390205,-0.8496244538626493,1.5221422620130367,3.710354035846309,-0.7122461950401724,1.699153263342576
53.933171679000004,4.081891110902615,0.2321146481178585,2.001444213010952,3.3639175443120717,-0.849627131069299,1.521997218167992,3.7103543892174424,-0.7122488515316104,1.6990082194975313
53.949984444,4.081985284830609,0.2319066384341661,1.993145708619027,3.3639130079969988,-0.8497128150781135,1.517695462014152,3.7103650117167324,-0.7123339954687393,1.6947064633436915
53.982902025,4.082078504626916,0.2316982722220782,1.984841690253798,3.363893865893172,-0.8500241728395298,1.5010764006429582,3.7104009951069195,-0.7126438587795132,1.6780874019724976
53.983235300000004,4.08216886249092,0.2314890748430833,1.976543954291948,3.3638937448879562,-0.8500259009895101,1.5009897536323846,3.710401180299077,-0.7126455812337162,1.678000754961924
54.016253282,4.082256361056719,0.2312813112721609,1.9682436811381876,3.363875275166734,-0.8502705470423927,1.4884055814160462,3.710426078429457,-0.7128896568467884,1.6654165827455856
54.016581718000005,4.08234195133922,0.2310727154351489,1.9599457299801075,3.3638750137945066,-0.8502737144464705,1.4882403777386104,3.710426378883396,-0.7128928207828599,1.6652513790681498
54.049591995,4.082427541551233,0.2308641195981898,1.9516442197218689,3.363837899111489,-0.8506702956765253,1.4675354856672396,3.7104596773625946,-0.71328974065262,1.644546486996779
54.049933135,4.082509316708048,0.2306551705303655,1.9433466234600312,3.3638377267158255,-0.8506719570282022,1.4674486644067244,3.7104598002049256,-0.7132914064015268,1.6444596657362638
54.066470876000004,4.082591090648183,0.2304452677889463,1.9350464656170892,3.363829369341037,-0.8507524958209028,1.4632397545173106,3.71046575533961,-0.71337215836258,1.64025075584685
54.099647360000006,4.082670952528304,0.2302311949234944,1.9267441597102808,3.3637819880168824,-0.8511508158571517,1.442388580607572,3.71048925378296,-0.7137725977017014,1.6193995819371114
54.100034177000005,4.082747956872926,0.2300201055858674,1.9184389625152496,3.3637817454830885,-0.8511526928097708,1.442290204898372,3.710489345547863,-0.713774488033148,1.6193012062279113
54.116591966,4.082824957829537,0.229806036017946,1.9101404826002428,3.3637678206690143,-0.851258723985202,1.4366629477014543,3.7104943091422404,-0.7138813144032127,1.6136739490309937
54.149592475000006,4.082898144685601,0.229592686102264,1.901843514939417,3.363715022842667,-0.8516224156940438,1.417230226978723,3.7105063780840455,-0.714248620284177,1.5942412283082623
54.166256697,4.082970377249081,0.2293788604489937,1.8935454316047824,3.363702599982214,-0.8517026327094452,1.413010816750992,3.7105082745975086,-0.7143297713794157,1.5900218180805314
54.166672619,4.083040701097139,0.2291637256927042,1.88524519577374,3.3637020939011384,-0.8517057729418607,1.412845479215747,3.7105083293817125,-0.7143329516587067,1.5898564805452864
54.183125879,4.083112931080661,0.2289473966457874,1.8769325980873248,3.3636765079420807,-0.8518623131957666,1.4046004967302146,3.710510708089479,-0.7144915512619319,1.581611498059754
54.216261145000004,4.083180390931842,0.2287297617937515,1.8686233858565329,3.363607319128554,-0.8522489049925657,1.383855669566758,3.7105106745951515,-0.714884285660919,1.5608666708962975
54.232904517,4.083247850240571,0.2285114116862422,1.860312243645477,3.363592488386064,-0.8523272500497358,1.3797109456313885,3.7105098712216273,-0.7149640180476683,1.556721946960928
54.24955399,4.08331054118324,0.2282931862840504,1.851997220163649,3.3635609895126866,-0.8524865027795706,1.3712725634203666,3.7105069070424648,-0.7151263289364769,1.548283564749906
54.266286532,4.083373230520525,0.228073649580615,1.843681723430759,3.36352818887163,-0.8526452864802492,1.3628446710116622,3.710502578846063,-0.7152884073507424,1.5398556723412016
54.266661667,4.0834321085829,0.2278569782949415,1.8353681560416264,3.3635274560294075,-0.85264873148906,1.362655323095078,3.710502464079883,-0.7152919275740526,1.5396663244246174
54.299621418,4.083490984839153,0.2276386380802349,1.8270628628255856,3.3634410332358304,-0.8530369216154386,1.3419211789926981,3.710485747343276,-0.715689270026082,1.5189321803222375
54.299997836,4.0835479530869065,0.2274197040178594,1.8187627621877431,3.363440612581162,-0.8530387263253115,1.3418248550174772,3.7104856510494617,-0.7156911206085785,1.5188358563470166
54.316560945000006,4.083600152505832,0.2272006562425215,1.8104656385133808,3.3634155192464523,-0.8531453299941423,1.3360584730811818,3.7104797214471157,-0.715800477169749,1.5130694744107211
54.333238342,4.083654257514196,0.2269798181303987,1.8021704617168468,3.363366765288263,-0.8533440175431101,1.32510002557152,3.7104667158051288,-0.7160046451002143,1.5021110269010594
54.366260832,4.083704548116568,0.2267596996707441,1.7938774201269092,3.363286314404766,-0.853653891405873,1.3084583938133898,3.7104420871042656,-0.7163238434438391,1.4854693951429292
54.366581704000005,4.083753883435436,0.2265376749624838,1.7855857722380342,3.3632858996931443,-0.8536554347575662,1.3083753241482503,3.7104419506385766,-0.7163254357055305,1.4853863254777897
54.383167266,4.083802265286119,0.2263158897718974,1.777292015349167,3.3632591156234217,-0.8537544535846895,1.3030432922835269,3.7104330211197976,-0.7164276236608391,1.4800542936130663
54.416234531,4.083845878284478,0.2260939908683662,1.768997987927753,3.3631565868075812,-0.8541138695565271,1.2832173229294241,3.710395383241571,-0.7167994776496738,1.4602283242589635
54.416488505000004,4.083891398792302,0.2258720897663111,1.760702151094092,3.3631562363114154,-0.8541150542529832,1.2831531035168542,3.7103952468330252,-0.7168007055527498,1.4601641048463936
54.433197823,4.08393214934298,0.2256485252310659,1.7524091500023846,3.3631234154087855,-0.8542249838295037,1.2771896428489313,3.710382296063187,-0.7169146967848863,1.4542006441784707
54.44986191500001,4.083970993138104,0.2254256781496596,1.7441170047097945,3.363038613505863,-0.85449846873731,1.2623059499537161,3.7103469766692476,-0.7171988409348329,1.4393169512832555
54.466492352,4.084008881219652,0.2252011632385964,1.735822145087183,3.3629894440636097,-0.8546505648967226,1.253997082334215,3.710325357847485,-0.717357218655189,1.4310080836637544
54.483169969,4.084044864205172,0.2249784386639485,1.7275165612787695,3.3629392705136207,-0.8548014720842844,1.245730678916222,3.710302541243997,-0.7175146027934671,1.4227416802457613
54.516283283,4.084080843932933,0.2247530914868486,1.7192149393651033,3.362861789616476,-0.8550261459705714,1.2330470195761594,3.7102658334222443,-0.7177494094808162,1.4100580209056988
54.532931013,4.084114915411613,0.2245265544156935,1.7109089677947271,3.362835101471102,-0.8551021169490642,1.2288614441905334,3.710252939877744,-0.7178288928324494,1.4058724455200728
54.549650611000004,4.0841442173473945,0.2242994267948577,1.7025990904016064,3.362780334907815,-0.855253977524783,1.2204700414229261,3.7102257699097527,-0.7179880242364881,1.3974810427524655
54.566245921000004,4.084172568700393,0.2240750420851134,1.694291320801344,3.362725584993524,-0.855401891334533,1.2122716321537474,3.710197921352203,-0.7181432676133903,1.3892826334832868
54.566597341000005,4.084199967722201,0.2238513737294444,1.6859810698715014,3.3627244256339903,-0.8554050229599764,1.2120980522450875,3.710197331550221,-0.7181465544547416,1.3891090535746269
54.583178975,4.0842245036078015,0.223626278161204,1.6776705678310142,3.3626618802889667,-0.8555694163255264,1.202919311690148,3.7101647112232787,-0.7183193925671219,1.3799303130196874
54.61625019900001,4.0842480866994455,0.2234016605287588,1.6693652957712315,3.362551850630067,-0.8558483003677765,1.186973422681855,3.7101055089949435,-0.7186132937937599,1.3639844240113943
54.632938506,4.084268807781152,0.2231764501480916,1.661058228153933,3.3624909812815087,-0.8559972244445045,1.1786106542592405,3.7100718145188214,-0.7187706092110022,1.35562165558878
54.649597328000006,4.084288575794101,0.2229514792847989,1.6527472557667076,3.362429179419451,-0.8561448919145715,1.1702897187561367,3.7100369808268256,-0.718926851861299,1.3473007200856761
54.666281939,4.084307388317707,0.2227251982196214,1.64444276325814,3.362362683511362,-0.8563001255279107,1.16183862210233,3.7099988587435786,-0.7190913689949714,1.3388496234318694
54.66661872,4.084324291010345,0.2224964159591274,1.6361355356712608,3.3623614341762615,-0.8563030050560403,1.1616699034315658,3.7099981359806207,-0.7190944235218004,1.3386809047611052
54.699594191,4.084337380513671,0.2222693070246966,1.6278278576964298,3.3622034418082136,-0.8566566132546158,1.1410100461474517,3.7099048785209776,-0.7194703269571161,1.3180210474769911
54.699949188000005,4.084348564595603,0.2220438692176116,1.619515136169792,3.362202676129916,-0.8566582830637864,1.140918908055406,3.709904418840326,-0.719472105501358,1.3179299093849455
54.732923106,4.084360700594475,0.221816642172942,1.6112034432362206,3.3621032721417357,-0.8568720422250511,1.1284775907220856,3.709844208535762,-0.719700028407436,1.305488592051625
54.733213589,4.084369021420671,0.2215890618974952,1.6028853501806617,3.362102148170542,-0.856874440234283,1.1283330886354506,3.7098435243880936,-0.7197025868642927,1.30534408996499
54.766258192,4.084375436161968,0.2213625567033247,1.5945664642133428,3.3619619303384063,-0.8571640979650607,1.111603093237406,3.709756502812376,-0.7200124092114656,1.2886140945669453
54.782907265000006,4.084381849569107,0.2211350978356473,1.5862447910647104,3.361890007172682,-0.8573080414408146,1.1032388380525173,3.709711050217018,-0.7201667682978687,1.2802498393820567
54.783316965000004,4.084384448521214,0.220907643364595,1.5779230044941643,3.361888220562678,-0.8573115622408767,1.1030336098356877,3.7097099114947283,-0.720170548684083,1.280044611165227
54.816254154000006,4.084385138472376,0.2206789990000509,1.5695965750814251,3.361705408926565,-0.85766402100742,1.0823945239491772,3.7095920201813026,-0.7205496910249398,1.2594055252787166
54.832937311,4.084382970911536,0.2204533381633141,1.5612779986285947,3.361666942763507,-0.8577363929940217,1.0781342473819198,3.709566898917981,-0.7206277055894404,1.2551452487114592
54.849610641000005,4.084380801709043,0.2202260083974209,1.5529636573547696,3.361590600134479,-0.8578771908364144,1.069808917333698,3.709516542007504,-0.7207797464096058,1.2468199186632374
54.849921463,4.08437767645126,0.219996653174187,1.544643898540628,3.361589166612199,-0.857879815449446,1.0696534647332747,3.7095155930478914,-0.7207825824376992,1.2466644660628141
54.882919828000006,4.084369784241258,0.2197688531669709,1.5363277702856868,3.3613957521960325,-0.8582239916271375,1.0488923937616779,3.7093858061639495,-0.7211554386330721,1.2259033950912173
54.899621100000005,4.084361894008999,0.2195424836700329,1.52801792573609,3.3613524469182003,-0.8582992658446026,1.0445488863144332,3.70935643244808,-0.7212371621897685,1.2215598876439726
54.916263811,4.084352096887362,0.2193165932084073,1.5197066962413226,3.361271513357416,-0.858437260833055,1.0362337407011477,3.709301062792693,-0.7213872523605378,1.213244742030687
54.916607085,4.08434039310773,0.2190913009912341,1.5114039924844234,3.3612698388276323,-0.8584400830790152,1.036063158941305,3.7092999113922605,-0.7213903253719761,1.2130741602708444
54.949606421000006,4.084327736141863,0.2188662482915235,1.5030961751860348,3.3610640529580404,-0.8587791846576553,1.0154443494916734,3.7091570527897186,-0.721760364727234,1.1924553508212128
54.94998351,4.08431126278664,0.2186398886874409,1.4947879360655223,3.361063080438021,-0.8587807512911485,1.015348500637712,3.709156371331361,-0.7217620781303382,1.1923595019672515
54.982910468,4.084294789934025,0.218414005920235,1.4864766624388286,3.36093534787185,-0.8589840157052985,1.0028696613630625,3.7090664270996037,-0.7219846586004921,1.179880662692602
54.983249494000006,4.084274503996805,0.2181894388510738,1.478172603978768,3.3609335693985765,-0.8589868278531791,1.0026967056038583,3.709065171601708,-0.7219877399748479,1.1797077069333977
54.99983803200001,4.084253262875686,0.217963561579799,1.4698584793786382,3.3608280433345814,-0.8591501112473032,0.992537155226084,3.708990046701891,-0.7221670538516296,1.1695481565556234
55.016476555000004,4.0842291589437245,0.2177363763050222,1.461552927167636,3.360715773942997,-0.8593200554269803,0.981807226809428,3.708909456727791,-0.7223541118548463,1.1588182281389674
55.04960134,4.084205057448696,0.2175109791681193,1.4532516163313531,3.3605791800660736,-0.8595219772777961,0.9692593091339159,3.708810553239047,-0.7225769311111151,1.1462703104634553
55.049911421000004,4.084178095458706,0.2172861813749923,1.4449427537446056,3.3605774427926294,-0.8595245179482134,0.9691036983461601,3.7088092904932664,-0.7225797379952028,1.1461146996756995
55.082908163000006,4.084149225228835,0.2170606705250565,1.4366318788398609,3.3603499489215998,-0.8598483565360466,0.9483389378280007,3.7086423754588784,-0.7229385753728841,1.1253499391575401
55.083224345000005,4.084117495261488,0.2168363550648957,1.4283251864878657,3.360349078654013,-0.8598495689075937,0.9482575087889327,3.708641732273897,-0.7229399220441584,1.125268510118472
55.116243710000006,4.084084813991663,0.2166137096325459,1.4200127217005911,3.3601600556878632,-0.8601083458171238,0.9316035397399167,3.7085012304286424,-0.7232279401028249,1.1086145410694561
55.132948539000004,4.0840521296014805,0.2163885608069544,1.411705090602572,3.3601132996915384,-0.8601712325483648,0.9273277786770162,3.708466278625223,-0.723298077365362,1.1043387800065556
55.133388557,4.084014678564524,0.2161649671971519,1.4034038844639531,3.3601114217739076,-0.8601737293661037,0.9271626362380063,3.7084648697109697,-0.7233008658477584,1.1041736375675457
55.149921549000005,4.08397626900265,0.2159370831549062,1.3950945825133692,3.3600052362961934,-0.8603138412738253,0.9180243142988935,3.7083850154788247,-0.7234574864210283,1.095035315628433
55.182922188000006,4.083935002266913,0.2157126594774675,1.3867896005369702,3.359724488299695,-0.8606720897178021,0.8939671938348264,3.7081717376109418,-0.7238595733969688,1.0709781951643658
55.183316439,4.083892780696138,0.2154870448069671,1.3784776127319778,3.359722080475458,-0.8606751111849169,0.8937663662633701,3.708169899454679,-0.7238629716410204,1.0707773675929095
55.216281741,4.083848654242847,0.2152639357286018,1.3701651509369983,3.359570586148102,-0.8608609403336857,0.8813036734346138,3.7080534946108843,-0.7240725734446729,1.0583146747641532
55.232944550000006,4.083802620113572,0.2150401135930053,1.3618545211128437,3.3595187735638756,-0.8609237704793014,0.8770704941676648,3.7080135552676468,-0.7241435454105756,1.0540814954972042
55.233352928,4.083755633136199,0.2148170078118712,1.3535471295960653,3.3595168343946686,-0.8609260942165183,0.8769131709320739,3.7080120555814937,-0.7241461743026062,1.0539241722616133
55.249775399,4.083705783140097,0.2145924748180777,1.3452291148628055,3.359416090376216,-0.8610461986771615,0.86876461588529,3.7079340347098797,-0.7242821418807746,1.0457756172148294
55.266387031,4.083654029622706,0.2143712818805926,1.3369188108491226,3.359202318167694,-0.8612946635923603,0.8520502548930189,3.7077673545244267,-0.7245643671223783,1.0290612562225583
55.299572001,4.083601323264368,0.2141505668789381,1.328610008470026,3.35909440874283,-0.8614169741409724,0.8435784150174546,3.707682668675833,-0.7247037680596933,1.0205894163469935
55.299853217000006,4.083548619426223,0.213931997643035,1.3203031736929016,3.3590934222966835,-0.8614180887518477,0.8435010454376011,3.7076818939131617,-0.7247050389555216,1.0205120467671405
55.33289776,4.083493054178306,0.2137131932864001,1.3119919414177768,3.358775023439498,-0.8617669365825983,0.8185521284909107,3.7074298981654232,-0.7251045020757192,0.9955631298204501
55.33314836700001,4.083435581628812,0.2134945103374465,1.3036863091586413,3.358773316858173,-0.8617687749537614,0.8184217415382014,3.7074285419656587,-0.7251066122298726,0.9954327428677407
55.349957996,4.083376201962132,0.2132760680053495,1.2953789170076682,3.3586627904815547,-0.8618858674885582,0.8100519843827163,3.707340361226725,-0.7252413375018694,0.9870629857122557
55.382919571,4.083313961234542,0.2130575097615726,1.287072170695366,3.358493756779908,-0.8620610545758627,0.7975681003015529,3.707204817131531,-0.7254435520070581,0.9745791016310923
55.399583522,4.083250765648419,0.2128377605247514,1.278759950565499,3.3584389123098854,-0.8621172354353871,0.793318768522941,3.707160722417524,-0.725508512464766,0.97032976985248
55.39993389000001,4.08318471144752,0.2126201603513706,1.2704506498706465,3.3584371944900226,-0.8621189772839559,0.7931924720456149,3.7071593381583536,-0.7255105295835194,0.9702034733751539
55.416546072,4.083118657957115,0.212403156224024,1.2621423579619806,3.358318746083605,-0.8622382785950927,0.7847808307482391,3.707063748115124,-0.7256488240933789,0.961791832077779
55.433180016,4.083048790339095,0.2121869909582505,1.2538394157369364,3.358183214923471,-0.8623721694688042,0.7747974534956792,3.7069539112941015,-0.7258044882645235,0.951808454825219
55.449814612000004,4.082977969236543,0.2119708267915364,1.245541155275761,3.35798001895494,-0.8625682414846333,0.7598022739703589,3.706788416324153,-0.7260332769266997,0.9368132752998983
55.482926943,4.082905243470085,0.211756929798167,1.2372345755111491,3.357806942808652,-0.8627304356250096,0.7472797134448932,3.70664660504692,-0.7262234133336176,0.9242907147744326
55.499577669000004,4.082830608897798,0.211541604492533,1.2289295087367342,3.3577506470729257,-0.8627825820204301,0.7430927476275659,3.7066003713230833,-0.7262846579186562,0.9201037489571053
55.499906746,4.082753113807053,0.2113268785306926,1.220623137441551,3.357749534470879,-0.8627836126168958,0.7430099984339122,3.706599457581836,-0.726285868327398,0.9200209997634516
55.516562302000004,4.082675617801498,0.2111113181043444,1.2123140360195352,3.3576000323247523,-0.8629194190318406,0.732793472459119,3.706476205383592,-0.7264458782322937,0.9098044737886584
55.533298811,4.082595264645574,0.2108992180427857,1.2040091638515706,3.357445789694201,-0.8630566257323615,0.7220581651715077,3.706348533347345,-0.7266081012852417,0.8990691665010466
55.549864335,4.082515865621341,0.2106874745096226,1.1957023164139775,3.35736622510267,-0.8631264580946197,0.7167216788154884,3.706282508644936,-0.7266908528514855,0.8937326801450283
55.5666458,4.082431697779002,0.2104752596355492,1.187395015713659,3.3572024727893637,-0.8632674013640955,0.7052941128618722,3.706146133485496,-0.7268584286290054,0.8823051141914116
55.599605671000006,4.082346576967514,0.2102638803253422,1.1790931084125136,3.3569599141599347,-0.8634704139639638,0.6886513241813503,3.7059431130732556,-0.7271009807195543,0.8656623255108897
55.616281926000006,4.082259551942114,0.2100546489788296,1.1707855539592962,3.3568960894280617,-0.8635229297563666,0.6843550005270052,3.7058895330446338,-0.7271639146959363,0.8613660018565445
55.632912744,4.082171574124805,0.2098466108239906,1.1624831691231403,3.3567732612985632,-0.8636222909437464,0.6761428688452287,3.705786120496134,-0.7272833518750992,0.8531538701747681
55.633158593000005,4.082080735038701,0.2096383375483141,1.154183939910587,3.356771436836108,-0.8636237667031561,0.6760208918954715,3.7057845844055968,-0.7272851258409803,0.8530318932250109
55.649881236000006,4.081985128049301,0.209430427396235,1.145873062055793,3.3566115014089566,-0.8637505061192476,0.6654135061698754,3.7056494653621,-0.7274380476004978,0.8424245074994148
55.682925438000005,4.081892383169445,0.20922370603887,1.1375592321511327,3.35632642062903,-0.8639699164530399,0.6467138252246603,3.7054074746781143,-0.7277042288442441,0.8237248265541997
55.699594719000004,4.081798686320034,0.2090181778725624,1.1292527084488075,3.356261644699856,-0.8640188181624994,0.6424949909888964,3.7053523219183124,-0.727763772704336,0.8195059923184358
55.716266044,4.081702129116635,0.2088132490499252,1.1209476650162076,3.356132764431664,-0.8641144371791417,0.6341533062407176,3.705242292847694,-0.7278805918957889,0.811164307570257
55.732910619,4.081603664933449,0.2086086800533549,1.112646692758011,3.3560032218519,-0.8642088757769001,0.6257531993095204,3.7051314039568246,-0.7279963657382591,0.8027642006390598
55.749628994000005,4.081503296193113,0.2084067358579893,1.104350638284369,3.355807774194574,-0.864348070407402,0.6133123243261065,3.7049635207971545,-0.7281678013722848,0.7903233256556459
55.74996938300001,4.081401974434586,0.2082049119706471,1.0960397968162126,3.3558064225339033,-0.8643490214475069,0.6132271113644641,3.704962357723787,-0.7281689755631524,0.7902381126940035
55.782960103,4.081277716807724,0.2079618680774657,1.0879232484222632,3.355529432517699,-0.8645402908862304,0.596634021124109,3.7047233761047007,-0.7284060309427687,0.7736450224536484
55.799614546,4.081200298747862,0.2078141376919926,1.0797941458453877,3.355439858022355,-0.8646011073081905,0.5923717278831395,3.704645910309537,-0.7284816700726935,0.7693827292126789
55.816245454000004,4.081099948198479,0.2076276906937283,1.071657753952247,3.355346375619574,-0.8646634663985048,0.5841193819854773,3.7045648693157647,-0.7285595159017594,0.7611303833150167
55.816488196,4.080998646429878,0.2074432713511525,1.063485739496408,3.35531912667804,-0.8646813244957513,0.5824950894901164,3.7045411907527366,-0.7285818931693522,0.7595060908196558
55.83317116400001,4.0808935279863965,0.207257664313732,1.0552977985138678,3.355138356182596,-0.8647989501374662,0.5716619895379647,3.704383957374106,-0.7287295123695139,0.748672990867504
55.849855544,4.080786497379719,0.2070674103151027,1.0470670094462518,3.3550597523732244,-0.864849394431566,0.5667596050523356,3.704315464433559,-0.7287930096352047,0.743770606381875
55.866481152000006,4.08067469783031,0.2068769233942832,1.0388333411145472,3.3548123691732488,-0.8650040948720013,0.5510484118554118,3.7040991876425635,-0.728988854021332,0.7280594131849512
55.883256205,4.080561944666118,0.2066860799446807,1.0305685532215094,3.354677779766327,-0.8650860427580627,0.542596871274577,3.703981131318834,-0.7290932210128234,0.7196078726041164
55.916269799000005,4.080434868384409,0.2064798749951741,1.0223573559110335,3.3544742277021617,-0.8652068155946704,0.5301213761693915,3.7038020265302682,-0.7292479497936013,0.7071323774989309
55.93295474000001,4.080324988452021,0.2063001147049574,1.014195390811963,3.3544010629075167,-0.8652496855197256,0.5259484526504297,3.7037375538606367,-0.7293030332985764,0.7029594539799691
55.949645653000005,4.080216074042755,0.2061302476796665,1.0060502409367205,3.3542812624429508,-0.8653185700128834,0.5178014945299907,3.7036317550857545,-0.7293919368639783,0.6948124958595301
55.950050664,4.080096652124346,0.205945730012862,0.9978835353660116,3.3542783264506855,-0.8653202559065428,0.5176021973829634,3.7036291618358437,-0.7293941134077785,0.6946131987125028
55.966516468,4.079981053226765,0.2057685989204399,0.9896873387495077,3.3541520784052863,-0.8653914546289825,0.509484231378285,3.7035174237355117,-0.7294864303833478,0.6864952327078244
55.983188855,4.079858772563326,0.2055858726892334,0.9814558006635468,3.353974451785912,-0.8654894728188322,0.49960980385102793,3.703359832469684,-0.729614194910454,0.6766208051805673
56.000013673000005,4.079734580291916,0.2053995723802221,0.9732014505964964,3.3538009049320556,-0.8655828708277421,0.4886590824955044,3.7032054436619095,-0.7297366930516058,0.6656700838250438
56.01652128600001,4.079607523681913,0.2052104143477804,0.9649336155322772,3.3537327508906754,-0.8656191018630051,0.4844815483068441,3.703144734420304,-0.7297843590694425,0.6614925496363835
56.049585036,4.079476654831629,0.2050234064779442,0.9566536486042816,3.353317455794898,-0.8658309961480799,0.4596511177508038,3.702773240608646,-0.7300660708947599,0.6366621190803432
56.049856733000006,4.079345788045921,0.2048380675369475,0.9483540680168456,3.3533150934052007,-0.8658321772700905,0.45951493907037033,3.7027711231141622,-0.7300676495496935,0.6365259403999097
56.066496809,4.079210148933044,0.20464939623415,0.9400731559208356,3.35317820544233,-0.865899201554836,0.4512011445449686,3.702648176282601,-0.7301577308781331,0.628212145874508
56.083174717000006,4.0790811999980745,0.2044733534133197,0.9317879254514267,3.353026392685441,-0.8659719786790251,0.4428366237407211,3.702511550872037,-0.7302561032327244,0.6198476250702605
56.099794855000006,4.078946523072926,0.2042921911916807,0.9234927573787232,3.3528935472270383,-0.866034303572121,0.43449768125982935,3.702391755871643,-0.7303408467634399,0.6115086825893687
56.116501277000005,4.078811849197649,0.2041135323633361,0.915195078361221,3.352746751997641,-0.8661016805118026,0.42609039682907124,3.7022591186787044,-0.7304330197878238,0.6031013981586106
56.149590745000005,4.078673361755079,0.2039358316054581,0.9069104457262188,3.3524489091022556,-0.8662338547781505,0.40947256417140476,3.701989204063962,-0.7306155753348899,0.5864835655009442
56.166297848000006,4.07853487819598,0.2037618263333831,0.8986330215570287,3.352374999467693,-0.8662655898536412,0.4051394650409432,3.7019220374787953,-0.7306598291362486,0.5821504663704826
56.166642255000006,4.078393531070076,0.2035850825466129,0.8903379606958921,3.352373526503394,-0.866266221414016,0.4050527246758122,3.7019206987406714,-0.7306607101995652,0.5820637260053516
56.199584663,4.078247413989073,0.2034073905825308,0.8820349764058661,3.352095188866088,-0.86638281126568,0.3884738540583612,3.7016672403734523,-0.7308244902042627,0.5654848553879006
56.216326082,4.0781041602955845,0.2032313642494586,0.8737313127547278,3.352018662240326,-0.8664141192785557,0.3841759549025081,3.70159742248847,-0.7308687844370401,0.5611869562320475
56.216789615,4.077957091626581,0.2030554615227147,0.8654219800460643,3.3520149059986193,-0.8664156234200033,0.3839656311085555,3.701593989801598,-0.7308709265047544,0.5609766324380949
56.249721102,4.077807164075148,0.2028812310223585,0.8571141255655867,3.3516462211074396,-0.8665600186784045,0.3633834917781984,3.70125649210951,-0.7310779865140946,0.5403944931077378
56.249983412000006,4.077658193372763,0.2027099796532548,0.848807358288932,3.351645026949778,-0.8665604725729372,0.3633170864026378,3.7012553965366712,-0.7310786435931789,0.5403280877321772
56.282925419,4.077508269695604,0.2025389678014553,0.8404928058622905,3.3514185570326194,-0.8666451238481696,0.35074952415583605,3.7010473714238943,-0.7312018507935789,0.5277605254853754
56.29972019,4.077355486438291,0.2023693897579395,0.8321839512428502,3.351265796774722,-0.8667002913984029,0.34230705716120013,3.7009067124816766,-0.7312830555777111,0.5193180584907395
56.299977821000006,4.077200796891768,0.2022006483772264,0.8238709952068427,3.3512634746605556,-0.8667011079187065,0.34217910830875686,3.7009045704313848,-0.7312842682360114,0.5191901096382963
56.316503168000004,4.077046109422593,0.2020339335532833,0.8155665846678797,3.3511145261940647,-0.8667534823664599,0.33397202459270536,3.700767171887082,-0.7313620523505263,0.5109830259222448
56.333196766,4.076889517698137,0.2018699627396319,0.807261729622427,3.3508110687232797,-0.86685594315217,0.3173231896056814,3.700486498238482,-0.7315163473671835,0.4943341909352208
56.349823646000004,4.076731018702748,0.2017058749150124,0.7989562685585668,3.350663299566109,-0.8669037875967902,0.3088543669456958,3.7003494628965914,-0.7315894646002057,0.4858653682752352
56.38296153700001,4.076570615482725,0.2015442926820352,0.7906528242682038,3.3504338431264853,-0.866975250479996,0.2963593913934064,3.7001361756089994,-0.7317002153758816,0.4733703927229458
56.383246500000006,4.076411166477649,0.2013834246053311,0.7823500608037487,3.3504325256198415,-0.8669756526201633,0.29628778788146226,3.7001349495012525,-0.731700843229577,0.47329878921100166
56.39978905,4.076250765569931,0.2012238689289476,0.7740494315451949,3.3503560422885617,-0.8669989974888829,0.2921310914804569,3.7000637720195604,-0.7317372911233322,0.4691420928099963
56.432988117,4.0760865495493,0.2010643176496823,0.7657489445881932,3.349972816672196,-0.8671096243393357,0.271161503948528,3.6997060145958027,-0.7319136708240528,0.4481725052780674
56.433421282000005,4.075921382614895,0.2009067940258766,0.7574478154406971,3.3499706993517235,-0.8671102128082632,0.27105158967655374,3.699704033982057,-0.7319146229326865,0.44806259100609314
56.466262066000006,4.075753356901243,0.2007514194656345,0.7491504350168966,3.3497361905786365,-0.867173999408208,0.2585822873490664,3.699484421604753,-0.73201870702716,0.4355932886786058
56.482956606,4.0755872399300825,0.2005972347990778,0.7408505267312725,3.3495868158801176,-0.8672128393402783,0.25016408439933446,3.699344220221793,-0.732083243165075,0.42717508572887386
56.499584769,4.075417308460472,0.2004429353198655,0.7325438781260427,3.3494404297796803,-0.8672495943534198,0.24199491505862225,3.699206593608974,-0.7321452007056669,0.41900591638816165
56.516281644,4.075246424540669,0.2002901866600107,0.7242338200302482,3.3492815790968247,-0.8672880973239225,0.23349024909533744,3.699057004974552,-0.7322110737550345,0.41050125042487684
56.51654915300001,4.075072680669879,0.200137918134211,0.7159146534181827,3.3492790447245198,-0.8672887015385753,0.23335481836548322,3.6990546165982865,-0.73221211480121,0.4103658196950226
56.54961393400001,4.074899893413178,0.1999886287398399,0.7075969223515898,3.3488899181855865,-0.8673767705734082,0.2126159285327751,3.698687078295092,-0.732367328247417,0.3896269298623145
56.549838903,4.07472519973344,0.1998399375897452,0.6992833092891764,3.348888834512935,-0.867377004372842,0.21255830282675037,3.698686052724749,-0.7323677492154246,0.38956930415628976
56.582905487000005,4.074548601252397,0.1996933944037849,0.6909643181857299,3.3486534995689787,-0.8674264189069745,0.20005866222290924,3.6984630963366394,-0.7324578312948375,0.37706966355244864
56.583213003000004,4.074372958410869,0.1995486382568502,0.6826502835909823,3.3486505930705164,-0.8674270151984202,0.19990443394484103,3.6984603402537224,-0.7324589300685879,0.37691543527438043
56.599870763000006,4.074194454501282,0.1994040046168676,0.6743372778283906,3.348461528659659,-0.8674642293959576,0.1898881910464265,3.698280783060891,-0.7325288547598887,0.3668991923759659
56.616472896000005,4.074015000824117,0.1992623523059924,0.6660230040006327,3.3481823754674664,-0.8675158371204559,0.17513171100210645,3.698015079304911,-0.7326288116305761,0.35214271233164585
56.633145143,4.073836501813942,0.1991220101976182,0.6577102214008578,3.3480205752162098,-0.8675437680759267,0.16659688033937847,3.697860725585087,-0.7326847972426267,0.34360788166891787
56.66625426900001,4.073658005931277,0.1989839330638538,0.6493980890161645,3.347781220176072,-0.8675823080247093,0.1539947774800572,3.6976318970323923,-0.732764882549414,0.3310057788095966
56.682903122000006,4.073474742111096,0.1988465766816523,0.6410804453647625,3.347700923808976,-0.8675947648335839,0.14977102090661276,3.6975550488383444,-0.7327912839457349,0.32678202223615216
56.683188776,4.073291479644996,0.198710293182256,0.6327680248810131,3.347678185047699,-0.8675981050479392,0.14851933953969887,3.697533253555387,-0.7327985759918918,0.32553034086923827
56.699846976,4.073108221046018,0.1985774667500484,0.6244589458022891,3.34746576799233,-0.8676285345851273,0.13718668088426744,3.697329513918995,-0.732865934159237,0.31419768221380684
56.732917999,4.072924963412417,0.1984453555729974,0.6161524071345046,3.347144695053173,-0.8676701656392559,0.12052481362689216,3.6970207886639312,-0.732963451818215,0.29753581495643155
56.733302652000006,4.0727388474495605,0.1983152742498595,0.6078471691069454,3.3471428327080046,-0.8676703908901039,0.12042730285442271,3.6970189950829804,-0.7329640014861545,0.2974383041839621
56.749833370000005,4.072551776955587,0.1981848363986253,0.5995467676710675,3.347062797188201,-0.8676800711948125,0.1162367126818773,3.696941914751072,-0.7329876238307114,0.2932477140114167
56.766462945,4.072361847297234,0.1980560707739899,0.5912455322964517,3.346750330786649,-0.8677138735185029,0.09950196132538025,3.696640283005401,-0.733075919579133,0.27651296265491965
56.783236666,4.072173831166881,0.1979326673654204,0.5829441149475082,3.346668356212907,-0.8677217181896544,0.09522142852539472,3.6965609706852325,-0.7330980764172454,0.2722324298549341
56.799827378,4.071989633651357,0.1978123589992553,0.5746637654224004,3.346583212859018,-0.8677298075441484,0.09079493436982355,3.6964785821847737,-0.7331210320997625,0.26780593569936295
56.816513952,4.071802575919245,0.1976927691859708,0.5663699023100934,3.346338386212028,-0.8677504795352095,0.07850171836454622,3.6962412211880777,-0.7331844921307913,0.2555127196940856
56.849551541000004,4.071616474184707,0.1975755624580103,0.5580846898499194,3.346102308476581,-0.8677677014778505,0.06596333980308655,3.696011864883705,-0.7332430154434675,0.24297434113262595
56.849918200000005,4.071425602888877,0.1974568115058764,0.549792138900867,3.346098831527638,-0.86776793712994,0.06577902207616226,3.6960084837596408,-0.7332438596625864,0.24279002340570166
56.882967802,4.071233779715948,0.1973400882099239,0.541497121570979,3.345711117284766,-0.8677892853473101,0.045107546573583956,3.6956305869445427,-0.7333331461545622,0.22211854790312335
56.899563624,4.071040048058981,0.1972221750200923,0.5331953114599128,3.3456332677181564,-0.8677927879237938,0.04088982970117705,3.6955545705847896,-0.7333503023812236,0.21790083103071645
56.916234017,4.070843458983994,0.1971072453579975,0.5248940413493914,3.3454655129186603,-0.8677989440818697,0.032486445797156094,3.695390521077958,-0.7333859019647098,0.2094974471266955
56.932907847,4.070647825776331,0.1969943411533843,0.5165880714557854,3.345311714421053,-0.8678033019459407,0.02416688999799943,3.695239893139529,-0.7334172738153126,0.20117789132753883
56.949560858000005,4.07045124115791,0.1968835838139164,0.50828412863681,3.3451441559822834,-0.867806646348,0.015776188643398914,3.6950755418084804,-0.7334500710013299,0.1927871899729383
56.966254636,4.070242252547106,0.1967673571403227,0.5000012174820202,3.3449061269625013,-0.8678087209506741,0.0032707907448705775,3.6948415974438604,-0.7334940272579618,0.18028179207440997
56.966530041000006,4.070049489680221,0.1966624366551152,0.4917683918310924,3.3449047066575863,-0.867808725426093,0.0032003251221541795,3.6948402001201064,-0.7334942817622018,0.18021132645169358
56.99960809700001,4.06986627205354,0.1965650153582635,0.4835528748325836,3.3445882744748143,-0.8678072126021452,-0.013295667221594698,3.694528445984653,-0.7335485125095451,0.1637153341079447
57.016249415000004,4.069666831808924,0.1964593873128296,0.4753011113139812,3.344514748206762,-0.8678062222865032,-0.017448059596203436,3.6944558942246877,-0.7335604847668413,0.15956294173333596
57.03289864800001,4.069473121114407,0.1963593555042891,0.4670775140836258,3.344359895123712,-0.8678028783852483,-0.02577139764871106,3.6943028719903332,-0.7335844608966131,0.15123960368082834
57.033205553,4.069285140241213,0.1962652775603785,0.4588601064237972,3.3443569629308656,-0.8678028079436594,-0.025927148766050845,3.694299973210788,-0.733584907879896,0.15108385256348855
57.066270825000004,4.069087616375779,0.1961678727523939,0.4505967355889972,3.343982278593602,-0.8677891500069999,-0.046499342828937085,3.6939287385352957,-0.7336374407984949,0.1305116585006023
57.082946118,4.068885325255732,0.1960703542302673,0.4423202778548894,3.343903840415019,-0.867785490450368,-0.0507492727007941,3.6938508815947735,-0.7336476504520981,0.1262617286287453
57.0996261,4.068680174689359,0.1959745079349509,0.4340386996438947,3.3437447944774847,-0.8677767444736699,-0.059030591663954635,3.6936927807806916,-0.7336670472286653,0.11798040966558476
57.116286094,4.068474071282037,0.1958791395754649,0.425747619407711,3.343589950521446,-0.8677669462895923,-0.06742273852763025,3.6935386310085243,-0.7336846683203933,0.10958826280190914
57.132932020000005,4.0682679705793,0.1957860361909055,0.4174515010790708,3.3434300391132723,-0.8677554754552063,-0.07575911357423148,3.693379198432354,-0.7337015352158196,0.10125188775530791
57.133263252000006,4.0680599636706125,0.1956941270970264,0.4091539911763808,3.34342689092315,-0.8677552394636295,-0.07592321792219536,3.6933760578792385,-0.7337018572704734,0.10108778340734403
57.149840187,4.067852914033894,0.195605197134083,0.4008524723636664,3.343272142713817,-0.8677428259672526,-0.08399291553349997,3.693221541832382,-0.7337168870558308,0.09301808579603943
57.182928643000004,4.0676449123499845,0.195517698780882,0.3925453233972857,3.3428697251621373,-0.8677045338959838,-0.10500561722023072,3.6928186695129037,-0.7337500542507709,0.07200538410930868
57.183239115000006,4.067436913457493,0.1954327038211689,0.3842395164121192,3.342868200676382,-0.8677043729990912,-0.1050853005758241,3.6928171405161048,-0.7337501643117413,0.0719257007537153
57.199856057000005,4.067226054301423,0.1953484274143719,0.3759203516598581,3.342786366347303,-0.8676957318775133,-0.10936272336866493,3.6927350632977607,-0.733756068261847,0.06764827796087447
57.21652752200001,4.067015197190005,0.195265700727116,0.3676023964356828,3.34262619210133,-0.8676774641971355,-0.1177426034865019,3.6925741751472887,-0.7337662907985686,0.0592683978430375
57.233225679,4.066806250305412,0.1951855944441931,0.3592835934139701,3.3424657391578663,-0.867657797635431,-0.12614541444567395,3.692412766327823,-0.7337751853876042,0.05086558688386544
57.249811511000004,4.066593489508237,0.1951062078133689,0.3509746221763687,3.34229877380364,-0.8676358509245966,-0.13492163267024893,3.692244545350753,-0.7337829822140172,0.04208936865929047
57.266471305,4.066379775752636,0.1950272991184632,0.3426641884181634,3.341999864374664,-0.8675928138403145,-0.15099449992438663,3.6919427282389536,-0.7337932519939259,0.02601650140515277
57.299681743,4.066163204434466,0.1949514931607159,0.3343584656760425,3.341762059576307,-0.8675548883403038,-0.16374754884965936,3.6917019610512636,-0.7337977936901086,0.013263452479880034
57.316285841,4.065950450118591,0.1948777093627614,0.3260547329428567,3.341678985261006,-0.867541156128661,-0.16795898917712382,3.6916177667419796,-0.7337989044481847,0.009052012152415578
57.316567998000004,4.065733883354547,0.1948059565182547,0.3177544960738906,3.3416774059274603,-0.8675408918843501,-0.16804061950537097,3.6916161655561717,-0.7337989224346424,0.008970381824168427
57.333162497000004,4.065520179696064,0.194735869304969,0.3094486314289039,3.3415089877655477,-0.8675114552407966,-0.177256965716738,3.6914451955845826,-0.7337996021850094,-0.0002459643871985939
57.366249461,4.065304571091727,0.1946680492652393,0.3011515836514668,3.3411254221636266,-0.8674386692706951,-0.1972210287217857,3.6910548066780513,-0.7337954948649617,-0.02021002739224631
57.36656938,4.065089918643812,0.1946020162641479,0.2928460258086893,3.34112389361934,-0.8674383636958944,-0.19730205505254128,3.691053248210084,-0.7337954632233599,-0.020291053723001884
57.399585719,4.064873359601242,0.1945368199260882,0.2845428049514521,3.340814820036033,-0.8673739369602665,-0.2139046496183834,3.6907376593023624,-0.733786467364036,-0.036893648288844005
57.399858829,4.064655850042801,0.1944744857083832,0.2762471532405122,3.340813567855062,-0.8673736647402662,-0.21397456831348194,3.690736378752755,-0.7337864198917632,-0.03696356698394254
57.432905005,4.064437388645056,0.194413702309578,0.2679409501381858,3.3405071563699775,-0.867304394646776,-0.2306669130825978,3.6904225574888767,-0.7337721875911314,-0.053655911753058394
57.44957925600001,4.064216066229819,0.1943529222083738,0.2596276294467843,3.3404259773786036,-0.8672852850681865,-0.23517236322501356,3.6903392819978063,-0.7337676712628248,-0.05816136189547416
57.449863858,4.063993793604156,0.1942950042272954,0.2513167565620531,3.3403592726743594,-0.8672690210152255,-0.23874127073320883,3.690270755687798,-0.7337634072478543,-0.061730269403669435
57.482924432000004,4.063773429831315,0.1942385145584465,0.2430006003579381,3.3400406503227975,-0.8671885834667421,-0.2558232867424479,3.6899429479037553,-0.7337403321781504,-0.07881228541290852
57.49962128600001,4.063551161025784,0.194184053644592,0.2346825064608031,3.339961951644921,-0.8671679936334412,-0.2600517567332088,3.68986185331464,-0.7337339219713583,-0.0830407554036694
57.516240041,4.063330802544633,0.1941320939256842,0.2263652574288105,3.339730963580044,-0.8671048187542558,-0.2724996496863361,3.6896233502305273,-0.7337124084792086,-0.09548864835679671
57.516549831000006,4.06311044545383,0.1940815647174945,0.2180586152834767,3.3397294944440943,-0.8671044079950231,-0.2725789445015705,3.6896218317208835,-0.7337122628356435,-0.0955679431720311
57.549613490000006,4.062890091165171,0.1940331812748449,0.2097568700536179,3.339420665481993,-0.867015279576284,-0.2893551895225306,3.6893021339403,-0.7336789081965502,-0.11234418819299119
57.566291508000006,4.0626697396209375,0.1939873012257186,0.2014604783033807,3.3393425054366426,-0.8669920036098528,-0.29359429815398785,3.689221096571263,-0.7336697589822638,-0.11658329682444846
57.566605757000005,4.062447482638963,0.1939428538853238,0.1931589063058238,3.3393400636986343,-0.8669912585769513,-0.2937269979802122,3.6892185617954305,-0.7336694555518709,-0.11671599665067278
57.583181951,4.062223319035264,0.1938993624172941,0.1848474608549538,3.339186361807526,-0.866944066424064,-0.3020885077182025,3.689058951610943,-0.73365006587337,-0.1250775063886631
57.616284685000004,4.061999158850219,0.1938586127609092,0.1765313223713683,3.33888752834719,-0.8668481845835287,-0.3187281402087949,3.6887479039495603,-0.7336083032500179,-0.14171713887925552
57.632937785,4.061775953547203,0.1938190540975509,0.16821247000381,3.3387390357359097,-0.8667985010329174,-0.32686741749989734,3.6885929829414446,-0.7335855438113027,-0.14985641617035794
57.633305826000004,4.061551796703177,0.1937812846714957,0.1598903282477454,3.3387357539824136,-0.8667974030041029,-0.3270472991888025,3.6885895591174873,-0.7335850408174707,-0.1500362978592631
57.649815955,4.061325734598653,0.1937453055819789,0.1515735823921066,3.338585057462048,-0.8667455782442994,-0.33533082151955984,3.688432091596257,-0.7335605617093053,-0.15831982019002044
57.66651378,4.061098721797443,0.1937119501943257,0.1432580438053028,3.33827918240094,-0.8666360823756138,-0.35222055428122845,3.688111715095275,-0.7335066377268334,-0.17520955295168905
57.68316114,4.060871709860476,0.1936795484805314,0.1349315065004942,3.338137399933359,-0.8665833073420484,-0.3604086144389633,3.6879628550076777,-0.7334796535351324,-0.18339761310942393
57.69982941000001,4.0606485160122325,0.1936497649722825,0.1266159426039864,3.337978340735631,-0.8665225923071034,-0.3689322019244794,3.687795590009404,-0.7334478956352859,-0.19192120059494
57.732952772000004,4.060422462882133,0.1936216536907203,0.118293508123532,3.3377576805556046,-0.8664355299985642,-0.38146092793419717,3.6875630471395664,-0.7334010493514936,-0.20444992660465777
57.733280497,4.060196412205313,0.1935955689656464,0.1099818325313528,3.337756267723824,-0.8664349632756709,-0.3815439869651347,3.6875615565909663,-0.7334007402667986,-0.2045329856355953
57.749862562000004,4.059968456857438,0.1935719898325493,0.1016717529149007,3.3376835637088043,-0.8664057764863299,-0.3858119903140631,3.6874848491731993,-0.7333848118478067,-0.2088009889845237
57.78294531700001,4.059740503118521,0.1935496027913798,0.0933609888084517,3.3373165399848794,-0.8662520917727887,-0.4064954195761019,3.68709649836452,-0.7332981570470286,-0.22948441824656252
57.783297809000004,4.0595154127962365,0.1935294774277648,0.0850492122060053,3.3373149530220916,-0.8662514084352853,-0.40658523276971126,3.6870948158713692,-0.733297763832288,-0.22957423144017186
57.816268962,4.059288416895237,0.1935107847729868,0.0767328345980615,3.337022162138892,-0.8661224429983512,-0.42321585473298606,3.6867838907416703,-0.7332223705372936,-0.24620485340344667
57.816570126,4.05906046936282,0.1934937621462662,0.0684134930631766,3.3370208097607823,-0.8661218336418427,-0.4232929582193745,3.6867824521948465,-0.7332220088399883,-0.24628195688983512
57.833218818000006,4.058830615796071,0.1934776953914707,0.0600975733851063,3.336920914150831,-0.8660765630971111,-0.42905460855194644,3.686676145909237,-0.7331950360991598,-0.25204360722240704
57.849799099,4.058599811585251,0.1934648483850659,0.0517730208910659,3.3366704176019013,-0.865959778955062,-0.4440796887557621,3.68640899922086,-0.7331241862314892,-0.2670686874262227
57.866472008,4.058371870510638,0.1934534285912326,0.0434615407670015,3.3365181370651658,-0.8658865386590805,-0.4525462908125557,3.686246201413994,-0.7330789051437858,-0.2755352894830163
57.883156658000004,4.058143931399469,0.1934439161449412,0.0351587433094854,3.3363799537742502,-0.86581863657075,-0.4609365801851131,3.686098220569939,-0.7330363964943061,-0.2839255788555737
57.916307654,4.057915994718084,0.1934364302551556,0.0268466925281431,3.336094382286186,-0.8656738320491156,-0.47758619985838857,3.685791612954248,-0.7329441403601955,-0.3005751985288492
57.932932390000005,4.057689014477121,0.1934314466596755,0.018549658493697,3.335954305659956,-0.8656005918180883,-0.4858026460901863,3.6856408283760995,-0.732896710373377,-0.3087916447606469
57.933243603,4.057462036743577,0.1934282512020164,0.0102375039529353,3.335951685724523,-0.8655992212278875,-0.48595634068240123,3.685638008034103,-0.7328958225388236,-0.30894533935286184
57.949869723000006,4.057234105829423,0.1934258913083822,0.001881150160862,3.3358774751607063,-0.8655596435131205,-0.4903281364062453,3.685557987890234,-0.7328699308439518,-0.3133171350767059
57.96649476,4.057005225030209,0.1934265127439435,-0.0064091215632785,3.3358041481174556,-0.8655204783036494,-0.49464931642973875,3.685478910098668,-0.7328442896313081,-0.31763831510019935
57.999614406000006,4.056777299085953,0.193428444381865,-0.0146677797307944,3.335459841919152,-0.86533001473123,-0.5152927391321165,3.6851064455227123,-0.7327174303775359,-0.3382817378025771
58.016266655,4.056549376231412,0.1934331178316777,-0.0229573436346574,3.3353928337924685,-0.8652920496400813,-0.5194949578283978,3.6850337992374738,-0.7326918578448389,-0.34248395649885843
58.016653642,4.056322408571493,0.1934387438556562,-0.0312768607161816,3.3353912765689415,-0.8652911673570499,-0.5195926145477161,3.6850321109869566,-0.7326912635564811,-0.3425816132181767
58.033160123,4.0560916287346265,0.1934467584608193,-0.0395823103315463,3.335251775296368,-0.8652105923483917,-0.5279707621854208,3.684880601205387,-0.7326365120892986,-0.35095976085588143
58.066274779000004,4.055866572926835,0.1934564353996729,-0.0478914654879307,3.3349061156819255,-0.8650038759634833,-0.5489065392119601,3.6845039424348176,-0.7324938923031564,-0.3718955378824207
58.06656374000001,4.055639611901962,0.1934680218843458,-0.0562071119206369,3.334904918400211,-0.8650031435971366,-0.5489794941534902,3.6845026349003516,-0.7324933822074885,-0.37196849282395084
58.08314862100001,4.0554116996542975,0.1934817552340232,-0.0645230335460862,3.3348276861856356,-0.8649558010713186,-0.5537102339374016,3.6844182730301847,-0.732460379107923,-0.3766992326078622
58.099905740000004,4.055181882581832,0.1934976365478526,-0.0728325951425653,3.3345704340705797,-0.8647938980344101,-0.5698182989893845,3.6841365314362027,-0.7323463049290673,-0.3928072976598451
58.116484378,4.054907254024246,0.1935234638887677,-0.0796785804170785,3.33443482556372,-0.8647062094409258,-0.5782125892060339,3.6839876009761836,-0.7322838655613704,-0.4012015878764945
58.133343091,4.054553478535843,0.1935574886907037,-0.0846222850332153,3.334437505330322,-0.8647079696198385,-0.5805569823345715,3.6839905488163764,-0.7322851263615295,-0.40354598100503214
58.149850854,4.054301736636914,0.1935801902097753,-0.0880600670214143,3.334440385726923,-0.8647098590272725,-0.582841278421319,3.6839937169072092,-0.7322864790423893,-0.40583027709177966
58.182931536000005,4.054183493165297,0.1935918898050739,-0.0902766023841877,3.334073805829028,-0.864465804887273,-0.5907889136905187,3.683589890011574,-0.7321107887377238,-0.41377791236097927
58.18332869300001,4.054105300532165,0.1935996093291729,-0.0916100178767578,3.334072547573177,-0.8644649609587847,-0.5908149877423057,3.683588502810966,-0.7321101795599558,-0.4138039864127663
58.216284496,4.054028062403081,0.1936078045907018,-0.0923975532078096,3.3339341121227446,-0.8643718541972174,-0.5935066722544322,3.683435835505254,-0.7320429044772543,-0.4164956709248928
58.216557106,4.0539813384600425,0.1936127460288597,-0.0928382232541758,3.333933631974305,-0.8643715302650619,-0.5935134006377303,3.6834353058188256,-0.73204267015514,-0.4165023993081909
58.249580337000005,4.0539546379587685,0.1936150417816762,-0.0930772378755636,3.3338646752340804,-0.8643249718776841,-0.5943523315999126,3.6833592281913163,-0.7320089817290825,-0.41734133027037323
58.24992272,4.053940334115056,0.193615892733942,-0.0931835394407655,3.333857558586814,-0.8643201606362412,-0.5944351902328404,3.6833513755435954,-0.7320054988227815,-0.417424188903301
58.282970038,4.053929844648741,0.1936169777082674,-0.0932042767559515,3.333823847580073,-0.8642973644488106,-0.5947282204110427,3.683314177154352,-0.731988994945221,-0.4177172190815033
58.283281191,4.053927936117711,0.1936157878144235,-0.0931913176536781,3.3338237387382796,-0.8642972908253477,-0.5947288564408968,3.6833140570490612,-0.7319889416379091,-0.4177178551113574
58.316271741,4.053931750422571,0.1936153065806576,-0.0931446564786704,3.333820734855318,-0.8642952587114944,-0.5946786467547991,3.683310742272517,-0.7319874702249758,-0.4176676454252597
58.316541595000004,4.053936518345788,0.1936150626663586,-0.0930798298563334,3.3338207832108724,-0.8642952914168861,-0.5946783641931299,3.6833107956315168,-0.7319874939044904,-0.4176673628635905
58.33334423,4.053942239559945,0.1936142216065787,-0.0930097387293588,3.3338237238134054,-0.8642972803002626,-0.5946596031766251,3.683314040504055,-0.7319889339053769,-0.41764860184708574
58.366231042,4.053948914761245,0.1936138562846159,-0.0929396143122742,3.3338294755901043,-0.8643011696758068,-0.594559809511594,3.683320387278521,-0.7319917496878965,-0.41754880818205464
58.36657091,4.053954636564845,0.1936137304802742,-0.092869433541136,3.333829594657294,-0.8643012501824163,-0.5945582707905146,3.6833205186614695,-0.7319918079702316,-0.4175472694609752
58.399591016,4.053958449662224,0.1936127724101597,-0.0928044136723673,3.333846748616339,-0.864312846383776,-0.5943253695164175,3.6833394465326146,-0.7320002023666248,-0.41731436818687806
58.416278282,4.053964171774845,0.1936125273962732,-0.0927367084961555,3.3338469202102456,-0.8643129623654687,-0.5942892569291867,3.683339635868259,-0.732000286320396,-0.41727825559964726
58.416590527000004,4.053966078503326,0.1936119291517679,-0.0926741898172636,3.3338469202102456,-0.8643129623654687,-0.5942886185012193,3.683339635868259,-0.732000286320396,-0.4172776171716799
58.433173323000005,4.053975614702195,0.1936114413229059,-0.0926142382547723,3.3338469202102456,-0.8643129623654687,-0.5942547126877034,3.683339635868259,-0.732000286320396,-0.41724371135816396
58.44984212400001,4.05397942839974,0.1936108408802817,-0.092556857133741,3.3338555649959027,-0.8643188034576982,-0.5941708641895529,3.6833491741207545,-0.7320045138985227,-0.4171598628600135
58.466615263,4.053983243093304,0.1936107172741646,-0.0925020375695707,3.3338585879302833,-0.8643208457813855,-0.5941186769944284,3.683352509448859,-0.7320059920070277,-0.41710767566488904
58.499582989000004,4.053985149955611,0.1936103574481857,-0.0924550408265547,3.3338699751370813,-0.8643285371527137,-0.5939844011697648,3.6833650730826406,-0.7320115580449149,-0.4169733998402254
58.499828256,4.053989917584107,0.1936097559061676,-0.0924106230288231,3.333870062170379,-0.8643285959319709,-0.5939838928307726,3.683365169106318,-0.7320116005801863,-0.4169728915012332
58.516557241,4.053994685648298,0.193609511991763,-0.0923661847830148,3.3338730095146194,-0.8643305863231258,-0.5939666785409781,3.6833684208807225,-0.732013040878157,-0.41695567721143867
58.549627684,4.053997546320503,0.1936092702757942,-0.0923243409163115,3.3338787155355805,-0.8643344392761172,-0.5938655892349591,3.6833747162008335,-0.7320158288642871,-0.41685458790541974
58.550079605,4.054001360688701,0.1936090274606074,-0.0922877123020385,3.3338787960079808,-0.8643344936084932,-0.5938651192594864,3.683374804983089,-0.7320158681774583,-0.416854117929947
58.56662265600001,4.054002314388269,0.1936089071520735,-0.0922536794025693,3.3338809512799434,-0.8643359488169372,-0.5938434990558559,3.6833771828225164,-0.7320169211297394,-0.4168324977263165
58.59956831,4.054004221042688,0.1936084281169371,-0.0922222691766893,3.333884544695906,-0.8643383742342169,-0.593763783842614,3.683381147176306,-0.7320186758907746,-0.41675278251307457
58.61626862000001,4.05400803610861,0.1936084237198543,-0.0921881890375568,3.333887500722849,-0.864340369611112,-0.5937465212181205,3.6833844083756695,-0.7320201195676601,-0.41673551988858115
58.63293694,4.054008036246009,0.1936085429290646,-0.0921567478657875,3.333887526652034,-0.864340387113827,-0.5937463697967038,3.683384436981715,-0.7320201322310648,-0.4167353684671644
58.649633914000006,4.054011850061033,0.1936079424863524,-0.0921331679534506,3.333887526652034,-0.864340387113827,-0.593678606001931,3.683384436981715,-0.7320201322310648,-0.4166676046723916
58.649890633000005,4.054015664452727,0.1936076996711481,-0.0921095734830083,3.333887526652034,-0.864340387113827,-0.593678606001931,3.683384436981715,-0.7320201322310648,-0.4166676046723916
58.666465815,4.05401661814872,0.1936076985719302,-0.0920859634323307,3.333887526652034,-0.864340387113827,-0.593678606001931,3.683384436981715,-0.7320201322310648,-0.4166676046723916
58.699617743000005,4.054017571134216,0.1936071014266781,-0.0920649821283892,3.333893328937372,-0.8643443029132164,-0.5936113619404648,3.683390838128517,-0.7320229651305727,-0.4166003606109254
58.699935428,4.054018525755742,0.19360757716402,-0.0920466069990443,3.333893328937372,-0.8643443029132164,-0.5936107138713869,3.683390838128517,-0.7320229651305727,-0.41659971254184747
58.73292991500001,4.054017572009183,0.1936076974725891,-0.0920308737830903,3.333893328937372,-0.8643443029132164,-0.5935769603097727,3.683390838128517,-0.7320229651305727,-0.4165659589802333
58.749614375,4.0540232932396885,0.1936070948314235,-0.0920177507814953,3.333893328937372,-0.8643443029132164,-0.5935769603097727,3.683390838128517,-0.7320229651305727,-0.4165659589802333
58.749891764000004,4.054023293078793,0.1936069756222307,-0.0920020029900793,3.3338933842395404,-0.8643443402269156,-0.5935766374001306,3.6833908991370543,-0.7320229921231716,-0.41656563607059116
58.766636138,4.054025200262892,0.1936068542146374,-0.0919888706171048,3.333899131620704,-0.8643482181228084,-0.5935430784123863,3.6833972395632375,-0.7320257973794173,-0.4165320770828469
58.783243532,4.054025200282814,0.1936069734239358,-0.0919783749496358,3.333901992275688,-0.864350148134278,-0.5935263754152724,3.6834003953708137,-0.7320271935061144,-0.416515374085733
58.799828783,4.054024246617464,0.1936067361045041,-0.0919704901829489,3.3339049285088964,-0.8643521291364618,-0.5935092311266086,3.683403634554517,-0.7320286265183422,-0.4164982297970692
58.832913332000004,4.0540261536840845,0.1936066146969988,-0.0919599852897658,3.333904934436687,-0.8643521331357921,-0.5935091965149999,3.683403641093917,-0.7320286294113674,-0.4164981951854605
58.833290901000005,4.054027107772357,0.1936068520161135,-0.0919520931134686,3.333904934436687,-0.8643521331357921,-0.5935091965149999,3.683403641093917,-0.7320286294113674,-0.4164981951854605
58.866245883000005,4.054025200685816,0.1936068542143205,-0.0919468371766685,3.333899131488059,-0.864348218319421,-0.5934753146176135,3.6833972394672867,-0.732025797596315,-0.4164643132880741
58.866602353000005,4.05402710772894,0.1936067328068328,-0.0919442190986099,3.333899131488059,-0.864348218319421,-0.5934753146176135,3.6833972394672867,-0.732025797596315,-0.4164643132880741
58.88312530500001,4.054029015301744,0.1936069690268881,-0.0919389653147512,3.333899131488059,-0.864348218319421,-0.5934753146176135,3.6833972394672867,-0.732025797596315,-0.4164643132880741
58.899859741,4.054027107631383,0.1936068520162192,-0.0919337208614781,3.333904882813098,-0.8643520980256628,-0.593441734904375,3.683403584094502,-0.7320286039401526,-0.4164307335748356
58.932937627,4.054028061649167,0.1936070893353868,-0.0919310864462778,3.333904934569325,-0.8643521329391749,-0.5934414327202271,3.68340364118986,-0.7320286291944664,-0.4164304313906877
58.933279639000006,4.054029015207761,0.1936069690269586,-0.0919284600646219,3.333904934569325,-0.8643521329391749,-0.5934414327202271,3.68340364118986,-0.7320286291944664,-0.4164304313906877
58.949894456,4.054029015345161,0.1936070882361689,-0.0919258338668218,3.333904934569325,-0.8643521329391749,-0.5934414327202271,3.68340364118986,-0.7320286291944664,-0.4164304313906877
58.966642638,4.054029015348736,0.1936069690268529,-0.0919231957780442,3.333904934569325,-0.8643521329391749,-0.5934414327202271,3.68340364118986,-0.7320286291944664,-0.4164304313906877
58.983226116000004,4.054029015298169,0.1936070882362041,-0.0919205799712312,3.333904934569325,-0.8643521329391749,-0.5934414327202271,3.68340364118986,-0.7320286291944664,-0.4164304313906877
58.999806638,4.054029015066786,0.1936069690270642,-0.0919205822295993,3.333904934569325,-0.8643521329391749,-0.5934414327202271,3.68340364118986,-0.7320286291944664,-0.4164304313906877
59.032904292000005,4.05402996894717,0.1936070871370215,-0.0919205858877533,3.333904934569325,-0.8643521329391749,-0.5934414327202271,3.68340364118986,-0.7320286291944664,-0.4164304313906877
59.033280789,4.054029969071799,0.1936068487183014,-0.0919205744466595,3.333904934569325,-0.8643521329391749,-0.5934414327202271,3.68340364118986,-0.7320286291944664,-0.4164304313906877
59.066263284,4.054029969370094,0.1936070871367046,-0.0919153110254412,3.333904934569325,-0.8643521329391749,-0.5934414327202271,3.68340364118986,-0.7320286291944664,-0.4164304313906877
59.082952042,4.054029968703016,0.1936066102999511,-0.0919126909109782,3.333904934569325,-0.8643521329391749,-0.5934414327202271,3.68340364118986,-0.7320286291944664,-0.4164304313906877
59.099589553,4.054029969162207,0.193606967927547,-0.0919100596971879,3.333904934569325,-0.8643521329391749,-0.5934414327202271,3.68340364118986,-0.7320286291944664,-0.4164304313906877
59.099957885,4.054030923089584,0.1936070860374691,-0.0919074244879921,3.333904934569325,-0.8643521329391749,-0.5934414327202271,3.68340364118986,-0.7320286291944664,-0.4164304313906877
59.116484244000006,4.054030922422504,0.1936066092007156,-0.0919048086261857,3.333904934569325,-0.8643521329391749,-0.5934414327202271,3.68340364118986,-0.7320286291944664,-0.4164304313906877
59.133204513,4.054030922117059,0.1936066092009445,-0.0918943036189506,3.333904934569325,-0.8643521329391749,-0.5934414327202271,3.68340364118986,-0.7320286291944664,-0.4164304313906877
59.149848686000006,4.054031875934106,0.1936064888923226,-0.0918890318119089,3.333904934569325,-0.8643521329391749,-0.5934414327202271,3.68340364118986,-0.7320286291944664,-0.4164304313906877
59.166488812000004,4.054030922539983,0.1936066092006276,-0.0918811438712679,3.3339105417961625,-0.8643559151637886,-0.5934086950876516,3.6834098268051396,-0.7320313649538578,-0.4163976937581122
59.199596705000005,4.054032829328229,0.1936063685840175,-0.091870639985821,3.3339107377832224,-0.8643560473623072,-0.5934075508228411,3.6834100430083696,-0.732031460575714,-0.41639654949330174
59.199888612,4.054032829241394,0.193606130165456,-0.0918653747243028,3.3339107377832224,-0.8643560473623072,-0.5934075508228411,3.6834100430083696,-0.732031460575714,-0.41639654949330174
59.216494302,4.0540337830947095,0.1936063674847468,-0.0918601202696732,3.3339107377832224,-0.8643560473623072,-0.5934075508228411,3.6834100430083696,-0.732031460575714,-0.41639654949330174
59.249633234,4.054034736492406,0.1936061279671258,-0.0918548675786302,3.3339107377832224,-0.8643560473623072,-0.5934075508228411,3.6834100430083696,-0.732031460575714,-0.41639654949330174
59.24993722400001,4.054034736559319,0.193606247176389,-0.0918469824088931,3.3339107377832224,-0.8643560473623072,-0.5934075508228411,3.6834100430083696,-0.732031460575714,-0.41639654949330174
59.28297409100001,4.054035690396287,0.1936062460770654,-0.091841710753095,3.3339107377832224,-0.8643560473623072,-0.5933754978460755,3.6834100430083696,-0.732031460575714,-0.41636449651653606
59.299599359000005,4.0540356904632,0.1936063652863286,-0.0918364536262777,3.3339107377832224,-0.8643560473623072,-0.5933412088150316,3.6834100430083696,-0.732031460575714,-0.4163302074854922
59.316257840000006,4.054036644045288,0.1936062449778827,-0.0918311871103194,3.3339107377832224,-0.8643560473623072,-0.5933397870280683,3.6834100430083696,-0.732031460575714,-0.41632878569852894
59.31659148600001,4.054036644162768,0.1936062449777947,-0.0918311879115831,3.3339107377832224,-0.8643560473623072,-0.5933397870280683,3.6834100430083696,-0.732031460575714,-0.41632878569852894
59.34956991200001,4.05403664420261,0.1936064833963915,-0.0918259343485348,3.3339107377832224,-0.8643560473623072,-0.5933397870280683,3.6834100430083696,-0.732031460575714,-0.41632878569852894
59.366240616000006,4.054036644363506,0.1936066026055843,-0.0918233067540376,3.3339107377832224,-0.8643560473623072,-0.5933397870280683,3.6834100430083696,-0.732031460575714,-0.41632878569852894
59.382975372000004,4.05403664406521,0.1936063641871811,-0.0918206731730955,3.3339107377832224,-0.8643560473623072,-0.5933397870280683,3.6834100430083696,-0.732031460575714,-0.41632878569852894
59.399646728,4.054037598039578,0.193606482297068,-0.09182067095327,3.3339107377832224,-0.8643560473623072,-0.5933397870280683,3.6834100430083696,-0.732031460575714,-0.41632878569852894
59.400059364,4.054036644085131,0.1936064833964795,-0.0918154181017898,3.3339107377832224,-0.8643560473623072,-0.5933397870280683,3.6834100430083696,-0.732031460575714,-0.41632878569852894
59.416543302,4.054037598384865,0.1936067207154359,-0.0918180370382803,3.3339107377832224,-0.8643560473623072,-0.5933397870280683,3.6834100430083696,-0.732031460575714,-0.41632878569852894
59.449581483,4.054037598592752,0.1936068399245935,-0.0918180319626452,3.3339107377832224,-0.8643560473623072,-0.5933397870280683,3.6834100430083696,-0.732031460575714,-0.41632878569852894
59.466243590000005,4.0540375985457615,0.1936068399246287,-0.0918153989747583,3.3339107377832224,-0.8643560473623072,-0.5933397870280683,3.6834100430083696,-0.732031460575714,-0.41632878569852894
59.482931778,4.05403473724632,0.1936068432224408,-0.0918101521762585,3.3339107377832224,-0.8643560473623072,-0.5933397870280683,3.6834100430083696,-0.732031460575714,-0.41632878569852894
59.48328482,4.0540385519128135,0.1936068388256572,-0.0918101540414614,3.3339107377832224,-0.8643560473623072,-0.5933397870280683,3.6834100430083696,-0.732031460575714,-0.41632878569852894
59.49982618800001,4.054039505471407,0.1936067185172289,-0.0918101497343797,3.3339107377832224,-0.8643560473623072,-0.5933397870280683,3.6834100430083696,-0.732031460575714,-0.41632878569852894
59.516551867000004,4.054037598055924,0.1936067207156823,-0.0918101543004829,3.3339107377832224,-0.8643560473623072,-0.5933397870280683,3.6834100430083696,-0.732031460575714,-0.41632878569852894
59.533219305,4.05403759849877,0.1936068399246639,-0.0918127730551629,3.3339107377832224,-0.8643560473623072,-0.5933397870280683,3.6834100430083696,-0.732031460575714,-0.41632878569852894
59.54979916600001,4.054034737477704,0.1936069624315808,-0.0918101540718704,3.3339107377832224,-0.8643560473623072,-0.5933397870280683,3.6834100430083696,-0.732031460575714,-0.41632878569852894
59.566459771000005,4.05403759849877,0.1936068399246639,-0.091810143576093,3.3339107377832224,-0.8643560473623072,-0.5933397870280683,3.6834100430083696,-0.732031460575714,-0.41632878569852894
59.583166133000006,4.0540395058636856,0.1936069569355616,-0.0918101519067761,3.3339107377832224,-0.8643560473623072,-0.5933397870280683,3.6834100430083696,-0.732031460575714,-0.41632878569852894
59.599980741,4.054037598129986,0.1936066015063136,-0.0918127778822114,3.3339107377832224,-0.8643560473623072,-0.5933397870280683,3.6834100430083696,-0.732031460575714,-0.41632878569852894
59.616525465,4.054036644775707,0.1936069602332153,-0.091812783417295,3.3339107377832224,-0.8643560473623072,-0.5933397870280683,3.6834100430083696,-0.732031460575714,-0.41632878569852894
59.633176943,4.054037598428282,0.1936068399247167,-0.0918101406075064,3.3339107377832224,-0.8643560473623072,-0.5933397870280683,3.6834100430083696,-0.732031460575714,-0.41632878569852894
59.649900548000005,4.054037598310804,0.1936068399248047,-0.0918127807066832,3.3339107377832224,-0.8643560473623072,-0.5933397870280683,3.6834100430083696,-0.732031460575714,-0.41632878569852894
59.682950441,4.054037598404786,0.1936068399247343,-0.0918101463921078,3.3339107377832224,-0.8643560473623072,-0.5933397870280683,3.6834100430083696,-0.732031460575714,-0.41632878569852894
59.699599364,4.054037598220395,0.1936067207155591,-0.0918101461586662,3.3339107377832224,-0.8643560473623072,-0.5933397870280683,3.6834100430083696,-0.732031460575714,-0.41632878569852894
59.716254448,4.054037598173403,0.1936067207155943,-0.091810154741984,3.3339107377832224,-0.8643560473623072,-0.5933397870280683,3.6834100430083696,-0.732031460575714,-0.41632878569852894
59.716505807000004,4.054038552214684,0.1936069580347443,-0.091807513843442,3.3339107377832224,-0.8643560473623072,-0.5933397870280683,3.6834100430083696,-0.732031460575714,-0.41632878569852894
59.749585146,4.054038551685005,0.1936066004072013,-0.0918075215005016,3.3339107377832224,-0.8643560473623072,-0.5933397870280683,3.6834100430083696,-0.732031460575714,-0.41632878569852894
59.76625593000001,4.054038552010371,0.1936067196162708,-0.091810143522449,3.3339107377832224,-0.8643560473623072,-0.5933397870280683,3.6834100430083696,-0.732031460575714,-0.41632878569852894
59.766536535,4.054038551986875,0.1936067196162884,-0.091810146008193,3.3339107377832224,-0.8643560473623072,-0.5933397870280683,3.6834100430083696,-0.732031460575714,-0.41632878569852894
59.79962114400001,4.054037598126412,0.1936067207156295,-0.0918075246593649,3.3339107377832224,-0.8643560473623072,-0.5933397870280683,3.6834100430083696,-0.732031460575714,-0.41632878569852894
59.816270838,4.054037598451778,0.1936068399246991,-0.0918075136416567,3.3339107377832224,-0.8643560473623072,-0.5933397870280683,3.6834100430083696,-0.732031460575714,-0.41632878569852894
59.816622198000005,4.054037598542187,0.1936069591339446,-0.0918101473333211,3.3339107377832224,-0.8643560473623072,-0.5933397870280683,3.6834100430083696,-0.732031460575714,-0.41632878569852894
59.849602638,4.054037598126412,0.1936067207156295,-0.0918101569723227,3.3339107377832224,-0.8643560473623072,-0.5933397870280683,3.6834100430083696,-0.732031460575714,-0.41632878569852894
59.84985935700001,4.054039505749781,0.1936068377263337,-0.0918101492850012,3.3339107377832224,-0.8643560473623072,-0.5933397870280683,3.6834100430083696,-0.732031460575714,-0.41632878569852894
59.86647403400001,4.054037598267386,0.1936067207155239,-0.0918075097369761,3.3339107377832224,-0.8643560473623072,-0.5933397870280683,3.6834100430083696,-0.732031460575714,-0.41632878569852894
59.883207368,4.054035691036296,0.1936068421231525,-0.0918075163403022,3.3339107377832224,-0.8643560473623072,-0.5933397870280683,3.6834100430083696,-0.732031460575714,-0.41632878569852894
59.899818759000006,4.054037598632595,0.1936070783431903,-0.0918075203492902,3.3339107377832224,-0.8643560473623072,-0.5933397870280683,3.6834100430083696,-0.732031460575714,-0.41632878569852894
59.916501727,4.054039505635877,0.1936067185171057,-0.0918101441685704,3.3339107377832224,-0.8643560473623072,-0.5933397870280683,3.6834100430083696,-0.732031460575714,-0.41632878569852894
59.933129599000004,4.0540385520972055,0.1936069580348323,-0.0918075236203264,3.3339107377832224,-0.8643560473623072,-0.5933397870280683,3.6834100430083696,-0.732031460575714,-0.41632878569852894
59.949753104,4.054038551916388,0.1936067196163412,-0.0918101486361554,3.3339107377832224,-0.8643560473623072,-0.5933397870280683,3.6834100430083696,-0.732031460575714,-0.41632878569852894
59.98292553,4.05403759849877,0.1936068399246639,-0.0918127720425393,3.3339107377832224,-0.8643560473623072,-0.5933397870280683,3.6834100430083696,-0.732031460575714,-0.41632878569852894
59.983172371,4.054037598448204,0.1936069591340151,-0.0918075204053221,3.3339107377832224,-0.8643560473623072,-0.5933397870280683,3.6834100430083696,-0.732031460575714,-0.41632878569852894
59.999816314,4.054038552053788,0.1936068388255516,-0.0918127866485521,3.3339107377832224,-0.8643560473623072,-0.5933397870280683,3.6834100430083696,-0.732031460575714,-0.41632878569852894
60.016621995,4.054038551728421,0.193606719616482,-0.0918101535152528,3.3339107377832224,-0.8643560473623072,-0.5933397870280683,3.6834100430083696,-0.732031460575714,-0.41632878569852894
60.033171428,4.054038552026718,0.1936069580348852,-0.0918127891681201,3.3339107377832224,-0.8643560473623072,-0.5933397870280683,3.6834100430083696,-0.732031460575714,-0.41632878569852894
60.066260015000005,4.0540375985656825,0.1936069591339271,-0.091812772868353,3.3339107377832224,-0.8643560473623072,-0.5933397870280683,3.6834100430083696,-0.732031460575714,-0.41632878569852894
60.066522795000004,4.054036644873264,0.193606841023829,-0.0918127688081788,3.3339107377832224,-0.8643560473623072,-0.5933397870280683,3.6834100430083696,-0.732031460575714,-0.41632878569852894
60.099560374000006,4.054035691475566,0.19360708054145,-0.0918127732815744,3.3339107377832224,-0.8643560473623072,-0.5933397870280683,3.6834100430083696,-0.732031460575714,-0.41632878569852894
60.099835789000004,4.054037598495196,0.1936069591339799,-0.0918127825839454,3.3339107377832224,-0.8643560473623072,-0.5933397870280683,3.6834100430083696,-0.732031460575714,-0.41632878569852894
60.116505962000005,4.054039505545468,0.1936065993078601,-0.091812772019182,3.3339107377832224,-0.8643560473623072,-0.5933397870280683,3.6834100430083696,-0.732031460575714,-0.41632878569852894
60.149592425,4.054037598267386,0.1936067207155239,-0.0918127775933616,3.3339107377832224,-0.8643560473623072,-0.5933397870280683,3.6834100430083696,-0.732031460575714,-0.41632878569852894
60.166243632000004,4.054036644826272,0.1936068410238642,-0.091815402710885,3.3339107377832224,-0.8643560473623072,-0.5933397870280683,3.6834100430083696,-0.732031460575714,-0.41632878569852894
60.18291897500001,4.05403759794202,0.1936066015064544,-0.0918101524881305,3.3339107377832224,-0.8643560473623072,-0.5933397870280683,3.6834100430083696,-0.732031460575714,-0.41632878569852894
60.199565333,4.054037598126412,0.1936067207156295,-0.0918127845950253,3.3339107377832224,-0.8643560473623072,-0.5933397870280683,3.6834100430083696,-0.732031460575714,-0.41632878569852894
60.216236738000006,4.05403855154403,0.1936066004073069,-0.0918101580189846,3.3339107377832224,-0.8643560473623072,-0.5933397870280683,3.6834100430083696,-0.732031460575714,-0.41632878569852894
60.232960493,4.054038552124275,0.1936068388254988,-0.0918101389634069,3.3339107377832224,-0.8643560473623072,-0.5933397870280683,3.6834100430083696,-0.732031460575714,-0.41632878569852894
60.233302104,4.054038551825979,0.1936066004070956,-0.091810141793811,3.3339107377832224,-0.8643560473623072,-0.5933397870280683,3.6834100430083696,-0.732031460575714,-0.41632878569852894
60.249851437000004,4.054038551983301,0.1936068388256044,-0.0918101517632774,3.3339107377832224,-0.8643560473623072,-0.5933397870280683,3.6834100430083696,-0.732031460575714,-0.41632878569852894
60.26654541600001,4.05403855210078,0.1936068388255164,-0.0918075114662731,3.3339107377832224,-0.8643560473623072,-0.5933397870280683,3.6834100430083696,-0.732031460575714,-0.41632878569852894
60.283151747000005,4.05403759807942,0.1936067207156648,-0.091807522502934,3.3339107377832224,-0.8643560473623072,-0.5933397870280683,3.6834100430083696,-0.732031460575714,-0.41632878569852894
60.316294958,4.054037598287308,0.1936068399248223,-0.0918075190433804,3.3339107377832224,-0.8643560473623072,-0.5933397870280683,3.6834100430083696,-0.732031460575714,-0.41632878569852894
60.316523353,4.054037598542187,0.1936069591339446,-0.0918101472991536,3.3339107377832224,-0.8643560473623072,-0.5933397870280683,3.6834100430083696,-0.732031460575714,-0.41632878569852894
60.349610006000006,4.054037598310804,0.1936068399248047,-0.091807520102834,3.3339107377832224,-0.8643560473623072,-0.5933397870280683,3.6834100430083696,-0.732031460575714,-0.41632878569852894
60.366243038,4.054036644453914,0.1936067218148298,-0.091810156040525,3.3339107377832224,-0.8643560473623072,-0.5933397870280683,3.6834100430083696,-0.732031460575714,-0.41632878569852894
60.382968517,4.054037598542187,0.1936069591339446,-0.0918101469406594,3.3339107377832224,-0.8643560473623072,-0.5933397870280683,3.6834100430083696,-0.732031460575714,-0.41632878569852894
60.383228763000005,4.054038551963379,0.193606719616306,-0.0918127731469653,3.3339107377832224,-0.8643560473623072,-0.5933397870280683,3.6834100430083696,-0.732031460575714,-0.41632878569852894
60.399811599,4.054038551775413,0.1936067196164468,-0.0918127845858628,3.3339107377832224,-0.8643560473623072,-0.5933397870280683,3.6834100430083696,-0.732031460575714,-0.41632878569852894
60.41648330500001,4.054039505682868,0.1936067185170705,-0.09181013850799,3.3339107377832224,-0.8643560473623072,-0.5933397870280683,3.6834100430083696,-0.732031460575714,-0.41632878569852894
60.43326441000001,4.054035691126705,0.193606961332398,-0.0918101539022954,3.3339107377832224,-0.8643560473623072,-0.5933397870280683,3.6834100430083696,-0.732031460575714,-0.41632878569852894
60.44984981100001,4.054036644913106,0.1936070794424257,-0.0918075213325035,3.3339107377832224,-0.8643560473623072,-0.5933397870280683,3.6834100430083696,-0.732031460575714,-0.41632878569852894
60.482935222,4.054037598475274,0.1936068399246815,-0.0918101410586966,3.3339107377832224,-0.8643560473623072,-0.5933397870280683,3.6834100430083696,-0.732031460575714,-0.41632878569852894
60.49957615900001,4.054038552006797,0.1936068388255868,-0.0918101498398911,3.3339107377832224,-0.8643560473623072,-0.5933397870280683,3.6834100430083696,-0.732031460575714,-0.41632878569852894
60.499820465000006,4.054038552006797,0.1936068388255868,-0.0918101476944137,3.3339107377832224,-0.8643560473623072,-0.5933397870280683,3.6834100430083696,-0.732031460575714,-0.41632878569852894
60.516501789,4.0540375983343,0.1936068399247871,-0.0918127819219883,3.3339107377832224,-0.8643560473623072,-0.5933397870280683,3.6834100430083696,-0.732031460575714,-0.41632878569852894
60.549577251,4.054037598589178,0.1936069591339095,-0.0918127751849889,3.3339107377832224,-0.8643560473623072,-0.5933397870280683,3.6834100430083696,-0.732031460575714,-0.41632878569852894
60.566260318000005,4.0540366445948885,0.1936067218147242,-0.0918127806390642,3.3339107377832224,-0.8643560473623072,-0.5933397870280683,3.6834100430083696,-0.732031460575714,-0.41632878569852894
60.582887339,4.05403759821682,0.1936068399248751,-0.0918101551177438,3.3339107377832224,-0.8643560473623072,-0.5933397870280683,3.6834100430083696,-0.732031460575714,-0.41632878569852894
60.583198382000006,4.054038551802483,0.1936066004071132,-0.0918127819373277,3.3339107377832224,-0.8643560473623072,-0.5933397870280683,3.6834100430083696,-0.732031460575714,-0.41632878569852894
60.616238847000005,4.054037598542187,0.1936069591339446,-0.0918127811179106,3.3339107377832224,-0.8643560473623072,-0.5933397870280683,3.6834100430083696,-0.732031460575714,-0.41632878569852894
60.63293341600001,4.054038552124275,0.1936068388254988,-0.0918101421269607,3.3339107377832224,-0.8643560473623072,-0.5933397870280683,3.6834100430083696,-0.732031460575714,-0.41632878569852894
60.633313320000006,4.054038551986875,0.1936067196162884,-0.0918075059095877,3.3339107377832224,-0.8643560473623072,-0.5933397870280683,3.6834100430083696,-0.732031460575714,-0.41632878569852894
60.649897529,4.054038552285172,0.1936069580346915,-0.0918101445781633,3.3339107377832224,-0.8643560473623072,-0.5933397870280683,3.6834100430083696,-0.732031460575714,-0.41632878569852894
60.666468293,4.054038551869397,0.1936067196163764,-0.091807515313398,3.3339107377832224,-0.8643560473623072,-0.5933397870280683,3.6834100430083696,-0.732031460575714,-0.41632878569852894
60.699618407,4.054038552033867,0.1936067196162532,-0.091810138048594,3.3339107377832224,-0.8643560473623072,-0.5933397870280683,3.6834100430083696,-0.732031460575714,-0.41632878569852894
60.699902007000006,4.054038552010371,0.1936067196162708,-0.0918127743832409,3.3339107377832224,-0.8643560473623072,-0.5933397870280683,3.6834100430083696,-0.732031460575714,-0.41632878569852894
60.732894551,4.054038552493059,0.1936070772438491,-0.0918101379515105,3.3339107377832224,-0.8643560473623072,-0.5933397870280683,3.6834100430083696,-0.732031460575714,-0.41632878569852894
60.749563732000006,4.054034737732581,0.1936070816407031,-0.0918127838538909,3.3339107377832224,-0.8643560473623072,-0.5933397870280683,3.6834100430083696,-0.732031460575714,-0.41632878569852894
60.749915272,4.054037598632595,0.1936070783431903,-0.0918101495907486,3.3339107377832224,-0.8643560473623072,-0.5933397870280683,3.6834100430083696,-0.732031460575714,-0.41632878569852894
60.782939796,4.05403855207371,0.1936069580348499,-0.0918127899484893,3.3339107377832224,-0.8643560473623072,-0.5933397870280683,3.6834100430083696,-0.732031460575714,-0.41632878569852894
60.783266609,4.0540395054749805,0.193606599307913,-0.0918127752312718,3.3339107377832224,-0.8643560473623072,-0.5933397870280683,3.6834100430083696,-0.732031460575714,-0.41632878569852894
60.799779923,4.054036644846193,0.1936069602331625,-0.0918154117943022,3.3339107377832224,-0.8643560473623072,-0.5933397870280683,3.6834100430083696,-0.732031460575714,-0.41632878569852894
60.816444776000004,4.054037598428282,0.1936068399247167,-0.0918127769906023,3.3339107377832224,-0.8643560473623072,-0.5933397870280683,3.6834100430083696,-0.732031460575714,-0.41632878569852894
60.833261509,4.054038552077284,0.193606838825534,-0.0918127759634168,3.3339107377832224,-0.8643560473623072,-0.5933397870280683,3.6834100430083696,-0.732031460575714,-0.41632878569852894
60.849882748000006,4.054038552033867,0.1936067196162532,-0.0918127742919394,3.3339107377832224,-0.8643560473623072,-0.5933397870280683,3.6834100430083696,-0.732031460575714,-0.41632878569852894
60.866585744000005,4.054038552033867,0.1936067196162532,-0.0918127699047621,3.3339107377832224,-0.8643560473623072,-0.5933397870280683,3.6834100430083696,-0.732031460575714,-0.41632878569852894
60.883175995,4.054038552053788,0.1936068388255516,-0.0918101424724365,3.3339107377832224,-0.8643560473623072,-0.5933397870280683,3.6834100430083696,-0.732031460575714,-0.41632878569852894
60.89985432300001,4.054035690871825,0.1936068421232757,-0.0918075242937559,3.3339107377832224,-0.8643560473623072,-0.5933397870280683,3.6834100430083696,-0.732031460575714,-0.41632878569852894
60.91652039900001,4.054036645007089,0.1936070794423553,-0.091810148285643,3.3339107377832224,-0.8643560473623072,-0.5933397870280683,3.6834100430083696,-0.732031460575714,-0.41632878569852894
60.933233944,4.054038552030293,0.1936068388255692,-0.0918127832443746,3.3339107377832224,-0.8643560473623072,-0.5933397870280683,3.6834100430083696,-0.732031460575714,-0.41632878569852894
60.966247628000005,4.054038552104354,0.1936067196162004,-0.0918101370442058,3.3339107377832224,-0.8643560473623072,-0.5933397870280683,3.6834100430083696,-0.732031460575714,-0.41632878569852894
60.966537982000006,4.054037598451778,0.1936068399246991,-0.0918127799552613,3.3339107377832224,-0.8643560473623072,-0.5933397870280683,3.6834100430083696,-0.732031460575714,-0.41632878569852894
60.983147379,4.05403664428587,0.193606841024269,-0.0918101715261996,3.3339107377832224,-0.8643560473623072,-0.5933397870280683,3.6834100430083696,-0.732031460575714,-0.41632878569852894
60.99976156500001,4.054038551983301,0.1936068388256044,-0.0918101498511438,3.3339107377832224,-0.8643560473623072,-0.5933397870280683,3.6834100430083696,-0.732031460575714,-0.41632878569852894
61.016543652,4.054039505800347,0.1936067185169825,-0.0918127690019206,3.3339107377832224,-0.8643560473623072,-0.5933397870280683,3.6834100430083696,-0.732031460575714,-0.41632878569852894
61.033195119000005,4.054037598223969,0.1936066015062431,-0.091812772015276,3.3339107377832224,-0.8643560473623072,-0.5933397870280683,3.6834100430083696,-0.732031460575714,-0.41632878569852894
61.06626141300001,4.05403759821682,0.1936068399248751,-0.0918075247053207,3.3339107377832224,-0.8643560473623072,-0.5933397870280683,3.6834100430083696,-0.732031460575714,-0.41632878569852894
61.066623152000005,4.054038552308668,0.1936069580346739,-0.0918101385952359,3.3339107377832224,-0.8643560473623072,-0.5933397870280683,3.6834100430083696,-0.732031460575714,-0.41632878569852894
61.083254371,4.0540366444069225,0.193606721814865,-0.0918048970948697,3.3339107377832224,-0.8643560473623072,-0.5933397870280683,3.6834100430083696,-0.732031460575714,-0.41632878569852894
61.11627035,4.054036644752211,0.1936069602332329,-0.0918048941705671,3.3339107377832224,-0.8643560473623072,-0.5933397870280683,3.6834100430083696,-0.732031460575714,-0.41632878569852894
61.116595369,4.054038552214684,0.1936069580347443,-0.0918101497936295,3.3339107377832224,-0.8643560473623072,-0.5933397870280683,3.6834100430083696,-0.732031460575714,-0.41632878569852894
61.149595587,4.054039505126119,0.193606480098861,-0.0918075259858448,3.3339107377832224,-0.8643560473623072,-0.5933397870280683,3.6834100430083696,-0.732031460575714,-0.41632878569852894
61.149906029,4.054037598424708,0.1936069591340327,-0.091807518968155,3.3339107377832224,-0.8643560473623072,-0.5933397870280683,3.6834100430083696,-0.732031460575714,-0.41632878569852894
61.182890056000005,4.05403759794202,0.1936066015064544,-0.0918101544453556,3.3339107377832224,-0.8643560473623072,-0.5933397870280683,3.6834100430083696,-0.732031460575714,-0.41632878569852894
61.18321610700001,4.054037598287308,0.1936068399248223,-0.0918075175269876,3.3339107377832224,-0.8643560473623072,-0.5933397870280683,3.6834100430083696,-0.732031460575714,-0.41632878569852894
61.199774006000005,4.054037598609099,0.1936070783432079,-0.0918101504251307,3.3339107377832224,-0.8643560473623072,-0.5933397870280683,3.6834100430083696,-0.732031460575714,-0.41632878569852894
61.232896327000006,4.054037598032428,0.1936067207156999,-0.0918127918088078,3.3339107377832224,-0.8643560473623072,-0.5933397870280683,3.6834100430083696,-0.732031460575714,-0.41632878569852894
61.23311137700001,4.054038552050214,0.1936069580348676,-0.0918101531768081,3.3339107377832224,-0.8643560473623072,-0.5933397870280683,3.6834100430083696,-0.732031460575714,-0.41632878569852894
61.249838489000005,4.054037598193324,0.1936068399248927,-0.0918101550542832,3.3339107377832224,-0.8643560473623072,-0.5933397870280683,3.6834100430083696,-0.732031460575714,-0.41632878569852894
61.266570299,4.054038551963379,0.193606719616306,-0.0918127740041717,3.3339107377832224,-0.8643560473623072,-0.5933397870280683,3.6834100430083696,-0.732031460575714,-0.41632878569852894
61.299615072,4.054038552010371,0.1936067196162708,-0.0918127774225414,3.3339107377832224,-0.8643560473623072,-0.5933397870280683,3.6834100430083696,-0.732031460575714,-0.41632878569852894
61.316273383,4.05403855210078,0.1936068388255164,-0.0918127763084947,3.3339107377832224,-0.8643560473623072,-0.5933397870280683,3.6834100430083696,-0.732031460575714,-0.41632878569852894
61.332919751000006,4.054037598357795,0.1936068399247695,-0.0918127812632415,3.3339107377832224,-0.8643560473623072,-0.5933397870280683,3.6834100430083696,-0.732031460575714,-0.41632878569852894
61.333180387000006,4.054038551842326,0.19360683882571,-0.0918101523204584,3.3339107377832224,-0.8643560473623072,-0.5933397870280683,3.6834100430083696,-0.732031460575714,-0.41632878569852894
61.366279604000006,4.054038551959805,0.193606838825622,-0.091810151594884,3.3339107377832224,-0.8643560473623072,-0.5933397870280683,3.6834100430083696,-0.732031460575714,-0.41632878569852894
61.366589825000005,4.054037597965515,0.1936066015064368,-0.0918127884953131,3.3339107377832224,-0.8643560473623072,-0.5933397870280683,3.6834100430083696,-0.732031460575714,-0.41632878569852894
61.399709741,4.054038552449642,0.1936069580345683,-0.0918127650463561,3.3339107377832224,-0.8643560473623072,-0.5933397870280683,3.6834100430083696,-0.732031460575714,-0.41632878569852894
61.399990366000004,4.054034737615103,0.1936070816407911,-0.0918127815438628,3.3339107377832224,-0.8643560473623072,-0.5933397870280683,3.6834100430083696,-0.732031460575714,-0.41632878569852894
61.43290759600001,4.054037598495196,0.1936069591339799,-0.0918101472025928,3.3339107377832224,-0.8643560473623072,-0.5933397870280683,3.6834100430083696,-0.732031460575714,-0.41632878569852894
61.433266249000006,4.054038552077284,0.193606838825534,-0.0918127774597903,3.3339107377832224,-0.8643560473623072,-0.5933397870280683,3.6834100430083696,-0.732031460575714,-0.41632878569852894
61.44977222000001,4.054038551939883,0.1936067196163236,-0.0918154090135399,3.3339107377832224,-0.8643560473623072,-0.5933397870280683,3.6834100430083696,-0.732031460575714,-0.41632878569852894
61.48295503600001,4.054036644500906,0.1936067218147946,-0.0918154120401212,3.3339107377832224,-0.8643560473623072,-0.5933397870280683,3.6834100430083696,-0.732031460575714,-0.41632878569852894
61.49959255700001,4.054036644410497,0.1936066026055491,-0.091812772185128,3.3339107377832224,-0.8643560473623072,-0.5933397870280683,3.6834100430083696,-0.732031460575714,-0.41632878569852894
61.49992726400001,4.054037598448204,0.1936069591340151,-0.0918127776369447,3.3339107377832224,-0.8643560473623072,-0.5933397870280683,3.6834100430083696,-0.732031460575714,-0.41632878569852894
61.53294850300001,4.054037598542187,0.1936069591339446,-0.0918127749418292,3.3339107377832224,-0.8643560473623072,-0.5933397870280683,3.6834100430083696,-0.732031460575714,-0.41632878569852894
61.533277389000006,4.054037598475274,0.1936068399246815,-0.0918154048752072,3.3339107377832224,-0.8643560473623072,-0.5933397870280683,3.6834100430083696,-0.732031460575714,-0.41632878569852894
61.549842993000006,4.054037598475274,0.1936068399246815,-0.0918153998511399,3.3339107377832224,-0.8643560473623072,-0.5933397870280683,3.6834100430083696,-0.732031460575714,-0.41632878569852894
61.566546069000005,4.054034737568111,0.1936070816408263,-0.0918127884784578,3.3339107377832224,-0.8643560473623072,-0.5933397870280683,3.6834100430083696,-0.732031460575714,-0.41632878569852894
61.583158994,4.054037598515116,0.1936070783432783,-0.0918101537804695,3.3339107377832224,-0.8643560473623072,-0.5933397870280683,3.6834100430083696,-0.732031460575714,-0.41632878569852894
61.599849726,4.054038551638013,0.1936066004072365,-0.0918154184345715,3.3339107377832224,-0.8643560473623072,-0.5933397870280683,3.6834100430083696,-0.732031460575714,-0.41632878569852894
61.61646806,4.054038552077284,0.193606838825534,-0.0918127731934778,3.3339107377832224,-0.8643560473623072,-0.5933397870280683,3.6834100430083696,-0.732031460575714,-0.41632878569852894
61.63321611200001,4.054034737202903,0.19360672401316,-0.0918127811129394,3.3339107377832224,-0.8643560473623072,-0.5933397870280683,3.6834100430083696,-0.732031460575714,-0.41632878569852894
61.66628128400001,4.054037598750074,0.1936070783431022,-0.0918127766667674,3.3339107377832224,-0.8643560473623072,-0.5933397870280683,3.6834100430083696,-0.732031460575714,-0.41632878569852894
61.666584081,4.054038551822405,0.1936067196164116,-0.0918127846820027,3.3339107377832224,-0.8643560473623072,-0.5933397870280683,3.6834100430083696,-0.732031460575714,-0.41632878569852894
61.699621480000005,4.054038551963379,0.193606719616306,-0.0918127742290357,3.3339107377832224,-0.8643560473623072,-0.5933397870280683,3.6834100430083696,-0.732031460575714,-0.41632878569852894
61.716234925,4.054035691153775,0.1936068421230644,-0.0918101426310229,3.3339107377832224,-0.8643560473623072,-0.5933397870280683,3.6834100430083696,-0.732031460575714,-0.41632878569852894
61.716594861000004,4.054036644896759,0.1936068410238113,-0.0918127715957785,3.3339107377832224,-0.8643560473623072,-0.5933397870280683,3.6834100430083696,-0.732031460575714,-0.41632878569852894
61.749567717000005,4.05403759821682,0.1936068399248751,-0.0918101585621857,3.3339107377832224,-0.8643560473623072,-0.5933397870280683,3.6834100430083696,-0.732031460575714,-0.41632878569852894
61.749896994000004,4.054038551936309,0.1936068388256396,-0.091810151341064,3.3339107377832224,-0.8643560473623072,-0.5933397870280683,3.6834100430083696,-0.732031460575714,-0.41632878569852894
61.766491223,4.054038552033867,0.1936067196162532,-0.0918101360706039,3.3339107377832224,-0.8643560473623072,-0.5933397870280683,3.6834100430083696,-0.732031460575714,-0.41632878569852894
61.78311513800001,4.05403473724632,0.1936068432224408,-0.0918075299634637,3.3339107377832224,-0.8643560473623072,-0.5933397870280683,3.6834100430083696,-0.732031460575714,-0.41632878569852894
61.799825288,4.054037598609099,0.1936070783432079,-0.091810146998667,3.3339107377832224,-0.8643560473623072,-0.5933397870280683,3.6834100430083696,-0.732031460575714,-0.41632878569852894
61.816500971,4.054039505357502,0.193606599308001,-0.0918101527706062,3.3339107377832224,-0.8643560473623072,-0.5933397870280683,3.6834100430083696,-0.732031460575714,-0.41632878569852894
61.84956273700001,4.052825917206194,0.1939876799255081,-0.0917785334050271,3.3317081382018587,-0.8628726300687038,-0.5927145663734277,3.6809806482421004,-0.7309590740537875,-0.4157035650438883
61.866247348,4.050384325320833,0.1938251507032746,-0.0926871374864168,3.3294547618930355,-0.8613550152343225,-0.5920774664750037,3.6784952483854045,-0.7298619655235883,-0.4150664651454643
61.866469321000004,4.047027021730862,0.194328745996408,-0.0930534931136936,3.329392600521363,-0.8613131478849309,-0.5920950849177169,3.678426685980676,-0.7298316982519728,-0.4150840835881775
61.88319502,4.042574723769067,0.1946804193374967,-0.0941862771884095,3.3247084131316864,-0.8581582745630494,-0.5933575050770532,3.673260156197106,-0.7275509511870367,-0.4163465037475138
61.899878819,4.0371193728563215,0.1952144470358053,-0.0950031307264372,3.318677524199688,-0.8541017984359798,-0.5913362822327493,3.666609206370534,-0.7246198274632746,-0.41432528090320986
61.91658993,4.030964101143556,0.1958158002879065,-0.0957809492026677,3.3109234998777803,-0.8488925842857495,-0.5918365179966596,3.658059062735989,-0.7208574015070136,-0.4148255166671202
61.933185782,4.024529438527201,0.1964476355356357,-0.0965393607087305,3.3058448128754185,-0.8454756071390628,-0.592637947983119,3.6524580442696637,-0.7183881128181762,-0.4156269466535796
61.949810839,4.017988934973828,0.1970935402717355,-0.097381145623694,3.3005046059752945,-0.8418769591824573,-0.5933140628808515,3.646567602244237,-0.7157860425660876,-0.41630306155131214
61.966489829000004,4.0114102929075885,0.1977473567842419,-0.0983378384665362,3.2949275890641503,-0.8381127035909801,-0.5941446722179133,3.640414888973549,-0.7130626518130276,-0.41713367088837394
61.983115317000006,4.004805911108334,0.1984089515734604,-0.0994406109585671,3.289465777587187,-0.8344190784723593,-0.5950912837146238,3.6343880181685724,-0.710388501587831,-0.41808028238508443
61.999877465000004,3.9981889030178,0.1990791439902469,-0.1006725134278574,3.2866823505975677,-0.8325326251913083,-0.595640603012729,3.6313159019319463,-0.7090216535286862,-0.41862960168318963
62.01646500100001,3.99156451458506,0.1997587624536308,-0.1020100099495249,3.2814610856637003,-0.8289897118481557,-0.5967323100867343,3.625552357535671,-0.7064535027428319,-0.41972130875719493
62.033124734000005,3.9849244020813743,0.2004481742088761,-0.1034070811582867,3.2729869996055445,-0.8232221212719839,-0.598677390789276,3.6161950801223295,-0.7022682196000626,-0.42166638945973656
62.049821006,3.97827857961399,0.201147963760537,-0.1048934091872057,3.2702060289771855,-0.8213221447006042,-0.5993782964929926,3.6131230005747836,-0.7008876270239794,-0.42236729516345317
62.06649686,3.971628953846525,0.2018581289107236,-0.1064449654150268,3.2669705660128785,-0.8191105893941202,-0.6002000860387504,3.6095486651010424,-0.6992803549909378,-0.423189084709211
62.099585908,3.9649745736986888,0.2025799820591404,-0.108049912366345,3.2537219505554202,-0.8100071783561233,-0.6038007026453847,3.5949040649083925,-0.6926521131981427,-0.42678970131584526
62.099867374000006,3.958316868974354,0.203313521557515,-0.1096949222956941,3.253674817912942,-0.8099746684292417,-0.6038143134981819,3.5948519441306668,-0.6926284107539211,-0.42680331216864253
62.132910274000004,3.951653455425365,0.2040586309445851,-0.111365224211922,3.2400958912103603,-0.8005704609243094,-0.6077717940065908,3.579829227329412,-0.6857622364844161,-0.43076079267705136
62.133226025000006,3.944988148667243,0.2048157826601092,-0.1130532911837152,3.2399909226580728,-0.800497561358033,-0.6078027878179229,3.5797130622280555,-0.6857089597262607,-0.43079178648838345
62.149828480000004,3.938318563757682,0.2055845026154051,-0.1147540930832831,3.2344029781615413,-0.7966034004991684,-0.6094866722329324,3.5735267173539884,-0.6828596177688734,-0.432475670903393
62.182927546,3.9316485161804295,0.2063657400875834,-0.1164629891067411,3.226183022220895,-0.790847663436219,-0.6119841971124353,3.5644216863889993,-0.6786412536391945,-0.43497319578289595
62.183209804,3.924976097776812,0.2071584243918345,-0.1181571057669774,3.2261362514434166,-0.7908148351139483,-0.6119986024565973,3.5643698657562912,-0.678617174054588,-0.4349876011270579
62.199801597000004,3.9183013090857055,0.2079633899929477,-0.119815100398191,3.223386954493888,-0.7888851086663153,-0.6128453826662961,3.5613237263695456,-0.6772017191044406,-0.43583438133675667
62.216554268,3.9116270097143353,0.2087790838733058,-0.1214284740945852,3.2123990675632728,-0.7811318281090418,-0.6160966363470792,3.549142271372225,-0.6715044238910931,-0.43908563501753983
62.233197039000004,3.904950338822451,0.2096058669583169,-0.1229892040878542,3.206897158918933,-0.7772296969345072,-0.6176932868086253,3.543039214512428,-0.6686320862716574,-0.44068228547908594
62.249797759,3.8982717723151454,0.2104426658152586,-0.1244934918011266,3.201444461344633,-0.7733496853929647,-0.6192100992706875,3.5369884947744716,-0.6657728571706618,-0.4421990979411481
62.26648241,3.8915922637673583,0.2112895985543171,-0.1259472050006799,3.198673436344258,-0.7713716337852111,-0.6199639518250026,3.5339124573661507,-0.6643136582197808,-0.44295295049546324
62.283191637,3.884914197316916,0.2121465432182107,-0.1273423962716593,3.19587319676212,-0.769372528584497,-0.6207243178390489,3.530803954584398,-0.6628388789899544,-0.4437133165095095
62.316274413,3.878231373703881,0.2130131493240928,-0.1286926120265583,3.17967617148022,-0.7577414005367547,-0.6247705395714114,3.51281191438068,-0.6542415970384711,-0.447759538241872
62.316478321000005,3.871550944083685,0.2138886933731213,-0.1299935455094248,3.1796081520843846,-0.7576924139328773,-0.6247869708794447,3.512736331871049,-0.6542053532830492,-0.4477759695499053
62.333244928000006,3.86486957090241,0.2147725831657062,-0.131215465780837,3.1768065194153845,-0.755669319618966,-0.6254468307560312,3.509622233573571,-0.6527072050899002,-0.44843582942649185
62.34988443300001,3.8581872527247634,0.2156641034470429,-0.132375128846732,3.174065937586558,-0.7536901571822175,-0.626091829609611,3.5065759680407385,-0.6512415519880356,-0.44908082828007156
62.382949114000006,3.851503989919529,0.2165634926354818,-0.1334851293398963,3.1604446343416934,-0.7438084987748887,-0.6289664780889352,3.491427463447211,-0.6439128492687569,-0.45195547675939585
62.399582427000006,3.844824549290803,0.2174694339337425,-0.1345857293160593,3.157703156107848,-0.7418139531702636,-0.6295112022255704,3.4883776067238603,-0.6424322112162234,-0.45250020089603105
62.399937824000006,3.838146070876874,0.218382765103828,-0.1356187578595947,3.1541248623099767,-0.7392046871659418,-0.630224227436122,3.4843957652390203,-0.6404938113671725,-0.45321322610658266
62.432961957,3.831463308446722,0.2193026577269204,-0.1365787440856968,3.14415625473252,-0.7319185563740116,-0.6320755554325705,3.4732999222608285,-0.6350768834967138,-0.45506455410303115
62.449600551,3.824777215860808,0.2202291107036783,-0.1374691393835511,3.1414359007088275,-0.7299263818496623,-0.6325495937453218,3.470271277188467,-0.6335948597535344,-0.45553859241578243
62.46623592700001,3.818096374405328,0.2211606836308628,-0.1383553656814949,3.135920302559623,-0.7258795571021367,-0.633443762848799,3.464129265918217,-0.6305825000411471,-0.4564327615192596
62.466460956000006,3.811410772006967,0.2220986993514086,-0.1391599962178369,3.134297167267514,-0.7246864766821052,-0.6336969743908436,3.4623214058333156,-0.6296938769609982,-0.4566859730613042
62.483273090000004,3.804730419699604,0.2230412389765932,-0.1399546762436233,3.1249826677580095,-0.7178328309019189,-0.6350799959393085,3.451945605553962,-0.6245874956438819,-0.45806899460976913
62.499791424,3.7980453061653607,0.223989506139472,-0.1406799978586387,3.1197135650347514,-0.7139467541151806,-0.6358451830228371,3.446074543873005,-0.6216899672075988,-0.4588341816932977
62.516516952,3.791364488265061,0.2249418214695245,-0.1413980567979769,3.1168921804996015,-0.711862711598783,-0.6362335434162119,3.4429302700924347,-0.6201353012312059,-0.45922254208667246
62.533219096,3.784681769029101,0.225899026575321,-0.1420516178470625,3.114086986976828,-0.7097903987868253,-0.636618247330552,3.439803999791245,-0.6185893306316435,-0.45960724600101255
62.549881885000005,3.778001915455167,0.2268604007060026,-0.1427071265373414,3.107682848528286,-0.7050512908410382,-0.6374441918682852,3.432665429369828,-0.61505196639702,-0.46043319053874576
62.582947117,3.7713177754459455,0.2278259521052373,-0.143299233891755,3.097966449540251,-0.6978473850288199,-0.638564135270915,3.4218323329126563,-0.6096715677690725,-0.46155313394137565
62.599625727,3.7646360239335617,0.2287956730792037,-0.1438621603705281,3.0924854404739945,-0.6937760172776586,-0.6392143848767446,3.4157200485205865,-0.6066289578269284,-0.46220338354720525
62.59989766500001,3.757953799968959,0.2297688516695716,-0.1443995854799629,3.0893955988028172,-0.6914779694773807,-0.6395239732506837,3.4122738286259144,-0.6049109026232542,-0.46251297192114427
62.616560644,3.751273486757283,0.2307451275011317,-0.1449067083957612,3.084340220252468,-0.6877157591866356,-0.6400296636297034,3.406634962965195,-0.6020976709194155,-0.463018662300164
62.649599776,3.744591270121876,0.231724624179614,-0.1453889387552195,3.073565645774922,-0.6796847205115455,-0.6410240133702665,3.3946145773982925,-0.5960893959426874,-0.4640130120407271
62.649931368000004,3.737909534303746,0.2327076965849127,-0.1458497777567612,3.0735113585625946,-0.6796442144456295,-0.6410291094696947,3.394554005820353,-0.5960590821381719,-0.4640181081401553
62.666556976,3.731228278595971,0.2336936294616776,-0.1462894319604759,3.069803802542509,-0.6768771011321426,-0.6413645806957291,3.3904171268828587,-0.5939880629716112,-0.4643535793661897
62.683280351,3.724547025844085,0.2346820657318075,-0.1467064494650835,3.0601037719722513,-0.6696286842693795,-0.6421541629097858,3.3795923052123715,-0.5885609665211614,-0.4651431615802464
62.699972075000005,3.717867683496264,0.2356734800340776,-0.1470977610592944,3.0572853237168234,-0.667519843873219,-0.6423836913049565,3.376446555219637,-0.5869813731025212,-0.46537268997541714
62.71658515000001,3.711186913693144,0.2366672801691267,-0.1474700847111411,3.0514866520147503,-0.663178992578624,-0.642817245792989,3.3699741190186487,-0.5837294270552524,-0.46580624446344965
62.749698854,3.704506146755504,0.2376634644882951,-0.1478251891824639,3.041102997054334,-0.6553965292594071,-0.6435332068193098,3.3583823157780373,-0.5778970070358367,-0.4665222054897704
62.766269387,3.6978249056392087,0.2386619143320255,-0.1481648365205342,3.0384083527819263,-0.6533753999122643,-0.6437190547861986,3.355373880128209,-0.5763819537253732,-0.4667080534566592
62.7666121,3.691144143295536,0.2396623901830311,-0.1484826536148368,3.0383419891031673,-0.6533256117555565,-0.6437235005471074,3.3552997863202174,-0.5763446293898262,-0.46671249921756797
62.799773646000006,3.684464337449998,0.2406650107003591,-0.1487836076046401,3.024942965732912,-0.6432628773237342,-0.6445140094214112,3.3403382030207243,-0.5687985392303883,-0.46750300809187184
62.800059611,3.6777850106626064,0.2416695380154352,-0.1490710625325016,3.024896026659833,-0.6432275983519634,-0.6445166601246157,3.340285785191991,-0.5687720769239581,-0.46750565879507633
62.81651573600001,3.671103778423176,0.2426759748765066,-0.1493434631782356,3.022194873532743,-0.6411974367261015,-0.6446691973346659,3.337269351915602,-0.5672492786010656,-0.4676581960051265
62.833182814000004,3.664423978874547,0.243684079017529,-0.1495976740258719,3.0113569444731323,-0.6330441484659713,-0.6452471510232249,3.325165075025403,-0.5611318202465431,-0.46823614969368554
62.86625295500001,3.657745134781042,0.2446938509884019,-0.1498434426554482,3.003309305229371,-0.6269838847423234,-0.6456176970529492,3.3161760446962,-0.5565833449483183,-0.46860669572340985
62.866580319,3.6510662921754418,0.2457049342606065,-0.1500743769447581,3.0032562860512773,-0.6269439445819279,-0.6456203634031299,3.31611682098793,-0.5565533649210177,-0.4686093620735905
62.899563535000006,3.644386497562492,0.2467176875611502,-0.1502937660876048,2.995181109715151,-0.6208587838056763,-0.6459582352804203,3.307096299775549,-0.5519852305546333,-0.4689472339508809
62.899865420000005,3.637709566089325,0.2477317488649493,-0.1505048275064379,2.9950833570825166,-0.6207850764067858,-0.6459625105533626,3.3069870955912024,-0.5519298879493507,-0.4689515092238232
62.932932937000004,3.630991156439853,0.2487521760726388,-0.1509005680007011,2.9844926195220416,-0.6127973465532336,-0.6464282646747481,3.2951553005490535,-0.5459318735805148,-0.4694172633452087
62.933264458000004,3.6244367571644487,0.2497531023250762,-0.1508928743560744,2.9843874854787567,-0.612718031109151,-0.646432983267903,3.29503784278305,-0.5458723103373794,-0.4694219819383636
62.949842967,3.617756488473975,0.2507678827314794,-0.1508911297954777,2.979063922749605,-0.6086993627714203,-0.6467987249145208,3.289089824275192,-0.542853851927848,-0.46978772358498144
62.982986067000006,3.611044280763481,0.2517902101410816,-0.1512286277626103,2.965670071665823,-0.598583982685366,-0.646969006446235,3.2741240621704986,-0.5352550279553107,-0.4699580051166956
62.983310235000005,3.604453649519298,0.2527983307162451,-0.1512191556825241,2.9656164894938626,-0.598543504468115,-0.6469723573645432,3.2740641895200766,-0.5352246174151108,-0.4699613560350038
62.999909964000004,3.59777433602907,0.2538146597433764,-0.1511634539782379,2.9628726975903557,-0.5964707291270219,-0.6471439484402066,3.270998279956147,-0.5336673794210337,-0.4701329471106672
63.016537716,3.5910964560632417,0.2548338481429674,-0.151339819141629,2.9521525020239987,-0.5883699645302986,-0.6470765981234554,3.259019145695193,-0.5275808925533478,-0.470065596793916
63.03320816,3.584395694172649,0.255857354453988,-0.1515438549035744,2.9468358618180917,-0.5843519954096259,-0.6472437288778332,3.2530780646658957,-0.5245619034614379,-0.4702327275482938
63.06626734100001,3.5777602481855864,0.2568727984537852,-0.151495547426421,2.93873379732778,-0.5782262824128183,-0.6474325458408332,3.244023934680158,-0.5199585852098074,-0.4704215445112938
63.082907637000005,3.5710785543735666,0.2578912759936652,-0.1514434523360562,2.936050818811019,-0.57619751981652,-0.6474155687220322,3.2410256383776193,-0.5184339637237586,-0.4704045673924928
63.099560858000004,3.5644087799262416,0.2589102166319497,-0.1514925859436288,2.930665546676314,-0.572125816024875,-0.6473481817490296,3.23500753579894,-0.5153741648603993,-0.47033718041949024
63.099891107000005,3.557735192311052,0.2599301153404015,-0.1515653457580575,2.9305579735876055,-0.5720444835743753,-0.6473478831389405,3.234887321928252,-0.5153130456145522,-0.47033688180940114
63.132934668000004,3.5510577918063717,0.2609510913281253,-0.1516398829488555,2.917207095432787,-0.5619492908157995,-0.6475163174884306,3.219967416022969,-0.5077265265105693,-0.47050531615889124
63.13329206900001,3.544379438242132,0.26197278367047,-0.1517207324390316,2.917148804904174,-0.5619052060546375,-0.6475170514007442,3.2199022735173566,-0.5076933948662508,-0.47050605007120483
63.166265597000006,3.5377015625300827,0.26299507150902,-0.15178252847311,2.906460511286042,-0.5538203017751183,-0.6476853752570642,3.2079573355307196,-0.5016169029365438,-0.47067437392752476
63.16658754,3.531020826249009,0.2640180779007147,-0.1518363872315848,2.9064075278541535,-0.5537802166261809,-0.6476860410540528,3.2078981214793476,-0.5015867738917515,-0.4706750397245134
63.183221845000006,3.524360169964002,0.2650384385646965,-0.1518208347194971,2.90365439649058,-0.5516973047938083,-0.6477204350221322,3.204821233474674,-0.5000212023624916,-0.47070943369259277
63.216369564000004,3.5176736561744457,0.2660614515931547,-0.1519361408546584,2.890318449107529,-0.5416063724115191,-0.6478032909649696,3.1899167752405746,-0.492436247933136,-0.4707922896354302
63.232928325,3.5110015035965816,0.2670846865101858,-0.1520073297981546,2.887542269248428,-0.5395055078800113,-0.6478555703199351,3.186814037630418,-0.49085706279125174,-0.47084456899039573
63.233225622000006,3.504323152297657,0.2681084054091596,-0.1520563783859502,2.8874553377269403,-0.5394397125112502,-0.6478567279473828,3.1867168786851603,-0.4908076031174259,-0.4708457266178434
63.266244315,3.497644801806785,0.2691326011447812,-0.1520927443844826,2.876752992246016,-0.5313388911302345,-0.6479575649233977,3.1747553055925986,-0.48471791716563173,-0.47094656359385834
63.266544247000006,3.490968359096605,0.2701571523096157,-0.1521496406437998,2.876656445034691,-0.5312658010623386,-0.6479587784287615,3.1746473966987736,-0.48466296998487396,-0.4709477770992221
63.299601724000006,3.484289055271374,0.2711818259814376,-0.1521717815553699,2.863341641193197,-0.5211848980586622,-0.6481096235983923,3.159765517679981,-0.477084165093798,-0.4710986222688529
63.299915732,3.477610705604904,0.2722067369723213,-0.1522049565030865,2.8632904889528965,-0.5211461642408382,-0.6481099454275854,3.1597083441600473,-0.477055043813788,-0.471098944098046
63.316495884000005,3.4708999785156966,0.2732495666974671,-0.1510387016338939,2.859610617042982,-0.5183596154913783,-0.6481330978534698,3.155595294403921,-0.47496001805974075,-0.47112209652393044
63.349621251,3.4640847639396104,0.2742858411087141,-0.1489022655724209,2.8472956550126907,-0.5090772841800332,-0.6417755884235783,3.1418382530329114,-0.4679912464967298,-0.4647645870940389
63.366260175,3.4572147175767296,0.2753029860212523,-0.1458309152733765,2.8441955316454353,-0.5067635145186297,-0.6391456902486699,3.1383791436674726,-0.46625952557921224,-0.46213468891913045
63.36652515,3.450314599112552,0.2762928666493904,-0.1419358052444888,2.8406616795662036,-0.504148125925617,-0.6360677606049094,3.134439971358647,-0.46430727315400416,-0.45905675927537004
63.399583419,3.4434130122641955,0.2772498471842324,-0.1374021075029328,2.833715573504943,-0.4990486021812503,-0.6296966480216013,3.1267044369622465,-0.4605105588592813,-0.4526856466920619
63.399879553000005,3.4365090002679217,0.2781720213782815,-0.1324490161172419,2.8336206962337878,-0.49897987095550556,-0.6295975436421042,3.1265989394549063,-0.46045960835467914,-0.4525865423125648
63.43293481600001,3.429658822052011,0.2790513373605344,-0.1271032275532461,2.8226706415267997,-0.4910971930030305,-0.6183228336834823,3.1144319401929756,-0.45462827585269955,-0.4413118323539429
63.449608807000004,3.422848169459207,0.2798851890164026,-0.121441258785992,2.817110222727514,-0.48716597059944605,-0.612538205508891,3.108266164815164,-0.4517376045119432,-0.43552720417935165
63.449902296000005,3.4160398543214163,0.2806804141417657,-0.1155892441213439,2.8170133299759947,-0.4870978644046358,-0.6124339197384812,3.1081587933810084,-0.45168762417385105,-0.43542291840894176
63.466456638000004,3.4092481758781394,0.2814282939731291,-0.1095669634940001,2.811613212354922,-0.48332871478774236,-0.6063874864891279,3.102179353466229,-0.448928266012703,-0.4293764851595885
63.49961192200001,3.4024602620570805,0.2821330156737848,-0.1034330497763354,2.7974265122046185,-0.47366114821355104,-0.5903852578641202,3.0865119856417755,-0.44190986946688726,-0.4133742565345808
63.499880423,3.395669437713128,0.2827954214029066,-0.0972356341901207,2.7973806349247883,-0.4736304070171053,-0.5903324575532909,3.0864614120632536,-0.4418876870612694,-0.4133214562237515
63.532930737,3.3888718890256384,0.2834155155566445,-0.0909907410606404,2.7861145132894856,-0.46618735220500873,-0.5773081886083857,3.0740606969938336,-0.4365447639470581,-0.40029718727884633
63.533230799,3.382070477617891,0.2839942485114502,-0.0847161357817221,2.7860623408055094,-0.46615337669578,-0.577247793699553,3.0740033570535075,-0.4365205062770345,-0.40023679237001364
63.566268579,3.375262818442352,0.284529954085587,-0.078419855380902,2.771768927063206,-0.4570062666185716,-0.5606514545045633,3.0583225892795958,-0.43003322478214806,-0.38364045317502393
63.566540457,3.3684484339834437,0.285023348085044,-0.0721166190958895,2.7716743548503433,-0.45694673150746995,-0.5605421462038089,3.0582190113899186,-0.42999127298040357,-0.38353114487426954
63.599604557000006,3.361629230558972,0.2854726401724905,-0.0657966061482133,2.7630750102746915,-0.45161442661468476,-0.5506466883633232,3.0488150813126733,-0.4262565304587965,-0.3736356870337838
63.616273918000005,3.354808548470338,0.2858792570106514,-0.0594701635962273,2.760123064995635,-0.4498022136388629,-0.5472314203636728,3.0455901528153597,-0.42499243671721953,-0.3702204190341334
63.632938511000006,3.347977325535426,0.286243685880901,-0.0531505634969175,2.7543387980921836,-0.4463043969266226,-0.540580237696223,3.0392803446626453,-0.4225678158316522,-0.3635692363666836
63.649607131,3.34122061744907,0.2865605836106353,-0.0465589387938831,2.7485242358665998,-0.44284086188273536,-0.5339208631659345,3.0329467511627275,-0.42018227558818033,-0.35690986183639506
63.666263478000005,3.334419311386181,0.2868344980800352,-0.0401297012325921,2.742601571249041,-0.4393670976453575,-0.526880091704971,3.0265049431948676,-0.41780570152996527,-0.34986909037543157
63.682929763000004,3.327565842916742,0.2870667493364878,-0.033860477977971,2.7367667647503193,-0.4359990714467187,-0.5201964578714868,3.0201682397186804,-0.4155177425252803,-0.34318545654194743
63.699629072,3.320737278112007,0.287255698951951,-0.0274069487141236,2.7307517673433965,-0.43258011792279544,-0.5134693986254946,3.0136451932279673,-0.4132113814338577,-0.33645839729595517
63.69987995,3.3139024658520744,0.2874013827678846,-0.0209937393612052,2.7306645929483047,-0.4325313495172924,-0.5133691270071425,3.0135507934492547,-0.41317872543419415,-0.33635812567760315
63.732927909000004,3.307062835434633,0.2875034415084555,-0.0146063671301646,2.7159464471004995,-0.42440197132184165,-0.49657791502218673,2.9976311407003475,-0.40776806342329974,-0.31956691369264734
63.73320648000001,3.300197405394087,0.2875615417286328,-0.00809561963117,2.7158945433711423,-0.4243738546704131,-0.4965190124782861,2.997575096990158,-0.40774952573852075,-0.3195080111487467
63.766251694000005,3.2934440173037416,0.2875740940553191,-0.0016654276477126,2.7038539757408433,-0.41795588046267057,-0.4828972323005152,2.9845925415622943,-0.40355203644687376,-0.3058862309709758
63.782934171,3.286619455088422,0.2875423825019209,0.005001120172102,2.7008132375810474,-0.416361869982649,-0.47946325563674286,2.981318630481315,-0.4025183710267787,-0.30245225430720346
63.799587542000005,3.2797872459373414,0.2874653802162202,0.0115173200594688,2.6947851213600775,-0.41325487132866173,-0.47237138786568744,2.974837601696837,-0.4005214003950045,-0.29536038653614805
63.799914575,3.2729545078697546,0.2873426021428283,0.0180914253869806,2.6946658494477056,-0.41319427634509526,-0.47223393095209065,2.974709523423976,-0.4004827546043516,-0.29522292962255126
63.832934370000004,3.2661217206885245,0.2871761934975617,0.0246539941386136,2.679585822700087,-0.4056607055798572,-0.45505771094769454,2.9585385589563806,-0.3957223130942078,-0.27804670961815514
63.849588904,3.2592879263917856,0.2869640096152248,0.0312413950051407,2.676515840581585,-0.4041588219354543,-0.4515724091345703,2.9552520833073537,-0.39478448448641207,-0.2745614078050309
63.849913833,3.252456465884677,0.2867077155767167,0.0378289282912862,2.6764506711374487,-0.40412702874263223,-0.45149848678601767,2.955182333771842,-0.3947646636424653,-0.2744874854564783
63.866504504000005,3.245629244923157,0.2864062363010078,0.0444479141157457,2.6643647516738764,-0.3983687556451885,-0.4378738963524036,2.942271300655245,-0.3912245531629971,-0.2608628950228642
63.88319520700001,3.2388029251600723,0.2860595756356685,0.0510773803986396,2.657975243889019,-0.3954042238532969,-0.4307321506815853,2.93545961397589,-0.3894314600086446,-0.2537211493520459
63.89982846,3.231979414072196,0.2856672545449464,0.0577219281125917,2.65484188433078,-0.3939776125953286,-0.42719454138158985,2.932124005765913,-0.388578887623388,-0.25018354005205046
63.916380417000006,3.225157280259467,0.2852284402131165,0.064369768482972,2.651434649631892,-0.39242909353585437,-0.42334983599262443,2.9284973353646735,-0.38765453846228237,-0.24633883466308504
63.933540494000006,3.218341293382787,0.2847452729108442,0.0710233353199429,2.6391976531875554,-0.38701476118297096,-0.40965034853378457,2.9154981497954293,-0.38447959730652276,-0.23263934720424517
63.966240119000005,3.2115290696853616,0.2842169209206189,0.0776873095876001,2.6299224380228385,-0.3830508222044705,-0.399244293270935,2.9056698629152957,-0.38221085193101867,-0.22223329194139563
63.966524922000005,3.2047206084352475,0.2836435034523025,0.0843537694988228,2.6298681780131736,-0.38302793389594664,-0.3991837764066273,2.9056124203918685,-0.3821978758060878,-0.22217277507708788
63.983146553000005,3.197913525331673,0.2830243079981053,0.0910325107574554,2.62573790136138,-0.38129378483278015,-0.3945740359359129,2.90124131876111,-0.38121811628089186,-0.2175630346063735
63.999780026,3.191111634222357,0.2823592109525438,0.0977115463343722,2.614184488024674,-0.3765670801362616,-0.38163036106559156,2.889036117941696,-0.378599687367471,-0.20461935973605216
64.03291261700001,3.184317797509513,0.281649043482173,0.1044021572250508,2.60779010019487,-0.3740272398296048,-0.37449145408781703,2.8822944105751716,-0.37722550896368867,-0.19748045275827764
64.033215794,3.17752772305959,0.2808936913245358,0.1111044771585202,2.607699363865926,-0.37399173611453485,-0.374391324847851,2.8821988402736483,-0.3772065375999867,-0.19738032351831158
64.049928198,3.1707418885526333,0.28009243867352,0.1178145252603308,2.5950392123444,-0.3691186320813113,-0.36039497402227516,2.8688784155228584,-0.37463888031655745,-0.18338397269273576
64.0666242,3.1639703057248694,0.2792465852913364,0.1245066155214115,2.5918428650970147,-0.3679270822729524,-0.3568290885304366,2.865522195360275,-0.37402878778919885,-0.1798180872008972
64.08319109600001,3.157197716914494,0.2783540029967271,0.1312121995103593,2.5886712344019953,-0.3667447464206987,-0.35329077713761414,2.8621919280072525,-0.3734234129544852,-0.17627977580807475
64.099853886,3.15042555075979,0.2774151669795465,0.1379260851220352,2.578915625839496,-0.3632129939580644,-0.3425020337969342,2.851966857046309,-0.37166469247478995,-0.16549103246739483
64.116476828,3.143659531938513,0.2764312627357458,0.1446504074588616,2.569455719144079,-0.35988952412503056,-0.33207837881207736,2.8420695435245444,-0.3700589305157846,-0.15506737748253796
64.13319599500001,3.136901566501344,0.2754015728120145,0.1513776432612397,2.563000172281909,-0.35768887981160397,-0.3250021675793988,2.8353273611392327,-0.369029417345846,-0.14799116624985942
64.14979981100001,3.130153086079724,0.2743270492332171,0.1581104701302301,2.556558763175521,-0.35554392909126814,-0.31791750917775863,2.8286089025763665,-0.3680522380339579,-0.14090650784821923
64.18292980700001,3.123414568283737,0.2732085259143672,0.1648411096202947,2.5499914821185294,-0.3534085217296811,-0.3107518163109373,2.82176821935723,-0.3671066175091892,-0.1337408149813979
64.199618485,3.116681242758332,0.2720435049573795,0.1715795340377274,2.543472311805034,-0.351340341970013,-0.3036410660648321,2.8149867331018505,-0.36621870238782006,-0.1266300647352927
64.216276355,3.109955493475341,0.27083269887029,0.1783183093343155,2.5371389093563708,-0.34938043523659756,-0.2967623607195691,2.8084071775682644,-0.3654046569585717,-0.11975135939002968
64.232925478,3.1032234914204384,0.2695749314989416,0.1850855680866361,2.5304280106371895,-0.3473544438783686,-0.28944787535498806,2.801444387649666,-0.36459203210527513,-0.11243687402544866
64.233244105,3.096533403713289,0.2682761077943962,0.1917080548523095,2.530303054972749,-0.3473177133895775,-0.289312234321204,2.8013149166895213,-0.36457787875367165,-0.11230123299166461
64.26631179200001,3.089836586098158,0.2669309194019833,0.1984234244348791,2.517321492785486,-0.34355219181397534,-0.2753005694230488,2.7878731355602353,-0.36315709388942363,-0.09828956809350942
64.266634016,3.083147346308855,0.2655404227155356,0.2051560362100642,2.5171944038421654,-0.3435167724303715,-0.27516419742601794,2.78774179552492,-0.36314460680118554,-0.09815319609647855
64.2832367,3.0764671144838163,0.2641052121330965,0.211904228021761,2.5058828313814288,-0.3404015320732474,-0.2629862084774186,2.7760584163229503,-0.3620698768629529,-0.0859752071478792
64.299827091,3.0697944600688296,0.2626244548383075,0.2186601033240091,2.500891931004043,-0.33907365722089344,-0.25763048187740534,2.7709116787565957,-0.3616415888482047,-0.08061948054786594
64.332917181,3.063133674011937,0.2610986227224535,0.225406211114302,2.491110126118884,-0.33654552077270716,-0.2470539978157369,2.760837545613413,-0.36087541515680055,-0.0700429964861975
64.349600439,3.0564842819929865,0.2595284315891296,0.2321577581069415,2.4843797913938017,-0.3348735547093772,-0.23981563670458916,2.7539179630189667,-0.3604147061952925,-0.06280463537504977
64.366270301,3.0498510500611555,0.2579142335720074,0.238896514410066,2.4777251445017603,-0.3332717519095425,-0.23261946125948318,2.7470852405046835,-0.36000973643084433,-0.05560845992994379
64.36654791000001,3.0432263504193573,0.2562549645796834,0.2456477291569603,2.4776145684702753,-0.3332459670983276,-0.23250141238541033,2.74697185189058,-0.36000382564239275,-0.055490411055870936
64.383213114,3.036613043217787,0.2545513365710866,0.2524001750709196,2.464446597721497,-0.33022542137326694,-0.2183608033274731,2.7334777563025168,-0.3593492002700909,-0.0413498019979337
64.416258168,3.029884249282052,0.2527671369298139,0.2587077145282712,2.454478042380712,-0.3280746405975051,-0.20785309444342204,2.7232862386208696,-0.35898737037586537,-0.03084209311388264
64.432953028,3.02359759021679,0.2510612250846353,0.2655024393549005,2.451103948316326,-0.3273632019611012,-0.20436365647250865,2.719839590888992,-0.3588811860972002,-0.02735265514296925
64.44963723800001,3.0170775880446543,0.2492388762037013,0.2728854285119605,2.4439143383319974,-0.32590580037847994,-0.1963494232580132,2.7125056917247425,-0.35871256181540717,-0.019338421928473792
64.449939614,3.010493164012768,0.2473547319218658,0.2799275291352799,2.4380944746071154,-0.32476573890091787,-0.1895973345574844,2.7065760155418865,-0.35861512303827914,-0.012586333227945001
64.482972945,3.0039186897813583,0.2454209850718609,0.2868253061616276,2.4314075281870107,-0.3235080457083107,-0.1822411436255713,2.699772091795325,-0.3585545735291545,-0.005230142296031914
64.499589005,2.997371345353668,0.2434419073929477,0.2936666095244336,2.424693439760556,-0.32229588662076997,-0.17499991280194926,2.6929494681648127,-0.3585436260116547,0.0020110885275901325
64.499916169,2.99084207257713,0.2414207279776875,0.3004910947446621,2.42456093630079,-0.32227272248665567,-0.17485755291914007,2.6928149562212695,-0.358544156109233,0.002153448410399328
64.53295455,2.984423235528772,0.2393845202259375,0.3069125320962998,2.4079495354190743,-0.31949555141442704,-0.15720992844710846,2.6759740914791874,-0.3587354494870335,0.019801072882430937
64.53326982,2.977878285103912,0.2372656070748064,0.3141467367823776,2.4078855852910808,-0.31948541847385625,-0.15714463728758954,2.6759093563193193,-0.3587367357342258,0.019866364041949858
64.54982599600001,2.9714582019800626,0.2351329603068625,0.3208243598774972,2.4023598636779777,-0.31862613307767496,-0.1512784359531154,2.6703186674244805,-0.35886389083136894,0.025732565376423988
64.566571483,2.9649930068418344,0.2329395686683732,0.3277871923371596,2.3910678613575933,-0.3169703172126931,-0.13913632026683853,2.6589115398109753,-0.3592223349574177,0.037874681062700866
64.583141135,2.9585378423591524,0.2306987201687761,0.3346179801935302,2.3845817464845047,-0.3160858478248705,-0.1321603824812989,2.6523710297609546,-0.3594938133736387,0.04485061884824049
64.599813322,2.952101726968112,0.2284137422574981,0.3414198363106251,2.3810102794409773,-0.3156233533060379,-0.12835032990515893,2.648773929207293,-0.3596674383424724,0.048660671424380464
64.616514854,2.9456817725861493,0.2260853535082975,0.3482250066593703,2.3761912536069993,-0.31501176730144254,-0.12322455112114028,2.643922510465457,-0.359913981687384,0.05378645020839912
64.649592129,2.939276548163593,0.2237120058493071,0.3550239383760147,2.360735510607056,-0.3132279286750903,-0.10685424240805341,2.628394159769987,-0.3608795885451001,0.07015675892148598
64.649915736,2.932894643434435,0.2212981001273107,0.3618407691068889,2.360668692796355,-0.31322076785416086,-0.10678344479598945,2.628327125091441,-0.3608843054355445,0.07022755653354995
64.682988052,2.926531286132317,0.2188437610505479,0.3686196295153762,2.343893186784097,-0.311569132597235,-0.08890260113127857,2.6115229128873607,-0.36221244443032985,0.08810840019826083
64.68338119100001,2.920181227374725,0.2163425573644617,0.37540706317982,2.3437311255614186,-0.31155414096371553,-0.08873176933399662,2.611360744118066,-0.3622262240978526,0.08827923199554277
64.71627903400001,2.9138439925222857,0.2137972314312124,0.3822108754367956,2.33363542743579,-0.3107157558587379,-0.07812494320060637,2.6012751675533123,-0.3631786712536369,0.09888605812893303
64.716572152,2.907521966249654,0.2112077805024295,0.3890130874271819,2.3335757566533126,-0.3107110933252368,-0.07806211960484788,2.601215608145115,-0.36318458888789984,0.09894888172469152
64.749611986,2.901225163595757,0.2085774116868622,0.3958005842194823,2.32002462518133,-0.3097487374570077,-0.06374250354129085,2.5877067616245877,-0.3646234629869527,0.11326849778824855
64.749905706,2.8949421408839084,0.2059039924069798,0.4025978932776201,2.3199628818813576,-0.30974480550791655,-0.06367793831151003,2.58764529073039,-0.3646304647354247,0.11333306301802937
64.782925952,2.8886762334481784,0.2031869227709024,0.4093900421039411,2.3063903768875895,-0.30897671994156367,-0.049382008952100875,2.574149613344461,-0.3662643371716974,0.12762899237743852
64.79958849100001,2.882427442519544,0.2004266796149612,0.4161899843390411,2.3029172543714957,-0.30880548051226814,-0.04575308934530975,2.570700607174348,-0.3667073489011907,0.13125791198422965
64.79984026000001,2.876197199564978,0.1976242149641441,0.4229821627108656,2.3028569635696896,-0.30880262164285016,-0.04568994153726802,2.5706407550387143,-0.36671515119424,0.13132105979227138
64.816570248,2.8699859806867374,0.1947789322228344,0.4297770236608098,2.2942209263899747,-0.30845190285374763,-0.03659125030212795,2.5620779035861907,-0.3678906157153791,0.14041975102741144
64.83316652,2.863794268489825,0.1918951223723891,0.4365640994935772,2.2826521115858913,-0.3080947739486403,-0.02441662518627563,2.5506269721266808,-0.36957619743563397,0.15259437614326377
64.849836212,2.857626348428329,0.1889692041915569,0.4433460115737925,2.275668757241997,-0.30794970533161337,-0.016964334444599327,2.5437271919179563,-0.37066308099302425,0.16004666688494007
64.86655883600001,2.8514722035453444,0.1859968976892058,0.4501379250388341,2.268884161779664,-0.30785874287597426,-0.00986762980341327,2.537032592316811,-0.3717682262034823,0.16714337152612613
64.883262402,2.845339468682633,0.1829833200681138,0.4569300803328671,2.2653895335665277,-0.3078365566089971,-0.006186425238095428,2.533588662972493,-0.3723617489493241,0.17082457609144397
64.89990659600001,2.8392267133585203,0.1799283537677477,0.4637250987484012,2.2618924916646037,-0.30781559795434976,-0.002503127992774079,2.530142573822569,-0.3729569051471381,0.17450787333676532
64.916606365,2.833135845145809,0.1768322350081628,0.4705178502337215,2.248876208135873,-0.3078729842080216,0.011143371494840792,2.5173397823567076,-0.3753054069597981,0.1881543728243802
64.933157492,2.8270663864507624,0.1736943682929603,0.4773100113351767,2.241642932040121,-0.30797957278371363,0.018697930233302795,2.5102382993988996,-0.37668402365845094,0.1957089315628422
64.96628605400001,2.821017383400146,0.1705143970935509,0.4841021751799412,2.2313745594944883,-0.30823269467114933,0.029471488999421425,2.500174947913069,-0.3787413282781996,0.20648249032896082
64.966549977,2.814990745385657,0.1672945841869536,0.4908949167666428,2.2313197266881897,-0.3082343142490224,0.029528950551900746,2.500121257089719,-0.37875257795228867,0.20653995188144014
64.999586264,2.8089869496067044,0.1640345713953561,0.4976863449966129,2.2177966537008658,-0.3087297948623806,0.04371850682065315,2.486896738236914,-0.38162156822248844,0.22072950815019254
65.016299229,2.8030055183883404,0.1607341208503603,0.5044780334881978,2.214306218278957,-0.3088828655183504,0.04737819721794212,2.48348779682243,-0.38238687109903524,0.22438919854748152
65.03295467400001,2.797047404793699,0.1573923969880293,0.5112709719466119,2.2075475928013177,-0.30922741858296365,0.05444067700103039,2.4768954504974774,-0.3839161536410187,0.2314516783305698
65.033283841,2.7911126123047736,0.1540123800385871,0.5180577764155851,2.207414137544982,-0.30923466538819544,0.05458076693910607,2.4767653566333756,-0.38394678708928554,0.23159176826864547
65.06626814900001,2.78520924661936,0.1505948951244127,0.5248300453896185,2.19058754702952,-0.31030983236079457,0.07233078948594818,2.460391015494725,-0.3879681158086385,0.24934179081548757
65.08295129700001,2.7793225208540493,0.1471337604025346,0.5316092032746808,2.1871130044784044,-0.3105620859978481,0.07597381228537348,2.4570151835554244,-0.3888282533293391,0.2529848136149129
65.083235228,2.77345911439753,0.1436331405017585,0.5383950941224205,2.187049385495233,-0.31056677002985766,0.07604055692208034,2.4569533834581607,-0.38884406671461325,0.25305155825161973
65.11625011400001,2.7676185510842077,0.140093393599122,0.54517738455653,2.170193844770367,-0.3120075467939385,0.0937828353513086,2.4406149239967942,-0.39323039014555417,0.270793836680848
65.13291379500001,2.7617998740180423,0.1365115405634077,0.5519571414861686,2.1667329949804612,-0.31233349193463156,0.09743154791041153,2.4372655470560103,-0.3941606565652313,0.27444254923995093
65.149609127,2.756002128566788,0.1328874632852218,0.5587109086263484,2.153288968290686,-0.3137443119435725,0.11156660526868567,2.424280019704307,-0.3979167644086214,0.28857760659822507
65.149844164,2.7502377249237018,0.1292313994665767,0.5654692863763645,2.1531907851516343,-0.3137549771939591,0.11166907498260903,2.4241852487574787,-0.3979445518877642,0.2886800763121484
65.182945065,2.744496639661826,0.1255346583765953,0.5722474959324108,2.1463865594080023,-0.31454237893244524,0.11879041002531343,2.4176259950658494,-0.39991779299744223,0.29580141135485283
65.19957851800001,2.7387760088639683,0.121795216756725,0.5790274924450468,2.1397601703967255,-0.3153572823920489,0.1257977946285469,2.4112466420288325,-0.4018867911707129,0.3028087959580863
65.216247138,2.7330825141836077,0.1180177160713278,0.585821618100151,2.1328908108315594,-0.31625099958104663,0.1330543467087799,2.4046419931522043,-0.4039761557788919,0.3100653480383193
65.216514668,2.727410428538225,0.1141981098027346,0.5925391297249795,2.132781453999436,-0.31626557618612333,0.13317000865803452,2.404536911850682,-0.40400976104957875,0.3101810099875739
65.233131469,2.7217807526258544,0.110353539894744,0.5993760363433169,2.1259387436387502,-0.31720784105017297,0.1404184379538589,2.39796704443559,-0.4061422221400486,0.3174294392833983
65.26626651400001,2.716166281977817,0.1064625800167508,0.6061878846954409,2.1126283149559506,-0.31918415595362726,0.1545031170474962,2.385212604448915,-0.410431463674845,0.3315141183770356
65.28293566500001,2.710579901289868,0.1025341560204697,0.6130018558319166,2.105933850465352,-0.3202514203724958,0.16164506385155297,2.3788106774060855,-0.41266086679988806,0.33865606518109237
65.299677214,2.705021135027223,0.0985687452917788,0.6198037991708566,2.099184013703695,-0.3213768882694074,0.16881344585664326,2.3723644922544045,-0.4149573143360288,0.34582444718618266
65.31626292700001,2.69948664153798,0.094563729075832,0.6266101005497429,2.092673167304491,-0.32251052017712445,0.17575018041103752,2.3661550006861676,-0.4172197149637287,0.3527611817405769
65.332958027,2.6939773756678984,0.0905199407377432,0.6334183937836152,2.0857714858419265,-0.32376165660119854,0.18311251979766752,2.3595814722241486,-0.41966660542334866,0.3601235211272069
65.333259862,2.688498585143056,0.0864392815790302,0.6402294395521808,2.0856489105508693,-0.3237844499448786,0.18324367440709954,2.3594648258794764,-0.41971062665423153,0.36025467573663894
65.366246284,2.683048362325785,0.0823221114262527,0.64703762584719,2.0690951503218384,-0.32701022865866175,0.20095774811729106,2.343737748966843,-0.4258009203921942,0.37796874944683045
65.382931035,2.6776233680731294,0.0781667651971915,0.653846808311902,2.0656518752932134,-0.3277120591960841,0.2046462505697617,2.3404718611057054,-0.4270981040740549,0.3816572518993011
65.383252478,2.672227896518355,0.073975622129758,0.6606566822386432,2.0655233353122777,-0.32773921699432257,0.20478465919801536,2.340350111801298,-0.42714747187307833,0.38179566052755476
65.399820546,2.66686385401401,0.0697480839797287,0.6674592977104263,2.054101513634089,-0.3301892441146616,0.21707224404214287,2.3295381833026254,-0.43157046243132247,0.39408324537168227
65.43294454000001,2.6615274272548306,0.0654849896080606,0.6742693482367538,2.042382805139978,-0.33285264497241324,0.22967176712500903,2.3184715795875652,-0.4362557708643752,0.4066827684545484
65.449584285,2.656220521996773,0.0611852639337237,0.6810671097360619,2.039063699705291,-0.33362874936489356,0.23324959889042018,2.31534099983781,-0.4376042030447312,0.4102606002199596
65.44983217800001,2.650943140083755,0.0568500990484698,0.6878621402533242,2.0389904269472896,-0.33364624592680964,0.23332886353792404,2.3152719529452535,-0.4376343286712366,0.41033986486746343
65.466503513,2.645695757741134,0.0524794944031562,0.6946584822566226,2.03191303152036,-0.335358510781483,0.2409971308327381,2.308606655367767,-0.44056608329351044,0.4180081321622775
65.48312048400001,2.640479807415556,0.0480746404406638,0.7014533961898646,2.019240924155276,-0.3385637416864266,0.2547299359349342,2.296696960003216,-0.44595263753066633,0.4317409372644736
65.49984787700001,2.6352933798981883,0.0436342280583432,0.7082435659584319,2.0125625450656623,-0.3403285016711607,0.26198057541550934,2.2904336876660225,-0.4488658049989825,0.43899157674504874
65.51658949600001,2.6301369601661047,0.0391649324220403,0.7150346187590639,2.006058205596992,-0.34209726628671683,0.269041191510226,2.284342440646818,-0.45175226822237,0.4460521928397654
65.54958959400001,2.625011969413964,0.0346592417031944,0.7217997040867666,1.9995128241545557,-0.343927673085965,0.2762944552729345,2.278221647411837,-0.45470663743632017,0.4533054566024739
65.56625079,2.619916970265064,0.0301119123459659,0.7285772938635044,1.9929937636874568,-0.34580121606952247,0.2833892583776585,2.272134359639056,-0.45769883399675665,0.4604002597071979
65.582912647,2.614852452193891,0.0255316460711576,0.735338952401349,1.986355218193589,-0.3477602568098378,0.29061275037319545,2.2659445089978245,-0.46079623224942073,0.46762375170273485
65.599617867,2.609820320136098,0.020918083054234,0.7421187120708919,1.9798329865471587,-0.34973621090671975,0.29772479330357005,2.2598721329725917,-0.46388979809660513,0.47473579463310944
65.616260337,2.6048200990794323,0.0162722967272485,0.7489054282583194,1.973342085689221,-0.351753173381775,0.304818131829661,2.253837819260183,-0.4670182145640205,0.4818291331592004
65.61651510200001,2.599851786138492,0.0115917836967834,0.7556951330243279,1.9732421270515739,-0.351784895217666,0.3049284525057874,2.2537450083714763,-0.46706704225134965,0.48193945383532677
65.649586807,2.5949125183614594,0.0068752359594424,0.7624897365448577,1.96036478345705,-0.35593844557829213,0.3190893249265718,2.2418002714566185,-0.4734232375507821,0.4961003262561112
65.66627063600001,2.5900056382752044,0.0021258683159826,0.7692825324167126,1.953896732048665,-0.3581011498161219,0.32627430094411247,2.2358141135435856,-0.4766910949653686,0.5032853022736519
65.682892988,2.585132099299395,-0.0026557242860403,0.7760714482584756,1.9476533625677417,-0.360238720941976,0.33322670588450176,2.2300447011305478,-0.4798946481804242,0.5102377072140412
65.683144608,2.580289037970407,-0.0074718035241456,0.7828653799162869,1.9475588574427858,-0.36027107800941605,0.33333194390137333,2.22995737039691,-0.479943140874911,0.5103429452309127
65.716284933,2.57547836377366,-0.0123208814819212,0.7896602744461113,1.931421594317236,-0.3660271809946582,0.35128119568804106,2.2150858424962965,-0.4884508809192009,0.5282921970175805
65.716559737,2.5707005517068486,-0.0172043296146928,0.7964567882633011,1.931368161541132,-0.36604676553282295,0.3513405851962421,2.215036693242048,-0.4884795683119746,0.5283515865257815
65.74957986300001,2.565956081164469,-0.0221197046830544,0.8032543542466041,1.9186709205269807,-0.3708033864127898,0.3655319490908169,2.203375438223788,-0.495397696885966,0.5425429504203563
65.766250376,2.561245906907236,-0.0270664713451117,0.8100530284757516,1.9154662294094118,-0.37203012102139615,0.3691129881486921,2.200436835605961,-0.4971695709259248,0.5461239894782315
65.766493299,2.556570028559217,-0.032044629600583,0.8168498622350248,1.9153998589373562,-0.37205584919796325,0.3691874383803042,2.200376032636245,-0.4972065841330824,0.5461984397098436
65.783158934,2.5519284459485294,-0.0370547158912495,0.8236497329225299,1.903951199973017,-0.37657450886878646,0.3820585770288485,2.189901947714238,-0.5036706093766165,0.5590695783583879
65.799825971,2.54731829644515,-0.0420977998021219,0.8304464572016755,1.89651363796366,-0.37959571715498486,0.39050324501588873,2.1831126006907717,-0.5079542754638103,0.5675142463454281
65.81643829400001,2.542743875489431,-0.0471704292124481,0.8372390037176329,1.8901809055349472,-0.3822290609674469,0.39770242947075296,2.1773425213339985,-0.5116615903769038,0.5747134308002924
65.833123375,2.538205182813721,-0.0522730809592809,0.8440246461127098,1.8838454853809656,-0.3849173474852257,0.4049116167678184,2.171579471004205,-0.5154234627598285,0.5819226180973578
65.849800672,2.533700787538706,-0.057405932207512,0.8508088047208034,1.8776193210451275,-0.3876121898387591,0.4120591194260408,2.165925123711089,-0.5191725498935308,0.5890701207555802
65.866497987,2.529232120431583,-0.0625689846061355,0.8576007493874193,1.8744649309910923,-0.389004256490908,0.4156574344905737,2.1630651491738684,-0.5210983151501161,0.5926684358201131
65.883132532,2.5247982276663694,-0.0677618198232397,0.8643850519014741,1.8670555315316026,-0.39231130043606693,0.424172128837351,2.156353856893678,-0.5256583914581785,0.6011831301668904
65.91626047300001,2.5204019736753778,-0.0729823549960009,0.8711723770363501,1.8559380509749195,-0.39741876089537953,0.4369738427245293,2.146309456318188,-0.5326437005673568,0.6139848440540687
65.91656173700001,2.516041446688214,-0.0782334489462223,0.877955471551007,1.855882469289501,-0.39744472828698013,0.43703810423596234,2.146259315676934,-0.5326790494750505,0.6140491055655017
65.933308216,2.511715693755388,-0.0835149217612754,0.8847439476103774,1.852792828550355,-0.3988881877714271,0.4406102338356286,2.143472128373442,-0.5346440029389993,0.617621235165168
65.949865564,2.507422806400011,-0.0888282017536713,0.8915316953054115,1.8466168460551253,-0.4018272283203267,0.4477481081553689,2.1379101791894435,-0.5386246361052274,0.6247591094849083
65.96649506,2.503168988669575,-0.0941680508623044,0.8983163390614202,1.8400399004490315,-0.40501914485189816,0.4554586614676208,2.1319980606211284,-0.5429247987398519,0.6324696627971602
65.999595509,2.498951854149956,-0.0995367909191106,0.9051070094503436,1.828271397639891,-0.41088205698372604,0.46920763229757556,2.1214458364233293,-0.5507683924005198,0.646218633627115
66.016257487,2.494772835251793,-0.1049328142485856,0.9118936545139916,1.8221996475716333,-0.4139875391442355,0.47635131572201006,2.11601579935604,-0.5548945123440613,0.6533623170515495
66.01655044500001,2.490626683489732,-0.1103585585935883,0.9186772404891994,1.8220937702338829,-0.4140426492871981,0.47647660188854735,2.1159212806522394,-0.5549674050949931,0.6534876032180867
66.03313355200001,2.486517213663831,-0.1158145647929121,0.9254645644918134,1.814415235782821,-0.4180552991578515,0.48555852119645904,2.1090693075578337,-0.5602694532854697,0.6625695225259984
66.066259039,2.4824468152562225,-0.1212958288073703,0.9322527267808938,1.7982644834309005,-0.42677201775708373,0.5047787225322935,2.094705830299083,-0.5716939228884147,0.6817897238618329
66.066522812,2.478410713329137,-0.1268079479737608,0.939045204529288,1.7981690308064073,-0.42682432915757973,0.5048929724953366,2.094621080591149,-0.5717622249612209,0.681903973824876
66.083161845,2.474412725175754,-0.1323491981557919,0.9458354537984692,1.792207787307498,-0.43014668720731625,0.5120150939529662,2.089338012620445,-0.5760823730930396,0.6890260952825056
66.116250643,2.470450945248266,-0.13791761020274,0.952621257749706,1.7833451204049553,-0.4351973041726028,0.5227283368834073,2.0815031834583504,-0.5826146811350917,0.6997393382129466
66.11650706100001,2.466545513271498,-0.1434869216285902,0.9595257033845356,1.783299595541426,-0.43522353730604174,0.5227831694885703,2.0814629892892405,-0.5826485207458899,0.6997941708181097
66.13326657500001,2.4626565391700472,-0.1491147838899168,0.9662234950626588,1.7783500420337641,-0.4380949405305268,0.5287971782425864,2.0770963952980157,-0.5863466139462551,0.7058081795721258
66.16626309600001,2.4588138824156447,-0.1547565873955813,0.9730430282914672,1.7686685148926304,-0.4438228062982189,0.5405768501702197,2.068574756501473,-0.5936897799023307,0.7175878514997591
66.166571774,2.45500886542586,-0.160426210066958,0.9798452409121616,1.7685949388205704,-0.443866988202551,0.5406664358331739,2.068510110004776,-0.5937462273071871,0.7176774371627133
66.183144622,2.4512414876843103,-0.1661221021825872,0.9866300578261458,1.7628877205782003,-0.44732068350235615,0.5476684182771003,2.0635002249206544,-0.5981509296505734,0.7246794196066397
66.199808954,2.447512705222528,-0.1718430131456468,0.9934153743414644,1.7559870582789225,-0.4515736860484779,0.5562066184122605,2.057456292510473,-0.6035526008592964,0.7332176197417999
66.21649636000001,2.443820606519375,-0.1775922786153801,1.0002082054640724,1.7483742627033458,-0.45635941458470103,0.5656402063037671,2.0508051610138756,-0.6096040720781746,0.7426512076333065
66.233155272,2.440167579227366,-0.1833665634816158,1.0070003545131418,1.7444173807512557,-0.4588821182354937,0.5705449518951573,2.0473543256705664,-0.6127841167202935,0.7475559532246967
66.26626323500001,2.4365550555219198,-0.1891650349292099,1.0137965644341025,1.7312302319529187,-0.46750231709796014,0.587046816258292,2.0358911479556987,-0.6235917195319862,0.7640578175878314
66.26650236100001,2.432980648943968,-0.1949892995341847,1.020590261799619,1.7311893959196,-0.4675294876502694,0.587098003488959,2.0358557344193704,-0.6236256562668725,0.7641090048184984
66.283138449,2.429445792983429,-0.2008369151566515,1.0273781762552372,1.7281870909799217,-0.4695288142757673,0.5908643310447044,2.0332523998148657,-0.6261224123308939,0.7678753323742438
66.299800256,2.425950963070119,-0.2067087764150064,1.034166507075916,1.717234720888091,-0.4769867884724146,0.6047582854191127,2.023784427185714,-0.6353924330449983,0.7817692867486521
66.31648769200001,2.422496160319324,-0.2126044660774885,1.0409546095510789,1.711525921887831,-0.4809627941574741,0.6120857908999744,2.0188649586719505,-0.6403115627215861,0.7890967922295138
66.333172563,2.4190813855952853,-0.2185230304702388,1.0477425635081026,1.7060074644278902,-0.48486642566326243,0.6191810629486039,2.0141201132712427,-0.6451259322331149,0.7961920642781433
66.349941394,2.415709501643984,-0.2244625655431402,1.054519565273376,1.700372854480524,-0.48891265400870754,0.6264475855742035,2.009286039935893,-0.650101123492846,0.8034585869037429
66.382915403,2.412377169157991,-0.2304247363782889,1.0612978816661347,1.689587134872572,-0.49683494384320814,0.6404799062805573,2.00006387422434,-0.6597988594797579,0.8174909076100967
66.38319965400001,2.4090834309429736,-0.2364127605253053,1.0680815381892816,1.6894943452431554,-0.49690362048149644,0.6406010764330952,1.9999846276237776,-0.659882802152298,0.8176120777626346
66.39980948200001,2.4058316294213564,-0.2424222906948777,1.0748672731668003,1.684007842076106,-0.501024291318575,0.6478032786135439,1.9953094552485686,-0.6649051928590903,0.8248142799430833
66.416475828,2.4026217672254497,-0.2484510023073687,1.081658363321062,1.6785510456677593,-0.5051843081366446,0.6549499634592708,1.9906704538044946,-0.6699610837371301,0.8319609647888102
66.43312651400001,2.3994519336618287,-0.2545024098366115,1.0884449052357004,1.673307431022418,-0.5092415078090101,0.6619086650647237,1.986223198161128,-0.6748782252820548,0.8389196663942631
66.44979576600001,2.39632316221396,-0.2605513016718372,1.095162184269847,1.6678034754008664,-0.5135617751162617,0.6692384182592108,1.9815659925935334,-0.6801001668167027,0.8462494195887502
66.46645741200001,2.393227602788848,-0.2666542932779038,1.1020281635888125,1.6625021648861193,-0.517785792487541,0.6763150788371695,1.9770913172191396,-0.6851916789909426,0.8533260801667089
66.483142494,2.390179285884184,-0.272772836531886,1.108803890332161,1.6571353468134995,-0.5221252396754406,0.6836119962173988,1.9725724836944003,-0.690408352423012,0.8606229975469386
66.499795795,2.387173446419608,-0.2788910114969148,1.1155461034552925,1.6518950311516132,-0.5264252015147334,0.6906861666657984,1.9681712230075306,-0.6955638819226657,0.8676971679953382
66.51643115200001,2.384207052005541,-0.2850552467745285,1.1224220645339225,1.646660314130278,-0.5307826319240629,0.6977143738185596,1.963785593008802,-0.7007749961585905,0.874725375148099
66.533159456,2.3812826409492933,-0.2912355640859043,1.1291781026725265,1.6414226671103058,-0.5352064231350241,0.7049899415624963,1.9594087641398967,-0.7060519502076912,0.8820009428920361
66.566282207,2.378403510476854,-0.297431848038491,1.135967155066684,1.633725482671391,-0.5418342422781852,0.7156105668720874,1.9529989325860213,-0.713931588164607,0.8926215682016263
66.566644618,2.375564890149914,-0.3036469541582512,1.142756447831969,1.6336697580220487,-0.541882690356679,0.7156880728601944,1.9529526097955188,-0.71398909165958,0.8926990741897338
66.583246661,2.3727725044789696,-0.3098772531581854,1.1495314040840012,1.6310106031552523,-0.5441959912365039,0.7193878300095586,1.9507423504643546,-0.716734491312674,0.8963988313390985
66.599808628,2.3700191927319514,-0.3161309622307749,1.1563278014764962,1.6209757817151909,-0.5531117383247495,0.7334629578264149,1.94243428566951,-0.7272779369942403,0.9104739591559543
66.63292130100001,2.3673092507596256,-0.3224042120229787,1.1631161516317912,1.6158931463334187,-0.5577251069765812,0.740652916308481,1.9382434286172612,-0.7327142105257469,0.9176639176380199
66.63320589300001,2.3646417279340053,-0.3286943192283278,1.1699054735216614,1.615827688787217,-0.5577851153954027,0.7407456980356573,1.9381895606501174,-0.732784807571011,0.9177566993651967
66.666252289,2.3620161457846005,-0.3350024157844742,1.1766902678835471,1.6034629492555474,-0.5693025844338165,0.7584481914791592,1.9280461162922897,-0.7462995925599225,0.9354591928086986
66.682958481,2.3594344138890264,-0.3413269541704181,1.1834768593827378,1.6009201204190764,-0.5717124353870584,0.7621043212467855,1.9259673666454662,-0.7491195500089384,0.9391153225763249
66.68325193,2.3568970097904547,-0.3476672196804096,1.190260423560916,1.60083592326272,-0.5717933770505632,0.7622273665778154,1.9258987379801826,-0.7492140530265137,0.9392383679073548
66.699841309,2.354402979393462,-0.3540232112149313,1.1970459391864712,1.596076055150954,-0.576369204307721,0.7691834156039241,1.922018994179181,-0.7545565363037305,0.946194416933464
66.716467238,2.3519451791488817,-0.360391642280604,1.203835548192841,1.5863228102839146,-0.5859467501266352,0.7834759548002217,1.914104641020635,-0.7657018574490204,0.9604869561297615
66.73315761,2.349528340874961,-0.3667918302548058,1.2106272113526313,1.5814743933873743,-0.5908115331670677,0.7907411093130019,1.9101886137276693,-0.7713443737913883,0.9677521106425413
66.74980180300001,2.3471620390956485,-0.3732032225513132,1.2174001122682796,1.579080692442503,-0.5932483187624382,0.794332386104073,1.9082614046312527,-0.7741645853703254,0.9713433874336124
66.766485212,2.3448395898518277,-0.3796287917023748,1.224185275352452,1.5758856912414982,-0.5965127242667639,0.7991257375444327,1.9056911500558924,-0.7779405842300886,0.9761367388739721
66.79962154900001,2.342561466441563,-0.3860719953250258,1.2309669472171656,1.5672764178691303,-0.605472826723279,0.8121606974652256,1.8987941687592613,-0.7882766701926439,0.989171698794765
66.799971376,2.3403271964545307,-0.3925284221283896,1.2377485248739677,1.5664049614825293,-0.6063984264039066,0.8134878372434073,1.898099316449291,-0.7893412599116694,0.9904988385729467
66.832894146,2.338136779966578,-0.3989982509264928,1.2445282571768934,1.5579797008383005,-0.6154220340039498,0.8264386636896641,1.8913946550727032,-0.7997074562665547,1.003449665019204
66.833223794,2.335990692401897,-0.4054829723842943,1.251313152667506,1.5577284205111024,-0.6156961592158389,0.8268273700597306,1.8911955713269573,-0.8000215455799831,1.0038383713892696
66.84981807300001,2.333888456573591,-0.4119826455565876,1.2580967442317628,1.5488657205956122,-0.6254585375962787,0.8405874819840031,1.884190394644391,-0.8111919968278484,1.0175984833135425
66.866508334,2.3318305513102096,-0.4184955424594226,1.2648765104652848,1.5465179366931945,-0.6280991885884115,0.844308648140558,1.8823442833742101,-0.8142048028443079,1.0213196494700973
66.88313762,2.329816021901604,-0.4250223176440451,1.2716533794639853,1.543474802910849,-0.6315364694971399,0.8491381879942552,1.8799539644968544,-0.8181242337886311,1.0261491893237942
66.89980242300001,2.327845823385078,-0.4315622569547975,1.278428068667576,1.5353653181520146,-0.6408683322567728,0.8621029042268242,1.8736144248794213,-0.8287382642699037,1.0391139055563636
66.916541096,2.325919953923862,-0.4381167909020638,1.2852028688790986,1.5331032294487994,-0.6435256894388482,0.8657646365029619,1.8718556115316858,-0.8317524255300506,1.0427756378325013
66.94960897300001,2.3240384177737847,-0.4446821047910065,1.291976474907235,1.5244078332447821,-0.6538924739794991,0.8799511606983836,1.865121553057038,-0.8434883785513072,1.056962162027923
66.949919044,2.32220121324799,-0.4512599271554048,1.2987507483806249,1.524366438897328,-0.6539425573552984,0.8800193615825043,1.865089624605439,-0.8435449683959003,1.0570303629120437
66.966461845,2.320409771392314,-0.4578493655746117,1.305526155686014,1.5221579819552395,-0.6566145883394598,0.8836579916191294,1.8633861888727534,-0.8465641302580713,1.0606689929486688
66.983163047,2.318662661661742,-0.4644507760277395,1.3123099780910985,1.5135937562429993,-0.6672050888517698,0.8978984599753588,1.8568206449881874,-0.8584972059995251,1.0749094613048982
66.99987918800001,2.3169598789254797,-0.4710685692555365,1.3190949911538177,1.509371200385452,-0.6725421175473624,0.9050150715193306,1.8536038561164017,-0.8644943822202177,1.08202607284887
67.016599927,2.3153019059297653,-0.4776976794162153,1.3258760307331503,1.5072418427189131,-0.6752730912767799,0.9086424487570381,1.851988662801199,-0.8675576373740274,1.0856534500865775
67.033184387,2.3136892228917114,-0.4843348884104494,1.3326547702825773,1.5045816999495136,-0.6786962362440593,0.913183561250789,1.8499728613079918,-0.8713957131107191,1.0901945625803284
67.049808973,2.312121351239433,-0.4909818646177248,1.3394311229776328,1.496896458919955,-0.6887807362311733,0.926479445844044,1.844183466801153,-0.8826759161637097,1.1034904471735834
67.082889855,2.3105992423801127,-0.4976406356938707,1.3462149404038106,1.49084033394301,-0.6969415502376376,0.9370850683873773,1.8396589943049007,-0.8917756240499628,1.1140960697169167
67.083244521,2.3091224212455708,-0.5043098301835088,1.353003159739097,1.4907969764486189,-0.6970005658372672,0.9371614910757655,1.8396267062397416,-0.8918413522339315,1.114172492405305
67.11625187300001,2.307689456309331,-0.5109899828789858,1.3597844414570663,1.4828566170869062,-0.7079702354040519,0.951340373789658,1.8337420475770305,-0.9040378168700856,1.1283513751191974
67.11652323,2.306302257324465,-0.517679129026837,1.3665664895618714,1.482823791508986,-0.7080162795170506,0.951399727781558,1.8337178427369463,-0.9040889217096229,1.1284107291110974
67.133121456,2.3049608268328745,-0.5243750632566704,1.3733512554392815,1.4807834621534133,-0.7108789396347296,0.9550894600797051,1.8322134750154129,-0.9072661287515026,1.1321004614092445
67.16625383600001,2.303665640868116,-0.5310784417687083,1.3801269937661318,1.4730324530979482,-0.7220015773511055,0.9692638155228801,1.826542143816206,-0.919579828990527,1.1462748168524195
67.166517498,2.302416700511256,-0.5377884897032238,1.3869050710474324,1.4729867990735441,-0.7220682489917108,0.9693483475606364,1.8265089432431396,-0.9196534979769009,1.1463593488901758
67.199594493,2.3012116198111965,-0.5445065156133369,1.393686471106085,1.463580082224532,-0.7360481967881476,0.9869595476755695,1.8197109138702,-0.9350714115488872,1.1639705490051089
67.199937546,2.3000527774802486,-0.5512374098247962,1.4004747353007798,1.463541282829639,-0.736106944368844,0.9870330202199291,1.8196830654866367,-0.9351360732749285,1.1640440215494685
67.232901966,2.29894017993816,-0.5579758675279696,1.4072601053672789,1.454353505729776,-0.7502774025338169,1.0047246628542528,1.8131341014046845,-0.9507029677017342,1.1817356641837922
67.233202399,2.2978728724911317,-0.564722304855488,1.414041044627744,1.45428443210682,-0.7503853094588283,1.0048588679140824,1.813085108219635,-0.9508213515590476,1.1818698692436218
67.26628500400001,2.2968513322085813,-0.5714766627524697,1.4208246195258665,1.4505931864762962,-0.7562422296572092,1.0121253163076709,1.8104828742340688,-0.9572367382815631,1.1891363176372103
67.266516695,2.2958755610845984,-0.5782372722900223,1.4276099684169792,1.4505430781675432,-0.7563230273244448,1.0122245348292793,1.810447776402221,-0.9573250969134921,1.1892355361588187
67.283149347,2.294945084155969,-0.5850023447802493,1.4344018636753957,1.4445994271595297,-0.7659693487039725,1.0240668891396965,1.806295600530636,-0.9678672949287839,1.2010778904692359
67.316259364,2.2940613269487686,-0.591776531031437,1.441192361433524,1.4382291614426694,-0.776591840577532,1.0370220468912725,1.8018953680329115,-0.9794455319652766,1.214033048220812
67.316511555,2.293222861902991,-0.5985570875827885,1.4479813714905785,1.43820298626177,-0.7766361356136209,1.0370760516314093,1.801877401681934,-0.9794937440026718,1.2140870529609487
67.333136261,2.292431123213688,-0.6053407974344063,1.4547664874393411,1.4364774897652792,-0.7795561127429854,1.0406361030502502,1.80069304021428,-0.9826719341337605,1.2176471043797896
67.34982414800001,2.2916851552594792,-0.6121292688113598,1.461554073809688,1.4296739904186766,-0.7913556866754786,1.0548770459778751,1.796073613723843,-0.9954851479088852,1.2318880473074145
67.36647262000001,2.290984479468481,-0.6189241700931347,1.468341691497994,1.426345409993482,-0.7972740125851192,1.0620303187614937,1.793839190901291,-1.0018971198263042,1.239041320091033
67.383123126,2.2903314822274856,-0.6257238350989981,1.475130125914143,1.4230676156091597,-0.8032003986384563,1.069098594383025,1.7916561798532293,-1.00830808312702,1.2461095957125643
67.399816333,2.2897233035985427,-0.6325266512064281,1.481916978612954,1.419756661497213,-0.8092885191489695,1.0763986471285714,1.7894690067261543,-1.0148840927220668,1.2534096484581108
67.43296947200001,2.2891618511922505,-0.6393328590326507,1.4887051576174646,1.4165472638158874,-0.8152933005259221,1.0835040817294486,1.7873671281239574,-1.0213601825302399,1.260515083058988
67.433337604,2.288645215000657,-0.6461445425402534,1.4954936674671004,1.4164810984586091,-0.8154191733285736,1.0836533142621443,1.787324161337967,-1.0214957394269761,1.2606643155916837
67.466227992,2.2881767364353487,-0.65295890416024,1.50227683245461,1.4087570782165209,-0.8303283661993373,1.1012763590890673,1.7823461644274554,-1.0375320752776858,1.2782873604186067
67.46660352800001,2.2877540326783574,-0.6597743914245581,1.5090638256658149,1.4087211262331887,-0.8303992483080084,1.101360091921804,1.782323255708604,-1.037608180527411,1.2783710932513435
67.48317693700001,2.2873771031039727,-0.6665920772165587,1.515845499508324,1.4058534632912225,-0.8360994549093413,1.1080534235964627,1.7805041400563955,-1.0437242793077202,1.2850644249260021
67.499803086,2.287046423704383,-0.6734120216898661,1.5226266554047845,1.401144619921119,-0.8456587581920896,1.1192414617457214,1.7775521543838122,-1.0539633840402927,1.2962524630752608
67.516469842,2.2867615178004,-0.6802347607369078,1.529421646681144,1.3981668436856411,-0.8518550843515849,1.1264162851204151,1.775712006758354,-1.0605872398584655,1.3034272864499545
67.54960658,2.286523336551737,-0.6870619047807311,1.536212247637466,1.3952744981726701,-0.8579855189776744,1.1334902485943044,1.7739443522375098,-1.067131190405811,1.3105012499238438
67.566266083,2.286332363648303,-0.6938877323290323,1.5429958353996476,1.3924603963114606,-0.8640618468128816,1.1405447634000234,1.772244191205283,-1.0736081018387913,1.3175557647295628
67.58294915100001,2.286187165489847,-0.7007149239402443,1.5497790344652158,1.3882320543526026,-0.8734217762269566,1.1513324715982254,1.7697300914690504,-1.0835663374693527,1.3283434729277648
67.599594026,2.2860882197911603,-0.7075430033273717,1.5565671836610102,1.3868158453600767,-0.8765985725911853,1.1549622584381964,1.7688954075111256,-1.0869428720450192,1.3319732597677358
67.616255322,2.286035526311924,-0.7143717916762651,1.5633579466912788,1.3840953952750537,-0.882819010823131,1.1620475149434322,1.7673128110131269,-1.0935451511050918,1.3390585162729716
67.616546106,2.28602861004908,-0.7211997387176245,1.570141434401952,1.3840478550408273,-0.8829287009464368,1.16217281965071,1.767285328744986,-1.0936614985243112,1.3391838209802494
67.64961586700001,2.286068901498605,-0.7280272037281807,1.576928369504225,1.37746412643901,-0.8985277394763402,1.1799364101561274,1.7635512793433552,-1.110176109038216,1.3569474114856668
67.666271091,2.286155444766364,-0.7348553180955454,1.5837181358297463,1.3761505234683655,-0.9017162475980078,1.1835352288605137,1.7628196604290958,-1.1135461046718518,1.360546230190053
67.666626468,2.286288242513263,-0.7416827109146091,1.5905047690128988,1.3761052582115325,-0.9018278873038953,1.1836615187035457,1.7627947608887333,-1.1136639706139069,1.3606725200330851
67.683149732,2.286467772324103,-0.7485084886656831,1.5972887144723371,1.3725053310709614,-0.9108024586968723,1.193804856663105,1.760831399672007,-1.1231322133145203,1.3708158579926444
67.716278414,2.286693080192084,-0.7553324714353463,1.6040737242362662,1.3674267058696092,-0.9239116853071794,1.2085593097885887,1.7581405093746003,-1.1369308859196483,1.3855703111181281
67.716546295,2.2869651211762148,-0.7621538854633018,1.6108554000261448,1.3674069845757235,-0.9239637325915292,1.2086173942758514,1.7581302611433236,-1.1369855926193881,1.3856283956053908
67.733274929,2.287282941640267,-0.7689723720224362,1.6176361627373723,1.3638191688828567,-0.9335718535715741,1.2193884286290926,1.7562903826502652,-1.147075352643489,1.396399429958632
67.76627245200001,2.2876470167047738,-0.7757894813821372,1.6244180652185505,1.3604007573217507,-0.9430675644256662,1.2299407611627267,1.7545974671683293,-1.1570246289687625,1.406951762492266
67.782957384,2.288057822817019,-0.7826063465801901,1.631204116577656,1.3592547386774627,-0.9462994486073971,1.2335400279801298,1.754038451984228,-1.1604078132855153,1.4105510293096692
67.799615294,2.288514411817117,-0.7894171848698294,1.6379886515391244,1.355937583247747,-0.9559417089155252,1.2442213151983825,1.7524710160581287,-1.1704835191472487,1.421232316527922
67.799897531,2.289018212664357,-0.796223607224424,1.6447725761742369,1.35591856461504,-0.9559978803733131,1.2442834350010497,1.7524621857262832,-1.1705421618475578,1.421294436330589
67.832932786,2.289566363203991,-0.803026862043311,1.651557102315457,1.3516531796106244,-0.9688944917686281,1.258492872072205,1.7505343892700358,-1.183988339577342,1.4355038734017445
67.8332547,2.2901617238461967,-0.8098270718329492,1.6583384304555289,1.3516326399161485,-0.968958129904426,1.258563062066795,1.7505253764368238,-1.184054600125291,1.4355740633963343
67.849983455,2.290803341157008,-0.8166243547036308,1.665119561429708,1.349964205518218,-0.9741749746055067,1.2643077177525512,1.7498016364182127,-1.1894837199766897,1.4413187190820906
67.88291467100001,2.2914912156770884,-0.823417935795224,1.67190250635575,1.345580038998893,-0.9884176254807198,1.27991947701544,1.7479939359725036,-1.2042758205415507,1.4569304783449795
67.88320797,2.292225349978985,-0.8302058481559867,1.6786913266689294,1.345562543817971,-0.9884760881541662,1.279983161384072,1.7479870087433642,-1.2043364503942509,1.4569941627136114
67.899872793,2.2930043142481025,-0.8369877325096989,1.6854828516269618,1.3443209664208993,-0.9926474858032778,1.2845286652441352,1.7474993650815276,-1.2086612944884356,1.4615396665736746
67.91650822,2.293830013575105,-0.8437652003788013,1.692270139911885,1.3417488021126178,-1.0015570335590478,1.2942496884567873,1.746536257416079,-1.2178845528099775,1.4712606897863267
67.933199524,2.2947014960683343,-0.8505365221303853,1.699061075198577,1.3407891225777575,-1.0049405844755164,1.2979409282635785,1.7461873763867393,-1.221384221885952,1.474951929593118
67.949844489,2.295619714767428,-0.8573025333283701,1.7058508028416262,1.339011720282732,-1.011378863738065,1.3049111893675267,1.7455714512133025,-1.228034878617558,1.481922190697066
67.966469856,2.2965837163017597,-0.8640631136644682,1.7126398824632372,1.3372201765980087,-1.0180521264171516,1.3121897084969767,1.7449829833940735,-1.2349193371426774,1.489200709826516
67.99957089600001,2.297593502374532,-0.870816296186286,1.7194228962986295,1.332262846128257,-1.037631222694269,1.3334004769019563,1.7435507593938164,-1.2550654253691311,1.5104114782314957
67.99983641200001,2.2986481192624204,-0.8775627354458085,1.7262016954880308,1.3322365006004215,-1.0377385412467761,1.333516897165599,1.7435437230470805,-1.2551757061397748,1.5105278984951385
68.032921352,2.299749949131133,-0.8843033878640328,1.7329820275256005,1.3298787957655391,-1.0477465009490154,1.3442685551532643,1.7429851410409278,-1.265442449325054,1.5212795564828037
68.04957896100001,2.300898040276716,-0.8910372986687269,1.7397616127268742,1.3291072557063286,-1.0510952131222935,1.3478755752946663,1.7428153250110376,-1.2688746949162697,1.5248865766242057
68.066276937,2.302090486762656,-0.8977628563368159,1.746539919804461,1.3276278067336946,-1.0577320294943866,1.3550390954019855,1.742527657481963,-1.2756683204735275,1.532050096731525
68.066660137,2.3033282412199654,-0.904481373269166,1.753318736625885,1.3275947807183763,-1.057883208472653,1.3552015753179,1.7425217683320078,-1.2758229526793268,1.5322125766474395
68.083226302,2.3046117815861416,-0.9111911810858164,1.7601009223393906,1.326200987691838,-1.064355285000756,1.362136398716407,1.7422894096035948,-1.2824393295585392,1.5391474000459464
68.09983357600001,2.305941585085877,-0.9178926975692546,1.7668817446374594,1.3245922770022915,-1.0721252067145846,1.3704647502987992,1.7420740264807792,-1.2903711164714669,1.5474757516283386
68.116490654,2.307316221763861,-0.9245847885826184,1.7736620681548736,1.3228144479246327,-1.081117319780847,1.3800787224637672,1.7419073808605157,-1.2995357770141747,1.5570897237933066
68.149593728,2.3087361683332417,-0.9312680507219824,1.7804448775153527,1.3197494808311363,-1.0977553699730176,1.3978149815250784,1.7418200678235376,-1.3164535521017853,1.5748259828546178
68.149853253,2.31020142694364,-0.9379405170352874,1.7872279438794445,1.3197304332958517,-1.0978622454937639,1.3979286959958372,1.7418201374213507,-1.3165621116738706,1.5749396973253766
68.166436089,2.3117119981610044,-0.9446014722670776,1.7940055471663825,1.3185853833816616,-1.1045618829533048,1.405088892009159,1.7418727058143122,-1.3233586930174088,1.5820998933386985
68.199591904,2.3132669268737103,-0.9512522862241776,1.8007834331550272,1.3174835540057137,-1.1112973785965568,1.4122123178364054,1.7419741335977608,-1.3301829616184175,1.5892233191659448
68.216266776,2.3148676432306567,-0.957893496997028,1.8075653185784368,1.3164299687527319,-1.1180397560174067,1.4193747517570774,1.7421242634605316,-1.337005509250702,1.5963857530866168
68.232930126,2.316512718578261,-0.9645227187519522,1.814348832475533,1.3149506613047952,-1.1281346272727575,1.4300692393983105,1.7424456574571017,-1.3472031306442722,1.60708024072785
68.23317348900001,2.3182026293727414,-0.9711413825500252,1.8211337305618291,1.314943546706483,-1.1281848862166723,1.4301225190068463,1.7424475040290046,-1.3472538570587402,1.6071335203363857
68.266228702,2.3199373768364007,-0.97774793867109,1.8279133162690075,1.3127154002594201,-1.1449508122147467,1.4478867751515185,1.7432064532313143,-1.3641501556850897,1.624897776481058
68.282943671,2.321717913813762,-0.9843429842602928,1.8346926566681996,1.3123033564453341,-1.1483818524760998,1.4515147128399306,1.7434050131020522,-1.3676001399397617,1.62852571416947
68.284127106,2.3235447123103614,-0.9909307517942372,1.841448076236409,1.3122750690056884,-1.1486181515141345,1.4517645120197447,1.7434187771118508,-1.3678377277480602,1.628775513349284
68.299872758,2.3254111208879675,-0.9974900143389348,1.848238570236719,1.3118987034421938,-1.1517621200640151,1.4550881005186733,1.7436019078358969,-1.3709988434400167,1.6320991018482127
68.31648081200001,2.3273233123460155,-1.004043786417123,1.8550276367019636,1.310427178188133,-1.1652587314780274,1.4692974696124823,1.7445299682861748,-1.3845436804650537,1.6463084709420217
68.333285371,2.3292808174180344,-1.010585153344701,1.86182980040966,1.310077621862531,-1.1688105291414985,1.4730435853987887,1.7448113031798602,-1.3881015319156629,1.650054586728328
68.34980759300001,2.3312831589819893,-1.0171147702230776,1.8686280217112103,1.3097441701583656,-1.1722116276770644,1.476630622174909,1.745081954732201,-1.3915082031684924,1.6536416235044484
68.38297026000001,2.3333298635120068,-1.023629417853674,1.8754260678751529,1.3083049773750661,-1.1891372325376786,1.4945680655309417,1.7466456472795557,-1.408422760253515,1.671579066860481
68.399560822,2.3354214053747078,-1.030131361761193,1.8822243255319229,1.3080473025559332,-1.1925138374663775,1.49813576056804,1.7469865786268917,-1.4117919772209029,1.6751467618975795
68.416259689,2.337556355137051,-1.0366196466231323,1.889022130661168,1.307368583813773,-1.202667441876819,1.5088303083436703,1.7481063938713388,-1.4219064399092023,1.6858413096732097
68.43298811300001,2.3397361435391666,-1.0430941548791537,1.8958247040685776,1.3071515813445336,-1.2061725095152855,1.5125300697682338,1.7485099827900639,-1.4253949503659107,1.6895410710977732
68.449616617,2.3419602945114915,-1.049553813096411,1.902626966074168,1.306789216726491,-1.2127914060475091,1.5194737898867032,1.7493187890504325,-1.4319742308625818,1.6964847912162426
68.44991585700001,2.3442283308234475,-1.055999574399516,1.9094289927058,1.3067826772604385,-1.2129109124289432,1.5195991582228086,1.749333395415483,-1.432093021409006,1.696610159552348
68.482912469,2.3465407317104248,-1.0624291743629122,1.9162246091808075,1.306070152246516,-1.229894529259005,1.537468056894264,1.7516226163399085,-1.448936726467128,1.7144790582238034
68.483178576,2.3488960663546568,-1.068842492128255,1.9230252628070668,1.3060682924816396,-1.2299505510191255,1.5375268918218818,1.7516306503985941,-1.4489922003369533,1.7145378931514212
68.499824723,2.351293858778516,-1.0752391695186478,1.9298185379117423,1.3059292903763393,-1.2343314992165892,1.5421311240568105,1.752265252997733,-1.453329170274053,1.71914212538635
68.516574418,2.353735540861173,-1.0816178968814711,1.936604564045469,1.3057119543184577,-1.2436105062738378,1.5519095685617845,1.7536852353922336,-1.4625014577166615,1.728920569891324
68.53321259,2.3562192045706336,-1.087979268064376,1.9433927016263115,1.3056385437016116,-1.2477778453915176,1.5562963822445681,1.754346790563814,-1.466616606461891,1.7333073835741075
68.566260148,2.3587481847449863,-1.0943261479358242,1.9501873292231875,1.3055450560824748,-1.2639745413863834,1.57329713197465,1.7571068086908095,-1.4825766816817543,1.7503081333041894
68.56655846700001,2.3613196250710344,-1.1006540032478327,1.956980300944197,1.305545214939364,-1.2640345981566015,1.5733604037584872,1.7571175403462598,-1.4826357720570773,1.7503714050880266
68.58315764400001,2.363932572821734,-1.1069622368553438,1.9637732774162049,1.305554054113611,-1.2673762993518514,1.5768809959399732,1.757714675119177,-1.4859237007473487,1.7538919972695126
68.616259637,2.366598919459844,-1.1132766116879758,1.9705271389972736,1.305897469796235,-1.2878137376256342,1.5982935443596986,1.7616515138045306,-1.5059813207131187,1.775304545689238
68.632937474,2.3692758615252805,-1.1194994459378795,1.97746300104213,1.3060059962924162,-1.2913181447315123,1.6020611977543613,1.7623754287966602,-1.509411859191007,1.7790721990839007
68.649618378,2.372016192118961,-1.1257495329850418,1.9843343644763496,1.306113037162838,-1.2947340102427791,1.6057390608516275,1.763082290258239,-1.512755501189358,1.782750062181167
68.666284363,2.3748032660055967,-1.1319877529716826,1.991144817813664,1.306373774339045,-1.3014910885561535,1.612945395170211,1.7645287941468284,-1.5193610835034639,1.7899563964997505
68.68295116,2.377631369260381,-1.1382071851685047,1.9978987243305488,1.3066850759396742,-1.3082920987995614,1.6201187596899436,1.766032808249989,-1.5260010074936152,1.797129761019483
68.699637153,2.380501458992341,-1.144405684909643,2.004680415440611,1.3072456144879645,-1.3184411708660955,1.6307057385770012,1.7683717185746333,-1.5358927902332984,1.8077167399065406
68.71626761,2.3834140090133964,-1.150585040882132,2.011480640451901,1.3074516445969901,-1.3218675653545264,1.6343087063171335,1.7691778765374533,-1.5392293658633653,1.811319707646673
68.71659439300001,2.386369021686419,-1.1567433457387282,2.0182804752974106,1.307455693020742,-1.3219348928771635,1.6343795034459827,1.7691937172757788,-1.5392949284750326,1.811390504775522
68.733218659,2.389364112535445,-1.162880954359151,2.025084505165533,1.307922891452366,-1.328870160665974,1.6417015369646712,1.7708748333830784,-1.5460395605858896,1.8187125382942106
68.74982996,2.3924016641761754,-1.1689989423740472,2.0318840819365644,1.3084916305039394,-1.3364222084626676,1.6496134810170116,1.7727645110804284,-1.5533734550651186,1.826624482346551
68.766508238,2.395481201214801,-1.1750968323976445,2.038680429030218,1.3095795044058482,-1.3491385481562974,1.6630595378190698,1.776074582039086,-1.5656995329116556,1.8400705391486092
68.799594811,2.398601769883316,-1.181173788865478,2.045473090917203,1.3102346917220677,-1.3559537195328641,1.6702461170547345,1.777919602049408,-1.5722928425868354,1.8472571183842739
68.816263201,2.401764325795691,-1.1872287399943822,2.052265927283862,1.3109267530599538,-1.3626465517477568,1.6773348072010252,1.779779377436348,-1.5787592316458263,1.8543458085305646
68.81655738100001,2.404965055370336,-1.1932602508766272,2.059059294973612,1.310939212530479,-1.3627647293451732,1.6774598004786982,1.779812451885488,-1.5788733686851735,1.8544708018082376
68.849585933,2.4082210939994466,-1.1992956402075554,2.065905455206817,1.3133016785128937,-1.3828125046812814,1.6987218929778916,1.7856681770362384,-1.5981918837524347,1.875732894307431
68.866265224,2.4114767726166035,-1.2052300587880371,2.072632580794208,1.3137678024223838,-1.3863450247607823,1.702448153983747,1.7867490521326357,-1.6015871272837685,1.8794591553132864
68.866522414,2.4147977485647822,-1.2111886329231245,2.07951326252814,1.3137747366521548,-1.3863973575780153,1.7025032867081453,1.7867650931958334,-1.6016374213350424,1.8795142880376847
68.8831572,2.418163089729516,-1.2171312841376103,2.086348948352926,1.314225178905578,-1.3897953992581946,1.7060836689521492,1.7878068516293226,-1.604903049123104,1.8830946702816886
68.916305741,2.421568512253951,-1.2230504973041016,2.093184134650643,1.3161526535994792,-1.4032300110171239,1.7204910188939548,1.7920698832696242,-1.6177883319311208,1.8975020202234942
68.932986213,2.425013066345485,-1.228942456628279,2.100052777058924,1.3171893387837974,-1.4099407794824406,1.7276041884539328,1.794272055913958,-1.6242116928279584,1.9046151897834722
68.93340919900001,2.4285015097776004,-1.234816823552588,2.1068479758664984,1.3172163014303253,-1.4101102457072714,1.727785230717224,1.7943284382339537,-1.6243737632436983,1.9047962320467633
68.966286333,2.432028130371851,-1.240665366046594,2.1136555673083386,1.3199908790109505,-1.4266517006636161,1.7454699412079426,1.7999724143081202,-1.6401681782976953,1.922480942537482
68.96662785400001,2.4355981652586847,-1.2464940506155189,2.120447088116477,1.3200032068827796,-1.4267214930637586,1.7455446077869876,1.799996839158838,-1.6402347093596807,1.922555609116527
68.999584349,2.439203992875105,-1.2522971464245776,2.127177158783462,1.321833903075621,-1.4368071638198,1.7563029722699568,1.8035748959589661,-1.6498404218623952,1.9333139735994962
68.999898637,2.4428484753505786,-1.2580733454697584,2.1339382104165967,1.321857873849474,-1.4369348106952546,1.7564387610810233,1.8036209692674994,-1.6499618532135911,1.9334497624105627
69.016501262,2.446533991594579,-1.2638270612397042,2.140721921432688,1.3232276975296988,-1.4440715199935443,1.7640205161614366,1.8062260780237367,-1.6567458376542703,1.941031517490976
69.04962386300001,2.450259589868933,-1.2695569813342178,2.147499398436106,1.325824957451429,-1.456888947421106,1.77771144135518,1.811039750308603,-1.6689056388078969,1.9547224426847194
69.06622321200001,2.4540200304259665,-1.2752576160833695,2.154226406889681,1.3272082123175044,-1.463362710029824,1.784685694092886,1.8135413433771075,-1.6750346704164114,1.9616966954224253
69.082950173,2.45781769517241,-1.2809314716290354,2.160991521024457,1.3294527131089837,-1.4734123598251536,1.7953860534376682,1.8175203959759958,-1.6845320587535806,1.9723970547672076
69.08326377,2.461656872555513,-1.2865816523574554,2.167776836933399,1.3294672783211052,-1.4734760689267825,1.7954546502336406,1.8175459520109598,-1.6845922076032074,1.97246565156318
69.11625645400001,2.465534226074085,-1.29220624707343,2.1745734266742613,1.3317829521239393,-1.483391145258542,1.806101609863859,1.8215713687198032,-1.693944592547483,1.9831126111933983
69.132958157,2.469448803962885,-1.2978038241674272,2.18136659545858,1.3350513511200401,-1.4966058632700139,1.8203757675471772,1.8271156512716173,-1.7063772968030375,1.9973867688767166
69.149617199,2.473402035936904,-1.3033753389621596,2.1881626061086483,1.3359319316674172,-1.500011877272931,1.8240674365093366,1.8285822306680601,-1.709575030119375,2.001078437838876
69.14994189800001,2.4773939218209464,-1.3089204338295564,2.194957307127714,1.3359487159327317,-1.5000767109887065,1.8241377318339858,1.828610169113351,-1.7096358952616006,2.001148733163525
69.182905386,2.481421126633902,-1.314436959156928,2.2017479760461365,1.3385394898792828,-1.5098908379646618,1.8348182866584484,1.8328886113882907,-1.7188404663891608,2.0118292879879878
69.19959711,2.485486510129592,-1.3199258719154363,2.2085397159129245,1.3412559455277533,-1.5197085110068924,1.8454960460314078,1.837291395935161,-1.7280263971252423,2.022507047360947
69.21628037800001,2.4895881658144923,-1.3253865738607515,2.215333461955455,1.34219745832032,-1.5230479872622351,1.8491379320732708,1.838806238971303,-1.7311479029436603,2.02614893340281
69.216581883,2.493728476616898,-1.3308203790423825,2.2221222376875764,1.34222277513571,-1.5231362249377056,1.8492345167854651,1.8388466977987004,-1.731230303864769,2.0262455181150045
69.249605946,2.4979041070045724,-1.336224780219287,2.2289060813221453,1.3470167862958153,-1.539338242561623,1.8670026148302137,1.8464187817589055,-1.7463349873301233,2.044013616159753
69.266257464,2.502116009436908,-1.341600851373577,2.235693506093898,1.3480315456395966,-1.5426622024120706,1.8706295145232215,1.8480029945723424,-1.7494283213526498,2.047640515852761
69.282921966,2.5063656148491487,-1.346948713363686,2.2424855021857044,1.3500759067575556,-1.5491917479154047,1.8778376313254714,1.8511651864239187,-1.7554958512911467,2.054848632655011
69.29960485400001,2.5106519692996208,-1.3522680074622715,2.249277236173978,1.3521552101177674,-1.5556695982966153,1.88493757774829,1.8543526716305028,-1.7615063409619596,2.0619485790778294
69.316262683,2.514976501203375,-1.3575610002935186,2.2560442875746385,1.3553599587425207,-1.5653371073035556,1.8956544903558505,1.8592096771956235,-1.7704584714953866,2.07266549168539
69.316576862,2.5193325415656123,-1.3628219621210154,2.2627608992555657,1.3553805720503052,-1.56539830151259,1.8957222683264634,1.8592407439786407,-1.7705150797515876,2.072733269656003
69.333194856,2.5237262847688293,-1.3680539995283472,2.269502321728376,1.3568368878241606,-1.569696110983678,1.9004715484768155,1.8614310969459142,-1.7744892936061392,2.077482549806355
69.366227225,2.5281515379455057,-1.3732528138399305,2.27625661059132,1.3620839731247754,-1.5846208762697158,1.9169473645672994,1.8692242665988874,-1.7882569015957366,2.093958365896839
69.366625023,2.5326130626805803,-1.378423536547161,2.2830345465793096,1.3621120441064547,-1.584698683733088,1.9170336864620143,1.8692655999211942,-1.7883285503070716,2.0940446877915537
69.38315935700001,2.5371113368604634,-1.3835659297818004,2.289815946914429,1.3639882511038302,-1.5898555730379837,1.922773063902012,1.8720205567769252,-1.7930744825361502,2.0997840652315514
69.416253364,2.5416444571375347,-1.3886761766504157,2.296628098449662,1.3692412029774106,-1.6038166803385119,1.938443450929066,1.8796498126588692,-1.8058924572252668,2.1154544522586054
69.432939949,2.546214326617307,-1.393757855627631,2.3034346872270275,1.37048899787275,-1.6070555219822416,1.9420999138640953,1.8814484314065483,-1.8088609682820915,2.1191109151936347
69.449590985,2.550819517133985,-1.3988091769267017,2.310219658881515,1.3729476410325405,-1.6133046277602292,1.9491080129175709,1.8849690498110716,-1.8145794904042305,2.1261190142471103
69.44995579,2.555456694503788,-1.4038271564703433,2.3170058127629107,1.37300228753753,-1.6134421971267148,1.9492631663977686,1.885047066756837,-1.8147052875714333,2.126274167727308
69.46646230200001,2.560125381379183,-1.4088111976620066,2.32378407376471,1.3755171853607913,-1.6197025481077991,1.9563709139892769,1.8886250409589933,-1.8204249734086548,2.1333819153188163
69.48321818800001,2.5648284377484267,-1.4137638071941003,2.330568487175399,1.3806819399377501,-1.6321719337768414,1.9705229396642263,1.8959048032946282,-1.8317900659793385,2.1475339409937657
69.49981413,2.5695696719816272,-1.41868892336603,2.3373288414842723,1.3820627173110445,-1.635409211231796,1.9742098168479298,1.8978340511564344,-1.8347336206607865,2.1512208181774692
69.53293553900001,2.57433669984647,-1.4235755646414896,2.344079004672445,1.387476843782021,-1.6478491108188937,1.988368946598328,1.9053540966573974,-1.8460257764710934,2.1653799479278675
69.533285315,2.579140002066229,-1.428432564593619,2.350845620067094,1.3875063975353372,-1.6479157041579042,1.9884446948405898,1.9053949149086462,-1.8460861251869094,2.1654556961701292
69.54979805900001,2.5839781493130958,-1.4332577758068628,2.357621571083291,1.3889462515475215,-1.6511581821715293,1.9921343970403154,1.907383232058717,-1.8490243964739046,2.1691453983698548
69.56648921200001,2.588854473203665,-1.4380563281242216,2.364406527828782,1.3931023571742231,-1.6602884477639581,2.002656929530721,1.913082126960998,-1.857280155715873,2.1796679308602602
69.583208298,2.593735158254201,-1.4427974265511376,2.3711423330377084,1.3945562846421153,-1.6634424535549952,2.0062948317394884,1.9150687187578406,-1.8601288590427403,2.183305833069028
69.616258512,2.5986668812197906,-1.4475217752844067,2.377909250328318,1.4018283909504743,-1.6787016711705482,2.0240375517598146,1.9249141603486442,-1.8738691113068346,2.201048553089354
69.63290667300001,2.6036301153157546,-1.452212304876228,2.3846914874709126,1.4033614205129432,-1.681847982680983,2.027711201059901,1.9269772633526352,-1.8766963116455126,2.2047222023894406
69.63318525400001,2.60862867122246,-1.4568716423252912,2.3914682667590776,1.4033907168256206,-1.6819078396927085,2.02778105117408,1.927016641999031,-1.876750074625315,2.2047920525036195
69.666249263,2.6136558793086717,-1.4614947731505878,2.398249143877206,1.411000945326743,-1.6970319175740827,2.0455042699206993,1.9371711259309123,-1.8902977595079187,2.2225152712502387
69.682942009,2.618713643737736,-1.4660837261064603,2.4050327124670567,1.4125965529051334,-1.700136048256064,2.04916021385006,1.9392884015920995,-1.8930724188761257,2.2261712151795994
69.699570022,2.623805777944646,-1.4706405321470966,2.411816614362709,1.415733679237421,-1.7061334951639027,2.0562645214124444,1.9434325873486074,-1.8984237416520977,2.233275522741984
69.69989709500001,2.628927993003042,-1.4751625637231502,2.4186004816994795,1.4157960879597897,-1.7062516495716626,2.0564043262933964,1.9435148264799518,-1.8985290603967564,2.233415327622936
69.716457489,2.6340783851168363,-1.479646719196733,2.425388335152018,1.418978224622084,-1.712230226768348,2.063472359209574,1.9476999965227564,-1.9038538825296594,2.2404833605391135
69.733262459,2.6392213293636217,-1.4840637511693129,2.432420769953651,1.4221960905738231,-1.7181737845837026,2.07055203126459,1.9519141710687105,-1.9091379409778655,2.2475630325941296
69.766264281,2.64444512093248,-1.4884873137158747,2.4390814973129165,1.4304238591204705,-1.7329155346144924,2.0884525578505677,1.962609222248888,-1.9222005306706054,2.265463559180107
69.782919375,2.6496567734758707,-1.4928420783928882,2.446021293784727,1.4321626785782045,-1.735967813075925,2.092062424660213,1.9648583414627345,-1.92489893013596,2.2690734259897525
69.799579138,2.654932180047312,-1.4971891680045453,2.4528184566352205,1.4355704146242063,-1.7418526226126618,2.0993214939672225,1.969249074400863,-1.9300917244231355,2.276332495296762
69.81628637200001,2.66023155289627,-1.5014911048597166,2.459538050479506,1.4390453196433874,-1.7477546475169683,2.1065232414572304,1.9737089581786158,-1.935289637422823,2.2835342427867698
69.83295895,2.6655481436459176,-1.5057495501399416,2.466388631440673,1.4425321901688832,-1.7535815237268952,2.1135429134810018,1.9781673877060624,-1.9404114689874272,2.290553914810541
69.849619024,2.670904819609617,-1.5099814579329136,2.473211165472538,1.4460725267724956,-1.7594034875592786,2.1207758639630523,1.9826775828618617,-1.9455190501947173,2.2977868652925917
69.84991114,2.676295389057365,-1.5141805030055755,2.4800341011065097,1.446134406755074,-1.7595042654881559,2.1209010057897073,1.982756241724644,-1.9456073570828887,2.2979120071192467
69.882924934,2.681712229459265,-1.518340835313105,2.486858067979198,1.453221434986193,-1.770878990793889,2.135034965693089,1.9917354844351807,-1.9555564045385418,2.3120459670226285
69.899617971,2.6871543868230785,-1.522461976918809,2.4936818842437485,1.4587656260114004,-1.7795255348093337,2.145814951170477,1.9987155974921542,-1.9630915753559075,2.3228259525000166
69.89991174100001,2.692624242925284,-1.5265467915924058,2.500507389439947,1.4587991008065044,-1.779577174249834,2.145879785548253,1.9987576423134878,-1.9631365133879233,2.3228907868777924
69.916505478,2.698120370162459,-1.5305926550823792,2.50735729420771,1.4606983790035317,-1.782506662545276,2.149557850088419,2.0011430911217456,-1.9656857864854977,2.3265688514179583
69.93320338400001,2.703649438896255,-1.534603866614405,2.51417214915193,1.4656248993902221,-1.7899604029469867,2.1589444741946675,2.0073051465175604,-1.9721555563728643,2.335955475524207
69.949794006,2.7092033487788045,-1.538575529267832,2.5209836233092866,1.4720183906843203,-1.7994328161333013,2.1709844728665084,2.0152667147398087,-1.980354140027525,2.347995474196048
69.982971722,2.7147806682455777,-1.5425084758582612,2.527854449695547,1.4778275541667318,-1.8078125637925644,2.1817881831087966,2.022460680249071,-1.9875800248487665,2.358799184438336
69.999603011,2.720393311557022,-1.5464083229584435,2.5346272164232437,1.4797665581394632,-1.8105805459717137,2.18536912514147,2.024856794794194,-1.9899633202221958,2.3623801264710096
70.016258967,2.726028414685111,-1.550266472666521,2.541425801832892,1.4837249915213342,-1.816147046904611,2.1925251217278854,2.0297335697529584,-1.9947458084319274,2.369536123057425
70.016521478,2.731690740796672,-1.554086745172628,2.548232969813557,1.483998406967942,-1.8165268425595595,2.1930138624578888,2.030069590407706,-1.9950715243596078,2.370024863787428
70.033189967,2.7373755241740385,-1.5578672276337326,2.555032645044308,1.4917682137305084,-1.8272045453484733,2.2068884716309594,2.0395982054864374,-2.0042142115279065,2.3838994729604988
70.04982622600001,2.743088483507603,-1.5616107876660497,2.561838357981828,1.4938319832796891,-1.8299787055277714,2.2105182071832123,2.042118223945173,-2.006581618636994,2.3875292085127517
70.08291849,2.7488281899573392,-1.5653158739009558,2.5686417825225853,1.5019890948921237,-1.8407795762921886,2.224751805739615,2.0520497804205746,-2.0157773494455418,2.4017628070691543
70.083214333,2.754593214077436,-1.5689818886438804,2.575449022719934,1.502026612347195,-1.8408285138539366,2.22481653054201,2.052095328964337,-2.0158189159530444,2.4018275318715494
70.116278503,2.760383078628641,-1.5726087121356085,2.5822591552375447,1.5103469119739164,-1.8515238061114703,2.2390663817017042,2.0621689324304713,-2.0248819825179307,2.4160773830312436
70.13289726900001,2.7662015975863508,-1.5761983753307316,2.589109971458768,1.512476697425843,-1.8542209349595808,2.2426736069134865,2.0647403709564545,-2.027161937342404,2.419684608243026
70.13322324,2.772032091871959,-1.5797396533254282,2.595845384516965,1.512518472386363,-1.8542738381527382,2.242744361313031,2.0647908087800415,-2.0272066578200905,2.4197553626425705
70.14982352,2.7778902849143563,-1.583243650713525,2.602627987313868,1.5167740380050307,-1.8595840451327998,2.249992408485153,2.0699149428033006,-2.0316845353773223,2.4270034098146924
70.182941031,2.7837895181411927,-1.5867205156679751,2.6094349048372147,1.5275786281920438,-1.8727176417722657,2.267749490909786,2.08286337465366,-2.04271035246333,2.4447604922393253
70.199609511,2.7896788074849974,-1.5901366915925514,2.6161023566101718,1.5298116928533403,-1.8753847874136202,2.271372222996031,2.0855311989060503,-2.044942606349446,2.4483832243255703
70.199973755,2.795608186121441,-1.5935228729628446,2.6228690790629714,1.5298911974673646,-1.87547866870545,2.271500000359799,2.0856259925896135,-2.045021020877204,2.4485110016893383
70.216477451,2.8015595444498738,-1.596869740575235,2.6296558764514284,1.5341872397638847,-1.8805366079869128,2.278387770932399,2.09074554948669,-2.0492434451057777,2.4553987722619386
70.233134529,2.807534790247415,-1.6001768197911943,2.636442025475975,1.5408581584440972,-1.8882430778771633,2.2890574856873993,2.098669248582442,-2.0556548277060696,2.4660684870169387
70.26621469,2.813533924600492,-1.60344351456497,2.6432304288461674,1.5498798645867735,-1.8984178658595754,2.3033248302345086,2.10934164408475,-2.064082013858882,2.480335831564048
70.26646796200001,2.8195621888335665,-1.606673049590719,2.649994058384038,1.5499154287068233,-1.89845739431305,2.3033803204449628,2.1093836129837698,-2.0641146622399154,2.480391321774502
70.283259547,2.825600996842261,-1.6098562243247865,2.656765436306721,1.5523045361331727,-1.901111806135897,2.3071076001080435,2.11220279946839,-2.0663069040114452,2.484118601437583
70.316257651,2.8316665526071363,-1.613000329215356,2.663536946956622,1.5637393774808566,-1.913497933698525,2.324767457203963,2.1256400140495764,-2.0764859519504,2.5017784585335026
70.316573543,2.837754565695534,-1.6161050016889056,2.6702583253933927,1.5637843305878827,-1.9135457956814075,2.3248359818492936,2.1256926926622848,-2.0765251503559785,2.501846983178833
70.333163733,2.8438617017142573,-1.6191665424121144,2.677026314867331,1.5661535792601728,-1.9160681022263164,2.3284472776199694,2.1284690685339647,-2.0785908479613395,2.505458278949509
70.34981991000001,2.8499903419520005,-1.6221872191077693,2.6838417157005563,1.5712814166165487,-1.92144406222647,2.3361740388217207,2.1344634228622987,-2.082979854462027,2.51318504015126
70.36649914,2.856135719767091,-1.6251664302345912,2.6905816510166667,1.580221044750042,-1.9306269196525363,2.3496546765124418,2.1448803557344123,-2.0904450625107343,2.526665677841981
70.38321414900001,2.86230498620463,-1.6281051377099656,2.697363698665509,1.585050268641676,-1.9354853320472731,2.3567398418620247,2.1504896286484305,-2.0943771906583053,2.533750843191564
70.399837813,2.868495280196558,-1.6310032190269412,2.704067972809979,1.5899609387030065,-1.9403556951529046,2.3639972382095467,2.1561811794658245,-2.0983067410810596,2.541008239539086
70.43295296000001,2.8746956401078183,-1.633856966060196,2.7108131867316656,1.5972649843947218,-1.9474623995625242,2.3746302876038294,2.164622501047662,-2.1040162437725707,2.551641288933369
70.433237442,2.880909397791009,-1.6366684092107615,2.717564574395888,1.5973072724184283,-1.9475031489822519,2.3746922585652186,2.1646713037830105,-2.1040489100423247,2.551703259894758
70.46624346200001,2.887150864029289,-1.6394355384125832,2.724336579897656,1.6071103543285645,-1.956816972248813,2.388865811350165,2.1759612599846445,-2.1114909936042556,2.5658768126797042
70.466532332,2.8934195519321837,-1.6421686051094722,2.7311257331121457,1.607154567029099,-1.956858375055718,2.3889291536639607,2.1760120723763094,-2.1115239641390025,2.5659401549935
70.499557107,2.8996792357609533,-1.6448495669358596,2.7378046785811847,1.6171458452251803,-1.9660827266957641,2.403229324300712,2.1874715293009794,-2.118844834999928,2.5802403256302515
70.516238251,2.9059804505312377,-1.647491237538672,2.744539055798906,1.619693824624957,-1.968401054783735,2.4067912419174817,2.1903879249552753,-2.1206782690818526,2.583802243247021
70.532909496,2.9122960171228858,-1.6500929895445444,2.7512638277450714,1.6247767725705675,-1.9729612725629733,2.4139170463205666,2.196194448822319,-2.124272184299734,2.590928047650106
70.54958075200001,2.918631183723216,-1.6526518487684838,2.758024429992151,1.6298588240728726,-1.9774558926637853,2.4209709792856327,2.201988539284878,-2.1278016846941785,2.597981980615172
70.566247057,2.924981660726017,-1.6551660221258284,2.764840130740586,1.6350031924309556,-1.981941200003166,2.4280933139322887,2.207842332999775,-2.1313110445896264,2.605104315261828
70.58290915500001,2.9313655584281326,-1.6576437559368988,2.771597009785791,1.642763787173918,-1.9885788565800568,2.4388104610540156,2.2166504760595562,-2.136478435753035,2.615821462383555
70.583216581,2.937740454629412,-1.6600705769725284,2.7782301777390046,1.6428127686826066,-1.988620338211556,2.4388778068920214,2.2167059966240346,-2.1365106441504684,2.615888808221561
70.59982222100001,2.944142575479311,-1.6624578518770492,2.7849668026062795,1.6459693747947794,-1.9912873381480525,2.443195127039864,2.220282905796142,-2.138580129976265,2.6202061283694036
70.61647273700001,2.950559530486401,-1.6648005595751307,2.791731453345144,1.655815795540128,-1.9994462963948534,2.456407359477576,2.23141216568528,-2.1448777625066295,2.6334183608071156
70.633247509,2.956989409294131,-1.667100128377876,2.7985329128057024,1.6611611006386753,-2.0037830872118993,2.463631446828252,2.2374376043989104,-2.148205543974161,2.6406424481577915
70.649803825,2.963437934645933,-1.6693566840903311,2.805292451523655,1.6664077027946482,-2.007977187166944,2.4707076440207913,2.243340756302482,-2.1514102446184227,2.6477186453503307
70.666454712,2.969900339922104,-1.6715687907060406,2.8120633172041227,1.6718227941377235,-2.0122437836638367,2.4779039157830107,2.249422530427432,-2.154656640067876,2.65491491711255
70.699587793,2.9763685207309347,-1.673733816278275,2.818812973357752,1.6772871125560211,-2.016485218316353,2.4852285377346144,2.2555483317251896,-2.1578695985407634,2.662239539064154
70.69993278,2.9828539168610204,-1.6758563039481376,2.825584852079745,1.6773749427833218,-2.016552648766553,2.4853450556127594,2.2556466632517935,-2.157920509495554,2.662356056942299
70.716446335,2.98935366974815,-1.677934223861538,2.832429639542551,1.6827112707809737,-2.0206326123529057,2.4923958146315783,2.2616180409254456,-2.160997057568167,2.6694068159611177
70.73316507,2.9958787424499,-1.679970926516924,2.839167735800668,1.6908300221349637,-2.0267189840859636,2.503032783795879,2.270681669505648,-2.1655587109286296,2.6800437851254184
70.749780619,3.0024105439119126,-1.6819613836928962,2.845938534107584,1.693603371820592,-2.0287773014467336,2.5066713721869887,2.27377412911624,-2.1670965120839414,2.683682373516528
70.766466793,3.0089557463397547,-1.6839087025233783,2.852727257592621,1.7045243412075513,-2.036703788189348,2.5207802184248456,2.2859202117385755,-2.172976090416028,2.697791219754385
70.783189737,3.0155157825325087,-1.685811692565754,2.859508039480652,1.7074303791542644,-2.0387671102712277,2.5245207733963966,2.2891441675504023,-2.174495453270877,2.701531774725936
70.81624094200001,3.02209255301063,-1.6876754820137836,2.866308012503663,1.7157624635665623,-2.044619196695289,2.5352081095723413,2.2983765408873205,-2.1787889167604284,2.7122191109018807
70.816557676,3.0286727299608027,-1.6894808627969022,2.8729783805298528,1.717257933447785,-2.0456488276331886,2.5371207147840327,2.3000299489039575,-2.1795391247078975,2.714131716113572
70.833183835,3.035253426844906,-1.6912457129953853,2.8798135537568927,1.7241944040079253,-2.050393382889786,2.5458950117619414,2.3076934926434385,-2.1829881138014806,2.722906013091481
70.86623384800001,3.0418599219050555,-1.6929700617424763,2.8865958397921605,1.738144698683848,-2.059677564523067,2.5634837948324245,2.3230606394525117,-2.1896707442037413,2.740494796161964
70.866565069,3.0484812508695645,-1.6946492472363723,2.8934047476766307,1.738262445547094,-2.0597549332428895,2.5636313758267155,2.3231901701608835,-2.189726170174188,2.740642377156255
70.883146333,3.055122181547746,-1.6962836326006003,2.900119033097176,1.743958176207173,-2.063441077637551,2.570752197500294,2.329445987758944,-2.1923517661884775,2.7477631988298334
70.916258254,3.0617479092269093,-1.6978696014381969,2.907004343745077,1.752727908458007,-2.068999563398703,2.581608611813408,2.3390574708571985,-2.19627915213338,2.7586196131429475
70.932927245,3.068396101594012,-1.6994125615848918,2.913833542233647,1.7556241015002272,-2.070815010013448,2.5852379024809444,2.34222808768416,-2.1975562462901994,2.762248903810484
70.94960056400001,3.075053393047225,-1.7009150010368317,2.920665387528043,1.7613877347349762,-2.0743704064909947,2.5924396677580397,2.3485277236910673,-2.2000411805665396,2.769450669087579
70.949898191,3.0817269592695973,-1.70236739131029,2.9274911297889448,1.7614915701131264,-2.0744341488653437,2.592569102046948,2.348641160852535,-2.2000856427576845,2.7695801033764873
70.966468735,3.088404393963631,-1.7037719830862064,2.9343076768646164,1.7681916193854654,-2.0784912567711458,2.6008662252238217,2.3559509262472167,-2.2028995572350283,2.777877226553361
70.983164216,3.095097614507563,-1.7051341545210403,2.941154600011139,1.7789639203721272,-2.084866093276078,2.614090608160229,2.3676774364032234,-2.2072779095019115,2.7911016094897683
70.999781829,3.1018037662645903,-1.7064465113445462,2.9478669093201697,1.7847375452793972,-2.088201906788094,2.621115673611735,2.373948242016204,-2.2095449325103997,2.7981266749412743
71.016594243,3.108470929398736,-1.7077123315525236,2.9546980840789976,1.7907522928397919,-2.0916213901750895,2.6282713839957808,2.380471135866953,-2.211851859180468,2.80528238532532
71.049579042,3.11520048382953,-1.7089404343501702,2.961653129448446,1.799661233907895,-2.0965732776701795,2.639151869686886,2.390112837845157,-2.215157612299267,2.8161628710164255
71.06625111800001,3.1219272944799368,-1.7101189428637151,2.968486566434745,1.8026863944520541,-2.0982351271583126,2.6428492181662104,2.3933833603598855,-2.216260799735654,2.81986021949575
71.066694513,3.128663218845684,-1.7112503741812335,2.975330041063593,1.8027938942864485,-2.098293664523658,2.6429796151718925,2.3934994881783367,-2.2162994929820687,2.819990616501432
71.09959880800001,3.1354068252391403,-1.7123361571648008,2.982175929612827,1.8206372554737456,-2.107763288654137,2.6643428391476363,2.4127315242735645,-2.222479145663631,2.8413538404771757
71.099850348,3.1421576373864304,-1.7133754568000457,2.989018749212165,1.8207318785365836,-2.107812631158554,2.664455913502284,2.4128333574222114,-2.222511055170046,2.8414669148318232
71.13288318800001,3.1489156549565624,-1.7143689883425997,2.995858792908223,1.8298081000410829,-2.112436692644287,2.6751879167934183,2.4225819997328726,-2.225464648662957,2.8521989181229577
71.14960155300001,3.1556794478294967,-1.7153163925160135,3.0026940056613016,1.8328641568534796,-2.1139748208596716,2.678792360630327,2.4258611499034037,-2.22644060757944,2.8558033619598664
71.166261477,3.162450924342673,-1.7162170754728652,3.009523500973617,1.838904905046527,-2.1169616355564256,2.685932130233474,2.432333450316878,-2.2283170478588774,2.8629431315630134
71.182917583,3.1692267443683617,-1.717071987038756,3.016356163426601,1.8451490808608273,-2.1199938369405853,2.693246207986256,2.4390139917304907,-2.2302023444549066,2.8702572093157954
71.18324239200001,3.176004050356242,-1.71787921656967,3.023237051273815,1.847556778611156,-2.121141580249643,2.6960562549354954,2.441586171702829,-2.230908186753388,2.873067256265035
71.199802606,3.182795236311909,-1.7186418777945571,3.0300397634447918,1.854402541409482,-2.124376960796864,2.704053855531626,2.448894677379481,-2.23288755542815,2.8810648568611654
71.21656293000001,3.18958361650689,-1.7193557791540994,3.036852715156076,1.8599315206709186,-2.12694189024546,2.7105062522450876,2.454788916590283,-2.2344388190664506,2.887517253574627
71.249568459,3.1963796776140314,-1.7200252242719882,3.043673435922226,1.8729914854997949,-2.1328291473949874,2.7256150656880607,2.4686814875976344,-2.2379343803778626,2.9026260670176
71.24988252700001,3.203159146374804,-1.7206610332001344,3.050405594762118,1.8730507079889003,-2.132855304224973,2.725683272922357,2.468744390606502,-2.237949700118269,2.902694274251896
71.26646215800001,3.209977182975213,-1.721243600040964,3.0572228565130373,1.8764189171406234,-2.1343408431983995,2.729560078114032,2.4723215552156943,-2.238818925227239,2.9065710794435713
71.299584338,3.2167848489334,-1.7217751332942168,3.064023749124091,1.8917394561567011,-2.140872451270897,2.7470157109372257,2.488552840129801,-2.2425507089552914,2.924026712266765
71.299871576,3.223599719537544,-1.722260063989003,3.0708297388253105,1.8917940649431817,-2.14089518469457,2.7470777988138924,2.488610598706828,-2.2425634712001017,2.9240888001434318
71.332941406,3.2304151210231637,-1.722698146013751,3.077641554060086,1.9043354708617546,-2.1460121584939453,2.76133476099335,2.501857075880622,-2.245392097326345,2.9383457623228892
71.33329366800001,3.2372348680710483,-1.7230898606025074,3.084443158212091,1.9044039871489395,-2.1460395348074734,2.7614124936333084,2.501929342203053,-2.2454069809681805,2.938423494962848
71.34983063700001,3.244046560426214,-1.7234360279289789,3.0912245155530487,1.9077956946864394,-2.1473932288731414,2.7652616649332975,2.5055064217066048,-2.2461422835376244,2.942272666262837
71.382886591,3.2508659374901767,-1.723734281946555,3.098023323480107,1.9234597227047867,-2.1534168996213836,2.78299378918374,2.5219863867034107,-2.249313582442938,2.9600047905132794
71.39958770300001,3.2576896585038733,-1.7239872414107522,3.104824252493925,1.9266592124896553,-2.1546157559096146,2.786593405976637,2.525346986883438,-2.249930313918794,2.9636044073061765
71.41625330800001,3.264518202388049,-1.7241931187330313,3.111621208766989,1.9330649448168895,-2.1569642549478694,2.793781292468063,2.5320661685682224,-2.2511141432425212,2.9707922937976026
71.416575862,3.2713472763185765,-1.7243525050125856,3.11842643645896,1.933189798052956,-2.157009556640952,2.7939206189194596,2.532197047987323,-2.2511367519047605,2.970931620248999
71.433238822,3.278177834213633,-1.7244657589767396,3.125230349590673,1.9396054892170445,-2.1593087862509566,2.8010332922414287,2.538917357137763,-2.2522703280314476,2.978044293570968
71.449821208,3.285011306162616,-1.7245330014832925,3.132034662845973,1.9459967230368882,-2.1615482332423936,2.8081417444473296,2.545603064098281,-2.2533493623244385,2.985152745776869
71.466476613,3.291841972054142,-1.7245525570080975,3.138841088618004,1.9532765903102036,-2.164034003972386,2.8162461057090127,2.5532068937676953,-2.2545143936535075,2.993257107038552
71.483207592,3.2986774588113352,-1.7245263416919294,-3.1375458393056728,1.9653207531472332,-2.1680103153199717,2.829582395375464,2.5657630405230334,-2.2563077394194524,3.0065933967050036
71.517145767,3.305508707957266,-1.7244536298375632,-3.1307439537811304,1.9720332146323,-2.170147657265574,2.8369615447156926,2.5727469762984767,-2.257229699757766,3.013972546045232
71.517167168,3.312337625072696,-1.7243351388979575,-3.123947618094472,1.9720415139086915,-2.1701502357429807,2.8369706479831134,2.5727555999329415,-2.257230776541391,3.0139816493126528
71.53312286,3.319168981602157,-1.7241694438596633,-3.11715428656801,1.9782291078500833,-2.172072640832982,2.8437576640649773,2.579185021710263,-2.258033581451014,3.0207686653945167
71.54988140100001,3.32599609905442,-1.7239577291193258,-3.1103587611902834,1.9880838537832795,-2.1750336539666537,2.8545846463144215,2.589407180575375,-2.2592130238285932,3.031595647643961
71.56645013100001,3.33282374695961,-1.7236997617551946,-3.103564102894751,1.9914095196223656,-2.176014858921461,2.858224152032463,2.592853659431758,-2.25959328680222,3.0352351533620023
71.583182924,3.3396509717014204,-1.7233950638308586,-3.0967698682482854,2.004425790183707,-2.1797046866557603,2.872411152579664,2.6063162778140465,-2.2609334488549964,3.0494221539092035
71.59980223000001,3.346453971481616,-1.72305695933938,-3.0900415128991536,2.011005508766383,-2.1814944812819883,2.8795934978369857,2.6131083459355318,-2.261536666945241,3.056604499166525
71.616546033,3.3532879203609958,-1.722661550858302,-3.083165594281545,2.017652805347594,-2.1832517030452974,2.886799264920164,2.6199612004172916,-2.262095921463188,3.0638102662497033
71.633178375,3.3601100616832142,-1.7222177297409391,-3.076388716473938,2.024239739759372,-2.1849420606357004,2.8939487603108276,2.626742861940554,-2.2625999856579133,3.070959761640367
71.666267562,3.3669251025475826,-1.7217275279957205,-3.0695983706757506,2.034168514647434,-2.1873901296912464,2.904634339061322,2.6369475696818667,-2.2632614633921806,3.0816453403908612
71.68290278900001,3.373730659519097,-1.7211915389217702,-3.062805426906055,2.0375073653738305,-2.188196087314341,2.908232183367396,2.6403761684394826,-2.263466895674583,3.0852431846969353
71.683279426,3.380542468501461,-1.7206090654002446,-3.056008900220334,2.0375859313980116,-2.1882150074063924,2.908316882780243,2.6404568384261786,-2.2634716855895407,3.085327884109782
71.699866191,3.387322898798548,-1.7199977070205958,-3.049252366617761,2.0461958257478674,-2.1902131293063554,2.9176311627895988,2.6492840435810803,-2.2639224859844793,3.094642164119138
71.71655535000001,3.3941352286080733,-1.7193253502593933,-3.042381348925899,2.0573970527327488,-2.1926986188817184,2.9296931168588864,2.6607479099195603,-2.2643967358864634,3.106704118188426
71.733146923,3.4009314628657137,-1.7186048143367774,-3.0356115869695057,2.064006161873068,-2.1940956189269927,2.936795517456307,2.667499742914174,-2.2646081217137803,3.1138065187858466
71.76623432800001,3.407711071888539,-1.7178500461532118,-3.028844739884168,2.0772017522244623,-2.19673933341686,2.9508692282552698,2.680954671047301,-2.264886940576373,3.127880229584809
71.782929088,3.414501180635042,-1.717041169039594,-3.0219943169538888,2.0807737603658922,-2.197416658137433,2.954723428603952,2.684590133279621,-2.2649246936810887,3.1317344299334913
71.799595253,3.4212827875890146,-1.716187220973624,-3.015231491541161,2.0841909846283126,-2.198062392221557,2.958414272675391,2.688067667487173,-2.2649586053661017,3.1354252740049304
71.81625550700001,3.428047282227378,-1.7152841389252649,-3.008459016997057,2.094249600990192,-2.199863935805306,2.9691525328512096,2.698286342430572,-2.264960796431862,-3.137021772998837
71.81650373000001,3.43481087884028,-1.7143327760475062,-3.0016779597272336,2.0943004424282194,-2.1998727876766546,2.969206700725902,2.698337948150399,-2.264960557416826,-3.136967605124145
71.849568081,3.441566415813012,-1.713343256881182,-2.994889981004548,2.1109997756726417,-2.2026337212479095,2.9869839899993478,2.7152625120304736,-2.264737796418392,-3.119190315850699
71.849815773,3.4483181912399896,-1.712304261492849,-2.9881185278132496,2.111100490880588,-2.2026497764013686,2.987091832244717,2.7153644806255004,-2.2647358659540613,-3.1190824736053298
71.88293078000001,3.455065734379565,-1.711215312500221,-2.9813423627666618,2.1211531447154788,-2.2041545134092626,2.9977411734031723,2.7255250221125973,-2.2644469381498435,-3.1084331324468746
71.89962576,3.4618052240681214,-1.7100806970369251,-2.9745604810320283,2.1245296086333547,-2.204643307063552,3.0013015491706767,2.728934797542296,-2.264333539101276,-3.10487275667937
71.916211753,3.468540475055411,-1.7089000618718682,-2.9677808491881112,2.131177844006408,-2.2055579469192756,3.008345039600508,2.7356402075243156,-2.264063212235744,-3.097829266249539
71.93287536300001,3.475262905272206,-1.70767327790367,-2.9609970463636053,2.1413590637395132,-2.206861745502979,3.019063040576084,2.7458919231329975,-2.263553846866549,-3.087111265273963
71.949614327,3.4819763278250804,-1.706400826365199,-2.954213541298884,2.1448201323808003,-2.2072874025281575,3.0227232783647215,2.749373863680715,-2.2633633998530485,-3.0834510274853253
71.949865035,3.4886802647188224,-1.7050840180084332,-2.9474282640890324,2.1448719705708403,-2.2072937778104906,3.0227780996126494,2.749426014479941,-2.2633605474310072,-3.0833962062373974
71.96647313000001,3.495378531930588,-1.703721903556632,-2.9406429324169228,2.1516485639251552,-2.2080781877791695,3.0299239111840732,2.7562348448452965,-2.2629394232871705,-3.0762503946659736
71.99959200400001,3.5020697000237613,-1.7023134084779776,-2.9338583374941547,2.165173379853395,-2.20949721691172,3.0442388096380677,2.7697982017318123,-2.261954720519432,-3.061935496211979
72.016235326,3.5087447067268243,-1.7008605488866089,-2.927074717137307,2.171853641481714,-2.210125532394916,3.051267697319445,2.7764847192338458,-2.2613969038253323,-3.054906608530602
72.03290581,3.515409752221672,-1.6993623782538032,-2.920288365180069,2.1787815520487066,-2.2107282542919457,3.0584844604112424,2.7834105092901176,-2.2607702854359975,-3.0476898454388044
72.04957988000001,3.522075327768494,-1.6978171205317103,-2.9134907040698685,2.1855504436545807,-2.2112676336379025,3.0656379143398453,2.7901686112817594,-2.260109315601974,-3.0405363915102015
72.049894279,3.5286899464512755,-1.6962467700950168,-2.906825546872824,2.185678035906983,-2.211277247381678,3.0657717916835905,2.79029590269633,-2.2600963116518447,-3.0404025141664563
72.082900429,3.5353284090386183,-1.6946145775062904,-2.8999881705483346,2.2024572386107844,-2.2123982014444,3.0833435226535,2.8070103072014096,-2.25824513272301,-3.0228307831965466
72.083280443,3.5419536086412493,-1.6929358779628223,-2.8932484559453138,2.20253664574422,-2.21240282256467,3.083427630857039,2.8070892872761855,-2.2582356989866614,-3.022746674993008
72.099782847,3.548565506466616,-1.6912137708776949,-2.886474726201212,2.2064074352046372,-2.2126249884756928,3.0875214392743953,2.810938714158393,-2.2577727935779315,-3.0186528665756516
72.116508315,3.555166966558588,-1.6894457561551968,-2.879689442785532,2.2195140754929104,-2.213245549668959,3.1012148108052457,2.8239498289645715,-2.2560757351401586,-3.004959495044801
72.149582334,3.561755603463052,-1.6876332615581329,-2.8729065591991705,2.2297072671752365,-2.21359720342111,3.1118786611076015,2.834045668107479,-2.2546269946407644,-2.9942956447424454
72.16626439000001,3.56833189449537,-1.6857758107992098,-2.866121783719352,2.2331616935485448,-2.213699488318441,3.1155061453698405,2.8374641282024595,-2.2541193980018295,-2.9906681604802063
72.166603326,3.574893931760947,-1.683873878516868,-2.8593500305465,2.2332448402759555,-2.2137017634623346,3.1155933961926294,2.837546376339417,-2.254106996448467,-2.9905809096574174
72.19961320200001,3.5814431444307955,-1.681928300824099,-2.8525719622178936,2.250165820730679,-2.213985522295476,3.1333489393499505,2.8542529231426244,-2.2514067385836016,-2.9728253665000963
72.21623672700001,3.587972855868808,-1.679943361561084,-2.8457918270580795,2.2536414466508052,-2.214013804004103,3.136976188817501,2.8576792204504127,-2.250822562111689,-2.969198117032546
72.21652619800001,3.594490687644692,-1.677915612445488,-2.839015046774933,2.254896903665643,-2.2140152983334933,3.13830114260654,2.8589153233501206,-2.250602962087871,-2.9678731632435067
72.233166244,3.600993800267214,-1.6758381360556651,-2.832238814970921,2.267195811721258,-2.213979442984856,-3.1319814031209585,2.8710157400889154,-2.2484019760102285,-2.954970401791419
72.249796892,3.607488382623393,-1.673717257622544,-2.825457191765301,2.2739712204470117,-2.213890104942465,-3.124869682906038,2.87766954773478,-2.247120965276989,-2.9478586815764984
72.26647810600001,3.6139844361286655,-1.6715538231438192,-2.8187259551307147,2.2774587476331503,-2.2138193912641766,-3.1210803900759485,2.881090128437674,-2.2464372446078986,-2.944069388746409
72.299603422,3.620457186343199,-1.669342082009013,-2.8119376169638373,2.291010499396139,-2.2134440282348913,-3.106788654453174,2.8943640292171557,-2.24368144502413,-2.929777653123635
72.316242536,3.6269171120365886,-1.6670852649520758,-2.805158566082058,2.294506197811003,-2.2133218845999307,-3.1031035865573244,2.897783597266716,-2.242945659165561,-2.926092585227785
72.33296569000001,3.633358492823655,-1.6647843190535478,-2.798398448045391,2.301256888685495,-2.2130377599250495,-3.0960259145197604,2.904378773689883,-2.241477257973405,-2.919014913190221
72.34963401,3.639776076624934,-1.6624448411003987,-2.7916675066608323,2.3080315636940605,-2.212704806563484,-3.08898737164467,2.9109889613318014,-2.2399565677514035,-2.9119763703151307
72.350026869,3.646174157165588,-1.6600633789705903,-2.7849198517469604,2.308564152426647,-2.212675763338787,-3.088430035028427,2.911508113889151,-2.239834195821712,-2.9114190336988877
72.366495277,3.6525909068246434,-1.6576379500928986,-2.777877884168665,2.3214810744353196,-2.2119009633155247,-3.074886728418271,2.9240867684102114,-2.236796986626747,-2.8978757270887314
72.399617348,3.658785861453604,-1.6552322927661949,-2.770714711942109,2.3318331585489105,-2.2111458827705706,-3.063546857245724,2.934144134490372,-2.2342308261380266,-2.8865358559161844
72.39999898500001,3.665114952819649,-1.6527204552788597,-2.763725661346094,2.331909496243132,-2.2111399066224418,-3.063460065161972,2.9342182270351667,-2.234211501213413,-2.8864490638324325
72.416473084,3.671456979794067,-1.6501541540202702,-2.7568133324329924,2.3352047604130797,-2.210881934633597,-3.0597135170544085,2.9374165749891223,-2.2333773034777424,-2.882702515724869
72.43329507700001,3.677779506797267,-1.6475458685874864,-2.7499342478589983,2.3453240478407538,-2.2099896437239224,-3.048814861458749,2.9472206208590874,-2.230717069335606,-2.8718038601292095
72.4662718,3.6840825332556735,-1.6448921419099929,-2.7430676419889832,2.3588225349382532,-2.208634720792784,-3.034298136893156,2.9602696004514355,-2.2270063953174293,-2.8572871355636167
72.466603823,3.690360333315175,-1.642198808646078,-2.736216429504068,2.358891791476164,-2.2086272520038537,-3.034224479508727,2.9603364596508817,-2.22698684798255,-2.8572134781791876
72.483235222,3.6966229241706814,-1.639463257735175,-2.7293569335639467,2.36238065518563,-2.20825070844269,-3.0305137955692576,2.963704502999145,-2.226001840855213,-2.853502794239718
72.516279213,3.7028565069068615,-1.6367000167970829,-2.72256359100359,2.379093154193473,-2.206229759482707,-3.0127339680470033,2.979799994451234,-2.2210695986975604,-2.835722966717464
72.532916043,3.709088156970093,-1.6338764537290782,-2.7156422581156234,2.3825113735951953,-2.2057863122179655,-3.00914292303222,2.9830867164062216,-2.2200311728959163,-2.832131921702681
72.54958011400001,3.715297969077109,-1.6310110229828036,-2.708820979327505,2.3925474434918566,-2.2043882123638565,-2.998374324570582,2.992719778146565,-2.216887686983834,-2.8213633232410427
72.56624620000001,3.721481602723728,-1.6281040772031012,-2.701987233534606,2.3960276238105056,-2.203885610445289,-2.994669815034932,2.9960570764141257,-2.2157801202760474,-2.8176588137053926
72.56652817700001,3.7276419181863,-1.6251559773149575,-2.695154793809927,2.3960865057102936,-2.203877106818151,-2.9946071376621326,2.996113540862563,-2.215761381122922,-2.817596136332593
72.583169986,3.733785593563777,-1.622165777340059,-2.6883106842786217,2.409354297425729,-2.2018160369183115,-2.980461387278111,3.008811085765591,-2.2113962167993515,-2.8034503859485715
72.59990068500001,3.739912157051619,-1.6191281123134775,-2.681565789236146,2.412898787877142,-2.2012276666479176,-2.9766760590278265,3.0121965864989613,-2.210192897673105,-2.799665057698287
72.61659809000001,3.745998698717416,-1.6160621485375206,-2.674675000510425,2.4163325154194677,-2.2006558735141146,-2.9730088717037777,3.0154759740943526,-2.209025400682966,-2.7959978703742383
72.649614289,3.7520805314388537,-1.6129451577239826,-2.667841678555502,2.4296777442312956,-2.1982867633703496,-2.95875607105115,3.0281955038817263,-2.2043433736752,-2.7817450697216106
72.649936502,3.758139520959381,-1.6097886822806011,-2.66106856867765,2.429751860522806,-2.1982732115850547,-2.9586763985423428,3.0282660757551922,-2.20431698264969,-2.7816653972128034
72.66653009000001,3.764174714542754,-1.606592601899564,-2.654274363393787,2.4364097321724074,-2.1970171006995765,-2.9515647608630147,3.0345987281315847,-2.2019081274570826,-2.7745537595334753
72.68318103600001,3.7701870678683327,-1.6033548911232487,-2.647458492647412,2.4496070144419813,-2.194380949658275,-2.937426377979902,3.047125600411375,-2.1969892838428597,-2.7604153766503625
72.71628288800001,3.776178009497767,-1.6000772205293832,-2.640628460661737,2.4597321111507795,-2.1922212645309944,-2.9265057465040645,3.056712191786613,-2.193080436312483,-2.749494745174525
72.716587699,3.782148496703025,-1.5967566109870317,-2.6337978658440524,2.4597932053017058,-2.1922079131814636,-2.926439862979352,3.05676998029239,-2.1930565356344216,-2.749428861649813
72.749607364,3.7880956664561807,-1.5933949665461005,-2.626969612318557,2.4729620970273727,-2.1892317720019228,-2.9122159784725046,3.0692090374396352,-2.1878080136624325,-2.735204977142965
72.76652202300001,3.794019515991359,-1.5899940753442168,-2.620145693404363,2.4763996092389546,-2.188428639396624,-2.9084969289610516,3.072451414445432,-2.1864121255799738,-2.731485927631512
72.76668291,3.799920524200186,-1.586552745839387,-2.6133261025753023,2.476448997694891,-2.1884168397969437,-2.908443218603323,3.0724979534091736,-2.1863918136380116,-2.7314322172737837
72.799573679,3.8057967829296153,-1.5830714526698595,-2.606509907405063,2.489498746574801,-2.1852193441828263,-2.8942471071069473,3.0847807515118753,-2.1809463756575305,-2.717236105777408
72.79981598100001,3.811649246264342,-1.5795498393072025,-2.599698151601795,2.489594997526177,-2.1851953896398597,-2.89414261067836,3.084871280376699,-2.1809058467739613,-2.7171316093488205
72.816590944,3.8174755281500894,-1.5759896911417115,-2.5928886639326363,2.502707701628358,-2.1817827034233046,-2.8798677023730583,3.097178157491585,-2.1752374950061975,-2.702856701043519
72.849602534,3.823278490830226,-1.5723895809601474,-2.5860823003411757,2.5126358710162373,-2.1790596477170716,-2.869021727613239,3.106471695811977,-2.1708087564430083,-2.6920107262836996
72.86626921,3.8290562274930102,-1.5687492681458812,-2.579275517285885,2.515929001375938,-2.17813883691597,-2.865419242995392,3.10955122529016,-2.1693224528769735,-2.6884082416658526
72.86667713700001,3.834812553133878,-1.5650687570959434,-2.5724667419093303,2.516025684040805,-2.1781115521847347,-2.865313537132076,3.109641592716272,-2.1692785698216754,-2.6883025358025368
72.89955955100001,3.84054460568875,-1.561348402139889,-2.5656585034696837,2.528993209467191,-2.174335063930532,-2.8511106009491485,3.1217414984580354,-2.1632776648683762,-2.674099599619609
72.899798106,3.846250477163425,-1.557589273962651,-2.558854892928598,2.529284384960093,-2.174247518092303,-2.8507902718782274,3.1220127083861504,-2.163140214454227,-2.673779270548688
72.916516451,3.851928735868746,-1.55379196696111,-2.552052542655331,2.5419406795150516,-2.1703636371123967,-2.8369086550249856,3.1337873358426656,-2.157088398892906,-2.659897653695446
72.93334356300001,3.857585582452949,-1.5499554153975807,-2.5452554323821444,2.5485498841937897,-2.1682590702631406,-2.8296029761531463,3.139922678724389,-2.153852915029228,-2.652591974823607
72.96623287,3.863211476953221,-1.5460821116732135,-2.538459256466387,2.5550579073747492,-2.16613424796564,-2.822390396452409,3.1459548543855,-2.1506153090752296,-2.6453793951228697
72.982917641,3.868808804129526,-1.5421709856526231,-2.5316615603190296,2.561421665517964,-2.164005739995862,-2.8153612584264494,3.1518443702313728,-2.147399478391883,-2.63835025709691
72.98330323500001,3.874379950046343,-1.538222159294534,-2.5248627631981906,2.5615695439417525,-2.163956230632962,-2.815197895220317,3.1519812199602795,-2.1473247030153533,-2.6381868938907775
72.99989781400001,3.879917753368906,-1.534240988767457,-2.51800816720443,2.568082137894977,-2.161725174925013,-2.8079717280034053,3.1579991885363934,-2.143981718751488,-2.630960726673866
73.01652580700001,3.885441784450453,-1.5302118801999889,-2.5112456962469363,2.5775441906782204,-2.1583835428748412,-2.7973925827353074,3.166724969681274,-2.139026147034394,-2.620381581405768
73.03315109500001,3.890926272832965,-1.5261531621320124,-2.504477092609044,2.5808471092025043,-2.1571991251875344,-2.793688292692588,3.1697677163502713,-2.1372786320146107,-2.6166772913630485
73.066258347,3.896380281375877,-1.5220612687287574,-2.4977090922796945,2.5967788461891397,-2.151253615311599,-2.7757695941032203,3.184403577283927,-2.128620635374113,-2.598758592773681
73.06663392200001,3.90180333053683,-1.5179376299503555,-2.4909491684732394,2.596850871955964,-2.151226018755945,-2.775686970171689,3.1844696181818613,-2.128580787152438,-2.5986759688421497
73.099595777,3.9071930455252586,-1.5137780707298758,-2.4842005915819096,2.6125511956987397,-2.1450539420828685,-2.7577345933780606,3.1988377861285096,-2.1197405130648774,-2.580723592048521
73.116262444,3.912552757678904,-1.509583906212084,-2.477462137839495,2.615825782341221,-2.143718109076941,-2.7539476219628307,3.2018259811865843,-2.1178489375856158,-2.5769366206332913
73.132925834,3.917875803276088,-1.505367764898769,-2.47076213388398,2.61901082160887,-2.1424173818841843,-2.75026223736975,3.204732209814737,-2.116007687595162,-2.5732512360402104
73.149628709,3.923192687111962,-1.5011002372544189,-2.4639826547724053,2.625219382153096,-2.139830266896262,-2.7433180971092517,3.2103881978897193,-2.1123677443417987,-2.5663070957797123
73.149967485,3.928480063301107,-1.4967879720844746,-2.4572389757791435,2.6253458932686935,-2.139777082571948,-2.7431750012170557,3.210503367070234,-2.112293113955345,-2.5661639998875163
73.18313753700001,3.933736483298661,-1.492437524238855,-2.450446908462195,2.6407539442340346,-2.1331248159749285,-2.7256162362558616,3.224499273454986,-2.103031618941168,-2.548605234926322
73.199593031,3.938963378254337,-1.4880561671349533,-2.4436534385991777,2.6438529718913086,-2.131755316257075,-2.7220393856538116,3.22730872443313,-2.101137816654985,-2.5450283843242723
73.19990107800001,3.944165045679735,-1.4836350842344692,-2.4369089183693777,2.64391098571774,-2.131729679209679,-2.7219724269774304,3.2273613173814475,-2.1011023646586566,-2.544961425647891
73.216500757,3.949346210943188,-1.479170466303167,-2.430071557176216,2.653179666788506,-2.1275282006873373,-2.711207037767524,3.235745339653456,-2.0953344325241963,-2.5341960364379847
73.24958761,3.954476945949459,-1.4746880280122654,-2.4233973894353933,2.662485660835491,-2.123201414547927,-2.700383408097469,3.244144026688131,-2.089436580407341,-2.5233724067679297
73.266283262,3.959386383034796,-1.470342425190465,-2.4157123027756864,2.6685911844009715,-2.1202914185283284,-2.6932805150540755,3.249641732299413,-2.085496944909684,-2.516269513724536
73.267166605,3.964633501148416,-1.4656162189655833,-2.409784136165465,2.6746616821261164,-2.117342510396393,-2.6854399324700875,3.255098107410776,-2.0815251729568045,-2.508428931140548
73.283160509,3.9697243248316063,-1.4609871071599774,-2.403034746039437,2.680461020389721,-2.1144685570940913,-2.677714730567555,3.260300758736802,-2.0776749325669948,-2.5007037292380154
73.299975449,3.974761261616965,-1.4563388597561275,-2.396199896338042,2.686688577117861,-2.111325865657376,-2.670641598103871,3.2658776157843086,-2.0734847490697863,-2.4936305967743317
73.31653036200001,3.979751498914931,-1.451669100837892,-2.389425216789946,2.6897499121711044,-2.109753354692366,-2.6670114826647584,3.2686142152685456,-2.071397744923607,-2.490000481335219
73.349733066,3.984703614990514,-1.4469717606195085,-2.38262473390561,2.701731208011821,-2.1034901674892055,-2.6528019480784195,3.279305423817575,-2.0631226604088866,-2.47579094674888
73.35005449900001,3.989635729520164,-1.4422301706818426,-2.3758210419020487,2.7017892121071703,-2.103459308662246,-2.6527327002080945,3.279357087693776,-2.0630820699398758,-2.475721698878555
73.366478392,3.99451782147008,-1.4374758868828352,-2.369102504422824,2.704752980779161,-2.1018825506067023,-2.6491944212738714,3.281996897466442,-2.06100806534226,-2.472183419944332
73.383182039,3.99936680409725,-1.4326923586279297,-2.3623747601697587,2.716777670162847,-2.095317876839893,-2.6345909537689014,3.292677733321703,-2.052428564082179,-2.457579952439362
73.399969436,4.004185557610191,-1.4278676682977745,-2.3556281324085955,2.7227555136620736,-2.0919698483716047,-2.6274508951556133,3.2979726216535563,-2.048080223585056,-2.450439893826074
73.416507928,4.008974778977861,-1.4230133800064613,-2.3488913812195302,2.7285534068491604,-2.088667374714792,-2.620370305015916,3.3030983931607976,-2.043808413182152,-2.4433593036863765
73.45015411700001,4.013732575058522,-1.4181212661236118,-2.3421311115491115,2.737538845527043,-2.0834365085076674,-2.609481144705666,3.3110223359763573,-2.0370770537528413,-2.4324701433761264
73.466249034,4.018455116682078,-1.413200501358702,-2.33537873435288,2.7403459778466677,-2.0817837320612003,-2.606075892558822,3.313494570999311,-2.0349558003891057,-2.4290648912292827
73.466575456,4.023145273585044,-1.4082448901315716,-2.32862348167404,2.7404029094696165,-2.0817502120005993,-2.606006830430929,3.3135447105496216,-2.034912779119378,-2.42899582910139
73.499603467,4.02780590580319,-1.403255389413594,-2.3218627974839623,2.7521083011468477,-2.074689329214848,-2.5916579156230366,3.323823861422726,-2.0259010469130008,-2.414646914293497
73.49996461500001,4.032434150747857,-1.398233664836377,-2.315096711648454,2.752233002569227,-2.074612780721412,-2.591504949589325,3.3239331350360732,-2.0258037361015933,-2.4144939482597856
73.51649067400001,4.037029055070392,-1.3931787616264557,-2.3083280564686777,2.757878100361331,-2.0711239207487195,-2.584539336166902,3.3288756782588247,-2.021375357224091,-2.4075283348373624
73.53325609800001,4.0415877551370745,-1.388093537507789,-2.3015628789796545,2.7694420575357523,-2.0638060843146864,-2.5701899393594996,3.3389703581536314,-2.012135591348892,-2.39317893802996
73.54985026700001,4.0461140660051536,-1.3829769239936338,-2.2947941209701184,2.775126952448854,-2.0601223347486806,-2.5631201679031683,3.3439177589116715,-2.0075083603434845,-2.386109166573629
73.582932942,4.050607034629366,-1.377828681566633,-2.2880267986854266,2.7864354200591843,-2.0526222104905436,-2.5488912351161765,3.353728842704727,-1.9981341436622349,-2.371880233786637
73.599588888,4.055062844088631,-1.3726511900145797,-2.281252702998675,2.789330972609297,-2.0506577545990994,-2.5452396626172558,3.356233233308348,-1.9956905112790007,-2.3682286612877164
73.59991564100001,4.059483400383057,-1.367445047581434,-2.2744762618605687,2.7893865326282117,-2.05062003541897,-2.5451695814143616,3.356281283271882,-1.9956435980265463,-2.368158580084822
73.632940125,4.063866797469117,-1.3622097752325164,-2.267697448867295,2.800503241683536,-2.042958231500853,-2.5311080485527233,3.3658751349899116,-1.9861439944183503,-2.354097047223184
73.63331848600001,4.068214943012071,-1.3569443022826482,-2.260921646974535,2.8005678664247324,-2.0429130033087537,-2.531025423707324,3.3659307857867207,-1.9860880932971645,-2.3540144223777846
73.649851127,4.072528791777995,-1.351648272203909,-2.254147207720808,2.8033916713251013,-2.040936738675104,-2.527415096779711,3.3683624704608754,-1.9836454705954272,-2.3504040954501715
73.66654497500001,4.076807387586969,-1.3463234720349195,-2.2473788874323155,2.8143955030352026,-2.0330593405917847,-2.5132249043451553,3.377807245047513,-1.9739535179606418,-2.336213903015616
73.68317533300001,4.081047868204822,-1.3409708521516737,-2.240596368770007,2.8172226491326193,-2.030990164880894,-2.509547816463879,3.380225858178234,-1.9714188476265389,-2.3325368151343397
73.69980533900001,4.085254051429132,-1.3355882711856617,-2.2338310199697906,2.819995633785449,-2.028959500220804,-2.5059402014353367,3.382597937505188,-1.968931623769865,-2.3289292001057973
73.716477997,4.089423074237591,-1.3301770371402262,-2.227055069257827,2.828144441734162,-2.022872333840995,-2.49527859099657,3.3895475381898454,-1.9615046650488075,-2.3182675896670304
73.73315811900001,4.093556844371052,-1.324737033004752,-2.220273710404609,2.8316741651363433,-2.020200554646758,-2.490637758457977,3.3925516391601187,-1.9582530917805163,-2.3136267571284375
73.76624612500001,4.097650591617485,-1.3192700414215512,-2.2134949065794625,2.8443139408134233,-2.0104008329676724,-2.47391365982421,3.403268296881285,-1.9463807827615514,-2.2969026584946706
73.782898554,4.101709084093699,-1.3137757102585013,-2.2067175909339034,2.8470402445673026,-2.0082507724133025,-2.470255698862661,3.405573400532925,-1.9437842485905703,-2.2932446975331215
73.799609054,4.105716110501657,-1.3082558089697467,-2.1999657006055617,2.8523959526245566,-2.003964926333477,-2.463138117336208,3.4100907361584754,-1.9386222950591423,-2.2861271160066687
73.81624383,4.1096726908384325,-1.3027595721505765,-2.193253868134704,2.8576768073025156,-1.9996768282740287,-2.455997865951245,3.4145339914857304,-1.9334713055237243,-2.2789868646217055
73.832932328,4.11362147478952,-1.2971819064516896,-2.186462968357593,2.862902214831622,-1.995372146150767,-2.4490242009975915,3.418919745802401,-1.9283137546416311,-2.272013199668052
73.83340044,4.117521771118011,-1.2915895220601894,-2.179689189763049,2.8630475953374206,-1.9952507022261177,-2.4488258778628404,3.4190414698265577,-1.9281686085764294,-2.271814876533301
73.866278756,4.121390632238614,-1.2859653917446994,-2.1729035402958496,2.8758313606606576,-1.9844424714242521,-2.431295067152768,3.4297222808460153,-1.9152781941194534,-2.254284065823229
73.86662650800001,4.125220427556192,-1.280311294850406,-2.166122552328361,2.8758859802626375,-1.984395485038815,-2.431219442097537,3.429767773242876,-1.9152223240633879,-2.2542084407679974
73.899587792,4.129013057276562,-1.274632836408087,-2.1593470473912824,2.88609597656758,-1.9754858015070869,-2.416989101773905,3.4382493434130508,-1.9046540009877577,-2.2399781004443655
73.899978407,4.132766617590861,-1.268927272407785,-2.152566880895114,2.8861576216134988,-1.9754312167528076,-2.416903174252802,3.438300413495078,-1.9045894141949304,-2.2398921729232626
73.932903612,4.136483014775529,-1.2631957971402328,-2.145783915676743,2.8937664201497353,-1.9686296262109249,-2.4062525888970008,3.4445926411572754,-1.8965542838219032,-2.2292415875674614
73.93318374600001,4.140158432021861,-1.257439836718802,-2.1390066972296022,2.8938510072473385,-1.9685531138874837,-2.406133008056768,3.4446624336246923,-1.8964640722693658,-2.229122006727229
73.96622896000001,4.143796684941804,-1.2516587994944173,-2.1322282267013697,2.906264541516937,-1.9571113754408975,-2.3884009276826426,3.4548672455279843,-1.883015242366322,-2.211389926353103
73.98296269400001,4.14739491223949,-1.2458528013785832,-2.125445760945608,2.9088055002763156,-1.9547284790226493,-2.384744531684448,3.456948900690822,-1.880222147570223,-2.2077335303549086
73.99955589000001,4.15095406771562,-1.2400222010985358,-2.118653722948713,2.9136721454752657,-1.9500990567566587,-2.3776942963220993,3.4609243156829934,-1.8748081045662073,-2.20068329499256
73.999797631,4.154474149936952,-1.2341669986532011,-2.1118754370758377,2.9137433722949226,-1.950031297149534,-2.3775911077070617,3.460982497883534,-1.8747288615492503,-2.2005801063775223
74.032933858,4.157954205968032,-1.2282882658277512,-2.105108652719337,2.928296046159662,-1.9357864611576039,-2.3562444775457276,3.4727994320386966,-1.8581440571722612,-2.1792334762161882
74.033203201,4.16139423522709,-1.2223854065751836,-2.0983338685518493,2.9283759217984393,-1.9357071390605116,-2.356127000089245,3.4728640918989604,-1.8580519093821204,-2.1791159987597055
74.04983240600001,4.164799006297271,-1.2164579495544114,-2.091554884671592,2.9330082394035317,-1.9310409606847945,-2.3492256326819874,3.4766023684902696,-1.8526429468979342,-2.172214631352448
74.08292648300001,4.168163744008898,-1.210513161032445,-2.0847676597118405,2.9402827364958353,-1.9235759432982253,-2.338307288248875,3.4824486968106863,-1.844013622608188,-2.1612962869193355
74.08318766100001,4.171482726656453,-1.204549484693257,-2.077995989269072,2.940320420845762,-1.9235368809480078,-2.338250012677488,3.4824789139067653,-1.843968534865525,-2.1612390113479485
74.099946613,4.174761688604661,-1.1985565559310285,-2.071216191947235,2.944630285730507,-1.9190405124552647,-2.3317041568389536,3.4859296777843674,-1.8387835089631472,-2.154693155509414
74.13289657600001,4.178000623956038,-1.1925398583697533,-2.064432451416484,2.9519912521740292,-1.9112304913154712,-2.3204547771057857,3.491800373276667,-1.8297993455839907,-2.1434437757762463
74.14964406600001,4.181198574171371,-1.1865032056046108,-2.057649671644047,2.956629902960074,-1.9062119777955864,-2.3132961667434557,3.4954828420735446,-1.82404243820032,-2.1362851654139163
74.150045902,4.184353634295607,-1.1804448072992912,-2.050870150732974,2.956741609413108,-1.906090132891899,-2.313122816906713,3.495571347614043,-1.8239028270205917,-2.1361118155771734
74.182907005,4.18746770935071,-1.1743663345808413,-2.0440892192922955,2.970197019694101,-1.8911074278080382,-2.2919998050152603,3.5061782336247265,-1.8067848982143322,-2.114988803685721
74.18338273100001,4.190537935393946,-1.1682705259636743,-2.0372229062152827,2.9703285672717326,-1.8909588118459506,-2.291791480495972,3.506281556196647,-1.8066154405042696,-2.1147804791664324
74.199846261,4.19357099965448,-1.1621474947778203,-2.0304645466726914,2.9747451638567037,-1.8858963796158654,-2.2846471153595527,3.5097377069580222,-1.8008544017617136,-2.1076361140300133
74.216521353,4.196558306278135,-1.156008317587023,-2.023694622506016,2.9792667375630906,-1.8806389369686642,-2.277408134880334,3.513262855503919,-1.7948829145348781,-2.1003971335507945
74.23316183,4.199505581890285,-1.1498485902453308,-2.016902986125827,2.981466542513148,-1.8780433766758944,-2.2738574617531713,3.5149712400135025,-1.7919405519774907,-2.096846460423632
74.249837283,4.202414743365048,-1.1436609239808586,-2.010146415749684,2.983670382020287,-1.8754430365993324,-2.270300261115251,3.5166827543749526,-1.7889927738858509,-2.0932892597857116
74.266499601,4.20527240467746,-1.1374742712420056,-2.003284873538212,2.9922734017726023,-1.8650708484933083,-2.256237072186887,3.5233249283304784,-1.7772677681242315,-2.079226070857348
74.283188049,4.208090998286744,-1.1312593208533122,-1.9964391997726068,2.9966724198049093,-1.8596513824320762,-2.2488702021115365,3.5267009058158774,-1.7711583697859752,-2.071859200781997
74.316245757,4.210870520428958,-1.1250190530447914,-1.989644058688536,3.003014505482505,-1.8516805159325354,-2.2381107296789766,3.531540318199913,-1.7621952870979316,-2.061099728349437
74.31652300500001,4.21360715128689,-1.1187579933697065,-1.9828438501625876,3.003049876390354,-1.8516356206006723,-2.2380507376723333,3.5315672308843142,-1.762144864886918,-2.061039736342794
74.349588698,4.216302793808732,-1.112479958721189,-1.9760414640451691,3.0113197156539995,-1.8409841194559924,-2.2239109133199984,3.5378322467967296,-1.7502035796253212,-2.046899911990459
74.366230908,4.218953632198145,-1.1061856599574895,-1.9692140317533848,3.0133929455886146,-1.8382737884992393,-2.2203291764032036,3.5393958243545933,-1.7471705281128236,-2.043318175073664
74.382921079,4.221564443048852,-1.0998683076499178,-1.9624291944865264,3.017485683687599,-1.8328444624361024,-2.213166526007944,3.5424685714807023,-1.7411053560834642,-2.0361555246784047
74.399589589,4.224133331922657,-1.0935320719357082,-1.9557006998352269,3.0215834136647755,-1.8273269075866103,-2.2059666371324367,3.5455306964472335,-1.7349524548838389,-2.0289556358028973
74.399916362,4.226647807586668,-1.0872113899467597,-1.9488953464564096,3.0216631857925247,-1.8272188320061884,-2.205826552450901,3.545590191268488,-1.734832021127387,-2.0288155511213617
74.416483509,4.229119404619845,-1.0808750421011994,-1.9421207477527045,3.026038800478381,-1.821229130275287,-2.1981249604359725,3.5488427193995378,-1.7281654184347874,-2.021113959106433
74.43311249300001,4.231547163868642,-1.0745102718991963,-1.9353415177438948,3.0335059414743033,-1.810783654811206,-2.18445527966651,3.5543538583378114,-1.7165682851714874,-2.007444278336971
74.449895792,4.233936800980204,-1.0681242384899647,-1.9285474000324063,3.0374862681159183,-1.8050893920636892,-2.1771609573489616,3.5572692983116125,-1.7102621105647333,-2.0001499560194222
74.48294686700001,4.236274050714663,-1.0617419593711497,-1.9218399083731696,3.0412930959414717,-1.7995582147018905,-2.1700723737887433,3.560042667880541,-1.7041470241111152,-1.993061372459204
74.49962122800001,4.238585476736493,-1.055304695024633,-1.914931641698569,3.045069121760661,-1.7939879904635867,-2.1630461438403668,3.562778841053289,-1.697998924777101,-1.9860351425108274
74.51625055400001,4.240848343042488,-1.048861056583421,-1.9081634909318208,3.048928951999513,-1.788205735571753,-2.1556287648141907,3.565560173084039,-1.6916273509337234,-1.9786177634846513
74.51657224600001,4.243062582003684,-1.0424084213919524,-1.901344438899496,3.049001137755112,-1.7880958639003093,-2.155491571119656,3.5656118838044337,-1.691506485020855,-1.9784805697901167
74.549575891,4.245233922431086,-1.0359408355848403,-1.8945816238996227,3.0581717389390524,-1.7739607031489082,-2.1377533532914104,3.5721501558076283,-1.675977360938825,-1.960742351961871
74.566213953,4.247361407202899,-1.0294608014558797,-1.887795061400328,3.0600146541892865,-1.7710656638811035,-2.134137799860838,3.5734544925523837,-1.6728030429588556,-1.9571267985312986
74.582900898,4.249446000223567,-1.0229616443903906,-1.8810017975042448,3.0636204071538042,-1.765311635485466,-2.1270363791877713,3.575990687763779,-1.6665039945332103,-1.950025377858232
74.59962772,4.251484830984791,-1.0164496791772677,-1.8742184292243156,3.0671971542263243,-1.7595121237100724,-2.11983214207964,3.5784903212365857,-1.6601652810237246,-1.9428211407501008
74.599956977,4.25348075890583,-1.0099264588339874,-1.8674379751062589,3.06726677552348,-1.7593984045762936,-2.1196911472586057,3.578538830077478,-1.6600410793379052,-1.9426801459290663
74.63289129900001,4.255430925940901,-1.003390787972042,-1.860663052603375,3.0759177918790432,-1.7449552596555022,-2.101948502864242,3.5845114037303807,-1.6443002762088446,-1.9249375015347026
74.64961964300001,4.2573372387830055,-0.9968412978822404,-1.853897693649272,3.0777075433099794,-1.741907517404401,-2.098218838768812,3.5857365181978476,-1.6409850028331951,-1.9212078374392725
74.666289265,4.259200658973977,-0.9902724464366104,-1.8471775338568632,3.081135969694487,-1.7359728871750466,-2.091051205893617,3.5880663558321144,-1.6345393996782445,-1.9140402045640776
74.68291039500001,4.261021178875338,-0.9836912073742572,-1.8404126485171384,3.0844317496041933,-1.730172635123579,-2.084115223757136,3.5902892820642514,-1.6282494324255272,-1.9071042224275967
74.699586209,4.262787357806482,-0.9771173562533262,-1.833671946387002,3.087776693124181,-1.7241890806512155,-2.076921260202983,3.5925283263269314,-1.6217703698339632,-1.8999102588734438
74.69982104600001,4.264518226502842,-0.9705164635342745,-1.8268203387306017,3.0878977380039276,-1.723970156757924,-2.076659643267157,3.5926089299238004,-1.6215335521949694,-1.8996486419376177
74.716578706,4.266204316148481,-0.963902048533038,-1.8200274249583857,3.0943446768984764,-1.7121367479688223,-2.0625140177537435,3.5968714095127647,-1.6087498182946687,-1.8855030164242041
74.73311654700001,4.267843690791023,-0.9572752415182596,-1.8132366602755008,3.0974822036589607,-1.7062280423860687,-2.0554658461600663,3.598919458020442,-1.6023809586521094,-1.878454844830527
74.766246893,4.269435381375309,-0.9506472470546656,-1.8064180574325444,3.102217997834793,-1.6971017864428466,-2.04458631139127,3.60197422784717,-1.592563388926217,-1.8675753100617305
74.766542106,4.270980396848166,-0.9440137747475892,-1.7997241914832645,3.102245820072765,-1.6970475158933644,-2.0445221656882913,3.6019920589500853,-1.5925050672215464,-1.8675111643587519
74.799570648,4.272487204974938,-0.9373499792616328,-1.7928419431070506,3.1068334909941027,-1.687993469280639,-2.0339280761256715,3.604913735236319,-1.5827846612513028,-1.856917074796132
74.81621417000001,4.2739463834502285,-0.9306807644370008,-1.7860692892738086,3.1098472479292805,-1.6819033020965857,-2.0267439928389903,3.6068079946712017,-1.5762589698406235,-1.849732991509451
74.816581009,4.275360750331855,-0.9240019016084848,-1.7792845488580056,3.1099133282077993,-1.6817688116699618,-2.0265857645941443,3.6068493602470597,-1.5761149449566747,-1.849574763264605
74.833147294,4.276732216332901,-0.9173105319534898,-1.7724950816194995,3.112991353721498,-1.6754286764303097,-2.01916180685837,3.6087628676337906,-1.5693318744571896,-1.8421508055288305
74.84985730400001,4.278056008686931,-0.910610226252114,-1.7657080398612135,3.1186232617170466,-1.6635118800597128,-2.0053671158977995,3.6122083680989774,-1.5566095731734988,-1.82835611456826
74.866449187,4.279335943676545,-0.9039000352278452,-1.75891839912786,3.1214454688810713,-1.6573741079734887,-1.9982515699179668,3.6139056881843215,-1.5500707503446565,-1.8212405685884274
74.883227256,4.280569159110987,-0.8971807900473969,-1.7521224930404573,3.124306261580058,-1.651034106251562,-1.9909498829777652,3.6156053806567554,-1.543326063383814,-1.8139388816482258
74.916212887,4.28175660822706,-0.8904528494375827,-1.7453259490816495,3.128437192101375,-1.6416385317245439,-1.9802252430046101,3.618017314386857,-1.5333498926080953,-1.8032142416750707
74.916662503,4.2828973354304525,-0.8837179408328055,-1.7385335269610371,3.128474265434308,-1.641553088725908,-1.9801276810005026,3.6180387629345474,-1.533259256534523,-1.8031166796709632
74.933140741,4.283993250957183,-0.876972966991486,-1.731738603275171,3.1311566053916895,-1.6353091853588542,-1.972967747581639,3.619579712867528,-1.5266405897346216,-1.7959567462520996
74.94977954400001,4.285044349272932,-0.8702237691658298,-1.7249401298843234,3.13508927899206,-1.6259401146162755,-1.962309719588105,3.621801154557067,-1.5167254192849282,-1.7852987182585656
74.96650722700001,4.286039266152047,-0.8635230247417369,-1.7179462575454008,3.137684468670678,-1.6195894321035702,-1.955123619446284,3.6232375134515267,-1.5100169879502945,-1.7781126181167446
74.99956048600001,4.286998713490959,-0.8567378989204668,-1.71132152926403,3.14264760480759,-1.6070576854486718,-1.9409565546319643,3.6259164065996865,-1.4968071080857077,-1.7639455533024249
74.999792498,4.287903980141129,-0.850022626840879,-1.704292697605652,3.1426831396927,-1.6069670110126149,-1.9408576451187338,3.6259354195449776,-1.4967115932212864,-1.7638466437891944
75.03291159300001,4.288767185908706,-0.8432579536663762,-1.69750125499132,3.146296645447474,-1.597481337659716,-1.9299433559389758,3.627822148244141,-1.4867378437952463,-1.7529323546094364
75.03320287800001,4.289584590363611,-0.8364740946167177,-1.690742636754572,3.146317546411772,-1.5974256547195587,-1.9298811592505425,3.627832917517175,-1.4866793505230564,-1.752870157921003
75.04985749100001,4.290355343056951,-0.8296939964628527,-1.6838761287302697,3.147512587253933,-1.5942419074651142,-1.9263249796472897,3.6284486652373404,-1.483334918741763,-1.7493139783177503
75.082918836,4.29108796986781,-0.8229205300782678,-1.677006759623949,3.1532669848910557,-1.5782938141078657,-1.9085434595994855,3.6313048780636343,-1.466622742875391,-1.731532458269946
75.083290905,4.291765222953052,-0.8161537948254314,-1.6701802716048788,3.1532929155665803,-1.5782199542499091,-1.908462268038872,3.631317397717337,-1.4665454710382075,-1.7314512667093327
75.116262839,4.292396749107367,-0.8093637610318584,-1.663355399615975,3.1565875939326364,-1.56869192061493,-1.897787957980361,3.6328828217515,-1.4565861649339493,-1.7207769566508215
75.116618938,4.292981560449605,-0.8025630041552729,-1.656525355024378,3.1566338815860284,-1.5685569834854236,-1.8976353081066142,3.632904625314504,-1.4564451855722813,-1.7206243067770748
75.133159594,4.29352155744839,-0.7957549238543532,-1.649702572305308,3.160917681628088,-1.5556153741533623,-1.8832996113146727,3.634842625462821,-1.4429514703563309,-1.7062886099851333
75.14983614900001,4.29401483134131,-0.7889408292320832,-1.6428761047819909,3.16195858088059,-1.5523537613228082,-1.879685300885904,3.6352929289465825,-1.4395575321891267,-1.7026742995563646
75.182907172,4.29446137729408,-0.7821248330061498,-1.6360486203152784,3.16501571668784,-1.542613064758928,-1.868963469139639,3.636587074758249,-1.4294307145492309,-1.6919524678100997
75.183276125,4.294862147256072,-0.7753090224374455,-1.629221011212879,3.1650591934889163,-1.5424698553300444,-1.8688063836891473,3.6366046547369084,-1.4292820871052532,-1.691795382359608
75.216272747,4.295219993046644,-0.7685000765382248,-1.622324803857558,3.1698579345800297,-1.526315812074424,-1.8509033886356487,3.638483878388333,-1.4125354591452153,-1.6738923873061093
75.216551548,4.295528263933964,-0.7616776028402225,-1.6155357501757128,3.1698738361239767,-1.5262605240105784,-1.8508423057254975,3.638489795892885,-1.412478234917448,-1.673831304395958
75.249571454,4.295787899924841,-0.7548528677125075,-1.6087280501364665,3.1743585515935893,-1.510152597906885,-1.8332397429731602,3.640068021436756,-1.395832299667721,-1.6562287416436208
75.24981760300001,4.2959988956571,-0.7480304011049683,-1.6019160408433,3.1743844114140782,-1.5100575737554165,-1.8331359913656007,3.6400767445629634,-1.3957342067181926,-1.6561249900360613
75.282953109,4.296166027042559,-0.7412049633094769,-1.5951029464857305,3.17617796875409,-1.5032815712081633,-1.8257778685241979,3.6406491033077844,-1.3887482591146445,-1.6487668671946585
75.29957847700001,4.29628547226713,-0.7343803050172639,-1.5883018931266537,3.1778776433476126,-1.4966630323278398,-1.818552378235533,3.641156773752129,-1.3819338463480038,-1.6415413769059937
75.29979597100001,4.296359145447472,-0.727552673338434,-1.581494271957809,3.178819995455617,-1.49288091584959,-1.8144610935098004,3.6414184154649982,-1.37804489068297,-1.637450092180261
75.316568539,4.29638704524611,-0.7207221278766418,-1.57469191880054,3.181124622916716,-1.4834289493840631,-1.804222755332865,3.6420226532386244,-1.3683347993078687,-1.6272117540033255
75.333140806,4.296369168225997,-0.7138923641180249,-1.5678861696626647,3.182663253340587,-1.4768527451180644,-1.797107426907277,3.64237925054303,-1.3615904176096039,-1.6200964255777377
75.349861816,4.296304557764366,-0.7070652883101853,-1.561080316318983,3.183433951296748,-1.4734509422681006,-1.793432700798225,3.642538888993399,-1.3581060591988174,-1.6164216994686855
75.366592935,4.296206583044039,-0.7002473531581584,-1.5542917794921731,3.1842061019367005,-1.4700372000660664,-1.7897457392054852,3.642697855051057,-1.3546096921950204,-1.6127347378759458
75.399604024,4.296061856562343,-0.6934064759408216,-1.5474363711822057,3.1877044102414462,-1.4536049959159705,-1.7720177126500598,3.6432479851222888,-1.337818240467126,-1.5950067113205204
75.416287462,4.295864702357786,-0.6865637501459483,-1.540638343942525,3.188401619412531,-1.4501847424947427,-1.7682862104982444,3.643332034167251,-1.3343286602843953,-1.591275209168705
75.432959639,4.295612227332399,-0.679729066824907,-1.533845585728774,3.1897182579389103,-1.4434802831926898,-1.7611281035676072,3.6434475241453064,-1.3274971177347952,-1.5841171022380678
75.449631185,4.295314923475259,-0.672899100209321,-1.5270493025469871,3.190989891726257,-1.43674998291619,-1.75391235849653,3.6435141623223153,-1.3206480627887212,-1.5769013571669905
75.46625331700001,4.294972794278826,-0.6660720025574501,-1.5202552739511923,3.1922077651413567,-1.4300397826055298,-1.7467539590585064,3.643531419528479,-1.31382826029501,-1.569742957728967
75.46654931100001,4.2945829779413085,-0.659247472547823,-1.5134643064347737,3.1922285184241934,-1.4299208185426304,-1.7466274517979192,3.643530900376853,-1.313707500709504,-1.5696164504683798
75.499590427,4.294153100322115,-0.6524303469485931,-1.5066685066460053,3.1955335318803355,-1.4101041024809737,-1.7255159667756805,3.64329478377196,-1.293618458961265,-1.5485049654461411
75.49990196,4.293673624328534,-0.645617753743963,-1.499896616992077,3.195553350144703,-1.4099797384792685,-1.7253835643526152,3.6432923933472683,-1.293492548459747,-1.5483725630230758
75.532931695,4.29314455703767,-0.638805937845865,-1.4931140405650276,3.197078156449109,-1.3997971048766724,-1.714576007044001,3.64300033335858,-1.2832005242509879,-1.5375650057144616
75.549635482,4.292568756178614,-0.631997286735703,-1.4863256998238992,3.1975681989491975,-1.3964107451285555,-1.7109845328227644,3.6428864211042136,-1.2797807877123253,-1.533973531493225
75.549939311,4.291949079201819,-0.6251950819645213,-1.479536935749265,3.1975791032011593,-1.3963338876967195,-1.7109034181100657,3.6428836212939912,-1.279703211114037,-1.5338924167805263
75.582893561,4.291282670414172,-0.618394313447549,-1.472753883323724,3.199795311837449,-1.3795000159867528,-1.693136793748251,3.642100956386859,-1.2627421305732716,-1.5161257924187117
75.58328658,4.29056761984016,-0.611597363170681,-1.4659683247746016,3.1998052160755184,-1.3794194368201609,-1.6930515783423212,3.642096516835453,-1.2626610664850224,-1.5160405770127818
75.59978077800001,4.289806782359473,-0.6048095392413619,-1.459194470243255,3.200583347882071,-1.3729010781233413,-1.6861679366387827,3.6417146846720336,-1.2561075412193543,-1.5091569353092433
75.61654462,4.289002071707998,-0.5980253602343681,-1.4524068651275106,3.201365238391085,-1.3659299426555942,-1.6788126452469792,3.6412568238911587,-1.2491076522214413,-1.5018016439174398
75.63315346600001,4.288149669780664,-0.5912476827738593,-1.4456191593629062,3.2017327168661525,-1.362540652746437,-1.6752342703869854,3.6410217467798027,-1.2457066133699035,-1.498223269057446
75.649796908,4.287253391730228,-0.5844762728383569,-1.43883181657718,3.20305583543217,-1.3489891672830572,-1.6610246705823073,3.639937935917134,-1.2321338923819107,-1.484013669252768
75.666534931,4.28632184802811,-0.5777236573191037,-1.4320959910940458,3.203643738711054,-1.342220341420928,-1.6538669689510952,3.63932474337795,-1.2253673106210035,-1.4768559676215558
75.699615472,4.285331110598992,-0.570954999551976,-1.425240405014882,3.20443274602345,-1.3320189296413445,-1.643227188487959,3.638305075073058,-1.2151863670800722,-1.4662161871584196
75.699906837,4.284295580052901,-0.5641981514712037,-1.4184886357530468,3.2044370961876742,-1.3319589566840235,-1.64316396904107,3.6382987967410854,-1.2151265652231924,-1.4661529677115306
75.716502238,4.283214262659902,-0.557450072110085,-1.41170848223214,3.204960549383226,-1.3243194554592206,-1.6351464428873825,3.637468845644028,-1.2075142618012187,-1.4581354415578431
75.74960414,4.282088111917035,-0.5507111798002856,-1.4049243074482003,3.2055162868121005,-1.315081074045529,-1.6254472589145346,3.6363891305927516,-1.1983223767582722,-1.4484362575849952
75.76624773200001,4.280916174075951,-0.543981294628578,-1.3981476680466038,3.2060129590273636,-1.3048991580091593,-1.6147491141574415,3.6350851280650724,-1.1882121010514037,-1.437738112827902
75.782895553,4.279699405255021,-0.5372589275795792,-1.3913686978782296,3.206166377539842,-1.3013996761069984,-1.6110587664297809,3.6346199323075554,-1.1847402854268765,-1.4340477651002415
75.799596284,4.278447365605669,-0.5305566662453972,-1.3846341841369556,3.2065152073057788,-1.2912605585277577,-1.600469687395119,3.6331779337528607,-1.1746981727179127,-1.4234586860655796
75.799869525,4.277136144739567,-0.5238340115327782,-1.377776504417335,3.206516879439906,-1.2912040170337145,-1.6004106333971073,3.633169623476322,-1.1746422202748468,-1.423399632067568
75.816515472,4.275780118344803,-0.5171300210327305,-1.3710218499311926,3.2066260307924774,-1.2874320097880432,-1.596465281150909,3.6326128637971897,-1.1709099325931618,-1.4194542798213696
75.833194171,4.274380205959414,-0.5104409407255113,-1.3642415765611051,3.2068224481600573,-1.2775915725645446,-1.5860788002841613,3.6310734284243935,-1.1611886711901913,-1.4090677989546219
75.84986168900001,4.272934501180545,-0.5037652782970092,-1.3574659129754858,3.206881535878501,-1.273347872642504,-1.5816496704006378,3.6303843279313512,-1.157000876914288,-1.4046386690710984
75.88291994800001,4.271438233918224,-0.4971073197852078,-1.3507167874083332,3.2069164894827598,-1.257173350299799,-1.5646720031194432,3.627570594933255,-1.1410729360120704,-1.3876610017899038
75.883285634,4.269931490451747,-0.4904705684506061,-1.3440053758150077,3.2069160238482617,-1.2570988283760691,-1.564592624029804,3.6275570141528024,-1.1409996605295802,-1.3875816227002646
75.899854925,4.268347444443967,-0.4838080384325035,-1.3371718053507846,3.2068949258748725,-1.2537222281229132,-1.5609959448143833,3.6269416668238637,-1.137679536727843,-1.383984943484844
75.916512424,4.266721457105359,-0.4771660236713124,-1.3304057307180168,3.2066628134820623,-1.2400677748892868,-1.5465896465265851,3.6243087949979453,-1.124279314519966,-1.3695786451970458
75.93326742900001,4.265052532697596,-0.4705426752919595,-1.3236221355133324,3.2065673412241877,-1.2366301539346982,-1.542987345020486,3.6236094905085507,-1.120912219925132,-1.3659763436909467
75.966260093,4.263335919467603,-0.4639441866951797,-1.3168174469931757,3.2060964282422324,-1.2231373550978186,-1.5287937537248961,3.620770014902912,-1.107713176104686,-1.3517827523953567
75.966572939,4.261581104669653,-0.4573529258575417,-1.3100875859628958,3.2060936944885623,-1.2230725297337983,-1.5287242505871204,3.620755908892464,-1.1076498450562284,-1.351713249257581
75.99960174200001,4.259783376615004,-0.4507791393264496,-1.3033222110158749,3.205427606067472,-1.209553313887314,-1.5144421198465867,3.6177196558576057,-1.0944591650738749,-1.3374311185170473
75.999956217,4.25793796065411,-0.4442098277860409,-1.2965481835472232,3.2054234463191817,-1.2094798281880632,-1.5143651500695317,3.6177026211528145,-1.0943875601136215,-1.3373541487399923
76.032894908,4.256046750779399,-0.4376549474023734,-1.2897845964469938,3.2045614461068546,-1.1959364032126925,-1.50011332378683,3.6144692546240216,-1.081207547013475,-1.3231023224572906
76.033141137,4.254111661671949,-0.4311091955649019,-1.283001777577543,3.2045577741372195,-1.1958846706331614,-1.500059402712889,3.6144565305409397,-1.0811572693757454,-1.3230484013833497
76.04984431300001,4.252129834984372,-0.4245707212336695,-1.2762182296739293,3.2043086826204723,-1.1923753424027423,-1.4964016159040776,3.6135933803874174,-1.0777466384920225,-1.3193906145745382
76.082894607,4.250103167520173,-0.4180476328324842,-1.2694451275979632,3.2025881187745737,-1.1721996418300789,-1.475095009490949,3.6083470011695167,-1.0581891657859805,-1.2980840081614096
76.083246738,4.248031656058863,-0.4115445795221522,-1.2626798918472142,3.2025748402622662,-1.1720562273876933,-1.4749432719434443,3.6083086765692625,-1.0580503304655857,-1.297932270613905
76.116245754,4.245923877730199,-0.405061511586382,-1.2559219937235646,3.2018859220057463,-1.165156514018589,-1.4675732135939121,3.606415565847923,-1.051379739432048,-1.2905622122643727
76.132945283,4.243765550164681,-0.3985842266459061,-1.2491636502936987,3.2011834326940645,-1.1586034774058802,-1.4606012096794831,3.604570141768229,-1.0450527978291395,-1.2835902083499438
76.149598884,4.241564296993719,-0.3921161309554491,-1.242391880408961,3.2004160479849113,-1.1518875069211758,-1.4534903024544548,3.602632145608379,-1.0385768955964254,-1.2764793011249154
76.14994891100001,4.2393182001770775,-0.3856656861698425,-1.235633216545144,3.200399879748974,-1.1517462436673125,-1.4533407518258548,3.6025913552367497,-1.0384406866968348,-1.2763297504963154
76.16646550200001,4.237031078792093,-0.3792303336889384,-1.2288506796897098,3.19955361464711,-1.1447950575719812,-1.4459792353421905,3.6005342925733244,-1.0317471341308724,-1.2689682340126511
76.19960457500001,4.234709605330858,-0.3728156840424553,-1.222070287372662,3.1972957860414866,-1.1280450987555608,-1.428273963360163,3.5953622759273522,-1.0156564798813417,-1.2512629620306237
76.199868978,4.232339481782102,-0.3664046142112305,-1.2152807039524405,3.1972880485069406,-1.1279911959148168,-1.4282160518230427,3.5953451676490746,-1.0156047817914786,-1.2512050504935033
76.232892601,4.229920695958498,-0.3600192971184086,-1.2085258244540458,3.195798818755857,-1.1179597515768118,-1.4174717618902868,3.592112790303553,-1.0059923202204675,-1.2404607605607474
76.24958155,4.227463740178592,-0.3536548572747866,-1.201763631655236,3.1947333111300025,-1.1112245469474176,-1.4103281586078715,3.589877942668172,-0.9995499802769998,-1.2333171572783321
76.249904465,4.224963849124668,-0.3473078321165581,-1.194992667473032,3.1947124937106963,-1.1110948894633172,-1.4101903595038685,3.589834619396983,-0.9994260144659741,-1.233179358174329
76.26647245400001,4.222422917309154,-0.3409843631121447,-1.188234765421378,3.1936229763632866,-1.1045174792853956,-1.4031664419534238,3.5876039229264696,-0.9931432311691086,-1.2261554406238844
76.28310667800001,4.2198352482901855,-0.3346713306610555,-1.1814627227875452,3.1912509162226543,-1.0910816412066262,-1.3889413019140058,3.5829030368062664,-0.980335027396738,-1.2119303005844664
76.299888354,4.217203688513743,-0.3283756521901461,-1.1746999928955375,3.1905989949632367,-1.087605064449387,-1.385189609132329,3.5816491185036696,-0.9770275697374674,-1.2081786078027896
76.333868659,4.214528243228837,-0.3220960760055593,-1.1679392482228304,3.1885950278843245,-1.0772250926715217,-1.3740533859251798,3.5778486753771066,-0.9671626657742041,-1.1970423845956404
76.34963410900001,4.211812721545978,-0.3158330237325127,-1.1611704841046913,3.187361436974936,-1.0711380662951602,-1.3675343317462954,3.5755625073155812,-0.9613879733812962,-1.190523330416756
76.36629788,4.209041896256617,-0.3095644240844782,-1.154450720761508,3.185936196562783,-1.0643466673022464,-1.3602245071499794,3.572963652771626,-0.9549536617963053,-1.18321350582044
76.366741114,4.206271912862909,-0.3034037098804442,-1.1475127531609546,3.185897950428697,-1.064166546533107,-1.3600311697506768,3.5728942871370015,-0.9547830902072846,-1.1830201684211374
76.38338613900001,4.203426623814462,-0.2971874169300686,-1.1405828799617082,3.184139674321816,-1.0561352507850323,-1.3514178856062085,3.5697492697481183,-0.9471868995906209,-1.174406884276669
76.416225842,4.200534601233785,-0.2910123165386015,-1.1338200240370115,3.1799008393618107,-1.0379658401785032,-1.3315939102424554,3.5623772526014297,-0.9300478049005344,-1.154582908912916
76.432939348,4.197612951793056,-0.2848443345835137,-1.127036776203778,3.1782439219333236,-1.0312770577256614,-1.3242573084476952,3.559568410678309,-0.92375530197108,-1.1472463071181558
76.44962401800001,4.194648367450974,-0.2787195165257737,-1.1202306861572395,3.177380875057288,-1.027896464938906,-1.3205650038652088,3.5581235673522644,-0.9205795051792056,-1.1435540025356694
76.466230951,4.191633224331233,-0.2725996469909865,-1.1134931489624906,3.176542404429387,-1.024617077471298,-1.3169842280265982,3.556720737305511,-0.9174990047301739,-1.1399732266970588
76.46652903900001,4.188593270157933,-0.2664957229133109,-1.1066823842242623,3.1765273542071375,-1.0245582137394171,-1.3169199544904657,3.556695557050796,-0.9174437109430622,-1.1399089531609263
76.499709651,4.185494181031304,-0.2604027575412599,-1.0999145082912531,3.1721085447013704,-1.0081591473598142,-1.2989317609400928,3.549458114064863,-0.9020789891884631,-1.1219207596105534
76.500101477,4.18238359144169,-0.2543888147112793,-1.0930697157793905,3.1720866750294774,-1.0080807268500653,-1.2988463408808197,3.5494227772031035,-0.9020056450332835,-1.1218353395512803
76.53288561400001,4.179200495689014,-0.2483337207133721,-1.0861715936983525,3.1693362977448998,-0.9983948307453115,-1.2882328903971754,3.545009805412159,-0.8929554053385611,-1.111221889067636
76.533354637,4.175980201683898,-0.2423123796832119,-1.0793488822520478,3.1692824826322643,-0.9982093837250247,-1.2880275646066508,3.544924176184075,-0.8927823322355699,-1.1110165632771114
76.54988435300001,4.172747510024412,-0.2363245221805539,-1.0725919301369036,3.166107315292928,-0.9875385206051029,-1.276118450175991,3.539919610989655,-0.8828373166713943,-1.0991074488464516
76.566554967,4.169429895509173,-0.2303115328588079,-1.0656045188827608,3.1644039161764708,-0.9819891543721608,-1.2699602990335386,3.5372656512858223,-0.8776746107890401,-1.0929492977039992
76.599647992,4.166118856678466,-0.2244207407026677,-1.0587358321984133,3.1603031429540156,-0.9691013163715111,-1.25547519604973,3.5309595605112425,-0.865710250024847,-1.0784641947201905
76.61628748700001,4.1627420403951785,-0.2185043619281007,-1.0518792020713532,3.159223456755168,-0.9657927793947645,-1.2517356675346711,3.5293141511468225,-0.8626435307292545,-1.0747246662051317
76.63294183000001,4.159311815244842,-0.2125906634101205,-1.0450121841682694,3.1571207373811134,-0.9595052978928234,-1.244578940667088,3.52613713750393,-0.856824558593546,-1.0675679393375486
76.63334951600001,4.155870101821072,-0.2067432916514757,-1.0383362076055267,3.1570692498800237,-0.9593513428165771,-1.2444037009011844,3.5260593448727673,-0.8566820754899607,-1.067392699571645
76.666258801,4.152364448502372,-0.2008795741423003,-1.031415538736014,3.1515015375536377,-0.9433903939441801,-1.2266215884135825,3.517768098609973,-0.8419509334817405,-1.049610587084043
76.682913415,4.148824454480024,-0.1950506857796938,-1.024600389052165,3.150319313987739,-0.9400935066106693,-1.2228080792721379,3.5160238054479165,-0.8389137374040342,-1.0457970779425985
76.699590962,4.145245349618374,-0.1892570382989227,-1.0178243773847493,3.147984853643182,-0.9337291293530502,-1.2156910049211014,3.5126051314972075,-0.8330598778740871,-1.038680003591562
76.69992470800001,4.14161088824779,-0.1834495583562532,-1.0108199399820776,3.1479374697960965,-0.9336012937506148,-1.2155484040172002,3.512535977725808,-0.8329423835077718,-1.0385374026876608
76.73293246,4.137987763681384,-0.177766426837404,-1.0040639971323857,3.141938887417156,-0.9178797389093475,-1.197620072336555,3.5038627484395937,-0.8185227659354275,-1.0206090710070157
76.749581984,4.134298862013657,-0.1720451321178371,-0.99712480325861,3.140699154477109,-0.9147145178647637,-1.1940550905021645,3.5020850293837076,-0.8156253054987596,-1.0170440891726251
76.766266775,4.131005006214376,-0.1669648046612135,-0.9908135871089478,3.1381766565737497,-0.9084075462590033,-1.1866475804149843,3.4984913645212927,-0.8098610657947776,-1.009636579085445
76.766579311,4.128136687222774,-0.1625354335996894,-0.9853338252912908,3.1381299474996878,-0.9082907956442576,-1.1865107093946357,3.4984248269132894,-0.8097543643872687,-1.0094997080650963
76.78315931200001,4.12570152466412,-0.1587741342560186,-0.9805350002085056,3.1378230968033747,-0.9075322932902575,-1.1862422074133647,3.497989207722179,-0.8090617468223833,-1.0092312060838253
76.816275571,4.123688074260082,-0.1556770787416156,-0.9764436325321248,3.137030662858733,-0.9055740141207675,-1.186307557880733,3.4968643264198795,-0.8072736050724048,-1.0092965565511935
76.81656887000001,4.122097296292918,-0.1532382480903108,-0.9730485274798322,3.1370278733469665,-0.9055671200875555,-1.186307557880733,3.496860366538856,-0.8072673099622305,-1.0092965565511935
76.833191342,4.120907285906696,-0.151431987040321,-0.9705986983509278,3.13686974080384,-0.9051763094025507,-1.186307557880733,3.4966358878095383,-0.8069104511767236,-1.0092965565511935
76.849873168,4.120108527045954,-0.1502408204507295,-0.96896779734764,3.1365525544151773,-0.9043924108504598,-1.186307791817356,3.496185622459783,-0.8061946542362912,-1.0092967904878165
76.86656517200001,4.119656296542663,-0.1495794620746074,-0.9680190499087368,3.136238934688885,-0.9036172894892949,-1.1863412402557874,3.4957404135998313,-0.8054868692913577,-1.009330238926248
76.883143621,4.11944874113655,-0.1492782787961207,-0.967792822764688,3.1356669136122948,-0.9022042158612551,-1.1856813339993337,3.4949285052777213,-0.8041966018513231,-1.0086703326697943
76.89982198,4.11936400606866,-0.1491547398295893,-0.9678908194440924,3.1355929419523076,-0.9020217783430377,-1.1855466514830368,3.494823564397517,-0.8040300405527074,-1.0085356501534974
76.916482134,4.119333536687552,-0.1491130410362444,-0.9678938952008056,3.1355248611264157,-0.9018538908896077,-1.185426850435789,3.4947269843965216,-0.8038767646600138,-1.0084158491062496
76.949588805,4.1193240165862015,-0.149098546125129,-0.967822074616808,3.135444922026617,-0.9016568016289532,-1.185478960838278,3.4946135893241794,-0.8036968313559522,-1.0084679595087387
76.96627563,4.119317353570094,-0.1490876903927243,-0.967811040466011,3.1354408983442674,-0.9016468811439083,-1.185427143697888,3.4946078816351447,-0.8036877744067386,-1.0084161423683486
76.982942276,4.119311640603515,-0.1490798159896383,-0.967805657248344,3.1354330792381013,-0.9016276057489884,-1.18542662854869,3.4945967905399753,-0.8036701770524344,-1.0084156272191507
76.98328027000001,4.119306878516228,-0.1490743864745827,-0.9678030881125284,3.1354330257809147,-0.9016274739682466,-1.18542662854869,3.494596714713072,-0.8036700567440165,-1.0084156272191507
77.016258096,4.119303069546476,-0.1490692560815949,-0.9677953948092752,3.1354278629167394,-0.901614746660356,-1.18542662854869,3.494589391394573,-0.8036584374265323,-1.0084156272191507
77.03294439000001,4.119300214234662,-0.1490644248110798,-0.9677907758826106,3.135425180405721,-0.901608133830252,-1.18542662854869,3.4945855863588613,-0.8036524002839484,-1.0084156272191507
77.049590527,4.119297359627983,-0.1490588186805564,-0.9677774405317482,3.135425070468756,-0.9016078628175818,-1.18542662854869,3.494585430417627,-0.8036521528645975,-1.0084156272191507
77.06628467600001,4.119293550453917,-0.1490539267060421,-0.9677835945643992,3.1354224672547755,-0.9016014457797861,-1.1853931098561237,3.4945817379165804,-0.8036462944916902,-1.0083821085265843
77.066537658,4.119291647641338,-0.1490499309990414,-0.9677743611479278,3.1354224271990407,-0.9016013470406248,-1.1853928991996554,3.4945816810999517,-0.803646204348723,-1.008381897870116
77.099601116,4.119288791317158,-0.1490458149836477,-0.967767948255241,3.1354171992129762,-0.9015884598233509,-1.1853930429328479,3.4945742655189957,-0.8036344390877208,-1.0083820416033085
77.09983627400001,4.119284028870023,-0.1490409219102323,-0.9677658938977948,3.135417176202405,-0.9015884031012736,-1.1853927466513046,3.494574232879897,-0.8036343873038463,-1.0083817453217652
77.11656516900001,4.119281173189425,-0.1490363290580675,-0.9677594797757624,3.135412097229255,-0.9015758838162873,-1.1853927466513046,3.4945670287719293,-0.8036229579865782,-1.0083817453217652
77.133135693,4.1192792714742605,-0.1490313200727259,-0.9677461448704798,3.135411913138394,-0.901575430046228,-1.1853927466513046,3.4945667676541015,-0.8036225437231455,-1.0083817453217652
77.166244057,4.119274508284198,-0.1490267250220373,-0.9677520420622516,3.135409293895213,-0.9015689741236869,-1.1853590243850096,3.49456305252718,-0.8036166498956407,-1.0083480230554702
77.182952513,4.119272605956093,-0.1490224312921162,-0.96774409095294,3.135405384406963,-0.9015593379992158,-1.1853764542494396,3.4945575073204,-0.8036078527554824,-1.0083654529199002
77.199618759,4.119269749774674,-0.1490183748814861,-0.967738445447144,3.135404054446074,-0.9015560599055504,-1.1853593312516324,3.4945556209077373,-0.803604860074191,-1.008348329922093
77.21625033800001,4.119265940877197,-0.1490133040932091,-0.9677271618192116,3.135404018212716,-0.9015559705974038,-1.185358864753919,3.4945555695144477,-0.8036047785417983,-1.0083478634243797
77.21657655,4.119261177479247,-0.149008828251678,-0.9677320337867604,3.135404018212716,-0.9015559705974038,-1.185358864753919,3.4945555695144477,-0.8036047785417983,-1.0083478634243797
77.233238337,4.119259275044388,-0.1490048921496169,-0.9677248479966886,3.1354039817751875,-0.9015558807903844,-1.185358864753919,3.4945555178323318,-0.8036046965542802,-1.0083478634243797
77.24981180600001,4.1192554654816185,-0.1490003578027514,-0.967711511521553,3.1353988507479498,-0.9015432344260323,-1.185358864753919,3.494548240106491,-0.8035931513094396,-1.0083478634243797
77.266470607,4.119253563352465,-0.1489956468403828,-0.9677199752159438,3.1353961881404806,-0.9015366722457211,-1.1853258234213584,3.494544463582148,-0.8035871605204382,-1.008314822091819
77.28312961900001,4.119249752276508,-0.1489923641901734,-0.9677107412056322,3.135393500410139,-0.9015300481599741,-1.1853587434277806,3.494540651426684,-0.8035811132171478,-1.0083477420982412
77.316243123,4.1192488043855375,-0.1489877139320856,-0.9677038134199676,3.135390873731114,-0.9015235745391543,-1.1853251709026225,3.4945369258636516,-0.8035752032772738,-1.008314169573083
77.316520943,4.11924594752989,-0.1489838959395769,-0.9677038141452676,3.1353908591241604,-0.9015235385393702,-1.1853249828565318,3.4945369051458077,-0.8035751704121176,-1.0083139815269924
77.349612565,4.119243091211071,-0.1489799587381571,-0.967697399727302,3.1353856497133843,-0.901510699608639,-1.1853256820621283,3.4945295163525754,-0.8035634494122661,-1.008314680732589
77.366280464,4.1192392812108185,-0.148975722414247,-0.967683551027521,3.1353855954008294,-0.9015105657518252,-1.1853249828565318,3.4945294393180975,-0.803563327210836,-1.0083139815269924
77.38298083400001,4.119236425617055,-0.1489708911435207,-0.9676925264921086,3.1353855954008294,-0.9015105657518252,-1.1853249828565318,3.4945294393180975,-0.803563327210836,-1.0083139815269924
77.39960359700001,4.11923356817554,-0.1489679076157662,-0.9676845737750308,3.1353803314577275,-0.9014975930534542,-1.1853249828565318,3.494521973289753,-0.8035514841360343,-1.0083139815269924
77.399854886,4.119232619406029,-0.1489637341942735,-0.9676758500625264,3.1353803314577275,-0.9014975930534542,-1.1853249828565318,3.494521973289753,-0.8035514841360343,-1.0083139815269924
77.432914587,4.119228809525042,-0.1489595574751094,-0.9676686704296424,3.135377699376292,-0.9014911067488578,-1.1852911009591462,3.494518240175265,-0.8035455626618749,-1.0082800996296069
77.433150888,4.119226907036041,-0.1489553829543812,-0.9676727708024428,3.135377699376292,-0.9014911067488578,-1.1852911009591462,3.494518240175265,-0.8035455626618749,-1.0082800996296069
77.44977315,4.1192230959184535,-0.1489522791181105,-0.9676566122638368,3.1353751131374294,-0.901484733415269,-1.1853243927405366,3.494514572079879,-0.8035397443211552,-1.0083133914109972
77.466474182,4.1192202400680245,-0.1489475074518484,-0.967664821449527,3.1353724607487417,-0.9014781970669989,-1.1852914296667247,3.4945108101633577,-0.8035337771611488,-1.0082804283371853
77.48322931700001,4.119219290367358,-0.1489444069134779,-0.9676589178150292,3.135372435213421,-0.9014781341396648,-1.1852911009591462,3.4945107739462884,-0.8035337197135564,-1.0082800996296069
77.49981996800001,4.119213572819584,-0.1489404664142987,-0.9676466077823412,3.135372435213421,-0.9014781341396648,-1.1852911009591462,3.4945107739462884,-0.8035337197135564,-1.0082800996296069
77.532893195,4.119212624682933,-0.148935458528087,-0.9676578928070791,3.1353671706110164,-0.9014651617088394,-1.1852911009591462,3.4945033073160547,-0.8035218770182149,-1.0082800996296069
77.54958811600001,4.119209766811084,-0.14893301144192,-0.9676532721110106,3.1353658755537746,-0.9014619705769757,-1.1852744315154915,3.494501470574585,-0.8035189637937803,-1.008263430185952
77.549822823,4.119207863694847,-0.1489290753393485,-0.9676368596671542,3.1353658569738196,-0.9014619247943763,-1.185274192361959,3.4945014442231837,-0.8035189219982691,-1.0082631910324196
77.566485262,4.119205961706668,-0.1489243643770855,-0.9676476312451268,3.135364538309814,-0.9014586754934266,-1.1852572190617607,3.4944995740009377,-0.803515955670544,-1.0082462177322213
77.599625727,4.119202149697767,-0.1489220950053402,-0.9676409604148388,3.1353606342959504,-0.9014490556691932,-1.1852747319973176,3.494494037053281,-0.8035071736119485,-1.0082637306677782
77.61625520300001,4.1191992932252015,-0.1489185154317451,-0.9676330041867792,3.1353593333945375,-0.9014458501367921,-1.1852579873298996,3.4944921920231966,-0.803504247241082,-1.0082469860003602
77.61659315700001,4.1191964367618334,-0.1489144590209037,-0.9676255680674486,3.135359306956853,-0.9014457849920757,-1.1852576470349128,3.4944921545274092,-0.8035041877696507,-1.0082466457053734
77.64957487000001,4.119195487619964,-0.1489104048084453,-0.9676306971516726,3.1353540088852405,-0.9014327307209646,-1.1852572190617607,3.4944846405398455,-0.8034922704063541,-1.0082462177322213
77.64982494600001,4.119191675520655,-0.1489082546459456,-0.967623768177426,3.1353540088852405,-0.9014327307209646,-1.1852572190617607,3.4944846405398455,-0.8034922704063541,-1.0082462177322213
77.666522321,4.119190726586673,-0.1489040812243296,-0.9676104320355208,3.1353540088852405,-0.9014327307209646,-1.1852572190617607,3.4944846405398455,-0.8034922704063541,-1.0082462177322213
77.69955831700001,4.119187869530288,-0.1489006208596105,-0.9676181247448286,3.135350103744279,-0.9014231090550718,-1.1852397164375716,3.4944791021584076,-0.8034834867333446,-1.0082287151080322
77.69979952700001,4.119185965811837,-0.1488977576404075,-0.96760298936385,3.1353500842781163,-0.9014230610934458,-1.1852399669770826,3.4944790745509455,-0.803483442948906,-1.0082289656475432
77.73292920200001,4.119184062482351,-0.1488937619330195,-0.9676109438811382,3.135347492271961,-0.9014166747894776,-1.185241110695479,3.494475398494455,-0.8034776128560281,-1.0082301093659396
77.733214636,4.119181204212859,-0.1488913744512112,-0.96760504260247,3.1353474696827206,-0.901416619133069,-1.1852408199603524,3.4944753664577552,-0.8034775620469791,-1.008229818630813
77.74981898300001,4.119179301085638,-0.1488878555812281,-0.9675976014560028,3.1353461556150877,-0.901413381472803,-1.1852239072347643,3.494473502809847,-0.8034746063686787,-1.008212905905225
77.782924131,4.119176444170226,-0.1488843952166146,-0.9675978569279884,3.1353435385403965,-0.9014069337119827,-1.1852233371643734,3.494469791254713,-0.8034687201935178,-1.008212335834834
77.79961806,4.119175494261673,-0.1488814138874015,-0.9675940060813608,3.135340853498988,-0.9014003185050846,-1.1852233371643734,3.4944659833096248,-0.8034626811568502,-1.008212335834834
77.816259879,4.119172636762442,-0.1488780727316639,-0.9675804149018395,3.135340846060649,-0.9014003001790528,-1.1852233371643734,3.4944659727605183,-0.8034626644269761,-1.008212335834834
77.832904423,4.119169780622652,-0.1488738375070949,-0.967589903423301,3.135340846060649,-0.9014003001790528,-1.1852233371643734,3.4944659727605183,-0.8034626644269761,-1.008212335834834
77.849591749,4.119167875085567,-0.1488722259843192,-0.9675824625491048,3.135338226492275,-0.9013938465935232,-1.185189624787787,3.4944622577250053,-0.8034567729572283,-1.0081786234582477
77.86625272500001,4.119165017985765,-0.1488688848288809,-0.9675739965833744,3.135335650431141,-0.9013875001927085,-1.1852224382089958,3.4944586043908554,-0.8034509793362657,-1.0082114368794564
77.8665284,4.119163114650656,-0.1488654851680552,-0.967576303127028,3.1353356078123795,-0.9013873951968533,-1.185222986688565,3.4944585439495195,-0.8034508834856875,-1.0082119853590257
77.883136174,4.1191612111040845,-0.1488620855070711,-0.967561172684782,3.1353355689644373,-0.9013872994908122,-1.1852231876889405,3.494458488855907,-0.8034507961157684,-1.0082121863594011
77.91625086100001,4.119158354159817,-0.148858446328466,-0.9675691212192764,3.1353316886449645,-0.9013777399107512,-1.1852056603815502,3.4944529858406823,-0.8034420691876953,-1.0081946590520108
77.916501718,4.119155497428797,-0.1488548667546773,-0.967562193566744,3.135331668318661,-0.9013776898347389,-1.1852059219696827,3.494452957014201,-0.8034420234733693,-1.0081949206401433
77.93317213200001,4.1191545487714025,-0.1488505145192986,-0.9675457759230832,3.135330317557492,-0.9013743620908172,-1.1852233055087655,3.494451041383457,-0.8034389855803172,-1.0082123041792261
77.96625086,4.119149784937757,-0.148846396305381,-0.9675565502273672,3.1353264134231638,-0.9013647441442365,-1.1851731261626242,3.4944455046478504,-0.8034302053912472,-1.0081621248330848
77.966486589,4.119146927564941,-0.1488433531730214,-0.9675483388911884,3.135326394513256,-0.9013646975621943,-1.1851728828230197,3.4944454778308787,-0.8034301628668857,-1.0081618814934803
77.98310199800001,4.119145025330821,-0.1488390594431708,-0.9675421803044318,3.1353250616443438,-0.9013614142169781,-1.185155730978936,3.4944435876308977,-0.8034271655281704,-1.0081447296493966
77.99982267700001,4.11914216913689,-0.1488345857999347,-0.967532950159354,3.1353224164360465,-0.9013548980983028,-1.185189455266988,3.4944398363447586,-0.8034212170172783,-1.0081784539374485
78.03295136,4.119139312082292,-0.1488311850398735,-0.9675385902690428,3.135319783475562,-0.9013484121504856,-1.1851555733696024,3.4944361024277817,-0.8034152960491134,-1.008144572040063
78.049606174,4.119137408313274,-0.1488282026113194,-0.9675306347738928,3.135319783475562,-0.9013484121504856,-1.1851555733696024,3.4944361024277817,-0.8034152960491134,-1.008144572040063
78.06623929700001,4.119134551692585,-0.1488243846189867,-0.9675255019214946,3.1353145809569796,-0.9013355970611261,-1.1851555733696024,3.4944287246172294,-0.8034035973044651,-1.008144572040063
78.082881887,4.119131695523937,-0.1488199705804263,-0.9675165284905648,3.135314517334838,-0.9013354403440628,-1.1851555733696024,3.4944286343932154,-0.8034034542392976,-1.008144572040063
78.09961933800001,4.119129792669729,-0.1488161536873643,-0.967522938407495,3.135314517334838,-0.9013354403440628,-1.1851555733696024,3.4944286343932154,-0.8034034542392976,-1.008144572040063
78.09985136,4.119127888278836,-0.1488135884909408,-0.9675154968854224,3.1353144726824556,-0.9013353303542067,-1.1851555733696024,3.4944285710706513,-0.8034033538308489,-1.008144572040063
78.132933835,4.119125031728634,-0.1488097704986609,-0.9675103656693969,3.1353092511941134,-0.90132246853764,-1.1851555733696024,3.494421166358649,-0.8033916124294818,-1.008144572040063
78.149591064,4.119121220489993,-0.1488065474529862,-0.9675088279533848,3.1353092511941134,-0.90132246853764,-1.1851555733696024,3.494421166358649,-0.8033916124294818,-1.008144572040063
78.14983235400001,4.119119317923095,-0.1488029093741095,-0.9675024085414012,3.1353092511941134,-0.90132246853764,-1.1851555733696024,3.494421166358649,-0.8033916124294818,-1.008144572040063
78.166448173,4.119117414481492,-0.1487990924806075,-0.9674924099248162,3.1353066180138742,-0.901315982679036,-1.1851216914722151,3.49441743224106,-0.8033856915878324,-1.0081106901426757
78.19958579300001,4.11911455802706,-0.1487953340930561,-0.9674990752653972,3.135301395268892,-0.9013031190176037,-1.1851216914722151,3.494410025967195,-0.803373948591706,-1.0081106901426757
78.199837523,4.119111700328879,-0.148792410169766,-0.9674918915993008,3.1353013549967517,-0.9013030198270096,-1.1851216914722151,3.49440996885805,-0.8033738580424662,-1.0081106901426757
78.21646772000001,4.119109797105886,-0.1487888316950544,-0.967486502445719,3.135301351433644,-0.9013030110510476,-1.1851216914722151,3.494409963805276,-0.8033738500310545,-1.0081106901426757
78.249548562,4.11910694055211,-0.1487848944934585,-0.9674772689762372,3.1352987472028317,-0.9012965971220875,-1.1850881848718355,3.494406270850715,-0.8033679948974575,-1.0080771835422961
78.266258781,4.119104083674754,-0.1487811361055903,-0.9674841949357836,3.1352960846336617,-0.9012900395122818,-1.1851216914722151,3.494402495168884,-0.8033620086008009,-1.0081106901426757
78.266522474,4.119104087375359,-0.1487783942941567,-0.9674772637547552,3.1352960846336617,-0.9012900395122818,-1.1851216914722151,3.494402495168884,-0.8033620086008009,-1.0081106901426757
78.28329959,4.119100275767935,-0.1487754096668323,-0.9674634125607716,3.1352960846336617,-0.9012900395122818,-1.1851216914722151,3.494402495168884,-0.8033620086008009,-1.0081106901426757
78.299807494,4.119097419626359,-0.1487711148376053,-0.9674749560108034,3.1352934512336708,-0.9012835537428988,-1.1850878095748296,3.494398760850688,-0.8033560878856739,-1.0080768082452902
78.332912342,4.1190955144164265,-0.1487694437104181,-0.9674659733236676,3.135289527187762,-0.9012738892571011,-1.1851050857409557,3.4943931963196304,-0.8033472653907812,-1.0080940844114163
78.349586773,4.1190945650232536,-0.148765627916398,-0.9674513514228912,3.135288198175231,-0.9012706160480125,-1.185087986376498,3.4943913117006224,-0.8033442773507476,-1.0080769850469586
78.34986463300001,4.1190926621131165,-0.1487615130000109,-0.96746469375779,3.135288184433689,-0.901270582204133,-1.1850878095748296,3.494391292214297,-0.8033442464554201,-1.0080768082452902
78.366459913,4.119089803395158,-0.1487598407737465,-0.967455453787768,3.135288184433689,-0.901270582204133,-1.1850878095748296,3.494391292214297,-0.8033442464554201,-1.0080768082452902
78.39963935300001,4.1190879004234695,-0.1487560238805965,-0.9674413447330692,3.135285550813949,-0.9012640965239784,-1.185053927677444,3.494387557695498,-0.8033383258668225,-1.0080429263479047
78.399913345,4.119085043021798,-0.1487528019342453,-0.9674549419037464,3.135285550813949,-0.9012640965239784,-1.185053927677444,3.494387557695498,-0.8033383258668225,-1.0080429263479047
78.41642957500001,4.1190831378987,-0.1487508923884964,-0.9674457037330032,3.13528533853945,-0.9012635737664649,-1.1850566586194589,3.4943872566865495,-0.8033378486567073,-1.0080456572899195
78.449621508,4.119082188742271,-0.1487471361993104,-0.967439288241741,3.135281630370838,-0.9012544418499575,-1.1850712544067612,3.494381998438679,-0.8033295123959823,-1.0080602530772218
78.46625624400001,4.119079331000673,-0.1487443314853011,-0.9674323606773002,3.1352803118483683,-0.901251194792347,-1.1850542914252173,3.4943801287507825,-0.8033265482516201,-1.008043290095678
78.46652560700001,4.119076473734612,-0.1487409307250815,-0.9674385184214744,3.1352802904977937,-0.9012511422133834,-1.1850540167470012,3.4943800984752946,-0.8033265002538149,-1.0080430154174618
78.499598424,4.11907456888274,-0.1487386635515959,-0.9674313335635178,3.1352763688353606,-0.9012414845365997,-1.1850713277895615,3.4943745374894553,-0.8033176840418398,-1.008060326460022
78.516299636,4.11907361906102,-0.1487354438038213,-0.9674272280198498,3.1352750250068833,-0.9012381751591845,-1.1850540392425888,3.4943726319171984,-0.8033146630075423,-1.0080430379130494
78.53292660700001,4.119071715839815,-0.1487319249337677,-0.9674190183828796,3.1352750163349907,-0.90123815380336,-1.185053927677444,3.4943726196203033,-0.8033146435124319,-1.0080429263479047
78.549585108,4.1190688577547165,-0.1487294182427843,-0.967425429454281,3.1352750163349907,-0.90123815380336,-1.185053927677444,3.4943726196203033,-0.8033146435124319,-1.0080429263479047
78.566253387,4.119066953893502,-0.1487264954188177,-0.9674105478374382,3.135269748875765,-0.9012251825322848,-1.185053927677444,3.494365150382106,-0.8033028024617708,-1.0080429263479047
78.56655890900001,4.119064096204518,-0.1487230946582813,-0.967419019553887,3.135269748875765,-0.9012251825322848,-1.185053927677444,3.494365150382106,-0.8033028024617708,-1.0080429263479047
78.583178316,4.119063145193189,-0.1487209477934352,-0.9674128586534192,3.135269748875765,-0.9012251825322848,-1.185053927677444,3.494365150382106,-0.8033028024617708,-1.0080429263479047
78.599819724,4.119061241375392,-0.1487179057601878,-0.9674069574313892,3.1352671538558035,-0.9012187925309212,-1.185020545157144,3.4943614707078354,-0.8032969692599667,-1.0080095438276047
78.616456353,4.119059337421983,-0.1487150425408089,-0.9674079805235716,3.1352671150362803,-0.9012186969413658,-1.1850200457800568,3.494361415662709,-0.803296881999709,-1.0080090444505174
78.633248249,4.119059341323325,-0.1487119431015858,-0.9673956653409022,3.1352645033932496,-0.9012122660072037,-1.18505364214068,3.4943577124173366,-0.8032910114318293,-1.0080426408111407
78.66647193300001,4.119055529238576,-0.1487094949158136,-0.9674043894712542,3.13526184735731,-0.901205725759528,-1.1850200457800568,3.4943539462239146,-0.8032850410755852,-1.0080090444505174
78.66668848500001,4.1190536243215785,-0.1487074065562492,-0.967397716499116,3.13526184735731,-0.901205725759528,-1.1850200457800568,3.4943539462239146,-0.8032850410755852,-1.0080090444505174
78.699590817,4.119050766986819,-0.1487040654006348,-0.9673848903579064,3.13526184735731,-0.901205725759528,-1.1850200457800568,3.4943539462239146,-0.8032850410755852,-1.0080090444505174
78.69983223700001,4.119049817579086,-0.1487005476298871,-0.9673946362730236,3.13526184735731,-0.901205725759528,-1.1850200457800568,3.4943539462239146,-0.8032850410755852,-1.0080090444505174
78.732910324,4.119046958736499,-0.1486986369849027,-0.9673807840297772,3.135257921394289,-0.9011960584315601,-1.1850373057089048,3.4943483793052286,-0.8032762161205137,-1.0080263043793654
78.733195737,4.119045054613257,-0.1486955949514265,-0.9673879678694816,3.1352578986748574,-0.9011960024870201,-1.185037013444532,3.4943483470896353,-0.8032761650507606,-1.0080260121149927
78.749788503,4.119044103554935,-0.1486934480865452,-0.9673848878159044,3.13525657967834,-0.9011927545776904,-1.1850200457800568,3.494346476785121,-0.803273200151462,-1.0080090444505174
78.782909852,4.1190431526051565,-0.148691003198462,-0.9673761624495496,3.13525657967834,-0.9011927545776904,-1.1850200457800568,3.494346476785121,-0.803273200151462,-1.0080090444505174
78.799560748,4.119041248284751,-0.1486884380020913,-0.967377189151006,3.135253945619112,-0.9011862690760146,-1.1849861638826713,3.494342741865129,-0.8032672798159428,-1.007975162553132
78.816242634,4.119039343642553,-0.1486861112241062,-0.967373338260866,3.135253945619112,-0.9011862690760146,-1.1849861638826713,3.494342741865129,-0.8032672798159428,-1.007975162553132
78.81648419400001,4.11903839375392,-0.1486830106855947,-0.9673610227324688,3.135253941666046,-0.9011862593428944,-1.184986214730948,3.4943427362599455,-0.803267270930996,-1.0079752134014086
78.833255069,4.119034582495359,-0.1486799068492184,-0.967370772466836,3.135251287642144,-0.9011797246847961,-1.1850197381262237,3.49433897303138,-0.8032613057226934,-1.0080087367966843
78.86625167000001,4.119032677534944,-0.1486779376989347,-0.967363072719863,3.1352486775006567,-0.9011732980726634,-1.1849861638826713,3.494335272025146,-0.8032554391449052,-1.007975162553132
78.88297440400001,4.119031727366149,-0.1486748967648701,-0.9673505008460568,3.1352486775006567,-0.9011732980726634,-1.1849861638826713,3.494335272025146,-0.8032554391449052,-1.007975162553132
78.88338219100001,4.119028870309764,-0.1486714364001509,-0.967363843985455,3.1352486775006567,-0.9011732980726634,-1.1849861638826713,3.494335272025146,-0.8032554391449052,-1.007975162553132
78.91625650900001,4.119027919318355,-0.1486691703260065,-0.967346651585946,3.135244759207027,-0.9011636505675376,-1.1850035266760948,3.4943297161465785,-0.8032466323524435,-1.0079925253465554
78.93292119200001,4.119025061573182,-0.1486662464026812,-0.967353835437515,3.1352434214567806,-0.9011603567989801,-1.184986319197959,3.4943278193061102,-0.8032436256128024,-1.0079753178684197
78.93321658400001,4.119024110601695,-0.1486638611192383,-0.9673428036969872,3.135243409382201,-0.9011603270693122,-1.1849861638826713,3.494327802185163,-0.8032435984738673,-1.007975162553132
78.96624697,4.1190222064332485,-0.1486608786903849,-0.9673448554713164,3.135240806648603,-0.9011539193194009,-1.1849526877194378,3.494324111792478,-0.8032377491591263,-1.0079416863898985
78.96656379400001,4.119019348830838,-0.1486580143718232,-0.9673402344143,3.135240775103234,-0.9011538416568872,-1.1849522819852858,3.4943240670645817,-0.8032376782648978,-1.0079412806557464
78.983142602,4.119016491570139,-0.1486547924255776,-0.9673281769894686,3.135240775103234,-0.9011538416568872,-1.1849522819852858,3.4943240670645817,-0.8032376782648978,-1.0079412806557464
78.99985132900001,4.11901458879919,-0.1486506179046381,-0.967338696764595,3.1352381530217794,-0.9011473862738945,-1.1849860069991802,3.4943203492387442,-0.8032317854682969,-1.0079750056696408
79.033016081,4.119012683703162,-0.1486488275682229,-0.967332280433742,3.1352355065452997,-0.9011408708320372,-1.1849522819852858,3.4943165968234187,-0.803225837846959,-1.0079412806557464
79.04956766800001,4.119012686655477,-0.148646204965542,-0.9673243244754544,3.1352355065452997,-0.9011408708320372,-1.1849522819852858,3.4943165968234187,-0.803225837846959,-1.0079412806557464
79.06624580600001,4.119008875704147,-0.1486431607340525,-0.9673274023934988,3.1352355065452997,-0.9011408708320372,-1.1849522819852858,3.4943165968234187,-0.803225837846959,-1.0079412806557464
79.08292751100001,4.119006971629684,-0.1486401783052695,-0.9673107252973724,3.1352328955931332,-0.9011344428485824,-1.1849858638551112,3.4943128947777,-0.8032199700620273,-1.0079748625255718
79.083279602,4.119006022053906,-0.1486365413250825,-0.967320731452792,3.135232839767353,-0.9011343054093764,-1.1849857458832567,3.494312815622825,-0.8032198446006431,-1.0079747445537173
79.099839215,4.119003164044657,-0.148634213448126,-0.9673171376458672,3.1352302379873644,-0.9011279000071872,-1.1849522819852858,3.4943091265822552,-0.8032139974290204,-1.0079412806557464
79.11647419100001,4.119002213346182,-0.1486315301416044,-0.9673004589448404,3.1352302379873644,-0.9011279000071872,-1.1849522819852858,3.4943091265822552,-0.8032139974290204,-1.0079412806557464
79.133366237,4.119000309340419,-0.1486284881082162,-0.9673148292767816,3.1352289193398333,-0.9011246539037184,-1.1849353230548196,3.4943072569392646,-0.8032110342459127,-1.0079243217252802
79.149943062,4.1189974506135245,-0.1486265178586619,-0.9673068728602088,3.1352269172141205,-0.9011197252877932,-1.184927226163044,3.494304418227466,-0.803206535192942,-1.0079162248335045
79.182909816,4.118996501113595,-0.1486230596925017,-0.967291734405722,3.135222415243243,-0.9011086428241792,-1.1849194386272863,3.4942980351128763,-0.8031964186426569,-1.007908437297747
79.19956229600001,4.118993643211101,-0.1486203741876852,-0.9673066147940832,3.135222334491252,-0.9011084440376864,-1.1849184000878985,3.4942979206187523,-0.8031962371817813,-1.007907398758359
79.21626382800001,4.118991737916384,-0.1486182262231811,-0.9672886571566196,3.135222334491252,-0.9011084440376864,-1.1849184000878985,3.4942979206187523,-0.8031962371817813,-1.007907398758359
79.2329175,4.118990788548493,-0.1486144700338366,-0.967294042432529,3.135222334491252,-0.9011084440376864,-1.1849184000878985,3.4942979206187523,-0.8031962371817813,-1.007907398758359
79.249564649,4.118989837385204,-0.1486127404014733,-0.9672935256124964,3.1352184268917305,-0.9010988247330097,-1.1849359088243503,3.4942923802329533,-0.8031874562660157,-1.007924907494811
79.266279447,4.1189888867825,-0.1486101166996801,-0.9672773609285392,3.135217078420846,-0.9010955052136446,-1.1849185663401585,3.494290468304954,-0.8031844260657147,-1.007907565010619
79.282986831,4.11898507508288,-0.1486071916769433,-0.9672901918493522,3.135217065493844,-0.9010954733913524,-1.1849184000878985,3.4942904499764174,-0.8031843970169552,-1.007907398758359
79.283401822,4.118982216634359,-0.1486051022182842,-0.9672827486309103,3.135217065493844,-0.9010954733913524,-1.1849184000878985,3.4942904499764174,-0.8031843970169552,-1.007907398758359
79.31625232500001,4.118981266190763,-0.1486022997026403,-0.967275818965224,3.1352158073031733,-0.9010923764149639,-1.1849022200336705,3.4942886661051134,-0.8031815699849982,-1.0078912187041311
79.332913641,4.1189793620023964,-0.1485994364830852,-0.9672765900752244,3.135214454630415,-0.9010890468754182,-1.1848848249606547,3.494286748276462,-0.8031785306609878,-1.0078738236311153
79.33326138400001,4.118976503647859,-0.1485973470244966,-0.967272993768924,3.1352144222083504,-0.901088967070051,-1.1848846283609618,3.494286702308238,-0.8031784578117648,-1.0078736270314224
79.36629178000001,4.1189765044487645,-0.1485966317692167,-0.9672355300386116,3.1352117960569688,-0.90108250292355,-1.1848856061776658,3.4942829789329193,-0.8031725571052559,-1.0078746048481264
79.38291158700001,4.118975554408433,-0.1485931736026517,-0.9672350160782832,3.1352117960569688,-0.90108250292355,-1.1848511356814253,3.4942829789329193,-0.8031725571052559,-1.007840134351886
79.383273176,4.118972695961699,-0.1485911437486506,-0.9672355262796828,3.1352117769661945,-0.9010824559370844,-1.1848508817757946,3.4942829518666936,-0.8031725142146389,-1.0078398804462552
79.400111549,4.118972698246935,-0.1485889979827232,-0.967216795356416,3.1352091611188007,-0.9010760177789214,-1.1848845181905112,3.494279243210593,-0.803166637275976,-1.0078735168609718
79.416474998,4.118969841054937,-0.1485857164318724,-0.9672298828675476,3.1352065923401633,-0.9010696954670031,-1.184851487019131,3.4942756012869145,-0.8031608660851459,-1.0078404856895915
79.43323267800001,4.118969842434299,-0.1485847031537427,-0.9672247483951713,3.135206526180633,-0.901069532634293,-1.1848506362931275,3.4942755074882674,-0.8031607174466959,-1.007839634963588
79.449879647,4.118968890822804,-0.1485829139163869,-0.9672188436029548,3.135206526180633,-0.901069532634293,-1.1848506362931275,3.4942755074882674,-0.8031607174466959,-1.007839634963588
79.482926133,4.118966033061283,-0.148580228411676,-0.9672129414203938,3.1352052380781776,-0.9010663626475037,-1.1848340743424028,3.494273681316307,-0.8031578238122767,-1.0078230730128634
79.483237907,4.11896412823112,-0.14857790163355,-0.9672193574993164,3.1352052131802712,-0.901066301374401,-1.184833754214221,3.494273646017983,-0.8031577678808264,-1.0078227528846817
79.499820653,4.118962222558422,-0.1485764689246426,-0.9672137098361816,3.1352038868113508,-0.9010630372148324,-1.1848168085442072,3.49427176559479,-0.8031547882834005,-1.0078058072146678
79.516730603,4.118962225328132,-0.1485740251357949,-0.9672047317468104,3.1352012558648417,-0.9010565625235972,-1.1848506362931275,3.494268035642469,-0.80314887804129,-1.007839634963588
79.549623587,4.118961274239166,-0.148571639852264,-0.967213968532756,3.1352012558648417,-0.9010565625235972,-1.1848506362931275,3.494268035642469,-0.80314887804129,-1.007839634963588
79.55002355900001,4.118959367505322,-0.1485708627937848,-0.9672067837111608,3.1352012558648417,-0.9010565625235972,-1.1848506362931275,3.494268035642469,-0.80314887804129,-1.007839634963588
79.566512657,4.118958417213426,-0.1485684179061945,-0.9672042138844188,3.1352012130197506,-0.9010564570829379,-1.1848500854066017,3.494267974900015,-0.8031487817927119,-1.0078390840770624
79.583162402,4.118956511992771,-0.1485663891510592,-0.967198314643928,3.135198620706946,-0.9010500774682492,-1.1848167543957402,3.4942642997195703,-0.8031429583385867,-1.0078057530662008
79.599816534,4.118954606712351,-0.1485647180238191,-0.9672034438028252,3.135198620706946,-0.9010500774682492,-1.1848167543957402,3.4942642997195703,-0.8031429583385867,-1.0078057530662008
79.61653763400001,4.118953655032155,-0.1485629883910685,-0.9671995928627938,3.1351960127029006,-0.9010436592378229,-1.184850287158845,3.494260602293298,-0.8031370996351579,-1.0078392858293057
79.633283992,4.118951750160362,-0.1485608404268812,-0.9671903564159142,3.1351959855490508,-0.9010435924129012,-1.1848506362931275,3.4942605637966713,-0.8031370386358836,-1.007839634963588
79.666262489,4.118950798932208,-0.1485585147479027,-0.9671988262684708,3.1351933665517397,-0.9010371471283317,-1.184816962182623,3.4942568507849976,-0.8031311552368312,-1.0078059608530836
79.68291993800001,4.118950800537593,-0.1485572034466591,-0.9671942042883952,3.1351933503911558,-0.9010371073575532,-1.1848167543957402,3.494256827873773,-0.8031311189331803,-1.0078057530662008
79.68325948500001,4.118949848906175,-0.1485555334186017,-0.96718265761159,3.1351933503911558,-0.9010371073575532,-1.1848167543957402,3.494256827873773,-0.8031311189331803,-1.0078057530662008
79.699879343,4.118946991180923,-0.148552490285978,-0.9671918968304976,3.1351933503911558,-0.9010371073575532,-1.1848167543957402,3.494256827873773,-0.8031311189331803,-1.0078057530662008
79.716491565,4.11894699257842,-0.1485512981938919,-0.9671847090026016,3.1351933503911558,-0.9010371073575532,-1.1848167543957402,3.494256827873773,-0.8031311189331803,-1.0078057530662008
79.74961704200001,4.1189441346795,-0.1485487318983913,-0.9671723903315128,3.1351907308100952,-0.9010306612626423,-1.18478307558782,3.49425311414478,-0.8031252348392399,-1.0077720742582805
79.766290452,4.118942230379015,-0.1485460474927223,-0.9671862486431352,3.135190715013535,-0.9010306223914932,-1.1847828724983547,3.4942530917503043,-0.8031251993570611,-1.0077718711688153
79.76667247,4.118941277876206,-0.1485450927198919,-0.9671782913538234,3.1351906739567843,-0.9010305213617072,-1.1847834003470439,3.494253033544949,-0.8031251071355285,-1.0077723990175045
79.79959229500001,4.11894032678724,-0.148542707436361,-0.9671670011396508,3.1351868038483808,-0.901020998050341,-1.1848003521534238,3.494247546967725,-0.8031164141113831,-1.0077893508238844
79.816250455,4.118938422618794,-0.1485397250075076,-0.9671788087189528,3.1351854631195875,-0.9010176988720167,-1.1847831149897452,3.494245646242656,-0.8031134025709923,-1.0077721136602058
79.832914035,4.118937470401509,-0.1485388894442044,-0.9671713615784078,3.135185444258295,-0.901017652459373,-1.1847828724983547,3.494245619503369,-0.8031133602048219,-1.0077718711688153
79.84959694300001,4.118936519084734,-0.1485367425791295,-0.96716058486782,3.135185444258295,-0.901017652459373,-1.1847828724983547,3.494245619503369,-0.8031133602048219,-1.0077718711688153
79.84994697,4.118933660627277,-0.1485343550971804,-0.9671734156640468,3.135185444258295,-0.901017652459373,-1.1847828724983547,3.494245619503369,-0.8031133602048219,-1.0077718711688153
79.866473299,4.118932708252932,-0.1485329830918496,-0.967164948015855,3.1351853469704074,-0.9010174130596589,-1.1847841232861729,3.4942454815802275,-0.8031131416771045,-1.0077731219566335
79.883291825,4.118931757792989,-0.1485304189948201,-0.9671613545018132,3.135182808880675,-0.9010111674933128,-1.1848167543957402,3.4942418833799014,-0.8031074406287022,-1.0078057530662008
79.89992216200001,4.1189308064545065,-0.1485283317343856,-0.9671631500864588,3.135180214515361,-0.9010047834476724,-1.1847833997756396,3.494238205398781,-0.8031016131742841,-1.0077723984461002
79.91648158400001,4.118928900781809,-0.1485268990254782,-0.9671587869130134,3.1351801735030547,-0.9010046825272529,-1.1847828724983547,3.4942381472564334,-0.8031015210525829,-1.0077718711688153
79.93320055000001,4.118927949266083,-0.1485251693928508,-0.9671546783904884,3.1351801735030547,-0.9010046825272529,-1.1847828724983547,3.4942381472564334,-0.8031015210525829,-1.0077718711688153
79.966262095,4.118926998413862,-0.1485228437141539,-0.9671549341965884,3.1351801735030547,-0.9010046825272529,-1.1847828724983547,3.4942381472564334,-0.8031015210525829,-1.0077718711688153
79.982946545,4.118926046361308,-0.1485212332904376,-0.9671531404237248,3.135177580772821,-0.9009983028149864,-1.1847828724983547,3.4942344716478995,-0.8030956975759089,-1.0077718711688153
79.999588825,4.118923187339691,-0.1485196206686024,-0.9671503153684518,3.135174927120919,-0.9009917731979151,-1.1847828724983547,3.4942307096731855,-0.8030897372643595,-1.0077718711688153
79.99994250900001,4.118922235889091,-0.1485177122220539,-0.9671487734979292,3.135174902528093,-0.900991712684426,-1.1847828724983547,3.4942306748089336,-0.8030896820269323,-1.0077718711688153
80.032924983,4.118920331219823,-0.1485152662347351,-0.9671397953988532,3.135174902528093,-0.900991712684426,-1.1847828724983547,3.4942306748089336,-0.8030896820269323,-1.0077718711688153
80.03338786500001,4.118919380496066,-0.1485125233235379,-0.9671467236188956,3.135174902528093,-0.900991712684426,-1.1847828724983547,3.4942306748089336,-0.8030896820269323,-1.0077718711688153
80.06624880800001,4.118918428305851,-0.1485118069695683,-0.9671418423756672,3.1351736334826708,-0.9009885902032174,-1.184766558296598,3.494228875761395,-0.8030868318000752,-1.0077555569670587
80.06655088400001,4.118918430240437,-0.1485097208080348,-0.9671305538988104,3.1351736090273152,-0.9009885300309125,-1.1847662439110014,3.494228841092544,-0.803086776874294,-1.007755242581462
80.099602851,4.1189165253180775,-0.1485074536344964,-0.9671423603238865,3.135172266930752,-0.9009852278076612,-1.1847489906009692,3.494226938484902,-0.803083762577403,-1.0077379892714298
80.099924103,4.118914618918537,-0.1485068553902376,-0.967135171234052,3.1351722390670367,-0.9009851592491003,-1.1847493488027077,3.4942268989842287,-0.8030836999965775,-1.0077383474731683
80.116492742,4.118914621456864,-0.1485045308105299,-0.967132862029922,3.1351696313334103,-0.9009787429308964,-1.1847828724983547,3.4942232021608697,-0.8030778431278738,-1.0077718711688153
80.13312958200001,4.118913669738612,-0.148503099201034,-0.9671346571662154,3.1351696313334103,-0.9009787429308964,-1.1847828724983547,3.4942232021608697,-0.8030778431278738,-1.0077718711688153
80.15011979500001,4.118911763950223,-0.1485017260966966,-0.9671290103940546,3.1351696313334103,-0.9009787429308964,-1.1847828724983547,3.4942232021608697,-0.8030778431278738,-1.0077718711688153
80.182943737,4.118910813324023,-0.1484991023948858,-0.9671205429586446,3.135166995736069,-0.9009722580541316,-1.1847489906009692,3.4942194658368377,-0.8030719236783446,-1.0077379892714298
80.19957880300001,4.118908908059951,-0.1484971928490313,-0.9671287545604824,3.135166995736069,-0.9009722580541316,-1.1847489906009692,3.4942194658368377,-0.8030719236783446,-1.0077379892714298
80.21629723800001,4.118907001929848,-0.1484961773723778,-0.9671218229861672,3.135166995736069,-0.9009722580541316,-1.1847489906009692,3.4942194658368377,-0.8030719236783446,-1.0077379892714298
80.216589575,4.118906051413978,-0.1484933152520231,-0.9671143823454572,3.135166995736069,-0.9009722580541316,-1.1847489906009692,3.4942194658368377,-0.8030719236783446,-1.0077379892714298
80.24956870400001,4.118904146404785,-0.1484912864970462,-0.9671228512423432,3.135163083646423,-0.9009626333080611,-1.1847315144464048,3.4942139200729105,-0.8030631381968674,-1.0077205131168654
80.249893793,4.118904147663094,-0.1484901540095125,-0.967115407757414,3.135163057409561,-0.9009625687586369,-1.1847318517060277,3.4942138828796314,-0.803063079276064,-1.0077208503764883
80.28298815100001,4.11890224276423,-0.1484878868359917,-0.967113612226799,3.1351617241019496,-0.9009592884792076,-1.1847489906009692,3.4942119927876543,-0.8030600850324804,-1.0077379892714298
80.299564996,4.118900337870729,-0.1484857984764449,-0.967114895940388,3.1351617241019496,-0.9009592884792076,-1.1847489906009692,3.4942119927876543,-0.8030600850324804,-1.0077379892714298
80.316271238,4.118899386582812,-0.1484838304253616,-0.9671107886438688,3.1351617241019496,-0.9009592884792076,-1.1847489906009692,3.4942119927876543,-0.8030600850324804,-1.0077379892714298
80.332956429,4.118898434922537,-0.1484819815833126,-0.9671079652185288,3.1351617241019496,-0.9009592884792076,-1.1847489906009692,3.4942119927876543,-0.8030600850324804,-1.0077379892714298
80.33326319400001,4.118897483356245,-0.148480132741334,-0.9671077087026112,3.1351616888564906,-0.9009592017663192,-1.184748537541065,3.494211942823821,-0.8030600058808364,-1.0077375362115255
80.366292027,4.118895577692483,-0.1484789980557165,-0.96710359821453,3.13515908828489,-0.9009528036917456,-1.1847151087035819,3.4942082562630623,-0.8030541657095482,-1.0077041073740425
80.36662501100001,4.118893673115412,-0.1484764924638102,-0.9671018026506368,3.13515908828489,-0.9009528036917456,-1.1847151087035819,3.4942082562630623,-0.8030541657095482,-1.0077041073740425
80.38316017700001,4.11889367546756,-0.1484742274886196,-0.967093336593464,3.13515908828489,-0.9009528036917456,-1.1847151087035819,3.4942082562630623,-0.8030541657095482,-1.0077041073740425
80.400064627,4.118892724176068,-0.1484721402282203,-0.9671012916026408,3.1351538166507704,-0.9009398341168215,-1.1847151087035819,3.494200783213879,-0.8030423270636842,-1.0077041073740425
80.41668256,4.118890818141736,-0.1484711843562952,-0.9670961556578248,3.1351538166507704,-0.9009398341168215,-1.1847151087035819,3.494200783213879,-0.8030423270636842,-1.0077041073740425
80.449606673,4.118890820687212,-0.1484690981952194,-0.9670843494246208,3.1351538166507704,-0.9009398341168215,-1.1847151087035819,3.494200783213879,-0.8030423270636842,-1.0077041073740425
80.44987824100001,4.118888915931111,-0.1484668906264622,-0.9670966690488488,3.1351538166507704,-0.9009398341168215,-1.1847151087035819,3.494200783213879,-0.8030423270636842,-1.0077041073740425
80.466443384,4.118887962500981,-0.1484663530855336,-0.9670892256367508,3.1351538166507704,-0.9009398341168215,-1.1847151087035819,3.494200783213879,-0.8030423270636842,-1.0077041073740425
80.499562288,4.118886057817154,-0.1484642051214872,-0.9670858884518044,3.1351538166507704,-0.9009398341168215,-1.1847151087035819,3.494200783213879,-0.8030423270636842,-1.0077041073740425
80.51624985400001,4.118884152251212,-0.1484624147847199,-0.9670879443414668,3.1351538166507704,-0.9009398341168215,-1.1847151087035819,3.494200783213879,-0.8030423270636842,-1.0077041073740425
80.53291011900001,4.11888320078069,-0.1484606255474697,-0.9670838369530906,3.1351486004818896,-0.9009270016238548,-1.1847151087035819,3.4941933889017545,-0.8030306135910247,-1.0077041073740425
80.54956368,4.118882249199839,-0.1484590747287635,-0.9670835775180118,3.1351485447969347,-0.900926864631206,-1.1847151087035819,3.494193309964138,-0.8030304885444224,-1.0077041073740425
80.54987560400001,4.118880343613975,-0.1484574036012945,-0.9670807552929144,3.1351485447969347,-0.900926864631206,-1.1847151087035819,3.494193309964138,-0.8030304885444224,-1.0077041073740425
80.58295870100001,4.118881299396252,-0.1484556761670325,-0.9670787002288184,3.1351485447969347,-0.900926864631206,-1.1847151087035819,3.494193309964138,-0.8030304885444224,-1.0077041073740425
80.599582094,4.118879393470463,-0.1484544222719054,-0.9670769029760268,3.1351485447969347,-0.900926864631206,-1.1847151087035819,3.494193309964138,-0.8030304885444224,-1.0077041073740425
80.599861757,4.118877488349152,-0.1484525723308146,-0.9670679211015902,3.1351485447969347,-0.900926864631206,-1.1847151087035819,3.494193309964138,-0.8030304885444224,-1.0077041073740425
80.63295285800001,4.118876537292618,-0.1484504850705913,-0.9670769009643404,3.1351446485766914,-0.9009172798589248,-1.1846974243825645,3.4941877868605524,-0.8030217396177082,-1.0076864230530251
80.649569239,4.118875584876643,-0.1484492918791993,-0.9670632998692889,3.1351433154999198,-0.9009140004659522,-1.1847145588819021,3.4941858971519024,-0.8030187462060816,-1.0077035575523627
80.66625001300001,4.118874633442389,-0.1484471450140363,-0.9670717704305944,3.1351458795170726,-0.90092030799453,-1.1846816026777685,3.4941895317853278,-0.8030245036830103,-1.007670601348229
80.682883746,4.118873681125759,-0.1484461306366888,-0.96706843118775,3.135143311818491,-0.9009139914095697,-1.1847146062005933,3.494185891933277,-0.8030187379394663,-1.007703604871054
80.69956919900001,4.11887272972215,-0.1484442221901754,-0.9670573966121908,3.1351407126702333,-0.9009075974578403,-1.1846822034501407,3.4941822074996045,-0.8030129015759668,-1.0076712021206014
80.699816059,4.11887082433345,-0.1484420742256009,-0.9670686914103208,3.135140672532089,-0.9009074987172793,-1.184681687540614,3.494182150601607,-0.803012811446133,-1.0076706862110747
80.73290783200001,4.118870825698252,-0.1484413589707436,-0.9670612435178124,3.135140636686609,-0.9009074105367504,-1.1846812268061946,3.4941820997886945,-0.8030127309554378,-1.0076702254766552
80.749552917,4.118868920132311,-0.1484395686339762,-0.9670520076670548,3.135140636686609,-0.9009074105367504,-1.1846812268061946,3.4941820997886945,-0.8030127309554378,-1.0076702254766552
80.749835485,4.118867968815535,-0.1484374217689013,-0.9670638140605108,3.135140636686609,-0.9009074105367504,-1.1846812268061946,3.4941820997886945,-0.8030127309554378,-1.0076702254766552
80.766445845,4.118867015531743,-0.1484370630420523,-0.9670573950913128,3.135140636686609,-0.9009074105367504,-1.1846812268061946,3.4941820997886945,-0.8030127309554378,-1.0076702254766552
80.799616748,4.118867972116712,-0.1484346799571685,-0.967046103140876,3.135139351067456,-0.900904248197518,-1.1846647036733273,3.4941802774078776,-0.8030098444117981,-1.007653702343788
80.79994217800001,4.118864158891132,-0.1484333642590181,-0.9670602192241332,3.1351393253695097,-0.9009041849862442,-1.1846643733962114,3.4941802409807257,-0.8030097867133392,-1.007653372066672
80.832910795,4.118863205607339,-0.148433005532169,-0.967052518204112,3.135135364173635,-0.9008944413190824,-1.1846812268061946,3.4941746259372977,-0.8030008928160031,-1.0076702254766552
80.83320483600001,4.118864161595717,-0.1484310992840915,-0.9670496933996564,3.135135364173635,-0.9008944413190824,-1.1846812268061946,3.4941746259372977,-0.8030008928160031,-1.0076702254766552
80.86625738400001,4.118862256224889,-0.1484295473660969,-0.9670443046764492,3.135135364173635,-0.9008944413190824,-1.1846812268061946,3.4941746259372977,-0.8030008928160031,-1.0076702254766552
80.866498584,4.118862257548324,-0.1484282360646421,-0.9670512339960884,3.135135364173635,-0.9008944413190824,-1.1846812268061946,3.4941746259372977,-0.8030008928160031,-1.0076702254766552
80.899577612,4.118859397373366,-0.1484273386978226,-0.9670461009953368,3.135135364173635,-0.9008944413190824,-1.1846812268061946,3.4941746259372977,-0.8030008928160031,-1.0076702254766552
80.91625157200001,4.118859400101447,-0.1484250737229137,-0.9670443046378516,3.135135364173635,-0.9008944413190824,-1.1846812268061946,3.4941746259372977,-0.8030008928160031,-1.0076702254766552
80.932941854,4.118859401135522,-0.1484242988631519,-0.9670437882238568,3.135135364173635,-0.9008944413190824,-1.1846812268061946,3.4941746259372977,-0.8030008928160031,-1.0076702254766552
80.933236566,4.118858449131747,-0.1484227480441288,-0.9670330105543834,3.1351353426224677,-0.9008943883079705,-1.1846809498246387,3.4941745953882557,-0.8030008444281242,-1.0076699484950993
80.966248636,4.118855589947447,-0.1484211950268283,-0.9670461005046228,3.135131453409932,-0.9008848217039286,-1.1846637252279848,3.4941690823820886,-0.8029921121517865,-1.0076527238984454
80.98289038600001,4.118855591071931,-0.148420300957821,-0.9670399376190946,3.135130112350452,-0.9008815229937327,-1.1846809608952729,3.4941671814139315,-0.8029891011304392,-1.0076699595657335
80.983232537,4.11885463826725,-0.1484194653940777,-0.9670363439128812,3.13513009166066,-0.900881472101414,-1.1846812268061964,3.4941671520859,-0.8029890546765682,-1.007670225476657
80.99978601800001,4.11885368711316,-0.148417258924468,-0.9670309580754016,3.13513009166066,-0.900881472101414,-1.1846812268061964,3.4941671520859,-0.8029890546765682,-1.007670225476657
81.01657038900001,4.118852735011827,-0.1484155888960585,-0.967038402887552,3.13513009166066,-0.900881472101414,-1.1846812268061964,3.4941671520859,-0.8029890546765682,-1.007670225476657
81.03314013100001,4.118852735519798,-0.1484152908731559,-0.9670324967336528,3.13513009166066,-0.900881472101414,-1.1846812268061964,3.4941671520859,-0.8029890546765682,-1.007670225476657
81.06625606,4.118850829478316,-0.1484140965825988,-0.967031469835008,3.135127455404173,-0.90087498749258,-1.184647344908809,3.494163415160201,-0.802983135606851,-1.0076363435792697
81.06653452100001,4.1188508313549255,-0.1484124276536184,-0.967031983902375,3.135127455404173,-0.90087498749258,-1.184647344908809,3.494163415160201,-0.802983135606851,-1.0076363435792697
81.083156531,4.118849879313095,-0.1484111748578501,-0.9670296728066752,3.135127455404173,-0.90087498749258,-1.184647344908809,3.494163415160201,-0.802983135606851,-1.0076363435792697
81.11631527200001,4.11884892696582,-0.1484099220618529,-0.9670271054342212,3.135127455404173,-0.90087498749258,-1.184647344908809,3.494163415160201,-0.802983135606851,-1.0076363435792697
81.11662875900001,4.11884797496562,-0.1484084904521458,-0.9670258222120224,3.135127455404173,-0.90087498749258,-1.184647344908809,3.494163415160201,-0.802983135606851,-1.0076363435792697
81.133235852,4.118846069159097,-0.1484072961617648,-0.967024794223971,3.135127455404173,-0.90087498749258,-1.184647344908809,3.494163415160201,-0.802983135606851,-1.0076363435792697
81.149847553,4.1188460708765975,-0.1484058060466352,-0.967023511552796,3.135124850079075,-0.9008685789681344,-1.1846808292674211,3.494159722080123,-0.8029772859860105,-1.0076698279378817
81.16647537600001,4.118845118395496,-0.1484047916691644,-0.9670214564492384,3.135124819147685,-0.9008685028837458,-1.1846812268061964,3.4941596782345017,-0.8029772165371335,-1.007670225476657
81.183157772,4.118843212610681,-0.1484035377741429,-0.9670209424030544,3.135123504954749,-0.9008652702593152,-1.1846643364351586,3.4941578153499977,-0.8029742658380452,-1.0076533351056192
81.19988097800001,4.118843214716887,-0.1484016900313646,-0.9670122170664212,3.135122182891198,-0.9008620182749116,-1.184647344908809,3.494155941308803,-0.802971297467416,-1.0076363435792697
81.21647369300001,4.11884130896834,-0.1484000785084305,-0.9670201741099528,3.135122182891198,-0.9008620182749116,-1.184647344908809,3.494155941308803,-0.802971297467416,-1.0076363435792697
81.249623786,4.118841309886723,-0.1483993632532387,-0.9670158100958848,3.135122182891198,-0.9008620182749116,-1.184647344908809,3.494155941308803,-0.802971297467416,-1.0076363435792697
81.266240928,4.118840357429119,-0.1483983488757854,-0.9670137559586374,3.135122182891198,-0.9008620182749116,-1.184647344908809,3.494155941308803,-0.802971297467416,-1.0076363435792697
81.26661990000001,4.118839405479484,-0.1483970364754295,-0.9670140115242276,3.135122182891198,-0.9008620182749116,-1.184647344908809,3.494155941308803,-0.802971297467416,-1.0076363435792697
81.299602205,4.1188384531105,-0.1483958432840728,-0.9670060564806164,3.135122182891198,-0.9008620182749116,-1.184647344908809,3.494155941308803,-0.802971297467416,-1.0076363435792697
81.29986204000001,4.118838454988897,-0.1483942339597504,-0.967014525230652,3.1351221591718734,-0.9008619599362756,-1.1846470400868903,3.4941559076873685,-0.8029712442170454,-1.0076360387573509
81.316531251,4.118837501497216,-0.148393994442059,-0.9670037461409527,3.135119546415001,-0.9008555337554024,-1.1846134630114236,3.494152204182556,-0.802965378524316,-1.0076024616818842
81.349589521,4.118836549379537,-0.1483925628322638,-0.9670119589380785,3.1351182498999908,-0.9008523449244589,-1.184630124792248,3.4941503664112616,-0.8029624678215441,-1.0076191234627085
81.36627345000001,4.118834642764959,-0.1483918453785306,-0.9670078515620218,3.1351169226903015,-0.9008490805987156,-1.184647181036695,3.4941484851311766,-0.8029594882085895,-1.0076361797071556
81.36652149300001,4.118834644861968,-0.1483904744729987,-0.9670050249430449,3.1351169099388043,-0.9008490492358936,-1.184647344908809,3.49414846705631,-0.8029594595812164,-1.0076363435792697
81.399608637,4.118835599760343,-0.1483890450613577,-0.9669986135337808,3.1351169099388043,-0.9008490492358936,-1.184647344908809,3.49414846705631,-0.8029594595812164,-1.0076363435792697
81.39988468300001,4.118832740189125,-0.148387909276364,-0.967006823577172,3.1351169099388043,-0.9008490492358936,-1.184647344908809,3.49414846705631,-0.8029594595812164,-1.0076363435792697
81.416490764,4.118832740827347,-0.1483872536256189,-0.9670011761883835,3.1351169099388043,-0.9008490492358936,-1.184647344908809,3.49414846705631,-0.8029594595812164,-1.0076363435792697
81.43315424400001,4.118830835040745,-0.1483859401259395,-0.9670006637295896,3.1351169099388043,-0.9008490492358936,-1.184647344908809,3.49414846705631,-0.8029594595812164,-1.0076363435792697
81.44981607000001,4.118829882948349,-0.14838456812082,-0.9670019473455024,3.1351165535957115,-0.9008481727956892,-1.1846427654704978,3.4941479619506213,-0.8029586595836695,-1.0076317641409585
81.48291852300001,4.118830837604355,-0.1483836751509073,-0.966998610433407,3.1351142734626074,-0.9008425647163844,-1.1846134630114236,3.494144729930064,-0.8029535406381164,-1.0076024616818842
