t_ns,x,y,yaw
1778693051128393474,-0.0,0.0,-0.0
1778693051174818645,0.0002732216380536556,-9.425825555808842e-05,-1.863153281704662e-05
1778693051203226082,5.8261928643332794e-05,-6.561355257872492e-05,-2.8392303266035916e-05
1778693051232614038,3.805389042099705e-06,5.9029680414823815e-05,-5.4473316355142466e-05
1778693051262440590,-6.616912287427112e-05,7.852372073102742e-05,-8.769931908950994e-05
1778693051291584692,-0.00013355402916204184,7.318982534343377e-05,-6.767534576781965e-05
1778693051322953904,-0.00012683439126703888,5.303329453454353e-05,-2.2950763132414224e-05
1778693051352471057,-0.00011640184675343335,1.6571024389122613e-05,-5.982623641823005e-05
1778693051380777281,-0.00018752495816443115,9.751612378749996e-05,-0.00012749504895341203
1778693051411913129,-0.00010491353168617934,3.641305738710798e-05,-3.021676083935042e-05
1778693051444970329,-0.0002149930369341746,0.0001375030115013942,-0.0001264748260542397
1778693051474504123,-0.00014489643217530102,0.00012559430615510792,-4.983040245655612e-05
1778693051504777988,-0.00013561132072936743,0.00012715492630377412,-4.902239096222871e-05
1778693051540804428,-0.00017333828145638108,9.384665463585407e-05,-1.8976086617275336e-05
1778693051571595419,-0.00027448131004348397,0.00015986502694431692,-0.0001007380664830314
1778693051600408289,-0.00034607178531587124,0.00020317510643508285,-0.0001265921553816184
1778693051630869511,-0.00030559138394892216,0.0002895374200306833,-0.00015452285077908058
1778693051660736319,-0.00015041833103168756,0.0002626905625220388,-0.0001493282525271569
1778693051690160715,0.0004235101805534214,0.00031207833671942353,-0.0001355179264966549
1778693051716862050,-3.5976114304503426e-05,0.00018385329167358577,-0.00017529579229713798
1778693051746623358,-0.0008269647951237857,0.00031222618417814374,-0.00019885155823273258
1778693051776874129,-0.0008487364975735545,0.0002629297669045627,-0.0001750812687039974
1778693051807593173,-0.00043149825069122016,0.0002900229301303625,-0.00013594114474128964
1778693051836150776,-0.00043011573143303394,0.0002459358365740627,-0.00010423577299231201
1778693051865016076,-0.0004348690272308886,0.00025414497940801084,-9.578737310171845e-05
1778693051894500636,-0.0004935013130307198,0.0002982735459227115,-5.452574104469177e-05
1778693051924726520,-0.0005741103086620569,0.0003788831236306578,-0.00011062075269188925
1778693051954481796,-0.0005725857918150723,0.00022478008759208024,-7.175388356434757e-05
1778693051985601473,-0.0005446588038466871,0.00030890494235791266,-0.0001681080829991647
1778693052015739499,-0.00046040647430345416,0.0002801665978040546,-8.034767266464062e-05
1778693052045201246,-0.0006332488264888525,0.00031494308495894074,-0.00010337572956407395
1778693052073766484,-0.0005186435882933438,0.0003412142104934901,-0.00011166732645453048
1778693052104258965,-0.000504384923260659,0.00018016775720752776,-8.205612711675747e-05
1778693052133715402,-0.0012889085337519646,0.00046035792911425233,-0.00019732782173913403
1778693052164234014,-0.0003729528107214719,0.0003562947968021035,-0.0001746544856339601
1778693052194875439,-0.0003669093712233007,0.0004119887889828533,-0.00016166776291538695
1778693052224300616,-0.0003242730163037777,0.0003569399123080075,-0.00012095681860102686
1778693052254628384,-0.0005224425112828612,0.00037674151826649904,-0.00015644797004330413
1778693052282845939,-0.0008705462678335607,0.0003140830958727747,-0.0001595392604723042
1778693052313080509,-0.0007235193625092506,0.0004089531139470637,-0.00019492773290876649
1778693052344031374,-0.00045236723963171244,0.00022335845278576016,-0.00015470995182249173
1778693052378793965,-0.000354473217157647,0.00010792279499582946,-0.0001322596040945003
1778693052408334983,-7.241084676934406e-05,0.00010824459604918957,-0.0001151675214552666
1778693052437697631,-0.00017810772988013923,7.17549555702135e-05,-9.557722938607135e-05
1778693052467327318,-0.0004390029644127935,0.00018931005615741014,-0.00016737356949693625
1778693052498882976,-0.00044099893420934677,0.00021054100943729281,-0.00018728243370892125
1778693052527947516,-0.0003313325869385153,0.0001223110011778772,-0.00013992739441208484
1778693052558936965,-0.0005678242887370288,0.00029308622470125556,-0.00019592832128232968
1778693052587261654,-0.000462336465716362,0.0002137460687663406,-0.00014243762890500544
1778693052618168756,-0.0009458343265578151,0.0002964345330838114,-0.00020542702316092942
1778693052647977504,-0.0003243768878746778,4.733728928840719e-05,-0.00011065606053662167
1778693052677937631,-0.0003133892605546862,5.318427793099545e-05,-7.095347929941538e-05
1778693052705957690,-8.692004485055804e-05,-0.00014238947187550366,-2.6233425449200868e-05
1778693052735586655,-0.00025271932827308774,-0.00013566843699663877,-2.3332459515914943e-05
1778693052765510703,-8.699880709173158e-05,-8.117108336591627e-06,-5.127475617467365e-05
1778693052795887695,-0.00022368207282852381,-8.148505003191531e-05,1.1316501585584092e-05
1778693052825967580,-0.00035748904338106513,1.0722045772126876e-05,-2.032437397119078e-05
1778693052854927570,-0.0005652354448102415,0.00020490163296926767,-6.633485437691749e-05
1778693052886680915,-0.00048111530486494303,0.00010550722799962386,-6.922404713183796e-05
1778693052917141576,-0.00016230196342803538,-0.0001017029135255143,-1.9711378715554744e-05
1778693052947737976,-0.0008407154818996787,7.496096077375114e-05,-0.00013201511538084648
1778693052979311738,-0.00024744743132032454,-3.675508196465671e-05,-4.364719400290969e-05
1778693053011985247,-0.00024515201221220195,-6.174387090140954e-05,-7.147313526991067e-05
1778693053043654582,-0.0002763758529908955,-3.0378765586647205e-05,-8.239366201294622e-05
1778693053074536566,-0.0001126008719438687,-0.00010153441689908504,-4.989275804202535e-05
1778693053104274389,-0.00026857314514927566,0.00015050574438646436,-0.00010170243994766433
1778693053135793728,-9.79048345470801e-05,-6.234397733351216e-05,-8.383750012307767e-06
1778693053166380870,-0.00017254466365557164,-9.113572014030069e-05,-4.405833379895715e-05
1778693053196089257,-0.00028111744904890656,-0.0002026470610871911,-1.9246935165167673e-05
1778693053227257787,-0.00015565638022962958,-4.682106009568088e-05,-3.061488403976801e-05
1778693053257440007,-0.00017084482533391565,-0.00011497737432364374,-2.9221077598742072e-05
1778693053288080230,-0.0008444272098131478,0.00019346301269251853,-0.00015800970188322
1778693053318934592,-0.00035869411658495665,6.387960638676304e-06,-9.643362433456705e-05
1778693053349726103,-0.00012933781545143574,-5.888848681934178e-05,-8.843973536624408e-05
1778693053379643518,3.4327229514019564e-05,-0.00016537938790861517,-2.1984259839704852e-05
1778693053411055923,4.390310641610995e-05,-0.0001692974619800225,-3.772545500907924e-05
1778693053440258897,-5.160206274013035e-05,-0.00020460161613300443,1.8322316596913103e-05
1778693053472711625,-0.0001499721984146163,-0.00012501708988565952,-5.3112972486264445e-05
1778693053502792061,-0.00022382018505595624,-0.0001233085204148665,-2.5285500310089828e-05
1778693053532788778,-0.0002021323307417333,-8.296504529425874e-05,-5.302775581314688e-05
1778693053562460585,-0.0003513749979902059,5.6746966947685e-07,-5.261591501583794e-05
1778693053593863852,-0.00020212912932038307,1.707566661934834e-05,-6.416891050378713e-08
1778693053622596500,-0.0003113795828539878,0.0001581365941092372,-0.00010913473006776245
1778693053652817463,-0.0002844173868652433,8.622343011666089e-05,-9.045777763252184e-05
1778693053683367585,-0.0004803757183253765,6.710932939313352e-05,-7.513298104845489e-05
1778693053714428440,-0.0002509346231818199,-1.5071287634782493e-05,-2.130097828557163e-05
1778693053745647226,4.4324140617391095e-05,-5.468559902510606e-05,-4.876854867690264e-06
1778693053776618410,-0.0004192402120679617,-2.6326029910705984e-05,-3.565117108517924e-05
1778693053808665645,-0.00019943398365285248,-2.238520210084971e-05,-1.1421604325219081e-05
1778693053839751888,-0.00018287812417838722,-6.46303451503627e-05,-2.1167621592546816e-05
1778693053868856184,-0.0003742626868188381,2.3684264306211844e-05,-7.893492112848241e-05
1778693053897919902,-0.0004001377965323627,0.0001422525820089504,-0.00010296806986116962
1778693053928507294,-0.0003838202392216772,0.000105813036498148,-6.148704426229327e-05
1778693053957688847,-7.672655920032412e-05,0.00022410614474210888,-7.079599490580893e-05
1778693053986152992,-0.0004135407507419586,7.031175482552499e-05,-8.958699924069825e-05
1778693054016507591,-0.0001691854849923402,4.338004146120511e-05,-3.4946599642496465e-05
1778693054046552530,-0.0001012981083476916,-7.301940058823675e-06,6.9663592288751805e-06
1778693054076138002,-9.066182974493131e-05,-2.5784916942939162e-05,3.1490360837917284e-05
1778693054108515537,-4.9661044613458216e-05,3.0091392545728013e-05,1.042144149746226e-06
1778693054138515850,-0.00016679269901942462,4.3567972170421854e-05,-2.6724660668595034e-05
1778693054168217043,-0.000174810309545137,0.000134215151774697,8.633189912124762e-06
1778693054201709664,-0.0003041126183234155,0.00016389561642426997,-2.7620285792709393e-05
1778693054233478608,-0.00010956160258501768,0.00012754442286677659,7.440647630041659e-06
1778693054265022884,-9.253127791453153e-05,-8.425779378740117e-05,5.382573164387909e-05
1778693054299730701,-0.00036235502921044827,-0.00037844583857804537,9.079782856488102e-05
1778693054330641580,-0.0006743547273799777,-0.0001328459766227752,-2.8286994836873325e-05
1778693054362213499,-0.00047551371972076595,-0.00045126237091608346,7.417140897113035e-05
1778693054393846655,-0.0001588290324434638,-4.835245636058971e-05,3.8906584883517964e-05
1778693054423505427,-6.32480951026082e-05,-9.89333784673363e-05,5.152982738394412e-05
1778693054456723845,-4.049240305903368e-05,-0.00020025066623929888,3.667650129591537e-05
1778693054488242101,-0.0004407692758832127,-0.000410029839258641,8.218675495582609e-05
1778693054519939049,-0.00034351961221545935,-0.0004189693136140704,0.00011370970216757765
1778693054549246311,-0.0005875937640666962,-0.00031934233265928924,3.83662156670589e-05
1778693054581306000,-0.0005603668396361172,-0.00014738646859768778,3.335724902387917e-05
1778693054611221131,-0.0004458306066226214,-0.00012794444046448916,5.590738923508572e-05
1778693054640625679,-0.0001343786425422877,-6.38425481156446e-05,4.769223419556061e-05
1778693054670210159,-0.0006406634347513318,-0.00018457356782164425,6.809921810919886e-05
1778693054700620755,-0.0005058718961663544,-0.00010934158490272239,3.88002758191919e-05
1778693054730321026,-0.00047697426634840667,-1.795410571503453e-05,2.280143436660668e-05
1778693054759558055,-0.00036748097045347095,-0.0002469558676239103,7.272492608666436e-05
1778693054794709727,-0.0003391678910702467,-0.00030309701105579734,4.2899264859947326e-05
1778693054825381661,-0.00028641652897931635,-9.127939847530797e-06,2.0753150247525643e-05
1778693054855786956,-0.0004563870024867356,-0.00024156126892194152,4.3308415879928246e-05
1778693054885818409,-0.0003957493754569441,-0.00022183389228302985,3.438573027675971e-05
1778693054915407208,-0.0007275677635334432,-4.199042450636625e-05,-1.2358647170478609e-05
1778693054946003036,-0.000508005847223103,-0.00014408813149202615,5.1085947632508545e-05
1778693054974862195,-0.0005338824703358114,-2.2664922653348185e-05,7.712498887204427e-06
1778693055003635038,-0.0004262994334567338,-6.850674981251359e-05,1.0341225267269126e-05
1778693055033948769,-0.0006543296040035784,0.00014148720947559923,-8.585666509425082e-05
1778693055065257446,-0.0003401343710720539,-0.00010078670311486349,2.2072736608262187e-05
1778693055095373451,-0.0002439668751321733,-3.659835419966839e-05,3.7116734182077085e-07
1778693055123931905,-0.00030795519705861807,5.973669976810925e-05,-3.880026615191629e-05
1778693055153107828,-0.00023634896206203848,-4.045725290779956e-05,2.4336371962281053e-06
1778693055183584709,-0.0004228739708196372,6.816226232331246e-05,-2.4295405529740194e-05
1778693055214922592,-0.00018092154641635716,-8.77463971846737e-05,-3.5610844362179105e-07
1778693055245663958,-7.328172796405852e-05,-0.00017009512521326542,1.2906995371009823e-05
1778693055276056950,-0.000219552603084594,-6.388849578797817e-05,-9.984821716571263e-06
1778693055305372749,-4.774241824634373e-05,-0.0001309580693487078,9.430076687576996e-05
1778693055335893805,-0.00035583661519922316,-8.597764826845378e-05,-7.02029933854869e-06
1778693055365125533,-0.0003870071959681809,-0.00014023670519236475,-9.956745951343677e-07
1778693055394877002,-0.0006044331821613014,-8.335353777511045e-05,-5.186091615796074e-06
1778693055425912859,-0.00031690357718616724,1.9816878193523735e-05,-3.8205200192503604e-05
1778693055454996025,-7.427603850373998e-05,0.0001268191117560491,-1.4289955124387075e-05
1778693055483887124,-0.00031158304773271084,6.148365355329588e-05,-1.4672435904209354e-05
1778693055511813815,-0.000619161524809897,-1.6991371012409218e-05,-3.838023898112444e-05
1778693055539796041,-0.00031790739740245044,7.732650556135923e-05,-0.00010107356026397582
1778693055572133009,-0.00023049686569720507,1.205841272167163e-05,-3.5767094194999265e-05
1778693055601898795,-0.00032862526131793857,5.12687474838458e-05,-0.00010305068403368889
1778693055632367571,-0.0001838832104112953,5.99788072577212e-05,-5.707831558444892e-05
1778693055666326540,-0.00023213709937408566,8.258743764599785e-05,-4.139265419256203e-05
1778693055696361169,-0.0005018216907046735,5.615512782242149e-05,-4.958326133912257e-05
1778693055728921142,-0.0002389829751336947,0.00011749901022994891,-4.573349622211865e-05
1778693055759510938,-0.0003140940680168569,0.0002125172904925421,-8.156020710323335e-05
1778693055788573985,-0.000384108250727877,0.00011216542770853266,-0.00010782005306998396
1778693055818571433,-0.00024926624610088766,0.00016963313100859523,-7.771664772713316e-05
1778693055847378653,-0.0003423198650125414,0.00018576976435724646,-0.00010173165032138686
1778693055877589046,-0.00017072040645871311,0.00017635879339650273,-8.846650743089315e-05
1778693055907495992,-0.0003928837541025132,0.00023297542065847665,-9.983829702396062e-05
1778693055935445677,-0.00034503184724599123,0.00036985555198043585,-0.00016467643769430335
1778693055966837332,-0.0003141386841889471,0.0003301673277746886,-0.0001623773078403732
1778693055997140372,-0.000611509894952178,0.00023719885211903602,-0.00014042008768191413
1778693056030203574,-0.0007720696157775819,0.00012879903079010546,-7.35620940388234e-05
1778693056060813199,-0.0002664384082891047,0.00012187370884930715,-7.730055899622817e-05
1778693056091051516,-0.0005435190978460014,8.692442861502059e-06,-5.740499014980064e-05
1778693056120962228,-0.0003681692760437727,0.00013411401596385986,-8.214908193905139e-05
1778693056151683215,-0.0004170528263784945,0.00015869466005824506,-4.097802764099721e-05
1778693056182429671,-0.0003199881757609546,0.00016920460620895028,-4.324018058543245e-05
1778693056213014138,-8.105043525574729e-05,-9.515834972262383e-05,-3.933813427614007e-05
1778693056242596074,-0.00021441288117785007,0.00010758997814264148,-7.649819052251242e-05
1778693056272372791,-5.2771159971598536e-05,8.914462523534894e-05,-5.639677881677009e-05
1778693056303496786,-0.00033555738627910614,7.7610689913854e-05,-6.235446765635236e-05
1778693056335589217,-0.0004388101806398481,8.323637302964926e-05,-8.334704748913552e-05
1778693056366369938,-0.0001790565438568592,6.153820140752941e-05,-5.8526385986074796e-05
1778693056396304857,-0.0004266428295522928,0.00023132708156481385,-0.0001283388630332123
1778693056426793481,-0.00012890722427982837,0.00011967235332122073,-4.886630036610574e-05
1778693056457628916,-0.00019472991698421538,0.00024372278130613267,-8.6398290303994e-05
1778693056487847716,-0.00010418345482321456,0.00010549947910476476,-5.494751755410947e-05
1778693056518133634,-0.00026478830841369927,5.903426426812075e-05,-7.293522930887108e-05
1778693056548296527,-0.0002926906745415181,9.931102977134287e-05,-6.275529983505779e-05
1778693056579321344,-0.00022058130707591772,0.00039068592013791203,-0.00014134496913342562
1778693056609096318,-0.0004080566577613354,0.00020131848577875644,-0.00011141551928914675
1778693056639884082,-0.00047688448103144765,6.416789256036282e-05,-5.60481776932767e-05
1778693056671489224,-0.0002734249283093959,0.00022226691362448037,-8.870014157490966e-05
1778693056701589348,0.00020641679293476045,0.00043705300777219236,-5.056765637979221e-05
1778693056732749372,0.00028654668130911887,0.00039236413431353867,-4.380496591874977e-05
1778693056762471194,-0.0004370233800727874,0.0002004084672080353,-1.738355173832457e-05
1778693056793564802,-0.00036154070403426886,0.0001781988685252145,-2.0182403428390084e-05
1778693056824475851,-0.00027440887060947716,0.0002907122834585607,-3.261378305007062e-05
1778693056853446722,-9.961620526155457e-05,0.00011443281982792541,-1.7677853238144737e-05
1778693056883772205,-6.552672130055726e-05,9.871820657281205e-05,3.1043574899325405e-05
1778693056915146237,-2.1706817278754897e-05,7.037828618194908e-05,1.9047194811274723e-05
1778693056946072315,-0.0002637186262290925,2.760424104053527e-05,2.228722431424806e-05
1778693056978094262,-8.642213651910424e-05,0.00013307137123774737,-1.3838421368580487e-05
1778693057009614873,9.926460916176438e-05,8.880098903318867e-05,-1.0899771695126606e-06
1778693057040358614,-0.0002594766265247017,0.00011841155355796218,-7.921481214943979e-06
1778693057070201938,-6.431565270759165e-05,-4.829714089282788e-05,4.603923593980059e-05
1778693057100500810,-0.0008296199957840145,0.0002647122018970549,-9.652626848808836e-05
1778693057130441310,-0.0006744225393049419,0.0003136559680569917,-7.373118075763454e-05
1778693057161113283,-0.00019566727860365063,0.00018003489822149277,-3.169107297573972e-05
1778693057191156569,-0.00012218138726893812,-0.00026763445930555463,7.976592334873442e-05
1778693057221869069,-0.00010917152394540608,-0.00031807919731363654,6.856523148021757e-05
1778693057251218152,8.550166967324913e-05,-0.0004486248653847724,8.738601490244537e-05
1778693057282268897,-0.0009791591437533498,-0.000265689188381657,-1.9370206316982188e-05
1778693057312513847,-0.00031927996315062046,-0.0001169022943940945,3.7025347350812384e-05
1778693057342703882,-0.000877467799000442,-0.00021273335732985288,4.6697182880488744e-05
1778693057371502324,-0.0004687068285420537,-7.139570516301319e-05,2.9591314063670783e-05
1778693057399448412,-0.00024012700305320323,-0.00015112703840713948,3.959606046709142e-05
1778693057428972017,-0.0004613130586221814,-2.3477581635233946e-05,-9.612454586352909e-06
1778693057459455341,-0.0003905090852640569,0.00013209607277531177,-1.4095545369168662e-05
1778693057488687640,-0.00047765293857082725,2.749802115431521e-05,-6.766414794374076e-05
1778693057517141947,-0.0006562696653418243,0.00012061125744367018,-7.16316089956867e-05
1778693057548235554,-0.00033079064451158047,1.8382792177362717e-06,-4.377649639704209e-05
1778693057579335353,-0.0005813498864881694,6.522031617350876e-05,-6.54003199546091e-05
1778693057611511524,-0.0005958229303359985,5.453748599393293e-06,-4.012211567117209e-05
1778693057641943260,-0.0004157950170338154,-1.1115296729258262e-05,-7.955806569771439e-05
1778693057671888859,-0.0010229817125946283,-5.637254798784852e-05,-2.442342257576098e-05
1778693057702872527,-0.0005125454044900835,-7.294496026588604e-05,7.992660406748431e-06
1778693057733187209,-0.00046939001185819507,4.7285371692851186e-05,-7.683190690039304e-05
1778693057764361240,-0.0008105941233225167,0.00011620381701504812,-4.0422631494432985e-05
1778693057794235373,-0.0002848183794412762,3.640016802819446e-05,2.1097000001738407e-06
1778693057825346814,-0.0003384461742825806,0.00014323070354294032,-4.5445933767553415e-05
1778693057853722491,-0.0007473892183043063,-6.632607255596668e-05,-8.056065328417485e-05
1778693057885572931,-0.000525777053553611,-9.549794776830822e-05,-5.589048184569637e-05
1778693057915677092,-0.00019966551917605102,5.967859033262357e-05,-7.861669282002453e-05
1778693057945155741,-0.0006583994836546481,0.00016725549357943237,-9.435800176446495e-05
1778693057976629213,-0.0007053251611068845,0.0002597895509097725,-3.8741675350419536e-05
1778693058007150709,-0.0006442644516937435,0.00010648810712154955,-5.528707223427972e-05
1778693058038624191,-0.0006561374175362289,0.00019993890600744635,-4.2195099167851257e-05
1778693058069478622,-0.0004818904562853277,7.917847688077018e-05,-4.440776578414003e-05
1778693058100824801,-0.0004684397135861218,-3.61841193807777e-05,-2.7560907973741224e-05
1778693058129620338,-0.0003941198519896716,3.6684980386780808e-06,-3.299479316984672e-05
1778693058161138324,-0.0005136406398378313,2.1957252101856284e-05,-3.024929146030201e-05
1778693058191023388,-0.0005241875187493861,-3.537844531820156e-05,-2.0870067297932104e-05
1778693058219658830,-0.0004995036288164556,-3.0394154237001203e-05,-2.8570949571588968e-05
1778693058250173674,-0.001031500636599958,-0.00020988106552977115,5.012077153465394e-05
1778693058279907349,-0.0008099657716229558,-3.2655698305461556e-05,5.614684794419818e-05
1778693058310362890,0.0008390212315134704,2.518052679079119e-05,-3.109946788196938e-05
1778693058340172901,0.0018644662341102958,-8.482451812596992e-05,-0.00014374652383612556
1778693058372108493,0.011998332105576992,0.00024342969118151814,7.494772141788731e-05
1778693058401422478,0.02009071223437786,9.08698420971632e-05,1.5408727172031e-05
1778693058435734891,0.032064322382211685,0.0005763813969679177,-1.933098399206402e-05
1778693058465675821,0.04598680138587952,0.0002537212276365608,0.00029219370135721915
1778693058494749718,0.05926394835114479,-0.00041787055670283735,0.0006132372874301646
1778693058523905512,0.07385458052158356,-0.0007462451467290521,0.0009578249034696921
1778693058552647437,0.076179139316082,-0.0006177664618007839,0.0009013876874543562
1778693058582494167,0.09294348210096359,-0.0003997675084974617,0.0009619999182612558
1778693058611546524,0.1056685596704483,0.00020438316278159618,0.0010354562694925888
1778693058639954282,0.11797728389501572,0.00038637418765574694,0.0008815243392535925
1778693058670466320,0.12228045612573624,-0.0008737733587622643,0.0009929151667214754
1778693058700190938,0.13334983587265015,-0.0013063781661912799,0.0013517585358400063
1778693058730462328,0.15162363648414612,0.000777876703068614,0.0012862406088159188
1778693058761505109,0.16613297164440155,0.0013009922113269567,0.0012427118129752115
1778693058791577820,0.17911621928215027,0.00033967182389460504,0.0016087191864488975
1778693058819847144,0.19275517761707306,0.0007164059206843376,0.001534994579601586
1778693058849850413,0.1982920616865158,0.0001575611240696162,0.0016630074410932142
1778693058880181066,0.21159499883651733,0.0010240207193419337,0.0017368307207399321
1778693058910477314,0.2161467969417572,-0.0005392085295170546,0.0015909139007276353
1778693058940027219,0.2374926507472992,0.0013863182393833995,0.0016187451594866316
1778693058970380956,0.24477680027484894,-0.0004983664839528501,0.0023340751552542024
1778693058999828305,0.24930749833583832,-0.001291341264732182,0.00212764985975477
1778693059030467065,0.2721586227416992,-0.001101338304579258,0.0025637538915322697
1778693059061126255,0.2851217985153198,-0.0006682221428491175,0.00272830133820807
1778693059091455134,0.2987922728061676,-0.0007249744376167655,0.0026858785852274213
1778693059118848418,0.31007006764411926,-0.0013412469998002052,0.0027258142780434247
1778693059148693947,0.3204820454120636,-0.0006349996547214687,0.0028709183523721064
1778693059179502250,0.32896798849105835,-0.001390078803524375,0.00291504192101978
1778693059209546848,0.34597301483154297,-0.0006927915383130312,0.003102927005864783
1778693059240097590,0.3599875271320343,5.843245889991522e-05,0.002917313950186221
1778693059270530358,0.3648983836174011,-0.0004639844410121441,0.002756678705033643
1778693059301599529,0.37618395686149597,-0.0026218541897833347,0.0032249454192602852
1778693059331813389,0.3915483057498932,-0.0015669605927541852,0.0031892953517158665
1778693059363369248,0.4047871232032776,-0.0012391185155138373,0.0030645098850985413
1778693059394515716,0.41792258620262146,-0.0007056222530081868,0.0030189370102873
1778693059424688388,0.42762646079063416,-0.002482793992385268,0.0035431189039937944
1778693059455327058,0.44639521837234497,-0.0014699165476486087,0.0035979627385534342
1778693059491335954,0.44835734367370605,-0.0016433456912636757,0.003587038490119245
1778693059522690338,0.4726974070072174,-0.0013466115342453122,0.003565826542745968
1778693059554052948,0.4758267402648926,-0.0016869708197191358,0.003740623311532687
1778693059587174441,0.49218297004699707,-0.0007560643134638667,0.0036998546586974723
1778693059617528759,0.5016656517982483,-0.003046629950404167,0.0036594731218348876
1778693059648751873,0.5169142484664917,-0.0013864323263987899,0.00374018407908492
1778693059680472315,0.530968427658081,-0.0010844387579709291,0.004103796332569386
1778693059716761135,0.5415151715278625,-0.002296359045431018,0.004417350191143693
1778693059747710718,0.5564603209495544,-0.0030340116936713457,0.004909579887316281
1778693059778455651,0.5696803331375122,-0.0028648388106375933,0.004760223769907
1778693059809523920,0.5816065073013306,-0.004403404425829649,0.005319647850285617
1778693059838600773,0.5860379934310913,-0.005073748528957367,0.0052329273699618485
1778693059868883004,0.596066415309906,-0.005870072636753321,0.0056069603103471545
1778693059899488230,0.6161365509033203,-0.0013830279931426048,0.004873395365032298
1778693059929850433,0.6205054521560669,-0.001676063286140561,0.004857893594222379
1778693059960471510,0.6335875988006592,-0.0038607725873589516,0.005872414304296277
1778693059988502790,0.6492530703544617,-0.004504100419580936,0.00593506387420278
1778693060018859302,0.6636947393417358,-0.0021930180955678225,0.005470564699231223
1778693060050541391,0.6743505001068115,-0.003094569779932499,0.005757158751454155
1778693060080534591,0.6884043216705322,-0.0036458559334278107,0.006089947225161492
1778693060112104967,0.7028520107269287,-0.0026657809503376484,0.0058436360419735385
1778693060145780376,0.7162965536117554,-0.0012261802330613136,0.00546397686059172
1778693060174568428,0.7312765121459961,-0.0009143003262579441,0.0057830929141551544
1778693060205320655,0.7437913417816162,-0.0018680104985833168,0.005899506834299653
1778693060238246885,0.7467993497848511,-0.0021656230092048645,0.005871086610088405
1778693060269955565,0.7629495859146118,-0.0015847752802073956,0.005978625385463528
1778693060302832191,0.7750406265258789,-0.00276355491951108,0.006323034773429826
1778693060337071645,0.7797924280166626,-0.003287054132670164,0.006034901967328356
1778693060367199040,0.7994263172149658,-0.0029266164638102055,0.006383565830381663
1778693060401856771,0.8050195574760437,-0.0027954564429819584,0.006632562899179042
1778693060434188919,0.8283966183662415,-0.002554674632847309,0.00668530531624298
1778693060464850773,0.841143786907196,-0.0036022872664034367,0.006932425187008956
1778693060495736234,0.8558449149131775,-0.0016240580007433891,0.0064908372125313165
1778693060528366099,0.8696631193161011,-0.0021210159175097942,0.006884059035286781
1778693060560430688,0.88033527135849,-0.002264006994664669,0.006659110469031737
1778693060592637476,0.8841332793235779,-0.002222891431301832,0.006682665040127044
1778693060626345818,0.9080588817596436,-0.0007384349592030048,0.006725550966538795
1778693060657237049,0.921930730342865,-0.0007424624636769295,0.006700408311590283
1778693060688905693,0.9369291067123413,-0.0006202501244843006,0.006816621721347643
1778693060721647381,0.9395252466201782,-0.0007381755858659744,0.006553233714624067
1778693060753855583,0.9592664837837219,-0.0012852507643401623,0.0071871376762958315
1778693060784387590,0.9740495085716248,-0.0010876557789742947,0.007323188237510947
1778693060816175811,0.9861095547676086,-0.00192959513515234,0.007779155873487478
1778693060847065289,0.9995609521865845,-0.0009377072565257549,0.00744200606769398
1778693060876649109,1.0120280981063843,0.0003063860349357128,0.0073979292322401404
1778693060908648523,1.0261262655258179,-0.0003421981818974018,0.007595582964882441
1778693060938130067,1.040108323097229,-0.0001953626051545143,0.008125378357685625
1778693060969453162,1.0441662073135376,-8.143112063407898e-05,0.007907441676185985
1778693061001569208,1.059259057044983,-0.0005662078037858009,0.008240717250888109
1778693061033906977,1.072177767753601,-8.206721395254135e-05,0.008156284745952574
1778693061066286636,1.0849788188934326,-3.44347208738327e-05,0.008351258666407083
1778693061098273536,1.0995839834213257,0.0011676745489239693,0.008429287829899523
1778693061129533520,1.112493634223938,0.0007469197735190392,0.008735943047357966
1778693061161026589,1.11454176902771,0.000754515640437603,0.008198321633677522
1778693061192437451,1.1372932195663452,-0.0014210278168320656,0.009388309260700556
1778693061223003092,1.15205717086792,0.0010904818773269653,0.009163246975187498
1778693061253747874,1.1599985361099243,0.0018744077533483505,0.009050510644613452
1778693061284169661,1.172522783279419,0.001832672394812107,0.009019905251980353
1778693061316133407,1.1864882707595825,0.001986028626561165,0.0091337039150688
1778693061347290254,1.2006899118423462,0.0028145890682935715,0.009092123231131993
1778693061378456951,1.213153600692749,0.0034385048784315586,0.008893034351428977
1778693061409167849,1.229280948638916,-0.00025500543415546417,0.009893326160672702
1778693061438854314,1.239277958869934,0.003387661185115576,0.008838278909608501
1778693061476446428,1.2492127418518066,-5.555339157581329e-06,0.0100226409041811
1778693061504241648,1.266527533531189,0.0027040578424930573,0.009563710025439445
1778693061531776983,1.2723318338394165,0.003925585187971592,0.009281979831436317
1778693061562945694,1.2869904041290283,0.0041832951828837395,0.009627492745226387
1778693061592945075,1.3083672523498535,0.006755581591278315,0.009457290596506183
1778693061623698484,1.3204092979431152,0.008651800453662872,0.009127087705097101
1778693061651769129,1.329277515411377,0.006317408289760351,0.00954446634588612
1778693061679973429,1.3392328023910522,0.005876390729099512,0.009562561161529738
1778693061707247616,1.357666254043579,0.0029664775356650352,0.010678331279988804
1778693061735026896,1.363401174545288,0.006520451977849007,0.009817097556305198
1778693061763939196,1.3756848573684692,0.007837509736418724,0.009692865323124333
1778693061791392224,1.3897007703781128,0.007523973472416401,0.009752280774027221
1778693061820961245,1.403010606765747,0.007673466578125954,0.009790707643182652
1778693061857731382,1.4041579961776733,0.00763713289052248,0.00970091366023525
1778693061889056140,1.4276233911514282,0.002932610921561718,0.010916477233596759
1778693061921774735,1.4357622861862183,0.005128800868988037,0.01047199590537693
1778693061953300796,1.4477458000183105,0.006465822458267212,0.010197203063127453
1778693061984544159,1.4630763530731201,0.0055044228211045265,0.010616817315622832
1778693062016919880,1.4775185585021973,0.008928541094064713,0.010068666348445967
1778693062047655305,1.4899719953536987,0.007563869468867779,0.010385620554362426
1778693062075719267,1.5029284954071045,0.007880165241658688,0.010479760400591853
1778693062105192957,1.5178643465042114,0.006575939245522022,0.010674653027016864
1778693062134425326,1.5268508195877075,0.005200189538300037,0.011270708301031433
1778693062164510972,1.5410287380218506,0.004373052157461643,0.011612825860160018
1778693062194012164,1.5539833307266235,0.005388316698372364,0.011289762460406725
1778693062226239883,1.5674371719360352,0.004383300431072712,0.01158955333859743
1778693062254351597,1.5816311836242676,0.0059443507343530655,0.01143417679899
1778693062285309696,1.5871614217758179,0.0056915562599897385,0.011554882123809465
1778693062315473531,1.6014580726623535,0.00789810623973608,0.01104410350064977
1778693062346081022,1.6145293712615967,0.006970865651965141,0.011248106739242545
1778693062375007749,1.6288620233535767,0.00593882892280817,0.011582554932969719
1778693062409575458,1.6318234205245972,0.0058022765442729,0.011597139707212623
1778693062443925803,1.6551979780197144,0.003791801631450653,0.01216369413067768
1778693062475136012,1.6714630126953125,0.003654833883047104,0.012218911921785381
1778693062505487255,1.6839807033538818,0.004718227311968803,0.011877970343757026
1778693062537746203,1.6897794008255005,0.005909493193030357,0.011633611452432021
1778693062568702779,1.705184817314148,0.006269097328186035,0.011830999214686526
1778693062600470301,1.7174440622329712,0.0071469759568572044,0.01145559893238769
1778693062632007333,1.7309086322784424,0.006655900739133358,0.011719757957220217
1778693062664740426,1.7472821474075317,0.011190822347998619,0.010669906744281725
1778693062695460671,1.7611174583435059,0.01239803247153759,0.010441987380201615
1778693062725343932,1.772948145866394,0.011564969085156918,0.010549230479215943
1778693062755554345,1.7882887125015259,0.012033330276608467,0.010560214145801482
1778693062784121327,1.7935070991516113,0.012205908074975014,0.010492179084116366
1778693062815487103,1.8057197332382202,0.012237399816513062,0.010475405186975734
1778693062849957967,1.820508599281311,0.012922070920467377,0.01055307858795527
1778693062881854726,1.8334925174713135,0.012932945042848587,0.010375075435655298
1778693062912621029,1.8475792407989502,0.011854903772473335,0.01101003280379037
1778693062943232948,1.860915184020996,0.011772756464779377,0.011103633885668152
1778693062974435132,1.8730223178863525,0.013989618048071861,0.010573738150044967
1778693063002518121,1.8890384435653687,0.010999741032719612,0.011572975569221005
1778693063031625843,1.8948875665664673,0.0128769027069211,0.011006336437787253
1778693063062636091,1.908869743347168,0.012964713387191296,0.01109571842752928
1778693063092167661,1.9211257696151733,0.014028969220817089,0.01116776663531851
1778693063123681520,1.9350357055664062,0.013512547127902508,0.011225746873242499
1778693063157227551,1.9381537437438965,0.013522298075258732,0.011232140890391954
1778693063189347755,1.9593231678009033,0.013194059953093529,0.011393343553668866
1778693063221176945,1.9667110443115234,0.012697565369307995,0.011765994852328984
1778693063253483654,1.9822688102722168,0.012801318429410458,0.011682670971417891
1778693063283954695,1.99561607837677,0.015475787222385406,0.011231774382708136
1778693063315389332,2.0092110633850098,0.014581994153559208,0.011242735284922471
1778693063347143849,2.0230093002319336,0.014863085933029652,0.011487643482090857
1778693063378657527,2.0356998443603516,0.015942227095365524,0.011174662319955498
1778693063408805121,2.047550678253174,0.014417195692658424,0.015702302063473964
1778693063438151138,2.0603253841400146,0.017794273793697357,0.02365910301042202
1778693063469321802,2.06783390045166,0.016956467181444168,0.029783069852392194
1778693063502195201,2.07753324508667,0.01999523490667343,0.041808426971738866
1778693063531832783,2.0925686359405518,0.02217443287372589,0.05538987835094102
1778693063565800790,2.1039538383483887,0.02525317668914795,0.06872302626921446
1778693063595123722,2.1187853813171387,0.028016656637191772,0.08300105221639195
1778693063626191069,2.1300926208496094,0.0288335382938385,0.09776080892941745
1778693063656075812,2.143587589263916,0.03153392672538757,0.1123217788590511
1778693063685061461,2.15107798576355,0.03442104160785675,0.11953630178566299
1778693063714989256,2.1605722904205322,0.037617504596710205,0.13475582891601734
1778693063745236400,2.17549467086792,0.041138917207717896,0.15039219187506658
1778693063776374532,2.1837382316589355,0.04831773042678833,0.16531675876389404
1778693063812730801,2.1991219520568848,0.04978659749031067,0.18306568671670742
1778693063849137566,2.2111456394195557,0.05322650074958801,0.20025537163561152
1778693063879207942,2.222912549972534,0.0584065318107605,0.21743754129489085
1778693063911468394,2.2293238639831543,0.06097903847694397,0.22633949213359664
1778693063941133498,2.2482175827026367,0.06866401433944702,0.25372315863264233
1778693063970158743,2.2588305473327637,0.07416385412216187,0.2723602285869964
1778693064000044237,2.2648684978485107,0.07742995023727417,0.28173004928009937
1778693064028865483,2.275282621383667,0.08141458034515381,0.3012046144527981
1778693064059850884,2.2889938354492188,0.08559948205947876,0.3222294954601493
1778693064091192955,2.2986817359924316,0.09396439790725708,0.34145515824594963
1778693064120107930,2.3102293014526367,0.09961140155792236,0.36228726626342467
1778693064151631687,2.31624436378479,0.10223662853240967,0.37256436907882884
1778693064181214605,2.328315258026123,0.11094772815704346,0.3931051585953979
1778693064209628985,2.339615821838379,0.1179358959197998,0.41408162846993307
1778693064244172348,2.348440170288086,0.12576580047607422,0.4350459265939564
1778693064273408084,2.3582863807678223,0.13403713703155518,0.45599872407436054
1778693064299642990,2.3656210899353027,0.14096814393997192,0.4776111119145199
1778693064330859051,2.3698177337646484,0.14476323127746582,0.488198590702148
1778693064359782652,2.3812594413757324,0.15417402982711792,0.509616709009081
1778693064387818871,2.3896360397338867,0.16161304712295532,0.5314029646376425
1778693064415713571,2.396810293197632,0.16679048538208008,0.5422462357679363
1778693064446064242,2.405226945877075,0.17527133226394653,0.5637113446774161
1778693064476808905,2.411999464035034,0.18405312299728394,0.5853257101942532
1778693064507232425,2.4241816997528076,0.197473406791687,0.6056926577529216
1778693064532626608,2.429222822189331,0.20599400997161865,0.6272019570453217
1778693064561476759,2.4366705417633057,0.21176934242248535,0.6380587224356422
1778693064592537844,2.441774368286133,0.22123098373413086,0.6592285463302013
1778693064619294796,2.4521842002868652,0.2301884889602661,0.6815743429009615
1778693064649613366,2.4566638469696045,0.23556196689605713,0.6920789444906765
1778693064678829955,2.459892511367798,0.24565613269805908,0.7126507462359656
1778693064706056942,2.467266321182251,0.2547485828399658,0.7339472148533253
1778693064735202176,2.473505973815918,0.2608712911605835,0.7441968183533627
1778693064765146552,2.4789161682128906,0.27063798904418945,0.7648902449098701
1778693064793366402,2.4830751419067383,0.2797428369522095,0.7863542497781609
1778693064823017510,2.4981002807617188,0.29008281230926514,0.8092798813826357
1778693064851888601,2.4953911304473877,0.2978142499923706,0.8182581641618246
1778693064880900330,2.5012283325195312,0.30844128131866455,0.8396867143923243
1778693064910648973,2.5056753158569336,0.3189206123352051,0.8613220970577061
1778693064938936522,2.516366481781006,0.32652413845062256,0.8844350759947732
1778693064969362898,2.5131120681762695,0.3338719606399536,0.8934089998167608
1778693064998676251,2.514416217803955,0.3398597240447998,0.9127782509307851
1778693065028902125,2.515038013458252,0.3429359197616577,0.9270833478924473
1778693065059395678,2.5197834968566895,0.3482334613800049,0.9378396827910929
1778693065090276871,2.5237488746643066,0.35289478302001953,0.9516633890648577
1778693065122027971,2.525435209274292,0.36307668685913086,0.9651934690693489
1778693065151227448,2.533249855041504,0.36456358432769775,0.9733711254096243
1778693065181898560,2.5347402095794678,0.377241849899292,0.9843346273808755
1778693065212113152,2.543506383895874,0.38608860969543457,0.9953829545120371
1778693065240806855,2.5520408153533936,0.3959064483642578,1.0034540355565151
1778693065271487915,2.55464243888855,0.4029514789581299,1.0063021987760543
1778693065301614990,2.5552730560302734,0.41348791122436523,1.0100240765386583
1778693065329840030,2.564121961593628,0.42773187160491943,1.0138096400159031
1778693065358700791,2.5709950923919678,0.43763411045074463,1.0178815473839868
1778693065386446617,2.577500104904175,0.4483441114425659,1.0216509755928522
1778693065415851856,2.5790634155273438,0.4561651945114136,1.02245529745953
1778693065443375659,2.585787057876587,0.46809136867523193,1.025996300055088
1778693065469293271,2.5970630645751953,0.47891736030578613,1.0301359108188468
1778693065496011909,2.5976157188415527,0.48537373542785645,1.0314507940633715
1778693065522189325,2.604208469390869,0.49802088737487793,1.0349809845924378
1778693065549514059,2.6074631214141846,0.5005412101745605,1.0367149515648495
1778693065576554731,2.619502305984497,0.5160026550292969,1.0399804404989543
1778693065604655022,2.625026226043701,0.5241233110427856,1.0437383917136196
1778693065632233149,2.6250579357147217,0.5327491760253906,1.0445975734833115
1778693065661599614,2.6290435791015625,0.5449484586715698,1.0467720976986932
1778693065692412586,2.6331748962402344,0.5517953038215637,1.0504362408319465
1778693065719984230,2.6447510719299316,0.5641166567802429,1.0537930132316276
1778693065752036986,2.646737575531006,0.568777859210968,1.0551024730106147
1778693065782363771,2.6517393589019775,0.5798684358596802,1.0575198149756102
1778693065812694625,2.6594295501708984,0.5938335061073303,1.0592922198711656
1778693065851231159,2.6651837825775146,0.6038310527801514,1.0619866060952723
1778693065880773019,2.67041015625,0.6183052659034729,1.0630703099057688
1778693065912125098,2.6799700260162354,0.6277756094932556,1.0660983314596382
1778693065942225613,2.6860604286193848,0.6392923593521118,1.068043212556085
1778693065970563377,2.6902124881744385,0.6534374952316284,1.0691031348174884
1778693065999448114,2.6940255165100098,0.6620166897773743,1.0693893524597118
1778693066028398717,2.703623056411743,0.6713476181030273,1.0722005870848892
1778693066056392535,2.7095906734466553,0.6845512390136719,1.0770413136685266
1778693066083054455,2.7129244804382324,0.6996046304702759,1.086364034764521
1778693066112085401,2.7130720615386963,0.7005303502082825,1.0929467279192102
1778693066138984703,2.71700119972229,0.7113181948661804,1.105831235803895
1778693066173314499,2.722123384475708,0.7180162072181702,1.1127276622120401
1778693066203600878,2.7267208099365234,0.7337908744812012,1.1338213328920033
1778693066233745236,2.7285096645355225,0.7407411932945251,1.1405268088011635
1778693066263643795,2.7316837310791016,0.7530741095542908,1.150753337314496
1778693066294438953,2.736865282058716,0.7629532217979431,1.1577808284621613
1778693066323409344,2.7389118671417236,0.7752484083175659,1.1626919137039577
1778693066351183874,2.745006799697876,0.7886157631874084,1.1667006827551518
1778693066382212087,2.747382879257202,0.7934630513191223,1.1687842953064038
1778693066413764188,2.7522521018981934,0.8052754998207092,1.1724234304631875
1778693066440134222,2.75754976272583,0.8184950351715088,1.1756604878979382
1778693066466818194,2.762599468231201,0.8302881121635437,1.1791026906937183
1778693066496843866,2.7669320106506348,0.8373774290084839,1.1809256114968636
1778693066526893613,2.773329257965088,0.8540448546409607,1.1841352279741981
1778693066558678147,2.7755119800567627,0.8636099100112915,1.1874411480959448
1778693066586934457,2.779860734939575,0.8756813406944275,1.190759980655094
1778693066616660046,2.781498670578003,0.8794374465942383,1.1929242219242853
1778693066647314506,2.7898943424224854,0.8952576518058777,1.1955974604027697
1778693066676741076,2.7919154167175293,0.9055495262145996,1.1985346471153975
1778693066705871682,2.7982044219970703,0.9193984270095825,1.2027667752647972
1778693066733834451,2.802125930786133,0.9267517328262329,1.206659279219209
1778693066762885215,2.804084300994873,0.9410067200660706,1.2167323812110356
1778693066790703349,2.8072781562805176,0.9495270252227783,1.2298023535227127
1778693066819892836,2.812434196472168,0.9649860262870789,1.2429760087255388
1778693066849041827,2.8148059844970703,0.9746109247207642,1.2494067108430351
1778693066879297587,2.8136556148529053,0.9837751984596252,1.2632743179585149
1778693066904803103,2.813917636871338,0.9948801398277283,1.2775269633351358
1778693066935390025,2.8144752979278564,1.0007202625274658,1.2846806567358362
1778693066965950726,2.8183162212371826,1.0152273178100586,1.2985457719526188
1778693066996524503,2.819275379180908,1.0247935056686401,1.308377319787709
1778693067024970082,2.8236749172210693,1.0386968851089478,1.3147368365366576
1778693067053982623,2.8230113983154297,1.0515402555465698,1.3186561289065915
1778693067082589360,2.8255455493927,1.0573856830596924,1.320974920306309
1778693067113053207,2.8279712200164795,1.0673410892486572,1.3246986717668217
1778693067143324927,2.8331758975982666,1.085020899772644,1.328143979377508
1778693067172450694,2.83544659614563,1.0967702865600586,1.3319258123695943
1778693067200422300,2.8345420360565186,1.103950023651123,1.3330509834320219
1778693067229771513,2.8372514247894287,1.1176258325576782,1.3366485878725902
1778693067258823789,2.8422961235046387,1.1332155466079712,1.3399312611578464
1778693067286610964,2.8422586917877197,1.1435816287994385,1.3429223867358435
1778693067317606033,2.84446382522583,1.1513478755950928,1.3444826881920748
1778693067345892680,2.8486180305480957,1.165304183959961,1.347905600314145
1778693067373886970,2.85506010055542,1.179243803024292,1.3527264296008845
1778693067402764152,2.8540468215942383,1.1901073455810547,1.3616475108020316
1778693067434455809,2.8540725708007812,1.1964635848999023,1.367066286479139
1778693067463003975,2.854013681411743,1.206922173500061,1.3801245758660377
1778693067494344773,2.856154680252075,1.2214246988296509,1.393521618419376
1778693067523187209,2.854633092880249,1.2335600852966309,1.4071379298022837
1778693067553093734,2.857734441757202,1.2431237697601318,1.4139987611500768
1778693067582263985,2.8551135063171387,1.251425862312317,1.428613783830178
1778693067608950272,2.85738205909729,1.2656461000442505,1.4436376532506376
1778693067633917752,2.853621482849121,1.2780206203460693,1.4580237671080294
1778693067661884028,2.8536338806152344,1.2853190898895264,1.4643071829712788
1778693067691395149,2.8550944328308105,1.2988649606704712,1.473918447067627
1778693067718048503,2.856165885925293,1.3152140378952026,1.4801085013862514
1778693067745574760,2.8546295166015625,1.3195254802703857,1.482750423259883
1778693067775113404,2.8546345233917236,1.3307684659957886,1.487262270884842
1778693067802849662,2.8564748764038086,1.3433388471603394,1.491437230274644
1778693067831113305,2.8579695224761963,1.3516548871994019,1.4930804671292102
1778693067858306046,2.856961727142334,1.362461805343628,1.4963293321760662
1778693067884796339,2.8562774658203125,1.3697619438171387,1.5002614686538869
1778693067914347657,2.8597989082336426,1.383516788482666,1.501579040317851
1778693067942608364,2.8588316440582275,1.399572730064392,1.504689491755668
1778693067967907617,2.861725330352783,1.412214756011963,1.5082180665239988
1778693067991851296,2.8609330654144287,1.4170701503753662,1.5101584034628885
1778693068019379297,2.86013126373291,1.4294464588165283,1.513174315175713
1778693068047046884,2.8573801517486572,1.4339019060134888,1.5146407314348607
1778693068071146780,2.860095739364624,1.4523221254348755,1.5189704300041496
1778693068099234037,2.8608977794647217,1.4557528495788574,1.5233254726612346
1778693068125192867,2.8557207584381104,1.4639445543289185,1.5341205122151709
1778693068154693959,2.853199005126953,1.4719324111938477,1.5469781026072527
1778693068182181913,2.8513994216918945,1.477151870727539,1.5534584449057804
1778693068210026167,2.8475501537323,1.4874969720840454,1.5672447811377674
1778693068237616947,2.849717855453491,1.5045428276062012,1.581492801214088
1778693068265172431,2.8482437133789062,1.5121424198150635,1.5884321081778723
1778693068292737953,2.843623638153076,1.5200450420379639,1.6026519789492937
1778693068320180601,2.843804359436035,1.53426194190979,1.6137888077914313
1778693068347781150,2.843153715133667,1.5437027215957642,1.61759930641864
1778693068376085361,2.8404414653778076,1.553067922592163,1.6237826432463869
1778693068401678524,2.8379931449890137,1.5690096616744995,1.6279966334996172
1778693068427906587,2.820016860961914,1.5546869039535522,1.6291434607494868
1778693068458486856,2.8124544620513916,1.5612952709197998,1.632672539864374
1778693068485372051,2.8091483116149902,1.5721368789672852,1.636166967476755
1778693068511269274,2.8012924194335938,1.568870186805725,1.6377355542225625
1778693068535931302,2.798267126083374,1.5799839496612549,1.6410458786288291
1778693068562819954,2.803576946258545,1.5920398235321045,1.6425346310299724
1778693068588843808,2.7976784706115723,1.5962982177734375,1.6457766863723162
1778693068611729029,2.7971155643463135,1.5999810695648193,1.647509511937676
1778693068637437321,2.791407346725464,1.607142686843872,1.6509145691997988
1778693068663756799,2.7845845222473145,1.610062837600708,1.652280554389098
1778693068687489125,2.7860796451568604,1.6198437213897705,1.6556864680891372
1778693068712423913,2.7821128368377686,1.6204798221588135,1.6569408726523271
1778693068738041151,2.8004775047302246,1.6626231670379639,1.6605093852686803
1778693068762171747,2.805286169052124,1.6788196563720703,1.6620272195899932
1778693068788386745,2.80793833732605,1.6948373317718506,1.6644993398983503
1778693068812770412,2.7957663536071777,1.690282940864563,1.66510053319377
1778693068836992261,2.793811082839966,1.69978666305542,1.66775377948179
1778693068860961709,2.803870439529419,1.715219497680664,1.669373949152756
1778693068885091372,2.7753958702087402,1.6992592811584473,1.6708095856901304
1778693068911468630,2.770552158355713,1.695928931236267,1.6720585441320053
1778693068937498926,2.7700564861297607,1.708634853363037,1.6741750536760225
1778693068962046927,2.768402338027954,1.7121973037719727,1.6751937897597162
1778693068988265742,2.765730619430542,1.7163581848144531,1.6761539737114097
1778693069013323705,2.7619476318359375,1.7256760597229004,1.6776138588799754
1778693069041160084,2.7578980922698975,1.7328259944915771,1.679575995299438
1778693069066873285,2.755910634994507,1.7525087594985962,1.6808704390193747
1778693069092511764,2.7543389797210693,1.753030776977539,1.6814185876481642
1778693069116422080,2.7528862953186035,1.7647030353546143,1.683238892616735
1778693069143013666,2.748695135116577,1.7777327299118042,1.6838402507972579
1778693069166599332,2.7436416149139404,1.7807717323303223,1.6853061590070397
1778693069192307985,2.7447688579559326,1.7849150896072388,1.6858835949131086
1778693069217535471,2.746198892593384,1.8007107973098755,1.6864006482783822
1778693069244780973,2.7492475509643555,1.8102666139602661,1.688097956549807
1778693069269561287,2.7440106868743896,1.8336793184280396,1.6889537383389333
1778693069294572210,2.7488343715667725,1.838555097579956,1.6899975271273429
1778693069320009977,2.7396159172058105,1.8380682468414307,1.6908553599758276
1778693069346926773,2.725982666015625,1.8433247804641724,1.6909945967298876
1778693069373800106,2.7222039699554443,1.850500464439392,1.692291168933321
1778693069402664945,2.723836660385132,1.861193060874939,1.6932800792878282
1778693069428808767,2.7192249298095703,1.853392243385315,1.6936210479786402
1778693069454402291,2.723012924194336,1.84596586227417,1.6945684356909325
1778693069480902322,2.7318758964538574,1.8398419618606567,1.6954732801241665
1778693069508259227,2.736879348754883,1.83600652217865,1.6962359615833809
1778693069535247839,2.7218451499938965,1.8458784818649292,1.6969800385745926
1778693069563462790,2.725949287414551,1.8461601734161377,1.6978754782740302
1778693069588615112,2.7297208309173584,1.8446378707885742,1.6981655543656613
1778693069617155283,2.735023021697998,1.8694159984588623,1.6983504103566824
1778693069645781797,2.7251603603363037,1.8814531564712524,1.699164852460174
1778693069672094702,2.7211883068084717,1.8797554969787598,1.6998374598947041
1778693069699161965,2.727781295776367,1.8879272937774658,1.7002321205395927
1778693069727860617,2.720834493637085,1.8861870765686035,1.7008208862287333
1778693069753659452,2.729401111602783,1.8724758625030518,1.7014529175467545
1778693069779257093,2.7409677505493164,1.8449883460998535,1.701758101125629
1778693069807246804,2.7362799644470215,1.8483645915985107,1.702282751128366
1778693069832164750,2.742644786834717,1.8497929573059082,1.7029699017311202
1778693069856370859,2.7492520809173584,1.8426551818847656,1.703422392596443
1778693069882758096,2.7664952278137207,1.7658240795135498,1.7040288799921912
1778693069909128099,2.790452003479004,1.7399590015411377,1.7045184519074672
1778693069933783935,2.8109161853790283,1.7027989625930786,1.705243061870725
1778693069957844277,2.8160972595214844,1.7094879150390625,1.7055552584929776
1778693069982615613,2.813800811767578,1.7106001377105713,1.7060209201425032
1778693070009054768,2.8155312538146973,1.6926199197769165,1.7063201116154403
1778693070032528451,2.820164442062378,1.707051396369934,1.7070420483481872
1778693070062609990,2.821004629135132,1.7078101634979248,1.7071192814545857
1778693070089326404,2.820824384689331,1.7028414011001587,1.7075469728014585
1778693070118063890,2.8238718509674072,1.7278950214385986,1.7080705422682385
1778693070144926763,2.8296263217926025,1.729331374168396,1.7084960716838504
1778693070169767211,2.848249673843384,1.6710960865020752,1.7089944441765181
1778693070194284884,2.860508918762207,1.669511079788208,1.7092490981362316
1778693070220251939,2.8685615062713623,1.65318763256073,1.7095117004335665
1778693070247159478,2.868297576904297,1.6532137393951416,1.7099675668332919
1778693070274952153,2.8671743869781494,1.6551302671432495,1.7101924593298328
1778693070301917672,2.866424560546875,1.656665325164795,1.7106270102140135
1778693070333089628,2.8672046661376953,1.6562291383743286,1.710665965882398
1778693070361863694,2.8613688945770264,1.6620620489120483,1.7111007893508279
1778693070390557377,2.857637405395508,1.6671302318572998,1.7112254433387142
1778693070418295188,2.857076406478882,1.66814124584198,1.7114814341790179
1778693070446104304,2.846421480178833,1.6778721809387207,1.7117025170147464
1778693070473690005,2.8441367149353027,1.6836649179458618,1.712166435425526
1778693070501506205,2.84768009185791,1.6815340518951416,1.7123433959213503
1778693070529334469,2.844339370727539,1.6848773956298828,1.7124638991712435
1778693070558734488,2.8422539234161377,1.687704086303711,1.7127641320764517
1778693070589799160,2.8497729301452637,1.685244083404541,1.7131429534942495
1778693070618931248,2.840808629989624,1.6953387260437012,1.7132503988792482
1778693070649597781,2.8427112102508545,1.697014331817627,1.7134444685419434
1778693070678965178,2.8398258686065674,1.697848916053772,1.7149979025153783
1778693070706348734,2.8377363681793213,1.701185941696167,1.7218225531606186
1778693070733002037,2.836916446685791,1.7024359703063965,1.7264987565809564
1778693070760192425,2.834784507751465,1.7085278034210205,1.7384516689357572
1778693070785673614,2.839791774749756,1.7068952322006226,1.7448776350668098
1778693070813291046,2.8345587253570557,1.7104880809783936,1.7585276211069956
1778693070839822988,2.8302133083343506,1.7153675556182861,1.772094624983988
1778693070866725005,2.8346805572509766,1.719222068786621,1.7861201195990228
1778693070890606766,2.8299150466918945,1.7177960872650146,1.7930019563126693
1778693070916458832,2.8282973766326904,1.7167015075683594,1.8075749541006692
1778693070943958469,2.8140156269073486,1.733212947845459,1.814655156766019
1778693070969756292,2.81721830368042,1.7286365032196045,1.8226170338553422
1778693070995881509,2.821518898010254,1.729971170425415,1.8383704054875085
1778693071025095323,2.8169445991516113,1.7331156730651855,1.8541896018471935
1778693071051578132,2.849168062210083,1.7138005495071411,1.870526665652719
1778693071075845067,2.8399343490600586,1.7208123207092285,1.8787484275807962
1778693071101609216,2.8388726711273193,1.7241997718811035,1.8958106587870798
1778693071130498461,2.8321034908294678,1.7331637144088745,1.90417938340957
1778693071159749717,2.839188575744629,1.7253830432891846,1.9221671739139803
1778693071186950945,2.8394083976745605,1.7246952056884766,1.9397962335480199
1778693071213479721,2.83441424369812,1.7316291332244873,1.9490425114035874
1778693071239706442,2.825723648071289,1.7395395040512085,1.9674321723055503
1778693071265043767,2.8258938789367676,1.737937331199646,1.986373360361849
1778693071288543660,2.821612596511841,1.7426514625549316,1.9959664650244302
1778693071314301036,2.8234636783599854,1.7415966987609863,2.0057090468692844
1778693071339053416,2.821489095687866,1.7435375452041626,2.02546656724538
1778693071361998992,2.8215110301971436,1.7441065311431885,2.035411578462667
1778693071385753330,2.828777313232422,1.7368149757385254,2.0555162063902577
1778693071409065235,2.8295211791992188,1.7416049242019653,2.066033452798152
1778693071433218944,2.8290297985076904,1.7498103380203247,2.086497598724856
1778693071455708882,2.8279037475585938,1.7462964057922363,2.0970292740221197
1778693071481180443,2.8284029960632324,1.7427984476089478,2.1068960398274372
1778693071504976250,2.828192710876465,1.7413581609725952,2.127788838191395
1778693071530206721,2.8253045082092285,1.7368160486221313,2.1381606644932076
1778693071555041388,2.8189475536346436,1.744622826576233,2.1592037832436297
1778693071580023998,2.819193124771118,1.7449647188186646,2.170008416209624
1778693071602444193,2.8158040046691895,1.7486791610717773,2.191243184890089
1778693071624606346,2.8130922317504883,1.7517839670181274,2.202143643978822
1778693071650710382,2.813739061355591,1.7516816854476929,2.223480066473914
1778693071676277165,2.8154587745666504,1.7530198097229004,2.234425167739494
1778693071701613889,2.8193984031677246,1.749862551689148,2.2563231492957367
1778693071726592310,2.808366537094116,1.7580586671829224,2.2669394782159835
1778693071751238979,2.8064329624176025,1.7524356842041016,2.2889605383096705
1778693071778689432,2.8043107986450195,1.752393364906311,2.2992827864253003
1778693071800417387,2.808199167251587,1.7472277879714966,2.320740050893966
1778693071821606836,2.7959976196289062,1.761878490447998,2.3321205718515166
1778693071844239246,2.7998220920562744,1.758432149887085,2.342830994481596
1778693071869769108,2.8156511783599854,1.744338035583496,2.364532245229025
1778693071894298463,2.810429334640503,1.74703049659729,2.3751101583755787
1778693071921042740,2.802919864654541,1.753415822982788,2.396587376883165
1778693071945379618,2.796170711517334,1.7560107707977295,2.4071914135026864
1778693071970444104,2.783348321914673,1.77895188331604,2.4288138699931667
1778693071994253256,2.775934934616089,1.7800076007843018,2.4392739342832104
1778693072017240722,2.763073682785034,1.7860372066497803,2.460409119069
1778693072041978965,2.7685904502868652,1.7881903648376465,2.4712251969354
1778693072063776463,2.7646093368530273,1.7932298183441162,2.4930428731240557
1778693072085712636,2.759498357772827,1.7960662841796875,2.5037521086469154
1778693072109388344,2.757366180419922,1.7981367111206055,2.5142077828799128
1778693072134012730,2.7389094829559326,1.8213492631912231,2.5358211473365535
1778693072159415881,2.737977981567383,1.8237569332122803,2.5468540885960462
1778693072180842402,2.732645273208618,1.8288826942443848,2.568534966093589
1778693072204023507,2.7294437885284424,1.830411672592163,2.5792444844248665
1778693072228235828,2.7318315505981445,1.8333756923675537,2.590272781263645
1778693072252239330,2.723306655883789,1.8496403694152832,2.611869028933578
1778693072276605655,2.715219020843506,1.851462483406067,2.6224444850701505
1778693072301788916,2.71176815032959,1.8544844388961792,2.6436901447578327
1778693072327792031,2.704604148864746,1.8559551239013672,2.654305226134606
1778693072352702963,2.699765682220459,1.860636591911316,2.6763340464551453
1778693072378234068,2.697824001312256,1.8654656410217285,2.6862499903151678
1778693072407777079,2.695734977722168,1.8690731525421143,2.70835790724424
1778693072438894732,2.696584939956665,1.8738805055618286,2.7304204577214253
1778693072465454448,2.6968436241149902,1.876037836074829,2.741317003383352
1778693072489237310,2.6891932487487793,1.8767410516738892,2.7625831096168216
1778693072510467186,2.686507225036621,1.8789548873901367,2.7735061427318635
1778693072533237618,2.6852469444274902,1.8840692043304443,2.7958347612854637
1778693072559171350,2.6826798915863037,1.8855838775634766,2.806526181874171
1778693072581729328,2.6734979152679443,1.885920524597168,2.8279888054512092
1778693072603178903,2.672121524810791,1.8863434791564941,2.8384217507152316
1778693072627083778,2.67109751701355,1.8877615928649902,2.8485990940778874
1778693072650176044,2.662797689437866,1.885737657546997,2.86589289761414
1778693072674413633,2.661182165145874,1.884209156036377,2.8716324803570186
1778693072697378906,2.660297155380249,1.8871842622756958,2.8832964919597837
1778693072720506740,2.65659499168396,1.8864949941635132,2.8896981287654175
1778693072744634931,2.6526308059692383,1.8873834609985352,2.897437044506507
1778693072769452645,2.644111156463623,1.888043999671936,2.9133449287645155
1778693072791963513,2.636549234390259,1.8875242471694946,2.920705444269936
1778693072814234885,2.636362075805664,1.8906385898590088,2.9353543650446263
1778693072834882521,2.629349708557129,1.8903429508209229,2.94131928388374
1778693072855706313,2.6276774406433105,1.8921505212783813,2.947254638076043
1778693072878687778,2.6288769245147705,1.8953133821487427,2.9526629812824714
1778693072901013472,2.6254336833953857,1.8977210521697998,2.9615480919800143
1778693072926608148,2.597994089126587,1.8926855325698853,2.9644919054246004
1778693072950400508,2.582810878753662,1.8946808576583862,2.969558053086813
1778693072975132600,2.5696310997009277,1.8929851055145264,2.971919007147208
1778693072998744577,2.5596935749053955,1.895196795463562,2.9752640434226763
1778693073020121513,2.5549464225769043,1.8966023921966553,2.97665558129158
1778693073039868703,2.547816753387451,1.8970626592636108,2.9784914191818603
1778693073062401913,2.5477404594421387,1.8986878395080566,2.9793098693477438
1778693073083853472,2.5477547645568848,1.9002610445022583,2.981333637156581
1778693073106947762,2.5477006435394287,1.9013651609420776,2.9833451887696296
1778693073129954104,2.5466904640197754,1.9053809642791748,2.986359975829986
1778693073151131920,2.548814058303833,1.9071667194366455,2.9886562022714678
1778693073173856796,2.5489730834960938,1.9094585180282593,2.9902759728096684
1778693073197844779,2.548783302307129,1.9116191864013672,2.9943288097372176
1778693073220899013,2.5480921268463135,1.9131736755371094,2.996099604033175
1778693073242468797,2.546994209289551,1.91507089138031,2.997482992941273
1778693073266329898,2.525433301925659,1.9146808385849,3.0003467730909392
1778693073290850336,2.5216267108917236,1.9160709381103516,3.002177048764415
1778693073314681591,2.5054211616516113,1.9171873331069946,3.004871945257701
1778693073339000164,2.504136800765991,1.9183704853057861,3.0062298003838808
1778693073363596998,2.490966796875,1.9183028936386108,3.0079323658313015
1778693073387779622,2.4854607582092285,1.921500325202942,3.010692319006433
1778693073411734432,2.4845452308654785,1.9229655265808105,3.0115903552070877
1778693073434684748,2.4826622009277344,1.9245587587356567,3.0127498578215848
1778693073458521623,2.456839084625244,1.923854112625122,3.0151692725251724
1778693073482226697,2.4413652420043945,1.9238821268081665,3.0171585078836576
1778693073505689098,2.4345874786376953,1.924773931503296,3.0182502742487824
1778693073529348445,2.433342933654785,1.9270846843719482,3.0195526791292817
1778693073553580313,2.4194211959838867,1.928044319152832,3.021452529259282
1778693073578832426,2.41675066947937,1.929585576057434,3.0224793318402785
1778693073601086384,2.3997862339019775,1.9304490089416504,3.024397778426081
1778693073624960991,2.398390769958496,1.9312257766723633,3.025125391366778
1778693073648776937,2.3917806148529053,1.9355027675628662,3.0269627247028126
1778693073672703964,2.3891499042510986,1.9380040168762207,3.027983042028367
1778693073698183450,2.391820192337036,1.9372071027755737,3.0281391526815087
1778693073721260637,2.391355037689209,1.9382028579711914,3.0293018265300944
1778693073745521861,2.393312931060791,1.938865065574646,3.031239348080255
1778693073770111651,2.3928263187408447,1.9405986070632935,3.032572650491377
1778693073795356841,2.392160415649414,1.9410477876663208,3.03311247714247
1778693073817284748,2.3921446800231934,1.9435080289840698,3.0348814157154176
1778693073838993306,2.393625497817993,1.9441598653793335,3.0354720245942257
1778693073861984640,2.3934123516082764,1.944704294204712,3.0359369490093346
1778693073885048882,2.3918356895446777,1.9475796222686768,3.037626531739379
1778693073912266582,2.3924596309661865,1.947630524635315,3.0374696293002073
1778693073934969385,2.3918397426605225,1.9487807750701904,3.0393701551523367
1778693073958437147,2.393176555633545,1.9497530460357666,3.0407407644352094
1778693073982077076,2.3962740898132324,1.9525160789489746,3.047642827909244
1778693074004690249,2.3933894634246826,1.9539300203323364,3.0533970542199866
1778693074024445995,2.3910653591156006,1.9544752836227417,3.0591888057813117
1778693074045238999,2.383145570755005,1.9583629369735718,3.0722723066426254
1778693074065569310,2.3808083534240723,1.958822250366211,3.0787318171295803
1778693074088466094,2.376065731048584,1.9588178396224976,3.0835502550790928
1778693074110843767,2.374323606491089,1.9592636823654175,3.0867327841135226
1778693074130587671,2.3681085109710693,1.963820457458496,3.093531493422127
1778693074151995967,2.36502742767334,1.9647233486175537,3.0955907617841834
1778693074171601116,2.363617420196533,1.9663515090942383,3.097936741003788
1778693074195550426,2.3622376918792725,1.9657610654830933,3.0984734532111537
1778693074217530822,2.3559062480926514,1.9690487384796143,3.1019378425685966
1778693074242356973,2.35465145111084,1.9683334827423096,3.1016261259724622
1778693074259681826,2.3544344902038574,1.9704588651657104,3.1042921537185038
1778693074279914070,2.35457181930542,1.9721252918243408,3.106547954259205
1778693074299507117,2.351041555404663,1.9734249114990234,3.1087848156762723
1778693074319384354,2.349896192550659,1.9733009338378906,3.108554375541936
1778693074338846591,2.3517656326293945,1.9741827249526978,3.110375891083787
1778693074357775802,2.352393627166748,1.9753001928329468,3.1123260503084778
1778693074375241693,2.350863218307495,1.9763511419296265,3.1142049663029385
1778693074396610204,2.353062152862549,1.975151538848877,3.1136416421983117
1778693074417056646,2.353207588195801,1.9745501279830933,3.114700373596071
1778693074435362229,2.3527698516845703,1.9758384227752686,3.1163954425542117
1778693074455876741,2.35208797454834,1.975703239440918,3.117786338429423
1778693074476970858,2.352888345718384,1.9745054244995117,3.1176895295439033
1778693074497245213,2.35422420501709,1.974349856376648,3.118637822357489
1778693074520523123,2.351710081100464,1.9716882705688477,3.1150712191187337
1778693074541214552,2.3528501987457275,1.9708350896835327,3.1141431776292188
1778693074561327209,2.352853775024414,1.9710402488708496,3.1153799504562243
1778693074582042915,2.35089111328125,1.970293641090393,3.1147231891549025
1778693074599186382,2.351397752761841,1.9723074436187744,3.1169478949689786
1778693074616694785,2.349107503890991,1.9717060327529907,3.1155974480908486
1778693074635849716,2.3510329723358154,1.9707833528518677,3.1165263043727895
1778693074655694502,2.349330186843872,1.9708137512207031,3.116661842830912
1778693074677737928,2.35164475440979,1.9713058471679688,3.1186610642278745
1778693074697567595,2.3523244857788086,1.9711159467697144,3.1183204319016
1778693074716998192,2.350255250930786,1.9724637269973755,3.118693036366945
1778693074734379132,2.3467941284179688,1.9755053520202637,3.1207087128187316
1778693074755464973,2.34304141998291,1.9772889614105225,3.1239465555541464
1778693074776287162,2.3421578407287598,1.978158950805664,3.1240962414572855
1778693074795873415,2.3408448696136475,1.9769047498703003,3.1249960860431987
1778693074815436103,2.341456174850464,1.9750456809997559,3.1238067110597196
1778693074832690692,2.3421850204467773,1.9734658002853394,3.123928619617702
1778693074850332810,2.3407082557678223,1.974916934967041,3.1239699040590767
1778693074871479818,2.3393824100494385,1.974217414855957,3.1232054780938006
1778693074889396368,2.337526559829712,1.9725985527038574,3.1226290382324384
1778693074907911189,2.3358373641967773,1.9694907665252686,3.119191076818546
1778693074927555764,2.3314342498779297,1.971100091934204,3.118884037804939
1778693074948465279,2.330918788909912,1.9716603755950928,3.1192552098252793
1778693074965398275,2.328840732574463,1.9728928804397583,3.1194967333732437
1778693074985033301,2.3314478397369385,1.973380446434021,3.1192078381798507
1778693075004459449,2.326913356781006,1.9751752614974976,3.119636442947216
1778693075023105179,2.326064109802246,1.978047490119934,3.121189119683858
1778693075039497715,2.3258752822875977,1.9785538911819458,3.122526425834059
1778693075058452915,2.3254144191741943,1.978386402130127,3.1222004567047987
1778693075076060547,2.3122477531433105,1.988983392715454,3.1263617597863376
1778693075095048760,2.3094451427459717,1.9898136854171753,3.1267491261255427
1778693075115362620,2.307887554168701,1.9917904138565063,3.127792356661017
1778693075133614720,2.301225423812866,1.9923944473266602,3.126595884485944
1778693075153263022,2.2989237308502197,1.992667555809021,3.1272255385430667
1778693075171968736,2.2979180812835693,1.9954962730407715,3.128376524974659
1778693075189760519,2.2993109226226807,1.995144009590149,3.1288258026006956
1778693075205763582,2.298640251159668,1.9964776039123535,3.129203259470499
1778693075221693366,2.2957472801208496,1.9981107711791992,3.1295302496140924
1778693075240131250,2.2936151027679443,1.9990804195404053,3.1293358023046647
1778693075258511094,2.281968355178833,2.007612705230713,3.132663117640516
1778693075280978779,2.2781500816345215,2.00874400138855,3.1332205091027268
1778693075301345530,2.269174337387085,2.0101802349090576,3.1334701724008336
1778693075321727791,2.2641689777374268,2.011915922164917,3.1336296807567288
1778693075342847266,2.2602860927581787,2.0129528045654297,3.132856097728198
1778693075361774513,2.242457866668701,2.011638641357422,3.1338680717580005
1778693075379635388,2.238633871078491,2.0122475624084473,3.1338408605409804
1778693075397864284,2.2352139949798584,2.014228582382202,3.134406231341923
1778693075416939002,2.2319319248199463,2.0159108638763428,3.1340055393587174
1778693075434775039,2.21840500831604,2.01178240776062,3.134683212748668
1778693075453172626,2.216179847717285,2.0118517875671387,3.1341814204161813
1778693075471025786,2.2154974937438965,2.011732578277588,3.1341891644216893
1778693075486008725,2.216858386993408,2.0118730068206787,3.1351648075705194
1778693075505939635,2.2131590843200684,2.012693405151367,3.1343486492407866
1778693075527349664,2.20928692817688,2.016664505004883,3.1361627623278134
1778693075546415936,2.201051950454712,2.0229837894439697,3.1379826690890935
1778693075565491055,2.1982522010803223,2.0238780975341797,3.1382135901416874
1778693075584158246,2.1994731426239014,2.0240142345428467,3.1392467713120693
1778693075602017367,2.198512315750122,2.023435592651367,3.138144736166653
1778693075617902656,2.198484420776367,2.0253148078918457,3.140118584296795
1778693075635945928,2.1963083744049072,2.02523136138916,3.138747704171755
1778693075655146997,2.193463087081909,2.0269076824188232,3.139885246869239
1778693075674910909,2.1932573318481445,2.028280019760132,3.140510297067922
1778693075694562507,2.1926748752593994,2.0262675285339355,3.140242205158931
1778693075712438751,2.1925346851348877,2.026163101196289,3.139632628923676
1778693075731279242,2.1948587894439697,2.026444673538208,3.1410289976612042
1778693075750423343,2.1925063133239746,2.027402877807617,3.140887340413109
1778693075768646748,2.1901097297668457,2.025196075439453,3.1375906599801118
1778693075787211444,2.190871000289917,2.0258257389068604,3.1385951319453302
1778693075804459100,2.1912224292755127,2.0253264904022217,3.1392851213794635
1778693075821718427,2.1904144287109375,2.0259602069854736,3.1400692533546968
1778693075839979004,2.1900885105133057,2.0277578830718994,3.141266826978783
1778693075855588928,2.190918445587158,2.026899814605713,3.1401964139176504
1778693075871748910,2.193920850753784,2.0264599323272705,3.140069056099495
1778693075889221174,2.1959338188171387,2.0255706310272217,3.1410647678040737
1778693075909377664,2.1941890716552734,2.023751735687256,-3.141394660958117
1778693075928312655,2.198565721511841,2.025324821472168,-3.1398318191491477
1778693075945357254,2.19746732711792,2.0250511169433594,-3.14107819619738
1778693075961716857,2.195464611053467,2.023776054382324,3.140554127728071
1778693075977457340,2.195016860961914,2.0222184658050537,3.1397801283758464
1778693075994709343,2.194340467453003,2.0209412574768066,3.1399548585776538
1778693076011294617,2.1974096298217773,2.0217392444610596,3.139193437765244
1778693076028283028,2.194220542907715,2.0201964378356934,3.138647535151399
1778693076044217470,2.193697929382324,2.0210461616516113,3.138972764022098
1778693076061224918,2.19596266746521,2.0215048789978027,3.139830950238974
1778693076078762807,2.1948158740997314,2.023674964904785,3.14002712857481
1778693076095779572,2.1995348930358887,2.025588274002075,3.140912414707096
1778693076111959032,2.203087329864502,2.027346611022949,-3.1406411176630336
1778693076127472963,2.2014691829681396,2.0254733562469482,-3.141105911640805
1778693076143334466,2.202263116836548,2.0261874198913574,-3.140263941510566
1778693076158319639,2.2019762992858887,2.026559591293335,-3.1400902786992493
1778693076176153442,2.199249505996704,2.0253539085388184,-3.139667808455127
1778693076191815565,2.1990554332733154,2.025301456451416,-3.1402898431762605
1778693076207621994,2.1976523399353027,2.026843309402466,-3.1389964704153743
1778693076224425423,2.1942899227142334,2.0269546508789062,-3.1401336399545245
1778693076243251517,2.197237014770508,2.0277178287506104,-3.1398448701539565
1778693076261437651,2.198516368865967,2.0265908241271973,-3.140493686797856
1778693076280663467,2.2016806602478027,2.0249857902526855,3.139148774491353
1778693076298489856,2.200950860977173,2.0239546298980713,3.138767126946027
1778693076317353332,2.2063851356506348,2.0245983600616455,3.1392370545214097
1778693076341136725,2.2059404850006104,2.0281972885131836,-3.139820225613647
1778693076362503823,2.2061266899108887,2.0259032249450684,-3.1411382230059743
1778693076379941210,2.2056732177734375,2.027674436569214,-3.1347890954339372
1778693076398904806,2.2059926986694336,2.029536247253418,-3.134431544314327
1778693076416523018,2.203052282333374,2.0278167724609375,-3.1353332561814966
1778693076434398981,2.2036828994750977,2.0296077728271484,-3.1348624513374594
1778693076452215190,2.200958490371704,2.029595375061035,-3.1361853897933063
1778693076470551431,2.2004294395446777,2.030869483947754,-3.1350276720073316
1778693076490957246,2.1986000537872314,2.0308990478515625,-3.1349396520134896
1778693076511614391,2.1988823413848877,2.0293843746185303,-3.136867236053866
1778693076529930152,2.1986172199249268,2.0284247398376465,-3.1368447092513687
1778693076548236335,2.198953151702881,2.0272252559661865,-3.1393089429350285
1778693076565980878,2.199997663497925,2.0277764797210693,-3.138575560559329
1778693076583586005,2.1986684799194336,2.0286171436309814,-3.1375717215392975
1778693076601681015,2.1976876258850098,2.029761552810669,-3.1368203881492835
1778693076621767212,2.196927785873413,2.029801368713379,-3.1345651791739426
1778693076638964130,2.1962382793426514,2.0297811031341553,-3.1354839697608554
1778693076656985581,2.1959245204925537,2.0298798084259033,-3.136312509128053
1778693076673630257,2.1969146728515625,2.0283312797546387,-3.1381975376263247
1778693076690702007,2.19693922996521,2.029611825942993,-3.1376240195043623
1778693076707800008,2.199052572250366,2.02894926071167,-3.1385234147780423
1778693076725919425,2.2037453651428223,2.0292904376983643,-3.138644039794511
1778693076744219286,2.2039177417755127,2.0301694869995117,-3.136127482228344
1778693076760870415,2.2040951251983643,2.0305497646331787,-3.1356644473112207
1778693076778349571,2.204961061477661,2.0302574634552,-3.1374563788765535
1778693076795556319,2.200866937637329,2.031019687652588,-3.136232779057426
1778693076811348200,2.200751304626465,2.0317671298980713,-3.135370604234232
1778693076826528305,2.199547290802002,2.031669855117798,-3.135752140302406
1778693076841983223,2.193916082382202,2.0335371494293213,-3.1344455298766767
1778693076860476082,2.193929433822632,2.031806468963623,-3.1356837659531935
1778693076878104644,2.1943626403808594,2.029374122619629,-3.137714858457444
1778693076893657338,2.1944172382354736,2.030383348464966,-3.1371674518889083
1778693076910814512,2.1932735443115234,2.0315847396850586,-3.1358246522434547
1778693076929035993,2.19275164604187,2.0319228172302246,-3.135828957555866
1778693076946776819,2.187664270401001,2.0299458503723145,-3.136340309968178
1778693076964995375,2.189639091491699,2.0303993225097656,-3.137136008480985
1778693076984005871,2.188371419906616,2.028881072998047,-3.1388270743325584
1778693077003039921,2.1911983489990234,2.027069330215454,-3.140719160888897
1778693077020809782,2.1872177124023438,2.0283610820770264,-3.1401401998038105
1778693077036727443,2.185072898864746,2.0289409160614014,-3.1395625758969326
1778693077054173486,2.1828081607818604,2.0279951095581055,-3.1401508202082784
1778693077072499217,2.184438705444336,2.0272459983825684,-3.1401201411012942
1778693077088985682,2.183655023574829,2.026590585708618,-3.140744493154235
1778693077105982740,2.1840755939483643,2.0277388095855713,-3.1403112833402242
1778693077122933830,2.182272434234619,2.0276217460632324,-3.1409921251285025
1778693077138982280,2.180718421936035,2.0280094146728516,-3.1357222950422177
1778693077157797192,2.1816763877868652,2.027562379837036,-3.1328460025384213
1778693077174496252,2.1856932640075684,2.0291528701782227,-3.128048131701917
1778693077191530070,2.1857621669769287,2.027406692504883,-3.1236396250368235
1778693077207958254,2.1901631355285645,2.030897855758667,-3.1158563035074085
1778693077228264429,2.18927001953125,2.0308918952941895,-3.10947855223604
1778693077245504019,2.1902918815612793,2.030769109725952,-3.103460149147947
1778693077263923288,2.189725637435913,2.030242443084717,-3.09710209830836
1778693077282047795,2.1943819522857666,2.0302059650421143,-3.090906143737746
1778693077299894022,2.1935837268829346,2.0315842628479004,-3.0832839761374813
1778693077317469452,2.1927709579467773,2.030634641647339,-3.0773049098113723
1778693077336736016,2.1927237510681152,2.033209800720215,-3.0694097770553035
1778693077353279008,2.1919987201690674,2.0315465927124023,-3.061141980236833
1778693077371381443,2.1915359497070312,2.0309536457061768,-3.0542244682026483
1778693077388086374,2.191318988800049,2.0319342613220215,-3.046377110076376
1778693077411572050,2.1908888816833496,2.032050609588623,-3.0402494766154438
1778693077430224643,2.1874516010284424,2.033569574356079,-3.0268541627032106
1778693077450910002,2.186805009841919,2.032339572906494,-3.020545855061059
1778693077470623317,2.187978506088257,2.0316014289855957,-3.0124982927600876
1778693077486985144,2.1814725399017334,2.03454327583313,-3.001118546368469
1778693077505520785,2.181903123855591,2.031463384628296,-2.993731489410005
1778693077525121145,2.1813242435455322,2.029726982116699,-2.9858566656589374
1778693077546249397,2.178316354751587,2.024714946746826,-2.9697379595695717
1778693077563554191,2.1779847145080566,2.02351450920105,-2.9627226522904455
1778693077582100031,2.180056571960449,2.022026538848877,-2.9539913357067205
1778693077603445538,2.1806797981262207,2.022606134414673,-2.9474749143333376
1778693077624709108,2.181591510772705,2.0221171379089355,-2.9391259999630144
1778693077644371166,2.1798195838928223,2.0270416736602783,-2.919213368245807
1778693077661492280,2.1799371242523193,2.026191234588623,-2.9107158546115817
1778693077680223083,2.1794629096984863,2.0248377323150635,-2.902163525296315
1778693077701454071,2.1778690814971924,2.023056745529175,-2.893160544249882
1778693077721582678,2.179046154022217,2.022780418395996,-2.88498934009259
1778693077739502635,2.1793689727783203,2.0245580673217773,-2.872950740244032
1778693077759504460,2.1788222789764404,2.025175094604492,-2.862328810244989
1778693077778670222,2.177394390106201,2.0234758853912354,-2.840775059155078
1778693077797780157,2.1778724193573,2.021083354949951,-2.831306239487114
1778693077816376223,2.17303204536438,2.0163679122924805,-2.82190841139899
1778693077838586207,2.167879581451416,2.0157809257507324,-2.810846860562894
1778693077859756439,2.166217565536499,2.012505531311035,-2.801368044470956
1778693077882241137,2.166694164276123,2.005732536315918,-2.7830058042706014
1778693077903424845,2.163400411605835,2.000305414199829,-2.773421322721609
1778693077923752742,2.1668524742126465,2.0007009506225586,-2.763859306147611
1778693077948466939,2.1416616439819336,1.9926083087921143,-2.741967344500298
1778693077971779876,2.1395576000213623,1.989095687866211,-2.7320829308610364
1778693077995455253,2.140331268310547,1.985038161277771,-2.7224197387161317
1778693078018577506,2.1258997917175293,1.9829373359680176,-2.6999148473551617
1778693078044057113,2.1200833320617676,1.9774993658065796,-2.6897901917651112
1778693078069068877,2.1170899868011475,1.9662013053894043,-2.6706350559492207
1778693078096261880,2.1167051792144775,1.9612977504730225,-2.6608911656453604
1778693078118639293,2.113093376159668,1.9505219459533691,-2.6412030370006785
1778693078143407303,2.1142630577087402,1.944932222366333,-2.6318951112661257
1778693078168210550,2.082465410232544,1.9342290163040161,-2.6077350803757793
1778693078196069482,2.079594612121582,1.929046869277954,-2.5976878121287905
1778693078221454688,2.0706608295440674,1.9222509860992432,-2.5761494170658623
1778693078247926606,2.0618393421173096,1.918745517730713,-2.564740253834089
1778693078272183301,2.0432610511779785,1.907167911529541,-2.542017219010341
1778693078298401215,2.040160894393921,1.9032094478607178,-2.5312620350436728
1778693078325079666,2.033301830291748,1.8948609828948975,-2.5093778145033996
1778693078353074507,2.0290071964263916,1.886025071144104,-2.4891000769852045
1778693078378043170,2.0229170322418213,1.8809921741485596,-2.4783434774881368
1778693078402693315,2.00126314163208,1.8694334030151367,-2.4556686276638606
1778693078430070619,2.0012013912200928,1.864471673965454,-2.4452057935733857
1778693078456829433,1.9932873249053955,1.8548266887664795,-2.4237577938389996
1778693078483543382,1.9856147766113281,1.845430850982666,-2.4011657979660312
1778693078512703234,1.9794892072677612,1.8391525745391846,-2.3905240752234276
1778693078542308935,1.9749478101730347,1.8285447359085083,-2.3704145124448277
1778693078566016604,1.9711781740188599,1.8202486038208008,-2.3555928106847572
1778693078593476134,1.9654457569122314,1.815908432006836,-2.348839807220009
1778693078617641185,1.9588334560394287,1.8085548877716064,-2.338744441901938
1778693078646790756,1.9590200185775757,1.8023231029510498,-2.3355598970688662
1778693078675374580,1.9461966753005981,1.7949949502944946,-2.32782879919604
1778693078701754182,1.9360109567642212,1.7830501794815063,-2.3225954072506414
1778693078735673164,1.928806185722351,1.7746809720993042,-2.3213847014987388
1778693078761875478,1.9215412139892578,1.7676419019699097,-2.317713521392929
1778693078795466516,1.9146959781646729,1.7576935291290283,-2.3146586334751773
1778693078821013140,1.9025663137435913,1.7472110986709595,-2.310759490746643
1778693078846524156,1.8966906070709229,1.7429331541061401,-2.3074528652604065
1778693078872730978,1.8886265754699707,1.737334966659546,-2.3037148546627866
1778693078900857270,1.8873012065887451,1.7310364246368408,-2.3024791081512723
1778693078929892714,1.8777955770492554,1.7204748392105103,-2.298679458438624
1778693078957460310,1.8692556619644165,1.7092812061309814,-2.2952619850388243
1778693078984760787,1.8665261268615723,1.702431082725525,-2.2930578714934047
1778693079010719146,1.8642442226409912,1.6987431049346924,-2.2919778929488754
1778693079037948137,1.849957823753357,1.682607889175415,-2.287923206353892
1778693079064824355,1.8484781980514526,1.6824003458023071,-2.2850073907500605
1778693079092207099,1.8414478302001953,1.667541742324829,-2.2761070611468655
1778693079119562151,1.8410567045211792,1.6600515842437744,-2.265172500116984
1778693079145551579,1.8302123546600342,1.654632329940796,-2.2565053308995537
1778693079174399335,1.8270777463912964,1.6460551023483276,-2.243732461918727
1778693079203427886,1.8153702020645142,1.6340832710266113,-2.2278853637982245
1778693079231579746,1.8143362998962402,1.6277778148651123,-2.22123742831055
1778693079257780918,1.8082473278045654,1.6170430183410645,-2.2064283183632387
1778693079284069025,1.80398428440094,1.6121435165405273,-2.1911428524804233
1778693079312074937,1.8014410734176636,1.60368812084198,-2.18412123052738
1778693079338872205,1.7943458557128906,1.5920416116714478,-2.167233197747553
1778693079366707031,1.7904819250106812,1.5857572555541992,-2.1590182243554543
1778693079394148777,1.7868801355361938,1.5754139423370361,-2.1424414831805207
1778693079421236388,1.788907527923584,1.5677626132965088,-2.1349123500045057
1778693079448475939,1.783362865447998,1.5605436563491821,-2.117131835926293
1778693079472113024,1.7805920839309692,1.543799877166748,-2.1000991772170208
1778693079498776677,1.7774752378463745,1.548980474472046,-2.090175375161509
1778693079527750474,1.7761679887771606,1.5413312911987305,-2.0726210476369835
1778693079555276420,1.7713165283203125,1.5265798568725586,-2.0535840739140987
1778693079583551595,1.7733244895935059,1.520696997642517,-2.04530178875252
1778693079614712421,1.7575559616088867,1.5079667568206787,-2.023747544178762
1778693079645817199,1.7589884996414185,1.4989451169967651,-2.0045463454280688
1778693079671043132,1.7570322751998901,1.490784764289856,-1.9850923501263935
1778693079699777111,1.7550404071807861,1.4812054634094238,-1.9753394043239374
1778693079727752595,1.74940025806427,1.468064546585083,-1.9541809658594482
1778693079755574206,1.7467782497406006,1.453773021697998,-1.9331862315355284
1778693079780630936,1.7467337846755981,1.4505314826965332,-1.9226384085738029
1778693079804881259,1.7433221340179443,1.4328327178955078,-1.9012114486143057
1778693079832632977,1.7426517009735107,1.4265938997268677,-1.8902759606607051
1778693079861242870,1.7439994812011719,1.4150404930114746,-1.8690723173839952
1778693079890419633,1.7402775287628174,1.404401421546936,-1.8462314863123135
1778693079920936822,1.7394227981567383,1.393375039100647,-1.824046124540262
1778693079948685333,1.7414216995239258,1.3845267295837402,-1.8152233674607734
1778693079976818467,1.7435022592544556,1.3741235733032227,-1.8002587279395992
1778693080003609733,1.7407541275024414,1.3626224994659424,-1.7878639060649895
1778693080031321915,1.7365727424621582,1.3582926988601685,-1.7827981479654231
1778693080059168774,1.7342009544372559,1.3439756631851196,-1.7753719736923619
1778693080084690971,1.7310454845428467,1.3380274772644043,-1.7688600630936748
1778693080111728147,1.7283461093902588,1.3269743919372559,-1.7666555629524694
1778693080139188529,1.7296369075775146,1.319643497467041,-1.7630114602313653
1778693080166212859,1.7185578346252441,1.314099669456482,-1.7586576211105491
1778693080194659521,1.7197113037109375,1.2969950437545776,-1.7568711884943873
1778693080222647930,1.7209413051605225,1.2898662090301514,-1.754648481919903
1778693080250704257,1.7276629209518433,1.2817438840866089,-1.7553161527916665
1778693080274214029,1.717775583267212,1.2693562507629395,-1.7504117412681508
1778693080300241139,1.7149144411087036,1.2583236694335938,-1.747026113054426
1778693080327828543,1.7144216299057007,1.253308892250061,-1.7454634888787837
1778693080354869556,1.7158724069595337,1.2390178442001343,-1.743394639990198
1778693080381805849,1.7182066440582275,1.2344982624053955,-1.7425363414544879
1778693080408942203,1.7116057872772217,1.2278046607971191,-1.7379416038833617
1778693080433837255,1.7092459201812744,1.210772156715393,-1.7353636963126797
1778693080458788655,1.7117499113082886,1.205217719078064,-1.7348841825559551
1778693080487669724,1.7051105499267578,1.1937612295150757,-1.7311333297510694
1778693080513062185,1.7044426202774048,1.183992862701416,-1.730955266564886
1778693080541146235,1.710018277168274,1.1733968257904053,-1.7308984198334054
1778693080567624746,1.7006150484085083,1.1648938655853271,-1.7275817304157743
1778693080596502139,1.6994340419769287,1.155800700187683,-1.7267230811632746
1778693080623206469,1.7010486125946045,1.1334099769592285,-1.725955970106749
1778693080650075464,1.696638822555542,1.1253129243850708,-1.7234181709300231
1778693080678207817,1.6954947710037231,1.1228456497192383,-1.7219671430714907
1778693080708018008,1.700494408607483,1.1021298170089722,-1.7227126250576765
1778693080734805617,1.6899693012237549,1.0990489721298218,-1.7186060815447206
1778693080765391387,1.6933555603027344,1.0904110670089722,-1.718975300781
1778693080791991739,1.6961369514465332,1.0786752700805664,-1.7184349143110265
1778693080818161691,1.6894502639770508,1.0636358261108398,-1.7162391643207584
1778693080845563111,1.693186640739441,1.0594552755355835,-1.716839643653946
1778693080873031067,1.681950569152832,1.0424292087554932,-1.7130207132362691
1778693080898514972,1.6801371574401855,1.0346193313598633,-1.712105733888705
1778693080926962165,1.6786794662475586,1.0272228717803955,-1.7111850514438147
1778693080954708161,1.6812525987625122,1.01463782787323,-1.7111770485414464
1778693080980357581,1.6801775693893433,1.0114057064056396,-1.7108974869477276
1778693081006220768,1.6767644882202148,0.9978076815605164,-1.7094852845962931
1778693081033886281,1.6784744262695312,0.9922356009483337,-1.709604967739754
1778693081062333093,1.681889295578003,0.9735976457595825,-1.7099675021746439
1778693081090618809,1.6799088716506958,0.9631848931312561,-1.70901601095646
1778693081117922822,1.678401231765747,0.9478487372398376,-1.7083072637197874
1778693081147086932,1.6782639026641846,0.942846417427063,-1.7078665174738341
1778693081172839258,1.6773557662963867,0.9261056184768677,-1.7073093164996704
1778693081208043430,1.6714439392089844,0.9166942834854126,-1.7069949967838456
1778693081237035061,1.6695570945739746,0.8963219523429871,-1.7045700535179322
1778693081266719452,1.6690459251403809,0.8911535143852234,-1.70172230291897
1778693081296619744,1.668378472328186,0.8797607421875,-1.6919132324491468
1778693081324469659,1.6704316139221191,0.8646007180213928,-1.680118895834556
1778693081350671392,1.6693259477615356,0.8605441451072693,-1.6729778330181604
1778693081379989735,1.6701667308807373,0.8469610214233398,-1.6591061180902769
1778693081407702408,1.6705735921859741,0.8347946405410767,-1.644738841153399
1778693081435713660,1.6712414026260376,0.8243336081504822,-1.6297367274609469
1778693081464287664,1.6736880540847778,0.81461501121521,-1.6230938126937684
1778693081492834527,1.6752713918685913,0.8040246367454529,-1.608360331924234
1778693081521240541,1.6740738153457642,0.7934499382972717,-1.5934305450608401
1778693081549924686,1.6719284057617188,0.7903746366500854,-1.5877334061176485
1778693081577663950,1.676095962524414,0.7714110612869263,-1.5808106992885522
1778693081604829710,1.6770817041397095,0.760951578617096,-1.5755024828717956
1778693081632587719,1.6773648262023926,0.7545673847198486,-1.5733045427231274
1778693081659411287,1.6808916330337524,0.7410489320755005,-1.5698203189565885
1778693081688590044,1.6784473657608032,0.7299805283546448,-1.5659489175104566
1778693081716571470,1.6817328929901123,0.7233854532241821,-1.565051609263612
1778693081745097523,1.682525396347046,0.707622230052948,-1.5618404730513045
1778693081773247639,1.67794668674469,0.6951982975006104,-1.5567306836830643
1778693081801102914,1.6835479736328125,0.6808586716651917,-1.5548513250391531
1778693081828713602,1.6851005554199219,0.673795759677887,-1.5532783921499909
1778693081856424562,1.6855603456497192,0.6627660989761353,-1.5496562644514509
1778693081881210736,1.6842178106307983,0.6581072211265564,-1.5479269439847074
1778693081908694944,1.686638355255127,0.6432331204414368,-1.5451203268523923
1778693081936070123,1.6842910051345825,0.642243504524231,-1.542556840475895
1778693081965649274,1.6862469911575317,0.6280941963195801,-1.5401201412897394
1778693082001400028,1.6857595443725586,0.6152443289756775,-1.5367289967419502
1778693082028998553,1.6889183521270752,0.6036269068717957,-1.5347340615591916
1778693082063603583,1.686774492263794,0.5806729197502136,-1.5322838563736576
1778693082093386061,1.6874421834945679,0.568712592124939,-1.5297580542271267
1778693082119355882,1.6873939037322998,0.5563715100288391,-1.5273621423149257
1778693082149292173,1.6883784532546997,0.548410952091217,-1.526430966105425
1778693082178313030,1.6867079734802246,0.5377632975578308,-1.5233789016722035
1778693082210108695,1.6890476942062378,0.5238935351371765,-1.5220131349946777
1778693082239097460,1.6892919540405273,0.5105924606323242,-1.5202304877819584
1778693082266873103,1.6897462606430054,0.5046369433403015,-1.5193034430752994
1778693082293833612,1.6883773803710938,0.49015820026397705,-1.517381035885619
1778693082322082477,1.6923000812530518,0.4771038889884949,-1.5168126518097167
1778693082349021214,1.6911541223526,0.47278285026550293,-1.5155642289037619
1778693082377273656,1.692341923713684,0.4592285752296448,-1.5144887023991112
1778693082405759522,1.6897207498550415,0.4485097825527191,-1.5119797519793319
1778693082434774257,1.6897459030151367,0.43971818685531616,-1.51121241673386
1778693082462820806,1.691027283668518,0.4269196689128876,-1.509898952894942
1778693082491275193,1.6929481029510498,0.413743257522583,-1.5090923600129915
1778693082518994608,1.6945821046829224,0.3992077112197876,-1.5085265200384215
1778693082547157379,1.694427490234375,0.3942244052886963,-1.5078358368359046
1778693082581165862,1.6957240104675293,0.38262349367141724,-1.506786460668292
1778693082615051642,1.6975829601287842,0.36993804574012756,-1.506149708210679
1778693082644254896,1.7025563716888428,0.34967872500419617,-1.5064453599418153
1778693082674544861,1.7012138366699219,0.33807486295700073,-1.504922386179984
1778693082703700023,1.704258680343628,0.3210603594779968,-1.5046804334103012
1778693082730892545,1.7030184268951416,0.3151308000087738,-1.5038270493617307
1778693082758923815,1.7029718160629272,0.3044358193874359,-1.5023939464569986
1778693082786208301,1.7023398876190186,0.29120033979415894,-1.501801663376216
1778693082812924835,1.703532338142395,0.28316089510917664,-1.5020219714786338
1778693082841444857,1.7049518823623657,0.27275779843330383,-1.501365482674024
1778693082869739209,1.7035377025604248,0.2555866539478302,-1.500150364395383
1778693082898156474,1.7058366537094116,0.24924242496490479,-1.5002923308322422
1778693082926099897,1.7065426111221313,0.2379150092601776,-1.4997940429104828
1778693082954000498,1.7094312906265259,0.22298084199428558,-1.4994705122680891
1778693082982007432,1.7098841667175293,0.2175973802804947,-1.4996458474297336
1778693083011622150,1.707793951034546,0.20531055331230164,-1.4978503627163735
1778693083039217349,1.7083367109298706,0.191818505525589,-1.497415468278535
1778693083067355322,1.7083054780960083,0.18828441202640533,-1.4967322090271729
1778693083095122789,1.7115259170532227,0.17308726906776428,-1.4971718365555187
1778693083126357726,1.7130591869354248,0.15866051614284515,-1.4966616708241862
1778693083158481206,1.714099645614624,0.14927604794502258,-1.4965059152479794
1778693083188548236,1.7165892124176025,0.13310706615447998,-1.4965436500870162
1778693083220070611,1.7150115966796875,0.12301850318908691,-1.4957994494417917
1778693083250976530,1.7162412405014038,0.11087173968553543,-1.495503738279566
1778693083281472007,1.7174038887023926,0.09872227162122726,-1.495370552332302
1778693083310719365,1.7171307802200317,0.08464411646127701,-1.494370997613022
1778693083340746740,1.719018578529358,0.07130903750658035,-1.4941608409526579
1778693083368958274,1.7226581573486328,0.06016717106103897,-1.4948839397152147
1778693083398628548,1.7200208902359009,0.05363369733095169,-1.4938147736357816
1778693083431245689,1.7216516733169556,0.03974398225545883,-1.493520070290133
1778693083459167641,1.7221168279647827,0.02481880784034729,-1.4928462071837765
1778693083487868086,1.723358154296875,0.01479068398475647,-1.4926042400240955
1778693083514928145,1.7243022918701172,0.0076887235045433044,-1.4927923911699224
1778693083539423706,1.7245756387710571,-0.00528862327337265,-1.4921434991390419
1778693083568272374,1.7266005277633667,-0.011129520833492279,-1.4924502061582425
1778693083596714778,1.726974606513977,-0.023356430232524872,-1.4920298589062684
1778693083624973812,1.7312157154083252,-0.03956089913845062,-1.4926067037006856
1778693083653937690,1.7324390411376953,-0.05179896205663681,-1.4922352809240458
1778693083685003273,1.7353630065917969,-0.056385338306427,-1.4916719718739697
1778693083714933242,1.7320626974105835,-0.06907864660024643,-1.4831815024309032
1778693083744794671,1.7351616621017456,-0.08270786702632904,-1.47235338476122
1778693083777913398,1.7408348321914673,-0.09428554773330688,-1.4603837386130643
1778693083805360104,1.741523265838623,-0.10980905592441559,-1.4455151943740967
1778693083832501418,1.7417899370193481,-0.1169549822807312,-1.4382651758073948
1778693083859031777,1.7464056015014648,-0.1295183151960373,-1.4239921523529864
1778693083883896311,1.7459782361984253,-0.1391865462064743,-1.408162486550924
1778693083908591111,1.7502797842025757,-0.14787761867046356,-1.4018695998118853
1778693083934343077,1.7540996074676514,-0.16092365980148315,-1.3864658254866098
1778693083961502365,1.7564059495925903,-0.16541853547096252,-1.3792505512000313
1778693083987185459,1.7591863870620728,-0.17742878198623657,-1.3633359068017012
1778693084015316169,1.7602078914642334,-0.18349018692970276,-1.3547056497907375
1778693084045994123,1.7658231258392334,-0.19433286786079407,-1.338885209551312
1778693084076402745,1.770951509475708,-0.2055465579032898,-1.322194264124617
1778693084103142754,1.7742712497711182,-0.21677091717720032,-1.3040748236081814
1778693084131208499,1.7786271572113037,-0.2208884060382843,-1.2959906101992824
1778693084157570598,1.7846691608428955,-0.23240354657173157,-1.2787224765782879
1778693084182902844,1.7924749851226807,-0.24111172556877136,-1.2613810308236768
1778693084212848603,1.7939107418060303,-0.2503095865249634,-1.2513416089073637
1778693084241170697,1.8003286123275757,-0.26440224051475525,-1.232999067924735
1778693084266978168,1.810396671295166,-0.2715793550014496,-1.2151587189625226
1778693084294557006,1.8090441226959229,-0.2791484296321869,-1.203848302542979
1778693084323185374,1.8209025859832764,-0.2907743752002716,-1.1861364284342937
1778693084354429318,1.8250758647918701,-0.2992604970932007,-1.164961447560213
1778693084381074977,1.8291572332382202,-0.306060254573822,-1.1549183141248724
1778693084409569510,1.8389979600906372,-0.31328529119491577,-1.1356605791934045
1778693084439270723,1.8416060209274292,-0.32495027780532837,-1.112937627313646
1778693084466705697,1.8450448513031006,-0.3309951424598694,-1.102303424367377
1778693084494128397,1.8541951179504395,-0.3406826853752136,-1.081759596427467
1778693084522706649,1.8617830276489258,-0.3506067395210266,-1.0603306985033898
1778693084548488672,1.8634846210479736,-0.3569461703300476,-1.048619867380352
1778693084575651797,1.8713322877883911,-0.359164834022522,-1.0401417501755053
1778693084599919043,1.880974292755127,-0.36950474977493286,-1.0073207058992883
1778693084627519091,1.8875679969787598,-0.37499749660491943,-0.9966857785557778
1778693084662896523,1.894899606704712,-0.3821254372596741,-0.9751428898143917
1778693084689194420,1.903668761253357,-0.38892626762390137,-0.9542357426390816
1778693084721677816,1.9091403484344482,-0.3986327052116394,-0.9431647996902086
1778693084747724603,1.916240930557251,-0.40580862760543823,-0.9210499144326829
1778693084774104836,1.9284281730651855,-0.4128227233886719,-0.9004153133055872
1778693084801736815,1.9362764358520508,-0.42157942056655884,-0.8785513504748681
1778693084829671070,1.9441187381744385,-0.4226822257041931,-0.8690795622169386
1778693084856665604,1.9506906270980835,-0.430681049823761,-0.8468780109754289
1778693084880736075,1.958310604095459,-0.4415509104728699,-0.8238510205007613
1778693084905993417,1.964473843574524,-0.44415026903152466,-0.8136383173609475
1778693084945374221,0.1754131019115448,0.23053482174873352,-0.784934213279344
1778693084976058548,0.19213655591011047,0.2279283106327057,-0.7537991298371556
1778693085004070471,0.2012612223625183,0.21572427451610565,-0.7304378158230178
1778693085033260279,0.20457018911838531,0.21397565305233002,-0.7192937654299307
1778693085062164213,0.2175402045249939,0.20691359043121338,-0.6980872597526019
1778693085089270229,0.2275160402059555,0.20636813342571259,-0.6764459562833921
1778693085115067090,0.233949676156044,0.19937539100646973,-0.6654050280036835
1778693085143634031,0.24481506645679474,0.19169124960899353,-0.6431751930252851
1778693085173168887,0.2544623017311096,0.18639221787452698,-0.6207751695961535
1778693085201804048,0.26509779691696167,0.18249934911727905,-0.5986049277328085
1778693085231055163,0.2722974419593811,0.18608346581459045,-0.5892314282540977
1778693085258950023,0.28099822998046875,0.18962793052196503,-0.5684283948183809
1778693085288780663,0.2964145839214325,0.17540833353996277,-0.5451511987854991
1778693085318546469,0.294785737991333,0.1932801902294159,-0.5384504258224339
1778693085353032082,0.30494558811187744,0.19055229425430298,-0.5166469935218282
1778693085383924726,0.31672000885009766,0.18676701188087463,-0.49477705149112106
1778693085412858527,0.3284883499145508,0.18442319333553314,-0.4737729820690076
1778693085442243867,0.3374876379966736,0.181026890873909,-0.4510638107720462
1778693085469383959,0.35091444849967957,0.17642742395401,-0.42883185993965983
1778693085499361268,0.3571208417415619,0.1752896010875702,-0.418186980561922
1778693085527053773,0.3660728335380554,0.17351524531841278,-0.39625075052750897
1778693085555983395,0.36917048692703247,0.17022088170051575,-0.37326172274056696
1778693085586636292,0.372122198343277,0.1687280237674713,-0.36161472901669073
1778693085613891653,0.3834761083126068,0.16521789133548737,-0.3394880624707277
1778693085642491046,0.39498788118362427,0.16224545240402222,-0.31777727962423846
1778693085671056504,0.3989967703819275,0.16105741262435913,-0.3064751406149995
1778693085707288636,0.3991316854953766,0.15543004870414734,-0.28354812777650185
1778693085736205224,0.4089178442955017,0.15261739492416382,-0.25666360814644407
1778693085768156666,0.4093853831291199,0.15025368332862854,-0.24978604328384355
1778693085800436825,0.4093492925167084,0.14631199836730957,-0.23949916625863577
1778693085831673294,0.4136722683906555,0.14287109673023224,-0.23144736333940372
1778693085861807663,0.4261839687824249,0.14017049968242645,-0.22571929058057968
1778693085893240016,0.4308813214302063,0.13648410141468048,-0.22147179676295567
1778693085925253396,0.4421682357788086,0.1323302984237671,-0.21714214055957776
1778693085956729141,0.4497208893299103,0.13009950518608093,-0.21367806903977232
1778693085988344934,0.46100568771362305,0.12855201959609985,-0.21037582001038602
1778693086022810107,0.46439486742019653,0.12751887738704681,-0.20877460405400958
1778693086057490441,0.47087469696998596,0.1266016960144043,-0.20562058804135713
1778693086098677097,0.4916243553161621,0.12046439945697784,-0.1999178996941136
1778693086129847961,0.5036540031433105,0.11991450190544128,-0.19697235644784383
1778693086164802227,0.515631914138794,0.11676188558340073,-0.1934270455611585
1778693086198186410,0.5261515378952026,0.11544578522443771,-0.1905411183628705
1778693086232429741,0.539172351360321,0.11288012564182281,-0.18753207329615604
1778693086263589003,0.5518816113471985,0.11042031645774841,-0.1844884583813649
1778693086298165849,0.5609598755836487,0.10805070400238037,-0.17795198251157107
1778693086332600725,0.5685619115829468,0.10313109308481216,-0.16622922710448673
1778693086366292475,0.5771392583847046,0.10116227716207504,-0.1537126612150085
1778693086406255057,0.5921640396118164,0.10329611599445343,-0.140856159285701
1778693086463387897,0.5991063117980957,0.10251644998788834,-0.12699531622153376
1778693086501438144,0.6322059035301208,0.10480290651321411,-0.09863874314728605
1778693086533207429,0.64451664686203,0.10506094247102737,-0.08387292096908712
1778693086566205787,0.6571753621101379,0.10602495074272156,-0.07243695683002532
1778693086598641252,0.6710014343261719,0.10624054074287415,-0.06505350226299966
1778693086632941311,0.6806111335754395,0.10498228669166565,-0.05911396632933049
1778693086667791839,0.6967500448226929,0.10614714026451111,-0.05516885388928032
1778693086701269119,0.7104218602180481,0.10505305975675583,-0.051359008433474115
1778693086736814302,0.7194231748580933,0.10397619754076004,-0.047755137413827274
1778693086781532859,0.7270180583000183,0.1048644632101059,-0.04455119594600084
1778693086821230376,0.7286380529403687,0.10554841160774231,-0.04281412103197359
1778693086865177773,0.72910475730896,0.1053529679775238,-0.04277860851387873
1778693086902593150,0.7292219400405884,0.10526741296052933,-0.042803743154306025
1778693086941888912,0.728513777256012,0.10549461841583252,-0.042932344730977734
1778693086980257806,0.7286996245384216,0.10550982505083084,-0.0428418662971454
1778693087017404571,0.7285231351852417,0.10543982684612274,-0.042809934321388576
1778693087056508346,0.7287411689758301,0.10534226894378662,-0.042794590768056424
1778693087093063784,0.728567898273468,0.10541131347417831,-0.04269762772445549
1778693087132855571,0.7285531163215637,0.10527679324150085,-0.04267679362208547
1778693087170939402,0.7286863923072815,0.1053643524646759,-0.04265481214437175
1778693087205413392,0.7286120057106018,0.1055222600698471,-0.04279033218065
1778693087241355160,0.7287279367446899,0.10551796108484268,-0.04281001004834521
1778693087278206903,0.7286043167114258,0.10555361211299896,-0.04289167733692165
1778693087314408426,0.728367030620575,0.10554362833499908,-0.04292488672915523
1778693087352102925,0.7284520864486694,0.1054503470659256,-0.042797920442805656
1778693087396827294,0.7284312844276428,0.1055980995297432,-0.04306421471137286
1778693087438229149,0.7285934090614319,0.10566643625497818,-0.042941299149928246
1778693087472861582,0.7285206317901611,0.10552754253149033,-0.04281446915726815
1778693087513823649,0.72850102186203,0.10550279915332794,-0.0429042121928515
1778693087549307364,0.7285714745521545,0.10561411082744598,-0.042995037033230994
1778693087585066223,0.7283909916877747,0.10564011335372925,-0.04297798154890112
1778693087623579653,0.7281962633132935,0.10559061169624329,-0.042980598780819834
1778693087661145768,0.7281196713447571,0.10564298927783966,-0.043106686501863015
1778693087699936927,0.7282258868217468,0.10567116737365723,-0.04309115889148353
1778693087738393869,0.7280406355857849,0.10563811659812927,-0.04313684017795787
1778693087776656732,0.7280849814414978,0.10558649897575378,-0.043080384125517825
1778693087812984455,0.7281741499900818,0.10556195676326752,-0.043062685745006074
1778693087852833742,0.728182315826416,0.10558848083019257,-0.043049276236720585
1778693087892011037,0.73476642370224,0.1229797899723053,-0.04555806878330438
1778693087931336194,0.7347195744514465,0.12302800267934799,-0.0456980301992857
1778693087972404133,0.7346153259277344,0.12299181520938873,-0.04568866325368838
1778693088013688384,0.7345201969146729,0.12308304011821747,-0.04569103001550236
1778693088047666790,0.7343320846557617,0.12306217104196548,-0.04557024221501828
1778693088083589702,0.7341985702514648,0.12319443374872208,-0.04570674308008957
1778693088121814452,0.7342532873153687,0.12306474149227142,-0.04564502904276403
1778693088158940147,0.734417200088501,0.12303649634122849,-0.04567472202554978
1778693088195792861,0.7341835498809814,0.12315404415130615,-0.045826993706118584
1778693088237316469,0.7343630790710449,0.12307628244161606,-0.045720344705272156
1778693088275607084,0.7342873811721802,0.12333519756793976,-0.045828367330680395
1778693088311112531,0.73455810546875,0.12316308915615082,-0.045730315223974354
1778693088350282071,0.7342919111251831,0.12324139475822449,-0.04578728286063019
1778693088387389511,0.7341752052307129,0.12332654744386673,-0.04593410894933101
1778693088426718095,0.7342199087142944,0.12314638495445251,-0.04582652178947298
1778693088473940465,0.7340895533561707,0.12326759099960327,-0.04599588958557422
1778693088512320300,0.7341604828834534,0.12316484749317169,-0.04582922674948434
1778693088548416162,0.7341028451919556,0.12314799427986145,-0.04571723491526808
1778693088585680561,0.7340816855430603,0.123125821352005,-0.04585054025985711
1778693088623098222,0.7339127659797668,0.12318609654903412,-0.04595166265212529
1778693088661520949,0.7338801026344299,0.1232367604970932,-0.04596167092697462
1778693088699307324,0.7341710925102234,0.12306120991706848,-0.04588452809957438
1778693088741381651,0.7336996793746948,0.12331782281398773,-0.04603690394879327
1778693088784780352,0.7339974045753479,0.12308120727539062,-0.045928517900214114
1778693088821899445,0.7472360134124756,0.13961246609687805,-0.048900554207980666
1778693088857376738,0.7469674348831177,0.139702707529068,-0.04894273585831515
1778693088893788652,0.7464281320571899,0.1396549791097641,-0.04896134529345532
1778693088929950810,0.7468119859695435,0.1395750492811203,-0.048909563080009794
1778693088969463715,0.7466905117034912,0.13973546028137207,-0.048997178938235596
1778693089005688593,0.7468168139457703,0.13970178365707397,-0.048972168485982896
1778693089040772275,0.7468444108963013,0.13970889151096344,-0.049060490301800916
1778693089076028637,0.7470152378082275,0.13977976143360138,-0.049054957613599265
1778693089112646664,0.7467505931854248,0.1397302895784378,-0.04902705625334944
1778693089147391751,0.7468092441558838,0.1398135870695114,-0.049048501478778345
1778693089182200179,0.7470239996910095,0.13971561193466187,-0.049025403963201805
1778693089215998211,0.7470943927764893,0.13972149789333344,-0.049013828016264575
1778693089248892340,0.7470374703407288,0.1397152692079544,-0.048937291220760855
1778693089283988627,0.7471745610237122,0.13960792124271393,-0.04898015447722477
1778693089320606093,0.7469618320465088,0.1398484855890274,-0.049093524396324466
1778693089358132391,0.746733546257019,0.1398065686225891,-0.0490607845972985
1778693089396664477,0.7469727396965027,0.13968685269355774,-0.04897705450143494
1778693089433766576,0.7759662866592407,0.1161450743675232,-0.0474691604923482
1778693089471543432,0.7753086686134338,0.1159728616476059,-0.04753795797826916
1778693089506334828,0.7755367755889893,0.11614702641963959,-0.04756171891152778
1778693089541858749,0.7758663296699524,0.11572860181331635,-0.04694816630212799
1778693089581031316,0.7760193943977356,0.11604653298854828,-0.04728785137982863
1778693089620843892,0.7754775285720825,0.1162935197353363,-0.047667655608699316
1778693089656407479,0.7755486369132996,0.11590731143951416,-0.04705525928804997
1778693089691756217,0.7757307887077332,0.11598198115825653,-0.04724610954188759
1778693089727035031,0.7755247354507446,0.11577175557613373,-0.046832919220579805
1778693089761389765,0.7754253149032593,0.11589265614748001,-0.046942587090484954
1778693089796813425,0.7775068283081055,0.11619862914085388,-0.045522949952276175
1778693089832982176,0.7803595066070557,0.11531562358140945,-0.04223931847507139
1778693089866690126,0.7902193665504456,0.11445152759552002,-0.03711675134230384
1778693089902026150,0.7958824038505554,0.11540456116199493,-0.03527502581126157
1778693089935080935,0.8149981498718262,0.11552022397518158,-0.027209346799555334
1778693089973188161,0.8277449011802673,0.11469355970621109,-0.022171456384983516
1778693090007220158,0.83857661485672,0.11448350548744202,-0.018843371888344656
1778693090042426585,0.8593966960906982,0.11446448415517807,-0.012636532227070344
1778693090077163056,0.8754442930221558,0.11396466940641403,-0.008956128980756017
1778693090110092913,0.8768452405929565,0.11294334381818771,-0.0053892051177085705
1778693090141878158,0.8836138844490051,0.11229191720485687,-0.0025064206360065288
1778693090174169568,0.8977399468421936,0.11278550326824188,0.0009387745171410647
1778693090212303385,0.9095648527145386,0.11224904656410217,0.0038162720972060612
1778693090248931742,0.9144245982170105,0.11122631281614304,0.0069498901912310946
1778693090287304513,0.9277796149253845,0.11257228255271912,0.008986621855349316
1778693090323690919,0.9406271576881409,0.11343623697757721,0.011461351440888083
1778693090361390267,0.9600882530212402,0.11305252462625504,0.015246721663726598
1778693090394984481,0.974385678768158,0.11389284580945969,0.017219680386125775
1778693090431941925,0.9837903380393982,0.11234426498413086,0.019971410170162317
1778693090467683852,0.9999237060546875,0.11491484940052032,0.02137297273559582
1778693090504527459,1.0139511823654175,0.11513841897249222,0.0234866152954085
1778693090541778042,1.0269877910614014,0.11458387970924377,0.025049559933521353
1778693090576669167,1.0456326007843018,0.11659980565309525,0.02727199334831324
1778693090614533981,1.0585931539535522,0.11712649464607239,0.02865051349236005
1778693090651736743,1.0706170797348022,0.11686983704566956,0.030050824334058836
1778693090688910669,1.07743239402771,0.11566350609064102,0.0316794771213334
1778693090726085718,1.0870575904846191,0.11164824664592743,0.03407100932878302
1778693090760484616,1.0989223718643188,0.10637658834457397,0.03653915070042812
1778693090796572602,1.1259148120880127,0.11963264644145966,0.03547139991538195
1778693090836417440,1.1334848403930664,0.12249887734651566,0.03474878602540489
1778693090870714914,1.1384629011154175,0.15159279108047485,0.02312509612115202
1778693090904298758,1.1511865854263306,0.16859515011310577,0.01192983598944854
1778693090946059698,1.1646339893341064,0.16904030740261078,0.009047657765707715
1778693090981618686,1.183794379234314,0.16736313700675964,0.006502375158061398
1778693091017390400,1.1994543075561523,0.17024937272071838,0.003988316200704497
1778693091054688964,1.2123010158538818,0.16797149181365967,0.002768635368012276
1778693091089880573,1.2251139879226685,0.16660594940185547,0.0007420939219347489
1778693091125736467,1.2454562187194824,0.1669713854789734,-0.0012466035397903186
1778693091161526005,1.2595486640930176,0.1663806289434433,-0.0025429712140480278
1778693091198284139,1.2735493183135986,0.16675393283367157,-0.004055757391820637
1778693091236246268,1.288190484046936,0.16725890338420868,-0.005353040483642644
1778693091272641501,1.3003851175308228,0.16888749599456787,-0.006880892641967187
1778693091305749738,1.3156481981277466,0.16734513640403748,-0.007767416477287392
1778693091343172278,1.329074740409851,0.16795973479747772,-0.009036758833889377
1778693091378439200,1.3490368127822876,0.16770347952842712,-0.010637024558978483
1778693091413153559,1.3603947162628174,0.16914093494415283,-0.012188525383574482
1778693091447938742,1.3738439083099365,0.1715112328529358,-0.013654955428215838
1778693091482016628,1.3862329721450806,0.17263920605182648,-0.01480837138865277
1778693091517906166,1.4001163244247437,0.17806917428970337,-0.01683863534791697
1778693091557019009,1.413071632385254,0.18089602887630463,-0.018274859633842205
1778693091594923618,1.4344452619552612,0.18341945111751556,-0.02012560366013155
1778693091630906444,1.4462474584579468,0.18035005033016205,-0.020237393262387045
1778693091665211292,1.4643455743789673,0.17555387318134308,-0.01972472163797441
1778693091698588653,1.4768561124801636,0.17576701939105988,-0.02047502082123136
1778693091734342052,1.4888145923614502,0.17702096700668335,-0.021535209350301263
1778693091769130151,1.503162145614624,0.17468956112861633,-0.021764880888362762
1778693091804512473,1.5159276723861694,0.17792631685733795,-0.023166671897081884
1778693091839174752,1.529849886894226,0.17859753966331482,-0.02412030453726744
1778693091874168643,1.5428192615509033,0.17952969670295715,-0.024718954632653847
1778693091910988174,1.5607060194015503,0.18119361996650696,-0.026165244113177607
1778693091946701567,1.5775107145309448,0.17430871725082397,-0.025078410506854554
1778693091981162463,1.5897806882858276,0.17569003999233246,-0.025928794253358763
1778693092016884041,1.6032453775405884,0.17428924143314362,-0.025993041715338353
1778693092054666457,1.6177387237548828,0.17783403396606445,-0.02726814591815721
1778693092091687232,1.6302350759506226,0.17659896612167358,-0.027580695853116215
1778693092127348536,1.6475179195404053,0.178534135222435,-0.02861782827996346
1778693092161044673,1.6630706787109375,0.17611131072044373,-0.028483692564557735
1778693092198952850,1.67624032497406,0.17434760928153992,-0.028551798527522754
1778693092231305416,1.6894785165786743,0.17577525973320007,-0.02918010993579282
1778693092264303554,1.704099416732788,0.17452199757099152,-0.029031446507301974
1778693092298554589,1.7173683643341064,0.17382031679153442,-0.029434745989573345
1778693092333193153,1.7249780893325806,0.1720784455537796,-0.029080891633294328
1778693092366006969,1.744997501373291,0.17225883901119232,-0.02948346015662447
1778693092399390912,1.756736397743225,0.17381247878074646,-0.030343023290955375
1778693092431633198,1.7871675491333008,0.1671632081270218,-0.02674378817422448
1778693092467911698,1.8020379543304443,0.1673167198896408,-0.027053914710284874
1778693092499579871,1.81498122215271,0.16631144285202026,-0.027062283136280646
1778693092532900352,1.8282382488250732,0.1648680418729782,-0.02699657475837495
1778693092571923995,1.8420933485031128,0.1633373498916626,-0.026747731888211647
1778693092602692963,1.8554706573486328,0.16572892665863037,-0.028008106968598876
1778693092636330229,1.868757963180542,0.1645900011062622,-0.027441017217871084
1778693092671245740,1.8820394277572632,0.16373062133789062,-0.027797404999444348
1778693092705793672,1.8938928842544556,0.16397777199745178,-0.02828210322096681
1778693092740336073,1.9084563255310059,0.16185757517814636,-0.027873930759525888
1778693092774898582,1.926645040512085,0.16103127598762512,-0.028213741330418308
1778693092807049594,1.9434510469436646,0.16283848881721497,-0.02896895460551067
1778693092841003874,1.9549471139907837,0.1621648669242859,-0.02930752860068079
1778693092875082501,1.9679157733917236,0.1614624708890915,-0.02919302611490555
1778693092908550764,1.9799888134002686,0.16215316951274872,-0.029964208295810053
1778693092940149204,1.9956387281417847,0.16175420582294464,-0.029905392171378515
1778693092974687517,2.0076355934143066,0.16174519062042236,-0.030209528978097647
1778693093006975540,2.020031452178955,0.1598484069108963,-0.030052612285676104
1778693093040229004,2.0362050533294678,0.1610315889120102,-0.030204402118665107
1778693093070808261,2.0482351779937744,0.16014911234378815,-0.030214421084142972
1778693093104409388,2.0542240142822266,0.16060125827789307,-0.03043632568985433
1778693093141132164,2.066892147064209,0.160180002450943,-0.030636918144219573
1778693093173987369,2.088225841522217,0.15910378098487854,-0.0304315308845634
1778693093205212377,2.1021323204040527,0.15883886814117432,-0.030647358920344134
1778693093236723009,2.1086559295654297,0.15947918593883514,-0.030893265920690666
1778693093270997359,2.1206982135772705,0.1576319932937622,-0.030473777559330506
1778693093304811461,2.1360533237457275,0.1572638303041458,-0.03063231672792923
1778693093338166859,2.1474671363830566,0.1544352024793625,-0.030095649339433057
1778693093369804113,2.160165786743164,0.15590247511863708,-0.030678938754505194
1778693093401446596,2.1753909587860107,0.15604108572006226,-0.030880232336482225
1778693093438047350,2.1861164569854736,0.1549065113067627,-0.0309085043750157
1778693093472415899,2.2026591300964355,0.1553107500076294,-0.0309603635289004
1778693093507056477,2.2162344455718994,0.1546652913093567,-0.030861264073190377
1778693093540853738,2.236910343170166,0.15524092316627502,-0.031235201741201153
1778693093574438914,2.24920654296875,0.1542680859565735,-0.031218555260242593
1778693093608334552,2.2630960941314697,0.1529293954372406,-0.030826690194848
1778693093641526228,2.276487350463867,0.15292036533355713,-0.031247186679783216
1778693093673351921,2.2895939350128174,0.15179027616977692,-0.031165062443839885
1778693093706287860,2.303136110305786,0.15222713351249695,-0.031354980995549064
1778693093738471594,2.3138508796691895,0.15212810039520264,-0.03143457128387549
1778693093775623399,2.3241660594940186,0.15200886130332947,-0.03138371089898892
1778693093805582303,2.342228651046753,0.15141966938972473,-0.03164832348016413
1778693093837475054,2.34507417678833,0.15142561495304108,-0.032179140489239325
1778693093872994036,2.3625001907348633,0.14905133843421936,-0.031107069282908604
1778693093901355014,2.3825442790985107,0.1489914506673813,-0.03135635875888403
1778693093933722940,2.3920774459838867,0.14963604509830475,-0.03144441898074361
1778693093965290340,2.405829429626465,0.1504989117383957,-0.03192153986164057
1778693093995848837,2.4174015522003174,0.14891546964645386,-0.031601531484273984
1778693094029300629,2.4320132732391357,0.1499621570110321,-0.03221164671323211
1778693094062021659,2.444119930267334,0.1476205289363861,-0.031193435845163427
1778693094095880276,2.453890562057495,0.14623111486434937,-0.03159989718580492
1778693094133680286,2.463107109069824,0.14501366019248962,-0.031529726898339314
1778693094168804656,2.481823682785034,0.14564600586891174,-0.03166808963313343
1778693094203976076,2.4928553104400635,0.1450294554233551,-0.03174034648256938
1778693094237759811,2.5082666873931885,0.14450159668922424,-0.031970425291302555
1778693094271440018,2.5155019760131836,0.14456039667129517,-0.031874899785988585
1778693094304477861,2.535987138748169,0.14502105116844177,-0.03230855754274133
1778693094335800715,2.547426462173462,0.14321519434452057,-0.03184690498872932
1778693094368821485,2.562070846557617,0.14290505647659302,-0.031864590009670575
1778693094401617287,2.5752711296081543,0.14198696613311768,-0.03161448221587285
1778693094433175780,2.5876731872558594,0.14242221415042877,-0.03177611694735748
1778693094463048340,2.602203130722046,0.14203186333179474,-0.031914438149773676
1778693094494091561,2.6152095794677734,0.14100319147109985,-0.031609484988701406
1778693094527096230,2.6270854473114014,0.13883769512176514,-0.030898866917198026
1778693094558255042,2.643120765686035,0.14105534553527832,-0.0318319028618948
1778693094590639569,2.6547610759735107,0.14025337994098663,-0.03203038210277344
1778693094624818788,2.6677727699279785,0.13900524377822876,-0.031653571089889275
1778693094658014101,2.681725025177002,0.13883143663406372,-0.03160504137598745
1778693094690305712,2.6966464519500732,0.13843445479869843,-0.03162055345450729
1778693094725206445,2.708984613418579,0.13836050033569336,-0.03167272344863543
1778693094756683594,2.722993850708008,0.13804516196250916,-0.031668217606039696
1778693094791129871,2.735957145690918,0.13795627653598785,-0.031844428250198245
1778693094824002329,2.750755786895752,0.1378796398639679,-0.03182765037956882
1778693094856428346,2.7640597820281982,0.13666746020317078,-0.031792727070956275
1778693094889637776,2.7761361598968506,0.136183500289917,-0.031561186212710576
1778693094921904709,2.7830758094787598,0.13531027734279633,-0.03131386174449736
1778693094952562185,2.7961649894714355,0.1363246887922287,-0.03177440974890385
1778693094983380427,2.810039758682251,0.13403736054897308,-0.03113554755781677
1778693095011713172,2.8222270011901855,0.1322973072528839,-0.0307960608005682
1778693095045451811,2.8293709754943848,0.1321980357170105,-0.030848418641566188
1778693095076669304,2.8442165851593018,0.13245120644569397,-0.031033151433331907
1778693095116304101,2.8626034259796143,0.13100315630435944,-0.03058092132597029
1778693095157018797,2.876741647720337,0.1295410692691803,-0.030338593426318276
1778693095191622013,2.898226499557495,0.12981967628002167,-0.03046644225455329
1778693095225506700,2.911245584487915,0.12876971065998077,-0.030179573377881345
1778693095259006955,2.9252402782440186,0.13017579913139343,-0.03120560460555436
1778693095291188886,2.9371414184570312,0.12912631034851074,-0.030863325907281587
1778693095325703113,2.9504575729370117,0.12864874303340912,-0.030558742944403725
1778693095358667727,2.964885950088501,0.12887606024742126,-0.030715509710007808
1778693095391872237,2.979219913482666,0.12830883264541626,-0.030747933452175927
1778693095426877100,2.9918386936187744,0.12767153978347778,-0.03043395776829839
1778693095459241890,3.0055692195892334,0.12591446936130524,-0.029764267430025627
1778693095489804695,3.0188941955566406,0.12588784098625183,-0.0297037584552081
1778693095520940152,3.0314278602600098,0.12391754984855652,-0.028916924753838603
1778693095553604934,3.037781000137329,0.12284556776285172,-0.02877590402360365
1778693095585803106,3.0516340732574463,0.12551991641521454,-0.029763536657796835
1778693095621805921,3.063969135284424,0.12493427842855453,-0.02965135606561116
1778693095655089722,3.078659772872925,0.12315241992473602,-0.029037944221846853
1778693095690579860,3.084956645965576,0.12441971153020859,-0.029631319874512996
1778693095725554875,3.111802816390991,0.12318328768014908,-0.029218771843848225
1778693095761102151,3.1251635551452637,0.12296254932880402,-0.029055173851370124
1778693095795022175,3.1401469707489014,0.122301384806633,-0.02903056337021338
1778693095826842929,3.1532769203186035,0.12274130433797836,-0.029197121357807575
1778693095857611155,3.1670315265655518,0.12298155575990677,-0.02958259113896986
1778693095889600630,3.180095672607422,0.12212924659252167,-0.02939125690738918
1778693095922733885,3.1864469051361084,0.12200961261987686,-0.029304629408081873
1778693095952855700,3.199902296066284,0.12022218853235245,-0.028628234219965007
1778693095985849439,3.212855815887451,0.1198565661907196,-0.028630199685761807
1778693096018678453,3.2250962257385254,0.119231216609478,-0.028438762224129673
1778693096052794932,3.238595485687256,0.11897267401218414,-0.028484932784415808
1778693096085408406,3.2536110877990723,0.11944757401943207,-0.028787854470012496
1778693096126954647,3.2660300731658936,0.1179957464337349,-0.028168540707688882
1778693096163097168,3.2868082523345947,0.11649931222200394,-0.027733907689794748
1778693096205208976,3.300140857696533,0.11505244672298431,-0.027495554547135734
1778693096237355180,3.313812732696533,0.11740045994520187,-0.028675584176403972
1778693096269699982,3.326524496078491,0.11615751683712006,-0.028138183363208436
1778693096301594776,3.3403213024139404,0.11592291295528412,-0.027987833727975815
1778693096334977727,3.3538241386413574,0.11507304012775421,-0.027983407204363778
1778693096366943657,3.3673179149627686,0.1146029531955719,-0.028010592469980444
1778693096400441316,3.381410598754883,0.11402007937431335,-0.02803848199778378
1778693096433332750,3.3943698406219482,0.1128411591053009,-0.0275384741326963
1778693096465535070,3.4080822467803955,0.11209402978420258,-0.027115242536241712
1778693096497661265,3.421504020690918,0.11446881294250488,-0.028329551510495102
1778693096531608231,3.434291124343872,0.11181440204381943,-0.027308041329494884
1778693096563455695,3.447322130203247,0.11267529428005219,-0.02793277651063257
1778693096596200600,3.4615318775177,0.1127648651599884,-0.028326164141748395
1778693096627816803,3.47568416595459,0.11250726878643036,-0.028039077454999544
1778693096660062396,3.4883549213409424,0.11085373163223267,-0.027688465660717032
1778693096695360567,3.5015714168548584,0.11100415140390396,-0.027927231908136434
1778693096731312034,3.515474319458008,0.10990864783525467,-0.027398777703727704
1778693096767152308,3.5283191204071045,0.1102759838104248,-0.027514384939553518
1778693096804485238,3.542239189147949,0.10996365547180176,-0.027729709526109973
1778693096840274606,3.55537748336792,0.10912749171257019,-0.02750858487500506
1778693096873891572,3.5755534172058105,0.10775774717330933,-0.026896803504942033
1778693096905414027,3.588822841644287,0.1086057722568512,-0.0274248220618362
1778693096938494641,3.5954232215881348,0.10747843980789185,-0.026975959378519536
1778693096970817010,3.608774423599243,0.10511210560798645,-0.02608714532600021
1778693097004858306,3.6222984790802,0.10607448220252991,-0.026455231646899287
1778693097038142458,3.635268211364746,0.10529205948114395,-0.02650576821524722
1778693097071219095,3.6426165103912354,0.1061667874455452,-0.027039383400430113
1778693097100533721,3.6634185314178467,0.10678752511739731,-0.027574014552042527
1778693097132997680,3.67639422416687,0.1072530522942543,-0.02810555227629983
1778693097166574440,3.6897835731506348,0.106153205037117,-0.02760096585461931
1778693097194072254,3.7038567066192627,0.10402100533246994,-0.02660208779795138
1778693097222881597,3.7105519771575928,0.10434919595718384,-0.026887541467863214
1778693097254965702,3.7244412899017334,0.10359732061624527,-0.026430880217156432
1778693097283535738,3.737306833267212,0.10452564060688019,-0.027081410837977687
1778693097316029765,3.746785879135132,0.10165540128946304,-0.02570455108998954
1778693097353284225,3.7493703365325928,0.10198091715574265,-0.02613155339563381
1778693097393682468,3.7484474182128906,0.10184051096439362,-0.025828781159916842
1778693097428671439,3.7485311031341553,0.1019037589430809,-0.0259502962855212
1778693097469114127,3.7482223510742188,0.10179349035024643,-0.02593737291658704
1778693097505638445,3.7481489181518555,0.10177084803581238,-0.025912307337801692
1778693097537596550,3.748326301574707,0.10166189074516296,-0.025779578378180127
1778693097571287428,3.748161554336548,0.10182896256446838,-0.025879024510091293
1778693097603309384,3.7481915950775146,0.10155430436134338,-0.02573916895120155
1778693097636995914,3.7480452060699463,0.10165760666131973,-0.02579737626396578
1778693097671563122,3.748342990875244,0.10171198099851608,-0.025844557999116613
1778693097706108759,3.7481465339660645,0.10180831700563431,-0.02590103515090289
1778693097738403856,3.748227596282959,0.1018008440732956,-0.025881508829349427
1778693097773320370,3.7485761642456055,0.10183995962142944,-0.025907572881717692
1778693097806368803,3.748554229736328,0.10186851769685745,-0.025882331434084027
1778693097838951648,3.7487049102783203,0.10186980664730072,-0.02587618411989648
1778693097871195207,3.7484352588653564,0.10182148963212967,-0.02584824359943818
1778693097904622152,3.7484147548675537,0.10191525518894196,-0.02590415402925699
1778693097938519263,3.748690366744995,0.10203325748443604,-0.02593333322872132
1778693097971919817,3.7484817504882812,0.10202128440141678,-0.025933837300461043
1778693098007203140,3.748610258102417,0.10199117660522461,-0.025901244431502785
1778693098039791216,3.7487905025482178,0.1019047349691391,-0.02587732638819049
1778693098074287498,3.74857234954834,0.10164562612771988,-0.025708020613708377
1778693098109004813,3.748323440551758,0.10183998197317123,-0.025832434833325837
1778693098141308727,3.746001720428467,0.10168928653001785,-0.025689493741794172
1778693098176121242,3.746307134628296,0.10195182263851166,-0.0258792281727928
1778693098209360058,3.745971918106079,0.10174274444580078,-0.025704496667869472
1778693098244740446,3.7459890842437744,0.10173392295837402,-0.0257218281024764
1778693098280703204,3.7460508346557617,0.10167417675256729,-0.02567390989666834
1778693098313831580,3.7460274696350098,0.10186757147312164,-0.025874608205253485
1778693098349704677,3.745913028717041,0.10172220319509506,-0.025677064557632148
1778693098382509836,3.7460224628448486,0.10158518701791763,-0.02568267934119063
1778693098414534648,3.7459356784820557,0.10164620727300644,-0.025623905811162983
1778693098450089779,3.7458295822143555,0.1017216295003891,-0.02574379487430737
1778693098487604806,3.7459616661071777,0.10178977996110916,-0.025696579797217386
1778693098522927434,3.745854377746582,0.10158059746026993,-0.02557255991763452
1778693098557123926,3.746295213699341,0.10208503901958466,-0.025834544630679468
1778693098593957173,3.7460646629333496,0.10182096809148788,-0.02572604439951683
1778693098627703065,3.7461986541748047,0.10176215320825577,-0.025761327454047633
1778693098659361399,3.746318817138672,0.1021014153957367,-0.02592052629968863
1778693098689800819,3.745722770690918,0.10177966207265854,-0.025678295364832942
1778693098720759178,3.7461907863616943,0.10177553445100784,-0.02567161453547135
1778693098755891664,3.7462940216064453,0.1019308790564537,-0.02579034782189568
1778693098787165374,3.7464382648468018,0.10163269937038422,-0.02565102001592641
1778693098821970455,3.7461180686950684,0.1016048714518547,-0.025623380577681733
1778693098855733440,3.746002197265625,0.10179124772548676,-0.025771154427022033
1778693098889660228,3.7461555004119873,0.1017642542719841,-0.025767904313411503
1778693098924332075,3.7454864978790283,0.10155796259641647,-0.025690455963903486
1778693098959147617,3.7454919815063477,0.10161285102367401,-0.025704998515439694
1778693098993090665,3.7453246116638184,0.10148194432258606,-0.025596310464599748
1778693099026389866,3.745246648788452,0.10151084512472153,-0.02561775951439753
1778693099058756700,3.745347738265991,0.10148907452821732,-0.02561007924496093
1778693099091255245,3.7453134059906006,0.10157595574855804,-0.025653640143050993
1778693099122458641,3.745137929916382,0.10162220895290375,-0.02577344213322022
1778693099155717766,3.745373249053955,0.10160218924283981,-0.025748597431988807
1778693099187771513,3.745311975479126,0.10160431265830994,-0.02571121098001275
1778693099221096103,3.745297908782959,0.10152972489595413,-0.02565380909301541
1778693099252654456,3.745244026184082,0.10154017806053162,-0.02563867852877531
1778693099286078354,3.7454049587249756,0.10150917619466782,-0.025628478708722268
1778693099319326659,3.745495557785034,0.10158853232860565,-0.025703320763299793
1778693099353012677,3.74558424949646,0.1016618087887764,-0.025816099172195205
1778693099389008558,3.7454428672790527,0.10153793543577194,-0.025661214605464774
1778693099422973909,3.745478630065918,0.10165666043758392,-0.02573783080359962
1778693099461033884,3.745868444442749,0.10180974006652832,-0.02580915931785969
1778693099496419142,3.7454347610473633,0.10168175399303436,-0.025735585416936196
1778693099531172294,3.7454795837402344,0.10146672278642654,-0.025556639794402092
1778693099564465354,3.7455861568450928,0.10155557841062546,-0.02562706576630602
1778693099598450622,3.745435953140259,0.10149477422237396,-0.02565984678391563
1778693099630890826,3.74609112739563,0.10163330286741257,-0.02577651255836226
1778693099664662758,3.746007204055786,0.10141995549201965,-0.025607271962849093
1778693099697493166,3.745677947998047,0.10133955627679825,-0.025555247059877707
1778693099730414486,3.745901346206665,0.1011936217546463,-0.025432614034880528
1778693099763025967,3.745879888534546,0.10129392147064209,-0.025558660570630228
1778693099797163205,3.745926856994629,0.10175777971744537,-0.02576238794885274
1778693099830638492,3.7457354068756104,0.10197415202856064,-0.02593020156110542
1778693099865370664,3.7457962036132812,0.10154445469379425,-0.025639931340206413
1778693099899130724,3.745786428451538,0.10168638080358505,-0.025682634842311387
1778693099933931267,3.745753765106201,0.10164759308099747,-0.025674126753897245
1778693099968834305,3.745516538619995,0.10135743767023087,-0.025469789173033316
1778693100002974399,3.745872735977173,0.1014808788895607,-0.02558957575203184
1778693100039937343,3.7458224296569824,0.10146910697221756,-0.02559570068782825
1778693100074409640,3.7457187175750732,0.10166478902101517,-0.025685403898311657
1778693100108087613,3.745810031890869,0.10158868879079819,-0.025699114331678482
1778693100140804995,3.746133327484131,0.10155791789293289,-0.025637508511724895
1778693100171984787,3.746091604232788,0.10160015523433685,-0.02571007459165364
1778693100204625904,3.745950698852539,0.10152062028646469,-0.025669040745301318
1778693100236750005,3.7456459999084473,0.10146613419055939,-0.02563016710065951
1778693100270167832,3.746116876602173,0.10167508572340012,-0.02574164361499811
1778693100304220780,3.7461366653442383,0.10143038630485535,-0.025536600561824847
1778693100336312229,3.7459278106689453,0.10152346640825272,-0.025632135077959063
1778693100367936878,3.745929002761841,0.10153717547655106,-0.02562708896299794
1778693100400229571,3.745706081390381,0.1016230434179306,-0.025711647170026577
1778693100433028719,3.745861053466797,0.10210798680782318,-0.025963357390206356
1778693100463970917,3.745507001876831,0.10161657631397247,-0.025646209170321645
1778693100497448969,3.7452752590179443,0.10144282132387161,-0.025579273630346264
1778693100531144636,3.745483875274658,0.10153840482234955,-0.025681677725824997
1778693100565309697,3.745521068572998,0.10142246633768082,-0.025569602030145598
1778693100596138790,3.7454168796539307,0.10146082937717438,-0.02553903867460182
1778693100630815507,3.745500087738037,0.10146379470825195,-0.02559809332519074
1778693100664632956,3.745634078979492,0.10178737342357635,-0.025671406719840525
1778693100696947049,3.745514154434204,0.10151976346969604,-0.026898284251853494
1778693100730426774,3.7449417114257812,0.10143788158893585,-0.03257126378755405
1778693100762869443,3.7457468509674072,0.10101118683815002,-0.04144250493783116
1778693100795480542,3.745795249938965,0.10053597390651703,-0.052552545866662304
1778693100828791426,3.746377468109131,0.09787172079086304,-0.06435249497547797
1778693100864423333,3.7471060752868652,0.09671962261199951,-0.07054525815656332
1778693100900581093,3.747805595397949,0.09284067153930664,-0.09007491995456475
1778693100933687336,3.7485435009002686,0.09285008907318115,-0.10488686521116146
1778693100965821657,3.748591423034668,0.09035709500312805,-0.11858088370580713
1778693100996814852,3.749614715576172,0.08931198716163635,-0.13381236356353113
1778693101030310618,3.749990224838257,0.08869040012359619,-0.1491030598551807
1778693101066102510,3.7505300045013428,0.08536708354949951,-0.16341805348483815
1778693101098803682,3.7511179447174072,0.08330905437469482,-0.17871930643100148
1778693101131842446,3.7517008781433105,0.08155876398086548,-0.19453076175899164
1778693101163219394,3.753225088119507,0.07986652851104736,-0.2105619036764413
1778693101194614986,3.7533681392669678,0.07602345943450928,-0.2258384721994883
1778693101225357734,3.7543458938598633,0.0749967098236084,-0.24284609932177026
1778693101256189021,3.754150390625,0.07427698373794556,-0.2600867401116942
1778693101285797949,3.7557618618011475,0.07395780086517334,-0.26906468049728366
1778693101317316295,3.7547972202301025,0.06971192359924316,-0.28428261743205097
1778693101347178064,3.754570484161377,0.06664824485778809,-0.30062300814614346
1778693101377256165,3.754049301147461,0.0628288984298706,-0.31594823388597865
1778693101405749196,3.7539045810699463,0.059780120849609375,-0.3326971073647427
1778693101436225797,3.7564218044281006,0.06192612648010254,-0.34347550495496093
1778693101468723680,3.7550995349884033,0.059097886085510254,-0.3596737156148179
1778693101500280941,3.753568172454834,0.05502784252166748,-0.37528186471478847
1778693101531190788,3.753221035003662,0.053553104400634766,-0.39259007823827946
1778693101561644465,3.7518420219421387,0.049832820892333984,-0.40860809422856476
1778693101592857219,3.7529654502868652,0.049949049949645996,-0.42726907287074634
1778693101630968402,3.7527546882629395,0.047881245613098145,-0.4440978780327851
1778693101664408552,3.752609968185425,0.047153472900390625,-0.45285076285159187
1778693101696362519,3.751406192779541,0.044553518295288086,-0.4782982654526709
1778693101727714028,3.7521536350250244,0.042366743087768555,-0.4954107452652435
1778693101759518660,3.752159833908081,0.04095149040222168,-0.5128156574918921
1778693101793007432,3.751535177230835,0.03962385654449463,-0.5300383467899334
1778693101823978496,3.750075340270996,0.03717386722564697,-0.5460758291133121
1778693101856045438,3.748385190963745,0.035338521003723145,-0.5626103393509937
1778693101888546608,3.748504638671875,0.034810423851013184,-0.5713377325250564
1778693101917894518,3.7476141452789307,0.033190131187438965,-0.5881723997771365
1778693101946890366,3.745378017425537,0.031187891960144043,-0.6042384635422745
1778693101981518931,3.7460689544677734,0.0298309326171875,-0.6217298388353675
1778693102015269583,3.7448837757110596,0.027443528175354004,-0.6292064676753907
1778693102050584476,3.743297576904297,0.02517521381378174,-0.6541398109775103
1778693102082843815,3.743746280670166,0.024013519287109375,-0.6713576989096581
1778693102116704246,3.7436695098876953,0.023009300231933594,-0.688687613417805
1778693102147780580,3.7401232719421387,0.020993471145629883,-0.7044904311393341
1778693102180973057,3.7382402420043945,0.018064022064208984,-0.7205229943310846
1778693102212705773,3.7363498210906982,0.015827178955078125,-0.7368404703186745
1778693102242448355,3.736574411392212,0.015831351280212402,-0.7548212223067209
1778693102271650436,3.741486072540283,0.017653703689575195,-0.7745555039675103
1778693102303612328,3.7416915893554688,0.016948699951171875,-0.7829986306304149
1778693102337899793,3.7381279468536377,0.015674233436584473,-0.7992892716846765
1778693102369194053,3.739434242248535,0.013877272605895996,-0.8166070015808596
1778693102400000893,3.73523211479187,0.013849139213562012,-0.8326624569527752
1778693102431080523,3.736058235168457,0.01390528678894043,-0.8509990680754574
1778693102463294025,3.7320051193237305,0.009501457214355469,-0.8653478191831091
1778693102494901301,3.722463369369507,0.0065795183181762695,-0.878758544923548
1778693102525231393,3.7260890007019043,0.0066765546798706055,-0.8974355648314825
1778693102555644964,3.725416660308838,0.004840254783630371,-0.9140196962602712
1778693102585884934,3.7231788635253906,0.0040618181228637695,-0.9218439262465143
1778693102614984560,3.7262625694274902,0.00428318977355957,-0.9403963016375873
1778693102657770644,3.7231831550598145,0.001910567283630371,-0.9561450188369642
1778693102693976515,3.7182583808898926,-0.0005105733871459961,-0.9799238472987607
1778693102727889727,3.722095012664795,-0.0007265806198120117,-0.9987417028670803
1778693102760659679,3.7174630165100098,-0.002868175506591797,-1.0140364419979828
1778693102790727431,3.7167975902557373,-0.003279566764831543,-1.0313125265988603
1778693102826326786,3.7144436836242676,-0.004685401916503906,-1.047116294904256
1778693102859494146,3.7149298191070557,-0.006073951721191406,-1.06398707208492
1778693102891998842,3.7116570472717285,-0.006059765815734863,-1.0804992341485073
1778693102922817806,3.7093489170074463,-0.008053302764892578,-1.0966228674935306
1778693102954000022,3.7106714248657227,-0.007345914840698242,-1.1059113177479385
1778693102985361650,3.709502696990967,-0.007750868797302246,-1.1231516507537458
1778693103015449309,3.708127498626709,-0.010194897651672363,-1.1393151267362605
1778693103048493865,3.7068393230438232,-0.010417699813842773,-1.156316654195128
1778693103080264392,3.7027602195739746,-0.012095451354980469,-1.1720575714014292
1778693103111367387,3.7070045471191406,-0.014014124870300293,-1.1905277890402466
1778693103144095440,3.7035129070281982,-0.015317797660827637,-1.206334988694093
1778693103177822717,3.697570562362671,-0.017824292182922363,-1.2205634606136193
1778693103209607461,3.694636583328247,-0.01798844337463379,-1.2373972491199812
1778693103240400265,3.6890718936920166,-0.020052671432495117,-1.2520585010157164
1778693103270970053,3.6904172897338867,-0.01647639274597168,-1.271297906813889
1778693103301350110,3.692845344543457,-0.017605066299438477,-1.2803901300488205
1778693103332155889,3.688206672668457,-0.015177667140960693,-1.2972302035029528
1778693103362780341,3.6908116340637207,-0.01918768882751465,-1.31424555871714
1778693103392310999,3.682095766067505,-0.022845864295959473,-1.3274121999693185
1778693103422136680,3.682213544845581,-0.019842803478240967,-1.345934715532177
1778693103453652331,3.6758618354797363,-0.021007537841796875,-1.3521863214255978
1778693103486509540,3.6746602058410645,-0.022094905376434326,-1.3687772468595643
1778693103518128408,3.66990327835083,-0.02247154712677002,-1.3848716487420387
1778693103549152492,3.6715662479400635,-0.023245155811309814,-1.4024178612953935
1778693103578285512,3.6716012954711914,-0.024959921836853027,-1.419146524682458
1778693103609643754,3.6686174869537354,-0.023709386587142944,-1.4356292323512414
1778693103637606203,3.6648905277252197,-0.023839116096496582,-1.452031895990146
1778693103668774652,3.6643166542053223,-0.025657176971435547,-1.4599665723961126
1778693103696102331,3.661076068878174,-0.02351921796798706,-1.4768973381804475
1778693103724023611,3.663165807723999,-0.024984538555145264,-1.494479795353817
1778693103750608915,3.6595401763916016,-0.02607204020023346,-1.5103605276253924
1778693103781396649,3.6584701538085938,-0.025502368807792664,-1.5189440980564133
1778693103810069612,3.655409336090088,-0.024644583463668823,-1.5352584202832567
1778693103833096153,3.6506638526916504,-0.022899888455867767,-1.5515110116293458
1778693103860044909,3.651707887649536,-0.0246223546564579,-1.5598859218108534
1778693103885138640,3.653062105178833,-0.027252908796072006,-1.5770373852852388
1778693103917139727,3.6532657146453857,-0.028266018256545067,-1.5854518617506992
1778693103946408686,3.648837089538574,-0.026552096009254456,-1.601606814483517
1778693103975908685,3.648419141769409,-0.028276920318603516,-1.6185846637321302
1778693104001141161,3.6465439796447754,-0.02880413830280304,-1.6351043178790838
1778693104029421375,3.647059679031372,-0.02995176613330841,-1.643871481476582
1778693104055708510,3.6467947959899902,-0.030533045530319214,-1.6608030828254723
1778693104082258106,3.6443886756896973,-0.028343379497528076,-1.6688429592520282
1778693104105503654,3.639868974685669,-0.02664017677307129,-1.676351108690559
1778693104132854457,3.640505790710449,-0.029143452644348145,-1.6932153087904995
1778693104156411359,3.6394290924072266,-0.028555363416671753,-1.7101135383915465
1778693104180565418,3.6311967372894287,-0.02230006456375122,-1.7253372112518144
1778693104208265998,3.6323955059051514,-0.025621116161346436,-1.7338445052220586
1778693104232757791,3.632478952407837,-0.025197207927703857,-1.7510531673263219
1778693104260425358,3.6290833950042725,-0.027886629104614258,-1.7587838209514788
1778693104284519874,3.6282308101654053,-0.02445131540298462,-1.7755880737666814
1778693104311898530,3.6257641315460205,-0.024930834770202637,-1.7836393025500692
1778693104338806799,3.6250557899475098,-0.02420830726623535,-1.8003607263691528
1778693104368426367,3.6187355518341064,-0.020418286323547363,-1.8070970986164263
1778693104397541733,3.617122173309326,-0.020949363708496094,-1.823828030738966
1778693104423568252,3.62084698677063,-0.0208510160446167,-1.8410568616158427
1778693104445720476,3.6205062866210938,-0.024962663650512695,-1.8592154875283036
1778693104475664872,3.6115856170654297,-0.02090764045715332,-1.8650635898036632
1778693104501180437,3.611940622329712,-0.022869348526000977,-1.8826347878971463
1778693104527119299,3.609907388687134,-0.015557050704956055,-1.8903376143863841
1778693104552134600,3.612840175628662,-0.020323872566223145,-1.9084000301030593
1778693104577890443,3.610677719116211,-0.02165663242340088,-1.9165392235086363
1778693104608969262,3.6033647060394287,-0.015483856201171875,-1.9308377704009816
1778693104634722640,3.6055819988250732,-0.020301222801208496,-1.9489275777703492
1778693104658263400,3.6129140853881836,-0.027112603187561035,-1.96013519962404
1778693104685282521,3.593076705932617,-0.01601433753967285,-1.9715328644607502
1778693104712106931,3.6018576622009277,-0.014531373977661133,-1.9818090070429637
1778693104736385297,3.5997092723846436,-0.017947673797607422,-1.9991894789299045
1778693104766545445,3.6014671325683594,-0.017186760902404785,-2.0083596390186376
1778693104792519484,3.604944944381714,-0.024044394493103027,-2.026780010629414
1778693104819493298,3.616891384124756,-0.039451003074645996,-2.048277053607883
1778693104846668376,3.5995922088623047,-0.02219569683074951,-2.051523471980185
1778693104875166646,3.5978991985321045,-0.01534879207611084,-2.0586509484802025
1778693104902618712,3.5923452377319336,-0.01896488666534424,-2.0831271205625463
1778693104928342223,3.5921883583068848,-0.01263272762298584,-2.091032872663201
1778693104955269599,3.5975165367126465,-0.01023256778717041,-2.1090296495397682
1778693104981962818,3.5981240272521973,-0.0178072452545166,-2.1189604280563032
1778693105012671662,3.5963926315307617,-0.01924145221710205,-2.136121759652077
1778693105037045220,3.5803637504577637,-0.0075408220291137695,-2.1478952409453638
1778693105061452833,3.583311080932617,-0.01015615463256836,-2.1572509866084566
1778693105088151804,3.5838327407836914,-0.01462864875793457,-2.174958564770161
1778693105113447780,3.580806255340576,-0.012552618980407715,-2.1828477924338032
1778693105142322688,3.58182954788208,-0.010831713676452637,-2.199173499184981
1778693105167192872,3.5659852027893066,0.0004748106002807617,-2.211562594714598
1778693105192159481,3.564509391784668,0.0020591020584106445,-2.2196762791726474
1778693105218273597,3.5597121715545654,-0.0009489059448242188,-2.2356526715959917
1778693105246834496,3.559267997741699,-0.005662441253662109,-2.244992821688469
1778693105271992950,3.554298162460327,-0.0021959543228149414,-2.2600845646747874
1778693105303024739,3.5539298057556152,-0.0008919239044189453,-2.2684826018139725
1778693105335868422,3.5514121055603027,0.00035250186920166016,-2.28479520148776
1778693105370090101,3.551225423812866,0.0009520053863525391,-2.3018621252303646
1778693105404649044,3.5496296882629395,0.0010404586791992188,-2.318765598049984
1778693105436182780,3.5471034049987793,0.002591729164123535,-2.334994686560086
1778693105465654024,3.543944835662842,0.0030215978622436523,-2.351702368683646
1778693105497116865,3.5427494049072266,0.004546165466308594,-2.3681639393097638
1778693105526043582,3.4918198585510254,0.03602409362792969,-2.371474499265337
1778693105553367934,3.4905316829681396,0.037099242210388184,-2.388134120511245
1778693105582169092,3.4901161193847656,0.03748881816864014,-2.3967503467447155
1778693105611183706,3.485088348388672,0.03882396221160889,-2.412258144320992
1778693105642222308,3.48370361328125,0.039904236793518066,-2.42894805250158
1778693105670758210,3.4862477779388428,0.04182136058807373,-2.4461458745911533
1778693105700116239,3.4844508171081543,0.04309642314910889,-2.4543608656297904
1778693105726878730,3.482990264892578,0.04340684413909912,-2.4708339321542128
1778693105754660294,3.4799680709838867,0.04540979862213135,-2.487214787441055
1778693105788219331,3.47994327545166,0.04638791084289551,-2.495823260451537
1778693105815774743,3.4779624938964844,0.04786670207977295,-2.512191769451832
1778693105846619676,3.472726345062256,0.04885518550872803,-2.5279949684228415
1778693105874122629,3.47725248336792,0.05077564716339111,-2.5457024376174453
1778693105904441019,3.4766335487365723,0.053473830223083496,-2.562220878794838
1778693105933702614,3.47544002532959,0.052050113677978516,-2.5710797545371666
1778693105963372176,3.4701297283172607,0.05367588996887207,-2.586898361039163
1778693105996099608,3.4734482765197754,0.05581378936767578,-2.60437163491769
1778693106024480404,3.474292039871216,0.05890929698944092,-2.6206489447810495
1778693106052427073,3.4754457473754883,0.05997419357299805,-2.637453659552244
1778693106081902475,3.473672389984131,0.05837666988372803,-2.6468179067402664
1778693106109505298,3.47062087059021,0.05883181095123291,-2.654186167650032
1778693106141560318,3.4737062454223633,0.06267333030700684,-2.67914706922829
1778693106168718293,3.4797253608703613,0.06452369689941406,-2.697812330705411
1778693106197267370,3.477710247039795,0.06754016876220703,-2.704977224255723
1778693106224880423,3.4828908443450928,0.06700623035430908,-2.723341201871527
1778693106252657358,3.484865665435791,0.06830811500549316,-2.740107724680149
1778693106279650820,3.4854736328125,0.06810903549194336,-2.7492882754319465
1778693106306745865,3.4834413528442383,0.0657879114151001,-2.7658850766562297
1778693106336565183,3.4734394550323486,0.06336915493011475,-2.7819088100782894
1778693106366055024,3.4811458587646484,0.06756258010864258,-2.7907430769516552
1778693106394817267,3.4861412048339844,0.06525731086730957,-2.809252436350538
1778693106422297987,3.4830665588378906,0.05748939514160156,-2.827657007139126
1778693106449470560,3.4900362491607666,0.06744647026062012,-2.835130630756584
1778693106478495284,3.4895761013031006,0.06719642877578735,-2.8518690555256616
1778693106506551521,3.471759080886841,0.07573992013931274,-2.8649772697911904
1778693106536335462,3.4635066986083984,0.0840219259262085,-2.8783322527415183
1778693106567365618,3.4665660858154297,0.08569157123565674,-2.8873608969634144
1778693106596018483,3.4649627208709717,0.08904623985290527,-2.9031822924928985
1778693106624195390,3.4670255184173584,0.09224498271942139,-2.919925843869327
1778693106649869688,3.4642724990844727,0.09482800960540771,-2.9361035632125954
1778693106687775139,3.4512674808502197,0.09041053056716919,-2.94320232661185
1778693106713709762,3.459069013595581,0.09727942943572998,-2.9600929474318645
1778693106742504227,3.4524857997894287,0.09391215443611145,-2.9768873821114568
1778693106769233435,3.44482159614563,0.09721347689628601,-2.9918890481348264
1778693106797859519,3.450610876083374,0.09730881452560425,-3.0016234845580736
1778693106822794918,3.454383611679077,0.10114890336990356,-3.0185684143353027
1778693106848315422,3.4467968940734863,0.10082376003265381,-3.025545061824036
1778693106874582449,3.4455463886260986,0.1014818549156189,-3.0422768794962844
1778693106902408067,3.4449174404144287,0.10424096882343292,-3.0593258133244134
1778693106930360957,3.4532172679901123,0.10750025510787964,-3.0685338248678464
1778693106958030678,3.4491615295410156,0.10917790234088898,-3.0848885021930568
1778693106986473913,3.449368953704834,0.10956447571516037,-3.101743153868232
1778693107016475459,3.448735237121582,0.1101384237408638,-3.1101866451683042
1778693107044966716,3.4491195678710938,0.11183953285217285,-3.126964566107594
1778693107075045228,3.45076322555542,0.11374752968549728,3.1396341746451504
1778693107101400232,3.451533555984497,0.1144409254193306,3.1225380090999075
1778693107130539194,3.459686279296875,0.11502707749605179,3.111598983137523
1778693107159708773,3.455681085586548,0.1209554374217987,3.095802649420309
1778693107185759739,3.4572913646698,0.1247430294752121,3.080164159904287
1778693107214421140,3.4556326866149902,0.12595266103744507,3.0720231693279003
1778693107243761395,3.45601224899292,0.12628239393234253,3.0546831560066403
1778693107269874418,3.4586336612701416,0.13018912076950073,3.038580484218147
1778693107299285168,3.4578139781951904,0.12990978360176086,3.0299312756896755
1778693107324961038,3.4572901725769043,0.13171809911727905,3.0132478651792787
1778693107352893269,3.456833600997925,0.13471055030822754,2.996562909593681
1778693107383180830,3.4552953243255615,0.13559472560882568,2.988793622387529
1778693107410954699,3.457015037536621,0.13698047399520874,2.9714557405257205
1778693107437848601,3.4565577507019043,0.1397603154182434,2.9550581242857126
1778693107467244983,3.4555177688598633,0.14101791381835938,2.9470671392168932
1778693107496923392,3.457820177078247,0.14242595434188843,2.9304467545040898
1778693107525747103,3.4581644535064697,0.1447221040725708,2.9136626787945517
1778693107554346636,3.4598777294158936,0.14641201496124268,2.8973033144822593
1778693107582689910,3.460160493850708,0.1482480764389038,2.889601737196196
1778693107616065367,3.4588842391967773,0.15008586645126343,2.8725176321327055
1778693107645149484,3.4603147506713867,0.1513649821281433,2.855713229124204
1778693107671704720,3.4586682319641113,0.1520652174949646,2.838651334319009
1778693107699583940,3.4608314037323,0.15554219484329224,2.831369606501443
1778693107728738151,3.4590888023376465,0.15661001205444336,2.8142000940369924
1778693107760763453,3.4598300457000732,0.1574242115020752,2.79748074800676
1778693107789312310,3.4619345664978027,0.16063523292541504,2.78121275834801
1778693107819380052,3.462414264678955,0.16159701347351074,2.7727272264855936
1778693107848993517,3.4625461101531982,0.16341829299926758,2.7563688060176554
1778693107878422371,3.46427583694458,0.164986252784729,2.7400577231512684
1778693107905647525,3.4650187492370605,0.16858112812042236,2.723932946723969
1778693107932957249,3.465738534927368,0.16946017742156982,2.7155063460550055
1778693107961651633,3.466238260269165,0.17348182201385498,2.6995938033890585
1778693107993156233,3.466014862060547,0.17355811595916748,2.6822991423038958
1778693108020612848,3.46571683883667,0.17601633071899414,2.665493231638161
1778693108048006072,3.466719627380371,0.17661809921264648,2.657132963093578
1778693108073295185,3.4671711921691895,0.17813706398010254,2.640354563545594
1778693108100756769,3.4668612480163574,0.1779637336730957,2.6229972858313393
1778693108130750820,3.470028877258301,0.17963778972625732,2.615671874576252
1778693108162886764,3.4696221351623535,0.1832256317138672,2.5994521094140897
1778693108188743619,3.4706709384918213,0.18515264987945557,2.5832799740366608
1778693108216117125,3.471510887145996,0.1863558292388916,2.5750554686828937
1778693108245661569,3.473966598510742,0.18835103511810303,2.559162053723378
1778693108272888256,3.4750540256500244,0.19016289710998535,2.54227797367302
1778693108299616171,3.4721951484680176,0.1923760175704956,2.525470868697528
1778693108328056230,3.4695098400115967,0.1934666633605957,2.516986631081213
1778693108354207437,3.475682020187378,0.19347155094146729,2.5001679691319416
1778693108381432089,3.4734249114990234,0.19249463081359863,2.490611542121986
1778693108411248011,3.47292423248291,0.1954745054244995,2.4742762496337347
1778693108439260134,3.47622013092041,0.19478702545166016,2.457193861288458
1778693108465068417,3.4760003089904785,0.1956026554107666,2.4487485759918033
1778693108496049329,3.477200746536255,0.20057284832000732,2.4329038245806314
1778693108526566738,3.4789388179779053,0.20257055759429932,2.4167865934919646
1778693108552939677,3.4810590744018555,0.20254087448120117,2.3991141811357717
1778693108580787728,3.4768996238708496,0.19523334503173828,2.3874757017440227
1778693108610715713,3.481410503387451,0.1974480152130127,2.3720601869327314
1778693108639677015,3.4819154739379883,0.20013427734375,2.3555582699973425
1778693108667120766,3.483553171157837,0.19710159301757812,2.3373602166356884
1778693108694089701,3.480149745941162,0.19882476329803467,2.328990382040888
1778693108722076676,3.4879326820373535,0.20061218738555908,2.313410036537597
1778693108747090915,3.4857211112976074,0.1954481601715088,2.302497818720527
1778693108775271931,3.4929051399230957,0.19862401485443115,2.287256678338319
1778693108800001126,3.4830496311187744,0.19616734981536865,2.2677126381717145
1778693108827438805,3.48262357711792,0.19847333431243896,2.2600820462644027
1778693108856170740,3.4853873252868652,0.20213019847869873,2.2446890070706784
1778693108885804865,3.49082088470459,0.20012056827545166,2.2354909472732793
1778693108915197671,3.4910244941711426,0.20362257957458496,2.2193104411958653
1778693108942316491,3.490537166595459,0.20694148540496826,2.2032442719595644
1778693108970954969,3.48958683013916,0.20399582386016846,2.184410657416518
1778693108997983096,3.4802932739257812,0.20539343357086182,2.1755513623301135
1778693109023451812,3.479522705078125,0.20466148853302002,2.157243489833081
1778693109051415754,3.481616497039795,0.2063276767730713,2.138993597549908
1778693109087228235,3.483726739883423,0.20522093772888184,2.130706951205263
1778693109117783256,3.48172664642334,0.2092217206954956,2.113920443960648
1778693109143818912,3.4800212383270264,0.210318922996521,2.096783492481113
1778693109170008040,3.479870080947876,0.2132169008255005,2.080756391561082
1778693109201132526,3.4770193099975586,0.21165919303894043,2.071593316408113
1778693109230879727,3.4719932079315186,0.21377933025360107,2.054156947535317
1778693109260872024,3.473745584487915,0.21335697174072266,2.038442320622885
1778693109289106712,3.478644371032715,0.21061217784881592,2.021236024560844
1778693109318915560,3.4801526069641113,0.21438515186309814,2.0143277092362104
1778693109345884846,3.4741196632385254,0.21587395668029785,1.9971072823721732
1778693109375572974,3.473111391067505,0.2152630090713501,1.9788502826078045
1778693109403189423,3.479288101196289,0.21441376209259033,1.9629249988588455
1778693109432263962,3.477396011352539,0.21614015102386475,1.9537072161055684
1778693109463406732,3.4763998985290527,0.2192288637161255,1.9378318623872546
1778693109492530354,3.4826550483703613,0.2174937129020691,1.922012949314679
1778693109519453211,3.4771742820739746,0.21975046396255493,1.9042095370587322
1778693109547393448,3.479374885559082,0.21822768449783325,1.895654830206202
1778693109579748690,3.484203815460205,0.21787118911743164,1.879916951394188
1778693109609123450,3.4872071743011475,0.2185031771659851,1.8636361418684582
1778693109638591970,3.486417531967163,0.21898967027664185,1.8464856139231525
1778693109667531511,3.489328384399414,0.21730029582977295,1.8381957145477168
1778693109697986461,3.4959335327148438,0.21728390455245972,1.8226338043370462
1778693109728192135,3.4902000427246094,0.22033464908599854,1.804932917351505
1778693109759783160,3.4896457195281982,0.22264397144317627,1.7871575977270353
1778693109789587189,3.4894630908966064,0.22358223795890808,1.7694969277065682
1778693109822896309,3.487793445587158,0.22591733932495117,1.760595705579209
1778693109854011127,3.493036985397339,0.22589734196662903,1.744835238643371
1778693109886139857,3.4907379150390625,0.2262803018093109,1.7269511730323326
1778693109919303810,3.492553949356079,0.22749969363212585,1.7105490632734695
1778693109951750416,3.493650197982788,0.22752906382083893,1.6936390703354232
1778693109980956315,3.4971556663513184,0.2273353487253189,1.6781104666771143
1778693110010895140,3.5013420581817627,0.22825267910957336,1.6623285006673878
1778693110041436795,3.5028951168060303,0.2277403622865677,1.6454035853168687
1778693110074751656,3.504194974899292,0.22793897986412048,1.628972314003108
1778693110106182225,3.506962537765503,0.2320941686630249,1.6121176201889202
1778693110137810632,3.507345676422119,0.23078492283821106,1.6034962028674242
1778693110169812220,3.5385289192199707,0.20568960905075073,1.5869798252592497
1778693110201244692,3.538585662841797,0.20875826478004456,1.570369608870015
1778693110232068205,3.5453107357025146,0.21026137471199036,1.5546846100830836
1778693110262639326,3.5463757514953613,0.21059782803058624,1.53844469985039
1778693110291668508,3.5491063594818115,0.2089124172925949,1.5219822515836507
1778693110320602538,3.550649881362915,0.20237389206886292,1.505310889293327
1778693110348645470,3.5470166206359863,0.2046535313129425,1.496004798092324
1778693110377485833,3.549598217010498,0.2016545534133911,1.4799562502366113
1778693110405712475,3.5532872676849365,0.2046806514263153,1.4630784437395892
1778693110436441216,3.5546517372131348,0.20176655054092407,1.4552108145581346
1778693110467053075,3.5448038578033447,0.18990889191627502,1.4367267283744045
1778693110497508476,3.556048631668091,0.19383257627487183,1.421534623681343
1778693110527998332,3.550522804260254,0.1821368932723999,1.404515623249996
1778693110559116866,3.5549778938293457,0.1859021782875061,1.3880551517432556
1778693110587914988,3.563612937927246,0.1868358850479126,1.3725363531223593
1778693110617441778,3.5653645992279053,0.1834542155265808,1.3640852348094261
1778693110646268324,3.5597147941589355,0.16206324100494385,1.3482152784973922
1778693110678632683,3.561047077178955,0.15712279081344604,1.3320889911542726
1778693110708218797,3.5673601627349854,0.17450684309005737,1.3149004228323995
1778693110738428279,3.5656261444091797,0.1648867130279541,1.2985746595358423
1778693110769504162,3.572390079498291,0.17891830205917358,1.2905323048156934
1778693110805612858,3.5765905380249023,0.17769867181777954,1.2752473148338663
1778693110837040401,3.5809552669525146,0.17837738990783691,1.258896684735199
1778693110871602740,3.582749843597412,0.17803478240966797,1.2421763154823302
1778693110906500338,3.5825109481811523,0.17599189281463623,1.225718532564133
1778693110940548306,3.587050437927246,0.1774446964263916,1.2006801232609394
1778693110973862606,3.586907386779785,0.17586874961853027,1.1838268585060954
1778693111009797521,3.5901334285736084,0.1751021146774292,1.1673903769036218
1778693111045116281,3.5927727222442627,0.1748809814453125,1.1511090759322795
1778693111078971241,3.594235420227051,0.17365825176239014,1.1343968895714238
1778693111109648705,3.598345994949341,0.17383098602294922,1.1183473861305409
1778693111143186541,3.5972187519073486,0.1713041067123413,1.1016783607533176
1778693111178711475,3.5984179973602295,0.1683063507080078,1.0849847159285384
1778693111214309587,3.59801983833313,0.1651393175125122,1.0684517992473859
1778693111249772372,3.600156545639038,0.1626037359237671,1.0520515772985268
1778693111285586056,3.602839946746826,0.16373217105865479,1.035187261375879
1778693111317405006,3.601872444152832,0.15916025638580322,1.0184140693186856
1778693111350493064,3.632087230682373,0.1625959873199463,1.0021652941729178
1778693111384381499,3.6341235637664795,0.16168928146362305,0.985905070652058
1778693111415526924,3.6326866149902344,0.15948998928070068,0.9683596043167906
1778693111448297157,3.640409231185913,0.15730547904968262,0.9539267122062176
1778693111480064689,3.64308500289917,0.16103124618530273,0.9366616951999336
1778693111515287997,3.6449174880981445,0.15733706951141357,0.9203209212488593
1778693111550415293,3.641839027404785,0.15620195865631104,0.9028459321555992
1778693111582374359,3.6438822746276855,0.15412700176239014,0.8863881702436166
1778693111619173361,3.6476383209228516,0.15234887599945068,0.8707560155676131
1778693111650698631,3.6538898944854736,0.15541088581085205,0.8540959806426143
1778693111684344272,3.6566014289855957,0.15332341194152832,0.8384704327761248
1778693111717869464,3.6541285514831543,0.15304350852966309,0.8209387098945725
1778693111752884596,3.652747631072998,0.15008342266082764,0.8039935843274234
1778693111785790707,3.658529043197632,0.15279674530029297,0.7883334669253732
1778693111819427372,3.6647801399230957,0.15223681926727295,0.7732806673181851
1778693111853025532,3.664215326309204,0.15121972560882568,0.7572582790781941
1778693111885101432,3.6644346714019775,0.1512904167175293,0.7404513796622734
1778693111919208493,3.6690611839294434,0.14603281021118164,0.7256766908453878
1778693111955354300,3.6720569133758545,0.14860618114471436,0.7088958585871278
1778693111989140809,3.669853925704956,0.14731156826019287,0.6912964956176936
1778693112022028997,3.674896240234375,0.1463085412979126,0.6764846385298205
1778693112053469555,3.6778931617736816,0.14482128620147705,0.6607336467274542
1778693112085232508,3.6821765899658203,0.1423044204711914,0.645474122182521
1778693112117797600,3.684525966644287,0.14116895198822021,0.6294389455033735
1778693112157882585,3.684293031692505,0.1433112621307373,0.6119004745718774
1778693112188200453,3.6967997550964355,0.14140474796295166,0.589837842986608
1778693112219283881,3.6957783699035645,0.138391375541687,0.5817993701767441
1778693112252012565,3.698789358139038,0.14259517192840576,0.5656594227985132
1778693112283279913,3.702101469039917,0.14094650745391846,0.5505671015493958
1778693112320210545,3.7057363986968994,0.13678467273712158,0.5354635536423075
1778693112352856431,3.712374210357666,0.1329289674758911,0.5219614522749423
1778693112385516784,3.717844009399414,0.13280081748962402,0.5062366224286473
1778693112418726274,3.7162508964538574,0.13084888458251953,0.48965673540231464
1778693112451131341,3.720808982849121,0.12996184825897217,0.4736541376707329
1778693112483962320,3.722177028656006,0.1291743516921997,0.45662016494609725
1778693112515133404,3.7309813499450684,0.12229573726654053,0.44446682874706755
1778693112548288731,3.737618923187256,0.11503136157989502,0.43241175187685427
1778693112586322747,3.737924098968506,0.11329734325408936,0.4159659949946009
1778693112618501042,3.7413456439971924,0.11184906959533691,0.3995761238126607
1778693112653237442,3.7414684295654297,0.11003410816192627,0.38284444684008045
1778693112687703758,3.7432401180267334,0.10835886001586914,0.36631247731616834
1778693112728256735,3.744720697402954,0.10510408878326416,0.35056877979821394
1778693112764964593,3.746061325073242,0.10147261619567871,0.3265937524128238
1778693112797118802,3.7468559741973877,0.1013340950012207,0.309033382395772
1778693112832929590,3.74768328666687,0.0981488823890686,0.29330973658021536
1778693112866804228,3.7487361431121826,0.0964859127998352,0.2764957929359644
1778693112899891835,3.74886155128479,0.09542977809906006,0.2595907835593934
1778693112933935075,3.750147581100464,0.09257233142852783,0.24398440673502064
1778693112973853953,3.7511720657348633,0.0910177230834961,0.22743636013118476
1778693113006874744,3.751051664352417,0.08905959129333496,0.20166853108521918
1778693113042723655,3.7519915103912354,0.0875977873802185,0.18486473286801341
1778693113073891553,3.7523319721221924,0.08419662714004517,0.16941901929042838
1778693113107445921,3.7522850036621094,0.08448490500450134,0.15101402881297774
1778693113141256286,3.752474546432495,0.08407166600227356,0.13315980310958048
1778693113171701908,3.7540535926818848,0.08350464701652527,0.11601291207963876
1778693113203969011,3.754251480102539,0.08989182114601135,0.10189553317549274
1778693113238058719,3.7547690868377686,0.09196698665618896,0.0822803409543978
1778693113272145321,3.7554240226745605,0.0937807708978653,0.06332654750214232
1778693113302908298,3.754488706588745,0.09094952046871185,0.047751703314233444
1778693113337582099,3.753995895385742,0.09281638264656067,0.02879669102562165
1778693113369295227,3.7537736892700195,0.09200254082679749,0.011425712435948164
1778693113399562529,3.7543606758117676,0.0910487025976181,-0.005695068502261183
1778693113431348515,3.756511688232422,0.09269852936267853,-0.024179033163964265
1778693113461321817,3.7563040256500244,0.09381584823131561,-0.04294368565633082
1778693113491792146,3.7561142444610596,0.09209100902080536,-0.059460995544358713
1778693113523560910,3.755399703979492,0.0915168970823288,-0.06631974619074255
1778693113559685717,3.7562971115112305,0.09067130088806152,-0.07717862006114429
1778693113595259363,3.7554123401641846,0.08838880062103271,-0.07803696999164926
1778693113626981448,3.7558107376098633,0.08960241079330444,-0.07939298322933172
1778693113665058876,3.754981517791748,0.09071984887123108,-0.0801531834761803
1778693113699166989,3.7551143169403076,0.08964401483535767,-0.07957534232586806
1778693113731298354,3.7549285888671875,0.0896756649017334,-0.07944415353098004
1778693113763565688,3.7549304962158203,0.08997562527656555,-0.07964834310026363
1778693113800091199,3.755685329437256,0.08979296684265137,-0.07954660855807065
1778693113835575425,3.7549173831939697,0.08890143036842346,-0.07897880074594242
1778693113870993545,3.7550578117370605,0.08937090635299683,-0.07929951792588458
1778693113906185002,3.7553436756134033,0.0897371768951416,-0.07948691089845836
1778693113943395248,3.755268096923828,0.08910703659057617,-0.0790489031084513
1778693113976935679,3.755228042602539,0.0894751250743866,-0.07936241201248928
1778693114008149435,3.7553744316101074,0.08996054530143738,-0.07951214684003359
1778693114043806180,3.755108594894409,0.0889141857624054,-0.07895280093719867
1778693114079209111,3.75535249710083,0.08886954188346863,-0.07898769793812059
1778693114112319993,3.7551028728485107,0.08862817287445068,-0.07877570427475351
1778693114146782801,3.7549657821655273,0.0891977846622467,-0.07904134443666774
1778693114179561560,3.7548367977142334,0.08836176991462708,-0.07862440413449827
1778693114212825094,3.755239248275757,0.0896746814250946,-0.0793539163975575
1778693114247031113,3.754945993423462,0.08908712863922119,-0.07897115005323035
1778693114282374891,3.7547407150268555,0.08916616439819336,-0.07895543086710757
1778693114315841712,3.7548232078552246,0.08930742740631104,-0.0790819476815799
1778693114349351965,3.754817008972168,0.08938044309616089,-0.07914915922922167
1778693114382736609,3.7548398971557617,0.08905407786369324,-0.07885627584915494
1778693114416818351,3.7546958923339844,0.08861571550369263,-0.07868060922582569
1778693114450887290,3.754789113998413,0.08840164542198181,-0.07855626744334814
1778693114484221668,3.75461483001709,0.08737978339195251,-0.07788263487001733
1778693114517806232,3.7547225952148438,0.08804741501808167,-0.07822025704692664
1778693114552045896,3.755409002304077,0.0885457992553711,-0.07867439553371045
1778693114585908070,3.7557032108306885,0.0898495614528656,-0.0795984424008178
1778693114621573541,3.755059003829956,0.08966526389122009,-0.07933276741097495
1778693114655886154,3.755324363708496,0.08983480930328369,-0.07951567378256146
1778693114689430362,3.7552337646484375,0.08916580677032471,-0.07906093937482922
1778693114722923072,3.7551357746124268,0.08938762545585632,-0.07919754514230178
1778693114754524467,3.7551355361938477,0.08925482630729675,-0.07903543455258749
1778693114786443357,3.7549943923950195,0.0886475145816803,-0.07880482810475137
1778693114819476911,3.755091667175293,0.08907067775726318,-0.07901557426325591
1778693114854421438,3.7542221546173096,0.0872008204460144,-0.07789729491358775
1778693114889551559,3.7545628547668457,0.08760994672775269,-0.07798755674196581
1778693114922864587,3.7550160884857178,0.08932045102119446,-0.0791538538423487
1778693114960321663,3.754586696624756,0.08794617652893066,-0.07828132915335213
1778693114995150860,3.754910469055176,0.08904111385345459,-0.07893892099795936
1778693115028714966,3.755065679550171,0.08816498517990112,-0.07848635180643898
1778693115061671153,3.7548813819885254,0.08765485882759094,-0.0783029756442281
1778693115097268374,3.7552852630615234,0.0896713137626648,-0.07940116049472849
1778693115132257837,3.7554285526275635,0.08984282612800598,-0.07951749974889326
1778693115167482308,3.7553367614746094,0.09024089574813843,-0.07978343054126145
1778693115202296367,3.755493640899658,0.08991897106170654,-0.07974530831347446
1778693115243637847,3.7554492950439453,0.09031280875205994,-0.07979519677236886
1778693115276934042,3.755357027053833,0.0903988778591156,-0.07995779199787378
1778693115308860296,3.7555534839630127,0.09013423323631287,-0.07979723703654573
1778693115342883848,3.755403995513916,0.09011983871459961,-0.07980097929968517
1778693115377066342,3.7552738189697266,0.08987438678741455,-0.07958617703636137
1778693115409865620,3.7553815841674805,0.09026339650154114,-0.0798010955691357
1778693115443703278,3.7550158500671387,0.08994770050048828,-0.07952036606656235
1778693115476616723,3.7552902698516846,0.08991581201553345,-0.0795889106660342
1778693115510006206,3.7553586959838867,0.08983632922172546,-0.0795944567495888
1778693115541995471,3.7553272247314453,0.09001299738883972,-0.07961608189134821
1778693115575009288,3.7551980018615723,0.08972522616386414,-0.07947891667567869
1778693115608047832,3.755814552307129,0.09046280384063721,-0.08002383412010428
1778693115648697784,3.7553348541259766,0.08997994661331177,-0.07968352858603553
1778693115680159683,3.755277156829834,0.08967801928520203,-0.07950121634332835
1778693115715784727,3.755380153656006,0.08978772163391113,-0.07961266135251019
1778693115747992217,3.755214214324951,0.08929091691970825,-0.07913233239604361
1778693115779386257,3.755187749862671,0.08977493643760681,-0.07947713829969437
1778693115812408530,3.7551207542419434,0.0896058976650238,-0.07941404921476952
1778693115847104072,3.7551321983337402,0.08950239419937134,-0.07939139555999304
1778693115882041426,3.7549164295196533,0.08947032690048218,-0.07936112479073695
1778693115917330590,3.755101442337036,0.0895976722240448,-0.07936801186398211
1778693115950528929,3.754967451095581,0.08926147222518921,-0.07924915915843941
1778693115983496828,3.755223035812378,0.08967861533164978,-0.0795026272025626
1778693116017258971,3.755582571029663,0.08954843878746033,-0.07943155925372841
1778693116049026242,3.755497932434082,0.0897555947303772,-0.07960833109896691
1778693116086441940,3.7556567192077637,0.08967068791389465,-0.07958014688925465
1778693116120635486,3.755824565887451,0.0898226797580719,-0.07964213013658071
1778693116154764438,3.755837917327881,0.09063351154327393,-0.08013842684409452
1778693116193556178,3.7557733058929443,0.09042420983314514,-0.07995072230455923
1778693116226210089,3.7555198669433594,0.08939701318740845,-0.07938622501786177
1778693116259387759,3.7552993297576904,0.09017252922058105,-0.07967526118673082
1778693116291762528,3.755530834197998,0.09019222855567932,-0.07975595501751089
1778693116325948148,3.75514554977417,0.08966702222824097,-0.07931601670101433
1778693116359610732,3.7555580139160156,0.09052592515945435,-0.07996869690251242
1778693116392214597,3.755546808242798,0.09004724025726318,-0.07962944886309478
1778693116425735291,3.7553930282592773,0.08991652727127075,-0.07958359437993427
1778693116461656018,3.7557687759399414,0.08994072675704956,-0.07969656795412156
1778693116496476800,3.7556779384613037,0.09034717082977295,-0.07993349643313671
1778693116527831043,3.7557389736175537,0.08992651104927063,-0.07967219402925785
1778693116562538008,3.755462408065796,0.09014281630516052,-0.07970492898570808
1778693116596582539,3.755650758743286,0.08977890014648438,-0.07947638126403174
1778693116629076756,3.755059003829956,0.08765536546707153,-0.07825282745175295
1778693116665294650,3.755223035812378,0.08959639072418213,-0.07937451848385332
1778693116698354565,3.755431890487671,0.0895998477935791,-0.07935371853342604
1778693116731359094,3.755988121032715,0.0906376838684082,-0.08005970004308652
1778693116765065211,3.7558069229125977,0.09056821465492249,-0.0799892420850605
1778693116801060852,3.7557740211486816,0.08909770846366882,-0.07910597476071249
1778693116841113555,3.7548818588256836,0.08777543902397156,-0.07827171479175518
1778693116875422631,3.754882574081421,0.08748912811279297,-0.07808088147012708
1778693116908731761,3.7553937435150146,0.08892568945884705,-0.07882752706376794
1778693116941713777,3.75526762008667,0.0894005298614502,-0.07916381323163549
1778693116973568365,3.7552688121795654,0.08943212032318115,-0.07916967459862402
1778693117004095282,3.7552788257598877,0.08951741456985474,-0.07927080894368976
1778693117039077500,3.755197286605835,0.08974134922027588,-0.07938511062550077
1778693117070978076,3.755634069442749,0.09023082256317139,-0.07972862970791844
1778693117102944677,3.7556333541870117,0.08960214257240295,-0.0793745721493769
1778693117136677354,3.752293348312378,0.09069451689720154,-0.0809023478494877
1778693117172274375,3.74422550201416,0.09033718705177307,-0.08168354963018092
1778693117207104754,3.733337879180908,0.09192803502082825,-0.08395933822256879
1778693117241767725,3.7130014896392822,0.09143993258476257,-0.08516041314030176
1778693117278840949,3.6999576091766357,0.09259358048439026,-0.08776958294965823
1778693117312741176,3.68778395652771,0.09425053000450134,-0.09110628016995544
1778693117348457795,3.6743595600128174,0.09572908282279968,-0.09437449362800164
1778693117384914514,3.6608948707580566,0.09577494859695435,-0.09718180970801632
1778693117423631181,3.64855694770813,0.09977635741233826,-0.10223402225564798
1778693117457289376,3.628476142883301,0.09797263145446777,-0.10520271690508184
1778693117491715666,3.615487813949585,0.09944960474967957,-0.1088479288765491
1778693117526760774,3.6023876667022705,0.10062634944915771,-0.11202046171033625
1778693117560850382,3.589477777481079,0.103689044713974,-0.11581642815541994
1778693117594079078,3.577285051345825,0.10590407252311707,-0.11901558986415935
1778693117628440534,3.5628936290740967,0.1058458685874939,-0.12066995748939255
1778693117664312108,3.549900531768799,0.10806870460510254,-0.12343838384732278
1778693117698060556,3.5354044437408447,0.10956251621246338,-0.12534817354955236
1778693117732389840,3.5232009887695312,0.11206373572349548,-0.1276610147020936
1778693117769371841,3.5108208656311035,0.11445894837379456,-0.12968791000415886
1778693117803684944,3.4972057342529297,0.11577394604682922,-0.13109801539342741
1778693117836586487,3.484022378921509,0.11657431721687317,-0.13181346838829858
1778693117871610095,3.4706532955169678,0.11777472496032715,-0.13303127621042568
1778693117906843022,3.456052541732788,0.11822652816772461,-0.13338019912206517
1778693117942214693,3.4373393058776855,0.12414595484733582,-0.13630110415036867
1778693117976592640,3.424208641052246,0.12517386674880981,-0.13694883064824648
1778693118007188959,3.4100961685180664,0.12538418173789978,-0.13677890243403765
1778693118041181482,3.397594690322876,0.1283513307571411,-0.13819107623573432
1778693118077657288,3.3842341899871826,0.13099661469459534,-0.13543992496950433
1778693118112714810,3.37143874168396,0.13395273685455322,-0.129645257343864
1778693118147355628,3.357167959213257,0.13845336437225342,-0.12105015180785829
1778693118181850629,3.3427181243896484,0.13904759287834167,-0.10883284365038391
1778693118216697580,3.3278872966766357,0.14217045903205872,-0.09696705202373745
1778693118251986002,3.3143129348754883,0.1431458592414856,-0.08379193428633785
1778693118287019198,3.3007919788360596,0.14727184176445007,-0.07209234099169301
1778693118320089353,3.2873218059539795,0.14990215003490448,-0.059675367812223656
1778693118355865235,3.274139642715454,0.15296213328838348,-0.04760933483688013
1778693118391222909,3.2589895725250244,0.15225836634635925,-0.03357516219921404
1778693118423692078,3.238793134689331,0.1573997139930725,-0.01578195064187966
1778693118458147503,3.2240891456604004,0.15864723920822144,-0.0030199295142887125
1778693118492473942,3.2104010581970215,0.15946629643440247,0.010040073650966075
1778693118524378254,3.1963281631469727,0.1618107706308365,0.022305877461219956
1778693118559125455,3.1822006702423096,0.1640104055404663,0.03464072084620232
1778693118592472708,3.1685309410095215,0.16438107192516327,0.04791258162547011
1778693118628502363,3.15519118309021,0.16642546653747559,0.060475039276045334
1778693118664071120,3.1399500370025635,0.1677323430776596,0.07323110116394252
1778693118699886176,3.1260640621185303,0.16726523637771606,0.0868164526635562
1778693118738093733,3.1102840900421143,0.16698357462882996,0.1004471900220763
1778693118772247433,3.096116304397583,0.16778962314128876,0.11331052944435067
1778693118806243712,3.0823543071746826,0.16891659796237946,0.12592079945002307
1778693118843166480,3.068549156188965,0.16659194231033325,0.13987454018224407
1778693118878601011,3.045931339263916,0.16591548919677734,0.15998483468673394
1778693118915791529,3.032231569290161,0.16540959477424622,0.17306305118792464
1778693118950856606,3.018157482147217,0.16719156503677368,0.1854654061778354
1778693118987065203,3.0102195739746094,0.16348841786384583,0.1938066213703918
1778693119021686494,2.98858642578125,0.16145232319831848,0.21387821561210973
1778693119058578994,2.974213123321533,0.16122853755950928,0.22692773978574024
1778693119093220794,2.954960346221924,0.15987128019332886,0.24689702839909547
1778693119126769050,2.9410953521728516,0.1570134162902832,0.2609954075979375
1778693119162130652,2.928176164627075,0.15447372198104858,0.2745642264653122
1778693119198960432,2.9141693115234375,0.1551656723022461,0.2869421374518876
1778693119230640637,2.9017956256866455,0.15008807182312012,0.30135242298343096
1778693119266394487,2.886821746826172,0.14899474382400513,0.31445696930023354
1778693119300218719,2.8735191822052,0.14489585161209106,0.32928666086164726
1778693119334195230,2.8579392433166504,0.14235574007034302,0.34296793459048575
1778693119369746274,2.843688488006592,0.14056086540222168,0.3560281371310462
1778693119405584174,2.8342998027801514,0.13583672046661377,0.37021551258143004
1778693119441579864,2.817523717880249,0.13078856468200684,0.3845104852705533
1778693119477172517,2.7966904640197754,0.1263067126274109,0.4044558244824687
1778693119512600115,2.7822189331054688,0.11951583623886108,0.41945572958948724
1778693119550196627,2.769641399383545,0.118472158908844,0.43158381387732897
1778693119587164651,2.7563745975494385,0.11303454637527466,0.4458101455050757
1778693119620512464,2.741877317428589,0.10783565044403076,0.45919910918860063
1778693119654001397,2.732062339782715,0.10187041759490967,0.4735965595846636
1778693119691083408,2.7160263061523438,0.09752881526947021,0.4868524276478574
1778693119727121460,2.6959846019744873,0.08941960334777832,0.5073533375105128
1778693119762812520,2.68379807472229,0.08317685127258301,0.5215401397817667
1778693119798666701,2.671839475631714,0.07719790935516357,0.5349630290954411
1778693119835112138,2.6580934524536133,0.07010531425476074,0.5491515676644286
1778693119871263115,2.64410400390625,0.06651854515075684,0.5614418802593822
1778693119908510792,2.6286468505859375,0.06057536602020264,0.575264795484196
1778693119945826078,2.6133382320404053,0.04901397228240967,0.5967912481138048
1778693119981874359,2.6021411418914795,0.042624711990356445,0.6102523548370313
1778693120018058238,2.5876245498657227,0.03480815887451172,0.6240426226807457
1778693120053687521,2.572664976119995,0.028465867042541504,0.6374804842323406
1778693120086509482,2.5621914863586426,0.022400736808776855,0.6504403581629487
1778693120121851647,2.5498147010803223,0.015032529830932617,0.6643386322699601
1778693120157248006,2.5375804901123047,0.005827784538269043,0.6784392604420115
1778693120192298404,2.5189929008483887,-0.0041702985763549805,0.6984830266292256
1778693120227816595,2.5109305381774902,-0.010564923286437988,0.711898879726605
1778693120267092398,2.498513698577881,-0.019312143325805664,0.725532236029045
1778693120304484410,2.4882798194885254,-0.0270693302154541,0.7392284095915042
1778693120341797462,2.474762439727783,-0.035661935806274414,0.7529871397682546
1778693120382219359,2.4555702209472656,-0.04984450340270996,0.7732543836029055
1778693120419300478,2.442955493927002,-0.05473923683166504,0.7860944190495363
1778693120454423446,2.429975748062134,-0.06271624565124512,0.7990435862766037
1778693120489140269,2.4193274974823,-0.07084989547729492,0.8125027846597109
1778693120525794565,2.4095492362976074,-0.08066213130950928,0.8262973861572749
1778693120559921994,2.389758586883545,-0.09472155570983887,0.8459324554734223
1778693120594357712,2.3835110664367676,-0.10246109962463379,0.8597645678451323
1778693120629289725,2.3739895820617676,-0.10892701148986816,0.8724616203858183
1778693120665177189,2.355701208114624,-0.11672961711883545,0.8846528901872591
1778693120701018215,2.34859037399292,-0.13008928298950195,0.8992881964426116
1778693120736981444,2.3415279388427734,-0.1393052339553833,0.9131766471833197
1778693120772688645,2.322763442993164,-0.14822208881378174,0.9253352510862056
1778693120808250879,2.317758798599243,-0.16007715463638306,0.9396992724735557
1778693120843169667,2.2987964153289795,-0.17885375022888184,0.9600995144726583
1778693120877758837,2.292024612426758,-0.18349283933639526,0.9725479959116369
1778693120911475464,2.291853904724121,-0.19579923152923584,0.9873374812461493
1778693120942264791,2.2711000442504883,-0.20925557613372803,1.0001881716216878
1778693120977066986,2.25862717628479,-0.21802890300750732,1.0128000181617864
1778693121010968245,2.2471916675567627,-0.2311844825744629,1.0267435167853725
1778693121045570069,2.2379188537597656,-0.24269700050354004,1.0404071754873614
1778693121080409325,2.2234110832214355,-0.25449639558792114,1.0532480200321892
1778693121116334361,2.2133729457855225,-0.2681933641433716,1.0673626298481536
1778693121150026962,2.2065837383270264,-0.27665776014328003,1.0803979517375917
1778693121183794896,2.1966590881347656,-0.28966617584228516,1.0933937709214265
1778693121218308462,2.1856935024261475,-0.30224424600601196,1.1066546618920305
1778693121251941680,2.173436164855957,-0.3101133108139038,1.119179532486175
1778693121284547329,2.1672751903533936,-0.32164430618286133,1.1326719066518667
1778693121318070186,2.159134864807129,-0.33545923233032227,1.1463439981810213
1778693121351755312,2.151028633117676,-0.34531518816947937,1.1593980606262266
1778693121386455945,2.145744800567627,-0.36424529552459717,1.1742272039609427
1778693121420686100,2.146744728088379,-0.3774372637271881,1.188370507151435
1778693121453845515,2.1346559524536133,-0.3897456228733063,1.2012605435873116
1778693121488605700,2.12471079826355,-0.40049609541893005,1.2141716559085551
1778693121525221533,2.1194117069244385,-0.41438964009284973,1.2278964612993217
1778693121558729732,2.1105153560638428,-0.4345673620700836,1.2480674753852476
1778693121595178977,2.1045098304748535,-0.44995570182800293,1.2619369010305475
1778693121628479030,2.099210262298584,-0.4624621868133545,1.2760912804616467
1778693121661627113,2.095357894897461,-0.47589820623397827,1.289864532091007
1778693121695807293,2.0897390842437744,-0.4906810522079468,1.3031808511083047
1778693121732131019,2.0818865299224854,-0.5004509091377258,1.3158453843165614
1778693121766310227,2.0772745609283447,-0.5141704082489014,1.3296649031641739
1778693121799181663,2.0731630325317383,-0.528090238571167,1.3436542807672434
1778693121833124370,2.068875789642334,-0.5453389883041382,1.3576996153478393
1778693121865649606,2.061643362045288,-0.5532472729682922,1.3701989359165245
1778693121898045746,2.0583553314208984,-0.5667229890823364,1.3840830666201007
1778693121929768342,2.0527782440185547,-0.5833593010902405,1.3977306972247592
1778693121960497464,2.0504987239837646,-0.5989254713058472,1.4117466796460776
1778693121992313167,2.045208692550659,-0.6113507747650146,1.4248167406596923
1778693122023146458,2.04128360748291,-0.6244337558746338,1.438010857747619
1778693122053967325,2.0395872592926025,-0.6384197473526001,1.452385369041189
1778693122085509306,2.0397651195526123,-0.6471720933914185,1.459548802513501
1778693122119189313,2.032160997390747,-0.6589134931564331,1.4717108517218072
1778693122152975512,2.0338523387908936,-0.6773858666419983,1.4864893523557445
1778693122185060930,2.027974843978882,-0.6908090114593506,1.4995806292845677
1778693122218499426,2.0281572341918945,-0.7059570550918579,1.513565660502141
1778693122251813195,2.0283756256103516,-0.7139383554458618,1.5207955059724678
1778693122282158666,2.021519899368286,-0.7316168546676636,1.5400692329643089
1778693122315084124,2.0217440128326416,-0.7471204400062561,1.5541292788697172
1778693122358208673,2.0194342136383057,-0.7612759470939636,1.567361600261842
1778693122387433819,2.01605224609375,-0.783557653427124,1.587797187918253
1778693122418261859,2.0145137310028076,-0.789079487323761,1.5945100297503414
1778693122449370685,2.015397310256958,-0.8040781617164612,1.6086683589359803
1778693122479294392,2.013190984725952,-0.8163056969642639,1.6217256274593823
1778693122510307345,2.0140202045440674,-0.8337763547897339,1.6354885090590665
1778693122542239481,2.0108120441436768,-0.8459356427192688,1.6488216874695585
1778693122576447063,2.0123348236083984,-0.8605983853340149,1.662237744298302
1778693122606258696,2.0113914012908936,-0.8716577887535095,1.6756234621999933
1778693122637895919,2.0109705924987793,-0.8878320455551147,1.689160663300821
1778693122672251865,2.0133421421051025,-0.8934100270271301,1.6964359006538468
1778693122705331547,2.0106799602508545,-0.910225510597229,1.7091913656791833
1778693122734872825,2.0116963386535645,-0.923678994178772,1.7231089443292662
1778693122767580268,2.0146710872650146,-0.9373049736022949,1.7369186823760958
1778693122799240876,2.015881061553955,-0.9505102634429932,1.7510850840687862
1778693122830569501,2.015313148498535,-0.9636249542236328,1.7640911757999655
1778693122862053101,2.020382881164551,-0.978216290473938,1.778786619717453
1778693122893160785,2.017479419708252,-0.9954490065574646,1.7903448636882415
1778693122925772355,2.0205447673797607,-1.006858229637146,1.8051464226922784
1778693122955334473,2.0228090286254883,-1.0192999839782715,1.818964099959606
1778693122987800015,2.025848150253296,-1.0256785154342651,1.825524200283795
1778693123020837988,2.031728744506836,-1.0427627563476562,1.839800754632401
1778693123049402103,2.0348145961761475,-1.0560556650161743,1.8538694142918595
1778693123079150656,2.0357413291931152,-1.0688533782958984,1.8671270535037603
1778693123107134456,2.038241386413574,-1.082981824874878,1.8803046731946673
1778693123140334428,2.040634870529175,-1.0890368223190308,1.8873981681278438
1778693123170802442,2.0460543632507324,-1.109300971031189,1.9079489762982325
1778693123201436863,2.0492441654205322,-1.1166486740112305,1.9151810676357042
1778693123231412199,2.0511434078216553,-1.1302847862243652,1.928362486241059
1778693123264814827,2.0555827617645264,-1.1402523517608643,1.9421155312715146
1778693123296813770,2.0599405765533447,-1.1579639911651611,1.956032733617855
1778693123328333409,2.0641660690307617,-1.1756305694580078,1.9693681724318572
1778693123359618160,2.0660367012023926,-1.180280089378357,1.982814819298775
1778693123390891770,2.07261323928833,-1.1968812942504883,1.996883627001464
1778693123420455651,2.075617551803589,-1.2118887901306152,2.0094077537757364
1778693123451973486,2.0788838863372803,-1.2177228927612305,2.0169286910352673
1778693123482049173,2.0846734046936035,-1.2314116954803467,2.030914796001844
1778693123511769913,2.088080406188965,-1.2403573989868164,2.0440026704411594
1778693123537618863,2.092725992202759,-1.2572383880615234,2.057293522647876
1778693123565979521,2.0966029167175293,-1.2668225765228271,2.0637557106969386
1778693123593627801,2.0998079776763916,-1.273775339126587,2.0774457657915537
1778693123626001217,2.1085240840911865,-1.2894799709320068,2.0916807253726417
1778693123656416391,2.1150951385498047,-1.3050850629806519,2.1052502310886516
1778693123687885884,2.1183524131774902,-1.31339693069458,2.1185424604834324
1778693123718204264,2.122018575668335,-1.325429916381836,2.12510907624279
1778693123749690960,2.1287331581115723,-1.331973671913147,2.139249172700406
1778693123779108171,2.1313459873199463,-1.3444674015045166,2.152405065763722
1778693123808135710,2.140976667404175,-1.355952501296997,2.166469156531624
1778693123834862624,2.1480484008789062,-1.3763329982757568,2.179248210461752
1778693123863961739,2.146425485610962,-1.3709219694137573,2.1857909968510136
1778693123894171231,2.1572656631469727,-1.3875198364257812,2.2000290362938633
1778693123921717957,2.158669948577881,-1.3947336673736572,2.212381399076847
1778693123950872899,2.1646547317504883,-1.4028878211975098,2.219365882657608
1778693123980929960,2.1756949424743652,-1.4182062149047852,2.2336546774197674
1778693124010129055,2.182570695877075,-1.4278372526168823,2.2468639556874543
1778693124038850431,2.1906888484954834,-1.4389883279800415,2.2608834654360357
1778693124068144498,2.1956522464752197,-1.4450738430023193,2.267773306733314
1778693124097061666,2.201303243637085,-1.4561671018600464,2.2809277330670583
1778693124131820609,2.208887815475464,-1.468118667602539,2.2944022477487467
1778693124160566461,2.2168776988983154,-1.4814821481704712,2.307034321909133
1778693124191048993,2.2278664112091064,-1.4917948246002197,2.3221422475720708
1778693124220360253,2.2333850860595703,-1.4971981048583984,2.3290899810284538
1778693124249896441,2.241645097732544,-1.5097205638885498,2.342313098563903
1778693124280360388,2.24926495552063,-1.5198755264282227,2.3558596387322672
1778693124305161411,2.2565488815307617,-1.5316320657730103,2.3686201996003624
1778693124337028512,2.2631421089172363,-1.536653757095337,2.376415130136704
1778693124365377648,2.264791965484619,-1.5408600568771362,2.3825229381398505
1778693124394703826,2.2816476821899414,-1.5564939975738525,2.4035427578057282
1778693124427634935,2.2907779216766357,-1.5661916732788086,2.4165100937761657
1778693124457638765,2.2990665435791016,-1.575120449066162,2.4301703521430347
1778693124489500496,2.302748441696167,-1.5862988233566284,2.4424737393520117
1778693124521906374,2.3126864433288574,-1.5899946689605713,2.450338337079543
1778693124550582132,2.322967290878296,-1.600262999534607,2.46424698663281
1778693124581744109,2.3352980613708496,-1.6099541187286377,2.4787081440543144
1778693124614040779,2.3423655033111572,-1.6216516494750977,2.490807976346978
1778693124644859222,2.35514235496521,-1.6308387517929077,2.504695483649717
1778693124669796805,2.365701913833618,-1.6406749486923218,2.5176446069231297
1778693124699044523,2.3693268299102783,-1.6461818218231201,2.5242504372678862
1778693124729316765,2.3852224349975586,-1.6576378345489502,2.5397048422692934
1778693124756472516,2.3951632976531982,-1.6685590744018555,2.552750343274815
1778693124784453389,2.4050002098083496,-1.6768429279327393,2.566155411930756
1778693124809979785,2.408881187438965,-1.6815565824508667,2.5728774416784304
1778693124839325700,2.4121885299682617,-1.6918429136276245,2.5849648808024157
1778693124866410466,2.422901153564453,-1.6954379081726074,2.59218078095188
1778693124902600738,2.437300205230713,-1.7041343450546265,2.6062514510727244
1778693124931827817,2.446042060852051,-1.7115857601165771,2.6205350448640194
1778693124963604185,2.4598100185394287,-1.7208763360977173,2.633507350725293
1778693124991707332,2.470815420150757,-1.728216528892517,2.6469741355621195
1778693125021846790,2.48226261138916,-1.7371023893356323,2.6602505302947437
1778693125054138771,2.4865872859954834,-1.736936330795288,2.667239348359566
1778693125085115115,2.498413324356079,-1.744849443435669,2.680528641554478
1778693125113250914,2.512028694152832,-1.751213550567627,2.6950947963663863
1778693125142305053,2.5259461402893066,-1.7593042850494385,2.7084807490723057
1778693125170481540,2.5365500450134277,-1.7658244371414185,2.7219454435916095
1778693125196943979,2.5448057651519775,-1.769631028175354,2.728807967717132
1778693125224828590,2.5516841411590576,-1.7769222259521484,2.74221382841691
1778693125254707181,2.5559334754943848,-1.785589337348938,2.7544166784503994
1778693125285441823,2.571000337600708,-1.7878870964050293,2.7622305114139634
1778693125318003639,2.583913803100586,-1.792601466178894,2.7765716578618442
1778693125348510227,2.5957767963409424,-1.7996304035186768,2.789718939639912
1778693125379266611,2.608491897583008,-1.807298183441162,2.8027976755419255
1778693125406391303,2.621432304382324,-1.8126319646835327,2.8167016212294187
1778693125434708097,2.628948450088501,-1.8156211376190186,2.823491783724671
1778693125465326388,2.6410253047943115,-1.8207905292510986,2.8373120951321633
1778693125492490254,2.658991813659668,-1.835853099822998,2.8512976967154424
1778693125519618252,2.673943281173706,-1.8414057493209839,2.864879698119696
1778693125547454500,2.6792399883270264,-1.8440062999725342,2.8716610251972545
1778693125572432099,2.6906638145446777,-1.8483614921569824,2.885197753116155
1778693125599310312,2.6951632499694824,-1.85043466091156,2.8923320995166435
1778693125628216970,2.709897041320801,-1.856273889541626,2.906101151454757
1778693125656813006,2.7250006198883057,-1.8617238998413086,2.9193753314888466
1778693125686116731,2.7350544929504395,-1.8672311305999756,2.9320901995680897
1778693125714162589,2.7447454929351807,-1.8680553436279297,2.939496701474605
1778693125742894585,2.759293556213379,-1.8726887702941895,2.9535098904975032
1778693125775415001,2.7729735374450684,-1.8774874210357666,2.9667795710912634
1778693125802978710,2.7873003482818604,-1.8815131187438965,2.9803664135334365
1778693125834021991,2.7950870990753174,-1.8842462301254272,2.986456247227732
1778693125865496624,2.808971643447876,-1.8857793807983398,3.0010416078115036
1778693125898214577,2.822134494781494,-1.8902419805526733,3.014078942763531
1778693125930463566,2.834193468093872,-1.8933647871017456,3.02788568480373
1778693125958780651,2.849628210067749,-1.8945575952529907,3.0423099624043735
1778693125988873500,2.8624374866485596,-1.8979032039642334,3.0558003868319252
1778693126020059944,2.8710503578186035,-1.899793267250061,3.0621553028413313
1778693126048682691,2.8866987228393555,-1.9028452634811401,3.075901512969779
1778693126076199470,2.901400566101074,-1.9038925170898438,3.0899707842490596
1778693126103794008,2.9056663513183594,-1.906419277191162,3.0963039944099573
1778693126133754214,2.923384189605713,-1.9076147079467773,3.11022769951845
1778693126165079132,2.9353349208831787,-1.9111462831497192,3.123015447227204
1778693126193006634,2.9512603282928467,-1.9094167947769165,3.138374850927022
1778693126220515087,2.9644839763641357,-1.9122247695922852,-3.131762596099917
1778693126249291237,2.973245859146118,-1.9127365350723267,-3.1243162178072703
1778693126275712057,2.9853932857513428,-1.9141250848770142,-3.1113195716328597
1778693126300668836,2.998689651489258,-1.9175511598587036,-3.098542559227793
1778693126329876939,3.0106170177459717,-1.915675401687622,-3.0909871166485265
1778693126357044954,3.020510673522949,-1.9159462451934814,-3.077021697821776
1778693126386319423,3.035649538040161,-1.9174131155014038,-3.064088825930684
1778693126413062327,3.0462682247161865,-1.9163681268692017,-3.0566095575032683
1778693126441937275,3.057135581970215,-1.917632818222046,-3.043326264237403
1778693126475921262,3.073288679122925,-1.9210001230239868,-3.031520715661017
1778693126503007791,3.092132091522217,-1.9226596355438232,-3.018434711764704
1778693126531653401,3.097429037094116,-1.9224690198898315,-3.0117272733431766
1778693126562807894,3.1120851039886475,-1.9230101108551025,-2.9986299144640833
1778693126593016304,3.1256492137908936,-1.920785903930664,-2.9839458774990106
1778693126628060591,3.143653631210327,-1.920898199081421,-2.970172859489974
1778693126655788954,3.1602227687835693,-1.9221389293670654,-2.9575831329739524
1778693126682500368,3.1677255630493164,-1.9221224784851074,-2.9512975754724953
1778693126712878922,3.181643009185791,-1.9217017889022827,-2.9380758529635584
1778693126741968970,3.1948721408843994,-1.9158039093017578,-2.9225589389024216
1778693126768446338,3.212268352508545,-1.916062355041504,-2.909954661880784
1778693126796801465,3.21744966506958,-1.9156385660171509,-2.9035064525655723
1778693126825371702,3.2333335876464844,-1.9124360084533691,-2.8892663664340628
1778693126853695078,3.244685649871826,-1.908203125,-2.8748970410406343
1778693126881345362,3.254218816757202,-1.9087140560150146,-2.8688131152093033
1778693126910501887,3.2672054767608643,-1.9071871042251587,-2.855908326327765
1778693126939859444,3.2816104888916016,-1.905221700668335,-2.842337473182827
1778693126969651801,3.296260356903076,-1.9041324853897095,-2.8296448611203426
1778693126996027505,3.3030762672424316,-1.9000189304351807,-2.8218123376977813
1778693127024211897,3.3138468265533447,-1.8996765613555908,-2.808296636114259
1778693127048823028,3.3306827545166016,-1.894249439239502,-2.794099620342862
1778693127076630050,3.3354849815368652,-1.8920809030532837,-2.787187238963532
1778693127102815442,3.3514456748962402,-1.8920519351959229,-2.7744173471342712
1778693127131114562,3.357332706451416,-1.88768470287323,-2.7665472167580063
1778693127160011432,3.372852325439453,-1.884324550628662,-2.753218484327471
1778693127185968007,3.38557767868042,-1.8786861896514893,-2.7390273310824895
1778693127210795660,3.3901708126068115,-1.8774334192276,-2.7323634677317803
1778693127240843324,3.404602527618408,-1.8736093044281006,-2.718798090534337
1778693127268863302,3.417451858520508,-1.867565631866455,-2.7046622734499963
1778693127297313931,3.426894187927246,-1.8642423152923584,-2.6974859642072215
1778693127324125276,3.4359827041625977,-1.8598594665527344,-2.6838855971817606
1778693127350448520,3.450467586517334,-1.8516263961791992,-2.6689138956227008
1778693127378959173,3.4588418006896973,-1.8531132936477661,-2.663646799732728
1778693127404884619,3.471221446990967,-1.8473256826400757,-2.649865987960056
1778693127432218660,3.4766058921813965,-1.8423811197280884,-2.6423116740752337
1778693127460157133,3.4933276176452637,-1.837196707725525,-2.629189756222508
1778693127487076894,3.5085833072662354,-1.8328311443328857,-2.616080415916065
1778693127515039273,3.508932590484619,-1.8293055295944214,-2.608833335936349
1778693127542942499,3.5266919136047363,-1.8238672018051147,-2.5955947955203826
1778693127571395622,3.535277843475342,-1.818630337715149,-2.5882391513077105
1778693127600284196,3.541372299194336,-1.8123923540115356,-2.5742872391645992
1778693127628698286,3.555401563644409,-1.8014830350875854,-2.5591748281635605
1778693127655755760,3.5719046592712402,-1.7974334955215454,-2.546846040711871
1778693127682988648,3.5755395889282227,-1.7972369194030762,-2.5405181230302
1778693127711540420,3.5911524295806885,-1.7875155210494995,-2.526516744485004
1778693127738467244,3.6080219745635986,-1.783301830291748,-2.5140167506223805
1778693127764230030,3.6118881702423096,-1.778316617012024,-2.5070729089408466
1778693127794328620,3.624011516571045,-1.7712161540985107,-2.4934373645223067
1778693127823969989,3.635084629058838,-1.7637845277786255,-2.4797404772167817
1778693127852600221,3.648092746734619,-1.7557237148284912,-2.4662578598686355
1778693127881410976,3.661410331726074,-1.7502797842025757,-2.458478075719409
1778693127908896366,3.673902988433838,-1.743106484413147,-2.445485945437852
1778693127935496417,3.6869263648986816,-1.7343753576278687,-2.431911918041849
1778693127964365414,3.6927576065063477,-1.7302839756011963,-2.4252302649777606
1778693127989069121,3.704514503479004,-1.7221951484680176,-2.411639010432609
1778693128016198322,3.709632396697998,-1.7184274196624756,-2.4047353528774202
1778693128041585832,3.7225208282470703,-1.7105648517608643,-2.392141719151049
1778693128069435556,3.7318108081817627,-1.701443076133728,-2.3779658252056124
1778693128097551126,3.740540027618408,-1.6978421211242676,-2.3717904000267036
1778693128126421025,3.7496747970581055,-1.68954598903656,-2.3582832178877386
1778693128153346627,3.7560694217681885,-1.6837654113769531,-2.351251990753808
1778693128182177200,3.766688585281372,-1.6754440069198608,-2.338073411788492
1778693128205468015,3.7780678272247314,-1.6654858589172363,-2.324395761946281
1778693128232212121,3.7818682193756104,-1.6611607074737549,-2.317378222266045
1778693128256261441,3.7933754920959473,-1.651143193244934,-2.30356107026987
1778693128282576910,3.805877208709717,-1.6406499147415161,-2.2904280665847376
1778693128312849452,3.8088314533233643,-1.634099006652832,-2.2829453940289968
1778693128340514834,3.823371171951294,-1.6259698867797852,-2.270241086847929
1778693128366861263,3.8296499252319336,-1.6164036989212036,-2.256180259263789
1778693128393667778,3.835599184036255,-1.6119325160980225,-2.249746748091332
1778693128419860493,3.8465683460235596,-1.5995824337005615,-2.235792566062742
1778693128446046957,3.851480007171631,-1.5971543788909912,-2.229859898043014
1778693128475660182,3.864257574081421,-1.585231065750122,-2.216600675642863
1778693128501419992,3.8723387718200684,-1.5762217044830322,-2.202779102513953
1778693128527918230,3.881239175796509,-1.5668436288833618,-2.196371533568704
1778693128554213291,3.8889567852020264,-1.559647798538208,-2.1831372420451483
1778693128580142674,3.893638849258423,-1.5534018278121948,-2.1763906514034472
1778693128606534970,3.8997693061828613,-1.5475122928619385,-2.169443121613185
1778693128635810982,3.9121625423431396,-1.5316648483276367,-2.1490832055663747
1778693128660668573,3.9165475368499756,-1.5256962776184082,-2.1420833171440483
1778693128687768307,3.923327684402466,-1.514293909072876,-2.1280923789709854
1778693128716471347,3.928476572036743,-1.5107297897338867,-2.122223694017744
1778693128739229456,3.940215587615967,-1.4992914199829102,-2.1086824670310986
1778693128763282774,3.9422755241394043,-1.493837594985962,-2.101540263621862
1778693128789495858,3.9533979892730713,-1.480686902999878,-2.0880503980279133
1778693128816670174,3.956085443496704,-1.4737627506256104,-2.080567014757273
1778693128841973554,3.9666481018066406,-1.4635956287384033,-2.067887696429357
1778693128866490486,3.970181941986084,-1.4552648067474365,-2.0606112240903944
1778693128890798729,3.9785611629486084,-1.4465277194976807,-2.047607617196272
1778693128912869407,3.9871022701263428,-1.4320309162139893,-2.0335781006414293
1778693128937536525,3.9889702796936035,-1.426328182220459,-2.026466567910606
1778693128958957395,3.9900169372558594,-1.4248889684677124,-2.0201875556956197
1778693128982482055,3.999831438064575,-1.4084672927856445,-2.006176213937654
1778693129004883173,4.003695011138916,-1.4007337093353271,-1.998908470625243
1778693129027302306,4.008503437042236,-1.3930349349975586,-1.991990742668916
1778693129050968315,4.013089179992676,-1.3885892629623413,-1.97980148706355
1778693129073171696,4.01204252243042,-1.3833038806915283,-1.971608697672217
1778693129096856431,4.019110679626465,-1.3707813024520874,-1.9584702578128756
1778693129117135565,4.027552604675293,-1.3621795177459717,-1.9523495544245502
1778693129139961303,4.029378890991211,-1.3602758646011353,-1.946520810762435
1778693129161129691,4.033603191375732,-1.34317946434021,-1.9312455949284038
1778693129183819239,4.0404253005981445,-1.3362094163894653,-1.925075830369823
1778693129205566632,4.043884754180908,-1.3309252262115479,-1.918701033337887
1778693129227995192,4.0510454177856445,-1.3209339380264282,-1.9122133221315938
1778693129251090313,4.05483341217041,-1.305351734161377,-1.8974261639537326
1778693129276390638,4.058037757873535,-1.303418755531311,-1.8915254807363548
1778693129299769850,4.065347671508789,-1.2927327156066895,-1.8787741670750877
1778693129322293562,4.068073749542236,-1.2882863283157349,-1.8723849749883592
1778693129345131133,4.070981979370117,-1.2778481245040894,-1.864689995327029
1778693129366996600,4.083706855773926,-1.2677828073501587,-1.852910202798321
1778693129390761428,4.084915637969971,-1.2626954317092896,-1.8463729566956124
1778693129414471401,4.089936256408691,-1.2447715997695923,-1.8316327870985418
1778693129438343743,4.09221076965332,-1.2349616289138794,-1.8241238391472965
1778693129460533368,4.094140529632568,-1.236383318901062,-1.8192565820997324
1778693129482353419,4.099750995635986,-1.2267893552780151,-1.8065529996523526
1778693129505378527,4.102510929107666,-1.204365849494934,-1.797019820166071
1778693129528324503,4.1024298667907715,-1.2023670673370361,-1.7899376152436846
1778693129551352286,4.107464790344238,-1.1904942989349365,-1.7769586963060833
1778693129573996197,4.109908103942871,-1.1827738285064697,-1.7702110246028495
1778693129598638568,4.114985466003418,-1.1759328842163086,-1.7581074325772694
1778693129620055460,4.117833614349365,-1.167741060256958,-1.7512101474461408
1778693129651324111,4.119681358337402,-1.154918909072876,-1.743209193898298
1778693129674672625,4.12723970413208,-1.1465225219726562,-1.731541608052482
1778693129695467601,4.129948616027832,-1.1228139400482178,-1.7157561013905205
1778693129717526918,4.130739688873291,-1.1125383377075195,-1.7083578614557533
1778693129738969720,4.134006977081299,-1.1108624935150146,-1.7028515879497614
1778693129761699184,4.1344380378723145,-1.0981864929199219,-1.6948696590811245
1778693129783989932,4.137636661529541,-1.079854965209961,-1.6806448311206033
1778693129807047211,4.138088226318359,-1.0683947801589966,-1.6729113668253137
1778693129828999424,4.141587257385254,-1.0534894466400146,-1.6592337147647784
1778693129852056863,4.139941692352295,-1.0480083227157593,-1.6516764895287066
1778693129875577425,4.13999080657959,-1.0401161909103394,-1.6446532769736784
1778693129898600128,4.148018836975098,-1.0300085544586182,-1.633104812671985
1778693129921955325,4.1473774909973145,-1.019843339920044,-1.6254032852516116
1778693129950774597,4.148941993713379,-1.0136452913284302,-1.6188464717141176
1778693129980529803,4.151699542999268,-0.9992554783821106,-1.6054476997548157
1778693130009046267,4.154463291168213,-0.9856640100479126,-1.59225332873571
1778693130035725420,4.15458869934082,-0.970337986946106,-1.577910711464719
1778693130061650355,4.15667200088501,-0.9644114971160889,-1.5717349120819806
1778693130093141519,4.155445575714111,-0.9480842351913452,-1.5573734116631819
1778693130124277176,4.158907413482666,-0.9352329969406128,-1.543992249988539
1778693130151733961,4.159177303314209,-0.9191415905952454,-1.530674707584572
1778693130179580679,4.156809329986572,-0.9127284288406372,-1.5229911719678086
1778693130207184234,4.158301830291748,-0.8983085751533508,-1.5098327274264023
1778693130232945016,4.161264896392822,-0.8857954144477844,-1.4968397173133845
1778693130260007719,4.161291599273682,-0.8792452812194824,-1.490114242116057
1778693130285972580,4.166406631469727,-0.8695405125617981,-1.4781059199934987
1778693130313775705,4.162276268005371,-0.8602284789085388,-1.4699176050435374
1778693130341793159,4.162631511688232,-0.845723569393158,-1.4564840504064085
1778693130369421380,4.165421485900879,-0.8339362740516663,-1.4438192151634164
1778693130397136087,4.164791107177734,-0.8277118802070618,-1.4368898476589818
1778693130424504433,4.163417816162109,-0.8141893744468689,-1.4231170795551669
1778693130451864303,4.1611504554748535,-0.7979534268379211,-1.408911790752774
1778693130480776692,4.163733959197998,-0.7931846380233765,-1.4028685424165774
1778693130512688649,4.15805721282959,-0.7776283025741577,-1.3873253321745458
1778693130546293943,4.1601762771606445,-0.7637726664543152,-1.3751833130868032
1778693130580230078,4.156829357147217,-0.7489906549453735,-1.3608709004374302
1778693130616466618,4.1541008949279785,-0.7340218424797058,-1.3467161101571596
1778693130650002390,4.151694297790527,-0.7200990915298462,-1.333047687602214
1778693130682440800,4.150981426239014,-0.7071101665496826,-1.3194719943200488
1778693130715057380,4.148373126983643,-0.6917072534561157,-1.3060470204222188
1778693130746500673,4.150384426116943,-0.6797633171081543,-1.2941145097233682
1778693130778062232,4.146150588989258,-0.667245626449585,-1.279344766617866
1778693130810932936,4.14166259765625,-0.6539065837860107,-1.2647153391611696
1778693130842798264,4.141647815704346,-0.6416499614715576,-1.2523149416856185
1778693130874140435,4.135788440704346,-0.6282055377960205,-1.2371530064498164
1778693130905834877,4.131167888641357,-0.6168642044067383,-1.2220291228276086
1778693130938446407,4.1351118087768555,-0.6106891632080078,-1.2178714867100133
1778693130971083626,4.125338077545166,-0.5968588590621948,-1.2016611369104295
1778693131003598883,4.129539966583252,-0.5847809314727783,-1.1918654537041407
1778693131036237494,4.119718074798584,-0.5721406936645508,-1.1747256398153545
1778693131067112484,4.118007659912109,-0.5580770969390869,-1.1635598400340104
1778693131099316588,4.106668472290039,-0.5472666025161743,-1.1458127958361564
1778693131132021817,4.108736991882324,-0.5326039791107178,-1.1360154320037539
1778693131179791389,4.104069709777832,-0.5180604457855225,-1.1230576832213974
1778693131211392243,4.096395015716553,-0.4983243942260742,-1.101799766658472
1778693131241754586,4.093347549438477,-0.4844176769256592,-1.0891650593325555
1778693131272342539,4.084905624389648,-0.47119879722595215,-1.0743519987177321
1778693131304017063,4.079527854919434,-0.4648549556732178,-1.0663031577777329
1778693131333493197,4.0747175216674805,-0.45250117778778076,-1.0523490577148644
1778693131364650185,4.07158088684082,-0.43846702575683594,-1.0401122687014521
1778693131393650061,4.065972328186035,-0.42710578441619873,-1.0257971626535742
1778693131425389819,4.057582378387451,-0.4149904251098633,-1.0113586126543683
1778693131455805444,4.0526323318481445,-0.4013160467147827,-0.9983754120474293
1778693131488096773,4.050724983215332,-0.39528024196624756,-0.9923791425302507
1778693131516861101,4.038954734802246,-0.38346636295318604,-0.9755233017427881
1778693131547231769,4.030194282531738,-0.3702046871185303,-0.9617028746163637
1778693131580214637,4.023253440856934,-0.35842859745025635,-0.9480670748408158
1778693131615427626,4.017524242401123,-0.3463320732116699,-0.934272700178513
1778693131647706723,4.011532783508301,-0.334206223487854,-0.9210261829026005
1778693131681406547,4.00375509262085,-0.3220047950744629,-0.9082021603285851
1778693131717195894,4.000349998474121,-0.3179875612258911,-0.9020093641998606
1778693131750347073,3.996171474456787,-0.30627214908599854,-0.8912717969563468
1778693131785831690,3.9910101890563965,-0.3047417402267456,-0.8852271658270305
1778693131822844890,3.9923551082611084,-0.3024098873138428,-0.8855686368977417
1778693131856159961,3.989572286605835,-0.30311357975006104,-0.884043246172455
1778693131889993590,3.990091323852539,-0.30283117294311523,-0.8841130932420581
1778693131924300041,3.9889636039733887,-0.3037147521972656,-0.883312966774678
1778693131956926289,3.988895893096924,-0.3040335178375244,-0.8829740151106037
1778693131994016636,3.990544557571411,-0.3038390874862671,-0.8837892011818408
1778693132027537921,3.989638328552246,-0.3037487268447876,-0.883471101436706
1778693132059822578,3.988888740539551,-0.30366480350494385,-0.8831914926493214
1778693132091961988,3.990091323852539,-0.30298149585723877,-0.8839481179702208
1778693132123021269,3.9893243312835693,-0.302992582321167,-0.8836547517934464
1778693132154948295,3.9886367321014404,-0.3037451505661011,-0.8831299712201109
1778693132187401042,3.989342212677002,-0.30255401134490967,-0.8840234780234868
1778693132221545494,3.9884238243103027,-0.303081750869751,-0.8832300833938999
1778693132255880720,3.9883475303649902,-0.3034360408782959,-0.8830864913396983
1778693132288694636,3.990790605545044,-0.3032965660095215,-0.8840340636525134
1778693132323772146,3.9864511489868164,-0.302964448928833,-0.883974205042656
1778693132357816037,3.986267566680908,-0.3033941984176636,-0.8835964903214487
1778693132389392003,3.9864280223846436,-0.30295848846435547,-0.883903258724418
1778693132421243404,3.9866976737976074,-0.30291104316711426,-0.8840264593555153
1778693132454646864,3.987043619155884,-0.30267035961151123,-0.8843596444944947
1778693132489591190,3.986847400665283,-0.3026416301727295,-0.8843109818849381
1778693132524018842,3.9860458374023438,-0.3033413887023926,-0.883643697293262
1778693132557733485,3.98640775680542,-0.3029438257217407,-0.8839517299666636
1778693132592116552,3.986104965209961,-0.3034104108810425,-0.8836029561565816
1778693132626241547,3.985832691192627,-0.30281686782836914,-0.883938998450379
1778693132660073162,3.986253499984741,-0.30264389514923096,-0.8840768712469759
1778693132691575889,3.986215353012085,-0.30250775814056396,-0.8841582671474044
1778693132723615489,3.984804630279541,-0.30236291885375977,-0.8837442463858939
1778693132757266791,3.9851715564727783,-0.3025277853012085,-0.8837045582408877
1778693132789160773,3.985288619995117,-0.30248355865478516,-0.8837767559111688
1778693132823049117,3.9855422973632812,-0.3028491735458374,-0.8836704912260743
1778693132856591842,3.9844608306884766,-0.302720308303833,-0.8831925498824451
1778693132890207957,3.985434055328369,-0.30246853828430176,-0.8837197490323568
1778693132924856400,3.9848835468292236,-0.3026539087295532,-0.8834021088116998
1778693132957385743,3.984342575073242,-0.3031097650527954,-0.8829629939633993
1778693132989687703,3.9850635528564453,-0.30274760723114014,-0.8833479033381411
1778693133020524170,3.9845728874206543,-0.30300652980804443,-0.8830539017201469
1778693133057058347,3.9846630096435547,-0.30330145359039307,-0.8829017928529193
1778693133090529706,3.9851701259613037,-0.30327844619750977,-0.8830698401110297
1778693133123839517,3.9847021102905273,-0.3032947778701782,-0.88299166322982
1778693133157422399,3.9842586517333984,-0.30319130420684814,-0.8829027778829585
1778693133191830654,3.9836621284484863,-0.3035130500793457,-0.8824353558227472
1778693133226447045,3.983839750289917,-0.30331504344940186,-0.8826008545153784
1778693133260402928,3.9847168922424316,-0.30342960357666016,-0.8827464240700281
1778693133295532578,3.984088897705078,-0.30431437492370605,-0.8821065982736569
1778693133333824395,3.9837851524353027,-0.3041863441467285,-0.8820427894101217
1778693133368672598,3.983556032180786,-0.30340850353240967,-0.8824005073813226
1778693133403466819,3.98468017578125,-0.3029736280441284,-0.8830419429627707
1778693133437065901,3.9847254753112793,-0.3028271198272705,-0.8831451227817351
1778693133471136372,3.985297918319702,-0.3027569055557251,-0.8833512926734148
1778693133504327096,3.9849634170532227,-0.30240368843078613,-0.883436246310346
1778693133538661009,3.9855456352233887,-0.3025240898132324,-0.8835677614610021
1778693133572228902,3.9857211112976074,-0.30259811878204346,-0.8835199221021508
1778693133607205120,3.984579563140869,-0.3033550977706909,-0.882760916091461
1778693133641893529,3.9851226806640625,-0.3029320240020752,-0.883157317564487
1778693133675445742,3.9857687950134277,-0.3029593229293823,-0.8834617721954247
1778693133708258295,3.985435962677002,-0.30247390270233154,-0.8834666815122358
1778693133744606007,3.984708786010742,-0.3030472993850708,-0.883079898895076
1778693133779458979,3.985661506652832,-0.3029494285583496,-0.8834602200598978
1778693133812868230,3.9850592613220215,-0.302737832069397,-0.8833516980051707
1778693133845958462,3.9845285415649414,-0.3028426170349121,-0.8831046785714827
1778693133881064216,3.9852585792541504,-0.3023834228515625,-0.8836368957775328
1778693133917234640,3.984760046005249,-0.30236124992370605,-0.8833650133882008
1778693133952753873,3.9846339225769043,-0.3025989532470703,-0.8831217946944996
1778693133986636345,3.9833316802978516,-0.3034524917602539,-0.8822311100810406
1778693134022776762,3.9835808277130127,-0.3029741048812866,-0.8824899508075622
1778693134058151248,3.984783172607422,-0.30277109146118164,-0.8831138845992876
1778693134089705673,3.9840118885040283,-0.30326950550079346,-0.8824952067754338
1778693134122275755,3.985018730163574,-0.3024404048919678,-0.883379355079246
1778693134154716790,3.983901023864746,-0.30362772941589355,-0.8822703544903725
1778693134188782632,3.9839446544647217,-0.30342066287994385,-0.8823448227437607
1778693134220038458,3.985689163208008,-0.3029649257659912,-0.8831463234900647
1778693134254051740,3.9846560955047607,-0.3032388687133789,-0.8827064627104068
1778693134286161854,3.9844226837158203,-0.303088903427124,-0.8827638906817613
1778693134318749609,3.984130859375,-0.30314767360687256,-0.8825739952565373
1778693134351420502,3.983816385269165,-0.30346381664276123,-0.882301907314636
1778693134384302979,3.9840569496154785,-0.30333101749420166,-0.882439028082792
1778693134417062872,3.98471736907959,-0.30282270908355713,-0.8827985085296468
1778693134451658814,3.9850432872772217,-0.3029226064682007,-0.8829215652247634
1778693134484663013,3.9856395721435547,-0.30246293544769287,-0.8834951612549379
1778693134518415117,3.985576629638672,-0.3023703098297119,-0.8834402822835166
1778693134552846546,3.985807180404663,-0.302831768989563,-0.8833637519814124
1778693134585736106,3.985198736190796,-0.3026973009109497,-0.88313316282904
1778693134618743651,3.9836673736572266,-0.30343055725097656,-0.882238619516791
1778693134651672536,3.9842019081115723,-0.30351436138153076,-0.88242041766117
1778693134682751244,3.9843404293060303,-0.30302727222442627,-0.882666454388907
1778693134715736417,3.984419822692871,-0.3034769296646118,-0.882500325074319
1778693134748238328,3.983867645263672,-0.3031843900680542,-0.8824342067568369
1778693134781507051,3.9835667610168457,-0.3031972646713257,-0.8823154173570542
1778693134818671810,3.9837088584899902,-0.3032872676849365,-0.8823720250323618
1778693134849973233,3.984309673309326,-0.3028069734573364,-0.8827757632283632
1778693134884095853,3.9838922023773193,-0.30292582511901855,-0.8826105373719747
1778693134915267158,3.9835195541381836,-0.3031874895095825,-0.882341288280593
1778693134947699416,3.9832212924957275,-0.3032916784286499,-0.8822305961003012
1778693134981529339,3.983765125274658,-0.30284976959228516,-0.8826275701932964
1778693135012933287,3.9836573600769043,-0.30332326889038086,-0.8823941020939384
1778693135045642924,3.9830846786499023,-0.3034015893936157,-0.882078456241455
1778693135079029121,3.9849867820739746,-0.3032172918319702,-0.8828153612948697
1778693135112721471,3.9856162071228027,-0.302334189414978,-0.8835744555433356
1778693135144727948,3.9854094982147217,-0.3027782440185547,-0.8832142272536612
1778693135178296913,3.9848697185516357,-0.30311119556427,-0.8827728563119852
1778693135212494947,3.9854259490966797,-0.3025810718536377,-0.8833387115710212
1778693135245774450,3.985142230987549,-0.3031958341598511,-0.8828744170091736
1778693135278401881,3.984407663345337,-0.3026975393295288,-0.8828940371428498
1778693135311801633,3.9847300052642822,-0.30292177200317383,-0.8829287690585412
1778693135344548111,3.984243631362915,-0.30328691005706787,-0.8824415138889934
1778693135376563745,3.985224723815918,-0.3029184341430664,-0.8829585864224311
1778693135409564507,3.98468017578125,-0.3029853105545044,-0.8827814740966089
1778693135442545832,3.9849159717559814,-0.30263400077819824,-0.883065228398887
1778693135473658906,3.9849119186401367,-0.3032160997390747,-0.8825476592392535
1778693135505935197,3.984879493713379,-0.3025846481323242,-0.8829979931492518
1778693135537591396,3.984213352203369,-0.3033733367919922,-0.882380763179236
