t_ns,x,y,yaw
1778740403112663826,-4.0536860643708345e-06,-6.655797186595921e-11,-3.7821126768200486e-06
1778740403113583368,-1.735978784594264e-05,-2.708369580942191e-10,-1.0273066123112073e-05
1778740403159402002,-4.2324052151463266e-05,-6.397733717152418e-10,-2.0967775085534157e-05
1778740403209650677,-6.698516213107222e-05,-5.485283228385304e-10,-3.4309785694741635e-05
1778740403259261206,-8.310010165890421e-05,-6.306736988726124e-10,-4.012525139440726e-05
1778740403309202074,-0.00010384549745757633,-5.922078633397851e-10,-4.7493596509795566e-05
1778740403359197377,-0.00011925758983892712,-8.121087867646222e-10,-5.1589769791249296e-05
1778740403409361010,-0.0001412585595261206,-9.431585105290956e-10,-5.617308007677124e-05
1778740403459246272,-0.00015597126089996946,-1.1786780140067137e-09,-6.028288568948881e-05
1778740403509267884,-0.00016935579119063606,-1.180154009445161e-09,-6.475945607364862e-05
1778740403559177122,-0.00019577542553527797,-1.3045716286282889e-09,-7.339804484729485e-05
1778740403609066473,-0.00021669572996218988,-1.1758747564420295e-09,-8.46656444060123e-05
1778740403659454634,-0.00023133063429721932,-1.3722321598113288e-09,-0.00010216460536316418
1778740403709157368,-0.0002515488978086048,-1.600019117795775e-09,-0.00012176928619878068
1778740403759407967,-0.00027221315808659974,-9.67538106432729e-10,-0.00013444308142585015
1778740403809166969,-0.00029385038458400837,-2.1759508528942748e-09,-0.00013418859754787962
1778740403859100313,-0.00031479471108865115,-1.6080378104606754e-09,-0.000131181306620487
1778740403909121535,-0.000328632371041658,-2.8692892174676626e-09,-0.00013099030570495884
1778740403975350298,-0.0003496993211470014,-3.2000466667870483e-09,-0.00013179153636322383
1778740404009906843,-0.0003660558164880908,-3.562680359511302e-09,-0.0001329386672934696
1778740404059466044,-0.00038458275097661527,-3.8523754494872135e-09,-0.00013451705832068225
1778740404109326610,-0.00040508507635809895,-3.371859211217674e-09,-0.00013638471599586313
1778740404159591826,-0.0004214060978730195,-4.31470633112194e-09,-0.0001389360808818907
1778740404208888137,-0.00044060419580445217,-4.576438484103227e-09,-0.00013890299106167345
1778740404259165927,-0.0004617113392571386,-4.912766748251659e-09,-0.00013722783162473107
1778740404325402787,-0.0004898773219706259,-5.404526657572021e-09,-0.00013234768659309284
1778740404375288179,-0.0005038015651893594,-5.747027485192773e-09,-0.00013154424293171374
1778740404409042676,-0.0005175988967275024,-5.961138708101005e-09,-0.0001327295216855262
1778740404459097051,-0.000531692496066416,-6.1817577817784015e-09,-0.0001354695586242016
1778740404509177255,-0.000554882122108781,-6.412916847652641e-09,-0.00013920065637584858
1778740404558940204,-0.0005668067708473648,-6.591593472625911e-09,-0.00014131924299620732
1778740404608911851,-0.0005859472734217003,-6.73799409736666e-09,-0.00014359551023401806
1778740404658828073,-0.0006141590655768938,-6.952981092177473e-09,-0.0001437156911006099
1778740404708938224,-0.0006297970687401824,-7.219635644620056e-09,-0.00014137393271163035
1778740404759324902,-0.000650159004742106,-6.99923255580779e-09,-0.00014047877758915914
1778740404825451901,-0.000674046536072239,-7.806075620357669e-09,-0.00013938576379013412
1778740404858980277,-0.0006875412354719352,-7.827570269341903e-09,-0.00013963065645183906
1778740404909003292,-0.0007015411051715625,-7.829260870357341e-09,-0.00013816237979868975
1778740404959105237,-0.0007277289903420734,-8.225454499477303e-09,-0.00013846791134675132
1778740405009471106,-0.0007409168636408599,-8.233031444420243e-09,-0.00014014477154278282
1778740405058915899,-0.0007632061086022326,-8.645708913028948e-09,-0.0001418174791605331
1778740405108965394,-0.0007767332143736789,-8.855355413544386e-09,-0.0001367389004327535
1778740405175306422,-0.0008054903390102803,-9.346492585602924e-09,-0.00012277894925372124
1778740405208989793,-0.0008117498023943616,-9.588227574822117e-09,-0.00012086988685755529
1778740405259052244,-0.0008405463942871036,-1.0093217438077831e-08,-0.00012282579300837424
1778740405308813600,-0.0008559983400611498,-1.0616487002546024e-08,-0.00013466375595116986
1778740405358996099,-0.0008816723772612756,-1.065951932913758e-08,-0.00014893620619904627
1778740405408721467,-0.0008953507726565174,-1.0632912477925848e-08,-0.000163629639739149
1778740405458816980,-0.0009160643906008317,-1.077960071303123e-08,-0.00016906070743960555
1778740405508814607,-0.0009360928533480961,-1.1355672198865033e-08,-0.00017477920773689706
1778740405559103659,-0.0009572375971250865,-1.0856257737037737e-08,-0.00017831562620340693
1778740405609011654,-0.000977488323415596,-1.1504525741561636e-08,-0.00017980629815683716
1778740405659632579,-0.0010008363383857528,-1.1914625817345386e-08,-0.00018149223971741788
1778740405708852022,-0.0010145141736878224,-1.1704100459202146e-08,-0.0001825633103260671
1778740405759186571,-0.0010234533591750674,-1.2197563692353525e-08,-0.00018416219199757222
1778740405809000006,-0.0010498280588613716,-1.2336899513948054e-08,-0.00018958948032210543
1778740405859129735,-0.001070727440437458,-1.2627077503643161e-08,-0.0002016576584944474
1778740405908779108,-0.0010901287910646679,-1.2744498408184112e-08,-0.00021732484006964367
1778740405958988458,-0.0011112926728360421,-1.2066863696369244e-08,-0.00023143863653851684
1778740406008993509,-0.0011275797686466828,-1.2396669618925359e-08,-0.00023612661264493795
1778740406059065647,-0.0011359601288754699,-1.3099558902918674e-08,-0.00023646299515878153
1778740406109265690,-0.0011633784903203675,-1.3074346931714617e-08,-0.0002334733951472323
1778740406158844148,-0.0011880801560207753,-1.2933939730543943e-08,-0.00023083228220022178
1778740406209023190,-0.0012035981184488646,-1.2768580657477724e-08,-0.00022861027532883327
1778740406258844521,-0.0012193447087610267,-1.2963788353335252e-08,-0.00022930861990655413
1778740406325478977,-0.00125136000174782,-1.2308380516100295e-08,-0.00023327008375906289
1778740406359016501,-0.0012532866947635218,-1.297602447714839e-08,-0.0002343637143544797
1778740406408881454,-0.001275945527951883,-1.3448193408762036e-08,-0.00023842035178489596
1778740406459001695,-0.0012893928257856231,-1.3442411683801669e-08,-0.00023957967700249938
1778740406509181959,-0.0013175193860114596,-1.3410429098735046e-08,-0.00023804569942109668
1778740406559228178,-0.001337686782931447,-1.3347464940785652e-08,-0.00023375845201600856
1778740406609091359,-0.0013560418206892745,-1.3195127479666277e-08,-0.0002295907004370434
1778740406675410635,-0.0013733892707512073,-1.329470234108485e-08,-0.00022571760605361035
1778740406709715290,-0.0013980864012333605,-1.3121398151433775e-08,-0.0002362303925482756
1778740406759047368,-0.0014136053114846689,-1.3206085134634034e-08,-0.00024890975821989514
1778740406809061226,-0.0014293453950693065,-1.349506697331222e-08,-0.0002641441252757559
1778740406858991664,-0.0014491728701433574,-1.3333622111446463e-08,-0.0002730220901714375
1778740406909200704,-0.001471571049232415,-1.336899387772496e-08,-0.00027466466997472233
1778740406959140450,-0.0014903003467654032,-1.3312898509704518e-08,-0.0002763516901995721
1778740407009110624,-0.0015048788349993926,-1.3747061206176603e-08,-0.00027597482682173435
1778740407058964437,-0.0015313600725199387,-1.3079650246416492e-08,-0.00027706435086294334
1778740407109124343,-0.001546723791949632,-1.3781415368911233e-08,-0.00028002014024197663
1778740407159235576,-0.0015677815696364525,-1.3771350530270159e-08,-0.0002853538688230018
1778740407208971744,-0.0015872095213674657,-1.3436268441443327e-08,-0.0002897579877729761
1778740407259068600,-0.0016033749877737505,-1.3888813649002378e-08,-0.00029472203735725344
1778740407309043043,-0.0016238921095869407,-1.4054226910782298e-08,-0.00029825989587717316
1778740407375528305,-0.0016500805216181367,-1.3824534017957242e-08,-0.0003051563855995809
1778740407409263515,-0.0016590479413671633,-1.4011673530704728e-08,-0.0003084556173904573
1778740407459171921,-0.0016815243340506587,-1.3891746063771608e-08,-0.00031666257427698247
1778740407508975318,-0.0017007435305620988,-1.3977187313248932e-08,-0.0003244341309849297
1778740407559063216,-0.001721416202578229,-1.3526306440657793e-08,-0.0003383535890342237
1778740407625437767,-0.0017479977202018626,-1.3871731525042232e-08,-0.00035688502955366625
1778740407659088607,-0.00175726547558279,-1.3967433631050236e-08,-0.0003663729110927605
1778740407708854481,-0.0017776966701881362,-1.3880076380058506e-08,-0.00037423398214331277
1778740407759043212,-0.0017940136125343621,-1.389882398172853e-08,-0.00038229033952097424
1778740407809106825,-0.0018179881241824562,-1.3569454230052596e-08,-0.0003872932321575817
1778740407859019289,-0.0018355446906785774,-1.375247835341156e-08,-0.0003936673866529184
1778740407909146603,-0.0018527851657563013,-1.3223601434569139e-08,-0.0004015351873545292
1778740407959038428,-0.001868958645793379,-1.3691723294425553e-08,-0.00041229635662665137
1778740408009116448,-0.0018954668627724032,-1.2623551350785604e-08,-0.00042283636598039465
1778740408059242619,-0.0019113768341982753,-1.3623513656294816e-08,-0.0004330104728471618
1778740408108954812,-0.001930043712001739,-1.3388649936076204e-08,-0.0004412381334919502
1778740408158968519,-0.0019473891759626244,-1.3531038992052331e-08,-0.0004492312296329181
1778740408209138153,-0.0019720863429263003,-1.3189459354968394e-08,-0.0004572855580202706
1778740408259054685,-0.0019765585902913607,-1.3745619221920857e-08,-0.00046103369601313565
1778740408309157853,-0.002003315096973716,-1.3587155900024908e-08,-0.0004666242889799221
1778740408358967682,-0.002028035417069181,-1.3233595871061854e-08,-0.0004703209985854606
1778740408408925864,-0.0020438817224416035,-1.3317567237790019e-08,-0.0004753224889317842
1778740408459093384,-0.0020577322652092483,-1.3036461676941245e-08,-0.0004782825513074407
1778740408509041476,-0.0020839482553236133,-1.2849316902303109e-08,-0.0004847614949712309
1778740408559011059,-0.0020980295446659586,-1.2796271219990962e-08,-0.0004888852285840352
1778740408608948541,-0.0021207422108939474,-1.2725012263368888e-08,-0.0005013748076763136
1778740408658948352,-0.002129955818989675,-1.2813430057791076e-08,-0.0005079223949078226
1778740408709039217,-0.0021574310449132034,-1.262227775986675e-08,-0.0005205306655780007
1778740408759322187,-0.0021773129632050815,-1.249855627662105e-08,-0.0005278537839661367
1778740408809108240,-0.0021960082263629624,-1.2245998731549687e-08,-0.0005347515393698821
1778740408859001789,-0.00220987563190648,-1.2136294816743717e-08,-0.0005386406521292741
1778740408908974718,-0.002237444662249391,-1.17653849746897e-08,-0.0005458110713845166
1778740408959311160,-0.0022536938441613213,-1.160584177344034e-08,-0.0005515558616289162
1778740409025420156,-0.002279926074088402,-1.1659991931878886e-08,-0.0005595838234961903
1778740409058955175,-0.002289234612799976,-1.1889224265912539e-08,-0.0005642325846251239
1778740409109099931,-0.002303300980842505,-1.1833005912072469e-08,-0.0005689651922606842
1778740409175225849,-0.0023360679222012804,-1.1272294498973076e-08,-0.0005824182956168933
1778740409209164196,-0.0023499429441377626,-1.1163978716806806e-08,-0.0005884613240096925
1778740409259108080,-0.002365295122004668,-1.1166176455174173e-08,-0.0005992233883822529
1778740409309002500,-0.002386185747608907,-1.0416968366366508e-08,-0.0006103133378290159
1778740409359165121,-0.0024061199461507,-1.0478919600783957e-08,-0.0006200102418811859
1778740409408737117,-0.002423461219233705,-1.0716617613494072e-08,-0.0006283029304166022
1778740409475375240,-0.002449690998096793,-1.0180371303264602e-08,-0.0006370838151257274
1778740409508923925,-0.0024620482176112395,-1.0050299797154074e-08,-0.0006404126990959825
1778740409575485212,-0.002479417878282326,-1.0287281554915843e-08,-0.0006467869179531682
1778740409608768461,-0.0024980301965027334,-9.736418776268264e-09,-0.0006539750279204171
1778740409675452251,-0.002518035453747792,-9.592845331997034e-09,-0.0006613116287290667
1778740409709060810,-0.0025354110661290445,-9.827768268177726e-09,-0.0006688210952483509
1778740409775240170,-0.002555302373815996,-9.688879578599696e-09,-0.0006778956396180646
1778740409808832166,-0.002575721255789051,-9.231976621932309e-09,-0.0006860386605045399
1778740409859206551,-0.0025920271507582798,-9.291430969246519e-09,-0.000694190325508437
1778740409908804176,-0.002603739372455198,-9.008740226757498e-09,-0.0006988639448035626
1778740409959240458,-0.002631484695430108,-8.439681950965421e-09,-0.0007048627481935909
1778740410008885934,-0.002647341714408475,-8.814290300626454e-09,-0.0007093016724728506
1778740410059097598,-0.0026671901924394128,-8.616561967350365e-09,-0.0007159585981040272
1778740410108948916,-0.002687012545992252,-7.957836867746843e-09,-0.0007219850249300386
1778740410158830511,-0.0027039912456598546,-8.183308483115155e-09,-0.0007297889761392894
1778740410209122028,-0.0027273451295785427,-7.295954412059152e-09,-0.0007359080963258435
1778740410258974638,-0.0027372225263722553,-7.585734410714527e-09,-0.0007394647145253508
1778740410309159552,-0.00276476559846157,-6.981872746051315e-09,-0.0007450436014373453
1778740410358951867,-0.002784151114380058,-6.736339675502965e-09,-0.0007496046835524517
1778740410425522713,-0.002806637818070953,-6.702290530563548e-09,-0.0007577616056866354
1778740410459040338,-0.00282009343242098,-6.200371362008464e-09,-0.0007620327034532082
1778740410509190606,-0.002840101664812789,-6.06598267514207e-09,-0.0007686775004187574
1778740410558959857,-0.00285509669242449,-6.4157854901980665e-09,-0.0007771109156595735
1778740410608887901,-0.0028696200505797676,-5.818812552688745e-09,-0.0007831987064386148
1778740410658987712,-0.002897476765703331,-4.76357897422543e-09,-0.0007981144055531075
1778740410709335236,-0.0029117576376880318,-5.279729506592229e-09,-0.0008101064365759746
1778740410758948410,-0.0029255697304761985,-4.871960923902826e-09,-0.0008164283638847358
1778740410808957588,-0.002946730282311312,-4.336720465279851e-09,-0.0008253091682290936
1778740410859232764,-0.002967066174532201,-4.640515577859184e-09,-0.0008370752840853867
1778740410908881446,-0.002988604930985167,-3.717808847862016e-09,-0.0008465438729872155
1778740410958899812,-0.0030027241101534784,-3.368794057815599e-09,-0.0008513700895607101
1778740411008836382,-0.003026087405615515,-3.4026086456588665e-09,-0.0008588716685320462
1778740411058942796,-0.0030438009870072604,-3.0536436298993222e-09,-0.0008643400238357302
1778740411125310174,-0.0030656838549524266,-2.369384434792437e-09,-0.0008702233693296257
1778740411158756994,-0.0030797878927790777,-2.0530533567393667e-09,-0.0008736605078962789
1778740411208813623,-0.003100767247504718,-2.1095583015380557e-09,-0.0008790833810095046
1778740411275359621,-0.0031280937743803313,-1.1679225202768142e-09,-0.0008842256245302771
1778740411308953442,-0.0031423959379858406,-7.01543944439876e-10,-0.0008863370295077999
1778740411359254577,-0.0031556436158796386,-1.4644915137495544e-09,-0.0008907754775067112
1778740411408816663,-0.0031770268163620707,-4.4630638235616373e-10,-0.0008949474382431433
1778740411459200897,-0.0031984786537335476,2.4607015373635994e-10,-0.0008974406571309324
1778740411508925042,-0.003212561999295056,-2.2006335748379003e-10,-0.0008994850105890073
1778740411560012966,0.006013673977928832,-1.716793721672569e-06,-0.0009002785522018719
1778740411609065743,0.017820443095787057,-5.1364071220033905e-06,-0.000887520863685598
1778740411658941237,0.042404880334357374,-1.636748137463506e-05,-0.0008115165249367173
1778740411708826800,0.055745320294612696,-2.0968292851962396e-05,-0.0007248827255295075
1778740411758978069,0.07594595838451479,-2.3956571981768463e-05,-0.0005443121285129138
1778740411808754494,0.10267499677907399,-2.0418545537537365e-05,-0.00022795351341642347
1778740411859318981,0.12261157912110822,-1.2876786531553412e-05,1.3371657956895433e-05
1778740411909066541,0.1424945421800509,-1.7746330600458363e-06,0.00025290702482649863
1778740411959122278,0.15573650738642753,7.728289282400947e-06,0.0004053989483177034
1778740412008951224,0.17557325191745707,2.4361632010553016e-05,0.0006187584445931372
1778740412058856214,0.20202089667917614,5.1461019233106075e-05,0.0008727580179055393
1778740412108987836,0.22209249528669397,7.497532940288476e-05,0.001041466123415713
1778740412158941919,0.24191238181007135,0.00010157423014077359,0.0011990556291419094
1778740412209066117,0.26173617105923463,0.00013084575735656842,0.0013478749046798024
1778740412259092228,0.28132073981608186,0.00016198702236396424,0.0014892400254460372
1778740412325416494,0.3011431833621349,0.000195902054455387,0.0016243612782571584
1778740412359222619,0.32096732017928403,0.00023198339816378634,0.0017522969638781305
1778740412408991219,0.34078957346511546,0.00027031074852081,0.0018730097934240855
1778740412459025575,0.3606100607882144,0.0003106796604597152,0.0019852945205895973
1778740412508985560,0.3804360189449226,0.00035277204916870015,0.002090526476597354
1778740412559093327,0.40045141985489524,0.00039799332235618615,0.002191325362002505
1778740412609105591,0.42008411492357345,0.0004423250207724859,0.0022843398871721377
1778740412675439045,0.43990202319964483,0.0004896471583544929,0.0023756896830700036
1778740412708928947,0.45989860805547383,0.0005401684950952937,0.002464389098205455
1778740412758984063,0.4797204019184523,0.0005912021942727545,0.0025477849694990336
1778740412809081520,0.49937209634296065,0.0006431073766708802,0.0026179045516028236
1778740412859006709,0.5191932691471863,0.000697955120079709,0.0026963208557426732
1778740412925383585,0.5388809611095641,0.0007552244318137116,0.0027988725773080425
1778740412958900088,0.5520114514726275,0.0007931262280793184,0.0029192590070090674
1778740413025409747,0.5783706737841017,0.0008674375028483306,0.0031856025238594654
1778740413059018336,0.5981892125491947,0.0009240309975661877,0.0033124488903064626
1778740413109284033,0.6179956925194143,0.0009815010659153846,0.0033511503275787113
1778740413175395904,0.6444173772099399,0.0010591765748149853,0.0033583566047066245
1778740413208946322,0.6576270129292626,0.0010981521257540717,0.003377099812897466
1778740413259052615,0.6775744115318412,0.001160729696561421,0.003416772979356164
1778740413325501569,0.7039968501037731,0.0012402977946259495,0.0034316775948011195
1778740413359221690,0.717098818348054,0.001277732967986154,0.0034434446708373474
1778740413409001582,0.7369219120204005,0.001338785210193944,0.0034624748550520223
1778740413459065645,0.7567464259818524,0.001400377396102629,0.003478594784676492
1778740413508909218,0.7765668474362913,0.0014625021378926646,0.0034957206775887433
1778740413559178122,0.7963954296034134,0.001525367582793331,0.003511979360096173
1778740413609151843,0.8096104795977515,0.0015674345846020815,0.0035216463425586935
1778740413658754807,0.8360456996252679,0.0016512477539572577,0.0035352268557016235
1778740413709087833,0.855971459000951,0.0017161996920059322,0.0035416790872937476
1778740413758997181,0.87579097644934,0.0017792147092753027,0.0035454755882966538
1778740413825492814,0.8955166252424177,0.001840688112134847,0.003545716177156155
1778740413859002484,0.9153435409479652,0.0019047677817596294,0.003546148636574209
1778740413909032392,0.9352489098972862,0.001970097917683387,0.0035504085147501922
1778740413960434314,0.9549952305513518,0.0020338834563930824,0.00355927980734716
1778740414009116685,0.974823441906215,0.0020990808473331053,0.003569910814829047
1778740414058887499,0.9946461242152648,0.00216528656304322,0.0035699343672916943
1778740414109375841,1.0145383162347539,0.002232260634480637,0.0035591649801300917
1778740414175499164,1.0408225715816914,0.0023219648968257475,0.003516756144823496
1778740414225414804,1.05385598395015,0.0023649785706162454,0.003455438016135126
1778740414259134094,1.0736935901063818,0.0024340975831775745,0.003411343996809535
1778740414308795890,1.09355973348438,0.002501998636678442,0.0033878242241778263
1778740414375446879,1.1199981991711865,0.0025963202337547517,0.0034325038482725385
1778740414408990995,1.1332217439919614,0.0026438649181857866,0.0034438638913205644
1778740414459248336,1.152991261860434,0.002717129493014034,0.0034567080659511085
1778740414508821855,1.1728194743302247,0.0027885384790544117,0.0034684362752868125
1778740414559109273,1.1926451983510054,0.002860436068065009,0.003477912000713346
1778740414625376921,1.219075894050931,0.0029563957777272443,0.003488766570791668
1778740414659035124,1.2323427158587366,0.0030030521094467047,0.0034929717238143536
1778740414709502566,1.2521716566950163,0.003075383274850308,0.00349728214008671
1778740414759035056,1.271944569261344,0.0031493784248415625,0.0034992505264921374
1778740414808975033,1.2917740210059787,0.0032217778591718802,0.003499275700244109
1778740414858969123,1.3115978910022204,0.003293732760124177,0.0034957913245303725
1778740414909131474,1.3314652378355423,0.0033647303632606644,0.003489372503704846
1778740414975436804,1.3512438647652447,0.0034375040658523822,0.003479803196011489
1778740415008935803,1.3711144266937052,0.003508535715209841,0.0034616022988900323
1778740415059060212,1.3909319962124436,0.0035809047013877857,0.003433028772365176
1778740415109060654,1.4107205342857452,0.0036561585188278475,0.003397932239817436
1778740415175353449,1.437156862362179,0.003756920079442523,0.003358516662986144
1778740415225290430,1.4503740536471306,0.003808296976775839,0.0033498200021240265
1778740415259043023,1.4635913881756222,0.003860128759772029,0.003351118488528204
1778740415309059206,1.4900276189981718,0.003965485780432411,0.003384815248553163
1778740415375329859,1.509850992988408,0.004045893420102198,0.003433661768835527
1778740415425376439,1.5296717688311012,0.004127363835865449,0.003504123173195595
1778740415458928249,1.5494853758015612,0.004210107526854528,0.003578468984699157
1778740415509223263,1.5693287624830115,0.004291806119810429,0.0036578074795210465
1778740415575629545,1.5957373175658118,0.004407295789689664,0.003739820728275945
1778740415608881644,1.6089595268016577,0.00446420266090618,0.003774507644973557
1778740415658829516,1.6221694734602938,0.004521447423878288,0.0038026035135394487
1778740415725586216,1.6552123787569528,0.004665172124932906,0.0038526097133613213
1778740415758812957,1.6618219104972474,0.0046940608892487926,0.0038606199096502536
1778740415809050931,1.6882491902568937,0.004809823299451853,0.0038899686991609173
1778740415858912519,1.7080764504916346,0.004897433939073967,0.003908924926774303
1778740415908933099,1.727900692544981,0.004985525951341355,0.003927598284176881
1778740415958869649,1.7477288745201782,0.005073726978900941,0.003940951495662315
1778740416008924976,1.7675547993456864,0.005162415053917041,0.003955125641622369
1778740416058918525,1.7873829606940943,0.005251271684636343,0.0039700991042739275
1778740416109119228,1.8072040183120757,0.005340677670089301,0.003986404653396391
1778740416159652906,1.8270295967485397,0.005430769971970746,0.0039990198152422
1778740416225692921,1.8468483388421972,0.005521825905138126,0.003997675802666744
1778740416258895415,1.8666715943853966,0.005614019944445159,0.003978022643258861
1778740416309236386,1.8864951051990833,0.00570713152017438,0.003962169879381693
1778740416358896640,1.9063192458503897,0.005801781723985217,0.00395445298330488
1778740416409098937,1.9261665489728468,0.00589570363859246,0.0039678417043860215
1778740416459015249,1.939360304414942,0.005962727481143255,0.003986486528531507
1778740416509265507,1.9657962489517384,0.006094516092359441,0.004040595244357182
1778740416559078311,1.9790167245499646,0.006161377821465983,0.004081002179805893
1778740416608985666,1.9988378986504576,0.0062624670099212755,0.004147183461903125
1778740416659122037,2.025270009467184,0.006398784738871994,0.004233891532846813
1778740416709226117,2.045113083255708,0.006500455740091269,0.004293926788520697
1778740416758942868,2.064929991548923,0.0066043745248483875,0.004345442376108456
1778740416808970742,2.0847464230508925,0.006709174053746556,0.004388886418510651
1778740416858990100,2.104584191928668,0.006813265331065928,0.004426945938973859
1778740416925487045,2.131008544622166,0.006952836955757696,0.004463460090889271
1778740416959071798,2.144237878486711,0.007022851153648748,0.004476712434066332
1778740417009056631,2.157440634627615,0.0070926950093646805,0.004484661143535185
1778740417059068284,2.177263989742855,0.007197694221627193,0.00449282203822543
1778740417108999644,2.197092207362552,0.0073036557650784095,0.004501430431040453
1778740417158812489,2.2236538749195605,0.007530963106266276,0.004842408466296355
1778740417209220317,2.2433492248982367,0.00799340974830824,0.008676147712812552
1778740417275352457,2.263192693552093,0.008848677448339089,0.017400142066996693
1778740417309017714,2.2830826341798827,0.009884903831221089,0.03222082170901741
1778740417359103248,2.3029706411610515,0.011922606072664162,0.05086510277419398
1778740417408931342,2.3227656766382276,0.014144935030771025,0.0713004701701121
1778740417459600347,2.3424957964053985,0.016830649409942503,0.09244021377850054
1778740417508759637,2.362114330992958,0.01998862780425507,0.11424824373124888
1778740417559031586,2.375095571838118,0.022358139361864378,0.12923301139717314
1778740417609144803,2.4010372241617004,0.02749817765069159,0.16055736872850135
1778740417658883055,2.4137807594831786,0.03081866589341465,0.17683010747660788
1778740417709182327,2.432880827075695,0.03580859091708255,0.20224788990141018
1778740417758910530,2.458154790783464,0.04301167877649114,0.23765664939489373
1778740417808914589,2.4766914141415732,0.04943827398813062,0.26537923754906645
1778740417859068554,2.4951965601916846,0.05593007795227413,0.29406907714041974
1778740417908998141,2.5132758778524935,0.06336603358187741,0.323588376013098
1778740417959103032,2.5312154761318015,0.07112222925337194,0.3538337112406751
1778740418008930263,2.543011630858647,0.07657671631782764,0.37434149768824326
1778740418058961154,2.5662553642946975,0.08818978058895528,0.415959636555546
1778740418125272405,2.5833616200838607,0.09751056409504695,0.44766001327879673
1778740418158976625,2.600229566865336,0.10725733025364595,0.4797458791758356
1778740418209096154,2.6111727021142586,0.11417442782865969,0.5012986504510639
1778740418259130762,2.632809502103005,0.12853588425171794,0.5445981792235993
1778740418308872981,2.6486288556471314,0.1398729379274927,0.5771519643531251
1778740418359047896,2.664090656593868,0.15168806515731964,0.609691033866996
1778740418409293766,2.6792061876207773,0.16399315662364264,0.642222167114967
1778740418459038641,2.693896594209314,0.17672918693795747,0.6747193078669755
1778740418525375601,2.7081819419323634,0.18990472835253855,0.7070417662100982
1778740418558945205,2.717416967475366,0.1988688629643047,0.7284857899983149
1778740418609366188,2.7354341306775667,0.2174642221054247,0.7713109839280903
1778740418658960496,2.744173639601892,0.22705512910832784,0.7927437232304015
1778740418709138537,2.7610639050784465,0.24676668052493664,0.8357488320889513
1778740418758994454,2.773343798766523,0.2621613934722002,0.8679419253195757
1778740418825426875,2.785417835806353,0.27793036899048945,0.8987761620572517
1778740418859276603,2.796952082151129,0.29333350008407644,0.9256881749161012
1778740418909045244,2.8083923846889527,0.30885222106016585,0.9464801540198469
1778740418959093758,2.8199037323484215,0.32464089418896963,0.9605526050734134
1778740419008849994,2.8314270976208378,0.3405684213538298,0.9693408694496792
1778740419058964163,2.8429177758441617,0.3565780927060235,0.9754744693968371
1778740419125519188,2.858150198935139,0.3780322842729535,0.9820858574023504
1778740419159051762,2.865721977697278,0.38880517967491096,0.9853505827732195
1778740419208835902,2.8766819929479093,0.4052317371204704,0.9904010129546155
1778740419259108603,2.8882455152773954,0.4212909917214034,0.9955219580979663
1778740419309112892,2.899398641230981,0.43761133382696293,1.0005576687575983
1778740419359258771,2.9104907417895336,0.4539862576112341,1.0053770771412847
1778740419409092756,2.921528182415737,0.47041232049094095,1.0097841304932809
1778740419459067259,2.932509900199122,0.48687755765494617,1.0138945991000752
1778740419509024759,2.943231464990964,0.5036242937468991,1.0177659556223952
1778740419559139158,2.953996657118331,0.5202080564128099,1.0234124225072483
1778740419609433861,2.9645926826768854,0.5370197552881806,1.0330825990741381
1778740419659111087,2.9713609802187673,0.5484614063447958,1.0420718316831223
1778740419709251796,2.984376089981352,0.5716672791338931,1.0661692650246977
1778740419775257345,2.993644838917983,0.5893003562067983,1.0865547644544202
1778740419808946387,2.9995848091424318,0.6011646572370896,1.1006531150403356
1778740419859153954,3.0108521577269025,0.6251158211480943,1.1296877579870426
1778740419908894501,3.018835054441885,0.6432665510649005,1.1526962646580028
1778740419958990164,3.0261503193068817,0.6616197887737073,1.1766179688740968
1778740420008836813,3.0332206362205767,0.6803121330237039,1.2011710044845865
1778740420058944800,3.039846068255816,0.6985061039399227,1.223709066227748
1778740420109072454,3.0462357354900838,0.7168233609799215,1.2418386265074306
1778740420158997192,3.0528262728440465,0.7353288550691872,1.2544818256779227
1778740420208770171,3.0571215166576784,0.7477364861450363,1.2600517658550094
1778740420259064773,3.0635007108838272,0.7663617702143337,1.2664774805344055
1778740420308941950,3.0698144966943977,0.7850646403249212,1.2717182364166397
1778740420359163834,3.0781006973706395,0.8100585596543176,1.278467822944413
1778740420408888721,3.0821852240704835,0.8225798177989805,1.2818927286891757
1778740420475326283,3.090242568882492,0.8476713833736638,1.2887499272414928
1778740420509033820,3.0960502220799873,0.8665688606065254,1.2937118102152736
1778740420559117861,3.1019311696722895,0.8854368570877513,1.2983434645782934
1778740420608975201,3.1079012690267755,0.904320755531157,1.3025167668034356
1778740420658804206,3.1135407393909165,0.923300058219387,1.3063207749076513
1778740420708975213,3.119388498728662,0.942219878870196,1.3097808286671626
1778740420759008658,3.1249372114282923,0.9612363511755069,1.3130104340014253
1778740420809381390,3.1306765203274196,0.9801975462289823,1.3160154651159033
1778740420858853836,3.1362547718436664,0.9992125508524031,1.3187962292637128
1778740420925298150,3.141790306364252,1.0182346665411128,1.3213577808820007
1778740420958994716,3.145459561039938,1.0309238216881589,1.3229669572991816
1778740421009152268,3.152667525627739,1.056354904623628,1.3259444838101924
1778740421075443831,3.1580533977806544,1.0754691178521534,1.3292201014048324
1778740421125368609,3.163029447825676,1.0946642545283003,1.3361523157764579
1778740421175276004,3.167618366914833,1.1140464055894987,1.3481070904625598
1778740421208948344,3.171769557803766,1.1335635571116123,1.3650856064003385
1778740421259122277,3.1742843075847635,1.1466236547042659,1.3783568130487618
1778740421308929641,3.1787698427078066,1.1728032949237976,1.4056289847948067
1778740421358899264,3.181905036904386,1.1921415088290988,1.4239124784091939
1778740421425453177,3.1846952634319634,1.2114971101655934,1.4381872051910056
1778740421459115148,3.1875245166364117,1.2309926063706602,1.4480419536792726
1778740421509072748,3.1902773006871423,1.2505134512414002,1.4545339402739055
1778740421558939105,3.1929486368702222,1.2700795430894585,1.4599272078883025
1778740421609158794,3.1946786127442537,1.2831272480464924,1.463366246433738
1778740421659336184,3.1980162418514335,1.3092603881100862,1.470288096611543
1778740421709012769,3.1996263486851424,1.3223436859890763,1.473751558510573
1778740421759065851,3.202735898427495,1.3485263094738336,1.4804613733576977
1778740421825581501,3.205712870648913,1.374741904141765,1.4866250405435262
1778740421859010398,3.207155785430757,1.3878571910122528,1.4894119587127648
1778740421909061116,3.2092678127957357,1.4075407987734658,1.4933648158444726
1778740421959056819,3.2113216822704347,1.427237269296771,1.4970146769006902
1778740422008936821,3.213321363576093,1.4469398643623306,1.5003721225218243
1778740422059003991,3.215271318854342,1.4666574036181885,1.5034767090169714
1778740422109020413,3.217174450708426,1.4863765777998472,1.5063388484152307
1778740422159074527,3.2184190304893443,1.4995287510944735,1.5081321123218443
1778740422208874427,3.220853198146889,1.5258351032219075,1.5114413137603444
1778740422259082845,3.222609709754242,1.5455738462733377,1.5137235388915942
1778740422308929304,3.2238021018873866,1.5587342632409205,1.5151455398421438
1778740422359004428,3.22552571816906,1.5784766464686886,1.5171687264539244
1778740422425442411,3.228262358041355,1.6114945124390347,1.5205954723178516
1778740422458780835,3.229174824874791,1.624619943331403,1.5236244136883137
1778740422525451391,3.230491851190408,1.6510794292141444,1.5357926998203402
1778740422558957754,3.2308664369430957,1.6644106414301278,1.5450732824233002
1778740422609006599,3.2311633726073605,1.6841777846770296,1.5624721469970408
1778740422675573096,3.2313005929880045,1.7104013804192129,1.5822183235972442
1778740422708930696,3.231376413240457,1.7235426347369236,1.5889930244955173
1778740422758837871,3.231270855000266,1.736682983389275,1.5943314650319778
1778740422825441328,3.2310520632100683,1.7695823494823086,1.603932730650044
1778740422875428826,3.2308562556509735,1.7827450781294225,1.6074449136148834
1778740422908757651,3.2305267322150506,1.802512726064821,1.612680188826453
1778740422958753214,3.230110350359773,1.8222701399987358,1.617803837376214
1778740423008965720,3.229612458381186,1.8420462889396045,1.6226847673764073
1778740423058885509,3.229039977472265,1.8618262187414771,1.6272303439905331
1778740423109074059,3.2283991718491407,1.8816132015534732,1.6314183014878558
1778740423158811841,3.2279369018637,1.8948008308629878,1.6340397420472
1778740423208787175,3.2269336124056482,1.921186349508109,1.6388569337468972
1778740423258912285,3.226111506719789,1.940975990922002,1.64215511435227
1778740423308902417,3.2255458489189257,1.9541697687577524,1.644199823885656
1778740423358983823,3.224331183024183,1.9805578730463855,1.6479938232860434
1778740423408781569,3.2233755732790206,2.0003524381010345,1.650577290009286
1778740423459142107,3.2223909638885484,2.0201417968598063,1.6529900494668037
1778740423509086052,3.221707164850401,2.033337410549887,1.6544685013405867
1778740423558941908,3.2202924043415915,2.0597314452564124,1.6572635172219403
1778740423609110871,3.2191846845860352,2.079520979505123,1.659183853260016
1778740423658905541,3.2180652512996777,2.0993044004038,1.6609733330216319
1778740423726997014,3.216907916928873,2.119094030089181,1.6626399424581377
1778740423759215294,3.215724019570887,2.138881251005778,1.6642004331912972
1778740423809074938,3.214515013013948,2.158670282936725,1.6656617789370458
1778740423859079868,3.213283205601022,2.1784490456513956,1.6670353251263392
1778740423909065522,3.212028600674721,2.198238005742019,1.6683239925937585
1778740423975350183,3.2103221537805724,2.224622481754758,1.669924328465302
1778740424008871755,3.2098927284036,2.231205223592501,1.670303305117315
1778740424058963081,3.208145073743235,2.2575839663986623,1.6717565227009794
1778740424108991837,3.2068161304117906,2.277364164360596,1.6727782280065389
1778740424159284355,3.205466019864072,2.2971425660639366,1.6737451067657947
1778740424208936263,3.2040893405670854,2.316999053356789,1.6746446987430372
1778740424259033850,3.2026342962186445,2.3368164115466494,1.6767654100304246
1778740424308931486,3.2013723216400853,2.3498708425659034,1.6803241804108113
1778740424359063309,3.19843472476686,2.3762211435152465,1.6939836626358105
1778740424409139846,3.1959797861813124,2.3959963563811932,1.7108321728554436
1778740424475599379,3.1913753366457875,2.422034298057224,1.7374307722314664
1778740424508884201,3.1888912536263248,2.4350667102578787,1.7515179532078402
1778740424559064977,3.184774377261196,2.454516695786353,1.7732784013330676
1778740424608955139,3.1801818365928405,2.4738178543012057,1.7958124313985087
1778740424659029642,3.175100493584665,2.492958517459663,1.8192530217947533
1778740424708892352,3.1695175583588604,2.5119420134601684,1.8436867869144056
1778740424775417851,3.163434549465695,2.530738412257037,1.8690176679229102
1778740424809090862,3.1591074758228097,2.54313727082346,1.8865137168373067
1778740424859163542,3.1522013264000903,2.561540929033527,1.9134956827597298
1778740424909313198,3.142205468793925,2.5857083224484776,1.9509949304923344
1778740424959080947,3.134119029231294,2.6035273762156814,1.9802264876908167
1778740425008927937,3.1257220759620834,2.621186709997717,2.0102236327383647
1778740425058903782,3.1164228247276835,2.6383317687946755,2.0408152251260843
1778740425108951254,3.1067958851731023,2.6553361039793293,2.0718332287193544
1778740425159088707,3.096686005190416,2.672001317667036,2.103160258599317
1778740425225442268,3.082199744364131,2.6942848062908165,2.14527528790384
1778740425258839174,3.0785812938337016,2.6996946240569426,2.155112418681971
1778740425309096265,3.064183964070982,2.720868166390673,2.190507895577799
1778740425359142003,3.056858291510682,2.7314715963945218,2.203723867289135
1778740425409144319,3.0417063358139877,2.7526869750827463,2.2213792194387416
1778740425459228450,3.039131614032425,2.7568829665759775,2.2271917693471153
1778740425508987873,3.033032961057207,2.7651775726312815,2.2363748488698327
1778740425575354940,3.0221686627359143,2.7801106433017653,2.2433884152926122
1778740425609023383,3.0105999389691003,2.7949649782633323,2.2496831209886476
1778740425658927241,2.9981156407436282,2.8103728493167357,2.2584346019334323
1778740425725359563,2.9851227453095217,2.8257376533346332,2.2715641956337738
1778740425759175817,2.9720847176340555,2.8406554558379233,2.288607973620831
1778740425809188032,2.958224089609627,2.8553867566749562,2.30868588629036
1778740425859274938,2.9443155982104194,2.869632852043102,2.3301542487473608
1778740425908965921,2.934878363524109,2.8788996631998143,2.3453219949757376
1778740425959109806,2.9204463883161966,2.8924746022628454,2.368718404011301
1778740426009191493,2.9056748486684403,2.9056518511910436,2.393307679207026
1778740426075600040,2.8803404182780254,2.926662395602171,2.4365294814912257
1778740426108815539,2.869995340739196,2.934693431917793,2.4545661277639743
1778740426158783109,2.854289386837989,2.9465229821995877,2.4823635196410425
1778740426208924539,2.83812478760696,2.957564699701714,2.511273528808082
1778740426258999944,2.8217986362911405,2.9684165893152152,2.5409196421321845
1778740426309081491,2.805107828163095,2.9786185685210906,2.571425702849429
1778740426359108664,2.7937962170746298,2.98500771445067,2.592133789386617
1778740426408837158,2.776670312649693,2.99434779142111,2.623610849421228
1778740426459218335,2.7534571127838032,3.0060486834437534,2.666142889987997
1778740426508937371,2.7357422573158914,3.0141088874268838,2.698448021539387
1778740426559200163,2.7177899553479503,3.0215683033347003,2.7309744249629304
1778740426608900353,2.6996334488525866,3.0285324208419184,2.7636287659995222
1778740426675332234,2.6808072159350385,3.0351436281448607,2.7961106306298644
1778740426709223551,2.6622388974260054,3.0413358263330132,2.826461998050074
1778740426759052226,2.643984956718368,3.0472341700805874,2.852099997863644
1778740426808870211,2.6317115513439773,3.051119228361614,2.8653101235161067
1778740426875665664,2.600504551901712,3.060803599404245,2.886253123335446
1778740426908900180,2.5879431335873417,3.0646393864752306,2.891140094418639
1778740426959110933,2.5689856591406572,3.0699337615878344,2.896819397215351
1778740427009188883,2.550061857516845,3.0755669924257414,2.9015996105548343
1778740427058902117,2.537506883504501,3.079640457823759,2.9046624014177738
1778740427109320786,2.5121871756098533,3.0869096338235744,2.911131624048486
1778740427158962334,2.4995051588028354,3.090485469598791,2.914444682486513
1778740427208935464,2.4740278688166004,3.0975221587850763,2.921045658969602
1778740427258845645,2.461270047480021,3.1008940768640763,2.9251419521697724
1778740427308944734,2.4354983179911884,3.1071853700901686,2.938367194834818
1778740427359207055,2.422523237226653,3.110055571112308,2.9477858994768713
1778740427409103379,2.3964167582184395,3.1152019920932332,2.972308144160701
1778740427475445138,2.376776855172747,3.118519551569626,2.99282039969403
1778740427508894774,2.35710381023214,3.121359850358326,3.0141662036063384
1778740427558970019,2.3374027004390734,3.1237063841948176,3.036327110014242
1778740427608985800,2.3175599929465758,3.1255602388419534,3.0594816766701225
1778740427658871965,2.3043602587110126,3.1265804445367182,3.074995436447203
1778740427709008125,2.2850185415572684,3.127892003757457,3.0961951727956265
1778740427775516562,2.2590176489619647,3.129430906503888,3.1179642413112543
1778740427825558173,2.2393524256289177,3.130490642995625,3.1278171855019004
1778740427858785855,2.2262316610437565,3.131154413516734,3.1325294032317466
1778740427908952755,2.199961224593394,3.1321696238706966,3.1397852518966145
1778740427975479897,2.180227753435316,3.1331774364802465,-3.138363632402519
1778740428025194034,2.153898240937432,3.133928500482459,-3.131507110193161
1778740428059136529,2.140727766084713,3.134507784920427,-3.128082275504124
1778740428109030227,2.1209640879975353,3.1348756629786303,-3.123032557973578
1778740428159188530,2.101184958832337,3.1354944306253323,-3.1182790509065006
1778740428208941000,2.0813976850434783,3.1358754793879724,-3.113876164432764
1778740428275410041,2.0550052637022445,3.1362805786588184,-3.1084986715494285
1778740428308941243,2.0418036827538097,3.136442441546512,-3.106051877753286
1778740428359107751,2.0219965500476986,3.136637875347956,-3.102562515581612
1778740428409074729,2.0087980826354705,3.136738735043307,-3.1004421712461476
1778740428475623383,1.9823828001186174,3.1368745588836133,-3.0964579659338347
1778740428509159483,1.962566300414646,3.136805124939527,-3.0937396151445573
1778740428559142252,1.9493582228291297,3.136932136618029,-3.0920463537514906
1778740428609029037,1.9229373271991959,3.136896980088678,-3.0889103900940387
1778740428658848985,1.9031175524756947,3.1367296361648185,-3.0867466570330633
1778740428709082181,1.8899057324130912,3.1367622684293535,-3.0854087947144175
1778740428758858386,1.86347587892147,3.1365888496577203,-3.082882556716717
1778740428808970631,1.8436575469242835,3.136423699652962,-3.081164620897259
1778740428858947879,1.823834260069328,3.1362306033475886,-3.079547185070573
1778740428909026980,1.8106235663755719,3.136087492895463,-3.0785328217408585
1778740428959069984,1.7841956600441018,3.135768134334881,-3.0766239502649153
1778740429025412625,1.7577637341700032,3.1354073302271863,-3.074865812045433
1778740429058970677,1.7445507211316882,3.135212516151259,-3.074050810136454
1778740429125429409,1.7247291438249583,3.134903379157445,-3.072876002987964
1778740429159124162,1.7049059221376404,3.1345744314211834,-3.0717661618342755
1778740429209111649,1.6850858145531582,3.13422719467512,-3.070720057135618
1778740429259009265,1.6718660570613848,3.1339858709846844,-3.0700531384863248
1778740429308904557,1.645427926971815,3.133459079618129,-3.068791030401211
1778740429359080003,1.6256071875592488,3.1330668003347903,-3.067903332325265
1778740429408903888,1.6057931903000149,3.1326721291602824,-3.0670667439478687
1778740429459177471,1.5859765802216115,3.132245661176463,-3.0662611084629
1778740429509048226,1.5727606953642013,3.1319535610610814,-3.0657490866929225
1778740429558987652,1.546459236844149,3.131355335649659,-3.06467463919525
1778740429608864188,1.5267414466898317,3.130900071967452,-3.0637911334562027
1778740429675292211,1.5069501791342401,3.130438323946086,-3.062921459820506
1778740429708985682,1.4937359820975795,3.130126204725588,-3.0624086411016256
1778740429759042772,1.4673073057532655,3.1294922768905526,-3.06160464488949
1778740429808859454,1.4540939389640917,3.1291704211501847,-3.061298802064114
1778740429859503642,1.4276635106763615,3.12851740552882,-3.0607484268567253
1778740429908931063,1.414453897191926,3.1281864969421536,-3.0604893213666573
1778740429959069177,1.3880266913409667,3.127515374876087,-3.0600018931815085
1778740430008940443,1.368208009082103,3.1270045361445398,-3.0596528443972986
1778740430075389557,1.348388210126232,3.1264874667508864,-3.059318670645211
1778740430109035697,1.328551327992924,3.1259861601665593,-3.058996884929623
1778740430158870293,1.3087486475782941,3.1254364559313443,-3.058708095633385
1778740430209115611,1.295537239107809,3.1250814491678374,-3.058520927767631
1778740430259227786,1.2691084750247412,3.1243647265664873,-3.058163924014566
1778740430309011846,1.2492958450103406,3.1238221636909866,-3.0579134551938703
1778740430358900315,1.2294724652776263,3.1232745641055897,-3.0576817283816236
1778740430408870129,1.2096510726811756,3.122722942078761,-3.0574585817613666
1778740430459212342,1.1898348546498219,3.122167398120034,-3.057251187198463
1778740430509040235,1.1766242348288856,3.1217947776825032,-3.05712076509539
1778740430559167609,1.1502004728083632,3.1210447534838277,-3.0568735622496943
1778740430608874722,1.1303806835678132,3.1204783307859123,-3.0567032041639965
1778740430658896896,1.1105641015600907,3.1199085961153856,-3.0565367099403233
1778740430709018379,1.0973519330538422,3.1195269763603988,-3.056431883246845
1778740430759041925,1.0709305703772967,3.118759490563863,-3.0562356908443573
1778740430808956143,1.0511102779100563,3.1181803300116036,-3.0561004821983024
1778740430858851074,1.0312776717069376,3.1176420536779617,-3.055959808680149
1778740430909171636,1.0114698778759663,3.117013113149114,-3.0558498477023
1778740430958953381,0.9917406595544436,3.1164270726569607,-3.0558197568644805
1778740431025509259,0.9719822025826532,3.1158332905592774,-3.0558476714784644
1778740431059120132,0.9521579669257424,3.115283240212013,-3.0558525958208396
1778740431108970919,0.9389536286659521,3.114828560711712,-3.0558132031593286
1778740431159242127,0.9192152458396607,3.1142247050765985,-3.0557516222127323
1778740431208996089,0.8994474140865336,3.1136045114468076,-3.055607258074445
1778740431259087925,0.8730255030574846,3.1128110750624405,-3.0552558464313697
1778740431309045495,0.8532184251817206,3.112099371917958,-3.0548306202172166
1778740431359076335,0.8333897717699109,3.111499397376595,-3.0544016688629245
1778740431408968721,0.8135854706496611,3.110776377419574,-3.0540439865847753
1778740431459012255,0.8003750671704059,3.1103297876309433,-3.053815501343675
1778740431508972641,0.7739563837015897,3.1094287926275426,-3.053377370771635
1778740431575539409,0.747536253635458,3.108517793148693,-3.0529714581341207
1778740431608896489,0.7343267438319228,3.108058868170616,-3.0527776269223
1778740431658854881,0.7144979780774223,3.1074178327200985,-3.052449562946062
1778740431708675871,0.6946373556616132,3.10650274344162,-3.050991665668518
1778740431758724575,0.6748985605002529,3.1053327465581577,-3.0456146784554647
1778740431809014679,0.6550647489376494,3.103737089456126,-3.0345413060290762
1778740431858896315,0.6352218242506927,3.1016842040508354,-3.0181093490081334
1778740431909011645,0.6153906145056058,3.099502876410181,-2.998389789817174
1778740431959074517,0.5957684590383205,3.0962042013018047,-2.9775577874376586
1778740432025387741,0.5696812884903006,3.091518624751893,-2.94882335286854
1778740432058803322,0.5567291065130239,3.088859656577015,-2.9339232576418204
1778740432108897443,0.5374239666925281,3.0844633303560514,-2.910770374856994
1778740432158876033,0.5182705939476099,3.0795679890665926,-2.8866096212489594
1778740432208816762,0.5056811991454305,3.076047725269357,-2.86995837738319
1778740432258894942,0.48085046190074116,3.0683740027849216,-2.835569645157557
1778740432308784192,0.46241764546512204,3.062019547148389,-2.808784746928987
1778740432358941052,0.45021152512225243,3.0574862749769656,-2.7904764215696467
1778740432408872894,0.4261120933504706,3.0477341094175365,-2.752717747348032
1778740432459385151,0.4141873104508449,3.042497412187739,-2.733267675346324
1778740432509164301,0.3906379212207633,3.031309865465518,-2.6932136603398584
1778740432575445585,0.3675390076102327,3.0194162694415256,-2.6521133380737822
1778740432608927422,0.3562480734006844,3.013025563039558,-2.631267374871639
1778740432658965847,0.3451690199817537,3.006241598708832,-2.6102709445464907
1778740432709145921,0.3286648967180252,2.99589946459834,-2.578351679958206
1778740432759119763,0.30720091797959753,2.981348479502634,-2.535316759948726
1778740432809181892,0.2915027156876507,2.9698604832538953,-2.502727257723827
1778740432858998153,0.27611739718193484,2.9579695795273784,-2.470209357444184
1778740432908860182,0.26116074770196235,2.9454455973920632,-2.437891530207166
1778740432959013946,0.24657009793867332,2.93256503247631,-2.405670897897415
1778740433008911472,0.23708788202903064,2.9237529846547035,-2.38417492146102
1778740433058985314,0.21865492565566952,2.905557716502485,-2.3411345160284465
1778740433109081188,0.20532748883520202,2.89141091070871,-2.3090274990087645
1778740433158899433,0.1924214599466042,2.87691918514623,-2.2779146089791875
1778740433208857334,0.17990685518408311,2.8620566632222317,-2.248153833008001
1778740433275352075,0.16779951429382903,2.8468038170257155,-2.2190058054531625
1778740433309044343,0.15997956408338135,2.8364388121213486,-2.199479308317385
1778740433358967948,0.1450050987031036,2.81521033198808,-2.1591840337400736
1778740433408945367,0.1377534867139476,2.8043918392626197,-2.138597143962101
1778740433475368922,0.12399639677508602,2.7823237724444136,-2.09745974880966
1778740433509102028,0.11425307827227649,2.7654265121726174,-2.0667959596949728
1778740433575403450,0.10475558580923142,2.747845380390837,-2.0360315048755755
1778740433608861171,0.09868775727516037,2.7362313024023925,-2.0162828358816163
1778740433659011038,0.08991813667180777,2.7190960477100727,-1.989398884752912
1778740433708952167,0.07837366801262202,2.6960449127944557,-1.9632182110765355
1778740433758891723,0.06968575272840077,2.678440586206772,-1.9510086031935179
1778740433808965395,0.06391278677803404,2.666648886220032,-1.945616725850688
1778740433859029398,0.05245039587360479,2.6429922208138463,-1.9376810683049979
1778740433908903359,0.04394078253385412,2.625191319969723,-1.9327841013256464
1778740433958885446,0.035879928941518306,2.6071821324156472,-1.927872418328481
1778740434009008382,0.02715787469514282,2.5894209516751183,-1.9229458401607447
1778740434059057286,0.01889529035664531,2.571487043504406,-1.9180144657429798
1778740434108935746,0.010694252910340488,2.5534926262506197,-1.9133313297994123
1778740434159160806,0.0025558933922208873,2.5354527275260725,-1.9089454757336903
1778740434225360244,-0.008219954694473229,2.5112873610646558,-1.903710807642309
1778740434275273390,-0.013507252783211368,2.4991819257278824,-1.9006617326910713
1778740434309669318,-0.021040959509933684,2.4808514562389865,-1.8936895780395537
1778740434359755404,-0.02846413129283254,2.4623970795518457,-1.8824043817419522
1778740434409113842,-0.03318863259492338,2.450036879539903,-1.8718827183890294
1778740434459366345,-0.03981351282112756,2.431295228621464,-1.8532688352504143
1778740434509120989,-0.04798121476830842,2.4060014690629186,-1.8255845856205783
1778740434559034655,-0.051749775670663516,2.3932968424425187,-1.8112107321123307
1778740434625357969,-0.05867230122763327,2.36764564931869,-1.7813541518600124
1778740434659113338,-0.06339899963768726,2.348478021267212,-1.7590762102211397
1778740434709148285,-0.06784622709350381,2.329613324900012,-1.739276539922256
1778740434759351023,-0.07220953526301127,2.3105493147451233,-1.724666701762013
1778740434809047526,-0.07649490785987731,2.2914200300830934,-1.7147991436962577
1778740434858851704,-0.07931245586856575,2.278626935672188,-1.7104332591309532
1778740434909058980,-0.08485106719854396,2.2529145700066877,-1.7032045392444612
1778740434959040035,-0.08890339005284477,2.233583445758155,-1.6981420440565866
1778740435008881865,-0.0927227838825892,2.2142011966907247,-1.6929871215290635
1778740435058932533,-0.09673335818672502,2.194849773648635,-1.6878556551930168
1778740435125379613,-0.10052045969000026,2.1754404758683368,-1.6828339452996284
1778740435159063315,-0.10300250001101782,2.162484049755319,-1.679623221365457
1778740435208981120,-0.10781773395475905,2.13647554582944,-1.673228963838368
1778740435258921998,-0.11004885135805902,2.1234411663158057,-1.6687735302654474
1778740435308883346,-0.11307973028520069,2.1037787023398105,-1.6583518706150118
1778740435359072077,-0.11568111655403811,2.0840047856856128,-1.643678370613224
1778740435408998618,-0.11862181028392697,2.0575189886156275,-1.6185250120983883
1778740435458910461,-0.11972173602266123,2.044611795541767,-1.6064472256428286
1778740435509108610,-0.12198120174613504,2.0185052707603814,-1.5875361704455848
1778740435559250732,-0.12358971003593688,1.9988900280431856,-1.578281798910184
1778740435609202602,-0.1251119164613333,1.9792154570137752,-1.5720592083332385
1778740435659078687,-0.1264860653838964,1.959514696418055,-1.5667348442065627
1778740435709022731,-0.12745367283643552,1.9463902347916144,-1.563315348339608
1778740435758877847,-0.12914321087339214,1.9201006955229194,-1.5564513509105693
1778740435809075875,-0.13030813269802444,1.9003633375975,-1.5513955203935947
1778740435875494561,-0.13168179756039958,1.8741018619086256,-1.5450290766142032
1778740435909318670,-0.13240680065968513,1.860959443490749,-1.5420850993794584
1778740435959087110,-0.13330469829605837,1.8411785387049338,-1.5379418502792073
1778740436009204045,-0.13425570680205584,1.8214038685962155,-1.5342011230363262
1778740436059173377,-0.13504003523320793,1.8016008744050491,-1.5307703801692853
1778740436109084840,-0.13588110189512392,1.7818274238532505,-1.527678518886285
1778740436159263992,-0.13642789124059637,1.7683283649798118,-1.5259240165442716
1778740436209093619,-0.13741974007420885,1.7486796069326844,-1.5257133942345622
1778740436259140570,-0.13928168704402527,1.7224404188731748,-1.533263862288447
1778740436309160870,-0.14050261951527537,1.709232223262781,-1.5417437002895609
1778740436375608290,-0.14296844173640283,1.6879122462466611,-1.5648438269089757
1778740436408832537,-0.1450554702393628,1.6700937708653678,-1.5839307490151842
1778740436459070762,-0.14766435272627618,1.6508613157272989,-1.600191662180784
1778740436508900098,-0.15053555042579006,1.6309659928977123,-1.6126810021299849
1778740436575398596,-0.15336142731826377,1.6114108323291068,-1.621550871429913
1778740436608915029,-0.15627044400478912,1.5918577447826252,-1.627855746507537
1778740436658899501,-0.15926221977706956,1.5723339086387935,-1.6332001249123906
1778740436708948375,-0.16236545632385824,1.552815650487306,-1.638302227809011
1778740436759230354,-0.16551154783845123,1.533310265380904,-1.6434333554801466
1778740436809519416,-0.16876569578300765,1.5138060630409578,-1.648449147032336
1778740436858963608,-0.17214662893713964,1.4942914391571545,-1.6532080115932068
1778740436908861535,-0.17555851617746798,1.4747916207544445,-1.6576334280011202
1778740436959166547,-0.17896300671108492,1.455082500531922,-1.6615383682302183
1778740437008894921,-0.18238020698645907,1.4356195023415572,-1.662832448630395
1778740437059227215,-0.18412946116196768,1.4227870949179593,-1.6610766301318374
1778740437109298252,-0.18675896882687484,1.4031343468998598,-1.6522520942110377
1778740437158954999,-0.19002073202242376,1.3767302374958532,-1.6320870373043859
1778740437208899775,-0.19152775967342636,1.3571623748427017,-1.6159514941710487
1778740437258991862,-0.19352047413836942,1.3375215515606378,-1.6033494539188515
1778740437309176816,-0.1951566734112851,1.3178610685033987,-1.595172178898971
1778740437375460735,-0.19657432388974605,1.2982022292340238,-1.589143158864262
1778740437409008878,-0.19808726510585514,1.278514467197982,-1.5837680524698472
1778740437459079123,-0.19950973124883373,1.2588047853387911,-1.5785065405179293
1778740437509074546,-0.20096985513824703,1.2390737714496927,-1.5733828689703175
1778740437558984646,-0.2021005658320845,1.2193356317746582,-1.568490626354131
1778740437608883294,-0.20328239730236358,1.1995826798010998,-1.5639569675312364
1778740437658833370,-0.2043968472629444,1.1798167220789884,-1.5597684470836894
1778740437708955464,-0.20510473012786462,1.1666382797270003,-1.5571767473555633
1778740437758947230,-0.20651689805434945,1.1402480442753489,-1.5523705430367867
1778740437808855536,-0.20745088089466984,1.1204646165824832,-1.5491071198041892
1778740437858884042,-0.20827721750745687,1.1006909921698933,-1.5461008489316554
1778740437908971349,-0.2091237135019166,1.0808937898683333,-1.5433286986387902
1778740437958982492,-0.20992729669977572,1.0610989923765501,-1.5407643814685958
1778740438008859719,-0.21069136351560075,1.041296523179349,-1.5384020934576266
1778740438075294946,-0.2114184662799157,1.0214931766353512,-1.5362149244716012
1778740438108961756,-0.21188393958180365,1.0082900120646996,-1.5348522243765985
1778740438159097265,-0.21277187599073077,0.9818796501493321,-1.5322976058748567
1778740438225441980,-0.21345831460777773,0.9554049923865556,-1.5291654136949764
1778740438258916874,-0.21360021891125971,0.9422064735960854,-1.5249345234836722
1778740438308816615,-0.21370048411273854,0.9223209143634311,-1.5148132280456588
1778740438359083014,-0.2131726371625258,0.9023851878202991,-1.4994313922265528
1778740438409056674,-0.21185889926512122,0.8824530715920151,-1.4800996220376066
1778740438458944422,-0.2103605105191682,0.8625783372886726,-1.4594877851899437
1778740438508932551,-0.20868674677521407,0.8427254970462487,-1.438084038709608
1778740438558945216,-0.20681824271074017,0.8296311246165353,-1.4234434538957665
1778740438608894100,-0.20330056964242305,0.8034060319785888,-1.3930125175336656
1778740438675448484,-0.1982922046310295,0.7775231086417722,-1.36090756329371
1778740438708759095,-0.1955908466921719,0.764629629269558,-1.3440661204233195
1778740438758934600,-0.19266337047356993,0.7518162729048434,-1.326870782258945
1778740438809013011,-0.18783972996587886,0.7327372048174797,-1.3001375862543059
1778740438858967916,-0.18060065212217966,0.7076068123362625,-1.2630284673663432
1778740438908806751,-0.17454481492057106,0.6889560833324364,-1.2341036485652663
1778740438959063842,-0.17021216188641483,0.676644177494549,-1.2142583271122107
1778740439009016272,-0.16326683784952434,0.6583658702329941,-1.1838878322215507
1778740439075485194,-0.15066889522602156,0.6283762453913891,-1.13199164668218
1778740439108799933,-0.14777854138433583,0.6225613399740034,-1.1214784770021993
1778740439158836574,-0.13638732691768582,0.599190088393396,-1.0789415577497319
1778740439209100187,-0.12702523632608118,0.5821552012867323,-1.046727799864728
1778740439258894046,-0.11725985242226401,0.5653290726317938,-1.0143031168602903
1778740439308814636,-0.10704504783066422,0.5487620002552642,-0.9817387892128359
1778740439358850415,-0.09619340267994277,0.5326158499881559,-0.9491035053679946
1778740439425471657,-0.08492031799479816,0.5167714289496843,-0.916423040654232
1778740439458826472,-0.07313844511210107,0.5012483877657409,-0.8837513318832722
1778740439508839308,-0.06092278795560238,0.48614600744211894,-0.8511405990613526
1778740439558967202,-0.05251471821566017,0.47627890459136657,-0.8294490268840282
1778740439609070611,-0.03952391323829456,0.46180063269528515,-0.7969452341173966
1778740439658915086,-0.021518703065108013,0.44312707396917483,-0.7535816265591047
1778740439708995120,-0.007439721886670991,0.4296104295313464,-0.7209674150878297
1778740439758985512,0.006874762406537111,0.4165529987138165,-0.6883116647693327
1778740439809052832,0.016705562025380084,0.40808092642017335,-0.6666027462887643
1778740439858925651,0.03686891049640312,0.3917494973945425,-0.6233095375653335
1778740439909261502,0.05241540497163208,0.3800529642289872,-0.590906648599227
1778740439959017919,0.06831141273203038,0.3688427776023307,-0.5584377726176792
1778740440009017830,0.0790973026299292,0.361643883768629,-0.5367190658301141
1778740440059201572,0.10110369532944832,0.34791955671560365,-0.4932699338033686
1778740440108886312,0.11230957586307697,0.34140143885382374,-0.471593382080997
1778740440159028605,0.13517582498193542,0.3291749188745858,-0.4283173997344658
1778740440208961207,0.15254271373610065,0.320412347028249,-0.39585317618770866
1778740440259262973,0.17022618767330888,0.31231242479010046,-0.3633168019926343
1778740440308986658,0.18820828207034343,0.3049008220832149,-0.33070107795915643
1778740440358927918,0.2063036551569272,0.2977657530091173,-0.29805776131310185
1778740440408992622,0.22465902889065095,0.2913342047252794,-0.2654070228603067
1778740440458955824,0.2436603965138834,0.28528262631902046,-0.23286862676687115
1778740440508946818,0.2624065950070053,0.279630849448216,-0.2027035242295345
1778740440559076997,0.2747014872745927,0.27603110988793844,-0.1848871993965706
1778740440609054605,0.29953549245024946,0.26945735426283873,-0.1582066558946931
1778740440659022556,0.312042876786937,0.265465987929441,-0.14919006660483758
1778740440709047083,0.331004743753321,0.26023942271794864,-0.14023448301409625
1778740440775393722,0.3563837049486112,0.2533724986773825,-0.13230887814663198
1778740440808865630,0.3690945564788819,0.2499934360720072,-0.12911107206619518
1778740440858935695,0.3882037454133574,0.24499500865294932,-0.12444280528090435
1778740440909079059,0.4073423010319742,0.24008824967251252,-0.11968434201201016
1778740440975474070,0.4294750304869701,0.23447214428945334,-0.1126230281231031
1778740441025377136,0.4334952894669157,0.23331418970543905,-0.11077260102724695
1778740441059023767,0.4339950604908899,0.23310514499715942,-0.11206389231019907
1778740441108942033,0.4332695401559904,0.23319817890268277,-0.11903185022223763
1778740441158954208,0.43296477956411505,0.23326034189775532,-0.122681365266609
1778740441208829060,0.4326121554243601,0.23334522125776178,-0.12915732123311452
1778740441275305827,0.43244321892658494,0.2333965299217753,-0.13380722987165064
1778740441308923483,0.4323934152639743,0.23341474620556163,-0.13555902180340773
1778740441358943462,0.4321279076193,0.2333283624417815,-0.13703291030556738
1778740441409057371,0.432067885751358,0.23336447701018245,-0.13883552032545368
1778740441458923006,0.43229205721076713,0.23346434588242354,-0.14067043458108808
1778740441525280205,0.4322770621177147,0.23347465836895723,-0.1417441116041025
1778740441558889665,0.43225542446633525,0.2334857094771372,-0.1426265210415556
1778740441608908191,0.432243561590149,0.2334921195061164,-0.14312879349841798
1778740441675374838,0.43222514130851397,0.23350441564586324,-0.1441481212487377
1778740441708886372,0.4322162678963162,0.23350927879712688,-0.14447909012301574
1778740441758916931,0.4319745862550243,0.2334840377935255,-0.14477591423035685
1778740441808966327,0.4321938456737785,0.23352081659022478,-0.14515474228206982
1778740441858862540,0.4319618002464632,0.2335038191299492,-0.14547543361257986
1778740441908773933,0.43216163594905327,0.2335358014302568,-0.14582423396392485
1778740441958945982,0.43214643011048337,0.23354216521436144,-0.14604086458960897
1778740442008890828,0.4321339466202567,0.2335477453941412,-0.14622386890816896
1778740442059038230,0.44118767981651036,0.2314233810641011,-0.1458751387422499
1778740442108713964,0.4587059247194629,0.22721312058614562,-0.14666023726657776
1778740442159083970,0.47660910593253175,0.22284660404820192,-0.14793704296777976
1778740442208831771,0.4959321612570649,0.21816813217512787,-0.14886363217264398
1778740442258826673,0.5154815072150745,0.2134988425730243,-0.14874659794934472
1778740442325307577,0.5349356287276494,0.20892485800157437,-0.1478748181667107
1778740442358884446,0.5543293999872259,0.20443561438542898,-0.14682343031975886
1778740442408894005,0.5672361898641066,0.2014849830692594,-0.14605577395908842
1778740442458907772,0.5831439436302301,0.19785140242531513,-0.14405718251685104
1778740442525306340,0.5876722972748253,0.1967090978456204,-0.13948343934084795
1778740442558879681,0.5874031820756178,0.19669325423241107,-0.1372851196202314
1778740442608968983,0.5868432598802198,0.19677364621763052,-0.13647436166201476
1778740442658812035,0.5864902887071132,0.19683015038910315,-0.13679376783172612
1778740442708819491,0.5863472456223926,0.19685488832852502,-0.13722795637103413
1778740442758906528,0.5861736850419005,0.1968891620351366,-0.1381444653941335
1778740442809017260,0.5860214977777011,0.19674462363791953,-0.13857375553493112
1778740442859078859,0.5860581111408903,0.1969192851236393,-0.13935986974764128
1778740442909099910,0.5858719380559576,0.19679427918398196,-0.13971175125640437
1778740442959023596,0.5860040104650143,0.1969394711947868,-0.14033197494969718
1778740443025500873,0.5859818283928565,0.19694867137972025,-0.14072715729630225
1778740443058978833,0.5859680614858371,0.19695598662409844,-0.141069142789501
1778740443108982892,0.5859498889524936,0.19696409178748003,-0.14136493853157583
1778740443158894304,0.585939160363353,0.19696910885905267,-0.14153908883314428
1778740443209074138,0.5859244665855883,0.19697624118452745,-0.14177109905481663
1778740443259020427,0.5857598639674759,0.19688951690803086,-0.14196732347699825
1778740443308891813,0.5858892951550192,0.19699244916319014,-0.14218665676184816
1778740443358999840,0.5858771413372257,0.19699739664029114,-0.1422764679555404
1778740443408893118,0.5858547110459663,0.19700670712318466,-0.14242343156555212
1778740443459032225,0.5858472239600739,0.19701050190799718,-0.14248499973864437
1778740443508966741,0.5858313934001904,0.19701704193680739,-0.1425619829988709
1778740443558973616,0.5858130082776725,0.19702404318562353,-0.14262184695214453
1778740443608948429,0.5856766559861085,0.1969624959639043,-0.14266330973321306
1778740443658927320,0.5857751337323643,0.19703893502325542,-0.1427014762750307
1778740443708836478,0.5857636852657576,0.19704412316628986,-0.1427191831962142
1778740443775186123,0.5857416131850333,0.19705148877038706,-0.14272601940718044
1778740443808892067,0.5857279893656568,0.19705699148726885,-0.1427228130264564
1778740443875561340,0.5857140945553239,0.19706247136349828,-0.1427109369749204
1778740443909067544,0.5857038217591481,0.19706627054864537,-0.1426987216107607
1778740443959046164,0.585685148799261,0.19707262646403417,-0.14267755407960525
1778740444009111119,0.5856661755609024,0.19707973125853326,-0.14264514643347326
1778740444058937550,0.5856480200545233,0.19708580127944042,-0.14261658563635038
1778740444108968821,0.5856342069901052,0.19709088558570292,-0.14258306650651953
1778740444175653574,0.5856086874536062,0.1970990856396528,-0.1425338859774321
1778740444208981067,0.5855975792932269,0.19710277933559345,-0.1425081240926982
1778740444258965839,0.5855839012411731,0.19710763783004948,-0.14246746640112962
1778740444308774175,0.5854929144131938,0.19707929790046938,-0.14243699181850025
1778740444358765831,0.5855518757593716,0.1971181605116588,-0.1423836345301095
1778740444408754711,0.5855343790863891,0.19712364112139902,-0.14234144710391483
1778740444475305358,0.5855156313787594,0.19712933708793395,-0.1422993168607687
1778740444509120771,0.5855014803358656,0.19713400355926097,-0.14225748002881256
1778740444559107587,0.5854879406864192,0.19713848482984675,-0.14221612414993692
1778740444609246643,0.5854761640893936,0.1971420134374215,-0.1421890125894789
1778740444658890977,0.5854532075220448,0.19714839821676033,-0.1421491312508656
1778740444709137037,0.5854387407120032,0.19715294556538868,-0.14211319970121217
1778740444758922529,0.585419361363975,0.19715892734121773,-0.14206791746308367
1778740444808789637,0.5854003278984481,0.19716431909573737,-0.14203424061752168
1778740444858904637,0.5853806012488078,0.19716982852278797,-0.14200384764090798
1778740444909110481,0.5853678807122893,0.19717378248884346,-0.1419748854370697
1778740444975331129,0.5892005328456787,0.19636171724988355,-0.14210104244333974
1778740445008891136,0.6029602027142527,0.19354172176857895,-0.14278552116062926
1778740445058883082,0.6238668859196785,0.1887677269709641,-0.14590929137592612
1778740445125430313,0.6429444656741442,0.18455350542946333,-0.14797107953347988
1778740445159198505,0.6626210052749612,0.1802436082461675,-0.14914953844494327
1778740445208944462,0.6819959373064469,0.17632544917010437,-0.14844206552310626
1778740445259016832,0.6952256233412772,0.1732048137597208,-0.14940606396409173
1778740445308826570,0.7213171989963706,0.16790698450222477,-0.14821537297386378
1778740445359011845,0.7341358396901932,0.1649732851028671,-0.1485257015433872
1778740445409090946,0.7600287528913109,0.1595882983726998,-0.1475540056846869
1778740445459073945,0.7796943354014826,0.1557276483800391,-0.1462991134007421
1778740445508977102,0.7923997859178743,0.15295018169591884,-0.14610164703172668
1778740445558872534,0.8183020029773491,0.14770649313586387,-0.14484227821117646
1778740445608940354,0.8312569578666094,0.1451045597259213,-0.144208095420864
1778740445659103286,0.85740235249049,0.1400198649103086,-0.1427228188684988
1778740445708954384,0.876621196958474,0.13609174186143394,-0.14196423392543253
1778740445775437121,0.9025528785903532,0.13100228478781695,-0.14069142974450435
1778740445808930591,0.9155169097223201,0.12847345855691147,-0.14007131576950152
1778740445858895165,0.9351743497948084,0.12474456442203118,-0.13904629794827006
1778740445925352053,0.9609224601033777,0.11969273993633033,-0.13793682763734827
1778740445975327838,0.9803865844869669,0.11596221388939978,-0.13704486287171092
1778740446008799286,0.9933708648034957,0.11348433901313004,-0.13646722597176586
1778740446075188826,1.0195009136046334,0.10857397148923868,-0.13529108636734488
1778740446108937181,1.0324870088364597,0.10611433947255343,-0.13474753033417697
1778740446175225829,1.051799338922473,0.10242766190039264,-0.13398904460357738
1778740446208935561,1.0714390760559722,0.09877886460679239,-0.13319421573223922
1778740446275413750,1.0907677715518007,0.09513122455389728,-0.132467381106411
1778740446325295756,1.1167561843353029,0.09029651114346789,-0.13150276387000837
1778740446375310325,1.136246650322484,0.08668546375837462,-0.13081306511060076
1778740446408850243,1.1493793042984248,0.08427386986682316,-0.1303588884272209
1778740446475236417,1.1687400448228307,0.0806927315969601,-0.1297152562588213
1778740446509047532,1.1883605928634307,0.07709496957773422,-0.12908807155684254
1778740446558917355,1.2077293451358833,0.07354307102224254,-0.12848803962881572
1778740446608994834,1.2272309103747492,0.06998235036191372,-0.12792061792690881
1778740446658943928,1.2402350403979312,0.06761337813628795,-0.12755083820085922
1778740446708940733,1.2662341905604655,0.06288959896220529,-0.12682416604902258
1778740446758865731,1.2792372026053862,0.060532795617171085,-0.12647706725279087
1778740446809019516,1.2987448044849652,0.0570040588319912,-0.1259746144931051
1778740446875673590,1.3247596112069029,0.05231063627091339,-0.1253529674483822
1778740446908959754,1.3442760154432154,0.04879840661593719,-0.12492015209239415
1778740446958877579,1.363786556902154,0.045294292237864235,-0.1245094904369779
1778740447025277419,1.3832980229961134,0.04179688152815752,-0.12412136978650246
1778740447058815373,1.3963069409047282,0.03946870113279288,-0.12387318494679977
1778740447108803712,1.4223299081302339,0.034819681984323184,-0.12340398124904439
1778740447158851034,1.4419323724957351,0.03129143604875729,-0.1230744154070651
1778740447225462597,1.4678684243134208,0.026708472669331764,-0.12267088204461274
1778740447258920028,1.474374150961738,0.025551960206179277,-0.1225770905148633
1778740447308925018,1.5003983351494055,0.02093117664393815,-0.12221940988254021
1778740447358875265,1.5134162153207387,0.018623210786576198,-0.12204972666007174
1778740447408931543,1.5395149688517602,0.013960997877770288,-0.12172436460247038
1778740447458818049,1.5589626487526025,0.010563422870830182,-0.12150023963691936
1778740447508781861,1.578489844601005,0.00711465174356463,-0.1212862514161892
1778740447558795438,1.5980121597200265,0.003670405287542556,-0.1210852601590302
1778740447608670070,1.6175406348980137,0.00022895534296191354,-0.12089959528379879
1778740447658981455,1.6370641929944318,-0.0032081022124663596,-0.12072446952568772
1778740447708712434,1.6500795818217968,-0.005497790292272295,-0.12061480237160761
1778740447758908749,1.6761160435552536,-0.010074126035281742,-0.12040968859744082
1778740447808824700,1.6956994373734584,-0.013560657389654018,-0.12026285821211902
1778740447875401477,1.7216775688926382,-0.01807108989222287,-0.12010247635470207
1778740447908850582,1.7347519185346951,-0.020411924770558386,-0.12001787413040521
1778740447958958930,1.7477166184088389,-0.022635836398952,-0.11995350387504544
1778740448008678396,1.767247813100001,-0.026056919602048357,-0.11985471016859071
1778740448075673160,1.7998405299030538,-0.03181044135689564,-0.11970102714662367
1778740448125617175,1.8193203326446583,-0.03516815341753629,-0.11963461354652516
1778740448158613166,1.832343107922903,-0.03744465040517539,-0.11958865556934926
1778740448208677019,1.8453619106794008,-0.039719709372341434,-0.11954497022468846
1778740448258972864,1.8714441384208154,-0.04432511737720511,-0.11945392770924324
1778740448309053890,1.8909289436241306,-0.04767777392728677,-0.11940860159471532
1778740448358899958,1.9039520602512776,-0.04995081830347764,-0.11937523753595292
1778740448408909267,1.92348093539663,-0.053358532544590005,-0.11933230428138142
1778740448459344568,1.9495251531273043,-0.05790163884474588,-0.11928373554780647
1778740448525327493,1.969052415939721,-0.06130621940187733,-0.11925338341495806
1778740448558774464,1.9885830292178686,-0.0647097836060672,-0.11923511467752233
1778740448609205326,2.0081124313773917,-0.0681113189095461,-0.11922169828371887
1778740448658939330,2.027676321139565,-0.07156562741233553,-0.11920047355524764
1778740448708873997,2.047173911625943,-0.07491005105992113,-0.11919183673570988
1778740448758821498,2.0667359408487607,-0.07836005761359545,-0.1191598005037555
1778740448808827211,2.0862402769345056,-0.08170132625632223,-0.11915777125783576
1778740448859067800,2.1057761414419756,-0.08509405165499939,-0.11914408659613683
1778740448909044788,2.12531009266788,-0.08848439476797998,-0.11911439671815716
1778740448959061180,2.1383312211150605,-0.09074352538249553,-0.11908454456242579
1778740449009016096,2.164403617734174,-0.09531119040929892,-0.1189940393811133
1778740449058904865,2.183911572633869,-0.09864560259395212,-0.11894597131422469
1778740449109574562,2.20347305587247,-0.10207938819854848,-0.11888394400670066
1778740449158929525,2.2229792851939103,-0.10541188777109663,-0.11884695786958988
1778740449208963571,2.242512337985576,-0.10879272368629617,-0.11880879411680655
1778740449258922814,2.2620449435533803,-0.11217267197793612,-0.11877784496135436
1778740449325396906,2.288089618720883,-0.11667802192539946,-0.11874706493581844
1778740449358915082,2.3011184602029915,-0.11893147907598886,-0.1187347756684245
1778740449408876811,2.3206524683464407,-0.12230917246915952,-0.11871809812694645
1778740449459136908,2.3401869012331384,-0.1256862670569034,-0.11870378805953008
1778740449509024324,2.3597278442154033,-0.12906398612451792,-0.11869229764386403
1778740449559064693,2.372750698056773,-0.13131491282741975,-0.11868627459203829
1778740449609026722,2.398798483549884,-0.13581640753060326,-0.11867717672010558
1778740449675281816,2.4183348146289236,-0.1391918028369202,-0.11867815201419729
1778740449709014341,2.431359933055761,-0.14144173943215965,-0.11868342083413852
1778740449775587020,2.4574126806746124,-0.14594032813451419,-0.11870611716802461
1778740449808909293,2.4769671761916805,-0.14935160795913965,-0.11871324904994562
1778740449859149031,2.4964831567173253,-0.15268301830094558,-0.11872887459198321
1778740449908917381,2.5160372966215356,-0.15609062022049394,-0.11872385446525337
1778740449959025919,2.5355605876116782,-0.15942023574064176,-0.11873381906546367
1778740450008980013,2.5551154996454675,-0.16282380573262922,-0.11872221669723526
1778740450058984413,2.5746286587272533,-0.16614911414203778,-0.11871145718642673
1778740450109018208,2.5941639468840227,-0.16951171485644737,-0.11868695831583276
1778740450158942555,2.6137053851405563,-0.1728740402031799,-0.11865755030212233
1778740450209092292,2.633242525558758,-0.17623445822255057,-0.11863124465309793
1778740450258873707,2.652778837173893,-0.17959355620457013,-0.11859038389508482
1778740450325373487,2.6723153228507535,-0.18295164031152936,-0.11855605040639804
1778740450359176837,2.6918526501099462,-0.1863093369224144,-0.11852762603233424
1778740450425266857,2.711396625646225,-0.18966712125567134,-0.11850329299729712
1778740450458887609,2.7309448844981143,-0.19305332266273842,-0.11847048805959705
1778740450508924350,2.7504662253581693,-0.19637711706293767,-0.11843863740381844
1778740450559132748,2.7634909513045463,-0.19861318617724916,-0.11841105116734685
1778740450609190139,2.7895480728867796,-0.2030862960995597,-0.11835700042509513
1778740450658859059,2.8090823407195566,-0.20643924014288087,-0.11832910514282745
1778740450708950074,2.828624394430943,-0.20979273986345817,-0.11831550229357422
1778740450758966526,2.8416506859462913,-0.21202783405133163,-0.11830874916374556
1778740450825302635,2.867708898673961,-0.21649849052733297,-0.11829786517338992
1778740450858782649,2.8872305453796123,-0.21984720625217652,-0.11830251661480641
1778740450908825942,2.906769004450736,-0.22319708954065484,-0.11831822389178681
1778740450958859057,2.926308915776399,-0.22654625832891612,-0.11832914790885062
1778740451009045974,2.9458482855679313,-0.22989399110682324,-0.11833383966405275
1778740451059066866,2.965389494862993,-0.23324044025995075,-0.11831591353858383
1778740451108960554,2.98493576817131,-0.236585646875425,-0.11830360990855925
1778740451158956568,3.0044766648424117,-0.23992814414724212,-0.1182901540833896
1778740451208953894,3.024016863909263,-0.2432689323467483,-0.11825981562357812
1778740451258906295,3.0370390229462125,-0.24549486575846416,-0.11822001313984698
1778740451308855329,3.0630970157390385,-0.24994868797855113,-0.11814114537366915
1778740451358886139,3.0826432541989814,-0.25328769881208363,-0.11808121098548563
1778740451408955683,3.1021844828963694,-0.25662441471156133,-0.11804175371025494
1778740451459002273,3.12172669015552,-0.2599778601956734,-0.11795886281473056
1778740451525323283,3.141247528713816,-0.26329155317905384,-0.11786555353632001
1778740451559020120,3.1607887785340427,-0.2666245653420132,-0.1177635945847668
1778740451608894932,3.180331506390935,-0.2699570269928418,-0.11766968140313729
1778740451658871790,3.1998736237242236,-0.2732885908175844,-0.11761077629499804
1778740451708882992,3.219422168526256,-0.27662065919376205,-0.11756849831141025
1778740451758811197,3.238963513162775,-0.27995089404777995,-0.11754011502848537
1778740451808946295,3.258507389908144,-0.2832806303866757,-0.11751470677959075
1778740451859075834,3.278049847182247,-0.2866091551617624,-0.11749431538273171
1778740451908835888,3.297592329285273,-0.2899372441403305,-0.11748194290095483
1778740451958858572,3.3171444862757102,-0.2932784276037108,-0.1174676034034743
1778740452025356679,3.336677661365127,-0.29659196178480235,-0.11746505425071918
1778740452058806195,3.356187028784241,-0.2999128217036945,-0.11743647789739199
1778740452108892671,3.3757006141373016,-0.3032364089296472,-0.11740193038701907
1778740452158916698,3.395245439570508,-0.30656540120135656,-0.1173848591641109
1778740452208825395,3.414791520222198,-0.3098942194770335,-0.11738206148547727
1778740452258893035,3.4342969769530685,-0.31321570203926313,-0.11740182767209051
1778740452308998287,3.4538238201878633,-0.3165390324389845,-0.11738605772918165
1778740452358881967,3.4733631036609975,-0.3198697971832147,-0.11736865824793474
1778740452408953404,3.4863892205204734,-0.322092106599765,-0.11738067671441277
1778740452458946843,3.5124400679386514,-0.32653840604766055,-0.11745898751028871
1778740452525243366,3.5319863163459635,-0.3298751283413711,-0.11756258039173373
1778740452559013032,3.545016443635707,-0.33209921577348916,-0.11761409515615727
1778740452608922210,3.5710790329937447,-0.33654790677054974,-0.11770688398011364
1778740452658907393,3.5906204816730907,-0.33988378007582504,-0.11776101439026743
1778740452708994150,3.6036478971150423,-0.3421076170370065,-0.11778687407300348
1778740452758927033,3.623196048879358,-0.34544490624063484,-0.11781550334207136
1778740452808920542,3.6427354591566043,-0.34878102145620404,-0.11784374927100405
1778740452859074988,3.6687898751752597,-0.3532296508203471,-0.11788251003058424
1778740452908882292,3.688337956216079,-0.3565677776623074,-0.11791187581208094
1778740452958895849,3.7013655236768943,-0.3587926094995676,-0.11793001950760873
1778740453025458409,3.7339451901409833,-0.3643628993152289,-0.11797680002857992
1778740453058996994,3.7469393682222543,-0.3665840058296941,-0.11803754750153982
1778740453108943333,3.766446598069768,-0.3699164828635339,-0.11811995108977814
1778740453159032244,3.78597859945019,-0.3732338382225916,-0.11812834021077954
1778740453208846351,3.8055224580749094,-0.37655942888291594,-0.11809712066629308
1778740453275195394,3.82506820190964,-0.37988288204514964,-0.11795210048124405
1778740453308868075,3.8446268258519605,-0.383215214882522,-0.11785675871486266
1778740453359006470,3.864163609146092,-0.38652483775157276,-0.11777126374591385
1778740453409105801,3.875474256371587,-0.3884920323811377,-0.11747827265454935
1778740453458919698,3.8782670789121947,-0.38901649529750654,-0.11920932743205671
1778740453508832773,3.87800339669337,-0.3890011313372534,-0.12223225792074464
1778740453558815201,3.8774362401978824,-0.38890974616749696,-0.12554658367335314
1778740453608944068,3.8770817821236108,-0.3888425039005859,-0.12846989144014873
1778740453659081000,3.876882947520817,-0.38879758886307403,-0.13087966412234797
1778740453709027039,3.8767680747408013,-0.3887662889205102,-0.13284111270245091
1778740453759008485,3.876699669792594,-0.3887434982495048,-0.1344367351627653
1778740453808901582,3.8766583580590046,-0.38872630467267866,-0.1357363539585248
1778740453875408456,3.8766280752791435,-0.3887120673689308,-0.13679868914296778
1778740453909114821,3.876611980867867,-0.3887038228086349,-0.13740007673881482
1778740453958897418,3.876589410583492,-0.3886901001640349,-0.13839931502224892
1778740454008935743,3.876576993902859,-0.38868356365125273,-0.13881532431661148
1778740454059067144,3.876310330574804,-0.3887103593289283,-0.13938053965023164
1778740454108915978,3.876544036010878,-0.38866630738501967,-0.13981030449010978
1778740454159057308,3.8765234554528907,-0.3886561427382714,-0.1403119858405688
1778740454208932612,3.8765101295708524,-0.38864932133472924,-0.14062475685320308
1778740454258919919,3.876498895987183,-0.3886445792500657,-0.14080761793719265
1778740454308933436,3.8764838652368443,-0.38863802918145596,-0.14104975854046975
1778740454358910153,3.8762612799287153,-0.38863511916392857,-0.141284801453899
1778740454408876831,3.8764551746046343,-0.3886259463111922,-0.1414412296338936
1778740454458951474,3.8764338170288006,-0.388618028161333,-0.14164935165329814
1778740454508903344,3.8762351181986086,-0.3886066811744308,-0.14176663824872504
1778740454559012994,3.8764096826631995,-0.38860903166430766,-0.14186504798269928
1778740454625220237,3.8763868738876384,-0.3886016017654723,-0.14201020506960926
1778740454658830419,3.8763703510825103,-0.388596306246802,-0.14210752253564207
1778740454708956561,3.8761950936367735,-0.38857412496796084,-0.14219324822153068
1778740454758960680,3.8763399820082762,-0.3885865778272369,-0.1422811079308155
1778740454808881831,3.8763191110170334,-0.388580975439264,-0.14236040507261238
1778740454858899365,3.8763044754115192,-0.3885765143172385,-0.1424368751082512
1778740454908838761,3.8762940330699753,-0.3885734983821533,-0.14248667746916555
1778740454958906802,3.87627155031894,-0.3885673482812542,-0.14258524526843885
1778740455009003879,3.8762568452535953,-0.3885632099955718,-0.14265910379869284
1778740455058932354,3.8761147686836637,-0.3885279263683145,-0.14273391097376864
1778740455125206865,3.8762202189796353,-0.38855356571526756,-0.14283368075684866
1778740455158880578,3.8762084001251265,-0.38855068226638284,-0.1428852319302032
1778740455208908843,3.8761959676597915,-0.3885477348401985,-0.14293738663432265
1778740455258875190,3.876172605933978,-0.38854220568553693,-0.1430446219833761
1778740455325224153,3.876044428624132,-0.38849941211869615,-0.1431530052551917
1778740455375186392,3.876136737974257,-0.3885340478313134,-0.14321271239147168
1778740455425319888,3.8760195657098113,-0.388490435203616,-0.1433262544636804
1778740455475257761,3.876103644637949,-0.388526648888923,-0.1433910442822053
1778740455508827816,3.8760852234801364,-0.388522748449758,-0.14348431157780395
1778740455575230081,3.876070794734898,-0.3885195723049788,-0.14357559567477907
1778740455608880219,3.8760586153005696,-0.38851707063650054,-0.14363585991522854
1778740455658952748,3.876040633507613,-0.3885134172199183,-0.1437267518056857
1778740455708973880,3.876020264625783,-0.38850923365255047,-0.14385220506399454
1778740455758729726,3.8759980178564075,-0.3885050132125751,-0.14395616439319078
1778740455808943805,3.875985048456198,-0.3885025327644293,-0.1440274227095828
1778740455859028989,3.875963804457641,-0.3884984140803741,-0.14417227314404887
1778740455908809432,3.8758762926534054,-0.388452375521393,-0.14427211807120566
1778740455958807359,3.87593364343918,-0.38849279854741303,-0.1443581820736224
1778740456025416478,3.8759046335200837,-0.38848748809533606,-0.14454821465883771
1778740456058748590,3.8758932169898133,-0.3884854315741384,-0.14462506015275522
1778740456108961767,3.875880302422385,-0.3884831413684996,-0.14470228423387524
1778740456159012074,3.875855692207091,-0.3884788138179036,-0.14485827723014388
1778740456208899261,3.875779703731226,-0.3884332199716099,-0.14496268734056938
1778740456258950029,3.8758281209236256,-0.38847401691119143,-0.14505514116087426
1778740456308885257,3.875808487479292,-0.38847066901894767,-0.14517415952724377
1778740456359070471,3.8757902958358135,-0.38846759194591557,-0.14529351594987228
1778740456409040615,3.875774107460143,-0.38846486873187513,-0.1454133882663005
1778740456475402784,3.8757492097260555,-0.3884607341556143,-0.1455735796472859
1778740456508961788,3.8757294607868604,-0.388457481092895,-0.14569387750326213
1778740456559101686,3.8757208570640596,-0.3884560793265683,-0.1457741395706451
1778740456608849286,3.875694838278875,-0.388451847675689,-0.14593474536507814
1778740456659158296,3.875676000883015,-0.3884488081944894,-0.14605504181956477
1778740456708896419,3.875752939033509,-0.38846181577355515,-0.14617518861298295
1778740456759049852,3.8760013813305263,-0.3885046307771355,-0.1466999095788992
1778740456808988196,3.8757199054079967,-0.38845204792461513,-0.15220524435874958
1778740456858973289,3.8757570557724046,-0.3884600810589485,-0.1621160687582721
1778740456908877759,3.8758688955071645,-0.38848523426154813,-0.17211140435952776
1778740456958784192,3.8761012284629066,-0.38854232474411204,-0.1900397871818722
1778740457008877170,3.8765048917248586,-0.38865364456303325,-0.21725176835530924
1778740457059259871,3.8768349143346166,-0.38875484649629144,-0.23876374599684255
1778740457125312900,3.8772614163283414,-0.3888630274143423,-0.2682585245888251
1778740457158934013,3.877413085457625,-0.3889531710868053,-0.27580815259863734
1778740457208958170,3.8777551114145594,-0.3890833452097778,-0.29881439623871753
1778740457259074964,3.8781148065139655,-0.38923321724539023,-0.33030765643117027
1778740457308837142,3.878301240474835,-0.38931833269301896,-0.35454366045971586
1778740457375453414,3.87842458587476,-0.38938024820507083,-0.38746924474981315
1778740457425418519,3.8784309956777774,-0.3893850252588555,-0.40411413854547185
1778740457458849519,3.878402321873752,-0.3893452140724346,-0.42923576138446995
1778740457508928321,3.878254255837509,-0.3892886245134773,-0.4545134144508975
1778740457558933923,3.8780891594924287,-0.38916791628103453,-0.4799016470695783
1778740457608883859,3.87785565905477,-0.38902050932983706,-0.5053692872345996
1778740457658964534,3.877589633714458,-0.3888412743717806,-0.5308667157758992
1778740457708821342,3.8772947336537227,-0.38864607783088695,-0.5563482546187206
1778740457758851651,3.87697811436557,-0.3884045537728128,-0.5817761000490017
1778740457808936585,3.876756641764667,-0.3882279140718356,-0.5986890836633423
1778740457875387963,3.8763239890023926,-0.38786368056979226,-0.6324273017456877
1778740457925420516,3.8759984984816698,-0.3875726467887417,-0.6576487726415978
1778740457958921500,3.875667785252842,-0.38726153008265607,-0.6828125193462067
1778740458008960315,3.875447502110478,-0.38704534380898864,-0.6995604127218237
1778740458058967180,3.8750141811032917,-0.3865833269574832,-0.7330123507485323
1778740458108842764,3.874697964855393,-0.38623611886702663,-0.758068988013715
1778740458159174467,3.874400473366259,-0.3859071122664378,-0.7831092035443589
1778740458225332847,3.8740000861781496,-0.3854172964739416,-0.8164628829897017
1778740458258851324,3.8738029356040253,-0.3851467140441974,-0.833122252732442
1778740458325556326,3.873440153802726,-0.3846699533148798,-0.8664198864103715
1778740458358954063,3.87334742598851,-0.3845384297869621,-0.8747308087852795
1778740458409075746,3.8730806180312904,-0.3841459779597846,-0.8996582047864607
1778740458458950869,3.872737261781112,-0.38360779314961974,-0.9328939413771798
1778740458508918990,3.8724903880333406,-0.3831946707001768,-0.9578450965751695
1778740458559272435,3.8722559330186903,-0.38277881964343663,-0.9828160707004351
1778740458609089958,3.872032926029048,-0.38235893496191753,-1.007791369283204
1778740458659073408,3.871817240780563,-0.38192728441965523,-1.0327623166755844
1778740458708963801,3.8716168126025554,-0.38147417212162443,-1.0577310997302674
1778740458758976306,3.871487054890553,-0.38120694040048214,-1.074382852877694
1778740458808919479,3.8712416158374032,-0.3806138824475478,-1.1076802040716967
1778740458859068203,3.871126366675445,-0.3803142231684662,-1.1243259795945963
1778740458925382079,3.870860027331638,-0.3795559975221225,-1.165942980849888
1778740458959146856,3.8707690628381957,-0.3792354101514288,-1.1825913137424804
1778740459008822098,3.8706717113001416,-0.3789473410122192,-1.1992457327325876
1778740459059291474,3.870503695617299,-0.378332561113509,-1.232542192041361
1778740459108930327,3.870426975876598,-0.3780214039195277,-1.2491799961815482
1778740459175305630,3.8702878926201705,-0.3773895248728568,-1.2824381476840423
1778740459208794681,3.8701994550341543,-0.37692275863019375,-1.3073739159226523
1778740459275322656,3.870107205378113,-0.37627772793408765,-1.3406233454908958
1778740459325352664,3.8700556414455534,-0.3759686040977147,-1.3572547551182006
1778740459358816768,3.8700100046126824,-0.3754732226444341,-1.3821978426602444
1778740459408914546,3.869969176437999,-0.3749992192362342,-1.4071441278557157
1778740459475280441,3.869930317958296,-0.37453008216095895,-1.4320919628778495
1778740459508715920,3.869917450451099,-0.374214151493278,-1.448719733844542
1778740459558768401,3.869907363804748,-0.37357330650337134,-1.4819668031729807
1778740459625346901,3.8699285156459347,-0.37292494616896116,-1.5152033861365326
1778740459658678573,3.8699323306151605,-0.37261478287109057,-1.531825104695762
1778740459708983084,3.8699626516735717,-0.3721407666397485,-1.5567579692349787
1778740459758768166,3.870005409300724,-0.37166003183501567,-1.5816858754573462
1778740459809088869,3.870059584673205,-0.37118670384878916,-1.6066111714636733
1778740459858798477,3.8701364652482084,-0.3707015981902273,-1.6315288756608455
1778740459908761137,3.8701775971443255,-0.37039153343835174,-1.6481397508816609
1778740459959023929,3.8703052223237435,-0.36975730675781543,-1.6813533614518799
1778740460009105255,3.8703612545874715,-0.3694535178736487,-1.6979619698854
1778740460059042277,3.8705117536955975,-0.36882538942881216,-1.7311843660981494
1778740460109083577,3.8705930935640622,-0.3685203574980331,-1.7477991507003705
1778740460158990200,3.870726883823058,-0.36805730592418284,-1.7727187000128681
1778740460209214699,3.870931946203129,-0.3674446236811613,-1.8059373074087557
1778740460259065096,3.8710289261761734,-0.36714279070734085,-1.8225463938234687
1778740460308956380,3.8712537232419546,-0.3665469808630258,-1.8557666236502401
1778740460358974596,3.8714354302287544,-0.3661052066631473,-1.8806807797046923
1778740460408852685,3.871639503299191,-0.36566038841897885,-1.9055945852107525
1778740460459017911,3.8717642129552923,-0.36537588507283575,-1.9222060108612924
1778740460525520437,3.8721223920388104,-0.3646626682523777,-1.9637331790847647
1778740460558819465,3.8722761314201626,-0.36437765300888264,-1.9803462657878148
1778740460609117905,3.8725243390307487,-0.3639532347550997,-2.005266221031112
1778740460658959996,3.872772991824185,-0.36353925441646423,-2.030188898302621
1778740460708909551,3.873027851430605,-0.36313852931983737,-2.0551100257856407
1778740460759064478,3.87328549478283,-0.3627433357964412,-2.0800290697411303
1778740460809141957,3.8735631393006407,-0.3623513060677553,-2.104941075243108
1778740460858933551,3.8738491917118623,-0.3619681623178675,-2.12985199668468
1778740460908886042,3.874150162483271,-0.3615853604138739,-2.1547688155081706
1778740460975416701,3.8744552866504236,-0.36121690262510087,-2.179700313661424
1778740461008727292,3.8747786921679683,-0.36085422601755124,-2.2046463275752637
1778740461058762560,3.8749888562845065,-0.36061471486652924,-2.22127960368505
1778740461108859587,3.875427968245625,-0.3601554089038903,-2.2545357720131523
1778740461158745230,3.8757849254903785,-0.3598030971992646,-2.279428267878797
1778740461208945633,3.876123304046299,-0.3594853689296296,-2.3041017598090265
1778740461258802332,3.8764673327891974,-0.35917794904843836,-2.328588108597672
1778740461308867627,3.876705813187987,-0.35897336891375276,-2.3448631919323315
1778740461358985503,3.877074678313195,-0.35866990110503577,-2.36933345000071
1778740461408951871,3.8775865434976846,-0.35827327653153357,-2.4023422371171623
1778740461459280749,3.8779675229794464,-0.3579958900061114,-2.427261004232251
1778740461508851582,3.8783627232643387,-0.35772291985207083,-2.4522064843462394
1778740461558855090,3.878766520975126,-0.3574587705368476,-2.4771585058767416
1778740461608914585,3.8790360460228483,-0.3572904474241782,-2.493791891207676
1778740461658898586,3.879451947912046,-0.35704251598766995,-2.518738737236222
1778740461709232854,3.880008887490834,-0.3567323472348693,-2.55199755610985
1778740461758861177,3.880435450363971,-0.3565153214770469,-2.576942725853651
1778740461808896917,3.880868139075617,-0.35630408043857287,-2.6018889269446093
1778740461858832976,3.881300797457773,-0.3561063919190832,-2.6268322593158873
1778740461925595427,3.88189052796532,-0.3558533933310117,-2.660072513106349
1778740461959075341,3.882188664724455,-0.35573629708247195,-2.676685471234062
1778740462025329223,3.8826416902445646,-0.35556919916535973,-2.7016033276002362
1778740462059036079,3.8830922340395557,-0.3554158883981754,-2.7265227022179217
1778740462108986957,3.883562064390141,-0.3552719383489169,-2.7514443604014205
1778740462158912005,3.8840245471476322,-0.3551401060195729,-2.776362743687768
1778740462209066220,3.8844863820946163,-0.355017967942502,-2.801271026906138
1778740462259000887,3.8849524781135347,-0.3549100238029211,-2.8261670496295634
1778740462309062767,3.8852531850175422,-0.3548471096476408,-2.842748080054904
1778740462359000980,3.8858847204193636,-0.35473094320705734,-2.8758914339576664
1778740462408900630,3.8863506128046494,-0.3546594097843677,-2.9007474282595282
1778740462459253865,3.886822374504967,-0.3545989486976913,-2.9256309677897607
1778740462525237432,3.887463537041796,-0.3545356338763215,-2.9588597499911558
1778740462558814651,3.887782540369344,-0.35451229774951604,-2.975482566005216
1778740462609042366,3.8882605083357773,-0.3544897328625397,-3.0004153173672745
1778740462658887482,3.8885769373834873,-0.3544775318085988,-3.0170340103437234
1778740462709273509,3.8892240702778627,-0.35447345480529213,-3.0502601523276627
1778740462775273667,3.8898608351695922,-0.35449097057253476,-3.0834903005541854
1778740462808909999,3.8901829598433157,-0.35450983943722175,-3.1001089701200604
1778740462858894942,3.8906652710070078,-0.35454332327069515,-3.1250383997679845
1778740462908931563,3.8911441063142194,-0.35459069475023075,3.133218438067752
1778740462975487410,3.891775519247928,-0.3546720137075113,3.0999790464101347
1778740463008961132,3.89208888818542,-0.35472221359294553,3.0833605339014483
1778740463059114816,3.8925649984411077,-0.35480567033174715,3.058429627935321
1778740463109030567,3.892875992885265,-0.35486532938334364,3.0418097463665603
1778740463158988227,3.8935002966068577,-0.35500489698586746,3.008571994819137
1778740463208881796,3.8938138962516606,-0.35508326628455317,2.9919548060008463
1778740463258995614,3.8942657945846557,-0.3552065174540369,2.9670305643873895
1778740463325619661,3.8948812250839477,-0.3553935418884603,2.9337896971338324
1778740463359016487,3.8953452689132377,-0.35554952540911716,2.9088485493090133
1778740463408971542,3.8957926476375597,-0.35571279159455266,2.8838951937591855
1778740463459107332,3.8962352298775955,-0.3558870117474445,2.8589395821781425
1778740463525320036,3.8968267372849876,-0.3561399463241083,2.8256638376616507
1778740463559020640,3.8969650799921807,-0.3562027058533569,2.8173460735776867
1778740463608968131,3.8975419816527928,-0.3564784698988553,2.784088946113748
1778740463675399552,3.8979714972138417,-0.3566994403164454,2.7591561961737927
1778740463708769666,3.898395490984505,-0.35693123341150207,2.734228059253116
1778740463758919994,3.8988092701401222,-0.35717118779173895,2.709294780876103
1778740463808841135,3.8992187486343335,-0.3574225954094127,2.6843587004550997
1778740463858939513,3.899617971635666,-0.3576829344043123,2.659427992284728
1778740463908946488,3.900016277019132,-0.35795472368681774,2.6344986559938537
1778740463958897155,3.90040647754001,-0.35823678591918967,2.6095659791232517
1778740464008907777,3.900786917431335,-0.35852664677624424,2.584625921528249
1778740464058844708,3.9011619672567086,-0.35882720958150705,2.5597274529145437
1778740464108899324,3.901399793962027,-0.35902636728355464,2.543214308666732
1778740464158914073,3.9018755913045635,-0.3594462680892972,2.5102249842936377
1778740464208865642,3.9022249892889707,-0.3597711617756071,2.485492828163416
1778740464258842800,3.9025695712358743,-0.3601100612689928,2.460656320691447
1778740464308918295,3.9029010516574814,-0.36045142106102557,2.4357560354776346
1778740464375431071,3.903331305534348,-0.3609222262072598,2.4025246691106608
1778740464408829358,3.9035418952243437,-0.36116536423730244,2.385903530841313
1778740464458987692,3.903855270636578,-0.3615409029926646,2.360975243078057
1778740464508939000,3.904151600823447,-0.3619156715311801,2.336063884757282
1778740464575354009,3.9044410805316203,-0.36230118497638286,2.31116128421003
1778740464625458219,3.904720550434799,-0.3626936208921813,2.286255853426276
1778740464658905901,3.9049811156804073,-0.3630798713385286,2.2613453641659564
1778740464708906153,3.9052348618753334,-0.3634769218394352,2.23643492658422
1778740464758869645,3.905404717755113,-0.3637550830401179,2.2198264943986636
1778740464809072212,3.9056459576109996,-0.3641696382144207,2.1949185381307057
1778740464875539932,3.9059481372946228,-0.36472600597872773,2.1617071938106607
1778740464908793484,3.906094530118266,-0.365012230096965,2.1451095791579817
1778740464958803785,3.906370438062769,-0.3655870024934969,2.1119144766464846
1778740465008857489,3.906565661395829,-0.366026237649704,2.087007663933508
1778740465058938174,3.906750780098655,-0.36647255810946383,2.0620914713575145
1778740465108820881,3.9069243465311203,-0.3669229551369623,2.0371717236209044
1778740465158886518,3.9070867030145116,-0.36737784962883085,2.012263484148786
1778740465208800946,3.9072339433734777,-0.3678261472295666,1.9873752016138544
1778740465258840904,3.9073724268699634,-0.36828622046277576,1.9624935454391368
1778740465308858499,3.9074988666087913,-0.36874713935868997,1.9376101332799003
1778740465358807272,3.907614343015767,-0.3692142962700805,1.9127052115713994
1778740465408825088,3.907716827644243,-0.3696790003971022,1.8877773659384722
1778740465459061610,3.907779746615546,-0.36999446770886074,1.8711578453837667
1778740465508823036,3.9078884562017886,-0.37062290829652317,1.8379292655498123
1778740465558911396,3.907936315985475,-0.37094718164921053,1.8213237402862692
1778740465608940142,3.9079957837138357,-0.37142030831512124,1.7964241559835419
1778740465658914374,3.908057009828481,-0.3720564505884297,1.763221442165161
1778740465709016150,3.9080890012181686,-0.37253594506778714,1.7383128263122283
1778740465758791223,3.9081091855540127,-0.37301930916324266,1.713399513637696
1778740465809059134,3.908116788199454,-0.37349213962819755,1.6884851607874145
1778740465875505463,3.9081085465760586,-0.3741381658644596,1.6552795278921193
1778740465908814932,3.908096472830711,-0.37445383342787714,1.6386777475554857
1778740465959081922,3.9080789138767504,-0.3747746457156698,1.6220778812325876
1778740466008911128,3.9080284923971162,-0.3754029304853049,1.5888795422845226
1778740466059031067,3.907976081950671,-0.37588219228915126,1.563979145228707
1778740466109069262,3.9079113908376044,-0.3763613630694577,1.5390737926394698
1778740466158894119,3.9078347923800916,-0.3768378324476049,1.5141560428962986
1778740466225198037,3.907716385182719,-0.37745693446008005,1.4809133402695862
1778740466259016926,3.9076468693021,-0.37777781184399495,1.4642887831394038
1778740466325218428,3.907535844731045,-0.37824169946880754,1.4393544724324228
1778740466358907801,3.907454469742456,-0.37855308949888244,1.4227337623250467
1778740466408841576,3.9072759979779,-0.3791720345202685,1.3895026808295192
1778740466458915628,3.907179017584406,-0.3794791542382023,1.3728898787007031
1778740466509114368,3.9069713370553227,-0.3800836041340787,1.33966944920469
1778740466558984923,3.9068017496798113,-0.38053386592245314,1.31475585129155
1778740466608972390,3.9066200568906733,-0.38098184321047224,1.2898408626465159
1778740466659194345,3.906427750796022,-0.3814236640055633,1.2649170164666934
1778740466709020595,3.906292696578934,-0.381716446876459,1.2482928181261084
1778740466759070572,3.906082466686868,-0.38214881029088,1.2233506690081324
1778740466808993917,3.9058623488826854,-0.38257405751962653,1.1984098075108331
1778740466858908085,3.9055498597770835,-0.3831372442902176,1.16517512099996
1778740466909035319,3.905302243875468,-0.3835540033222183,1.1402690541045857
1778740466959058795,3.9050497158915625,-0.3839551438245592,1.1153703150923828
1778740467008979695,3.904782813850773,-0.38435673928927294,1.0904686314530962
1778740467058879386,3.90459900205011,-0.3846212697577397,1.0738633279575185
1778740467109040254,3.90431309171838,-0.38501519302712567,1.0489898305958807
1778740467159046567,3.9040284873363937,-0.3853868214898803,1.0241927084517783
1778740467208971004,3.903722097631822,-0.3857672494575657,0.999461504290501
1778740467258865014,3.903320793716578,-0.38623624972153575,0.9666206406952451
1778740467308909420,3.9030127834394652,-0.3865750417403595,0.9420633568690091
1778740467375376658,3.9026868516123288,-0.3869177399266167,0.9175302139621122
1778740467408902880,3.9024660262346758,-0.3871399793818394,0.9011532410977621
1778740467459035755,3.902117779047309,-0.3874763452952701,0.8765073958697283
1778740467525385660,3.9015310636860168,-0.38800594502434943,0.8352651044435871
1778740467558924466,3.9014067533600154,-0.38811260645986434,0.8270059801598811
1778740467608893408,3.9009239972141367,-0.38850918529774114,0.7939574889372061
1778740467658927514,3.9005522199655105,-0.388796974953658,0.7691384435295964
1778740467708904221,3.9002908078132035,-0.3889909250586676,0.7525756682968519
1778740467758943898,3.8999054785703353,-0.3892641397467252,0.7277109228142563
1778740467808963156,3.8995110664325665,-0.38952921717380157,0.7028175183101646
1778740467859084659,3.898971439684934,-0.38986988969232206,0.6695963577679871
1778740467909083468,3.898564290488142,-0.39010980520624955,0.6446594306851433
1778740467958810309,3.898140841874048,-0.39034573038402615,0.619713050691546
1778740468008828545,3.8978554453801384,-0.3904969707577373,0.6030795769801213
1778740468058960929,3.8972850461548703,-0.3907813577882792,0.5698118152572982
1778740468108937836,3.896997605730076,-0.3909150711072732,0.5531763627548489
1778740468175329080,3.896399262117359,-0.3911765235634223,0.5199072400980942
1778740468209045053,3.8959648309764066,-0.3913510875921156,0.49497589344682064
1778740468258731848,3.8955202290361863,-0.39151712791913074,0.47006986446123866
1778740468308827692,3.8950688467702763,-0.3916730100434552,0.44518108147366586
1778740468358974833,3.8947629511369994,-0.39177155442370587,0.4285936353309028
1778740468409032625,3.894152692868829,-0.39195124822612376,0.3953926587761756
1778740468458958906,3.8936940980298624,-0.3920717745234248,0.3704818832933192
1778740468508915825,3.8933817313651446,-0.3921470047195261,0.35387255833108133
1778740468559011138,3.8927516550151635,-0.3922820975352416,0.3206480384804316
1778740468608865482,3.892282999295593,-0.3923684122093145,0.295727119308149
1778740468658863650,3.8918103001390842,-0.39244288332910676,0.2708021131625737
1778740468725376716,3.8913276295556947,-0.3925068775861494,0.24587120560673847
1778740468775299570,3.8908469950861897,-0.3925582445003278,0.22093815612829237
1778740468808914922,3.8903719817934976,-0.39259687304814905,0.19600283641123187
1778740468858976430,3.889890561746921,-0.3926239648656161,0.1710732418838714
1778740468908880619,3.8895686655185857,-0.3926353368511166,0.15445349058685398
1778740468958908183,3.888938390305221,-0.3926415654539912,0.12120543140860285
1778740469008872296,3.888610690615296,-0.3926368051438283,0.10457407026854204
1778740469058929947,3.8879734105078234,-0.39261115523316165,0.07131550953050292
1778740469125331811,3.8874962425855264,-0.3925779923943386,0.04637170029162441
1778740469175317445,3.887017788736065,-0.392532658324042,0.02143154212180365
1778740469208821014,3.886538736580771,-0.3924750886389986,-0.0035076156315065887
1778740469259053227,3.8862304020023677,-0.392431319384408,-0.020131077910172657
1778740469308989618,3.8857545160727294,-0.3923539293434761,-0.04505878108618111
1778740469358895059,3.885123811289862,-0.39223240407838156,-0.07830290195580414
1778740469409016081,3.884814283335678,-0.3921643120726338,-0.09493672362284133
1778740469458755686,3.8843470523895767,-0.39205161008305933,-0.11989988861314238
1778740469508868092,3.883730124593252,-0.3918835361588366,-0.1532032036270361
1778740469558828678,3.883262495933314,-0.39174171092718596,-0.17818101378128404
1778740469609233300,3.8829740259791756,-0.3916438369268325,-0.20305664993876604
1778740469659075321,3.8825180741538525,-0.3914836524882739,-0.2251756249293031
1778740469709109657,3.8824138578867013,-0.391447440870341,-0.24147483248733437
1778740469775307763,3.8823890709895568,-0.391436162724375,-0.2509058704743632
1778740469809052391,3.8823767533906564,-0.3914142278286186,-0.2538734399570579
1778740469875357050,3.8824274994114196,-0.391447995802935,-0.2546240573593477
1778740469909082541,3.882440453654444,-0.391452730466123,-0.25468406301492363
1778740469959073055,3.8824494417621778,-0.3914562990657812,-0.2546364154652663
1778740470008901309,3.882446376621232,-0.39145569451418694,-0.2546041002376049
1778740470058946987,3.8824525227072604,-0.39145837965139063,-0.254565707524975
1778740470125303986,3.882460270205003,-0.3914618578113372,-0.25453284811670995
1778740470175294830,3.8824692141742863,-0.3914532513955206,-0.2545054169703111
1778740470208791976,3.8824599642350273,-0.39146299197678275,-0.254497522467624
1778740470258974044,3.8824597700329226,-0.39146331435455256,-0.25449080083285924
1778740470308996659,3.882466155835906,-0.3914662118255835,-0.2544917956504195
1778740470358879787,3.8824660855481765,-0.39146673360168793,-0.2544995451525711
1778740470408925566,3.8824658405173333,-0.3914669948919402,-0.2545046176908787
1778740470458902513,3.8824674645562287,-0.3914682055627584,-0.25451172324969434
1778740470508875874,3.8824719954822786,-0.3914628804588036,-0.25451474075870895
1778740470575261587,3.88247105833053,-0.3914639720741192,-0.2545236779022053
1778740470608893861,3.88246480026489,-0.3914684648557784,-0.254527585919337
1778740470658899333,3.882464636569076,-0.39146880805569634,-0.2545391453263676
1778740470709053508,3.882464477390083,-0.3914691342890787,-0.2545527956967728
1778740470758861153,3.8824704472101406,-0.39147162148365755,-0.2545734033126336
1778740470808755743,3.8824711035109725,-0.3914722096578121,-0.2545915537799819
1778740470858857468,3.882470837206693,-0.391472457794986,-0.25461124760425896
1778740470908864333,3.8824706683296806,-0.39147261294316843,-0.2546251094328187
1778740470958950258,3.8824704022141585,-0.39147292107272996,-0.2546534545006791
1778740471008765558,3.8824743861372046,-0.3914724002689074,-0.2546761590044846
1778740471075235451,3.882470105379491,-0.39147336202656147,-0.2546997040658865
1778740471108947137,3.8824677607630314,-0.39147279625046677,-0.25472329192583537
1778740471159141158,3.8824698707619567,-0.3914737521168719,-0.2547465285215118
1778740471208924176,3.8824698450584307,-0.39147397168353626,-0.2547690028481328
1778740471258789040,3.8824729444121684,-0.39147481911601884,-0.25479131481076506
1778740471325319839,3.882467961670008,-0.3914737366702815,-0.25481354286256375
1778740471358907768,3.882464904651415,-0.39147291501728576,-0.25483597546140446
1778740471425395486,3.88246924714151,-0.39147453261537263,-0.25485875341151365
1778740471458990819,3.8824693909316053,-0.3914746968447263,-0.25487397380826904
1778740471508815556,3.8824692647409824,-0.3914748684788619,-0.2549040955447133
1778740471558885681,3.8824691636243025,-0.39147498169519046,-0.2549265290800573
1778740471608908185,3.882469076418119,-0.3914750894866375,-0.2549490623961175
1778740471658928505,3.8824690238666397,-0.39147515801269417,-0.25496433526503726
1778740471708962091,3.882462181203045,-0.39147296595492087,-0.25498788879168055
1778740471775422947,3.882461961067015,-0.3914730131225976,-0.2550198934623391
1778740471809192282,3.8824620079652425,-0.39147309094085625,-0.25503576521119437
1778740471858982824,3.8824665890747223,-0.39147473981187014,-0.2550664324807897
1778740471908989408,3.8824688013087116,-0.39147556695276836,-0.2550810416617026
1778740471958782926,3.8824664915892297,-0.3914748918111311,-0.255110072658038
1778740472008972458,3.8824681903450484,-0.39147555219292335,-0.2551325406304001
1778740472075408006,3.882462003427864,-0.3914735467406115,-0.2551553996055387
1778740472108871027,3.8824625128610224,-0.39147648229461207,-0.2551779133837542
1778740472158965960,3.8824625851494,-0.39147662973062236,-0.25520003015251186
1778740472209146445,3.882468504204802,-0.3914758948534959,-0.25522155357810616
1778740472258891320,3.882470136168883,-0.3914793961935425,-0.2552429447290705
1778740472309020969,3.8824668903784527,-0.39147545984949184,-0.25526472094406927
1778740472358976966,3.88246933813819,-0.39147935342121787,-0.2552873726281511
1778740472408994982,3.8824692760482913,-0.39147943426110665,-0.25531123652726206
1778740472459070077,3.8824682956808227,-0.3914760545091858,-0.25533570836191016
1778740472525439469,3.882468240045155,-0.3914760624443795,-0.25535997665921606
1778740472558935613,3.882462023248465,-0.3914739920877639,-0.25538406733562186
1778740472608835735,3.882461185505427,-0.3914736996892633,-0.25540774757593265
1778740472658856165,3.8824612434660413,-0.39147371772986045,-0.2554236095131599
1778740472708985893,3.882461341265065,-0.3914737523412798,-0.25544713029366406
1778740472758949585,3.8824614007046145,-0.39147377665817623,-0.2554781173397638
1778740472808931993,3.882465962933877,-0.3914753010114932,-0.25550028280064163
1778740472859057634,3.868762037308159,-0.3870545699805307,-0.25672240649754485
1778740472909025324,3.8511499658837622,-0.38170895064904503,-0.2606660984523659
1778740472958913722,3.8327837464039445,-0.37644759518399007,-0.26262563144768203
1778740473008924053,3.813817570820757,-0.37136274073024345,-0.2580515436970447
1778740473058926669,3.794868658882957,-0.36656153761253574,-0.24687845208992518
1778740473109202636,3.7750700861095763,-0.3621050744252389,-0.2276479813024692
1778740473159217556,3.755278172288749,-0.35829123826029596,-0.2050189422009749
1778740473208910312,3.735541341862874,-0.35474677734910987,-0.1830877506320947
1778740473259095987,3.7157257153923373,-0.3515986029043195,-0.16171115147221163
1778740473309169789,3.6958353184534554,-0.3488456377653967,-0.14090190978533235
1778740473358955923,3.682617878409582,-0.3472424582510614,-0.12722921570406864
1778740473409137410,3.655780507029021,-0.34442861744217734,-0.10056197176626559
1778740473458998768,3.642673887353487,-0.3434967008788608,-0.086832603789587
1778740473511024038,3.6159644272107805,-0.3419092123613713,-0.06013965096185103
1778740473560570074,3.5959204716943516,-0.34120421046192895,-0.04013067445404506
1778740473609152835,3.575864053773602,-0.34091837224283117,-0.020020773844540155
1778740473658937386,3.555592822704306,-0.34093737613305874,-4.667700014682196e-05
1778740473709209045,3.5355506616315537,-0.34149923902477847,0.020247261254516147
1778740473775355423,3.5157280794620003,-0.34259662330694113,0.040776709253882444
1778740473825662990,3.4957383930910813,-0.3440022763662489,0.061118416405111724
1778740473858927823,3.4757719558482987,-0.3458324102546351,0.08146542513293208
1778740473909005442,3.4556513688671346,-0.3479861475670246,0.10169703272747332
1778740473959135532,3.442596927071105,-0.34982666607914625,0.11542295030559481
1778740474009118079,3.422759933053084,-0.35278921707371463,0.13579745983431038
1778740474058954479,3.3964842284161882,-0.3573859468286841,0.16295300223481715
1778740474109019424,3.3769267026958767,-0.3611925230339998,0.18322820249752514
1778740474159178779,3.357357099548669,-0.36557923484328364,0.20378875889928857
1778740474209214949,3.338041473925994,-0.37048467955154646,0.2244953210901044
1778740474275314828,3.3186805751919,-0.3757094135246522,0.24514760559190973
1778740474308947392,3.2994445073135066,-0.38134694688253845,0.2656300930723088
1778740474359103821,3.286692591311751,-0.38533294407632185,0.2792172134230037
1778740474409091780,3.261353401967098,-0.39385447037809573,0.30631963708492727
1778740474458837477,3.2425140367679686,-0.40071871329474473,0.3265789285295048
1778740474509061004,3.2236655235653826,-0.4079176025821302,0.3467865042445029
1778740474558935686,3.205304282534735,-0.41564955422520034,0.36703452096453093
1778740474609206163,3.1930444618853593,-0.4209819100434865,0.3805169435985096
1778740474659011073,3.174800941389102,-0.42930917513432315,0.4007331454552956
1778740474708769344,3.1507695686817585,-0.4410154371734554,0.42764507408352864
1778740474775418058,3.1329656312932816,-0.4502464824437637,0.4477934561099923
1778740474809078696,3.115369464191538,-0.4598534314743854,0.4679108622385057
1778740474858964149,3.097835309047393,-0.46978867768985105,0.48802728134016243
1778740474909212624,3.080808788065527,-0.48019320946882477,0.5081194587920613
1778740474958947870,3.0637243079744434,-0.49087032588146806,0.5282459023228481
1778740475009027153,3.0471492852477486,-0.5019991727010906,0.5483337449112805
1778740475058938505,3.0306868557988613,-0.513432269399379,0.5684313481635384
1778740475108986839,3.0144594683786403,-0.5252262658656215,0.5885211329299417
1778740475159207951,2.9984933127501705,-0.537362229656418,0.6085999937058074
1778740475225230612,2.9776436290254447,-0.5540491156728486,0.6353284136095669
1778740475258976573,2.967387659562534,-0.5626250471558569,0.6486764315127873
1778740475308941978,2.9522396761164322,-0.575759371131685,0.6687019155854746
1778740475358860334,2.9373759260846217,-0.5892168677177508,0.6887373335184216
1778740475408950788,2.922802239508605,-0.6029930262836415,0.7088071891233323
1778740475459009090,2.908527868065673,-0.6170784522634705,0.7288895075894525
1778740475509066882,2.8944428671073017,-0.6314515503525173,0.7490067969422549
1778740475559209635,2.8854228824926977,-0.6412212719404597,0.7623659958471771
1778740475609084729,2.867443230857539,-0.661127442924864,0.7891776318118104
1778740475675494127,2.8501745327243153,-0.6815316740851395,0.8159447535819445
1778740475708802834,2.8418708199521183,-0.6919202991657325,0.8292905085001276
1778740475775655507,2.825484693552681,-0.7130507272934923,0.8560393948341253
1778740475809638119,2.817522815610785,-0.7237869865598978,0.8694248403140571
1778740475875295384,2.8019576014658716,-0.7456044277011059,0.8962348657319863
1778740475909109474,2.7945668848795053,-0.7566678964765062,0.909600214980272
1778740475959140394,2.787229007352972,-0.7678462721496743,0.9229933036027518
1778740476009065994,2.7730398710974007,-0.7905059330039447,0.9497695594130997
1778740476058980232,2.762826541586085,-0.8077612230068989,0.9698551880531481
1778740476109037983,2.752888930221959,-0.8252534606159097,0.9899672172846598
1778740476175447732,2.7435222053856196,-0.8429086871565201,1.0100338454620443
1778740476225271087,2.734441525407533,-0.8607819920876588,1.0301180109047863
1778740476259017057,2.725740185169352,-0.8788588062515303,1.0502094232330617
1778740476325409593,2.717432050041069,-0.897110557016713,1.0703076712203232
1778740476359114746,2.7094359288453496,-0.9155584091172516,1.0904376288571545
1778740476409042841,2.7044650301081035,-0.9279024419649292,1.103835591709334
1778740476459106664,2.6972129150714887,-0.9466009017732825,1.1239615075916751
1778740476509095423,2.6880940597166134,-0.9717984766174997,1.1508159750428364
1778740476558993030,2.6818665501672387,-0.9907959342567171,1.1709397012859022
1778740476608963855,2.6758963086849894,-1.0100040116634326,1.191079635381996
1778740476659026967,2.670486169141806,-1.0292569339956137,1.2112048542527527
1778740476708887542,2.6654197124916266,-1.0486544956677868,1.2313379571555085
1778740476759087665,2.660768321049474,-1.0681656304133391,1.2514737184369042
1778740476808837770,2.656537942314303,-1.0877665970873012,1.2716106101780655
1778740476858744835,2.65395128688967,-1.1008851361418646,1.285038815256538
1778740476908965597,2.649342137826801,-1.1272248839104757,1.3119040255902288
1778740476975385956,2.6463828097919393,-1.1470472291723146,1.3320603512785958
1778740477008773604,2.643846701181028,-1.1669480619700283,1.3522205983015159
1778740477058857565,2.6423939733564032,-1.180240493499936,1.3656637411101586
1778740477108912522,2.640060130640243,-1.2068742598491038,1.3925562771417648
1778740477175414737,2.6388107794338476,-1.2268835863073186,1.412736183799649
1778740477208878339,2.6379902237957276,-1.2469222838358875,1.4329320322335883
1778740477258964585,2.6376824600408098,-1.2602694518471644,1.4464106538590933
1778740477309011035,2.6376415887023694,-1.2870058080955056,1.4734227471728207
1778740477358684454,2.6380725507587863,-1.3071157585915225,1.4936804941660868
1778740477409086662,2.638668751063777,-1.3204036211132133,1.507214470136321
1778740477459119536,2.640352042059926,-1.347089500652437,1.5342414665639488
1778740477509004238,2.6421158963647158,-1.3670627354515403,1.554506415104106
1778740477558946770,2.6443089191454927,-1.3869951580816537,1.5747819436974575
1778740477608889993,2.646929273807266,-1.4068719093881539,1.595050543746984
1778740477658961350,2.6499768999613496,-1.4266947085723782,1.6153182319315043
1778740477708881810,2.653422716789374,-1.4465081520811047,1.6355526005055028
1778740477758950202,2.6573205871841523,-1.4661746871002235,1.6558116050751401
1778740477808970031,2.6601758417079693,-1.4791638738198116,1.6693414739591426
1778740477859177467,2.6663814395835908,-1.5052431831121815,1.6963097824214692
1778740477909003167,2.6715364054962984,-1.524610476812928,1.7165594388231789
1778740477959086377,2.677109813392975,-1.543876212037757,1.7368158093532617
1778740478008915763,2.681068913946179,-1.5565741872713963,1.7503560316578346
1778740478075388913,2.691712280486353,-1.588320919633944,1.7840826905660663
1778740478108886220,2.696293826068953,-1.6007820924254086,1.7976113042509079
1778740478158830605,2.7034928994147327,-1.6194700456577382,1.8179283758390907
1778740478208896261,2.7085189629690536,-1.6318475584084056,1.8314941463104546
1778740478275749525,2.719114929884339,-1.6564097866678176,1.8586653488073397
1778740478308928515,2.724671772204614,-1.6685626214134672,1.8722553687778412
1778740478375300212,2.7363003084814044,-1.6926195483012276,1.8993772208325073
1778740478408860739,2.745462013687561,-1.7104406478357868,1.9196323547388587
1778740478458853326,2.7550083984766913,-1.7280727174534332,1.9398456720516135
1778740478508866502,2.7649301569302183,-1.7454928372961955,1.9600594240811198
1778740478575390128,2.775224361832151,-1.762694439497149,1.9803428127424896
1778740478608932822,2.782294605721498,-1.774042772609756,1.9939026336691192
1778740478675444254,2.800656796754975,-1.8019320425866916,2.027836897669216
1778740478708933306,2.8082839659385734,-1.8129060441293547,2.041427311236287
1778740478758887500,2.8200218956255885,-1.8291651065366534,2.061817904888434
1778740478809049820,2.832124527992669,-1.8452410630300236,2.082154346433832
1778740478858926406,2.8445394206282284,-1.860913472038092,2.102627538790111
1778740478908962807,2.8573171518572322,-1.8764472414656967,2.122930186022314
1778740478958968119,2.8703773480683665,-1.8915598349805391,2.1433369110438836
1778740479008923325,2.883787103044456,-1.9064673616103631,2.163651594790716
1778740479058868912,2.8975111000170344,-1.921082584462883,2.1839351926359676
1778740479109095936,2.911545678504095,-1.9354029845054512,2.2042085590654423
1778740479159189806,2.9210713360005753,-1.9447826718151153,2.21771993053674
1778740479208986561,2.93560629089752,-1.9585923872649258,2.2379989036898174
1778740479259031247,2.9554282379295382,-1.9765030710757001,2.2650723345083996
1778740479325428592,2.9757580907689274,-1.9938464316909656,2.2921307509453683
1778740479358880893,2.9861042072071684,-2.00229770218711,2.30567954055691
1778740479425390843,3.007164960314833,-2.0187624019655983,2.3327876412974984
1778740479458780455,3.0125151880225967,-2.0227932642770328,2.339588122029399
1778740479509034380,3.0341461290682092,-2.0384911625396422,2.366776181791577
1778740479575310905,3.0506623633066656,-2.049856073471227,2.387197781529248
1778740479608744581,3.067480859125628,-2.0609395400988295,2.4075664148545926
1778740479675314825,3.0844094850529173,-2.071507773228636,2.428146999001684
1778740479709190433,3.095861433560419,-2.0783990950130726,2.441802365417793
1778740479759067470,3.1190162068682543,-2.091663643153694,2.4691187833813366
1778740479809234890,3.1366606200933145,-2.1011947688634693,2.4897063663640093
1778740479875421444,3.1544940266768164,-2.110336365865442,2.5103032117840254
1778740479909166743,3.1725345314187163,-2.1190981686665067,2.530909023131244
1778740479959042408,3.190753886646437,-2.1274658550045533,2.551474525629855
1778740480008991522,3.2029851487571603,-2.1328203019292262,2.565128992228617
1778740480059073610,3.2214783735186274,-2.1405256652313165,2.5855241916495935
1778740480108913066,3.246403558412906,-2.15018580396062,2.612666469560409
1778740480158874283,3.2652693064675313,-2.1569584871903107,2.633046798184102
1778740480208774474,3.277918339901433,-2.1612450040474784,2.6466727683790685
1778740480258938128,3.297010876861464,-2.167337033763285,2.6671167596126386
1778740480308995198,3.3227017466909663,-2.174831240202966,2.6943360595207198
1778740480358978147,3.335603716486712,-2.1782966953010416,2.707937649568189
1778740480408889820,3.3616661816200826,-2.1847357628577893,2.735084779850091
1778740480458792105,3.374609296127134,-2.1875868918759496,2.748872556630362
1778740480508970176,3.4008112805899944,-2.1928469742466667,2.7762422025663387
1778740480559111997,3.4139771650847055,-2.1951985837449763,2.789943727900294
1778740480625488784,3.4469899518670166,-2.200244330385049,2.8242370392629192
1778740480658962385,3.460236899047037,-2.2019314542238253,2.8379752507319527
1778740480708898625,3.4801713087642003,-2.204109262207459,2.8585942952388663
1778740480775379289,3.506918979719029,-2.2063863589257857,2.8859143705009878
1778740480808960396,3.520138406185579,-2.2071783034829626,2.899805334108727
1778740480859004742,3.5401217808852845,-2.208065446205815,2.9204441732102975
1778740480925379193,3.5601515943779622,-2.2085230268505356,2.9410979031021753
1778740480958967674,3.5803274739981816,-2.2085818008719325,2.961604968734539
1778740481008858868,3.600252217945864,-2.2081450367162945,2.9823467635685006
1778740481075298173,3.6269593524415424,-2.2069336151393597,3.0097983968796047
1778740481108862608,3.640423159982629,-2.206067000119685,3.023369666274447
1778740481158724997,3.6536149304794567,-2.2049582838257407,3.0372569052484906
1778740481225376446,3.680191856588042,-2.202220529210179,3.0647461126083257
1778740481258777690,3.7000385000579654,-2.1996709925485494,3.085311233943405
1778740481308752163,3.7132689526311613,-2.197729926776694,3.0989810400518367
1778740481375476351,3.739608808037023,-2.193283750807561,3.1263397898360754
1778740481409026739,3.759259001492428,-2.18945639656648,-3.1362255944083706
1778740481458910088,3.778819102085325,-2.1852054747777445,-3.115561846430664
1778740481508717893,3.7983126051116125,-2.1805271975721494,-3.095036268264196
1778740481558909119,3.811235710386447,-2.1771792968873194,-3.081392699286413
1778740481608868533,3.8370926380274866,-2.1699299396525,-3.054422087978183
1778740481658737024,3.8560712299918585,-2.164008159086844,-3.033890564952691
1778740481708925975,3.8687715455196487,-2.159828505494093,-3.02029807112117
1778740481758960743,3.893990207027246,-2.1509241173669493,-2.9930370068557735
1778740481808710979,3.9064660829680697,-2.1462143105898925,-2.9793964271766487
1778740481859084902,3.9308829756035304,-2.1364095736803517,-2.952489738912478
1778740481908715991,3.949371830490739,-2.1285025314211095,-2.932605738753477
1778740481959049788,3.961411378207933,-2.123012249846778,-2.9190383448210913
1778740482008928749,3.9855572921975746,-2.1114818869361165,-2.8918495975934757
1778740482058782792,4.003442654130614,-2.1023871442801774,-2.87129162019752
1778740482108946446,4.020733340041039,-2.093148023590479,-2.8508533224923487
1778740482158971214,4.028684491342088,-2.0885490832962157,-2.838262989428851
1778740482208946088,4.030746965841181,-2.0870229774928513,-2.8126684963545037
1778740482258978982,4.03215479098483,-2.086078071144601,-2.7840196706707494
1778740482309013239,4.032847142619661,-2.0856420968778373,-2.7526813630978926
1778740482358873163,4.032601934937409,-2.08580885676494,-2.735383596288731
1778740482408761963,4.032439275268675,-2.08595226767733,-2.7237157350411634
1778740482459005739,4.032367897444376,-2.0860474901053694,-2.7152831571445404
1778740482508729534,4.032342858964714,-2.0861126610577374,-2.7086280510893235
1778740482558870364,4.032346752993938,-2.086156121878699,-2.703203702514743
1778740482608960246,4.032357731489934,-2.0861773594211104,-2.700139038571184
1778740482658850088,4.032379532031861,-2.0862133649548773,-2.695068228326078
1778740482708901788,4.032396099526226,-2.086225444120608,-2.6929694702681797
1778740482759054039,4.032425141753578,-2.0862382560549046,-2.6902640650370437
1778740482825396881,4.032458906736727,-2.0862534415706935,-2.687322774452599
1778740482858863569,4.032483612047725,-2.086262317900476,-2.6855159070439076
1778740482908939395,4.032510474414692,-2.086268005546326,-2.6839860541276246
1778740482958873811,4.032528072896581,-2.0862709937475823,-2.6830996027818825
1778740483009085236,4.032252123283739,-2.0861369984891422,-2.681929889723054
1778740483058922136,4.0325836305159415,-2.0862797054184883,-2.6806711142837747
1778740483125383534,4.032604373249822,-2.086283155961758,-2.6798817914233597
1778740483158980511,4.032357752788214,-2.086191043392603,-2.6794056657511853
1778740483208999909,4.032390667442553,-2.0862054703017843,-2.6788011694939833
1778740483258857810,4.0326608672116055,-2.0862871570383446,-2.67830602141846
1778740483308931872,4.0326819106718546,-2.0862872794390994,-2.6778759618665244
1778740483358919701,4.032709340140849,-2.086286760367906,-2.677411860698284
1778740483408770618,4.032724032579901,-2.0862855599355457,-2.677217719614317
1778740483475419252,4.032754641355528,-2.0862848393578224,-2.6768304554609226
1778740483508719754,4.03277022926822,-2.0862823005660807,-2.6767073113547766
1778740483558729063,4.032788604718001,-2.086280859034529,-2.676555275780397
1778740483608887927,4.0328088412074825,-2.086277954171478,-2.6764334082838674
1778740483659831977,4.032816110701632,-2.0862792010415414,-2.6763682167841107
1778740483709002699,4.032840752178697,-2.0862755835009787,-2.676260309993568
1778740483759027227,4.032854151166693,-2.086272926268708,-2.676214514441556
1778740483809061784,4.032874845899985,-2.0862704698228627,-2.6761399241951658
1778740483859036197,4.032895033248299,-2.0862656481174975,-2.676093986017736
1778740483908983448,4.032900328202125,-2.086266752829023,-2.6760674057657834
1778740483959023796,4.032923520982094,-2.086261566236072,-2.6760168135516795
1778740484025398017,4.0329411406767575,-2.086258914899085,-2.675967097541134
1778740484058928106,4.032954736054798,-2.086254744264811,-2.675941829377448
1778740484109046614,4.03296226951744,-2.0862538065600686,-2.6759165768568174
1778740484175279466,4.032980326501022,-2.0862498906596594,-2.675863118272413
1778740484225269718,4.032997148480653,-2.086246189951137,-2.6758036900079523
1778740484259116932,4.0330046805107305,-2.086244664769256,-2.675774957491224
1778740484308885542,4.0330196648850105,-2.0862401230711494,-2.6757344965210907
1778740484359012075,4.033034776710932,-2.0862352642857958,-2.6756912825365857
1778740484409903154,4.033047653309022,-2.0862314288220225,-2.6756407125208463
1778740484459260221,4.03305168382801,-2.086231260659984,-2.675602717119216
1778740484525529452,4.033070662682222,-2.0862246248752507,-2.675515761913371
1778740484558774147,4.033023110812226,-2.0862931730526766,-2.675458003192839
1778740484609041368,4.033094065837273,-2.0862167814409616,-2.675366918999833
1778740484658864612,4.033101371913612,-2.086214276494703,-2.6753119761883255
1778740484708764914,4.033120482028488,-2.0862065343909846,-2.6751964384742277
1778740484758909972,4.033130404947286,-2.0862029583282466,-2.675106413680305
1778740484809065950,4.0331395325398,-2.0861996696756604,-2.67501143683028
1778740484859090689,4.033147646267586,-2.086196795055016,-2.674912730069287
1778740484908966634,4.033131305994265,-2.086267840497781,-2.674832048326823
1778740484958890160,4.033168418429561,-2.086188096628126,-2.674703402155941
1778740485009111743,4.033175410063627,-2.086185040688116,-2.674633047158769
1778740485058972449,4.033192157414498,-2.0861772347547434,-2.6744913143143108
1778740485109166140,4.03319739066143,-2.0861752731848178,-2.674382709659639
1778740485158906557,4.033203612593628,-2.086172403148406,-2.6743092025760538
1778740485209233160,4.033217313385793,-2.086165811200582,-2.6741571307730543
1778740485275421627,4.033228741029553,-2.0861603142123535,-2.673998910594477
1778740485308858349,4.033230960607453,-2.0861592554764563,-2.67395768895447
1778740485359631984,4.033238852717864,-2.0861554954400896,-2.673791095881006
1778740485408992988,4.0332407974410325,-2.08622825261166,-2.6736959884002975
1778740485475384683,4.033244287434198,-2.0862272130000745,-2.673531908553766
1778740485508995396,4.033265556788196,-2.086141527644686,-2.6734195255483533
1778740485575294975,4.033271986494977,-2.086138094124938,-2.6732903948925295
1778740485625386150,4.03327866651907,-2.086134455168523,-2.6731572144141884
1778740485658960534,4.033285895688667,-2.0861304406431693,-2.673022903897834
1778740485709625813,4.033288748713234,-2.086203565716833,-2.6728844735111448
1778740485758861087,4.033297477657328,-2.0861985674748342,-2.6728033927518084
1778740485825490815,4.033305200590775,-2.086119398070076,-2.672654627823246
1778740485859168996,4.033310170710948,-2.0861165074211994,-2.6725746794125698
1778740485909423994,4.033318815807892,-2.0861113584189193,-2.672413358833424
1778740485958885649,4.033319041784784,-2.086111037744428,-2.6723338303805795
1778740486009220970,4.033331877140294,-2.0861034547419552,-2.672176573465457
1778740486058871986,4.033340091527617,-2.086171173086871,-2.67208413531036
1778740486108979733,4.033343993031399,-2.08609593505046,-2.671937838149878
1778740486158846139,4.033350375001357,-2.086092092018616,-2.6718582795840313
1778740486208871910,4.033351028510293,-2.0860911018707284,-2.671698667469925
1778740486258796598,4.033363401027019,-2.0860837250592708,-2.6715788406414847
1778740486308873015,4.0333637756366265,-2.086083164933784,-2.671502044193354
1778740486358911209,4.0333698407240215,-2.086079253883983,-2.6713883096832656
1778740486408917412,4.033379736374014,-2.086073015979288,-2.67124341215318
1778740486475492917,4.033382595001331,-2.086070822253343,-2.671140650756749
1778740486508862511,4.0333866974239925,-2.086068148884281,-2.6710719626545094
1778740486559046032,4.0333991331201675,-2.08606061199822,-2.6709682742666523
1778740486609078986,4.033413765850108,-2.086051592521356,-2.670826487485426
1778740486659023421,4.033429883093218,-2.0860419614486343,-2.670722675491702
1778740486708873096,4.033447710909291,-2.08609411766688,-2.670642045093185
1778740486759028965,4.033454724315944,-2.0860267381924573,-2.6705250307968673
1778740486808959844,4.0334612921903625,-2.0860226050609327,-2.67045750568062
1778740486859004641,4.033474837382051,-2.086014105681603,-2.6703190157718146
1778740486909051011,4.0334837271253114,-2.0860086914827143,-2.670249230825925
1778740486958949238,4.03349730978901,-2.086000159574663,-2.6701101803783933
1778740487008842076,4.033515459483739,-2.0860462867604386,-2.6700213783949227
1778740487058817260,4.033514061430223,-2.085989626888852,-2.6699396102486497
1778740487109115890,4.033524019685393,-2.0859830893381726,-2.6698128632568365
1778740487158842481,4.033533683153816,-2.0859772353435075,-2.6697528455420407
1778740487208777468,4.033547246050939,-2.085968705855614,-2.6696370304521375
1778740487258909241,4.03355383535017,-2.0859643020862135,-2.6695542225781947
1778740487308787951,4.033565883070643,-2.08595686688767,-2.669473747712279
1778740487358827618,4.033587195642126,-2.085994308759582,-2.669407907912256
1778740487425386652,4.0335886894851285,-2.085942477172921,-2.669297455530486
1778740487458760654,4.033596188414607,-2.0859378148822434,-2.669248336772335
1778740487508853572,4.033606397800581,-2.085931419939998,-2.6691783211764952
1778740487558962171,4.033612913398218,-2.085927075421414,-2.6691115950366706
1778740487608944798,4.033624414093373,-2.085919970342133,-2.6690451550684715
1778740487658973295,4.033626825556544,-2.0859179127092324,-2.6689801218840317
1778740487708835634,4.033638709402192,-2.0859106032987045,-2.6689097535130064
1778740487758891031,4.033642932123112,-2.085907799930287,-2.668862118876729
1778740487809367651,4.033655000895749,-2.0859001706788782,-2.668767849705577
1778740487859003628,4.033671363096412,-2.0859307312326894,-2.66870673305378
1778740487908997920,4.033678629249929,-2.0859250561452667,-2.6686423360957514
1778740487959055881,4.033683644312661,-2.085920694942875,-2.6685800615529653
1778740488025477341,4.033686262323398,-2.0858798950843283,-2.6684936553499945
1778740488075281862,4.03369637288626,-2.085873637919965,-2.668441440770441
1778740488108992374,4.0336988014181285,-2.085871852037027,-2.668406971113356
1778740488158889260,4.033706763905344,-2.0859017259157397,-2.6683611444221884
1778740488209024238,4.033710636612793,-2.085864228967808,-2.668318054023063
1778740488258932425,4.0337162568171046,-2.0858604901132174,-2.668255960810115
1778740488308837066,4.033722170978702,-2.0858565979679167,-2.6681924019928314
1778740488358758597,4.033728687069217,-2.0858521785089312,-2.6681119471673553
1778740488408963148,4.033740691796742,-2.085844911668175,-2.6680554164165264
1778740488458884821,4.033744801220806,-2.0858420572330996,-2.66800005417146
