t_ns,x,y,yaw
1778742380349029057,-6.9999999989792015e-06,-1.1858664084566267e-10,3.388189738617467e-05
1778742380350391654,-1.3999999998020575e-05,-2.371732816913254e-10,-3.009270892369298e-16
1778742380351026293,-2.099999999706195e-05,-3.557599225369881e-10,3.388189738617467e-05
1778742380351451383,-2.799999999604115e-05,-4.743465633826508e-10,0.0
1778742380352064671,-3.499999999502035e-05,-5.929332042283134e-10,3.388189738617467e-05
1778742380352856310,-4.1999999993999555e-05,-7.115198450739761e-10,0.0
1778742380353937871,-4.899999999297876e-05,-8.301064859196387e-10,3.388189738617467e-05
1778742380354638095,-5.5999999991957963e-05,-9.486931267653014e-10,0.0
1778742380355364799,-5.5999999991957963e-05,-9.486931267653014e-10,0.0
1778742380356041729,-6.999999999198751e-05,-9.48693126763195e-10,-3.0093038881154714e-16
1778742380356767242,-6.999999999198751e-05,-9.48693126763195e-10,-3.0093038881154714e-16
1778742380357637620,-7.699999999102888e-05,-1.0672797676088577e-09,3.388189738617467e-05
1778742380358309190,-8.399999999000808e-05,-1.1858664084545204e-09,0.0
1778742380358949981,-9.099999998898729e-05,-1.3044530493001832e-09,3.388189738617467e-05
1778742380359260783,-9.799999998796649e-05,-1.423039690145846e-09,0.0
1778742380360078451,-0.0001049999999869457,-1.3044530493001832e-09,-3.388189738617467e-05
1778742380360598973,-0.0001119999999859249,-1.1858664084545204e-09,0.0
1778742380361600741,-0.0001189999999849041,-1.3044530493001832e-09,3.388189738617467e-05
1778742380362679757,-0.00012599999998394549,-1.423039690145846e-09,-3.009270892369298e-16
1778742380363563271,-0.00012599999998394549,-1.423039690145846e-09,-3.009270892369298e-16
1778742380364408952,-0.00013299999998298687,-1.5416263309915087e-09,3.388189738617467e-05
1778742380365191233,-0.00013999999998196607,-1.6602129718371714e-09,0.0
1778742380366214272,-0.00015399999998193345,-1.6602129718371714e-09,0.0
1778742380367065874,-0.00015399999998193345,-1.6602129718371714e-09,0.0
1778742380367636562,-0.00016799999998190083,-1.6602129718371714e-09,0.0
1778742380377698694,-0.00016799999998190083,-1.6602129718371714e-09,0.0
1778742380394804247,-0.00017499999998088004,-1.7787996126828342e-09,3.388189738617467e-05
1778742380427555420,-0.00018199999997992142,-1.8973862535284967e-09,-3.009270892369298e-16
1778742380428438583,-0.00018199999997992142,-1.8973862535284967e-09,-3.009270892369298e-16
1778742380460794954,-0.00019599999997995098,-1.8973862535263903e-09,3.2995746173546875e-21
1778742380461712192,-0.00019599999997995098,-1.8973862535263903e-09,3.2995746173546875e-21
1778742380477882473,-0.00020999999997991836,-1.8973862535263903e-09,3.2995746173546875e-21
1778742380494587372,-0.00020999999997991836,-1.8973862535263903e-09,3.2995746173546875e-21
1778742380527254075,-0.00021699999997889757,-2.015972894372053e-09,3.388189738617467e-05
1778742380543968612,-0.00022399999997787677,-2.134559535217716e-09,0.0
1778742380544921708,-0.00023099999997685597,-2.2531461760633786e-09,3.388189738617467e-05
1778742380577386606,-0.00023799999997589736,-2.3717328169090413e-09,-3.009270892369298e-16
1778742380578201299,-0.0002449999999749387,-2.490319457754704e-09,3.388189738617467e-05
1778742380610569252,-0.0002519999999739179,-2.608906098600367e-09,0.0
1778742380611448467,-0.0002519999999739179,-2.608906098600367e-09,0.0
1778742380643976065,-0.00026599999997388527,-2.608906098600367e-09,0.0
1778742380644656311,-0.00026599999997388527,-2.608906098600367e-09,0.0
1778742380661550421,-0.00027999999997391483,-2.6089060985982604e-09,-3.0093038881154714e-16
1778742380693933202,-0.00027999999997391483,-2.6089060985982604e-09,-3.0093038881154714e-16
1778742380710631619,-0.0002869999999729562,-2.727492739443923e-09,3.388189738617467e-05
1778742380711286657,-0.00029399999997193536,-2.846079380289586e-09,0.0
1778742380743938111,-0.00029399999997193536,-2.846079380289586e-09,0.0
1778742380760578948,-0.00030799999997190274,-2.846079380289586e-09,0.0
1778742380777119374,-0.0003149999999708819,-2.9646660211352486e-09,3.388189738617467e-05
1778742380793899637,-0.0003219999999698611,-3.0832526619809114e-09,0.0
1778742380794620230,-0.0003219999999698611,-3.0832526619809114e-09,0.0
1778742380827548070,-0.00033599999996989066,-3.083252661978805e-09,-3.0093038881154714e-16
1778742380828044776,-0.00033599999996989066,-3.083252661978805e-09,-3.0093038881154714e-16
1778742380844455164,-0.0003499999999699202,-3.0832526619766986e-09,0.0
1778742380877512862,-0.0003499999999699202,-3.0832526619766986e-09,0.0
1778742380893926817,-0.0003569999999688994,-3.2018393028223613e-09,3.388189738617467e-05
1778742380894917675,-0.00036399999996787857,-3.320425943668024e-09,0.0
1778742380911111420,-0.00036399999996787857,-3.320425943668024e-09,0.0
1778742380927891653,-0.00037799999996784595,-3.320425943668024e-09,0.0
1778742380960620685,-0.00037799999996784595,-3.320425943668024e-09,0.0
1778742380977536877,-0.0003919999999678755,-3.3204259436659176e-09,-3.0093038881154714e-16
1778742380978207384,-0.0003919999999678755,-3.3204259436659176e-09,-3.0093038881154714e-16
1778742381010436884,-0.00039899999996691687,-3.4390125845115804e-09,3.388189738617467e-05
1778742381027190045,-0.00040599999996589604,-3.557599225357243e-09,0.0
1778742381027987835,-0.0004129999999648752,-3.676185866202906e-09,3.388189738617467e-05
1778742381060594834,-0.0004199999999638544,-3.794772507048569e-09,0.0
1778742381077282680,-0.0004269999999628336,-3.913359147894231e-09,3.388189738617467e-05
1778742381078112021,-0.00043399999996181275,-4.031945788739893e-09,0.0
1778742381110686928,-0.00043399999996181275,-4.031945788739893e-09,0.0
1778742381127247833,-0.0004479999999618423,-4.0319457887377865e-09,-3.0093038881154714e-16
1778742381127908422,-0.0004479999999618423,-4.0319457887377865e-09,-3.0093038881154714e-16
1778742381144379235,-0.00046199999996187187,-4.03194578873568e-09,0.0
1778742381177707638,-0.00046199999996187187,-4.03194578873568e-09,0.0
1778742381178400969,-0.00046899999996085105,-4.150532429581342e-09,3.388189738617467e-05
1778742381194294573,-0.0004759999999598302,-4.269119070427004e-09,0.0
1778742381227058701,-0.0004829999999588094,-4.387705711272667e-09,3.388189738617467e-05
1778742381243763320,-0.0004899999999577886,-4.506292352118329e-09,0.0
1778742381260443843,-0.0004899999999577886,-4.506292352118329e-09,0.0
1778742381277262068,-0.0005039999999578181,-4.506292352116222e-09,-3.0093038881154714e-16
1778742381293864121,-0.0005039999999578181,-4.506292352116222e-09,-3.0093038881154714e-16
1778742381294546501,-0.0005179999999578476,-4.506292352114115e-09,0.0
1778742381311115682,-0.0005179999999578476,-4.506292352114115e-09,0.0
1778742381327867450,-0.000531999999957815,-4.506292352114115e-09,0.0
1778742381344256127,-0.000531999999957815,-4.506292352114115e-09,0.0
1778742381361012595,-0.0005389999999567942,-4.624878992959778e-09,3.388189738617467e-05
1778742381393883637,-0.0005459999999558356,-4.74346563380544e-09,-3.009270892369298e-16
1778742381394596886,-0.0005459999999558356,-4.74346563380544e-09,-3.009270892369298e-16
1778742381427285109,-0.0005599999999558651,-4.743465633803333e-09,3.2995746173546875e-21
1778742381443876963,-0.0005599999999558651,-4.743465633803333e-09,3.2995746173546875e-21
1778742381444558041,-0.0005739999999558325,-4.743465633803333e-09,3.2995746173546875e-21
1778742381461092565,-0.0005739999999558325,-4.743465633803333e-09,3.2995746173546875e-21
1778742381477458860,-0.0005809999999548117,-4.8620522746489955e-09,3.388189738617467e-05
1778742381494130295,-0.0005879999999537909,-4.980638915494658e-09,0.0
1778742381510983657,-0.00059499999995277,-5.09922555634032e-09,3.388189738617467e-05
1778742381527795300,-0.0006019999999518114,-5.2178121971859825e-09,-3.009270892369298e-16
1778742381560604414,-0.0006089999999508528,-5.336398838031645e-09,3.388189738617467e-05
1778742381577315986,-0.000615999999949832,-5.454985478877307e-09,0.0
1778742381594082753,-0.000615999999949832,-5.454985478877307e-09,0.0
1778742381594756858,-0.0006299999999497994,-5.454985478877307e-09,0.0
1778742381610970521,-0.0006299999999497994,-5.454985478877307e-09,0.0
1778742381627511077,-0.0006369999999487786,-5.5735721197229695e-09,3.388189738617467e-05
1778742381644103432,-0.0006439999999477578,-5.692158760568632e-09,0.0
1778742381660929652,-0.0006579999999477873,-5.692158760566525e-09,-3.0093038881154714e-16
1778742381677295726,-0.0006579999999477873,-5.692158760566525e-09,-3.0093038881154714e-16
1778742381710529399,-0.0006649999999468287,-5.810745401412187e-09,3.388189738617467e-05
1778742381710835322,-0.0006719999999458079,-5.92933204225785e-09,0.0
1778742381744178644,-0.0006719999999458079,-5.92933204225785e-09,0.0
1778742381744951857,-0.0006859999999457752,-5.92933204225785e-09,0.0
1778742381777357382,-0.0006859999999457752,-5.92933204225785e-09,0.0
1778742381794148265,-0.0006999999999457426,-5.92933204225785e-09,0.0
1778742381794856314,-0.0006999999999457426,-5.92933204225785e-09,0.0
1778742381827244957,-0.0007069999999447218,-6.047918683103512e-09,3.388189738617467e-05
1778742381844225472,-0.0007139999999437632,-6.166505323949174e-09,-3.009270892369298e-16
1778742381844933030,-0.0007209999999427424,-6.047918683101405e-09,-3.38818973864756e-05
1778742381860972181,-0.0007279999999417838,-5.929332042253636e-09,0.0
1778742381893987848,-0.0007279999999417838,-5.929332042253636e-09,0.0
1778742381910798409,-0.0007419999999417512,-5.929332042253636e-09,0.0
1778742381927305632,-0.0007419999999417512,-5.929332042253636e-09,0.0
1778742381943914829,-0.0007489999999407303,-5.810745401407974e-09,-3.388189738617467e-05
1778742381960870125,-0.0007559999999397095,-5.692158760562311e-09,0.0
1778742381977235157,-0.0007629999999387509,-5.573572119714542e-09,-3.38818973864756e-05
1778742381977949588,-0.0007699999999377301,-5.454985478866773e-09,-3.009270892369298e-16
1778742381994198288,-0.0007699999999377301,-5.454985478866773e-09,-3.009270892369298e-16
1778742382027255174,-0.0007839999999377596,-5.454985478864666e-09,3.2995746173546875e-21
1778742382044146899,-0.0007839999999377596,-5.454985478864666e-09,3.2995746173546875e-21
1778742382044814602,-0.000797999999937727,-5.454985478864666e-09,3.2995746173546875e-21
1778742382060896494,-0.000797999999937727,-5.454985478864666e-09,3.2995746173546875e-21
1778742382094086023,-0.0008119999999377565,-5.454985478862559e-09,-3.009270892369298e-16
1778742382110439783,-0.0008119999999377565,-5.454985478862559e-09,-3.009270892369298e-16
1778742382110834285,-0.000825999999937786,-5.4549854788604525e-09,3.2995746173546875e-21
1778742382127611011,-0.000825999999937786,-5.4549854788604525e-09,3.2995746173546875e-21
1778742382144140506,-0.0008329999999367652,-5.573572119706115e-09,3.388189738617467e-05
1778742382177461084,-0.0008399999999357444,-5.692158760551777e-09,0.0
1778742382193902191,-0.0008399999999357444,-5.692158760551777e-09,0.0
1778742382194614598,-0.0008539999999357117,-5.692158760551777e-09,0.0
1778742382211197675,-0.0008539999999357117,-5.692158760551777e-09,0.0
1778742382227720257,-0.0008679999999357412,-5.69215876054967e-09,-3.0093038881154714e-16
1778742382260612469,-0.0008679999999357412,-5.69215876054967e-09,-3.0093038881154714e-16
1778742382261232981,-0.0008819999999357708,-5.6921587605475636e-09,0.0
1778742382277599456,-0.0008819999999357708,-5.6921587605475636e-09,0.0
1778742382310605745,-0.0008889999999347499,-5.810745401393226e-09,3.388189738617467e-05
1778742382327278062,-0.0008959999999337291,-5.929332042238888e-09,0.0
1778742382344039610,-0.0008959999999337291,-5.929332042238888e-09,0.0
1778742382360873344,-0.0009099999999336965,-5.929332042238888e-09,0.0
1778742382361595621,-0.0009099999999336965,-5.929332042238888e-09,0.0
1778742382394123048,-0.000923999999933726,-5.929332042236781e-09,-3.0093038881154714e-16
1778742382395582659,-0.000923999999933726,-5.929332042236781e-09,-3.0093038881154714e-16
1778742382427303790,-0.0009379999999337555,-5.9293320422346746e-09,0.0
1778742382444015553,-0.0009379999999337555,-5.9293320422346746e-09,0.0
1778742382460727816,-0.0009449999999327347,-5.810745401389012e-09,-3.388189738617467e-05
1778742382461454701,-0.0009519999999317138,-5.69215876054335e-09,0.0
1778742382494037153,-0.0009519999999317138,-5.69215876054335e-09,0.0
1778742382510677680,-0.0009659999999316812,-5.69215876054335e-09,0.0
1778742382511449360,-0.0009659999999316812,-5.69215876054335e-09,0.0
1778742382544035659,-0.0009799999999317108,-5.692158760541243e-09,-3.0093038881154714e-16
1778742382560583109,-0.0009799999999317108,-5.692158760541243e-09,-3.0093038881154714e-16
1778742382561352094,-0.0009939999999317405,-5.692158760539136e-09,0.0
1778742382593967048,-0.0009939999999317405,-5.692158760539136e-09,0.0
1778742382594736705,-0.0010009999999307196,-5.8107454013847986e-09,3.388189738617467e-05
1778742382611378263,-0.0010079999999296988,-5.929332042230461e-09,0.0
1778742382627622465,-0.0010079999999296988,-5.929332042230461e-09,0.0
1778742382660845197,-0.0010219999999296662,-5.929332042230461e-09,0.0
1778742382677335457,-0.0010219999999296662,-5.929332042230461e-09,0.0
1778742382678076289,-0.0010359999999296958,-5.929332042228354e-09,-3.0093038881154714e-16
1778742382694234226,-0.0010359999999296958,-5.929332042228354e-09,-3.0093038881154714e-16
1778742382710830638,-0.0010499999999297254,-5.929332042226247e-09,0.0
1778742382743957938,-0.0010499999999297254,-5.929332042226247e-09,0.0
1778742382744616984,-0.0010569999999287046,-6.0479186830719096e-09,3.388189738617467e-05
1778742382761024106,-0.0010639999999276838,-6.166505323917572e-09,0.0
1778742382793760170,-0.0010709999999267252,-6.047918683069803e-09,-3.38818973864756e-05
1778742382794190090,-0.0010779999999257044,-5.929332042222034e-09,-3.009270892369298e-16
1778742382810878547,-0.0010849999999247458,-6.047918683067696e-09,3.388189738617467e-05
1778742382844275562,-0.001091999999923725,-6.166505323913358e-09,0.0
1778742382860438158,-0.001091999999923725,-6.166505323913358e-09,0.0
1778742382877223861,-0.0011059999999236923,-6.166505323913358e-09,0.0
1778742382877709616,-0.0011059999999236923,-6.166505323913358e-09,0.0
1778742382894107791,-0.0011129999999226715,-6.285091964759021e-09,3.388189738617467e-05
1778742382910823912,-0.0011199999999216507,-6.403678605604683e-09,0.0
1778742382927521287,-0.0011199999999216507,-6.403678605604683e-09,0.0
1778742382944278486,-0.0011339999999216803,-6.403678605602576e-09,-3.0093038881154714e-16
1778742382977299574,-0.0011409999999207217,-6.5222652464482384e-09,3.388189738617467e-05
1778742382978027711,-0.0011479999999197009,-6.640851887293901e-09,0.0
1778742383010626034,-0.0011479999999197009,-6.640851887293901e-09,0.0
1778742383027665571,-0.0011619999999196683,-6.640851887293901e-09,0.0
1778742383043946041,-0.0011619999999196683,-6.640851887293901e-09,0.0
1778742383044606990,-0.0011759999999196356,-6.640851887293901e-09,0.0
1778742383060808470,-0.0011759999999196356,-6.640851887293901e-09,0.0
1778742383077384975,-0.0011829999999186148,-6.759438528139563e-09,3.388189738617467e-05
1778742383094016394,-0.0011899999999176562,-6.8780251689852254e-09,-3.009270892369298e-16
1778742383111021726,-0.0011899999999176562,-6.8780251689852254e-09,-3.009270892369298e-16
1778742383143963583,-0.0012039999999176858,-6.878025168983119e-09,3.2995746173546875e-21
1778742383144638068,-0.0012039999999176858,-6.878025168983119e-09,3.2995746173546875e-21
1778742383177253513,-0.0012179999999176532,-6.878025168983119e-09,3.2995746173546875e-21
1778742383194025931,-0.0012179999999176532,-6.878025168983119e-09,3.2995746173546875e-21
1778742383210708869,-0.0012319999999176206,-6.878025168983119e-09,3.2995746173546875e-21
1778742383211471232,-0.0012319999999176206,-6.878025168983119e-09,3.2995746173546875e-21
1778742383244270677,-0.0012459999999176502,-6.878025168981012e-09,-3.009270892369298e-16
1778742383260973412,-0.0012459999999176502,-6.878025168981012e-09,-3.009270892369298e-16
1778742383277771529,-0.0012459999999176502,-6.878025168981012e-09,-3.009270892369298e-16
1778742383294205061,-0.0012599999999176798,-6.878025168978905e-09,3.2995746173546875e-21
1778742383310934778,-0.0012599999999176798,-6.878025168978905e-09,3.2995746173546875e-21
1778742383311658517,-0.0012739999999176472,-6.878025168978905e-09,3.2995746173546875e-21
1778742383327300902,-0.0012739999999176472,-6.878025168978905e-09,3.2995746173546875e-21
1778742383360584279,-0.0012879999999176146,-6.878025168978905e-09,3.2995746173546875e-21
1778742383361164094,-0.0012879999999176146,-6.878025168978905e-09,3.2995746173546875e-21
1778742383377816313,-0.0013019999999176442,-6.878025168976798e-09,-3.009270892369298e-16
1778742383410595140,-0.0013019999999176442,-6.878025168976798e-09,-3.009270892369298e-16
1778742383427542801,-0.0013089999999166856,-6.9966118098224605e-09,3.388189738617467e-05
1778742383428166961,-0.0013159999999156648,-7.115198450668123e-09,0.0
1778742383444284351,-0.001322999999914644,-7.233785091513785e-09,3.388189738617467e-05
1778742383461153843,-0.0013299999999136231,-7.3523717323594475e-09,0.0
1778742383477830839,-0.0013299999999136231,-7.3523717323594475e-09,0.0
1778742383494269061,-0.0013439999999135905,-7.3523717323594475e-09,0.0
1778742383527367776,-0.0013439999999135905,-7.3523717323594475e-09,0.0
1778742383543924613,-0.0013579999999136201,-7.352371732357341e-09,-3.0093038881154714e-16
1778742383560713793,-0.0013579999999136201,-7.352371732357341e-09,-3.0093038881154714e-16
1778742383561440748,-0.0013719999999136498,-7.352371732355234e-09,0.0
1778742383577653640,-0.0013719999999136498,-7.352371732355234e-09,0.0
1778742383594317992,-0.001378999999912629,-7.470958373200896e-09,3.388189738617467e-05
1778742383611069560,-0.0013859999999116081,-7.589545014046558e-09,0.0
1778742383644001028,-0.0013859999999116081,-7.589545014046558e-09,0.0
1778742383644652669,-0.0013999999999116377,-7.589545014044452e-09,-3.0093038881154714e-16
1778742383677265269,-0.0013999999999116377,-7.589545014044452e-09,-3.0093038881154714e-16
1778742383678011681,-0.0014139999999116673,-7.589545014042346e-09,0.0
1778742383710589995,-0.0014139999999116673,-7.589545014042346e-09,0.0
1778742383727366822,-0.0014209999999106465,-7.708131654888009e-09,3.388189738617467e-05
1778742383743911095,-0.0014279999999096257,-7.826718295733671e-09,0.0
1778742383760628067,-0.0014349999999086049,-7.945304936579333e-09,3.388189738617467e-05
1778742383777259506,-0.001441999999907584,-8.063891577424996e-09,0.0
1778742383793984163,-0.0014489999999065632,-8.182478218270658e-09,3.388189738617467e-05
1778742383794689988,-0.0014559999999056046,-8.30106485911632e-09,-3.009270892369298e-16
1778742383810793181,-0.0014559999999056046,-8.30106485911632e-09,-3.009270892369298e-16
1778742383843973182,-0.0014699999999056342,-8.301064859114214e-09,3.2995746173546875e-21
1778742383860708058,-0.0014699999999056342,-8.301064859114214e-09,3.2995746173546875e-21
1778742383861472244,-0.0014839999999056016,-8.301064859114214e-09,3.2995746173546875e-21
1778742383877636072,-0.0014839999999056016,-8.301064859114214e-09,3.2995746173546875e-21
1778742383910472338,-0.001497999999905569,-8.301064859114214e-09,3.2995746173546875e-21
1778742383927124066,-0.001497999999905569,-8.301064859114214e-09,3.2995746173546875e-21
1778742383927567691,-0.0015049999999045482,-8.419651499959877e-09,3.388189738617467e-05
1778742383960481735,-0.0015119999999035896,-8.538238140805539e-09,-3.009270892369298e-16
1778742383977167919,-0.001518999999902631,-8.656824781651201e-09,3.388189738617467e-05
1778742383977617315,-0.0015259999999016102,-8.775411422496864e-09,0.0
1778742383994272009,-0.0015259999999016102,-8.775411422496864e-09,0.0
1778742384011004370,-0.0015399999999015776,-8.775411422496864e-09,0.0
1778742384027565676,-0.0015399999999015776,-8.775411422496864e-09,0.0
1778742384044150757,-0.0015469999999005567,-8.893998063342526e-09,3.388189738617467e-05
1778742384061023646,-0.001553999999899536,-9.012584704188188e-09,0.0
1778742384077508326,-0.0015679999998995655,-9.012584704186082e-09,-3.0093038881154714e-16
1778742384094255927,-0.0015679999998995655,-9.012584704186082e-09,-3.0093038881154714e-16
1778742384111001103,-0.0015679999998995655,-9.012584704186082e-09,-3.0093038881154714e-16
1778742384127458290,-0.0015819999998995951,-9.012584704183976e-09,0.0
1778742384144031709,-0.0015819999998995951,-9.012584704183976e-09,0.0
1778742384177180630,-0.0015959999998995625,-9.012584704183976e-09,0.0
1778742384194177276,-0.0015959999998995625,-9.012584704183976e-09,0.0
1778742384194845308,-0.00160999999989953,-9.012584704183976e-09,0.0
1778742384210790901,-0.00160999999989953,-9.012584704183976e-09,0.0
1778742384243954500,-0.0016239999998995595,-9.01258470418187e-09,-3.0093038881154714e-16
1778742384260566102,-0.0016239999998995595,-9.01258470418187e-09,-3.0093038881154714e-16
1778742384277412170,-0.0016309999998985387,-8.8939980633341e-09,-3.38818973864756e-05
1778742384278299611,-0.00163799999989758,-8.77541142248633e-09,0.0
1778742384294212972,-0.00163799999989758,-8.77541142248633e-09,0.0
1778742384327293063,-0.0016519999998975475,-8.77541142248633e-09,0.0
1778742384328000921,-0.0016519999998975475,-8.77541142248633e-09,0.0
1778742384344146465,-0.001665999999897577,-8.775411422484225e-09,-3.0093038881154714e-16
1778742384377296569,-0.0016729999998966185,-8.893998063329887e-09,3.388189738617467e-05
1778742384394273776,-0.0016799999998955977,-9.012584704175549e-09,0.0
1778742384410635853,-0.0016799999998955977,-9.012584704175549e-09,0.0
1778742384427279715,-0.0016869999998945769,-9.131171345021212e-09,3.388189738617467e-05
1778742384443922316,-0.001693999999893556,-9.249757985866874e-09,0.0
1778742384444648379,-0.001693999999893556,-9.249757985866874e-09,0.0
1778742384477267952,-0.0017079999998935234,-9.249757985866874e-09,0.0
1778742384494028898,-0.0017079999998935234,-9.249757985866874e-09,0.0
1778742384495002804,-0.001721999999893553,-9.249757985864768e-09,-3.0093038881154714e-16
1778742384511026035,-0.001721999999893553,-9.249757985864768e-09,-3.0093038881154714e-16
1778742384544024599,-0.0017359999998935827,-9.249757985862662e-09,0.0
1778742384560512154,-0.0017359999998935827,-9.249757985862662e-09,0.0
1778742384561252745,-0.00174999999989355,-9.249757985862662e-09,0.0
1778742384577553424,-0.00174999999989355,-9.249757985862662e-09,0.0
1778742384610653072,-0.0017639999998935174,-9.249757985862662e-09,0.0
1778742384611251542,-0.0017639999998935174,-9.249757985862662e-09,0.0
1778742384627599552,-0.0017639999998935174,-9.249757985862662e-09,0.0
1778742384644259405,-0.001777999999893547,-9.249757985860556e-09,-3.0093038881154714e-16
1778742384677332572,-0.001777999999893547,-9.249757985860556e-09,-3.0093038881154714e-16
1778742384678059277,-0.0017919999998935766,-9.24975798585845e-09,0.0
1778742384711286849,-0.0017919999998935766,-9.24975798585845e-09,0.0
1778742384727383609,-0.001805999999893544,-9.24975798585845e-09,0.0
1778742384728111987,-0.001805999999893544,-9.24975798585845e-09,0.0
1778742384744443384,-0.0018199999998935114,-9.24975798585845e-09,0.0
1778742384777361606,-0.0018199999998935114,-9.24975798585845e-09,0.0
1778742384778089433,-0.0018199999998935114,-9.24975798585845e-09,0.0
1778742384794300802,-0.001833999999893541,-9.249757985856344e-09,-3.0093038881154714e-16
1778742384827497885,-0.001833999999893541,-9.249757985856344e-09,-3.0093038881154714e-16
1778742384843946046,-0.0018479999998935706,-9.249757985854238e-09,0.0
1778742384860643290,-0.0018479999998935706,-9.249757985854238e-09,0.0
1778742384861381727,-0.001861999999893538,-9.249757985854238e-09,0.0
1778742384893984488,-0.001861999999893538,-9.249757985854238e-09,0.0
1778742384894759003,-0.0018759999998935054,-9.249757985854238e-09,0.0
1778742384927492093,-0.0018759999998935054,-9.249757985854238e-09,0.0
1778742384928255467,-0.0018759999998935054,-9.249757985854238e-09,0.0
1778742384944278848,-0.001889999999893535,-9.249757985852132e-09,-3.0093038881154714e-16
1778742384977269077,-0.001889999999893535,-9.249757985852132e-09,-3.0093038881154714e-16
1778742384993907840,-0.0019039999998935646,-9.249757985850026e-09,0.0
1778742385010605416,-0.0019039999998935646,-9.249757985850026e-09,0.0
1778742385027213090,-0.001917999999893532,-9.249757985850026e-09,0.0
1778742385043872522,-0.001917999999893532,-9.249757985850026e-09,0.0
1778742385044534073,-0.0019249999998925734,-9.131171345002256e-09,-3.38818973864756e-05
1778742385077250931,-0.0019319999998915526,-9.012584704154486e-09,-3.009270892369298e-16
1778742385077953019,-0.001938999999890594,-9.131171345000148e-09,3.388189738617467e-05
1778742385110624401,-0.0019459999998895732,-9.24975798584581e-09,0.0
1778742385127484345,-0.0019459999998895732,-9.24975798584581e-09,0.0
1778742385144344550,-0.0019599999998895406,-9.24975798584581e-09,0.0
1778742385160723399,-0.0019599999998895406,-9.24975798584581e-09,0.0
1778742385177413059,-0.0019739999998895077,-9.24975798584581e-09,0.0
1778742385178143971,-0.0019739999998895077,-9.24975798584581e-09,0.0
1778742385210630250,-0.0019879999998895373,-9.249757985843705e-09,-3.0093038881154714e-16
1778742385211278265,-0.0019879999998895373,-9.249757985843705e-09,-3.0093038881154714e-16
1778742385243904791,-0.0019949999998885785,-9.368344626689367e-09,3.388189738617467e-05
1778742385260661930,-0.0020019999998875577,-9.48693126753503e-09,0.0
1778742385261451043,-0.002008999999886537,-9.368344626689367e-09,-3.388189738617467e-05
1778742385277621985,-0.002015999999885516,-9.249757985843705e-09,0.0
1778742385294293060,-0.002015999999885516,-9.249757985843705e-09,0.0
1778742385327234056,-0.0020299999998854832,-9.249757985843705e-09,0.0
1778742385328039380,-0.0020299999998854832,-9.249757985843705e-09,0.0
1778742385344220211,-0.002043999999885513,-9.249757985841599e-09,-3.0093038881154714e-16
1778742385361185356,-0.002043999999885513,-9.249757985841599e-09,-3.0093038881154714e-16
1778742385394035668,-0.0020579999998855424,-9.249757985839493e-09,0.0
1778742385410621651,-0.0020579999998855424,-9.249757985839493e-09,0.0
1778742385427270072,-0.0020649999998845216,-9.13117134499383e-09,-3.388189738617467e-05
1778742385444010158,-0.002071999999883501,-9.012584704148168e-09,0.0
1778742385444782029,-0.002071999999883501,-9.012584704148168e-09,0.0
1778742385460901473,-0.002085999999883468,-9.012584704148168e-09,0.0
1778742385493997504,-0.002085999999883468,-9.012584704148168e-09,0.0
1778742385494732394,-0.0020999999998834976,-9.012584704146062e-09,-3.0093038881154714e-16
1778742385510929255,-0.0020999999998834976,-9.012584704146062e-09,-3.0093038881154714e-16
1778742385527621210,-0.002113999999883527,-9.012584704143956e-09,0.0
1778742385560671844,-0.002113999999883527,-9.012584704143956e-09,0.0
1778742385577454782,-0.0021209999998825064,-8.893998063298293e-09,-3.388189738617467e-05
1778742385578502197,-0.0021279999998814855,-8.775411422452631e-09,0.0
1778742385594309266,-0.0021279999998814855,-8.775411422452631e-09,0.0
1778742385610874299,-0.0021419999998814527,-8.775411422452631e-09,0.0
1778742385643899765,-0.0021419999998814527,-8.775411422452631e-09,0.0
1778742385660583784,-0.0021559999998814823,-8.775411422450525e-09,-3.0093038881154714e-16
1778742385661215578,-0.0021559999998814823,-8.775411422450525e-09,-3.0093038881154714e-16
1778742385677668267,-0.002169999999881512,-8.775411422448419e-09,0.0
1778742385710646142,-0.002169999999881512,-8.775411422448419e-09,0.0
1778742385727268865,-0.002183999999881479,-8.775411422448419e-09,0.0
1778742385727904216,-0.002183999999881479,-8.775411422448419e-09,0.0
1778742385760673203,-0.0021909999998804583,-8.656824781602757e-09,-3.388189738617467e-05
1778742385777237584,-0.0021979999998794375,-8.538238140757094e-09,0.0
1778742385794124180,-0.0021979999998794375,-8.538238140757094e-09,0.0
1778742385795172026,-0.0022049999998784786,-8.419651499909325e-09,-3.38818973864756e-05
1778742385811097230,-0.002211999999877458,-8.301064859061556e-09,-3.009270892369298e-16
1778742385843930439,-0.0022259999998774874,-8.30106485905945e-09,3.2995746173546875e-21
1778742385844602570,-0.0022259999998774874,-8.30106485905945e-09,3.2995746173546875e-21
1778742385877238484,-0.0022329999998764666,-8.182478218213788e-09,-3.388189738617467e-05
1778742385893958672,-0.002239999999875446,-8.063891577368125e-09,0.0
1778742385894600796,-0.002239999999875446,-8.063891577368125e-09,0.0
1778742385910911404,-0.0022539999998754754,-8.06389157736602e-09,-3.0093038881154714e-16
1778742385927785886,-0.0022609999998744546,-7.94530493651825e-09,-3.38818973864756e-05
1778742385944131311,-0.0022679999998734958,-7.82671829567048e-09,0.0
1778742385961071829,-0.0022679999998734958,-7.82671829567048e-09,0.0
1778742385993931940,-0.002274999999872475,-7.708131654824817e-09,-3.388189738617467e-05
1778742385994593540,-0.002281999999871454,-7.589545013979155e-09,0.0
1778742386010999210,-0.0022889999998704333,-7.470958373133493e-09,-3.388189738617467e-05
1778742386027561227,-0.0022959999998694125,-7.35237173228783e-09,0.0
1778742386044223946,-0.0022959999998694125,-7.35237173228783e-09,0.0
1778742386061143514,-0.002309999999869442,-7.352371732285723e-09,-3.0093038881154714e-16
1778742386093875180,-0.002309999999869442,-7.352371732285723e-09,-3.0093038881154714e-16
1778742386110913625,-0.0023239999998694717,-7.3523717322836165e-09,0.0
1778742386111465406,-0.0023239999998694717,-7.3523717322836165e-09,0.0
1778742386143915146,-0.002337999999869439,-7.3523717322836165e-09,0.0
1778742386144678400,-0.002337999999869439,-7.3523717322836165e-09,0.0
1778742386160847488,-0.002351999999869406,-7.3523717322836165e-09,0.0
1778742386177783097,-0.002351999999869406,-7.3523717322836165e-09,0.0
1778742386210804345,-0.0023589999998684472,-7.233785091435847e-09,-3.38818973864756e-05
1778742386211583089,-0.0023659999998674264,-7.115198450588078e-09,-3.009270892369298e-16
1778742386244067234,-0.0023659999998674264,-7.115198450588078e-09,-3.009270892369298e-16
1778742386244816021,-0.002379999999867456,-7.115198450585971e-09,3.2995746173546875e-21
1778742386260923943,-0.002379999999867456,-7.115198450585971e-09,3.2995746173546875e-21
1778742386294268587,-0.002393999999867423,-7.115198450585971e-09,3.2995746173546875e-21
1778742386310752956,-0.002393999999867423,-7.115198450585971e-09,3.2995746173546875e-21
1778742386311524235,-0.0024079999998673903,-7.115198450585971e-09,3.2995746173546875e-21
1778742386327730274,-0.0024079999998673903,-7.115198450585971e-09,3.2995746173546875e-21
1778742386344159518,-0.0024149999998664315,-6.996611809738202e-09,-3.38818973864756e-05
1778742386377357613,-0.0024219999998654107,-6.878025168890433e-09,-3.009270892369298e-16
1778742386393903730,-0.0024219999998654107,-6.878025168890433e-09,-3.009270892369298e-16
1778742386394623381,-0.0024359999998654403,-6.878025168888326e-09,3.2995746173546875e-21
1778742386427278612,-0.0024359999998654403,-6.878025168888326e-09,3.2995746173546875e-21
1778742386444047864,-0.0024499999998654075,-6.878025168888326e-09,3.2995746173546875e-21
1778742386460725562,-0.0024499999998654075,-6.878025168888326e-09,3.2995746173546875e-21
1778742386461391771,-0.0024639999998653747,-6.878025168888326e-09,3.2995746173546875e-21
1778742386494167201,-0.0024639999998653747,-6.878025168888326e-09,3.2995746173546875e-21
1778742386494832379,-0.002470999999864416,-6.759438528040557e-09,-3.38818973864756e-05
1778742386510919210,-0.002477999999863395,-6.640851887192788e-09,-3.009270892369298e-16
1778742386544027214,-0.002477999999863395,-6.640851887192788e-09,-3.009270892369298e-16
1778742386544748969,-0.0024919999998634246,-6.640851887190681e-09,3.2995746173546875e-21
1778742386561053947,-0.0024919999998634246,-6.640851887190681e-09,3.2995746173546875e-21
1778742386593886946,-0.002505999999863392,-6.640851887190681e-09,3.2995746173546875e-21
1778742386594656593,-0.002505999999863392,-6.640851887190681e-09,3.2995746173546875e-21
1778742386610874744,-0.0025199999998634214,-6.640851887188574e-09,-3.009270892369298e-16
1778742386644041981,-0.0025199999998634214,-6.640851887188574e-09,-3.009270892369298e-16
1778742386660691544,-0.0025269999998624006,-6.522265246340805e-09,-3.38818973864756e-05
1778742386677446369,-0.002533999999861442,-6.403678605493036e-09,0.0
1778742386678107609,-0.002533999999861442,-6.403678605493036e-09,0.0
1778742386710640797,-0.002547999999861409,-6.403678605493036e-09,0.0
1778742386727311752,-0.002547999999861409,-6.403678605493036e-09,0.0
1778742386743916360,-0.002561999999861376,-6.403678605493036e-09,0.0
1778742386744575626,-0.002561999999861376,-6.403678605493036e-09,0.0
1778742386760845045,-0.0025759999998614057,-6.403678605490929e-09,-3.0093038881154714e-16
1778742386794079239,-0.0025759999998614057,-6.403678605490929e-09,-3.0093038881154714e-16
1778742386810591561,-0.002582999999860385,-6.28509196464316e-09,-3.38818973864756e-05
1778742386811244876,-0.002589999999859426,-6.166505323795391e-09,0.0
1778742386843953839,-0.0025969999998584053,-6.047918682949728e-09,-3.388189738617467e-05
1778742386844598237,-0.0026039999998573845,-5.929332042104066e-09,0.0
1778742386877454059,-0.0026039999998573845,-5.929332042104066e-09,0.0
1778742386893977072,-0.0026179999998573516,-5.929332042104066e-09,0.0
1778742386894780473,-0.0026179999998573516,-5.929332042104066e-09,0.0
1778742386910855953,-0.0026319999998573812,-5.929332042101959e-09,-3.0093038881154714e-16
1778742386943997080,-0.0026319999998573812,-5.929332042101959e-09,-3.0093038881154714e-16
1778742386960639119,-0.0026389999998563604,-5.81074540125419e-09,-3.38818973864756e-05
1778742386977308080,-0.0026459999998554016,-5.692158760406421e-09,0.0
1778742386978040365,-0.0026529999998543808,-5.5735721195607586e-09,-3.388189738617467e-05
1778742387010598160,-0.00265999999985336,-5.454985478715096e-09,0.0
1778742387027263855,-0.002666999999852339,-5.336398837869434e-09,-3.388189738617467e-05
1778742387043932986,-0.0026739999998513183,-5.2178121970237716e-09,0.0
1778742387044617911,-0.0026739999998513183,-5.2178121970237716e-09,0.0
1778742387060972092,-0.0026809999998503595,-5.099225556176002e-09,-3.38818973864756e-05
1778742387078413584,-0.0026879999998493387,-4.980638915328233e-09,-3.009270892369298e-16
1778742387094628129,-0.002694999999848318,-4.862052274480464e-09,-3.38818973864756e-05
1778742387127307065,-0.002701999999847359,-4.743465633632695e-09,0.0
1778742387128013782,-0.0027089999998463382,-4.6248789927870326e-09,-3.388189738617467e-05
1778742387144348346,-0.0027159999998453174,-4.50629235194137e-09,0.0
1778742387177581087,-0.0027229999998442966,-4.387705711095708e-09,-3.388189738617467e-05
1778742387178244661,-0.0027299999998432758,-4.2691190702500456e-09,0.0
1778742387210633955,-0.0027299999998432758,-4.2691190702500456e-09,0.0
1778742387227057278,-0.002736999999842317,-4.150532429402276e-09,-3.38818973864756e-05
1778742387244038804,-0.0027509999998342484,-3.6761858660834804e-09,-3.38818973864756e-05
1778742387260594509,-0.0027509999998342484,-3.6761858660834804e-09,-3.38818973864756e-05
1778742387277355756,-0.0027579999998332896,-3.5575992252357113e-09,0.0
1778742387294002705,-0.002764999999832269,-3.4390125843900485e-09,-3.388189738617467e-05
1778742387294732135,-0.002771999999831248,-3.3204259435443858e-09,0.0
1778742387327370563,-0.002778999999830289,-3.2018393026966166e-09,-3.38818973864756e-05
1778742387343913564,-0.0027859999998292684,-3.0832526618488475e-09,-3.009270892369298e-16
1778742387360625387,-0.0027859999998292684,-3.0832526618488475e-09,-3.009270892369298e-16
1778742387361226662,-0.0027929999998282475,-2.9646660210010783e-09,-3.38818973864756e-05
1778742387393814034,-0.0027999999998272887,-2.846079380153309e-09,0.0
1778742387394462319,-0.002813999999827256,-2.846079380153309e-09,0.0
1778742387410754472,-0.002820999999826235,-2.7274927393076464e-09,-3.388189738617467e-05
1778742387444020156,-0.002820999999826235,-2.7274927393076464e-09,-3.388189738617467e-05
1778742387460731908,-0.0028279999998252143,-2.6089060984619836e-09,0.0
1778742387477182433,-0.0028349999998242554,-2.4903194576142145e-09,-3.38818973864756e-05
1778742387493759348,-0.0028419999998232346,-2.3717328167664453e-09,-3.009270892369298e-16
1778742387510629452,-0.002848999999822214,-2.253146175918676e-09,-3.38818973864756e-05
1778742387511325789,-0.002855999999821255,-2.134559535070907e-09,0.0
1778742387527498665,-0.002862999999820234,-2.0159728942252442e-09,-3.388189738617467e-05
1778742387544243771,-0.0028699999998192133,-1.8973862533795815e-09,0.0
1778742387561011189,-0.0028769999998181925,-1.7787996125339187e-09,-3.388189738617467e-05
1778742387577548689,-0.0028769999998181925,-1.7787996125339187e-09,-3.388189738617467e-05
1778742387610450330,-0.0028839999998171717,-1.660212971688256e-09,0.0
1778742387610873035,-0.002890999999816213,-1.5416263308404868e-09,-3.38818973864756e-05
1778742387627462224,-0.002897999999815192,-1.4230396899927177e-09,-3.009270892369298e-16
1778742387660644869,-0.0029049999998141712,-1.3044530491449485e-09,-3.38818973864756e-05
1778742387677256311,-0.0029049999998141712,-1.3044530491449485e-09,-3.38818973864756e-05
1778742387694259588,-0.0029119999998132124,-1.1858664082971793e-09,0.0
1778742387710662663,-0.0029189999998121916,-1.0672797674515166e-09,-3.388189738617467e-05
1778742387727423248,-0.002925999999811171,-9.486931266058538e-10,0.0
1778742387743858143,-0.00293299999981015,-8.301064857601912e-10,-3.388189738617467e-05
1778742387760574043,-0.002939999999809129,-7.115198449145285e-10,0.0
1778742387761297602,-0.0029469999998081703,-5.929332040667594e-10,-3.38818973864756e-05
1778742387777732016,-0.0029539999998071495,-4.743465632189902e-10,-3.009270892369298e-16
1778742387810787900,-0.0029609999998061287,-3.5575992237122104e-10,-3.38818973864756e-05
1778742387811236144,-0.00296799999980517,-2.371732815234519e-10,0.0
1778742387843749635,-0.002974999999804149,-1.185866406777892e-10,-3.388189738617467e-05
1778742387844144387,-0.0029819999998031282,1.6787346188428132e-19,0.0
1778742387860839006,-0.0029889999998021074,1.1858664101353613e-10,-3.388189738617467e-05
1778742387877542754,-0.0029889999998021074,1.1858664101353613e-10,-3.388189738617467e-05
1778742387910446768,-0.0029959999998010866,2.371732818591988e-10,0.0
1778742387927509560,-0.003002999999800128,3.5575992270696797e-10,-3.38818973864756e-05
1778742387943784981,-0.003009999999799107,4.743465635547371e-10,-3.009270892369298e-16
1778742387944235820,-0.003016999999798086,5.929332044025063e-10,-3.38818973864756e-05
1778742387977293978,-0.0030239999997971273,7.115198452502755e-10,0.0
1778742387993947109,-0.0030309999997961065,8.301064860959381e-10,-3.388189738617467e-05
1778742388010397984,-0.0030379999997950857,9.486931269416009e-10,0.0
1778742388011062610,-0.0030379999997950857,9.486931269416009e-10,0.0
1778742388043884358,-0.003044999999794127,1.06727976778937e-09,-3.38818973864756e-05
1778742388060705679,-0.0030589999997860584,1.541626331108166e-09,-3.38818973864756e-05
1778742388077054691,-0.0030589999997860584,1.541626331108166e-09,-3.38818973864756e-05
1778742388094291013,-0.0030659999997850996,1.6602129719559351e-09,0.0
1778742388110476282,-0.0030729999997840787,1.7787996128015979e-09,-3.388189738617467e-05
1778742388127447949,-0.003079999999783058,1.8973862536472604e-09,0.0
1778742388144079599,-0.003086999999782037,2.015972894492923e-09,-3.388189738617467e-05
1778742388160687093,-0.003086999999782037,2.015972894492923e-09,-3.388189738617467e-05
1778742388177240944,-0.0031009999997740306,2.490319457811719e-09,-3.38818973864756e-05
1778742388194050513,-0.0031009999997740306,2.490319457811719e-09,-3.38818973864756e-05
1778742388210974410,-0.00310799999977301,2.6089060986594883e-09,-3.009270892369298e-16
1778742388211690454,-0.003114999999771989,2.7274927395072575e-09,-3.38818973864756e-05
1778742388243918801,-0.00312199999977103,2.8460793803550266e-09,0.0
1778742388244497394,-0.0031289999997700093,2.9646660212006894e-09,-3.388189738617467e-05
1778742388260703883,-0.0031359999997689885,3.083252662046352e-09,0.0
1778742388277367975,-0.0031429999997679677,3.201839302892015e-09,-3.388189738617467e-05
1778742388310645451,-0.003149999999766947,3.3204259437376776e-09,0.0
1778742388327603132,-0.003156999999765988,3.4390125845854468e-09,-3.38818973864756e-05
1778742388344153627,-0.0031639999997649672,3.557599225433216e-09,-3.009270892369298e-16
1778742388360473162,-0.0031709999997639464,3.676185866280985e-09,-3.38818973864756e-05
1778742388377148976,-0.0031779999997629876,3.794772507128755e-09,0.0
1778742388393837785,-0.0031849999997619668,3.913359147974417e-09,-3.388189738617467e-05
1778742388410472641,-0.0031849999997619668,3.913359147974417e-09,-3.388189738617467e-05
1778742388427106364,-0.003191999999760946,4.031945788820079e-09,0.0
1778742388443736962,-0.003198999999759925,4.150532429665742e-09,-3.388189738617467e-05
1778742388444514934,-0.0032059999997589043,4.269119070511404e-09,0.0
1778742388477808782,-0.0032129999997579455,4.387705711359173e-09,-3.38818973864756e-05
1778742388478529475,-0.0032199999997569247,4.506292352206942e-09,-3.009270892369298e-16
1778742388494092829,-0.003226999999755904,4.6248789930547115e-09,-3.38818973864756e-05
1778742388510849227,-0.003233999999754945,4.743465633902481e-09,0.0
1778742388527590145,-0.0032409999997539242,4.862052274748143e-09,-3.388189738617467e-05
1778742388544364627,-0.0032479999997529034,4.980638915593805e-09,0.0
1778742388577730952,-0.0032479999997529034,4.980638915593805e-09,0.0
1778742388594349026,-0.0032549999997518826,5.099225556439468e-09,-3.388189738617467e-05
1778742388595029022,-0.0032619999997508618,5.21781219728513e-09,0.0
1778742388611187019,-0.003268999999749903,5.336398838132899e-09,-3.38818973864756e-05
1778742388627788160,-0.003275999999748882,5.454985478980668e-09,-3.009270892369298e-16
1778742388660591253,-0.0032829999997478613,5.5735721198284375e-09,-3.38818973864756e-05
1778742388677109126,-0.0032899999997469025,5.692158760676207e-09,0.0
1778742388677463080,-0.0032969999997458817,5.810745401521869e-09,-3.388189738617467e-05
1778742388694314379,-0.0032969999997458817,5.810745401521869e-09,-3.388189738617467e-05
1778742388711378673,-0.003310999999737813,6.285091964836452e-09,-3.388189738617467e-05
1778742388727513836,0.0025549999867939955,-3.9121732786642727e-07,-0.00010164569215882527
1778742388760660113,0.008385999945793955,-1.082696029054126e-06,-0.00013552758954530177
1778742388777716963,0.014223999781596813,-2.4673136346608833e-06,-0.00033881897386265107
1778742388778397710,0.02005499947953505,-4.344184367015588e-06,-0.00030493707647647703
1778742388794250295,0.025885999036901693,-6.616185761608285e-06,-0.0004743465634076522
1778742388827542910,0.031723998282935206,-9.583223387994452e-06,-0.0005421103581803029
1778742388844551027,0.037785997500039525,-1.2664104184697581e-05,-0.00047434656340765213
1778742388860555933,0.044281996869897935,-1.5525362562654742e-05,-0.0004065827686353038
1778742388877264409,0.050931996408035675,-1.8003823299081623e-05,-0.0003388189738626532
1778742388877950987,0.057651996095600636,-2.0053000421245896e-05,-0.00027105517909030696
1778742388910594025,0.064385995906203,-2.165012528526716e-05,-0.00020329138431765634
1778742388911230017,0.07111999580957144,-2.2790928764805966e-05,-0.00013552758954500578
1778742388943702840,0.07786099578538848,-2.3361923439824728e-05,-3.3881897386181e-05
1778742388944058848,0.08460899578538854,-2.3361923439824775e-05,3.3881897386167325e-05
1778742388961001170,0.09134299576992748,-2.2905602046177057e-05,0.00010164569215851775
1778742388993876530,0.09809099570795476,-2.199106187472812e-05,0.00016940948693117044
1778742388994288966,0.10483899556851617,-2.061925162280254e-05,0.00023717328170382317
1778742389010598301,0.1115729953211396,-1.8793966069161396e-05,0.00030493707647617367
1778742389043981860,0.11832099493381015,-1.6507615677282102e-05,0.00037270087124882635
1778742389060622527,0.12506899437605576,-1.37639952301232e-05,0.000440464666021479
1778742389077239468,0.13180999367088014,-1.0680624088850413e-05,0.00047434656340735305
1778742389094233148,0.1385509927412865,-7.140457262231507e-06,0.0005759922555661778
1778742389095012372,0.14529199155632053,-3.1434947665216973e-06,0.0006098741529523561
1778742389127350549,0.15203999015806124,1.2005707611177716e-06,0.0006776379477250089
1778742389127906158,0.15878098853199776,5.882726725395688e-06,0.0007115198451111872
1778742389144052753,0.1655289866573233,1.0912697217973697e-05,0.0007792836398838399
1778742389177293620,0.17226998452051548,1.628004660244449e-05,0.0008131655372700143
1778742389194078692,0.17901798209970649,2.1995922007991052e-05,0.0008809293320423647
1778742389194837949,0.18575897938250718,2.804846475719892e-05,0.0009148112294288433
1778742389210699110,0.19249997623968754,3.4557803048595464e-05,0.001016456921587668
1778742389243885803,0.19924097264029325,4.1523936852289175e-05,0.0010503388189738463
1778742389260422242,0.20598196880100392,4.8718468400267686e-05,0.001084220716360325
1778742389277114958,0.2127299645829866,5.626342326576925e-05,0.001151984511132371
1778742389277540408,0.21947095997758068,6.414314799599487e-05,0.0011858664085188497
1778742389310616802,0.22621195510132538,7.225127043589516e-05,0.001219748305905028
1778742389311050368,0.2329529499464823,8.058779057616231e-05,0.0012536302032915066
1778742389327774544,0.23970094435344583,8.927591983116783e-05,0.001321393998063855
1778742389344444416,0.24644193831640787,9.829763301406323e-05,0.0013552758954500333
1778742389377295430,0.2531899321191375,0.00010744303195688944,0.0013552758954500333
1778742389393979109,0.2599338116223841,0.00011681135074897395,0.0014230396902223815
1778742389410699077,0.2666748046335044,0.00012651825688128572,0.00145692158760856
1778742389411134416,0.27341579731186716,0.000136453560641466,0.0014908034849947342
1778742389443777053,0.28015678964973356,0.00014661726201810888,0.0015246853823809125
1778742389444165303,0.28690478145384396,0.00015713446976402942,0.0015924491771535656
1778742389477541758,0.29364577272379055,0.00016798336391900842,0.001626331074540044
1778742389493972775,0.3003937637997219,0.00017895784117217314,0.001626331074539744
1778742389494580904,0.30713475469821805,0.00019003513289537073,0.0016602129719262225
1778742389511033533,0.31387574521752526,0.00020134082217407125,0.0016940948693124009
1778742389527561114,0.3206237351430887,0.00021300120359295623,0.0017618586640850535
1778742389544426339,0.32737172466970293,0.0002248902197073254,0.0017618586640847534
1778742389577373486,0.33411271400501213,0.00023688110157361192,0.001795740561471232
1778742389578048392,0.3408537029301782,0.00024910038094191325,0.0018296224588574101
1778742389594629485,0.3475946914374627,0.0002615480577982012,0.0018635043562435843
1778742389627527970,0.3543356795191269,0.0002742241321281855,0.0018973862536297633
1778742389628142280,0.3610836673724789,0.0002870276868853849,0.0018973862536300636
1778742389660550250,0.3678246550207844,0.000299932158674516,0.0019312681510162417
1778742389661138721,0.3745726419910258,0.0003131929826659909,0.001999031945788589
1778742389693926214,0.38132062850809195,0.0003266824412518992,0.0019990319457885886
1778742389694750204,0.3880616148098901,0.0003402721053285321,0.0020329138431750674
1778742389727815045,0.3948026006473754,0.00035409016680348015,0.0020667957405609413
1778742389728559413,0.40154358601280926,0.00036813662566088034,0.0021006776379474197
1778742389744145341,0.40829157112387043,0.00038231198793612763,0.0021006776379474197
1778742389760958526,0.4150325560095144,0.00039658684415985697,0.0021345595353338977
1778742389777442014,0.4217735404076298,0.0004110900977335261,0.002168441432719772
1778742389794306808,0.42851452431047826,0.0004258217486404856,0.002202323330106251
1778742389810759997,0.4352625074384142,0.00044091164893913636,0.0022700871248786014
1778742389844301417,0.4420034898090304,0.00045632849174344993,0.0023039690222650794
1778742389845051306,0.4487514718989244,0.00047187566095091473,0.0023039690222647793
1778742389861060940,0.4554924537433194,0.0004875209010192987,0.0023378509196512577
1778742389893891214,0.4622334350537547,0.0005033945383337934,0.002371732817037436
1778742389894594925,0.46897441582249183,0.0005194965728761767,0.0024056147144239145
1778742389927203647,0.4757153960417922,0.0005358270046279623,0.002439496611809789
1778742389943943343,0.4824563757039173,0.0005523858335704033,0.0024733785091962677
1778742389960990114,0.4891973548011285,0.0005691730596844913,0.002507260406582445
1778742389977404780,0.49594533301385846,0.0005863206694968173,0.002575024201355098
1778742389993895241,0.5026933106417215,0.0006036969136046249,0.002575024201354798
1778742389994419770,0.5094342879977602,0.0006211693311169749,0.0026089060987412767
1778742390010713315,0.516175264757931,0.0006388701457223128,0.002642787996127455
1778742390044021961,0.5229162409144953,0.0006567993574003189,0.0026766698935139334
1778742390060569521,0.5296712151604328,0.0006754524193675712,0.002846079380445108
1778742390077248430,0.5363841914160353,0.0006933071587229273,0.0024733785091962837
1778742390094255906,0.5430201699903796,0.0007101701609035133,0.002608906098741285
1778742390095054608,0.5497261453555986,0.000728347098955334,0.002812197483058934
1778742390110847780,0.5564181176033017,0.0007476197731847278,0.0029477250726039337
1778742390143814004,0.5631520876707609,0.0007676978847716081,0.0030154888673762843
1778742390160641256,0.5698930566769117,0.0007881394628328325,0.003049370764762763
1778742390161042160,0.5766340249865939,0.0008088094377024296,0.003083252662148636
1778742390177316519,0.5833819929118672,0.0008296151937017697,0.003083252662148783
1778742390194265152,0.5901299601283287,0.0008506495836459343,0.003151016456921285
1778742390210971224,0.5968709263021736,0.0008720047487972299,0.003184898354307611
1778742390243888945,0.6036118917485958,0.0008935883106604104,0.003218780251693785
1778742390260908794,0.6103528564598566,0.0009154002692106984,0.00325266214908011
1778742390277214643,0.6170938204282177,0.0009374406244230545,0.0032865440464664364
1778742390293858125,0.6238277833063076,0.0009598003316420923,0.0033543078412389335
1778742390310672624,0.630561745422943,0.0009823881982874898,0.0033543078412387826
1778742390327191448,0.6373027071161735,0.001005113743333188,0.003388189738625108
1778742390327650834,0.6440436688094041,0.0010278392883788868,0.003354307841238934
1778742390360658857,0.6507846305026347,0.0010505648334245856,0.003388189738625108
1778742390377249769,0.6575255914220114,0.0010735187750295703,0.0034220716360112862
1778742390393836413,0.6642665515597957,0.0010967011131674913,0.0034559535333976116
1778742390410747665,0.6710075109082493,0.0011201118478117353,0.0034898354307837855
1778742390411473378,0.6777554698165091,0.0011436612094975081,0.0034898354307837855
1778742390427450590,0.6844964283678934,0.0011673003406212,0.0035237173281701113
1778742390461324784,0.6912373861144697,0.0011911678681972026,0.003557599225556285
1778742390477457252,0.6979853434114425,0.0012151744971311495,0.003557599225556285
1778742390493963764,0.7047263003454725,0.001239270421132063,0.00359148112294261
1778742390494569338,0.7114742568251817,0.00126350568364889,0.00359148112294261
1778742390510669354,0.7182152129389268,0.0012878300040470535,0.0036253630203289355
1778742390543851599,0.7249561682246485,0.0013123827208145426,0.0036592449177151095
1778742390544279915,0.7317041230465914,0.0013370752504134008,0.0036592449177151095
1778742390560653944,0.7384450774965512,0.0013618563635220291,0.003693126815101435
1778742390577391345,0.7451930314779911,0.001386777526619515,0.003693126815101435
1778742390594283592,0.7519339850844505,0.0014117870360408344,0.0037270087124876084
1778742390611148927,0.75867493869091,0.0014367965454621533,0.0036931268151012835
1778742390627665106,0.7654158922973694,0.001461806054883472,0.0037270087124876084
1778742390660588157,0.7721638454305597,0.0014869558514509756,0.0037270087124876084
1778742390661220733,0.7789047981857803,0.0015121937571562756,0.0037608906098739337
1778742390677590704,0.7856527504629744,0.001537572187164926,0.0037608906098739333
1778742390694005831,0.7923937023592177,0.001563038489125234,0.0037947725072601064
1778742390727570544,0.7991346542554608,0.0015885047910855412,0.003760890609873781
1778742390744028653,0.805875606151704,0.0016139710930458484,0.0037947725072601055
1778742390760573929,0.8126235575651555,0.0016395781564665108,0.003794772507260105
1778742390761260537,0.8193645085946828,0.0016652728546525913,0.0038286544046462795
1778742390777585803,0.8261124591366452,0.0016911085514558694,0.0038286544046464265
1778742390810664450,0.8328534092917181,0.0017170316458382264,0.003862536302032601
1778742390811391766,0.8395943585645982,0.0017431831363871,0.003896418199418926
1778742390844485332,0.8463423073403427,0.0017694760998663713,0.003896418199418926
1778742390845328960,0.8530832557232914,0.00179585598655174,0.0039303000968051
1778742390861199860,0.8598242032085701,0.0018224642693433204,0.003964181994191425
1778742390877663900,0.8665651497884406,0.0018493009482105666,0.003998063891577675
1778742390894448822,0.8733130958567592,0.0018762798114767918,0.003998063891577675
1778742390927215736,0.8800610419250778,0.001903258674743017,0.003998063891577675
1778742390927988849,0.8868019875918015,0.0019303237496551208,0.004031945788963924
1778742390944219785,0.8935429323376398,0.0019576172205810123,0.004065827686350175
1778742390977438329,0.9002908765622752,0.001985053350217454,0.004065827686350101
1778742390978133965,0.9070318203794897,0.0020125752171258,0.004099709583736426
1778742391010545211,0.9137727632603418,0.0020403254799850066,0.004133591481122676
1778742391027264768,0.920520705610308,0.002068218875865681,0.004133591481122676
1778742391043959618,0.9272616475470593,0.002096197534643891,0.004167473378508926
1778742391044687625,0.9340025885319714,0.0021244045893089856,0.004201355275895176
1778742391060933039,0.9407435285573057,0.002152840039828583,0.004235237173281426
1778742391094386591,0.9474914680371689,0.002181419334834791,0.004235237173281426
1778742391110634850,0.9542324070951869,0.0022100831811762483,0.004269119070667677
1778742391111305768,0.9609733451781501,0.0022389754233066604,0.004303000968054002
1778742391127537626,0.9677212827058789,0.0022680119842329524,0.004303000968054003
1778742391160572080,0.9744692192459206,0.002297277178069417,0.004370764762826507
1778742391161251013,0.9812101543572888,0.0023268546073666363,0.004404646660212683
1778742391177579776,0.9879510884626482,0.002356660432318565,0.004438528557598934
1778742391211034881,0.9946990219931497,0.0023866115246829224,0.004438528557598935
1778742391211844123,1.0014399550847621,0.0024166457452553447,0.004472410454985222
1778742391243989963,1.0081808881763745,0.002446679965827767,0.004438528557598973
1778742391260640418,1.014921821267987,0.002476714186400189,0.004472410454985223
1778742391261366382,1.0216627533381137,0.002506976802558626,0.0045062923523714726
1778742391277708560,1.0284106848235226,0.0025373851604367664,0.0045062923523714726
1778742391310962642,1.0351516158644252,0.002567876172146477,0.0045401742497577224
1778742391327610953,1.0418925458683652,0.0025985955793724575,0.004574056147143972
1778742391343906643,1.048486482883947,0.0026274163104551183,0.004167473378508936
1778742391360873271,1.0553184235555109,0.002655888406160484,0.004167473378508974
1778742391361546934,1.061975367148128,0.0026832928713516634,0.004065827686350187
1778742391393926099,1.0686813089138636,0.0027112398669313156,0.004269119070667703
1778742391394644117,1.0753102451033398,0.0027403258747656528,0.004506292352371487
1778742391410860135,1.0821211775001611,0.0027706719771716415,0.0044046466602127195
1778742391427659805,1.0888551161354079,0.002799420137668985,0.0041335914811226815
1778742391444422935,1.0955820600693051,0.002826884845975237,0.0040319457889639145
1778742391461428036,1.1023230048151433,0.002854178316901128,0.004065827686350174
1778742391477691314,1.1090569491554954,0.002881557525106789,0.004065827686350174
1778742391494216280,1.1158048933801308,0.0029089936547432313,0.004065827686350174
1778742391527478938,1.122545838125969,0.0029362871256691228,0.004031945788963923
1778742391543929283,1.1292937832763192,0.0029634946221360732,0.004031945788963921
1778742391544711403,1.1360347289430428,0.0029905596970481773,0.003998063891577671
1778742391560975913,1.1427826750113614,0.0030175385603144027,0.003998063891577672
1778742391577715308,1.1495166211915715,0.0030444614508352624,0.003998063891577672
1778742391610766804,1.1562645672598901,0.003071440314101488,0.003998063891577677
1778742391627301178,1.1630055138397606,0.0030982769929687338,0.0039641819941914165
1778742391644005577,1.1697534608183011,0.0031250272230032624,0.0039641819941914165
1778742391660698884,1.17649440830358,0.003151635505794843,0.003930300096805167
1778742391677402250,1.1832353566865286,0.0031780153924802117,0.003896418199418898
1778742391693959077,1.189983305462273,0.003204308355959483,0.003896418199418917
1778742391694667637,1.196724254735153,0.0032304598465083567,0.003862536302032649
1778742391711222611,1.2034722043978798,0.0032565241766645925,0.003862536302032668
1778742391744018369,1.2102131545529529,0.0032824472710469496,0.003828654404646399
1778742391760619000,1.2169611050949152,0.003308282967850228,0.003828654404646399
1778742391777242765,1.2237020561244425,0.003333977666036309,0.0037947725072601485
1778742391777966864,1.2304430080206856,0.003359443967996617,0.0037608906098738986
1778742391810611876,1.23719096029788,0.003384822398005267,0.003760890609873898
1778742391811310918,1.2439249126740841,0.003410148175669501,0.0037608906098738977
1778742391844303882,1.2506728649512784,0.0034355266056781512,0.0037608906098738973
1778742391845069210,1.2574138177064988,0.0034607645113834515,0.003727008712487647
1778742391861045611,1.264161770839689,0.003485914307950955,0.003727008712487647
1778742391877576048,1.2709027244461486,0.0035109238173722745,0.00369312681510136
1778742391894198891,1.2776436788961085,0.0035357049304809026,0.00365924491771511
1778742391910960508,1.2843916337180514,0.003560397460079761,0.00365924491771511
1778742391927932968,1.291132589003773,0.00358495017684725,0.00362536302032886
1778742391944381649,1.2978805446584725,0.0036094140729191347,0.00362536302032886
1778742391961315685,1.3046215007722175,0.003633738393317298,0.003591481122942684
1778742391977543875,1.3113694572519268,0.0036579736558341254,0.003591481122942684
1778742391994180204,1.3181104141859568,0.0036820695798350394,0.0035575992255563586
1778742392010919659,1.3248583714829294,0.003706076208768987,0.0035575992255563586
1778742392043917222,1.3315923288684977,0.003730033031418839,0.0035575992255563586
1778742392044611475,1.3383402861654703,0.0037540396603527866,0.0035575992255563586
1778742392077549254,1.3450812439120465,0.0037779071879287893,0.003523717328170109
1778742392078152885,1.3518222016586228,0.003801774715504792,0.0035575992255563586
1778742392110767027,1.3585701589555954,0.0038257813444387396,0.0035575992255563586
1778742392111470217,1.3653111158896254,0.0038498772684396536,0.003591481122942684
1778742392144154583,1.3720520728236554,0.003873973192440568,0.003557599225556434
1778742392144885756,1.378800030120628,0.0038979798213745155,0.0035575992255563607
1778742392160812373,1.385540987054658,0.0039220757453754295,0.0035914811229426106
1778742392194335377,1.3922889435343673,0.003946311007892256,0.0035914811229426106
1778742392195019099,1.3990298996481123,0.003970635328290419,0.0036253630203288605
1778742392227466013,1.4057778553028117,0.003995099224362304,0.0036253630203288605
1778742392243987132,1.4125118110495138,0.004019512365463085,0.0036253630203288605
1778742392244628003,1.4192527663352354,0.004044065082230574,0.0036592449177151125
1778742392278035969,1.4260007211571784,0.004068757611829433,0.0036592449177151125
1778742392278716565,1.4327416756071383,0.004093538724938061,0.0036931268151012865
1778742392310549550,1.4394826292135976,0.00411854823435938,0.0037270087124876114
1778742392311259112,1.446237581870698,0.004143838555237484,0.003760890609873939
1778742392344175851,1.4529785337669412,0.004169304857197792,0.0037947725072602634
1778742392360562443,1.4597194847964685,0.004194999555383874,0.003828654404646438
1778742392361191272,1.4664674353384308,0.004220835252187153,0.003828654404646438
1778742392393820603,1.4732083854935036,0.004246758346569511,0.0038625363020327636
1778742392394437919,1.4799493347663837,0.004272909837118385,0.003896418199418937
1778742392410797260,1.4866972835421282,0.004299202800597656,0.00389641819941879
1778742392443771158,1.4934382319250767,0.0043255826872830245,0.003930300096805115
1778742392444316317,1.5001791794103556,0.0043521909700746046,0.003964181994191441
1778742392461262576,1.5069271263888961,0.004378941200109133,0.003964181994191441
1778742392477900347,1.5136680729687666,0.004405777878976379,0.003998063891577615
1778742392494099152,1.5204090186354902,0.004432842953888483,0.00403194578896394
1778742392510773403,1.5271569637858404,0.004460050450355434,0.00403194578896394
1778742392543806674,1.5338979085316788,0.004487343921281325,0.004065827686350115
1778742392560840190,1.5406388523488932,0.004514865788189671,0.00409970958373644
1778742392577240168,1.5473867956400673,0.004542530550964109,0.00409970958373644
1778742392577903031,1.5541277385209193,0.0045702808138233155,0.004133591481122766
1778742392610636922,1.5608756808708855,0.00459817420970399,0.004133591481122766
1778742392611062292,1.567616622807637,0.004626152868482201,0.00416747337850894
1778742392643750977,1.5743505643302231,0.004654216552978678,0.00416747337850894
1778742392644112616,1.5810985057312348,0.004682338581933568,0.00416747337850894
1778742392677102424,1.587839446716147,0.004710545636598662,0.004201355275895114
1778742392677450056,1.5945873871604577,0.004738896298595483,0.004201355275895114
1778742392710956238,1.6013283271857919,0.00476733174911508,0.00423523717328144
1778742392727594120,1.6080762666656552,0.004795911044121288,0.00423523717328144
1778742392728383614,1.6148172057236732,0.004824574890462746,0.004269119070667766
1778742392760883750,1.6215581438066364,0.004853467132593158,0.00430300096805394
1778742392777220427,1.6282990818895997,0.004882359374723569,0.004269119070667616
1778742392793825176,1.635040019972563,0.00491125161685398,0.004303000968053941
1778742392794298978,1.6417809580555263,0.0049401438589843924,0.004269119070667768
1778742392827698437,1.6485218961384895,0.0049690361011148045,0.004303000968053942
1778742392828370638,1.6552628332386596,0.004998156739001003,0.004336882865440267
1778742392844554775,1.6620107697787012,0.005027421932837468,0.004336882865440267
1778742392877104285,1.6687447064504026,0.005056626410504147,0.004336882865440267
1778742392877512122,1.6754926429904442,0.005085891604340612,0.004336882865440267
1778742392910628942,1.6822335791000826,0.005115240637949167,0.004370764762826442
1778742392927533642,1.6889815146446907,0.005144734464662208,0.004370764762826442
1778742392943914123,1.6957154503230236,0.005174167100863396,0.004370764762826442
1778742392960595618,1.702456385434392,0.005203744530160616,0.004404646660212769
1778742392977565141,1.70919732054576,0.005233321959457835,0.00437076476282659
1778742392993759047,1.715938255657128,0.005262899388755054,0.0044046466602124645
1778742392994211259,1.7226861901985562,0.005292621848310813,0.004404646660212765
1778742393010725364,1.7294271243039157,0.005322427673262742,0.004438528557598944
1778742393044030744,1.7361750578344173,0.0053523787656270996,0.004438528557598945
1778742393044802013,1.7429089915028222,0.00538226771879568,0.004438528557598946
1778742393077362764,1.7496569250333236,0.005412218811160037,0.004438528557598947
1778742393093985988,1.756397858124936,0.005442253031732459,0.004472410454985121
1778742393094631097,1.7631457906367642,0.0054724327568710296,0.004472410454985121
1778742393111120866,1.7698797232886097,0.0055025498684719695,0.004472410454985426
1778742393144010233,1.776613655940455,0.00553266698007291,0.004472410454985426
1778742393144684728,1.7833615884522835,0.005562846705211483,0.0044724104549851255
1778742393177509482,1.790095521104129,0.0055929638168124235,0.00447241045498543
1778742393193927475,1.7968434536159574,0.005623143541950996,0.00447241045498513
1778742393194678877,1.8035773862678028,0.005653260653551935,0.00447241045498513
1778742393210910915,1.8103253187796313,0.0056834403786905074,0.00447241045498543
1778742393244192048,1.8170662508497581,0.005713702994848945,0.004506292352371304
1778742393260609029,1.823814182335167,0.005744111352727085,0.004506292352371604
1778742393277497608,1.8305551133760696,0.005774602364436796,0.004540174249757783
1778742393294157242,1.8372960433800096,0.005805321771662778,0.004574056147144262
1778742393310675184,1.8440369723392487,0.005836269574369765,0.004607938044530136
1778742393327363632,1.8507849006989197,0.005867363830256112,0.004607938044530436
1778742393328091690,1.8575258286057192,0.005898540028408576,0.004641819941916616
1778742393344324439,1.8642667554523409,0.005929944621970728,0.00467570183930279
1778742393377404700,1.871014681689454,0.005961496143017837,0.00467570183930279
1778742393378050530,1.8777626068536684,0.005993276296591129,0.004743465634075442
1778742393394470437,1.884503530473325,0.006025366076164983,0.004777347531461316
1778742393427308346,1.89124445300185,0.006057684251002744,0.004811229428847795
1778742393428019140,1.8979853744315045,0.00609023082106731,0.004845111326233976
1778742393460595982,1.9047262947545505,0.0061230057863213205,0.004878993223620453
1778742393477286443,1.9114742133186964,0.006156157734276372,0.0049467570183928024
1778742393494210690,1.9182221307557183,0.006189538314496712,0.0049467570183928024
1778742393494900876,1.924963047712507,0.0062229984650922525,0.004980638915778982
1778742393510911071,1.9317039635317332,0.006256687010725163,0.005014520813165461
1778742393543902503,1.9384518775409036,0.006290753487510398,0.005082284607938113
1778742393544579533,1.9451927899010113,0.006325127218022326,0.005116166505323988
1778742393560912774,1.9519267005982726,0.006359807490661566,0.005183930300096639
1778742393577584820,1.9586676094296154,0.006394866405697366,0.005217812197482817
1778742393594667069,1.9654155175707704,0.006430076042638434,0.005217812197482817
1778742393627426238,1.9721564252103816,0.00646536335243538,0.0052516940948689915
1778742393643990198,1.9788973316505225,0.0065008790569529625,0.00528557599225517
1778742393644569743,1.9856382368834546,0.006536623156150411,0.005319457889641649
1778742393677534493,1.9923791409014397,0.006572595649986693,0.005353339787027827
1778742393678228676,1.9991270442087459,0.006608719814326443,0.005353339787027826
1778742393694220587,2.005860946491378,0.006644997189674076,0.0054211035818001775
1778742393710918292,2.012601846818091,0.0066816548671780294,0.0054549854791866555
1778742393727699647,2.0193456324901655,0.006718442484989414,0.0054549854791866555
1778742393760786560,2.026093530839679,0.006755481176064328,0.005522749273959308
1778742393777425173,2.0328134283573873,0.006792593862523809,0.005522749273959308
1778742393778135898,2.0395543249231824,0.006829936723316695,0.005556631171345487
1778742393794333220,2.046295220219861,0.006867507978453836,0.005590513068731662
1778742393811263488,2.0530431147696917,0.006905232564134583,0.005590513068731662
1778742393844267554,2.059784008789516,0.006943032213572849,0.00562439496611814
1778742393860716746,2.066524901524747,0.006981060257268845,0.005658276863504013
1778742393877745983,2.0732727935027238,0.007019242105804049,0.0056582768635043135
1778742393878479190,2.0800136849456234,0.007057498543714121,0.005692158760890493
1778742393894312709,2.0867545750884533,0.0070959833757943515,0.005726040658276972
1778742393910931795,2.093495465231283,0.007134468207874582,0.005692158760890493
1778742393943904511,2.100236355374113,0.007172953039954811,0.005726040658276672
1778742393960625891,2.10698424474925,0.007211592151169144,0.005726040658276672
1778742393961271902,2.1137251335842713,0.007250305377375351,0.005759922555662851
1778742393977847054,2.1204730216463683,0.007289173119862843,0.005759922555663151
1778742394010991898,2.127213909165843,0.007328114740150586,0.005793804453049027
1778742394027279612,2.1339547953620324,0.007367284754475159,0.005827686350435505
1778742394027976100,2.140695680227198,0.007406683162791598,0.0058615682478216835
1778742394044298390,2.1475554737375178,0.007459909056622475,0.009656340755081969
1778742394077495002,2.154345009854505,0.007539277287854195,0.013722168441432557
1778742394094258142,2.1610361541257546,0.007646292900387438,0.018262342691190495
1778742394110568770,2.16768470577832,0.007785076628420961,0.023480154888673433
1778742394111312628,2.1743953465751122,0.007963034759530415,0.029545014520813144
1778742394127795404,2.181132725038885,0.0081839701254022,0.03601645692158755
1778742394160934857,2.18788247687565,0.00845019398248546,0.04282671829622431
1778742394177226189,2.194637225172699,0.008763274552817928,0.04980638915779284
1778742394194154133,2.2013965832499194,0.009124438482236081,0.056955469506292246
1778742394210565853,2.2081601668619673,0.009534453997597942,0.06413843175217783
1778742394211209380,2.214927591501681,0.00999385877096878,0.07142303969022223
1778742394227817404,2.221684501132489,0.010502138458828816,0.07874152952565343
1778742394260846107,2.228444476796418,0.01106054514135175,0.08609390125847018
1778742394277619386,2.235207105039351,0.011669609380891621,0.09354791868344606
1778742394293907461,2.241958027406974,0.012328499497928455,0.10103581800580841
1778742394294606613,2.248703802820804,0.013038149458236871,0.1085914811229428
1778742394327270661,2.2554300607039686,0.01379763342065379,0.11628267182962251
1778742394343917710,2.262150223380779,0.014609282727439209,0.12410939012584692
1778742394344500420,2.2688707557998673,0.015474511023313233,0.13196999031945783
1778742394360818423,2.2755772973731516,0.016391931933152065,0.1399322362052272
1778742394394161183,2.28226240076897,0.01736116750163745,0.1480300096805419
1778742394394914849,2.2889463035538835,0.018385905303137558,0.15622942884801513
1778742394427101097,2.295621506331646,0.01946586450410225,0.16456437560503367
1778742394427518191,2.3022805561367607,0.02060036029210744,0.17293320425943853
1778742394444258318,2.3089160169839236,0.02178852709259076,0.1814375605033879
1778742394460745833,2.315527289905121,0.023030943834848435,0.19007744433688295
1778742394494022227,2.322141274042256,0.02433336267444298,0.19878509196515
1778742394494725617,2.32872307540426,0.025689198516689653,0.20752662149080342
1778742394527702561,2.335306412249074,0.027105684304726704,0.21633591481122938
1778742394528421331,2.341870160470547,0.028578687456491027,0.2251790900290416
1778742394544219843,2.3484205743136313,0.030109898573331073,0.23409002904162615
1778742394560824451,2.3549570837428693,0.03169941846357584,0.24300096805421095
1778742394577540351,2.3614723550756986,0.03334551671690447,0.2519457889641817
1778742394594235753,2.367972584160714,0.035050046517852575,0.2609583736689252
1778742394610836864,2.374443558414012,0.03680985565896864,0.2701064859632137
1778742394644249729,2.3808914563888597,0.03862677962709546,0.27922071636011603
1778742394660790485,2.3873089600085877,0.04049891004209864,0.28847047434656314
1778742394677318728,2.393708741695131,0.04243075355661651,0.29785575992255536
1778742394678004925,2.400083462534096,0.04442038121657251,0.30720716360116157
1778742394694099462,2.4064459266547593,0.046471789345948984,0.3165924491771538
1778742394710886808,2.412788643184754,0.04858346451512942,0.32618102613746364
1778742394727641442,2.419104163644387,0.05075369153642358,0.33580348499515966
1778742394760960207,2.4253721930066945,0.05297502174898785,0.34535818005808305
1778742394761666994,2.4316448583423074,0.055266168533329565,0.3550484027105517
1778742394793946589,2.4378752540228747,0.05761091130462991,0.36484027105517897
1778742394810636029,2.4440694193875845,0.0600112788670318,0.37456437560503375
1778742394827395822,2.450252788026542,0.06247736914817642,0.3844240077444336
1778742394828076219,2.4564050229227057,0.065001751405765,0.3943175217812196
1778742394860589028,2.462531982122097,0.06758687634839282,0.40421103581800566
1778742394861258624,2.4686328866220233,0.07023290436842189,0.4142400774443367
1778742394894087977,2.4747005996875573,0.07293703216761095,0.4242352371732815
1778742394894795134,2.480747300035588,0.07570468729445173,0.4342642787996125
1778742394927256966,2.486753173383694,0.07852709430381692,0.4443610842207162
1778742394943880410,2.4927301461067515,0.08141019906567099,0.4545256534365924
1778742394960593405,2.4986776047883623,0.08435370568712273,0.4646224588576959
1778742394961225549,2.504594939041153,0.08735731207624127,0.4747870280735719
1778742394977577857,2.510475176539116,0.09041777739503677,0.4849854791868342
1778742395010857086,2.5163238967777786,0.09353805183326402,0.49518393030009655
1778742395011544707,2.522140383706742,0.09671800793440655,0.5054501452081314
1778742395043953247,2.5279239185843094,0.09995750871692867,0.5157163601161662
1778742395060612159,2.5336678759050604,0.10325263212848562,0.5259486931268147
1778742395077300196,2.5393777026849262,0.10660654956097088,0.536248789932236
1778742395077999950,2.5450526815206165,0.11001909981180534,0.5465488867376569
1778742395110729562,2.550692210347632,0.11348992083992838,0.5568489835430781
1778742395127486009,2.556295690862403,0.11701864442227113,0.5671490803484991
1778742395128270524,2.561862407073553,0.12060508480578748,0.5775169409486929
1778742395160652645,2.567380074537098,0.12424115545440569,0.5878170377541138
1778742395177263515,2.57287148271892,0.1279418743278968,0.5981848983543073
1778742395193961411,2.578336011058244,0.1317069010248445,0.608417231364956
1778742395194653229,2.583744494479128,0.1355156451861157,0.6186834462729908
1778742395227358816,2.5891193393036027,0.1393837102208352,0.6289157792836394
1778742395228110518,2.5944652035421467,0.1433154059800534,0.6393514036786055
1778742395244485739,2.5997588263282387,0.14729390340980825,0.6496515004840268
1778742395260859728,2.6050057061922867,0.15132236176161593,0.6599177153920616
1778742395294181068,2.610194497608802,0.15539142549125884,0.6701500484027102
1778742395294828211,2.61535244962497,0.1595219454341853,0.6803146176185862
1778742395327327044,2.620500238119759,0.16373178790308107,0.6906824782187799
1778742395344134760,2.625609403858951,0.16799934861729052,0.7010842207163596
1778742395344812471,2.630642387616074,0.17229205167020933,0.7112826718296219
1778742395377517046,2.6356157136162066,0.17662181661722462,0.7213794772507255
1778742395378269419,2.640601805763147,0.1810536476273396,0.7318489835430778
1778742395410687107,2.6455110339525243,0.18550820928755102,0.7419119070667952
1778742395411321496,2.650232554203086,0.18987750391294925,0.7514327202323324
1778742395427912498,2.6550432740579786,0.19441790031389733,0.7615634075508223
1778742395460544284,2.6598027863847857,0.19900186218230018,0.771660212971926
1778742395461299463,2.6645306725201388,0.2036484451947014,0.7817909002904159
1778742395493885963,2.6692112437697277,0.20834268568465528,0.7919215876089056
1778742395510929027,2.6738340753454026,0.21307424496495006,0.8021200387221681
1778742395527384882,2.6784131723077342,0.21785783723536406,0.8123523717328166
1778742395528099493,2.6829477896739613,0.22269321584948637,0.8226185866408514
1778742395544353203,2.6874278747950933,0.22756966141028306,0.8328509196515002
1778742395561067700,2.6918576620699097,0.23249184270518422,0.8431510164569214
1778742395577543433,2.6962365163169433,0.23745938933136065,0.8534511132623424
1778742395610854403,2.7005639729789217,0.24247177427654376,0.8637512100677636
1778742395611558375,2.7048441783681936,0.24753373860135364,0.8740174249757984
1778742395644018404,2.709072018911051,0.2526395201619153,0.8843514036786057
1778742395660614205,2.7132510181339136,0.2577943685103453,0.8947870280735717
1778742395677364421,2.7173546784798783,0.2629647817206175,0.9050532429816066
1778742395678078131,2.7214176627545412,0.26819383926321955,0.9154211035818003
1778742395694263820,2.7222962669873985,0.2693372633324105,0.9158276863504352
1778742395710824936,2.7231445852855893,0.2704421638098087,0.9162003872216841
1778742395744194798,2.723812975134316,0.2713145490516136,0.9178606001936105
1778742395760548639,2.7243181091741984,0.2719769149638949,0.9206727976766695
1778742395761212323,2.7247408639247297,0.2725348382748467,0.9240609874152949
1778742395793977804,2.725115372046863,0.2730327063963973,0.9276863504356239
1778742395810691921,2.7253416538465496,0.273335494353771,0.9303291384317518
1778742395811320509,2.7254544995847385,0.27348710846713986,0.9315827686350431
1778742395827630075,2.7289624584701095,0.2782060728088726,0.9315150048402704
1778742395860619262,2.732464457222067,0.28291202231362583,0.9305663117134555
1778742395861310258,2.735992975079841,0.28765059021198636,0.930905130687318
1778742395877856104,2.7395202782234245,0.2923813336560198,0.9293126815101641
1778742395911070881,2.743068343180015,0.29713152060642645,0.9292110358180055
1778742395927563646,2.746609796151745,0.3018691714851876,0.9285672797676665
1778742395943979515,2.7502424643587067,0.30673090807802433,0.9296176185866403
1778742395944697653,2.7539894016347906,0.31176066404119923,0.9314472410454981
1778742395960914803,2.757788402247493,0.3168825507389585,0.9337850919651497
1778742395993984814,2.761612041122071,0.3220645759952475,0.9364278799612773
1778742395994608132,2.7654381832053487,0.32727952189703513,0.9392061955469501
1778742396027417737,2.7692578946374917,0.3325165180374916,0.9420522749273956
1778742396044026774,2.7730707252109874,0.3377758277847699,0.9449661181026132
1778742396060521462,2.776876578014551,0.3430574548482424,0.9478121974830584
1778742396077130820,2.7807048834035446,0.3484005257675363,0.9503533397870276
1778742396093972950,2.7845530136646395,0.3537982599675174,0.9525556631171341
1778742396110588880,2.7884099620457445,0.3592326730163654,0.9545885769603094
1778742396127607738,2.7922364811229237,0.3646457491059825,0.9563165537270083
1778742396128379308,2.7960817638700846,0.370105555384083,0.9580784123910935
1778742396144369485,2.799921534557736,0.37557779314081946,0.9598063891577926
1778742396160953735,2.80376005122834,0.38106800176795724,0.961466602129719
1778742396177486346,2.807585353217847,0.3865588968397167,0.9631606969990317
1778742396210889892,2.811409517526026,0.39206763565582065,0.9647870280735719
1778742396211607179,2.815220641952451,0.3975768943724092,0.9664472410454982
1778742396227500953,2.819030560194321,0.40310399958131055,0.9681074540174245
1778742396260998919,2.8228274274319074,0.4086315881314961,0.9697337850919648
1778742396277242600,2.826619160055607,0.4141711849318391,0.9713939980638912
1778742396277944677,2.830397840156988,0.41971122217823265,0.9730203291384311
1778742396294402897,2.8341753751950614,0.42526897613429515,0.9746466602129714
1778742396327233141,2.8379398468217545,0.4308271343159073,0.9763068731848977
1778742396327934578,2.8416990956882726,0.4363972732692533,0.977933204259438
1778742396360928413,2.845449280697198,0.44197351863677714,0.9795595353339781
1778742396361901458,2.849194572921288,0.44756148026479226,0.9810842207163596
1778742396377845898,2.852915409768276,0.4531321152517659,0.982744433688286
1778742396410694437,2.8566349391015127,0.4587204486830488,0.98433688286544
1778742396411371728,2.860353493053046,0.4643262390385239,0.9858615682478213
1778742396427506400,2.8640636857436435,0.4699375667957162,0.9873184898354304
1778742396460832680,2.8677619420367755,0.4755483867349327,0.988741529525653
1778742396461514098,2.8714598982271804,0.48117616391725304,0.9901645692158756
1778742396477631257,2.875146292409669,0.48680315484769837,0.9914859632139396
1778742396494225386,2.878825247903906,0.49243501204327994,0.9928073572120034
1778742396527406609,2.8825006743865322,0.49807752887274603,0.994094869312681
1778742396528134225,2.8861651155311088,0.5037188407855845,0.9953484995159723
1778742396560843689,2.8898263832170064,0.5093705551212708,0.9965682478218775
1778742396577382482,2.893477051510133,0.5150207896308784,0.9977541142303963
1778742396578058460,2.897124904554711,0.5206811716113778,0.9989060987415291
1778742396610579726,2.900766426432533,0.5263456287268784,0.9999903194578891
1778742396611216439,2.9043979297411964,0.532008199937836,1.0011084220716355
1778742396644171381,2.9080754496142593,0.5377742877435518,1.0050048402710547
1778742396660572070,2.911676555084405,0.5434728068838974,1.009443368828654
1778742396661238831,2.9152094773477795,0.5491232366269305,1.0145934172313644
1778742396694172873,2.918759248894993,0.5548703356310013,1.0203872216844139
1778742396710571719,2.922273904572068,0.5606389767596905,1.0267909002904159
1778742396727254817,2.9257542677854196,0.5664365379627437,1.0334995159728941
1778742396744131203,2.929201993856234,0.5722698355670688,1.0404791868344623
1778742396760662992,2.932605104850199,0.5781211769998307,1.0475605033881894
1778742396761388174,2.935969873062054,0.5840027168390641,1.054743465634075
1778742396794477963,2.9392954397723265,0.5899145435496103,1.0620280735721197
1778742396795048059,2.942577853287634,0.5958504386391927,1.0693126815101641
1778742396827247752,2.9458165355699566,0.6018103065969725,1.0767328170377537
1778742396827938017,2.9490109060721714,0.6077940417260186,1.0841529525653433
1778742396844101855,2.952160381835285,0.6138015280071148,1.0917086156824778
1778742396877240066,2.955260868085577,0.6198265724892534,1.099365924491771
1778742396894177459,2.9583116659420856,0.6258690879785777,1.107124878993223
1778742396910657349,2.9613182865531367,0.6319415181758877,1.1149854791868339
1778742396911288011,2.964270762493971,0.638024899621991,1.1229138431752173
1778742396927704220,2.9671776105726173,0.6441379672028108,1.1309438528557596
1778742396944097916,2.970013662312675,0.6502301926194969,1.1392787996127782
1778742396977263149,2.972819459403107,0.656390295190666,1.1475121006776376
1778742396993880241,2.975636178311439,0.6626837139429376,1.1524249757986442
1778742397010589969,2.978373764225256,0.66887443153983,1.1564569215876088
1778742397011244196,2.981040021102096,0.6749665226641238,1.1600484027105513
1778742397027818867,2.983671388894639,0.681035635329116,1.163334946757018
1778742397060630316,2.986266829581651,0.6870745107741143,1.1664181994191671
1778742397061269544,2.9888670385234684,0.69317226072462,1.1690271055179087
1778742397094108404,2.991466118340332,0.6993085201801493,1.1712633107454014
1778742397094760196,2.9940518859377643,0.7054504011568591,1.173363988383349
1778742397110850515,2.9966420091674166,0.7116360052223659,1.1751258470474344
1778742397127686464,2.9992128397102955,0.7178069091528936,1.1769893514036787
1778742397160709716,3.001772584771584,0.7239824196760172,1.1787173281703773
1778742397177233620,3.0043269932446157,0.7301752864074189,1.180445304937076
1778742397177900932,3.0068734598739555,0.7363789904385328,1.182139399806389
1778742397210591891,3.0094068711175486,0.7425804764274582,1.1837996127783155
1778742397211251858,3.0119352560482318,0.748799128905471,1.1854598257502418
1778742397243903783,3.0144533132116442,0.7550219704687592,1.1871200387221683
1778742397244559763,3.0169610356672485,0.7612489839652644,1.1887802516940946
1778742397277471903,3.0194584165029927,0.7674801522314291,1.1904404646660207
1778742397293881219,3.02194544883533,0.7737154580922437,1.1921006776379475
1778742397294540455,3.024424814182919,0.7799613485390234,1.1937270087124876
1778742397310945262,3.026894018370363,0.7862112629928948,1.1953533397870277
1778742397327483915,3.0293530548667347,0.7924651849231329,1.1969796708615679
1778742397344250872,3.031801917168,0.7987230977884133,1.1986060019361082
1778742397360859338,3.034233295166215,0.8049652930777162,1.2001306873184894
1778742397377556753,3.0366701240685625,0.8112504299816098,1.2017231364956436
1778742397410714752,3.0390872852787205,0.8175131530861472,1.2031800580832521
1778742397411427249,3.041502959072191,0.8237989526473438,1.204603097773475
1778742397427630693,3.0439046818912936,0.8300751081186655,1.2060261374636976
1778742397444275979,3.046302669246242,0.8363676761672058,1.2073814133591476
1778742397477301596,3.0486871585496766,0.8426503993635439,1.2087366892545977
1778742397477970540,3.0510682942070293,0.8489493634832451,1.210024201355275
1778742397510600884,3.0534389577908683,0.8552447970006656,1.2112778315585666
1778742397527526594,3.055827702564274,0.8616381156543482,1.2151742497579856
1778742397543881847,3.0581505935542475,0.8679364127614004,1.2197483059051302
1778742397560636982,3.060445010797347,0.8742525864064618,1.224966118102613
1778742397561291669,3.0627110337621413,0.8806013044599765,1.2309632139399798
1778742397593969102,3.0649420572136057,0.8869772404194272,1.2374346563407543
1778742397610599710,3.0671352261618092,0.8933810963644524,1.2442449177153911
1778742397627267338,3.0692813455341725,0.8997913226531521,1.2512146321642883
1778742397644260126,3.071389324984309,0.9062384547006445,1.2583637125127878
1778742397644973255,3.073450940946266,0.9127005618357362,1.2655805566560596
1778742397677325559,3.0754656481578317,0.9191774471868649,1.272865164594104
1778742397693896152,3.077422640472224,0.9256354410767204,1.2802514182243074
1778742397694584443,3.079352127970819,0.9321747225351655,1.2875021442649657
1778742397710778579,3.0812237161859963,0.9386944040114962,1.2949900435873278
1778742397743908274,3.083035147494035,0.9451874616591885,1.3024779429096898
1778742397760645525,3.084813827236726,0.9517548594979783,1.3101352517189835
1778742397761478061,3.0865346101132043,0.9583087196042073,1.3179280881178215
1778742397777736350,3.088240193861638,0.964974988806473,1.3227054356492833
1778742397810923454,3.0898861490769534,0.9715263899107542,1.3266018538487026
1778742397811611104,3.091483932090532,0.9779887995574356,1.3302272168690321
1778742397827542329,3.09305318180613,0.9844293815443446,1.3333782333259532
1778742397860581131,3.094601693574252,0.9908677816021219,1.336156548911626
1778742397877226387,3.0961416083429802,0.9973442244147354,1.33856216362605
1778742397877869302,3.097670024656401,1.0038377738734576,1.3406967231613842
1778742397911017712,3.099188416873044,1.010348051139169,1.3426279913124008
1778742397911644467,3.100694453853346,1.0168611976609327,1.3444914956686447
1778742397943863887,3.1021917007630533,1.0233907346040376,1.346287236230116
1778742397960635052,3.1036791045080077,1.0299296998203005,1.347981331099429
1778742397977408152,3.105153998151355,1.0364643222073107,1.3496415440713552
1778742397994092031,3.1066194598674763,1.043008239838102,1.351335638940668
1778742398010576841,3.108073833468711,1.0495546307085,1.3530297338099806
1778742398011263970,3.109520350244162,1.0561170989345823,1.3546560648845207
1778742398028053230,3.110951594491898,1.062661420205984,1.3563162778564475
1778742398044160410,3.112374940200723,1.069221790316974,1.357976490828374
1778742398077192680,3.113795091807468,1.0758186587720715,1.3595350581081413
1778742398077915637,3.1151959627184524,1.0823767070099817,1.3611613891826815
1778742398110901067,3.116587506121549,1.088943896359871,1.3628216021546078
1778742398111599418,3.1179681446789465,1.0955133869165146,1.3644818151265343
1778742398143942404,3.119340954292497,1.1020988195344177,1.3660742643036883
1778742398144740344,3.120701969079514,1.1086795519214336,1.367632831583456
1778742398177303579,3.1220527257034663,1.115262397547973,1.3691913988632236
1778742398194113218,3.123393667100828,1.1218472495712792,1.370614438553446
1778742398210548694,3.1247239610556647,1.1284271194023416,1.3720035963462822
1778742398211194815,3.1260478685228996,1.1350225570692596,1.373392754139119
1778742398243842913,3.1273626126120377,1.1416198274881584,1.374781911931955
1778742398260577699,3.1286684143748955,1.148218873688642,1.3761033059300192
1778742398277231771,3.129966956719398,1.1548264862514013,1.3773908180306969
1778742398277961492,3.131255761468143,1.161428873041011,1.3786444482339881
1778742398294443266,3.1325362882548276,1.1680328703266392,1.37989807843728
1778742398310997899,3.133809970966397,1.1746453198236297,1.381117826743185
1778742398327788652,3.135075811302491,1.1812592750883346,1.382269811254317
1778742398344132794,3.1363342557682103,1.1878746415579038,1.3833540319706774
1778742398360978681,3.137584114303275,1.1944845116506004,1.384472134584424
1778742398393861175,3.1388279865529882,1.2011026335765242,1.3855563553007841
1778742398394571699,3.140064906847485,1.2077220583389234,1.3865728122223717
1778742398427590433,3.14129509814404,1.214342736957757,1.387589269143959
1778742398444043592,3.1425185591716387,1.220964662592642,1.3886057260655469
1778742398460552318,3.143735513070946,1.2275877871730014,1.3895544191923617
1778742398477183587,3.1449461831107883,1.2342120632885198,1.3905031123191771
1778742398493932710,3.1461583011458707,1.2409356779316287,1.39436564862121
1778742398494628005,3.14732672906963,1.247574643000597,1.398804177178809
1778742398510813966,3.148455499769181,1.254170758577801,1.4038186979919745
1778742398543904916,3.149555355639699,1.2608143323949634,1.4096463843424105
1778742398560847228,3.15061687619233,1.26747831604713,1.4160161810510261
1778742398561581537,3.151635740004359,1.274156035832546,1.4227586786308901
1778742398577489017,3.1526108939037067,1.2808544263759964,1.4297044675950727
1778742398610587362,3.153554572423152,1.2876068033539159,1.4341768780500581
1778742398611262268,3.1544627418224076,1.2942934117873637,1.4374295401991384
1778742398643855060,3.1553452167470355,1.3009410936395136,1.4402078557848113
1778742398644546818,3.156208539396049,1.3075771721504792,1.4426473523966215
1778742398677696120,3.1570565704478954,1.3142152221152734,1.4448157938293418
1778742398694239352,3.157891415106813,1.320861998431314,1.4468825895699033
1778742398710527848,3.1587131962493316,1.3275104025070152,1.4487460939261467
1778742398711152648,3.1595245039406037,1.3341741963836355,1.4505418344876184
1778742398743901627,3.160323123168857,1.3408324726867236,1.452303693151704
1778742398760529209,3.1611109445459378,1.3474990840056633,1.4540316699184026
1778742398761213974,3.1618874709258833,1.3541670204016742,1.4556918828903294
1778742398793878773,3.1626501833688043,1.3608083677596592,1.4572165682727107
1778742398810887311,3.163405469146624,1.3674787434907425,1.4588767812446368
1778742398811639244,3.164150568813274,1.3741573081933383,1.4605031123191772
1778742398843910443,3.1648839280678547,1.3808301301753576,1.462163325291103
1778742398860659406,3.165607074352911,1.3875111076076208,1.4637896563656434
1778742398861320937,3.166319354205207,1.3941932522792073,1.4654159874401835
1778742398877420843,3.1670224539288707,1.400890446227316,1.466974554719951
1778742398910531341,3.167713067831709,1.4075678275581376,1.4684992401023327
1778742398927245969,3.1683949190753133,1.414260181992983,1.4700239254847138
1778742398944154677,3.1690662067134685,1.4209465691270682,1.4714469651749364
1778742398944881472,3.169729357372465,1.427647836708912,1.4728700048651593
1778742398960939348,3.1703818389399134,1.434336085194438,1.4742252807606093
1778742398977521463,3.171026595940095,1.441039147510329,1.4755805566560594
1778742399010571467,3.171662267386094,1.4477410113135725,1.476878025169408
1778742399027235738,3.172288929287529,1.4544387589843413,1.4781316553726995
1778742399027889063,3.172907194199962,1.4611372869941397,1.4793852855759908
1778742399060561146,3.173517288136306,1.4678365641483435,1.48057115198451
1778742399061222125,3.1741201774060155,1.4745435217692375,1.4817231364956425
1778742399077834308,3.1747153399661006,1.4812511694587835,1.482875121006775
1778742399110537430,3.175303002317312,1.487959478408211,1.4839593417231352
1778742399127532382,3.1758833910370052,1.494668420570285,1.4850435624394953
1778742399128154307,3.1764567327754616,1.501377968636358,1.486060019361083
1778742399160552438,3.1770237293578285,1.5080950808042157,1.4871103581800569
1778742399177162026,3.1775827346108887,1.514798814251113,1.4880929332042583
1778742399194107674,3.1781358412057634,1.5215100607146774,1.4890416263310733
1778742399194817356,3.1786825806392978,1.5282218288864649,1.4899903194578883
1778742399227193725,3.1792231798440183,1.5349340944130851,1.4908712487899312
1778742399227859303,3.179758307776311,1.5416538205307242,1.49178606001936
1778742399260550603,3.18028751589789,1.548374015450818,1.4926331074540167
1778742399277567397,3.1808106016122433,1.5550876685052617,1.4934462729912865
1778742399278194722,3.1813286520548374,1.5618087327616819,1.4942933204259432
1778742399294187454,3.1818405909595286,1.5685232449969722,1.495106485963213
1778742399310855133,3.182347710046178,1.5752451428861072,1.4958857696030967
1778742399343964018,3.182849183314253,1.581960444857084,1.4966311713455946
1778742399344621511,3.183346683002716,1.5886900806614928,1.497376573088092
1778742399377248227,3.183838769290742,1.5954130957652342,1.4980880929332034
1778742399394044651,3.184325679652204,1.6021294693626378,1.4987657308809283
1778742399394682616,3.184808426139607,1.6088531615647614,1.4994772507260397
1778742399427190316,3.1852860059315375,1.6155702050767793,1.500154888673765
1778742399427852016,3.185759639520412,1.6222945453584343,1.5007986447241037
1778742399460852916,3.1862289441767033,1.6290191891512,1.5014424007744422
1778742399477178252,3.1866945165917304,1.6357511091096046,1.5020522749273948
1778742399477830976,3.1871550258966432,1.6424693445312082,1.5026621490803471
1778742399494250702,3.187612026214985,1.649194835718403,1.5032381413359137
1778742399527208038,3.18806492474535,1.6559206043675012,1.5038818973862522
1778742399527883204,3.1885137213192842,1.662646647976877,1.5044578896418188
1778742399560600854,3.188958295484505,1.6693659567070678,1.504999999999999
1778742399561259810,3.189400143675206,1.6760994754139829,1.505542110358179
1778742399577888664,3.1898377729709098,1.6828262548513913,1.5061181026137458
1778742399594020512,3.190271755545676,1.6895532705437173,1.5066263310745391
1778742399627110110,3.19070231920371,1.6962805059295485,1.5071345595353334
1778742399627524480,3.1911294638337995,1.703007959271266,1.507642787996127
1778742399644275747,3.1915534172715807,1.709735614470709,1.5080832526621484
1778742399660627634,3.191974179421662,1.716463470014124,1.5085914811229417
1778742399677385103,3.1923917501893704,1.7231915243877118,1.5090319457889632
1778742399710857822,3.192806673882426,1.729926755811274,1.5095062923523708
1778742399727242691,3.1932180895765714,1.7366551893679505,1.509946757018392
1778742399727663523,3.193626541593664,1.7433838034860087,1.5103872216844132
1778742399744267049,3.1940320298544607,1.7501125968600362,1.5108276863504344
1778742399777294589,3.1944347822703776,1.756841554542432,1.511200387221683
1778742399793944584,3.194834798774836,1.7635706754208351,1.5116408518877047
1778742399794629108,3.195232377727514,1.7703069529519637,1.5120474346563397
1778742399827555686,3.1956269222111278,1.777036396885191,1.5124201355275886
1778742399843878998,3.1960189585977803,1.7837659873981078,1.5127928363988372
1778742399844614850,3.1964084868330156,1.790495723555934,1.5131655372700863
1778742399877214976,3.1967955068627254,1.7972256044238695,1.5135382381413354
1778742399877946500,3.197180018633151,1.8039556290670935,1.5139109390125838
1778742399894105970,3.1975625329052857,1.8106927788228593,1.5142497579864465
1778742399911072468,3.1979422560326918,1.817423075350243,1.5146224588576953
1778742399927648061,3.1983199765926544,1.824160495567105,1.514961277831558
1778742399960728722,3.198694635448635,1.8308840650611784,1.5153000968054204
1778742399977243128,3.199067790390615,1.8376217396889172,1.5156389157792831
1778742399977955976,3.199438391763428,1.844352544664733,1.5159438528557594
1778742400010856855,3.199806940647051,1.851083462337709,1.5162487899322359
1778742400027322208,3.2001737034364566,1.8578214879429074,1.5165876089060981
1778742400043910986,3.2005379191750354,1.864552641476721,1.5168925459825746
1778742400060629762,3.200900572548829,1.8712908895079585,1.5171636011616647
1778742400061331088,3.201260911134898,1.8780222517106178,1.5174685382381408
1778742400077521397,3.201619197062335,1.884753723480907,1.5177734753146173
1778742400094094104,3.201975914375843,1.8914922883695346,1.5180445304937076
1778742400127284284,3.2023300688654364,1.8982169690755237,1.5183155856727977
1778742400127939343,3.2026831330808814,1.9049557263541155,1.5185866408518875
1778742400143972422,3.2030341203980144,1.911687582628815,1.5188238141335915
1778742400177123217,3.203383282997768,1.9184195337931458,1.5191287512100677
1778742400193707256,3.203730867371904,1.9251585759433965,1.5193998063891576
1778742400210867042,3.2040763804600725,1.9318907154031748,1.5196369796708615
1778742400227322626,3.20442029685493,1.93862293662008,1.5198741529525654
1778742400243879654,3.2047628578392064,1.945362235988119,1.520145208131655
1778742400260414098,3.205103352683368,1.9520946311236633,1.520382381413359
1778742400277282108,3.20544225077372,1.9588271068261338,1.520619554695063
1778742400293730689,3.205779552091199,1.965559662716821,1.5208567279767666
1778742400310567279,3.206115719395289,1.9722992840373152,1.5210600193610844
1778742400327175204,3.2064500552271626,1.979031987844221,1.5212971926427878
1778742400344018066,3.2067827942321907,1.9857647707572914,1.5215343659244918
1778742400360440647,3.2071143944362874,1.9925046183300963,1.521737657308809
1778742400377082797,3.207444167856157,1.999237547149826,1.5219748305905128
1778742400393794910,3.2077727993634726,2.0059775401270032,1.5221781219748305
1778742400410456446,3.208099607134205,2.0127106135471426,1.5224152952565342
1778742400410870014,3.208425046122377,2.0194437532653557,1.5225847047434653
1778742400444137401,3.208749567021323,2.0261839454129245,1.522787996127783
1778742400460804198,3.2090722684040833,2.0329172168924927,1.523025169409487
1778742400461500284,3.2093936009641046,2.039650553835337,1.523194578896418
1778742400493866064,3.2097140111339764,2.0463909426463065,1.523397870280736
1778742400510433551,3.2100328341511934,2.0531243988824226,1.5235672797676671
1778742400527051876,3.2103507321500877,2.0598649066423986,1.5237705711519847
1778742400527332981,3.210666603158785,2.0665914942992916,1.5239738625363022
1778742400560506660,3.210975116123482,2.0734515605344392,1.5277347531461762
1778742400577220817,3.211252991009204,2.080228866381742,1.5319022265246858
1778742400577684590,3.2114973443606023,2.086916403704229,1.5366456921587615
1778742400594252428,3.211707385472957,2.0935840962384664,1.541965150048403
1778742400610934845,3.211880914392635,2.1003088576999636,1.5480300096805422
1778742400643825575,3.2120123334155775,2.107048576539827,1.5545692158760893
1778742400660529322,3.212098943518833,2.1138030212757037,1.5613794772507263
1778742400677197401,3.212138948571195,2.1205719030589663,1.5683930300096809
1778742400677843502,3.212131020426507,2.1273408984160724,1.5755421103581806
1778742400710800157,3.2120744714663543,2.134109662203878,1.5827589545014527
1778742400711417573,3.2119686275106667,2.1408918363432705,1.5900435624394973
1778742400744104174,3.2118134267716894,2.1476660587141865,1.5973620522749283
1778742400760440942,3.2116080005159375,2.154452950495661,1.604748305905131
1778742400760850151,3.2113524506156126,2.1612381398259926,1.612134559535335
1778742400778066726,3.2110469625373113,2.1680072500359104,1.619656340755083
1778742400810708972,3.2106925760305876,2.174724908795021,1.6273475314617627
1778742400811442289,3.2102808492542945,2.1815374785056134,1.6349709583736698
1778742400844304434,3.2098209082101445,2.1882838181232067,1.642763794772508
1778742400844963239,3.2093075349751814,2.1950333224695733,1.6506582768635052
1778742400861284087,3.2087411379705326,2.201771559511495,1.658654404646661
1778742400877505154,3.2081333330226927,2.2083796658321724,1.6663794772507265
1778742400894147123,3.2074529663677227,2.2151777041679575,1.674714424007745
1778742400927359045,3.206738196327757,2.2217680565705202,1.6829477250726053
1778742400943962571,3.2059520552438023,2.228484203248201,1.6916892545982585
1778742400944507870,3.2051171927389226,2.235116867086957,1.7003291384317534
1778742400977407206,3.2042160826252637,2.241804430511932,1.7091384317521792
1778742400993807856,3.2032603042502927,2.2484561135845036,1.7178799612778322
1778742401010463762,3.202247360958918,2.255092250630139,1.7266553727008722
1778742401011115253,3.201171529382716,2.2617468480950236,1.7354985479186842
1778742401043879592,3.200040764219254,2.2683710288100327,1.7442400774443376
1778742401060634616,3.1988532637465434,2.274978162199583,1.7530154888673775
1778742401061250730,3.197606935436644,2.281574451667454,1.762061955469507
1778742401093740676,3.19629723618276,2.2881798618639806,1.7710067763794781
1778742401094111904,3.1949337521507735,2.294745785050747,1.780087124878994
1778742401127267097,3.1935118570082115,2.3012921439779337,1.7892691190706689
1778742401127755538,3.1920282546986014,2.30783197273616,1.7984849951597295
1778742401160634415,3.1904889498440485,2.3143373371044906,1.807802516940949
1778742401177520319,3.1888940149065816,2.3208076600133762,1.8171539206195553
1778742401193817391,3.1872437514804544,2.3272424156128055,1.8265392061955472
1778742401194461218,3.1855161786004293,2.3337220705375836,1.8361616650532435
1778742401227057095,3.1837353512667788,2.340150981410175,1.8458857696030981
1778742401244171796,3.1818986541147414,2.3465423070607496,1.855372700871249
1778742401244849286,3.1799969794467935,2.3529292100236328,1.8649951597289454
1778742401277559622,3.1780356747625444,2.359290729726938,1.8747192642788
1778742401278081787,3.1760103688346,2.3656395116493414,1.8844772507260412
1778742401294155494,3.173925294277423,2.3719615455855845,1.8942691190706684
1778742401310630635,3.171777989147852,2.3782627144994066,1.904196515004841
1778742401343787873,3.169570666537317,2.3845356904194164,1.9140900290416274
1778742401360661373,3.167298684463798,2.3907929858781274,1.924085188770572
1778742401377198142,3.1649668344461013,2.3970207443428535,1.9340464666021304
1778742401394124583,3.1625752694887748,2.40321831370954,1.9441093901258482
1778742401394507162,3.1601214610042403,2.409391503559304,1.954172313649565
1778742401427054588,3.1576082044278135,2.415533167615653,1.9642691190706691
1778742401443928769,3.1550330658245547,2.4216491431857485,1.9743659244917724
1778742401444585120,3.1523961013881303,2.427738717436961,1.9845304937076484
1778742401460742476,3.149697376340984,2.4338011739621583,1.994695062923525
1778742401494023940,3.1469399789939163,2.4398294739605313,2.004893514036787
1778742401494597613,3.144124324807205,2.4458230518152733,2.0150580832526632
1778742401510625552,3.1412445509052374,2.451793859405001,2.0253242981606983
1778742401543750769,3.1383004259803515,2.457741012036863,2.0356243949661192
1778742401560477389,3.1352992329945737,2.4636494140421026,2.0459484172562554
1778742401577184092,3.132242890482004,2.4695160140323744,2.0562146321642905
1778742401577748047,3.1291262846153747,2.4753508227586387,2.066548610867098
1778742401593998751,3.1259497460386942,2.4811532211998752,2.076814825775133
1778742401610729930,3.122703436361515,2.486940964238388,2.087114922580554
1778742401643920331,3.1194116339423954,2.492670685072205,2.097415019385975
1778742401644335702,3.116053698300441,2.4983781496778326,2.107782879986168
1778742401660849848,3.1126371543834783,2.5040507250773727,2.118015212996817
1778742401693849515,3.1091589783170246,2.509693945102389,2.128281427904852
1778742401694493482,3.105675325509754,2.515218266247869,2.138547642812887
1778742401710694832,3.1020265437082517,2.520878049579855,2.148305629260128
1778742401727259614,3.0983570765296373,2.5264491582329933,2.1581652613995277
1778742401760645618,3.094656306842787,2.5319489713866274,2.1680248935389272
1778742401761272071,3.090904994491759,2.5374059430417697,2.1780539351652584
1778742401777598850,3.087095028518281,2.5428306826927525,2.188116858688976
1778742401810503035,3.0832304851374728,2.5482166780007574,2.198247546007466
1778742401827063409,3.079307529602325,2.553568959371281,2.208344351428569
1778742401843850415,3.0753557247435923,2.558847602602121,2.2185089206444455
1778742401844531573,3.071324780033506,2.564119033218588,2.228741253655094
1778742401860901684,3.067244505482811,2.5693434949699028,2.2389397047683564
1778742401894001061,3.063111162627551,2.5745260732704085,2.2491381558816186
1778742401910407482,3.0589295146345994,2.579660730421869,2.259370488892267
1778742401927038460,3.054704498251189,2.584741567022264,2.269602821902916
1778742401927404207,3.0504184831270176,2.5897894337355774,2.279902918708337
1778742401944030817,3.0460763719329633,2.594798396839701,2.290101369821599
1778742401960704467,3.041678680749039,2.599767985177867,2.3003337028322477
1778742401977593747,3.037234979164711,2.604687045782234,2.3105999177402827
1778742402010888166,3.0327461703432346,2.6095554622973074,2.320696723161386
1778742402011375334,3.0282030664501756,2.6143828682277084,2.3310307018641936
1778742402043784125,3.023620019285068,2.6191529734343466,2.341364680567001
1778742402060598313,3.0189831019440607,2.6238805395706017,2.351664777372422
1778742402077189866,3.0142928635864985,2.6285651212113947,2.361930992280457
1778742402093784726,3.009559705111989,2.6331963300012444,2.372231089085878
1778742402110456682,3.0085186209441073,2.6342041716333404,2.372603789957127
1778742402111085971,3.007512396159902,2.635177573751507,2.3729426089309893
1778742402127776423,3.0030829759957878,2.639458442472893,2.373552483083942
1778742402160589805,2.9985228749473367,2.6438559080415946,2.3751449322610956
1778742402177678095,2.9939547358341168,2.648245022991362,2.377211728001657
1778742402178279551,2.9892913277511823,2.6527067200958303,2.3793801694343775
1778742402210544899,2.984632784472067,2.6571430996463885,2.381853547943574
1778742402227052282,2.979937349716609,2.6615914607442805,2.3845640997344746
1778742402227476861,2.975219534762093,2.6660365193552487,2.3873424153201475
1778742402244361142,2.970438913940307,2.67051696225281,2.3898496757267305
1778742402277105964,2.9657274984619857,2.67490742512028,2.3930345740810384
1778742402293948115,2.960880526685291,2.6793988089377603,2.3954740706928486
1778742402294626958,2.9560936114242615,2.6838107860777423,2.398387913868066
1778742402310902820,2.9512989472901703,2.6882039859185483,2.40133563894067
1778742402327491608,2.9464811527134898,2.6925926240235767,2.404215600218502
1778742402360465576,2.9416406592950066,2.6969770948543177,2.4069600339067883
1778742402361028839,2.9367828761275483,2.7013528675515635,2.409738349492461
1778742402394067090,2.9318565720535665,2.7057675876073164,2.4120762004121126
1778742402410619569,2.9268943658135074,2.7101946644341983,2.4141768780500605
1778742402411312008,2.9219075465192756,2.7146256772221142,2.416108146201077
1778742402427542664,2.916907162276724,2.7190519444335286,2.4179377686599346
1778742402460892347,2.911893662769145,2.723473940327636,2.4196657454266335
1778742402461586039,2.906851799047951,2.727906093214993,2.4212581946037877
1778742402493974872,2.901823644294925,2.7323114178091203,2.4229861713704866
1778742402494760940,2.896777487941667,2.736717425872943,2.424646384342413
1778742402511061659,2.891718668530388,2.7411195596923617,2.4263404792117256
1778742402544166667,2.8866523987496553,2.7455131170789033,2.428034574081038
1778742402544840942,2.8815788417134036,2.749898257327504,2.429660905155578
1778742402577265483,2.876492782048977,2.7542796231065614,2.4313211181275047
1778742402577953203,2.8713994553969604,2.7586525389090735,2.4329813310994313
1778742402610566755,2.866336032906591,2.7629850495765758,2.4346754259687438
1778742402611224528,2.861202399513879,2.767364697072577,2.435895174274649
1778742402628082990,2.8560897137844714,2.7717149629991975,2.4372843320674855
1778742402644570405,2.8509708426327776,2.776057948968822,2.4387412536550945
1778742402677502884,2.8458348137072313,2.780402340281302,2.440265939037476
1778742402693923612,2.840697591663159,2.7847344702043184,2.441756742522471
1778742402710941036,2.835548632318968,2.7890635286090837,2.44321366411008
1778742402711603018,2.8303933713430065,2.793385080792007,2.444670585697689
1778742402727454651,2.825237263708005,2.797694715817886,2.4460936253879115
1778742402744175972,2.8200697241473147,2.8020015782360157,2.447482783180748
1778742402761128713,2.814890896107376,2.806305819880341,2.4488380590761984
1778742402793968776,2.809706384991346,2.81060321449659,2.450125571176876
1778742402794636288,2.8045218128921374,2.8148895580605267,2.4513792013801674
1778742402827245772,2.7993318713785893,2.819169398721807,2.452632831583459
1778742402843988062,2.7941367133987,2.8234429057785455,2.4538186979919776
1778742402844660624,2.7889256687418023,2.827719130115951,2.4550045644004967
1778742402877318500,2.7837205341457945,2.8319804800003707,2.456122667014243
1778742402878157999,2.7784232464048215,2.8362949865294347,2.4600529671110487
1778742402894527980,2.773184123723204,2.840525630632519,2.464525377566034
1778742402927304362,2.7679521138766745,2.8447092503530262,2.4696415440713584
1778742402943922005,2.762664131926722,2.8488899593714794,2.4755708761139528
1778742402960604552,2.757344882150642,2.853042198023059,2.482008436617341
1778742402961309545,2.75201502317991,2.8571464802199977,2.4887509341972054
1778742402993905773,2.746601585629651,2.8612566995437625,2.495628959366615
1778742403010647693,2.7411874089220296,2.8653077900856596,2.502811921612501
1778742403027452182,2.73573286765802,2.869328008437841,2.510062647653159
1778742403028097742,2.730243588202959,2.873312591234602,2.5173472555912038
1778742403060676778,2.724725294882567,2.877256894446846,2.5246996273240208
1778742403061330373,2.7191724925849945,2.8811646414504364,2.5320181171594514
1778742403077540319,2.713602355951424,2.8850231066742476,2.5395398983792
1778742403110628485,2.70799750581817,2.8888434134660845,2.5470955614963344
1778742403111192780,2.7023636950041365,2.8926208814952914,2.554786752203014
1778742403127745840,2.6967125593429517,2.896347009074815,2.562545706704466
1778742403144639960,2.6910266221867127,2.9000326968878696,2.570406306898077
1778742403177316832,2.6853235734715226,2.903665860709137,2.5783346708864605
1778742403193880693,2.6795856616450453,2.9072569230688816,2.586432444361775
1778742403210600100,2.6738306660162094,2.9107938780179983,2.5945979816318623
1778742403211121193,2.6680527977127713,2.914279812880862,2.602865164594108
1778742403227761559,2.6622459588902463,2.917717272246326,2.6113356389406714
1778742403260628113,2.6564042155998613,2.921109035847941,2.619772231389849
1778742403277614208,2.650546005722612,2.924444070785404,2.628344351428571
1778742403293958209,2.6446592005386798,2.9277283676243675,2.637051999056838
1778742403310599197,2.638756414607916,2.9309547661204585,2.6456918828903326
1778742403311280335,2.6328257584734023,2.9341296435691415,2.6544672943133722
1778742403343870031,2.626867364392717,2.937252153613842,2.663310469531184
1778742403344554936,2.62088159074538,2.940321851130348,2.672153644748996
1778742403360948311,2.6148625977728863,2.9433415331661044,2.681030701864195
1778742403393953509,2.6088357392482884,2.9462981097885654,2.690009404671552
1778742403394772870,2.602592756303543,2.949306442208963,2.69509168927949
1778742403427663620,2.596456007564374,2.952228688590141,2.699259162657999
1778742403444253500,2.590440933050363,2.9550644210512336,2.702850643780942
1778742403444978371,2.584460440530327,2.957858505913544,2.7062049516221816
1778742403461017602,2.578489993073512,2.960624397662224,2.7093220861817167
1778742403477593004,2.572549117065592,2.96335412956454,2.712439220741252
1778742403510949722,2.5665556817943185,2.966086766139179,2.7151836544295387
1778742403527312349,2.5605106394399995,2.9688242757619,2.7175553872465765
1778742403544148007,2.554433958298204,2.9715597542028576,2.719656064884524
1778742403560588613,2.5483517287249113,2.9742828736306035,2.721621214932927
1778742403577524422,2.5422452064385768,2.9770030961521083,2.723416955494398
1778742403578173660,2.536127455764144,2.979715289118229,2.7251788141584834
1778742403610586619,2.529998577590615,2.982419628840609,2.7269067909251823
1778742403611267245,2.523871490255968,2.9851106629900785,2.728600885794495
1778742403627475989,2.5177334844630783,2.987794221427388,2.7302610987664213
1778742403644137807,2.511578194961262,2.990473172742517,2.731921311738348
1778742403661105266,2.5054184663146963,2.993141901278858,2.733581524710274
1778742403677463104,2.499260788178824,2.995797731841036,2.735207855784814
1778742403694110774,2.493092321920895,2.9984462017813582,2.73686806875674
1778742403727260217,2.4869194671419272,3.0010844271086894,2.7385282817286667
1778742403728001639,2.4807358441034513,3.003715245634933,2.740154612803207
1778742403760919831,2.4745543520339695,3.006333169391449,2.7418148257751334
1778742403777241220,2.468368610530484,3.0089410365376157,2.743407274952287
1778742403778182784,2.462159316260587,3.0115470719690376,2.745033606026827
1778742403810786597,2.45596521266413,3.014135015097539,2.7466260552039814
1778742403811476000,2.4497605762683348,3.0167158845626565,2.748184622483749
1778742403827465216,2.4435455012110485,3.019289864172579,2.7497093078661305
1778742403860677889,2.437326595763896,3.0218545754700505,2.751166229453739
1778742403861332617,2.431103960334997,3.0244102235911763,2.752623151041348
1778742403893876485,2.424884130264666,3.0269542585548135,2.7540461907315708
1778742403910692777,2.418654246470344,3.02949218623488,2.7554353485244074
1778742403927674043,2.4124209288063057,3.032021668375395,2.7567567425224713
1778742403943890702,2.4061842741426624,3.034542911641416,2.758078136520535
1778742403944532555,2.3999443785179135,3.0370561230515927,2.759331766723826
1778742403977477788,2.39369488324723,3.0395642229024165,2.7605515150297313
1778742403978073543,2.387442333375716,3.0420646980781036,2.7617712633356364
1778742404010584479,2.381186822671795,3.0445577568084854,2.762923247846769
1778742404027272636,2.3749349918149782,3.047041129502576,2.7640413504605155
1778742404028007526,2.3686739217654287,3.04952019340547,2.7651255711768754
1778742404044333584,2.3624036982920975,3.051995143626078,2.7661759099958494
1778742404077348289,2.3561458082766613,3.0544575958544704,2.7672362052274946
1778742404094011149,2.349876933265918,3.056916856332679,2.768252662149082
1778742404094777258,2.3435041947238497,3.0593988161378407,2.772149080348501
1778742404127313472,2.3372126341441395,3.0618190116819726,2.7765876089061003
1778742404128079241,2.330955520455754,3.0641920671576446,2.781602129719266
1778742404144323443,2.324646283443185,3.06654584801389,2.787429816069702
1778742404177478486,2.318303049633478,3.0688682196110704,2.7938334946757037
1778742404178210902,2.3119446878113608,3.071148846704447,2.800575992255568
1778742404210857296,2.305557656098881,3.0733905395700685,2.80752178121975
1778742404227637749,2.2991550593722674,3.0755873818849273,2.8146030977734773
1778742404228319428,2.2927236466631578,3.0777428446113744,2.8218199419167496
1778742404260530993,2.2862767744799486,3.0798516186754603,2.8291045498547938
1778742404277326024,2.2798213457969623,3.081911137191735,2.8364230396902244
1778742404278081243,2.273337580798015,3.0839272947843925,2.8438092933204278
1778742404294426577,2.266845700494003,3.085893148064365,2.85129719264279
1778742404310886320,2.260339282210691,3.087810336141363,2.858785091965152
1778742404343844368,2.2538252618719756,3.089676271570793,2.8664424007744453
1778742404344547016,2.2472903082968565,3.091493816830487,2.8742013552758974
1778742404377545922,2.240761634916368,3.0932548017511774,2.882061955469508
1778742404394201367,2.234205717774713,3.0949677309475416,2.8899903194578918
1778742404410576989,2.2276499428594927,3.096624975425875,2.8979864472410477
1778742404427488602,2.2210877903773563,3.098227529575098,2.9061519845111348
1778742404444047162,2.214512666147371,3.099776001841644,2.914453049370767
1778742404444805477,2.207924864022942,3.101269617645445,2.9228218780251716
1778742404477709662,2.2013452384105596,3.10270324339887,2.931292352371735
1778742404494142884,2.194584884855095,3.1041286909794974,2.9362729912875145
1778742404510631381,2.1879484141518564,3.105496694124618,2.940338818973865
1778742404511386089,2.181430256426601,3.10681431313962,2.943930300096808
1778742404527656110,2.1749488234377936,3.1081014380020933,2.947182962245888
1778742404544311274,2.168504545361436,3.109359864032727,2.950300096805423
1778742404561241303,2.1620085301622107,3.110608868248667,2.9529767666989373
1778742404577807267,2.1554750378883867,3.11184821432942,2.9552807357212028
1778742404610642491,2.148918212188689,3.113077147909311,2.957347531461764
1778742404611328067,2.1423520395372724,3.114294136287148,2.9593126815101667
1778742404627533284,2.135776704849145,3.115500037916267,2.9611084220716384
1778742404644266007,2.1291923481049437,3.1166954919158387,2.9628702807357237
1778742404677489460,2.122592156369239,3.1178820436643653,2.964564375605036
1778742404693976715,2.1159968755077516,3.1190562971966567,2.9662245885769627
1778742404694720271,2.1093927408502773,3.1202207032366394,2.967918683446275
1778742404727670995,2.102786643056239,3.121373919580437,2.9696127783155877
1778742404728265558,2.0961786397825617,3.122516166810712,2.971239109390128
1778742404744164081,2.0895618687517814,3.1236487347451973,2.9728993223620543
1778742404760764080,2.0829432265368126,3.1247703158747795,2.9745595353339804
1778742404794664864,2.0763158466753926,3.125882177454492,2.9761858664085206
1778742404795869380,2.069693554086451,3.1269820001067643,2.977846079380447
1778742404827540986,2.063062555841918,3.128072074545051,2.9794724104549872
1778742404844404718,2.056429793545571,3.1291513633479937,2.9810987415295274
1778742404860646635,2.049795284740749,3.1302198636609257,2.9827250726040675
1778742404861329557,2.0431521521659497,3.1312787869790393,2.9843175217812217
1778742404877656325,2.0365212061330857,3.1323251730020942,2.985842207163603
1778742404910786731,2.0298679417293677,3.1333648021543485,2.9873330106485985
1778742404927636266,2.0232269701942474,3.1343923706774754,2.988823814133594
1778742404928335028,2.016577606653191,3.1354114356895675,2.99021297192643
1778742404960943610,2.009926833886322,3.136421262706175,2.9916021297192668
1778742404977374026,2.0032746986336356,3.1374220751661133,2.9929235237173306
1778742404994189826,1.9966212467213427,3.1384140966632623,2.9942449177153945
1778742405010687080,1.9899595816168973,3.1393984614514467,2.9955324298160724
1778742405027250420,1.983296687718044,3.1403744742037314,2.9967521781219775
1778742405027938942,1.9766395519843611,3.141341465839333,2.9979380445304966
1778742405060909583,1.9699812742089442,3.1423005623232116,2.9991239109390158
1778742405061684370,1.9633149502196583,3.143252865042871,3.0002758954501485
1778742405077546162,1.9566475656253979,3.144197713534545,3.0013601161665084
1778742405094146643,1.9499791605258998,3.145135332555783,3.0024443368828684
1778742405127291837,1.9433028256724088,3.1460668012477213,3.0034946757018424
1778742405127973977,1.9366324656523672,3.146990410041005,3.00451113262343
1778742405144165939,1.9299611702697932,3.147907238224715,3.0055275895450175
1778742405177283621,1.9232889772553023,3.1488175109186805,3.0064762826718328
1778742405194279715,1.9166159236740417,3.1497214533403106,3.007424975798648
1778742405194998284,1.9099350932205852,3.150620110923692,3.008339787028077
1778742405227326762,1.9032603969359725,3.151511842670451,3.0092207163601192
1778742405243880874,1.896584917688713,3.152397694136223,3.010101645692162
1778742405260829698,1.8899017356070906,3.1532786925833722,3.0109486931268186
1778742405277290512,1.8832247652232943,3.1541532338882328,3.0117618586640886
1778742405277945701,1.8765401591855007,3.155023362108378,3.0125411423039723
1778742405294103378,1.8698618046057556,3.1558872695728666,3.013354307841243
1778742405327569383,1.863175821409305,3.15674675179885,3.0141335914811265
1778742405343917573,1.856482241388019,3.1576020239769558,3.0148789932236237
1778742405344674014,1.8498019141192565,3.1584505424400584,3.0156243949661214
1778742405377210479,1.843114025662764,3.1592950712989594,3.016335914811233
1778742405393869781,1.8364255664570293,3.160135067997298,3.0169796708615717
1778742405410632661,1.8297365395733465,3.1609705321493533,3.0176911907066835
1778742405427569282,1.8230469480832714,3.161801463371486,3.018334946757022
1778742405444144233,1.8163568230623879,3.1626280879567426,3.018978702807361
1778742405460947841,1.8096661672832302,3.163450405562551,3.0196224588577
1778742405477593136,1.802977029383207,3.1642681995347894,3.0202562584953676
1778742405478246782,1.796285356083759,3.165082195513559,3.0208322507509338
1778742405510579628,1.7895932150389955,3.165892337005516,3.0214082430065
1778742405527273998,1.7829006084691486,3.166698623741882,3.021984235262066
1778742405527955516,1.7762075385946043,3.1675010554551575,3.0225602275176326
1778742405544194738,1.76951403469703,3.168299858668193,3.0230684559784264
1778742405560878928,1.7628200987435363,3.1690950331462333,3.023644448233993
1778742405594146956,1.756125732701362,3.1698865786555896,3.024152676694787
1778742405594898007,1.7494309652378135,3.1706747217955162,3.0246609051555806
1778742405610900498,1.7427357980821239,3.1714594623624386,3.025169133616375
1778742405644108913,1.736040259440679,3.172241027011663,3.025609598282396
1778742405644874201,1.7293443508200061,3.1730194155673344,3.0261178267431896
1778742405677089043,1.722648073726716,3.173794627854311,3.0265582914092106
1778742405693785386,1.7159444888212323,3.1745675789620615,3.0270326379726185
1778742405711252017,1.7092475053571246,3.1753366650960326,3.02747310263864
1778742405711677608,1.7025501837873984,3.1761028013709094,3.0279135673046613
1778742405743895896,1.6958525254113956,3.1768659876380543,3.0283540319706828
1778742405744544452,1.6891545572906093,3.1776264506897074,3.0287267328419314
1778742405777229028,1.6824562805322774,3.178384190400157,3.029167197507953
1778742405777828460,1.6757576962436893,3.179139206644141,3.0295398983792015
1778742405794228248,1.6690518620181272,3.17989239409709,3.0299464811478365
1778742405827665870,1.66235269139176,3.1806421900152015,3.0303191820190856
1778742405828425728,1.6556532417810843,3.1813894890945664,3.030691882890334
1778742405844088732,1.648953514116694,3.1821342912313804,3.031064583761583
1778742405860813329,1.6422535093292208,3.1828765963221857,3.031437284632832
1778742405893728785,1.6355462831798706,3.1836172861232983,3.031776103606694
1778742405894136973,1.6288457519236124,3.1843548238402373,3.0321488044779428
1778742405927258893,1.622130929965626,3.1850904807388947,3.0327925605282817
1778742405943691614,1.6155620753364177,3.185808681866944,3.032589269143964
1778742405960959546,1.6088470790891303,3.186542746168566,3.032826442425668
1778742405977144745,1.6021458016191268,3.1872734727042977,3.0331313795021444
1778742405977586817,1.5954443016350777,3.1880021557381273,3.0334363165786207
1778742406010393376,1.5887286120079478,3.1887298492395826,3.033876781244642
1778742406010827323,1.5820684011264776,3.189449704790611,3.033978426936801
1778742406027492056,1.575408117109198,3.1901688833561765,3.0340800726289596
1778742406060705621,1.5686989813978895,3.190892072133222,3.03435112780805
1778742406061646223,1.5620175381540193,3.191610901861977,3.0344866553975947
1778742406077522764,1.5553150811435468,3.192330728940356,3.0347238286792986
1778742406094285163,1.5486124535978358,3.1930489663547803,3.0349610019610025
1778742406110791754,1.5417092576534128,3.1938006456433743,3.031301757043287
1778742406127643513,1.5349064250229856,3.194568228995456,3.027168165562164
1778742406160605929,1.5282600171406224,3.195348053502163,3.0224246999280884
1778742406177197603,1.5216800682313723,3.19615298415238,3.017308533422764
1778742406193883936,1.515076805624698,3.196997123920012,3.011582492764487
1778742406210805288,1.5084162665945058,3.197889099159179,3.0053482236454165
1778742406227205607,1.5017188736568399,3.198821607517587,3.001146868369521
1778742406227888007,1.4950524301383388,3.199773073131592,2.9985040803733933
1778742406260587522,1.4883604536573518,3.2007436888011114,2.9966066941197633
1778742406261243883,1.481732677694545,3.2017179509767297,2.9946754259687465
1778742406294278457,1.475099821846433,3.2027057056518227,2.992845803509889
1778742406310604264,1.4684618117045176,3.203706300652724,2.99111782674319
1778742406327470560,1.4618255404768834,3.2047183644813795,2.989389849976491
1778742406328101974,1.4551909933034741,3.205741669325406,2.9877296370045645
1778742406360541243,1.4485512202250137,3.2067769535697335,2.9861033059300244
1778742406361204627,1.4419131042022795,3.207822809998082,2.9845447386502566
1778742406377605457,1.435276626278922,3.208879011102413,2.982986171370489
1778742406410625893,1.4286417664431195,3.2099453295160467,2.9814953678854934
1778742406427203160,1.4220085036509054,3.211021538013239,2.9800045644004984
1778742406427897663,1.415369926257159,3.2121086530886758,2.9785476428128894
1778742406460885678,1.408739790408168,3.2132039606363185,2.977192366917439
1778742406461599989,1.4021042589809911,3.2143095155553283,2.9758032091246025
1778742406477770219,1.395470231979269,3.215424062432055,2.9744818151265386
1778742406510560027,1.3888376454683116,3.216547149772678,2.973228184923247
1778742406527273793,1.3822064721050449,3.2176785510393837,2.9719745547199556
1778742406527971743,1.3755698041808635,3.21881933798888,2.9707548064140505
1778742406544254207,1.368941410595939,3.2199669125979287,2.969568940005532
1778742406561081500,1.3623143433970621,3.221122122250577,2.9684508373917855
1778742406594073552,1.3556747826567097,3.2222871605225545,2.967332734778039
1778742406610551639,1.3490502756723326,3.223456962306593,2.966282395959065
1778742406627293840,1.3424201289219975,3.224635058257278,2.9651981752427052
1778742406643881305,1.3357912232285714,3.2258201174573444,2.9641817183211177
1778742406644574526,1.3291703948514353,3.2270105630044026,2.9631991432969165
1778742406677250767,1.3225369627739327,3.2282100044882442,2.9622165682727153
1778742406677894323,1.315918445812106,3.2294132344022723,2.9613017570432865
1778742406694381297,1.3092872604155257,3.230625035225914,2.9603869458138576
1778742406711119289,1.3026640505652036,3.2318415249622445,2.9595060164818148
1778742406727497727,1.29603501048138,3.233065007110483,2.9586589690471583
1778742406744206644,1.2894139125841442,3.2342929397777005,2.957778039715116
1778742406777464312,1.2827869547066881,3.2355276503876915,2.956998756075232
1778742406778090495,1.2761678625898698,3.236766349523508,2.956185590537962
1778742406794377899,1.269549737780756,3.2380102064328797,2.9554401887954644
1778742406811041159,1.2629256845799721,3.2392604064941435,2.9546609051555808
1778742406844100921,1.2563025651206465,3.240515543788428,2.9539493853104695
1778742406860518192,1.2496871957341098,3.241773972920192,2.9532717473627446
1778742406877188475,1.2430658262484893,3.2430383095584707,2.9525602275176333
1778742406877867058,1.23645221140106,3.244305927264983,2.9518825895699083
1778742406910598214,1.2298325615208592,3.2455792365218237,2.9512388335195694
1778742406911222163,1.2232137327128034,3.246856806954188,2.9505950774692304
1778742406943854911,1.21659572771988,3.248138638032623,2.9499513214188915
1778742406944515710,1.2099785057133232,3.2494245050226107,2.949375329163325
1778742406960870031,1.203368917976487,3.2507129560108385,2.9487654550103723
1778742406977726829,1.1967532254888722,3.2520066692361387,2.948189462754806
1778742406994130224,1.1901382792674493,3.25330419283426,2.94761347049924
1778742407027187922,1.1835240374189866,3.254605302272411,2.9471052420384463
1778742407027844142,1.1769105018873016,3.2559099971682164,2.94652924978288
1778742407060608972,1.1702976746160043,3.257218277138248,2.9460210213220863
1778742407077239820,1.1636855131038277,3.2585299177661984,2.9455127928612925
1778742407077914936,1.1570808623236046,3.2598434412990285,2.945038446297885
1778742407094315516,1.1504631055659662,3.261162834908507,2.9445640997344777
1778742407127293822,1.1438528620282131,3.26248410754184,2.944055871273684
1778742407143870427,1.1372432459752373,3.263808515572715,2.9436154066076625
1778742407160542464,1.1306342139183465,3.265135834777349,2.943174941941641
1778742407161183295,1.1240257671397533,3.2664660648982307,2.9427344772756197
1778742407177542014,1.1174179069215566,3.267799205677283,2.942294012609598
1778742407194168685,1.1108106345457414,3.2691352568558645,2.941853547943577
1778742407210975638,1.104203905931421,3.2704739943270367,2.941480847072328
1778742407227830794,1.097590839419209,3.271816698801246,2.941074264303693
1778742407260568662,1.0909920382953417,3.2731593006512547,2.940667681535058
1778742407277186255,1.084386901889898,3.2745058718768054,2.940294980663809
1778742407277866932,1.077768688464448,3.2758583791984837,2.939718988408243
1778742407294180897,1.0712468520956557,3.277193032478815,2.9397528703056293
1778742407310801395,1.0646361156174127,3.2785471621680347,2.9393462875369942
1778742407344301686,1.0580737242291853,3.2798931266057965,2.9392446418448355
1778742407345036927,1.0514704647962125,3.2812488721058277,2.938939704768359
1778742407377234295,1.0448676190873099,3.2826066311214213,2.938634767691883
1778742407393855976,1.038258308550304,3.2839677035755637,2.938363712512793
1778742407394530141,1.0316562459953396,3.28532926555371,2.9380587754363168
1778742407410747441,1.0250614311556214,3.286691312994086,2.9377877202572265
1778742407427521612,1.0184532758824634,3.2880579833588164,2.9375166650781366
1778742407444273220,1.0118523690033963,3.2894251371079917,2.9372117280016603
1778742407477473820,1.0052587102481851,3.2907927701800643,2.9369406728225704
1778742407478185597,0.9986585454872395,3.2921635021481648,2.9367034995408665
1778742407494202224,0.9920518758701701,3.2935373364070517,2.9364324443617766
1778742407510918786,0.9854524086065914,3.2949114225895575,2.936195271080073
1778742407543937519,0.9788532674251529,3.2962870739507104,2.9359580977983692
1778742407560610107,0.9722544526970638,3.297664290413128,2.9357209245166658
1778742407577287314,0.965793233861054,3.2990155313809764,2.9351449322610996
1778742407594096953,0.9591132795565789,3.300415115422799,2.934975522774168
1778742407610553919,0.9526323563574876,3.301774717749761,2.934636703800306
1778742407611205822,0.9459941227817681,3.3031686130091655,2.9346028219029194
1778742407627446336,0.9394587645050125,3.3045414845233436,2.9344672943133743
1778742407660555021,0.9328550424678588,3.3059294179713192,2.9343995305186015
1778742407661227232,0.9262581472771968,3.3073157998968434,2.9345011762107602
1778742407693942086,0.9196612520865348,3.3087021818223676,2.9343995305186015
1778742407710597842,0.9130645918567863,3.3100896813046217,2.9341623572368976
1778742407711552591,0.9064682138300378,3.311478521802386,2.9339929477499664
1778742407727878879,0.899872071180701,3.3128684797692323,2.9338235382630353
1778742407760625994,0.8932693383572576,3.3142611115447647,2.933620246878718
1778742407761271284,0.8866737142045757,3.31565352780313,2.9334508373917867
1778742407793905054,0.8800713118618834,3.317047725531291,2.933518601186559
1778742407794457296,0.873544645347659,3.318427894076108,2.93287484513622
1778742407827205143,0.8669909605531013,3.319815632024564,2.932976490828379
1778742407843986859,0.8604372757585437,3.32120336997302,2.93287484513622
1778742407860865630,0.8538426913476136,3.322600702233836,2.932705435649289
1778742407877228317,0.8472482963743198,3.323998928229946,2.9326037899571302
1778742407893831182,0.8406472196683734,3.3253993889834885,2.932468262367585
1778742407910564225,0.8340600276101041,3.3267978369758975,2.9323327347780404
1778742407927206565,0.8274593307487871,3.3282000869340003,2.932197207188495
1778742407927928991,0.820732782123549,3.3296162153152955,2.935991979695755
1778742407960561920,0.8140829851855582,3.3309889136373925,2.940057807382106
1778742407977630752,0.8075233590415558,3.3323133640331872,2.9446657454266365
1778742407978391953,0.8010054047586312,3.33359622059793,2.9498496757267336
1778742408010567830,0.7944047693776406,3.3348571776024367,2.9558128896667144
1778742408027202225,0.787782675157049,3.3360797258156403,2.9622504501701026
1778742408043873681,0.7811319924622773,3.3372622843526543,2.968992947749967
1778742408060634276,0.7744664525907397,3.3384003626544168,2.9759726186115354
1778742408077292506,0.7677861680066558,3.339492680774587,2.983053935165262
1778742408094247783,0.7610982451308578,3.3405372134966105,2.990270779308534
1778742408110854615,0.7543890768897529,3.341535286896992,2.9975553872465786
1778742408111563887,0.7476797312147621,3.3424833673859173,3.0048738770820096
1778742408127567319,0.7409566733924227,3.3433831354212917,3.0122262488148266
1778742408160897917,0.7342202227165427,3.3442342125573004,3.01961250244503
1778742408177261917,0.7274845799969839,3.3450343413934593,3.027100401767392
1778742408193984199,0.720743109481102,3.345783784042029,3.0346560648845267
1778742408210617272,0.7140030962439766,3.3464812061261178,3.04231337369382
1778742408227503657,0.7072648756380066,3.3471259883104874,3.050072328195272
1778742408243906510,0.7005148518026362,3.3477187397102597,3.0579329283888828
1778742408244579252,0.6937603588898226,3.348258185250376,3.0658612923772663
1778742408260951438,0.6870157653520708,3.3487430584405153,3.0737896563656495
1778742408277504207,0.6803372815176942,3.349168167454736,3.082260130712213
1778742408294275072,0.6736414827218369,3.3495379166743358,3.0905950774692315
1778742408310813734,0.6668239922539507,3.3498579927907235,3.0987606147393185
1778742408327542810,0.6601229778782777,3.3501165316408463,3.107298852880654
1778742408361031869,0.6534059997972748,3.350318039604278,3.1159048548167627
1778742408377165981,0.6466735346250089,3.350461805748508,3.1245786205476436
1778742408377969081,0.6399470708409861,3.3505467407956364,3.133354031970683
1778742408410602520,0.6332061208239338,3.3505726997556096,-3.141055863785864
1778742408411346127,0.6264792035171157,3.3505393448874283,-3.1322126885680515
1778742408444131396,0.6197458464381101,3.350446294113084,-3.123335631452853
1778742408460699685,0.6130485690769054,3.3502943831289707,-3.114492456235041
1778742408461442290,0.6063249252330728,3.3500819155754678,-3.105513753427684
1778742408477894117,0.5996244566180544,3.349809598959827,-3.0964334049281677
1778742408494173265,0.5929337226525786,3.349476912916794,-3.087386938326038
1778742408527228237,0.5863929730631751,3.3490931176475183,-3.078577645005612
1778742408527905388,0.5796254217135918,3.3486355832436168,-3.0695989421982546
1778742408544166601,0.5729670047615699,3.348124537557765,-3.0603830661091935
1778742408577299452,0.5663275480679522,3.3475531263104354,-3.05109942622536
1778742408577974809,0.5596867245760636,3.346919324803983,-3.0417819044441403
1778742408594477062,0.5530451210890306,3.3462230582450903,-3.032498264560307
1778742408610984335,0.5464242540570553,3.3454660802104668,-3.023011333292156
1778742408643935790,0.5397900118208975,3.3446438546015376,-3.013558283921391
1778742408660528706,0.5331430081828636,3.343756285654376,-3.004139116448013
1778742408661237366,0.5265531811023453,3.342812978679491,-2.994686067077248
1778742408694034247,0.519960832775496,3.341805137251825,-2.9850875337042666
1778742408694753047,0.5133903168888736,3.340735571927198,-2.975363429154412
1778742408711047704,0.5067892412345211,3.3395943439896176,-2.96543603322024
1778742408727822988,0.5002547824748445,3.3383983934396007,-2.955711928670385
1778742408760579211,0.4937255385306384,3.337136857266101,-2.9457506508388263
1778742408777325900,0.48725713315288377,3.3358204481849127,-2.9358910186994263
1778742408794074332,0.4807129139681974,3.3344218562991994,-2.926200796046958
1778742408810634746,0.47422363846773363,3.332968651744059,-2.916375045804944
1778742408811412528,0.4677626883167201,3.3314545120060832,-2.9064137679733855
1778742408827607526,0.46131036889956967,3.329874314822481,-2.8964186082444408
1778742408860859894,0.4548809757661733,3.3282313297537005,-2.88638956661811
1778742408861633478,0.44846164787707504,3.3265220379552516,-2.8763266430943926
1778742408877643183,0.442066681089418,3.3247497806983155,-2.8661620738785167
1778742408894283409,0.4356967538848089,3.3229146598826795,-2.856031386560027
1778742408910867729,0.4293323958671121,3.3210108752250624,-2.8458329354467646
1778742408943892754,0.423007874111722,3.319048400112966,-2.835600602436116
1778742408960649642,0.41669706545209145,3.317019278366611,-2.8254021513228538
1778742408977255533,0.4104073494495468,3.314925689675551,-2.8151359364148187
1778742408994096331,0.40414603991276227,3.3127700257674775,-2.80490360340417
1778742409010539512,0.39790719044917716,3.3105501966365027,-2.794603506598749
1778742409027354862,0.3916915359793101,3.30826622564036,-2.784303409793328
1778742409028004960,0.38549315086901564,3.3059159782013694,-2.7740371948852935
1778742409044305038,0.3793323406552069,3.3035071107269265,-2.763703216182486
1778742409077230985,0.3731773161004218,3.3010267541537717,-2.7533353555822924
1778742409093962054,0.36707411272074597,3.298493658714134,-2.7430352587768714
1778742409110937038,0.36098444920272915,3.295892335543643,-2.7327351619714504
1778742409127210716,0.3549219021208411,3.293228427347047,-2.7224350651660294
1778742409127950565,0.34888711465710537,3.290502216741181,-2.7121349683606084
1778742409144205938,0.3428871234815273,3.2877168386891054,-2.701800989657801
1778742409161095109,0.3369098695168991,3.284866695001089,-2.69150089285238
1778742409193909974,0.33096238750819,3.281954935780947,-2.6811330322521862
1778742409210641263,0.32504531258798797,3.278981871975928,-2.6708329354467653
1778742409211388357,0.31915917384568016,3.2759480205118146,-2.6605328386413443
1778742409227655251,0.3133108368858126,3.27285687512477,-2.650198859938537
1778742409260623088,0.3074825532986649,3.2696985921374835,-2.639797117440957
1778742409277234739,0.30169945731800407,3.2664870464226503,-2.629530902532922
1778742409293844778,0.295949635929199,3.263216300483749,-2.6192646876248875
1778742409294354639,0.29022770298283757,3.259883078715348,-2.6089645908194665
1778742409310682961,0.2845404054592555,3.256491098338303,-2.5986644940140455
1778742409343814960,0.2788883467298543,3.2530407192113953,-2.5883643972086245
1778742409344292099,0.2732781226092462,3.2495359210265424,-2.578030418505817
1778742409377225019,0.26769249874810636,3.2459659844610185,-2.5677642035977826
1778742409377786749,0.2621497389267723,3.2423426299982308,-2.5574641067923616
1778742409410453642,0.25665035047838425,3.238666361279307,-2.547197891884327
1778742409411056371,0.2511891190021068,3.2349336443381884,-2.5368639131815196
1778742409444052311,0.2457609500497292,3.2311407739443516,-2.5265638163760986
1778742409460592256,0.24037379005585977,3.2272934173723944,-2.516273675983349
1778742409477044403,0.23502486230324324,3.2233895915697635,-2.505973579177928
1778742409494157200,0.22971088304258463,3.2194266046385094,-2.4956396004751205
1778742409510545386,0.22444914005602523,3.2154175791031214,-2.485373385567086
1778742409527100870,0.21922337590831772,3.2113503597738333,-2.4750732887616644
1778742409543849613,0.2140397809761061,3.207229531267483,-2.4647731919562434
1778742409560460002,0.20889890519245194,3.2030555307671187,-2.4544730951508225
1778742409560949174,0.20380675408353105,3.198833182832152,-2.444139116448015
1778742409577557309,0.19875309319372855,3.194554001180144,-2.433839019642594
1778742409594267318,0.1937437755839532,3.1902229942436,-2.423538922837173
1778742409610895882,0.18878450636110136,3.18584533804704,-2.4132727079291385
1778742409643865492,0.18387043964732933,3.181417000511057,-2.4030064930211035
1778742409644478881,0.17899178997858545,3.1769289699396746,-2.3927402781130684
1778742409677112961,0.1741644976483933,3.1723959651129765,-2.3825079451024203
1778742409677575593,0.16937870917544776,3.1678090413407496,-2.372309493989158
1778742409710478816,0.16463994828840328,3.163173549322051,-2.3621110428758954
1778742409727046714,0.15996364832165577,3.158504729061964,-2.351878709865247
1778742409744000949,0.1553208971917603,3.153773079989404,-2.3415447311624393
1778742409744383467,0.1507269659944562,3.148994017617512,-2.331346280049177
1778742409760635343,0.1461868928715128,3.1441733724285017,-2.3211139470385285
1778742409793913191,0.14169171870456163,3.1393013040578017,-2.310847732130494
1778742409794553421,0.1372700180524298,3.134409535528636,-2.3006831629146176
1778742409810735373,0.1328754834405577,3.129446501522601,-2.29034918421181
1778742409827401980,0.12853213108670788,3.1244386146099092,-2.280150733098548
1778742409860908893,0.12424024757914759,3.119386548007267,-2.269884518190513
1778742409861642551,0.1200138001105813,3.114306901779876,-2.2596521851798648
1778742409893976800,0.11583087980411319,3.1091732810586175,-2.249352088374444
1778742409894700780,0.1116921503565943,3.1039860453246026,-2.239119755363795
1778742409927060548,0.10767074685971202,3.098839952154511,-2.22912459563485
1778742409927670359,0.10356029673623932,3.093470702320275,-2.219231081598064
1778742409960447292,0.09959109716801727,3.0881788520023217,-2.209439213253437
1778742409977053053,0.09567444599535944,3.082847991978675,-2.199444053524492
1778742409994152975,0.09180327866979496,3.0774667556395534,-2.1893811300007746
1778742409994887965,0.08799057955675728,3.0720524958126294,-2.1792843245796707
1778742410027092006,0.08423292532742777,3.0665998892164406,-2.169119755363795
1778742410043687277,0.08053107368807993,3.061109244587596,-2.1588874223531462
1778742410044052062,0.07688183714765881,3.055575103852843,-2.148621207445111
1778742410077411063,0.07329349414986698,3.050009613889668,-2.13832111063969
1778742410078114283,0.06976247575980547,3.044407579158515,-2.1280887776290416
1778742410110654725,0.06628915412648402,3.0387695900815923,-2.1177886808236206
1778742410111378064,0.06287427977351905,3.0330960094526187,-2.107420820223427
1778742410143885593,0.05952166840475877,3.0273935343750704,-2.0971546053153918
1778742410144293390,0.056220999093282625,3.021644689004365,-2.0868206266125844
1778742410160609008,0.052983238026917276,3.015868203284039,-2.0765205298071634
1778742410193761466,0.049624910188741184,3.0097663298724275,-2.0713365995070667
1778742410194397147,0.04634281785748753,3.0037344513152013,-2.0668980709494673
1778742410227184009,0.0431718130113199,2.9978493894407956,-2.0631371803395933
1778742410243764010,0.04006454658699239,2.9920334001553646,-2.0598167543957406
1778742410244289191,0.036992704613702534,2.9862382066390847,-2.0565979741440463
1778742410277407995,0.03394229925129507,2.980439609297917,-2.0535486033792836
1778742410277817254,0.030919212263535084,2.97465040330189,-2.050533114511907
1778742410294204488,0.027919843152573138,2.9688646385351367,-2.047585389439303
1778742410310612472,0.024917729130446233,2.9630330184859437,-2.0448409557510163
1778742410327540957,0.02190165064728023,2.9571377530480367,-2.042536986728751
1778742410343972716,0.018882589679260087,2.951204716736722,-2.0404701909881893
1778742410377541778,0.0158723336448254,2.945259361019261,-2.0385050409397865
1778742410378290755,0.012870112557833824,2.939302104138378,-2.0367093003783148
1778742410394001961,0.009869075500887444,2.9333207463842528,-2.034947441714229
1778742410427080569,0.006878378566432688,2.9273342118402748,-2.033253346844917
1778742410443736475,0.00390707968502901,2.9213614717691376,-2.0315931338729905
1778742410444162446,0.0009266487345450311,2.915346374068402,-2.030068448490609
1778742410460902192,-0.0020409999670258612,2.9093327647375538,-2.028374353621296
1778742410494211228,-0.004986311396917891,2.9033393663208833,-2.026748022546756
1778742410510969900,-0.00791869306991946,2.8973474235037457,-2.0250878095748295
1778742410527122127,-0.010874752178003655,2.891281352407104,-2.023393714705517
1778742410543802108,-0.01379965054614183,2.8852546144390105,-2.0218690293231356
1778742410560401176,-0.01667056103656175,2.879318394349088,-2.0206492810172305
1778742410577149979,-0.019600696505900413,2.873239758800602,-2.0192940051217803
1778742410593777331,-0.022468235101753962,2.8672708303874535,-2.018006493021103
1778742410610442745,-0.025373329945945492,2.861203462511162,-2.016685099023039
1778742410627358666,-0.028252112574791096,2.8551700691396125,-2.0152959412302023
1778742410643954828,-0.031158371797874958,2.849056721584611,-2.0138390196425933
1778742410660704473,-0.03403257368716295,2.8429901465624416,-2.0126531532340746
1778742410661435155,-0.03689957940963868,2.8369201673872473,-2.011467286825556
1778742410677368694,-0.039759179154389375,2.8308466957029617,-2.0102136566222644
1778742410710457591,-0.042620394324349754,2.824750778729184,-2.0090616721111316
1778742410710864056,-0.04546885754816693,2.81866434650147,-2.0079774513947717
1778742410727485746,-0.0482296897636066,2.8127455825698546,-2.0065205298071627
1778742410744335271,-0.051107886320973225,2.806557157117677,-2.005741246167279
1778742410777263653,-0.05393818956154478,2.800462258958855,-2.005334663398644
1778742410777947966,-0.05676477515513417,2.7943656358048363,-2.004521497861374
1778742410794145659,-0.059589031154815175,2.7882602195988544,-2.003606686631945
1778742410810877269,-0.06237492555905139,2.782221900928194,-2.002522465915585
1778742410843970876,-0.06521142417647235,2.776060459165638,-2.001946473660019
1778742410860672659,-0.06802421927812824,2.7699420492646833,-2.001472127096612
1778742410861433639,-0.07083307503382212,2.76382182987779,-2.0006589615593415
1778742410894149425,-0.07363716055027292,2.7576994234541337,-1.9999135598168438
1778742410894932808,-0.07643668163572162,2.751574928561318,-1.9991681580743463
1778742410927240546,-0.07923744745214933,2.745435611429785,-1.9984227563318488
1778742410943865694,-0.08206752695563407,2.739194276716444,-1.9945941019272022
1778742410960613605,-0.08482636947899164,2.7330436776455147,-1.990291100959148
1778742410977288447,-0.08752869407787019,2.7269445233793648,-1.9854459896329137
1778742410977868903,-0.09022115738218027,2.720779852232017,-1.9797199489746369
1778742410994436270,-0.092884786963382,2.7145798053407306,-1.9734179160607939
1778742411027251877,-0.09551085379057264,2.7083561570522163,-1.9667431822757013
1778742411027880004,-0.09810004193903533,2.702101921229043,-1.9598651571062922
1778742411044120618,-0.10064298867330736,2.695836295489609,-1.9528177224499517
1778742411077258138,-0.10314646271080156,2.689539725491301,-1.9456347602040658
1778742411093850723,-0.10560686272368083,2.6832186875404087,-1.938350152266021
1778742411110660002,-0.10802115157966467,2.6768798944123855,-1.9310655443279765
1778742411127562848,-0.11038898580196367,2.670523602246688,-1.9237131725951597
1778742411128190574,-0.11270980667470956,2.664149994204407,-1.9162930370675701
1778742411160655562,-0.11498305452713693,2.6577592639486824,-1.9088051377452078
1778742411161324206,-0.11720860305277922,2.651351766562026,-1.9013850022176184
1778742411193964318,-0.11934096057221705,2.645052913379954,-1.8930500554606
1778742411210958870,-0.1214618949052408,2.63861740146908,-1.8852572190617616
1778742411211701575,-0.12353217724813796,2.632165416734079,-1.8773288550733784
1778742411227584628,-0.12555146052955116,2.6256972894139494,-1.8694682548797674
1778742411260698212,-0.1274894216634842,2.6193066720225415,-1.8609977805332039
1778742411261384790,-0.12939775666735692,2.612819538486611,-1.8527983613657304
1778742411277514925,-0.13123660040887813,2.606370578128982,-1.8443278870191675
1778742411310458174,-0.1330203150332898,2.599906152544395,-1.8357218850830588
1778742411310865150,-0.13476703466421386,2.5933591573152124,-1.827319174531268
1778742411343740480,-0.13644359781866106,2.5868516588719435,-1.8185776450056144
1778742411344141764,-0.1380634331250773,2.5803298083998696,-1.8099038792747335
1778742411377584365,-0.1396279350356054,2.5737872658687158,-1.8011284678516941
1778742411378348060,-0.14113474181022645,2.5672311952205336,-1.7922852926338815
1778742411394143918,-0.1425818952028215,2.560668867351682,-1.7834082355186833
1778742411410958947,-0.1439720733920884,2.554087079326982,-1.7744972965060983
1778742411427475527,-0.14530182696959273,2.547499958907321,-1.765484711801355
1778742411444187841,-0.1466252286912538,2.5406974955385766,-1.760402427193417
1778742411460817416,-0.14789519791804218,2.5340059412226488,-1.7563027176096804
1778742411494031662,-0.14910884537492375,2.5274747461673464,-1.7527451183841238
1778742411494429520,-0.15029374886543226,2.520973848712519,-1.749424692440271
1778742411527253633,-0.15145144657349321,2.5145036041254305,-1.7462736759833495
1778742411543791023,-0.15258302205473953,2.508064273342636,-1.7432243052185867
1778742411544162601,-0.15370167704408466,2.501587164418524,-1.7404121077355277
1778742411577208616,-0.15481410083930283,2.4950450692419133,-1.7380403749184898
1778742411577520531,-0.15591757098166129,2.4884659663665265,-1.735905815383156
1778742411610689611,-0.15700640887229164,2.4818915212912422,-1.7339406653347529
1778742411627346779,-0.15808503181277356,2.4753012059306343,-1.7321110428758957
1778742411627854867,-0.1591540549740294,2.4686951440568174,-1.73034918421181
1778742411660741068,-0.1602126556450954,2.462080314836103,-1.7286212074451113
1778742411677166134,-0.16126004865420834,2.4554637017384175,-1.7269609944731847
1778742411693730596,-0.16229645523800454,2.4488453588647774,-1.725300781501258
1778742411710415557,-0.16332401552269674,2.442211469442928,-1.723640568529332
1778742411710797595,-0.16433844071618675,2.4355897217486397,-1.7219803555574056
1778742411727658441,-0.1653439680382718,2.4289524569652716,-1.720320142585479
1778742411744287616,-0.16633962431806038,2.4223066260486354,-1.7186938115109385
1778742411760665773,-0.16732333258582407,2.4156660924071325,-1.7170335985390122
1778742411777295258,-0.168297141711678,2.4090170251201815,-1.7154072674644723
1778742411810426396,-0.1692590202997312,2.4023732943473517,-1.7137470544925455
1778742411827066151,-0.17021097175318559,2.3957210625090686,-1.7121207234180054
1778742411827684589,-0.17115210322112245,2.3890672912806554,-1.7104943923434655
1778742411844085860,-0.17208241221429407,2.382411998261019,-1.708868061268925
1778742411877359509,-0.17300212181646976,2.3757552322107762,-1.7073094939891573
1778742411877996413,-0.1739125154238534,2.3690901206228405,-1.705784808606776
1778742411894130945,-0.17481192183367536,2.362430580990856,-1.7042940051217805
1778742411927216145,-0.1757024386806498,2.35576278459735,-1.7028370835341717
1778742411944010786,-0.17658346609024558,2.349093727714736,-1.7014479257413355
1778742411944679309,-0.17745522828039637,2.3424234533812602,-1.700058767948499
1778742411977484085,-0.17831794961067995,2.3357520036957515,-1.698737373950435
1778742411978378790,-0.17917185457676515,2.3290794198402356,-1.6974159799523714
1778742412010674946,-0.18001793424715692,2.322398783254449,-1.6961284678516935
1778742412011415748,-0.18085488048937542,2.315724051051009,-1.6949426014431745
1778742412043924931,-0.1816846602680465,2.309041370337485,-1.6937228531372692
1778742412044648018,-0.18250651469854703,2.302357710315082,-1.692570868626137
1778742412077227795,-0.1833197631570806,2.295672997685156,-1.6911478289359143
1778742412077937698,-0.18411062166822129,2.2891195448688646,-1.6906396004751203
1778742412110673101,-0.18491424986832503,2.2824125182015553,-1.6894537340666018
1778742412111420606,-0.18570066233556073,2.275795082789602,-1.6887083323241043
1778742412127760770,-0.18648520029096388,2.2691492296316897,-1.687895166786834
1778742412160654976,-0.18726689173954025,2.262481896770701,-1.6871158831469502
1778742412177520542,-0.1880454763416874,2.2557930581557173,-1.6862349538149073
1778742412194232635,-0.1888181682483584,2.2491035362582,-1.6853540244828649
1778742412194930695,-0.18958496685991622,2.2424133362694616,-1.6844730951508224
1778742412210882419,-0.19034677600999816,2.235715521116828,-1.683626047716166
1778742412244056108,-0.19110223969316223,2.2290240316994097,-1.6828128821788957
1778742412260788660,-0.19185382113616758,2.222318017284384,-1.6819997166416256
1778742412277242821,-0.19259862800913077,2.2156253333144074,-1.6812543148991281
1778742412278000104,-0.19333910147108735,2.208925125851042,-1.6804750312592442
1778742412294177698,-0.1940737032448729,2.2022313140644774,-1.6797296295167465
1778742412327530408,-0.19480418719504375,2.195530010146691,-1.6790181096716355
1778742412328220493,-0.1955299028499837,2.1888281881714233,-1.6783065898265244
1778742412360906964,-0.19625021462129427,2.1821328235844786,-1.677628951878799
1778742412361624741,-0.19696747729127867,2.175423051735731,-1.6769513139310739
1778742412394245156,-0.19767956722933877,2.1687197682925135,-1.6763075578807352
1778742412394965097,-0.19838734174087042,2.162016027826115,-1.6756638018303964
1778742412427242899,-0.19909080053255637,2.1553118331147125,-1.6750200457800577
1778742412443880129,-0.19978933077292357,2.1486141610188803,-1.6744101716271051
1778742412460574739,-0.20048461161319758,2.1419091132522237,-1.6738341793715386
1778742412461235378,-0.2011760302827627,2.1352036661214666,-1.6732581871159726
1778742412493880790,-0.201863586552229,2.128497821851256,-1.6726821948604065
1778742412494841430,-0.20254728019348792,2.12179158266637,-1.6721062026048397
1778742412527379628,-0.20322733821273514,2.115084973829524,-1.671597974144046
1778742412528105081,-0.2039037604101128,2.108377997311681,-1.67102198188848
1778742412544375762,-0.20457654658683141,2.101670655083912,-1.6705137534276866
1778742412560881713,-0.2052459238145913,2.094962971793315,-1.6700055249668924
1778742412577681893,-0.20591189192049492,2.088254949172459,-1.6694972965060988
1778742412610598532,-0.2065752525118099,2.0815396340848484,-1.6690229499426914
1778742412627306097,-0.20723462916180438,2.074830960338612,-1.6685147214818976
1778742412628067978,-0.20789082350140026,2.068121974574081,-1.6680742568158764
1778742412660754268,-0.20854406270626372,2.061412700429941,-1.6676337921498547
1778742412661305529,-0.2091943466496604,2.054703139207852,-1.6671933274838335
1778742412694201839,-0.20984223361607807,2.047986313582696,-1.666718980920426
1778742412694896733,-0.21048582396970447,2.041283139151375,-1.6663123981517907
1778742412727272030,-0.21112802123446167,2.0345657671449175,-1.6659058153831559
1778742412727920546,-0.2117667102468792,2.027855092264891,-1.6654653507171342
1778742412744216446,-0.2124026707618091,2.0211441582595944,-1.6650926498458856
1778742412777653667,-0.21303667404774704,2.0144260079313105,-1.6646860670772503
1778742412778377666,-0.21366663610477,2.0077215389883807,-1.6642794843086153
1778742412794281559,-0.214295403854087,2.0010028966316677,-1.6639406653347528
1778742412810948025,-0.2149118993707848,1.994381534741702,-1.6633307911818005
1778742412843900993,-0.21553915633301232,1.987613539639507,-1.6630936179000966
1778742412860857151,-0.21615859167007626,1.9809151197614165,-1.6629242084131652
1778742412861541445,-0.21677696762579535,1.9742095722686768,-1.6625853894393023
1778742412877782120,-0.21739382573992283,1.9674968554515426,-1.6622804523628263
1778742412894529731,-0.21800916146116361,1.9607769695931248,-1.6619416333889636
1778742412927239686,-0.2186209484159463,1.9540708177366606,-1.6616028144151012
1778742412943902545,-0.2192312104854721,1.9473574980506558,-1.6612978773386247
1778742412960552900,-0.2198399431187263,1.940637010822693,-1.6609590583647622
1778742412977264583,-0.2204458833219319,1.933923299667889,-1.660654121288286
1778742412994270485,-0.22104977623754524,1.9272094040515964,-1.6603491842118092
1778742412994981450,-0.22165236063975566,1.9204883627603817,-1.6600781290327193
1778742413027591074,-0.22225238630352726,1.9137741204201906,-1.6597731919562428
1778742413043965293,-0.22285036451800344,1.907059695422098,-1.6594682548797666
1778742413060564211,-0.22344702792475063,1.9003381259045633,-1.6591971997006765
1778742413061270186,-0.2240406352824413,1.8936303404052428,-1.6589261445215866
1778742413077479060,-0.22463365476923347,1.8869084484179905,-1.658655089342496
1778742413110610207,-0.22522485223062666,1.880186395936669,-1.6583840341634066
1778742413127232259,-0.22581300485266112,1.8734781299540775,-1.658112978984316
1778742413127919639,-0.22640055813308282,1.8667557579662546,-1.657841923805226
1778742413160702653,-0.2269857954211279,1.8600402104594103,-1.6576047505235225
1778742413161414589,-0.22756943994428713,1.853324524338798,-1.6573675772418186
1778742413194231889,-0.22815198219415014,1.8466017162553312,-1.6570965220627287
1778742413210689477,-0.2287322135392595,1.8398857343772919,-1.6568593487810246
1778742413227275450,-0.22931085201660253,1.8331696150727725,-1.6566221754993207
1778742413227983178,-0.22988062980954554,1.8265510954296296,-1.6567238211914792
1778742413260624863,-0.23046387223360934,1.8197721394425492,-1.656520529807162
1778742413277549040,-0.23103687022639074,1.813097690079473,-1.6563511203202312
1778742413278290142,-0.2316132899584685,1.806367328626143,-1.656113947038527
1778742413310600727,-0.2321866944987451,1.799650760437463,-1.6558090099620506
1778742413327394645,-0.2327580259200396,1.7929410408898931,-1.655673482372506
1778742413328104588,-0.2333289271497338,1.7862242594593318,-1.6555040728855743
1778742413344224883,-0.2338991682307681,1.7795003967964347,-1.6553007815012568
1778742413377216956,-0.2344675660705783,1.772783403056993,-1.655131372014326
1778742413393960499,-0.2350353892779084,1.7660614000940478,-1.6550058008374522
1778742413411031596,-0.23560180570974615,1.7593442389804714,-1.6548363913505209
1778742413411802064,-0.23616708418264348,1.7526269820069682,-1.6546669818635895
1778742413427849912,-0.23673192441247104,1.7459026634902137,-1.6545314542740448
1778742413444415225,-0.237295154518415,1.7391852344546557,-1.6543620447871137
1778742413460857264,-0.2378572466200758,1.7324677100989685,-1.6541926353001821
1778742413493936953,-0.23841889712909742,1.7257431244087036,-1.6540571077106372
1778742413510582529,-0.23897894078241824,1.7190254289626168,-1.653887698223706
1778742413527656271,-0.23953854068985778,1.7123006723169385,-1.653752170634161
1778742413528389979,-0.24009653584276208,1.705582806405108,-1.65358276114723
1778742413544287540,-0.2406540850965842,1.6988578794293288,-1.653447233557685
1778742413577369925,-0.24121003169718588,1.6921398436764261,-1.6532778240707533
1778742413578107721,-0.24176506781349255,1.6854217326391183,-1.6531761783785948
1778742413594190054,-0.24231919343530947,1.6787035464408022,-1.6530067688916634
1778742413627473542,-0.24287286909100023,1.671978299436543,-1.6528712413021185
1778742413628208362,-0.24342517369332023,1.6652599632864047,-1.6527695956099597
1778742413644444328,-0.24397656777066654,1.6585415523454554,-1.6526001861230284
1778742413660869173,-0.24452750901112194,1.6518160807820954,-1.6524646585334832
1778742413677511824,-0.24507708200815403,1.6450975206297314,-1.6523630128413251
1778742413694246460,-0.24562642813096716,1.6383719185869883,-1.65222748525178
1778742413727244785,-0.2461744076495975,1.6316532282795577,-1.6521258395596212
1778742413727953004,-0.24672215862386698,1.6249274961357545,-1.651990311970076
1778742413760561546,-0.24726834446783305,1.618210723558809,-1.6518787098652463
1778742413777620470,-0.24781398063937263,1.611491842538259,-1.6517770641730876
1778742413793958771,-0.24835938581054612,1.6047659197614752,-1.6516415365835426
1778742413794788842,-0.24890342842769328,1.5980469095195775,-1.651539890891384
1778742413810824416,-0.24944723837436444,1.5913208575764313,-1.6514043633018392
1778742413827628214,-0.24998968740651617,1.5846017184911378,-1.6513027176096804
1778742413844414208,-0.25053145346432376,1.5778825243029477,-1.6512010719175216
1778742413877259310,-0.2510729844658068,1.5711562884927466,-1.6510655443279767
1778742413877989471,-0.2516131568950558,1.564436966001105,-1.650963898635818
1778742413910788606,-0.25215264633133005,1.5577175886379748,-1.6508622529436592
1778742413911590334,-0.2526914527690555,1.5509981564727793,-1.6507606072515002
1778742413927643261,-0.25322644786074916,1.5441590497875561,-1.64696583474424
1778742413944165622,-0.2537291449123931,1.5373876839228084,-1.642832243263117
1778742413977317800,-0.2541942118453495,1.530725897619731,-1.6381565414238142
1778742413993905076,-0.25462552771262476,1.5240688556623272,-1.6328370835341723
1778742413994607774,-0.25502277310669863,1.517346582825192,-1.6268061057994192
1778742414010901941,-0.2553783579200952,1.5106149678302236,-1.6203346633986444
1778742414027852618,-0.2556898771989555,1.5038671547964402,-1.6135244020240076
1778742414044195167,-0.2559551380965522,1.4971103596496116,-1.6065447311624392
1778742414061054641,-0.2561728854116101,1.4903448628380844,-1.5993956508139398
1778742414077657787,-0.256342031219076,1.4835779765012367,-1.5921788066706677
1778742414094208663,-0.2564623565206801,1.476796043825237,-1.5848941987326233
1778742414127259517,-0.2565332335109452,1.470006413757829,-1.5775757088971922
1778742414127992644,-0.2565542824572302,1.4632234464173608,-1.5702233371643757
1778742414160769066,-0.2565252305677489,1.4564405086329109,-1.5628032016367859
1778742414177304352,-0.2564456198171276,1.4496579758369426,-1.5553153023144237
1778742414193957363,-0.25631476529361197,1.4428762381471114,-1.5476918754025164
1778742414210677591,-0.2561319852540874,1.436095701261499,-1.5400006846958374
1778742414211389397,-0.2558973164040319,1.4293307702543996,-1.532241730194385
1778742414227646142,-0.2556099372124501,1.4225678733750848,-1.5244150118981605
1778742414260721293,-0.2552687109279042,1.4158004705776495,-1.5164188841150046
1778742414277796458,-0.25487374246674027,1.409050015488199,-1.5082872287423037
1778742414293998198,-0.2544236666928788,1.402303010538017,-1.5000878095748302
1778742414310970958,-0.25391887549508846,1.3955739177428006,-1.4917528628178114
1778742414327695394,-0.2533582562446101,1.3888562703081704,-1.4833162703686344
1778742414344029457,-0.25273947367517985,1.3821296713806461,-1.474811914124685
1778742414344749880,-0.2520652697009894,1.3754295068303395,-1.4662059121885762
1778742414360852301,-0.2513332029673196,1.3687354173256008,-1.4575321464576956
1778742414377635720,-0.2505419399949003,1.3620410178821496,-1.4487567350346557
1778742414394326582,-0.2496947229744409,1.355374637805958,-1.4400152055090025
1778742414427470474,-0.24878692617798817,1.3487021074780876,-1.431138148393804
1778742414444070524,-0.24782194387438022,1.3420517534158047,-1.4222610912786056
1778742414444783382,-0.246795831504614,1.3353963909610158,-1.413384034163407
1778742414461007325,-0.2457124869205833,1.3287642898978345,-1.4043714494586639
1778742414494111722,-0.24457049340413997,1.3221491391203841,-1.3953249828565342
1778742414494841863,-0.2433723516644625,1.3155652709282313,-1.386244634357018
1778742414510861457,-0.24211162162369318,1.3089788458156,-1.3770965220627296
1778742414527869022,-0.24079300491481945,1.30241804449449,-1.3678128821788964
1778742414544306542,-0.23941642370124705,1.2958834666074004,-1.3585292422950628
1778742414561060645,-0.23797901705121083,1.289361998511762,-1.3491778386164563
1778742414594362869,-0.23648214970119455,1.2828611040243507,-1.339792553040464
1778742414610583876,-0.23491910179437994,1.276354204206388,-1.330305621772313
1778742414611291976,-0.23330097354562296,1.2698896425839286,-1.3207509267093893
1778742414627567857,-0.23161927930173318,1.2634340910606219,-1.3111623497490799
1778742414660886231,-0.22987360666313217,1.2569882931240712,-1.3014721270966114
1778742414661635479,-0.228069128852256,1.2505732517500772,-1.2917141406493704
1778742414693964488,-0.22620606230234078,1.2441895629238116,-1.2819561542021292
1778742414694695261,-0.22426135673914696,1.2377644178458789,-1.271825466883639
1778742414727371671,-0.22228427014769978,1.231459119073424,-1.2620674804363983
1778742414728075102,-0.22023441915962524,1.2251402932389284,-1.2521400845022261
1778742414760611667,-0.21811960791116747,1.21883552731279,-1.2421788066706674
1778742414777478845,-0.21594428487902523,1.2125587910027456,-1.2321836469417224
1778742414778219627,-0.21370612265031144,1.2063041863919042,-1.222120723418005
1778742414810983455,-0.21140492405314454,1.2000724984972486,-1.2119900360995153
1778742414827371280,-0.2090433096653715,1.193870944378847,-1.2018932306784118
1778742414828086423,-0.20661899153275884,1.1876936328607282,-1.1917286614625358
1778742414844185307,-0.20413452929008372,1.1815478140898301,-1.181530210349273
1778742414877240791,-0.20157117349032658,1.1753889628946923,-1.1712639954412387
1778742414894149418,-0.19897820785251574,1.1693337916996613,-1.1611333081227486
1778742414910901998,-0.19631254579162788,1.1632796632919429,-1.1509348570094862
1778742414927207607,-0.1935820880870443,1.1572467962518465,-1.1406347602040652
1778742414927892071,-0.1907926906695732,1.1512486726246272,-1.1303685452960306
1778742414944207989,-0.18793874532221408,1.1452732328956794,-1.1200684484906096
1778742414960798811,-0.18730417056782445,1.14396279370171,-1.1195941019272018
1778742414977533126,-0.1846336735619731,1.1385129123505484,-1.1107509267093896
1778742415010675225,-0.18180199382978204,1.1328694926519705,-1.1007218850830585
1778742415011435273,-0.17887700158846448,1.1271871250654593,-1.090116851201161
1778742415027806085,-0.17585345476306521,1.1214614120448287,-1.0797828724983538
1778742415044172941,-0.1727341460300307,1.1156995879388694,-1.0694150118981605
1778742415077414238,-0.16953857977543077,1.1099396465057936,-1.0591487969901254
1778742415078126996,-0.16628049445327364,1.104206783692718,-1.0488487001847044
1778742415094319229,-0.16295668508598843,1.0984955705737784,-1.0386163671740558
1778742415127311802,-0.1595709327265108,1.0928127098540097,-1.028350152266021
1778742415144055886,-0.15612682698550273,1.0871650235450194,-1.0180161735632136
1778742415160686414,-0.15262112250471824,1.0815471128930592,-1.007783840552565
1778742415177416301,-0.14905792909948137,1.0759654879722251,-0.9974837437471437
1778742415193896812,-0.14543743444525964,1.0704208597196954,-0.9871836469417226
1778742415194653254,-0.14176400316808632,1.0649195755376262,-0.9769174320336876
1778742415227066473,-0.1380223558879455,1.059439012461535,-0.9666173352282666
1778742415243740203,-0.1342404826400219,1.0540202396542806,-0.9563172384228454
1778742415244082826,-0.13039486684001456,1.0486293099460824,-0.9460171416174242
1778742415260834334,-0.12649392891668748,1.04327827571723,-0.9357170448120031
1778742415293953679,-0.12253808272466535,1.037967704664597,-0.9254169480065821
1778742415310575169,-0.11852774794384897,1.0326981601922753,-0.915116851201161
1778742415311223675,-0.11446352717038905,1.0274700636452923,-0.9048845181905124
1778742415343851554,-0.11034140807445905,1.0222785537340073,-0.894550539487705
1778742415360515455,-0.10617485363400231,1.0171406505532623,-0.8842843245796703
1778742415360918743,-0.10194667060943059,1.0120351526039215,-0.8739503458768629
1778742415377495759,-0.09767056013013564,1.0069788928035488,-0.8636502490714418
1778742415394599528,-0.09334259743483521,1.001966944788247,-0.8533501522660206
1778742415410684396,-0.08896778696389859,0.9970051650326167,-0.8430161735632131
1778742415427542988,-0.08454210264894949,0.9920887086518061,-0.8327499586551784
1778742415444142917,-0.08006136001451909,0.9872128672429826,-0.8224498618497572
1778742415477233037,-0.07553063431294364,0.9823834357425798,-0.8121497650443361
1778742415477641886,-0.07095040621369832,0.9776009265100865,-0.8018496682389151
1778742415494260571,-0.06631634844701205,0.9728607630514055,-0.7915834533308802
1778742415511067785,-0.061638896145994194,0.9681732984945578,-0.7813511203202318
1778742415527947918,-0.056908652275459326,0.9635291156896644,-0.7710849054121969
1778742415560718549,-0.05213610316257267,0.9589385101778517,-0.7608525724015481
1778742415577265738,-0.04731667823438594,0.9543971417319346,-0.750552475596127
1778742415593860146,-0.04245088543054047,0.9499054889860018,-0.7403201425854784
1778742415610548223,-0.04138609444549388,0.9489330774691204,-0.739845796022071
1778742415611268576,-0.040351933025307096,0.9479894090119824,-0.7395069770482084
1778742415627760539,-0.03954453935969602,0.9472541679163334,-0.7378128821788956
1778742415660656138,-0.038927380781284326,0.9466947000539027,-0.7350006846958369
1778742415661059116,-0.034486341166492664,0.9427139384257904,-0.7265979741440458
1778742415677324378,-0.03009097986913986,0.938839834649982,-0.7182969092844138
1778742415710652861,-0.02568386378857112,0.9350217344872843,-0.709521497861374
1778742415710987719,-0.021249318683329542,0.9312463158734644,-0.7010510235148106
1778742415727574774,-0.01671207342283032,0.9274514996136071,-0.692004556912681
1778742415744329859,-0.011890219104973754,0.923495505435481,-0.6821449247732811
1778742415760956109,-0.0069029700772727486,0.9194877939768433,-0.671709300378315
1778742415794013385,-0.0018138521900126102,0.9154844823315216,-0.6613753216755077
1778742415810678840,0.0033715545467260088,0.9114909147567101,-0.6511768705622454
1778742415827260895,0.008619641675375128,0.9075334015867879,-0.6410461832437554
1778742415827912236,0.013924379068737395,0.9036166941446289,-0.630949377822652
1778742415844103176,0.019274261205342477,0.8997499174347019,-0.6207509267093896
1778742415877236177,0.02466894971011013,0.8959337675507838,-0.6105863574935136
1778742415877906043,0.030113787098342684,0.8921648645518059,-0.6003540244828651
1778742415910812162,0.031309616655112206,0.8913465781281397,-0.5998457960220712
1778742415911517977,0.032459576962047626,0.8905604227411626,-0.5994730951508224
1778742415927442349,0.03336746205005774,0.8899411121026549,-0.5978128821788959
1778742415944408506,0.03406243575589152,0.8894692948200129,-0.5950345665932232
1778742415977175289,0.03464279003260727,0.8890779012667986,-0.5916463768545979
1778742415993853207,0.03965081017735282,0.8857120595845708,-0.5918496682389153
1778742416010640132,0.04458675033048139,0.882389561306959,-0.5930694165448204
1778742416027482594,0.049526073003902084,0.8790595552217044,-0.5933065898265243
1778742416028171106,0.054457956874579334,0.8757310388125285,-0.5940519915690219
1778742416060600326,0.059465555792601925,0.8723520398370597,-0.593137180339593
1778742416077261732,0.0646635807581266,0.8688547892801533,-0.5913414397781215
1778742416077907272,0.06992662347254266,0.8653287991516599,-0.5892068802427876
1778742416094241726,0.07525001591722467,0.8617797292904283,-0.5868351474257497
1778742416127194654,0.08062294697028036,0.8582166658754566,-0.5842940051217809
1778742416127846035,0.08601684317462857,0.8546599251291106,-0.5816173352282668
1778742416160768886,0.09144389800499442,0.8511026513319166,-0.5788051377452077
1778742416177111414,0.0968985909063748,0.847549283161908,-0.5759590583647624
1778742416177409202,0.10235755862720007,0.844015350448487,-0.5730790970869308
1778742416194015393,0.10782085371389419,0.8405010336164833,-0.570165253911713
1778742416227274575,0.11329436576122612,0.8370026508661668,-0.5672514107364952
1778742416227943619,0.11881314685043605,0.833497155282176,-0.5645408589455949
1778742416260391044,0.12440585928159224,0.8299644802812184,-0.5622030080259433
1778742416277458945,0.1300300439670959,0.8264292298483146,-0.5601362122853818
1778742416278121588,0.13567315222452234,0.8228978026304655,-0.5582049441343654
1778742416310587949,0.14133471306463502,0.8193694928575427,-0.5564092035728939
1778742416311186560,0.1470143760797519,0.8158437797332637,-0.5546812268061949
1778742416327491567,0.15270601699864,0.8123241082073343,-0.5529871319368823
1778742416344240179,0.15840951270643885,0.8088103157104557,-0.5513269189649558
1778742416361152414,0.16411883419515072,0.8053059970693311,-0.5496667059930295
1778742416393938945,0.16983987838390308,0.8018074131571828,-0.5480403749184893
1778742416410705732,0.1755606861152242,0.7983218773445342,-0.5463801619465629
1778742416411255369,0.1812992404795458,0.7948385796530175,-0.5447199489746367
1778742416443950867,0.18703752124424522,0.7913683390467366,-0.5430936179000965
1778742416444646162,0.19278749260714625,0.7879039201451288,-0.5414334049281699
1778742416460929357,0.19854320771626402,0.7844490521906805,-0.5397731919562436
1778742416477567179,0.20431060003981666,0.7810000543962152,-0.5381468608817035
1778742416510621239,0.21007763861941925,0.777564121477578,-0.536486647909777
1778742416511248725,0.2158563350578872,0.7741340970648314,-0.5348603168352368
1778742416527859164,0.22164060220699705,0.7707134752576553,-0.5332339857606965
1778742416560565042,0.22743639798264123,0.7672986135727514,-0.5316415365835427
1778742416577399919,0.23323153010954123,0.7638964313860114,-0.5300829693037751
1778742416593801109,0.23903195772556163,0.7605032854311035,-0.5285244020240074
1778742416594177166,0.24484365696381638,0.7571155603885316,-0.5269997166416261
1778742416610779089,0.2506542901860561,0.7537399209592376,-0.5255766769514033
1778742416627275852,0.2564697211921752,0.7503725537067586,-0.5241536372611808
1778742416644193607,0.26230194960505526,0.7470062697407219,-0.5227983613657305
1778742416660841317,0.2681266002150459,0.7436548752143292,-0.5214430854702805
1778742416677544052,0.27397383328434444,0.7403006321651001,-0.5201894552669892
1778742416710555932,0.279813114228446,0.7369606730252524,-0.5189358250636978
1778742416727193213,0.285656577656633,0.7336280368069649,-0.5176821948604065
1778742416743869958,0.29150410171428265,0.7303025306206514,-0.5164963284518875
1778742416744513845,0.2973555652654606,0.7269839611533605,-0.5153104620433688
1778742416777601410,0.3031804391568076,0.7236894645074518,-0.5141584775322362
1778742416793888864,0.30897263350435566,0.7204225110887094,-0.5129387292263308
1778742416794435024,0.31486552948349755,0.7171061243532677,-0.512261091278606
1778742416827262914,0.3207302140857469,0.7138109758716148,-0.5115495714334946
1778742416828015808,0.32651187985630703,0.7105681403966742,-0.5107702877936108
1778742416860455468,0.3323206127819385,0.7073163300088002,-0.5099232403589543
1778742416877060487,0.338187151869527,0.704038812787824,-0.5090423110269117
1778742416893884333,0.3440994296653882,0.7007427041329757,-0.508127499797483
1778742416910969086,0.34537772261083566,0.7000311311250423,-0.5077547989262341
1778742416927245930,0.34661973943173796,0.6993407433958672,-0.5069077514915777
1778742416943881868,0.347862106966914,0.6986509869841242,-0.5067383420046466
1778742416960667070,0.34900672609226346,0.6980159058413682,-0.5063656411333977
1778742416961266172,0.3494474971829127,0.6977714946189418,-0.5062301135438526
1778742416977532285,0.3496005470133828,0.6976866373894733,-0.5062639954412389
1778742417010844538,0.34964952249910636,0.6976594822463483,-0.5062639954412389
1778742417011569108,0.34966176637053725,0.6976526934605671,-0.506263995441239
1778742417044069454,0.34966788824874756,0.6976492989639655,-0.5062978773386253
1778742417060716253,0.34966176637053725,0.6976526934605671,-0.506263995441239
1778742417061575039,0.34966176637053725,0.6976526934605671,-0.506263995441239
1778742417077643525,0.34965564449232694,0.6976560879571687,-0.5062978773386253
1778742417110696835,0.3496495226141166,0.6976594824537703,-0.5062639954412389
1778742417127199589,0.3496434007359063,0.6976628769503719,-0.5062978773386251
1778742417127852854,0.34963727885769597,0.6976662714469735,-0.5062639954412388
1778742417160874312,0.34963115697948566,0.697669665943575,-0.506297877338625
1778742417177286935,0.34962503510127535,0.6976730604401766,-0.5062639954412387
1778742417193970413,0.349618913223065,0.6976764549367782,-0.5062978773386253
1778742417210706492,0.349618913223065,0.6976764549367782,-0.5062978773386253
1778742417211354106,0.3496127913448547,0.6976798494333798,-0.5062639954412389
1778742417227476626,0.34960666946664437,0.6976832439299814,-0.5062978773386251
1778742417260585411,0.34960054758843406,0.697686638426583,-0.5062639954412388
1778742417261236261,0.34959442571022376,0.6976900329231845,-0.506297877338625
1778742417277450546,0.34959442571022376,0.6976900329231845,-0.506297877338625
1778742417310745726,0.34958218206881686,0.6976968221238075,-0.506297877338625
1778742417311408549,0.34958218206881686,0.6976968221238075,-0.506297877338625
1778742417343922020,0.3495699384274099,0.6977036113244305,-0.5062978773386251
1778742417344546219,0.3495699384274099,0.6977036113244305,-0.5062978773386251
1778742417377476203,0.3495638165491996,0.6977070058210321,-0.5062639954412388
1778742417394101401,0.3495576946709893,0.6977104003176336,-0.506297877338625
1778742417394760487,0.3495576946709893,0.6977104003176336,-0.506297877338625
1778742417411068630,0.3495454510295824,0.6977171895182566,-0.506297877338625
1778742417444137760,0.3495454510295824,0.6977171895182566,-0.506297877338625
1778742417460615195,0.3495332073881755,0.6977239787188795,-0.5062978773386249
1778742417477212570,0.3495332073881755,0.6977239787188795,-0.5062978773386249
1778742417493930454,0.34952708562498064,0.6977273734228999,-0.5063317592360113
1778742417494586614,0.34952096386178577,0.6977307681269204,-0.506297877338625
1778742417527220404,0.34952096386178577,0.6977307681269204,-0.506297877338625
1778742417527906211,0.3495087202203789,0.6977375573275433,-0.506297877338625
1778742417544172955,0.3495087202203789,0.6977375573275433,-0.506297877338625
1778742417577366301,0.349496476578972,0.6977443465281662,-0.5062978773386249
1778742417593929040,0.349496476578972,0.6977443465281662,-0.5062978773386249
1778742417610860030,0.34948423293756503,0.6977511357287892,-0.506297877338625
1778742417627411096,0.34948423293756503,0.6977511357287892,-0.506297877338625
1778742417644137506,0.3494781111743702,0.6977545304328097,-0.5063317592360111
1778742417660533998,0.3494719894111754,0.6977579251368301,-0.506297877338625
1778742417661239512,0.3494658676479806,0.6977613198408505,-0.506331759236011
1778742417694053375,0.3494597458847858,0.697764714544871,-0.5062978773386249
1778742417694729173,0.3494597458847858,0.697764714544871,-0.5062978773386249
1778742417710959227,0.349453624121591,0.6977681092488914,-0.5063317592360109
1778742417743872911,0.34944750235839617,0.6977715039529119,-0.5062978773386246
1778742417760546130,0.3494413805952013,0.6977748986569323,-0.5063317592360111
1778742417777241711,0.3494352588320065,0.6977782933609528,-0.506297877338625
1778742417777907209,0.3494291370688117,0.6977816880649732,-0.506331759236011
1778742417794375217,0.34942301530561687,0.6977850827689936,-0.5062978773386249
1778742417827560247,0.34941689354242206,0.6977884774730141,-0.5063317592360109
1778742417843915971,0.34941689354242206,0.6977884774730141,-0.5063317592360109
1778742417844626545,0.34940465013105315,0.697795267088471,-0.5063317592360108
1778742417877279181,0.34940465013105315,0.697795267088471,-0.5063317592360108
1778742417893843853,0.3493985283678583,0.6977986617924914,-0.5062978773386245
1778742417910548141,0.3493924066046634,0.6978020564965118,-0.506331759236011
1778742417927512224,0.3493924066046634,0.6978020564965118,-0.506331759236011
1778742417928212850,0.3493801631932945,0.6978088461119687,-0.5063317592360109
1778742417944102415,0.3493801631932945,0.6978088461119687,-0.5063317592360109
1778742417960951239,0.3493679197819256,0.6978156357274256,-0.5063317592360108
1778742417977452089,0.3493679197819256,0.6978156357274256,-0.5063317592360108
1778742418010612793,0.3493556763705567,0.6978224253428824,-0.5063317592360107
1778742418027193686,0.3493556763705567,0.6978224253428824,-0.5063317592360107
1778742418027861950,0.3493495547223844,0.6978258202543178,-0.5063656411333972
1778742418044672150,0.34934343307421206,0.6978292151657532,-0.5063317592360109
1778742418077505059,0.34934343307421206,0.6978292151657532,-0.5063317592360109
1778742418078237585,0.34933118966284316,0.6978360047812101,-0.5063317592360108
1778742418110716299,0.34933118966284316,0.6978360047812101,-0.5063317592360108
1778742418127584019,0.34931894625147425,0.697842794396667,-0.5063317592360107
1778742418144196542,0.34931894625147425,0.697842794396667,-0.5063317592360107
1778742418161035637,0.34931282460330193,0.6978461893081024,-0.5063656411333969
1778742418177543310,0.3493067029551296,0.6978495842195378,-0.5063317592360106
1778742418193985199,0.3493005813069573,0.6978529791309732,-0.5063656411333971
1778742418210711098,0.349294459658785,0.6978563740424086,-0.5063317592360108
1778742418211462259,0.349294459658785,0.6978563740424086,-0.5063317592360108
1778742418227640135,0.34928833801061265,0.697859768953844,-0.506365641133397
1778742418244162787,0.34928221636244033,0.6978631638652795,-0.5063317592360107
1778742418277421567,0.349276094714268,0.6978665587767149,-0.5063656411333969
1778742418293865990,0.3492699730660957,0.6978699536881503,-0.5063317592360106
1778742418310848137,0.3492638514179234,0.6978733485995857,-0.5063656411333968
1778742418327231264,0.3492638514179234,0.6978733485995857,-0.5063656411333968
1778742418327875822,0.3492516082366065,0.6978801386298688,-0.506365641133397
1778742418344220705,0.3492516082366065,0.6978801386298688,-0.506365641133397
1778742418377229760,0.3492454865884342,0.6978835335413042,-0.5063317592360107
1778742418377925365,0.34923936494026186,0.6978869284527396,-0.5063656411333969
1778742418410592900,0.34923324329208955,0.697890323364175,-0.5063317592360106
1778742418427488101,0.3492271216439172,0.6978937182756104,-0.5063656411333968
1778742418443895073,0.3492271216439172,0.6978937182756104,-0.5063656411333968
1778742418444507210,0.34921487846260035,0.6979005083058935,-0.506365641133397
1778742418477524150,0.34921487846260035,0.6979005083058935,-0.506365641133397
1778742418493920561,0.34920263528128354,0.6979072983361764,-0.5063656411333969
1778742418510570786,0.34920263528128354,0.6979072983361764,-0.5063656411333969
1778742418511309844,0.3491965136331112,0.6979106932476118,-0.5063317592360106
1778742418544183482,0.3491903919849389,0.6979140881590472,-0.5063656411333968
1778742418544918131,0.3491842704517962,0.6979174832778937,-0.506399523030783
1778742418560942784,0.3491781489186534,0.6979208783967402,-0.5063656411333967
1778742418593982197,0.3491781489186534,0.6979208783967402,-0.5063656411333967
1778742418594724111,0.3491659057373365,0.6979276684270233,-0.5063656411333969
1778742418610932264,0.3491659057373365,0.6979276684270233,-0.5063656411333969
1778742418627467810,0.3491597842041938,0.6979310635458698,-0.506399523030783
1778742418661028746,0.349153662671051,0.6979344586647163,-0.5063656411333968
1778742418677733786,0.3491475411379083,0.6979378537835628,-0.506399523030783
1778742418678564990,0.3491414196047655,0.6979412489024093,-0.5063656411333967
1778742418710602704,0.3491414196047655,0.6979412489024093,-0.5063656411333967
1778742418727264732,0.3491352980716228,0.6979446440212558,-0.5063995230307828
1778742418743912021,0.34912917653848,0.6979480391401023,-0.5063656411333965
1778742418760585801,0.34912305500533725,0.6979514342589489,-0.506399523030783
1778742418761347573,0.34911693347219447,0.6979548293777954,-0.5063656411333968
1778742418777522502,0.34911081193905175,0.6979582244966419,-0.506399523030783
1778742418810772326,0.34910469040590897,0.6979616196154884,-0.5063656411333967
1778742418811505022,0.34909856887276625,0.6979650147343349,-0.5063995230307828
1778742418827599909,0.34909856887276625,0.6979650147343349,-0.5063995230307828
1778742418860876053,0.34909244733962347,0.6979684098531814,-0.5063656411333965
1778742418877690701,0.34908632580648075,0.6979718049720279,-0.5063995230307827
1778742418894061404,0.34908020427333797,0.6979752000908744,-0.5063656411333964
1778742418894800542,0.3490740827401952,0.697978595209721,-0.506399523030783
1778742418910991683,0.3490740827401952,0.697978595209721,-0.506399523030783
1778742418944135635,0.3490618397889445,0.6979853856548224,-0.5063995230307828
1778742418944857330,0.3490618397889445,0.6979853856548224,-0.5063995230307828
1778742418960922420,0.34905571825580173,0.6979887807736689,-0.5063656411333965
1778742418977631277,0.349049596722659,0.6979921758925154,-0.5063995230307827
1778742418994278346,0.349049596722659,0.6979921758925154,-0.5063995230307827
1778742419027280197,0.3490373537714083,0.6979989663376167,-0.5063995230307826
1778742419043997911,0.3490373537714083,0.6979989663376167,-0.5063995230307826
1778742419060894916,0.3490251108201576,0.698005756782718,-0.5063995230307828
1778742419061673139,0.3490251108201576,0.698005756782718,-0.5063995230307828
1778742419093942925,0.34901898940205145,0.6980091521089717,-0.506433404928169
1778742419110857504,0.34901286798394526,0.6980125474352254,-0.5063995230307827
1778742419111635687,0.34900674656583913,0.6980159427614792,-0.5064334049281689
1778742419127638288,0.34900062514773295,0.6980193380877329,-0.5063995230307826
1778742419160672100,0.34899450372962676,0.6980227334139867,-0.5064334049281691
1778742419161418172,0.3489883823115206,0.6980261287402404,-0.5063995230307828
1778742419194283172,0.3489883823115206,0.6980261287402404,-0.5063995230307828
1778742419195077927,0.34898226089341444,0.6980295240664941,-0.506433404928169
1778742419210833858,0.34897613947530826,0.6980329193927478,-0.5063995230307827
1778742419243991987,0.3489700180572021,0.6980363147190015,-0.5064334049281689
1778742419244730654,0.34896389663909594,0.6980397100452552,-0.5063995230307826
1778742419260989394,0.3489577752209898,0.6980431053715089,-0.5064334049281688
1778742419294005622,0.3489516538028836,0.6980465006977626,-0.5063995230307825
1778742419310894802,0.34894553238477743,0.6980498960240165,-0.506433404928169
1778742419311617199,0.34894553238477743,0.6980498960240165,-0.506433404928169
1778742419344092236,0.34893941096667125,0.6980532913502702,-0.5063995230307827
1778742419344832046,0.3489332895485651,0.6980566866765239,-0.5064334049281689
1778742419377660196,0.34892716813045893,0.6980600820027776,-0.5063995230307826
1778742419393995291,0.3489210467123528,0.6980634773290313,-0.5064334049281688
1778742419410662869,0.3489149252942466,0.698066872655285,-0.5063995230307825
1778742419411384103,0.3489088038761405,0.6980702679815387,-0.5064334049281686
1778742419444095311,0.3489088038761405,0.6980702679815387,-0.5064334049281686
1778742419460656015,0.34889656115497,0.6980770588414505,-0.5064334049281689
1778742419477453972,0.34889656115497,0.6980770588414505,-0.5064334049281689
1778742419494036538,0.3488843184337995,0.6980838497013624,-0.5064334049281688
1778742419494782820,0.3488843184337995,0.6980838497013624,-0.5064334049281688
1778742419510988478,0.3488843184337995,0.6980838497013624,-0.5064334049281688
1778742419544202183,0.34887207571262907,0.6980906405612742,-0.5064334049281686
1778742419545047704,0.34887207571262907,0.6980906405612742,-0.5064334049281686
1778742419577422701,0.3488598329914586,0.6980974314211861,-0.5064334049281686
1778742419593895618,0.3488598329914586,0.6980974314211861,-0.5064334049281686
1778742419594649194,0.348853711688396,0.6981008269548432,-0.5064672868255551
1778742419627239140,0.3488475903853335,0.6981042224885002,-0.5064334049281688
1778742419627983839,0.3488414690822709,0.6981076180221573,-0.506467286825555
1778742419660661613,0.3488353477792084,0.6981110135558143,-0.5064334049281686
1778742419661390051,0.3488353477792084,0.6981110135558143,-0.5064334049281686
1778742419677846828,0.34882310505803793,0.6981178044157261,-0.5064334049281686
1778742419694273987,0.34882310505803793,0.6981178044157261,-0.5064334049281686
1778742419710938410,0.3488169837549754,0.6981211999493832,-0.5064672868255548
1778742419744441857,0.34881086245191284,0.6981245954830402,-0.5064334049281685
1778742419760704914,0.34880474114885024,0.6981279910166973,-0.506467286825555
1778742419761428363,0.3487986198457877,0.6981313865503543,-0.5064334049281686
1778742419777588223,0.3487986198457877,0.6981313865503543,-0.5064334049281686
1778742419794266462,0.34879249854272515,0.6981347820840114,-0.5064672868255549
1778742419810878094,0.3487863772396626,0.6981381776176684,-0.5064334049281686
1778742419827292199,0.34878025593660006,0.6981415731513254,-0.5064672868255548
1778742419860429909,0.3487741346335375,0.6981449686849824,-0.5064334049281685
1778742419861028099,0.3487680133304749,0.6981483642186396,-0.506467286825555
1778742419877545761,0.34876189202741237,0.6981517597522966,-0.5064334049281686
1778742419894199944,0.3487557707243498,0.6981551552859536,-0.5064672868255549
1778742419927547083,0.3487557707243498,0.6981551552859536,-0.5064672868255549
1778742419943971027,0.3487435282332736,0.6981619465606681,-0.5064672868255548
1778742419960672109,0.3487435282332736,0.6981619465606681,-0.5064672868255548
1778742419977697078,0.34873740693021105,0.6981653420943251,-0.5064334049281685
1778742419978326838,0.3487312856271485,0.6981687376279821,-0.5064672868255546
1778742419994193681,0.3487312856271485,0.6981687376279821,-0.5064672868255546
1778742420010959736,0.3487190431360722,0.6981755289026967,-0.5064672868255549
1778742420044229649,0.3487190431360722,0.6981755289026967,-0.5064672868255549
1778742420044946865,0.348706800644996,0.6981823201774112,-0.5064672868255548
1778742420060995223,0.348706800644996,0.6981823201774112,-0.5064672868255548
1778742420077536701,0.3487006794569841,0.6981857159184677,-0.5065011687229409
1778742420094204170,0.34869455826897217,0.6981891116595241,-0.5064672868255546
1778742420127293367,0.34869455826897217,0.6981891116595241,-0.5064672868255546
1778742420143987876,0.34868231577789593,0.6981959029342386,-0.5064672868255545
1778742420161071848,0.34868231577789593,0.6981959029342386,-0.5064672868255545
1778742420177604599,0.34867619458988397,0.6981992986752951,-0.506501168722941
1778742420178276269,0.34867007340187206,0.6982026944163515,-0.5064672868255548
1778742420194198257,0.34866395221386015,0.698206090157408,-0.5065011687229409
1778742420210786203,0.34865783102584824,0.6982094858984644,-0.5064672868255546
1778742420227472016,0.34865170983783633,0.6982128816395209,-0.5065011687229408
1778742420244034774,0.3486455886498244,0.6982162773805773,-0.5064672868255545
1778742420277264750,0.3486455886498244,0.6982162773805773,-0.5064672868255545
1778742420293854099,0.3486394674618125,0.6982196731216338,-0.5065011687229407
1778742420294510089,0.3486333462738006,0.6982230688626903,-0.5064672868255544
1778742420327453098,0.34862722508578864,0.6982264646037467,-0.5065011687229409
1778742420344113363,0.34862110389777673,0.6982298603448032,-0.5064672868255546
1778742420344752280,0.3486149827097648,0.6982332560858596,-0.5065011687229408
1778742420377446405,0.3486149827097648,0.6982332560858596,-0.5065011687229408
1778742420393977022,0.3486027404487969,0.6982400477753691,-0.5065011687229407
1778742420410557314,0.3486027404487969,0.6982400477753691,-0.5065011687229407
1778742420411167006,0.348590498187829,0.6982468394648785,-0.5065011687229406
1778742420444032006,0.348590498187829,0.6982468394648785,-0.5065011687229406
1778742420460582541,0.3485843769998171,0.698250235205935,-0.5064672868255543
1778742420477215123,0.3485782558118051,0.6982536309469914,-0.5065011687229408
1778742420477901561,0.3485782558118051,0.6982536309469914,-0.5065011687229408
1778742420510518057,0.3485660135508372,0.6982604226365009,-0.5065011687229407
1778742420527224400,0.3485660135508372,0.6982604226365009,-0.5065011687229407
1778742420544687163,0.3485537712898693,0.6982672143260104,-0.5065011687229406
1778742420560796137,0.3485537712898693,0.6982672143260104,-0.5065011687229406
1778742420577327776,0.34854152902890134,0.6982740060155198,-0.5065011687229408
1778742420593967882,0.34854152902890134,0.6982740060155198,-0.5065011687229408
1778742420610615222,0.34854152902890134,0.6982740060155198,-0.5065011687229408
1778742420627231452,0.34852928676793343,0.6982807977050293,-0.5065011687229407
1778742420643857371,0.3485231656949792,0.6982841936534813,-0.5065350506203269
1778742420644500226,0.34851704462202493,0.6982875896019333,-0.5065011687229406
1778742420660775867,0.34851704462202493,0.6982875896019333,-0.5065011687229406
1778742420694050588,0.3485109235490707,0.6982909855503853,-0.5065350506203268
1778742420694699304,0.3485048024761164,0.6982943814988373,-0.5065011687229405
1778742420727314950,0.34849868140316215,0.6982977774472893,-0.506535050620327
1778742420727897480,0.34849256033020787,0.6983011733957413,-0.5065011687229407
1778742420760546048,0.34849256033020787,0.6983011733957413,-0.5065011687229407
1778742420761173534,0.34848643925725364,0.6983045693441933,-0.5065350506203269
1778742420777587538,0.34848031818429936,0.6983079652926453,-0.5065011687229406
1778742420810888259,0.34847419711134514,0.6983113612410973,-0.5065350506203268
1778742420811616176,0.34846807603839086,0.6983147571895493,-0.5065011687229405
1778742420844112685,0.34846195496543664,0.6983181531380013,-0.5065350506203267
1778742420860514206,0.34845583389248236,0.6983215490864533,-0.5065011687229404
1778742420877199478,0.3484497128195281,0.6983249450349053,-0.5065350506203269
1778742420877871608,0.3484497128195281,0.6983249450349053,-0.5065350506203269
1778742420894194590,0.3484435917465738,0.6983283409833573,-0.5065011687229406
1778742420927244713,0.3484374706736196,0.6983317369318093,-0.5065350506203268
1778742420927913047,0.3484374706736196,0.6983317369318093,-0.5065350506203268
1778742420960760754,0.34842522864277403,0.6983385290361058,-0.5065350506203267
1778742420977265583,0.34841910756981975,0.6983419249845578,-0.5065011687229404
1778742420977937563,0.34841298649686553,0.6983453209330098,-0.5065350506203266
1778742421010747729,0.34841298649686553,0.6983453209330098,-0.5065350506203266
1778742421027152937,0.34840686542391125,0.6983487168814618,-0.5065011687229403
1778742421043743458,0.34840074435095697,0.6983521128299138,-0.5065350506203268
1778742421044348611,0.3483946232780027,0.6983555087783658,-0.5065011687229405
1778742421077405588,0.34838850220504847,0.6983589047268178,-0.5065350506203267
1778742421077825538,0.3483823812471589,0.6983623008826615,-0.5065689325177128
1778742421094181562,0.3483762602892694,0.6983656970385052,-0.5065350506203266
1778742421127113090,0.3483762602892694,0.6983656970385052,-0.5065350506203266
1778742421127546816,0.3483640182584238,0.6983724891428017,-0.5065350506203264
1778742421160495486,0.3483640182584238,0.6983724891428017,-0.5065350506203264
1778742421160835053,0.3483640182584238,0.6983724891428017,-0.5065350506203264
1778742421194086420,0.3483517762275782,0.6983792812470984,-0.5065350506203267
1778742421210885629,0.3483517762275782,0.6983792812470984,-0.5065350506203267
1778742421211584210,0.34833953419673264,0.6983860733513949,-0.5065350506203266
1778742421227442836,0.34833953419673264,0.6983860733513949,-0.5065350506203266
1778742421260413178,0.3483334132388431,0.6983894695072386,-0.5065689325177128
1778742421277093791,0.34832729228095355,0.6983928656630822,-0.5065350506203264
1778742421293866800,0.348321171323064,0.6983962618189259,-0.5065689325177126
1778742421294262403,0.35345713762983216,0.6955477571066704,-0.506196231646464
1778742421327105222,0.3586467826618673,0.6926661463693443,-0.5075515075419141
1778742421327649048,0.3638547382965067,0.6897742530262856,-0.5062301135438502
1778742421344315705,0.3690081487861967,0.6869139040397538,-0.5071788066706652
1778742421360698330,0.37413033075101393,0.6840694123594531,-0.5066705782098716
1778742421393910452,0.37923381749511664,0.6812345107645528,-0.5074159799523692
1778742421394426936,0.38437970333887794,0.6783750304126397,-0.5069755152863478
1778742421411133829,0.38991875363116796,0.6753007586518024,-0.5063995230307814
1778742421443985323,0.3956618843163667,0.6721181801480214,-0.5056541212882838
1778742421444603521,0.40151764052949473,0.668878892699768,-0.5049087195457863
1778742421477578852,0.4073636634747278,0.6656509367329355,-0.504095554008516
1778742421493809247,0.41326720963662367,0.66239682798946,-0.5034517979581774
1778742421494167099,0.4191360541637945,0.659166771501425,-0.5028080419078387
1778742421527190782,0.42499470741225337,0.6559472362687675,-0.5021642858574997
1778742421527578050,0.43084913188679363,0.6527345429949077,-0.5016221754993198
1778742421560464261,0.43672289441041906,0.6495134383992676,-0.5015882936019335
1778742421577105469,0.44267064061485195,0.646252548323283,-0.5014188841150021
1778742421577541129,0.4484723667243508,0.6430747819457218,-0.5007751280646634
1778742421610655985,0.4543245104547116,0.6398724929582632,-0.500605718577732
1778742421627508235,0.4602879615295444,0.6366111343030282,-0.5003007815012557
1778742421643752146,0.46610552337813466,0.6334331451372464,-0.499657025450917
1778742421644242270,0.472028997860427,0.6302008156278008,-0.49938597027182685
1778742421660903196,0.47794660114804155,0.6269723403947515,-0.49948761596398566
1778742421677411911,0.48386420443565614,0.623743865161702,-0.49938597027182685
1778742421694111050,0.48978246392218594,0.6205165929931207,-0.4990810331953505
1778742421710709366,0.4956834306472499,0.617301473755878,-0.4986744504267155
1778742421727608936,0.5015959596805774,0.614082614166747,-0.498413351660297
1778742421743979899,0.5075293249186638,0.610853806035026,-0.4983117059681383
1778742421777049700,0.5134447351541723,0.6076359375253382,-0.49810841458382077
1778742421777557347,0.5193733173553631,0.6044129859148227,-0.49776959560995815
1778742421810424331,0.5252967855893625,0.6011952840826452,-0.497464658533482
1778742421810817180,0.531221234744535,0.5979793886851271,-0.4971597214570056
1778742421844214064,0.5371527628568852,0.5947618619560385,-0.49688866627791567
1778742421860596489,0.5430790633600302,0.5915493795286277,-0.4965837292014393
1778742421861240506,0.5490062344054589,0.5883385035736536,-0.49634655591973553
1778742421893704111,0.5549342755576966,0.5851292343270219,-0.4960416188432593
1778742421910544819,0.5608693974866831,0.5819183416648382,-0.4957705636641693
1778742421927219291,0.5667991775458593,0.5787122865421374,-0.4955333903824655
1778742421943881148,0.5727359305753014,0.5755044106923871,-0.4952623352033753
1778742421960557683,0.5786612341794946,0.5723047961533941,-0.4949912800242854
1778742421977439049,0.5845935108641963,0.5691033629843051,-0.4947541067425817
1778742421994212478,0.5905327619359093,0.5659001145226406,-0.49448305156349154
1778742421994932751,0.5964666649138508,0.5627016967187292,-0.49424587828178784
1778742422027162741,0.6024074347672268,0.5595012658806671,-0.49404258689747027
1778742422027563485,0.6083427459595369,0.5563054620615256,-0.49380541361576635
1778742422060526432,0.6142788149441852,0.5531110660294883,-0.4935682403340626
1778742422077260186,0.6202218604636348,0.5499148629768413,-0.49329718515497273
1778742422077961412,0.6261595521645599,0.5467234842364275,-0.4930600118732688
1778742422110567179,0.6320980006082458,0.5435335138475863,-0.49282283859156495
1778742422111065899,0.6380370974227133,0.5403447507600582,-0.49265342910463383
1778742422127571859,0.643976842362515,0.5371571951056263,-0.4924162558229301
1778742422144091946,0.649923457849348,0.5339676389841955,-0.49221296443861257
1778742422160923126,0.655870721622577,0.5307792918243588,-0.4920096730542948
1778742422193883729,0.661806293370413,0.5275987660775221,-0.49180638166997726
1778742422210647851,0.667754852979052,0.5244128372361215,-0.49160309028565996
1778742422211485136,0.6737040601366518,0.5212281177514633,-0.49139979890134244
1778742422244252270,0.679647688672565,0.5180478094602626,-0.4912303894144111
1778742422260694900,0.6855918558975816,0.5148685081217548,-0.4910609799274799
1778742422261364576,0.6915366693243357,0.5116904152469185,-0.49082380664577624
1778742422293892194,0.6974821287071434,0.5085135309670961,-0.4906543971588449
1778742422294313787,0.7034404751034167,0.5053310581514985,-0.49048498767191345
1778742422310721951,0.7093870105336113,0.5021561884884351,-0.4903155781849821
1778742422327314446,0.7153340837315125,0.4989823262704419,-0.49014616869805094
1778742422360839074,0.7212816945264419,0.49580947158860733,-0.48997675921111966
1778742422361420121,0.7272298427477054,0.49263762453399096,-0.48980734972418827
1778742422393746655,0.733178528224594,0.48946678519762343,-0.4896379402372571
1778742422394045204,0.739133874831018,0.4862935611593064,-0.4895024126477121
1778742422427063296,0.7450897589262377,0.4831213460587327,-0.4892991212633946
1778742422443783775,0.7510400551455909,0.47995353042300654,-0.4891297117764633
1778742422460455752,0.7569907806367133,0.4767865212456744,-0.4890280660843045
1778742422461191503,0.7629419352903036,0.473620318584907,-0.4888586565973734
1778742422493949099,0.768899752929766,0.47045173641382293,-0.4887231290078284
1778742422494265262,0.7748518727992354,0.46728734862793636,-0.4885537195208972
1778742422527049628,0.7808106563798678,0.46412058336363515,-0.4884181919313519
1778742422527355140,0.7867637409117487,0.46095801074687515,-0.4882487824444207
1778742422543942686,0.7927172540047995,0.4577962449663543,-0.48814713675226196
1778742422560801729,0.7986773246450635,0.4546319027024605,-0.488011609162717
1778742422577467594,0.8046316945323887,0.45147175076862645,-0.48784219967578585
1778742422610547153,0.8105864926528026,0.4483124058452104,-0.4877405539836271
1778742422610979798,0.8165478493674413,0.44515048710482,-0.4876050263940821
1778742422627330512,0.8225035036258965,0.4419927563763152,-0.4874356169071505
1778742422660662543,0.8284595857892886,0.43883583283227384,-0.4873339712149918
1778742422661219644,0.8344222275928329,0.4356763381380822,-0.48719844362544684
1778742422677374706,0.8403790583266167,0.4325208273063707,-0.48709679793328814
1778742422710514349,0.8463424493101764,0.4293627468803526,-0.48696127034374315
1778742422727087147,0.8523000282792733,0.4262086489384721,-0.48685962465158444
1778742422727414390,0.8582579278180616,0.4230551565751223,-0.4867579789594257
1778742422744298151,0.8642223884768767,0.4198990968403505,-0.4866224513698808
1778742422777677691,0.8701810357722213,0.41674701762026695,-0.48652080567772193
1778742422793836680,0.8761400034320574,0.41359554408729443,-0.48641915998556323
1778742422810411412,0.8821055330814178,0.41044150540607915,-0.4862836323960183
1778742422827469955,0.8880652480189676,0.40729144526964584,-0.4861819867038595
1778742422828071201,0.8940252831157722,0.40414199092883435,-0.4860803410117008
1778742422860765235,0.8999856383102537,0.4009931424161844,-0.4859786953195419
1778742422877544076,0.90595255662348,0.3978417316458649,-0.48584316772999697
1778742422893992286,0.91191979523321,0.3946909274033663,-0.48577540393522445
1778742422910682397,0.9178811103512197,0.3915438965703763,-0.48567375824306563
1778742422927310881,0.9238427453205603,0.388397471695644,-0.4855721125509069
1778742422927968744,0.9298047000796373,0.3852516528116776,-0.4854704668587481
1778742422944397637,0.935773112582384,0.38210307278298905,-0.4854027030639756
1778742422960871396,0.9417356001874688,0.3789582639558565,-0.4853010573718167
1778742422994086394,0.9476984074180212,0.3758140612061484,-0.48519941167965797
1778742422994766510,0.9536676731404288,0.3726670990622244,-0.48513164788488533
1778742423010650785,0.9596310129431882,0.3695239065137437,-0.4850300021927267
1778742423043884268,0.9655946722071231,0.3663813201293013,-0.4849283565005678
1778742423044501314,0.971564790710624,0.363235976101352,-0.4848605927057953
1778742423060890561,0.9775289822729262,0.3600944000624563,-0.4847589470136365
1778742423077623865,0.9834996335418725,0.35695006747434976,-0.48469118321886395
1778742423110753660,0.9894643572313722,0.3538095018711627,-0.4845895375267051
1778742423111397296,0.9954292937238198,0.350669340467498,-0.48455565562931924
1778742423144193907,1.001394442991825,0.34752958327777494,-0.48445400993716004
1778742423160503192,1.007366052806748,0.3443870715087732,-0.48438624614238796
1778742423160944193,1.0133317338938066,0.3412483249169771,-0.4842846004502291
1778742423193701027,1.0193038759943422,0.3381068248404198,-0.48421683665545656
1778742423194317151,1.0252699824133713,0.33496888679182485,-0.48418295475807027
1778742423211149122,1.0312363014572923,0.3318313530364451,-0.48408130906591146
1778742423227466784,1.0372090820743165,0.3286910671098294,-0.48401354527113893
1778742423260569968,1.0431758262858293,0.3255543419841004,-0.4839796633737526
1778742423277245712,1.0491489260685345,0.322414663181126,-0.4839118995789804
1778742423293892681,1.0551160953380434,0.31927874674266216,-0.48381025388682164
1778742423294518273,1.061081671772144,0.3161442211588686,-0.48376641557676403
1778742423327227677,1.06705544094862,0.3130058161776423,-0.48369865178199145
1778742423344144389,1.0730231725986106,0.3098709700963014,-0.4836647698846051
1778742423360543105,1.0789911166639659,0.3067365284183004,-0.4835631241924463
1778742423360888764,1.0849592731172815,0.30360249115803256,-0.48352924229506
1778742423394114913,1.0909337864715434,0.3004655030835022,-0.48346147850028737
1778742423410585586,1.096902261455414,0.2973320724768171,-0.48342759660290147
1778742423427480467,1.1028770936401358,0.2941956917020363,-0.4833598328081288
1778742423428122651,1.1088458870928959,0.29106286778130813,-0.4833259509107425
1778742423460898471,1.114814892823989,0.28793044833586706,-0.48322430521858367
1778742423461634153,1.1207841108060057,0.28479843338009697,-0.4831904233211974
1778742423477495886,1.1267596866883958,0.2816634697640723,-0.48312265952642486
1778742423494111525,1.1327292229954036,0.27853206156977434,-0.4830887776290388
1778742423527237733,1.1387051175024703,0.2753977053614903,-0.48302101383426627
1778742423543900442,1.1446749720727927,0.2722669039610177,-0.4829871319368799
1778742423544692661,1.1506449327171802,0.2691363048323421,-0.48295325003949346
1778742423577630901,1.1566212519611057,0.2660027585514189,-0.48288548624472133
1778742423578402913,1.1625915307865675,0.2628727662596966,-0.48285160434733493
1778742423610692907,1.1685681685110998,0.25973982746206614,-0.4827838405525623
1778742423627328405,1.174538765455952,0.2566104420396356,-0.48274995865517606
1778742423643911953,1.180509468426893,0.25348125891415435,-0.48271607675778966
1778742423660600370,1.186486530696179,0.2503491301445983,-0.4826483129630174
1778742423677310961,1.1924575517042597,0.24722055393151726,-0.482614431065631
1778742423693993187,1.1984286787110114,0.24409218002975303,-0.4825805491682447
1778742423694745230,1.2043999117095794,0.24096400844289695,-0.4825466672708584
1778742423711388892,1.2103836522278615,0.23782954287284047,-0.48251278537347225
1778742423743940516,1.216355097189497,0.2347017759265737,-0.48247890347608596
1778742423760676414,1.2223266481223836,0.23157421130598765,-0.4824450215786996
1778742423761450088,1.228292156846773,0.22845019759615334,-0.4823772577839271
1778742423777595772,1.2342640256522812,0.22532323997415082,-0.4823433758865408
1778742423810696962,1.2402422548535366,0.2221933390783941,-0.48227561209176845
1778742423827308824,1.2462144414699656,0.21906698848728237,-0.4822417301943821
1778742423844307834,1.2521867340096566,0.21594084024697924,-0.4822078482969958
1778742423860573056,1.2581715362008647,0.21280840226162193,-0.4821739663996095
1778742423861287277,1.2641440405665112,0.20968265873370195,-0.48214008450222345
1778742423893960121,1.270116650834851,0.20655711756735617,-0.48210620260483705
1778742423894693959,1.2760893669990274,0.20343177876617263,-0.4820723207074507
1778742423927330635,1.2820684443565071,0.20030349841536121,-0.48200455691267813
1778742423928058742,1.2880414781670544,0.19717876673119045,-0.4819706750152922
1778742423961091713,1.2940146178460112,0.19405423742653188,-0.4819367931179058
1778742423977696631,1.2999940131488246,0.19092656483933634,-0.4819367931179058
1778742423993913831,1.3059672586893343,0.18780223791777687,-0.4819029112205194
1778742423994594498,1.3119406100845394,0.18467811338290313,-0.4818690293231334
1778742424027413922,1.317920323270908,0.18155104859163812,-0.48180126552836083
1778742424028143192,1.3238939921890556,0.17842753123833943,-0.4817673836309746
1778742424044446065,1.3298677669344687,0.17530421628607087,-0.4817335017335882
1778742424060849470,1.335847797942611,0.17217775932304472,-0.48173350173358837
1778742424094064597,1.341821678508432,0.1690546467753918,-0.4816996198362021
1778742424110689975,1.347795664887803,0.16593173663593982,-0.48166573793881573
1778742424111429444,1.3537760136559345,0.1628058875334546,-0.4815979741440433
1778742424143978282,1.3597564683303318,0.15968024105832684,-0.4815979741440433
1778742424144718102,1.3657307721092036,0.156557938164987,-0.48156409224665697
1778742424177292749,1.3717051816741923,0.1534358376941869,-0.4815302103492708
1778742424177991030,1.3776796970184395,0.15031393964951065,-0.48149632845188445
1778742424194217988,1.3836604693704413,0.14718890107798352,-0.48149632845188445
1778742424211271201,1.3896350904870884,0.144067205463015,-0.48146244655449816
1778742424227478262,1.3956098173692768,0.14094571228133784,-0.481428564657112
1778742424260550888,1.401590801472019,0.13782107899681562,-0.481428564657112
1778742424261092129,1.4075656341128895,0.13469978825201329,-0.48139468275972563
1778742424293789230,1.4135405725055832,0.13157869994766894,-0.4813608008623394
1778742424310475854,1.4195217683316017,0.12845447196449972,-0.4813608008623394
1778742424327217985,1.4254968124692595,0.12533358610419634,-0.4813269189649532
1778742424344103428,1.431471962345022,0.12221290269151662,-0.4812930370675669
1778742424344740582,1.4374533698668517,0.11908908002404667,-0.48129303706756693
1778742424377083027,1.4434286254738597,0.11596859906257309,-0.48125915517018075
1778742424394027292,1.4494039868052537,0.11284832055588796,-0.4812252732727944
1778742424410424926,1.4553856059954282,0.10972490321846165,-0.4812252732727944
1778742424427075221,1.4613610730443485,0.10660482717014695,-0.48119139137540823
1778742424427447390,1.4673427980583953,0.10348161250312102,-0.48119139137540823
1778742424444111692,1.4733121128545708,0.1003648775345744,-0.4811913913754082
1778742424477412133,1.4792876856141577,0.09724500394821196,-0.4811575094780218
1778742424493858279,1.4852696222553483,0.09412219463274275,-0.48108974568324947
1778742424494288168,1.4912516646998102,0.09099958799842943,-0.48108974568324947
1778742424527071232,1.4972275545502374,0.08788032181941217,-0.4810558637858632
1778742424543723992,1.5031972916951677,0.0847643958863323,-0.48105586378586324
1778742424544125918,1.5091794399360334,0.08164199193675954,-0.48105586378586324
1778742424577260953,1.515155435469687,0.07852292823401938,-0.4810219818884769
1778742424577950577,1.5211376895000892,0.07540072697277167,-0.4810219818884769
1778742424610776213,1.5271137907101089,0.07228186574988925,-0.48098809999109066
1778742424627112640,1.53309615052318,0.06915986718055081,-0.48098809999109066
1778742424627410127,1.5390723574027054,0.06604120844110649,-0.4809542180937045
1778742424644246987,1.545048669944876,0.06292275218868049,-0.4809203361963181
1778742424660807171,1.551031241302682,0.059801159013912364,-0.4809203361963181
1778742424693785147,1.557007659500637,0.056682905252084574,-0.48088645429893184
1778742424710426445,1.5629841833475155,0.05356485398443473,-0.48085257240154555
1778742424727443459,1.568966966222585,0.050443666218571076,-0.48085257240154555
1778742424743730983,1.574943595711526,0.047325817448678635,-0.48081869050415926
1778742424760433898,1.5809203308356687,0.04420817118012282,-0.48078480860677303
1778742424777084665,1.5868971715881517,0.04109072741648266,-0.4807509267093868
1778742424777548358,1.5928802716876047,0.03797014779084814,-0.4807509267093868
1778742424810871672,1.5988572180615668,0.0348529065357024,-0.48071704481200045
1778742424811356345,1.6048342700501463,0.03173586779262961,-0.4806831629146142
1778742424843803339,1.6108175815981796,0.02861569361172677,-0.4806831629146142
1778742424844426968,1.6167947391945152,0.025498857384305244,-0.480649281017228
1778742424860976441,1.6227720023917451,0.022382223676113058,-0.4806153991198418
1778742424877449789,1.6287555253608834,0.019262454954269523,-0.4806153991198418
1778742424894112808,1.634732894152146,0.016146023768884517,-0.48058151722245557
1778742424927125580,1.6407103685305793,0.013029795109884303,-0.48054763532506933
1778742424943733715,1.646687948489321,0.009913768980846279,-0.48051375342768315
1778742424944192670,1.6526717885385995,0.00679460847445193,-0.48051375342768315
1778742424977104800,1.6586494740707878,0.0036787848789531976,-0.4804798715302969
1778742424994075145,1.6646272651695602,0.0005631638205706919,-0.4804459896329108
1778742425010506924,1.6706114222371546,-0.0025553884381477924,-0.48037822583813816
1778742425011256973,1.6765895299945048,-0.00567040186372247,-0.48034434394075193
1778742425043873500,1.682573898373295,-0.008788548606089751,-0.48034434394075193
1778742425060559774,1.6885521116697788,-0.01190335948024287,-0.48031046204336564
1778742425061281309,1.6945304304985338,-0.015017967799398695,-0.4802765801459794
1778742425094007886,1.7005088548526965,-0.018132373559981704,-0.48024269824859317
1778742425110841761,1.7064873847254043,-0.021246576758416607,-0.48020881635120694
1778742425111596960,1.7124722812619573,-0.02436370964726733,-0.4801410525564345
1778742425144008406,1.7184511276491194,-0.02747730513780854,-0.48010717065904823
1778742425160481984,1.7244300795273726,-0.030590698051902836,-0.480073288761662
1778742425177101471,1.7304153984664665,-0.03370701979352744,-0.48000552496688964
1778742425193779429,1.73639466677681,-0.03681980495683719,-0.4799716430695034
1778742425194481897,1.742380302445664,-0.039935518300477826,-0.47990387927473077
1778742425210924056,1.748359887126321,-0.0430476956808422,-0.47986999737734454
1778742425227705121,1.7543334204748422,-0.04615633772104332,-0.47980223358257196
1778742425244173068,1.7603195838892003,-0.04927103699651135,-0.47973446978779954
1778742425260707553,1.7662996957164223,-0.052382201333848674,-0.47970058789041337
1778742425277407242,1.7722799129523625,-0.05549316305186497,-0.47966670599302713
1778742425310564620,1.778260235590156,-0.05860392214698891,-0.4796328240956408
1778742425310978428,1.784240663622937,-0.06171447861564937,-0.47959894219825466
1778742425327360833,1.790227460105122,-0.06482796089131734,-0.47953117840348214
1778742425344178017,1.7962082042816734,-0.06793790945916316,-0.479497296506096
1778742425377442168,1.8021952117314866,-0.07105098603963485,-0.47949729650609585
1778742425393761703,1.808169903258698,-0.07415740152289965,-0.4794295327113235
1778742425394243290,1.8141571216486476,-0.07727007239388001,-0.4794295327113232
1778742425410624793,1.8201381819071771,-0.08037941302877966,-0.47939565081393715
1778742425427374087,1.826119347512634,-0.0834885510122247,-0.4793617689165507
1778742425460668466,1.8321006184581519,-0.08659748634064585,-0.4793278870191647
1778742425477241584,1.8380882586458946,-0.08970934574976586,-0.47926012322439204
1778742425477879449,1.8440760042659017,-0.09282100228448928,-0.4792601232243922
1778742425494243660,1.8500575911904034,-0.09592932962642572,-0.47922624132700575
1778742425510741214,1.8560392834274997,-0.09903745429906365,-0.47919235942961974
1778742425543975207,1.862021080970324,-0.10214537629883502,-0.4791584775322333
1778742425544746978,1.8680091428458803,-0.1052564241889369,-0.4791584775322334
1778742425577117847,1.8739910456875652,-0.10836414351227386,-0.47912459563484705
1778742425593783071,1.8799730538212438,-0.11147166015560878,-0.4790907137374609
1778742425594218130,1.8859613264994626,-0.1145823022647721,-0.4790907137374607
1778742425627305434,1.8919434399182675,-0.11768961622453762,-0.4790568318400746
1778742425644048135,1.8979256586153315,-0.12079672749716662,-0.47902294994268824
1778742425644822330,1.9039141420687145,-0.1239069638111075,-0.47902294994268824
1778742425661030262,1.90989646603717,-0.12701387239303305,-0.47898906804530184
1778742425693819819,1.9158788952701495,-0.13012057828068843,-0.47895518614791577
1778742425694264446,1.9218614297607852,-0.13322708147050727,-0.47892130425052926
1778742425710655698,1.9278502293253545,-0.13633670906483636,-0.4789213042505294
1778742425727353915,1.9338266039945617,-0.13943988514963365,-0.47892130425052953
1778742425760881097,1.9398092437359857,-0.1425461856380497,-0.4788874223531431
1778742425777076475,1.9457919887213302,-0.14565228342149694,-0.478853540455757
1778742425793991365,1.951774838943727,-0.1487581784964097,-0.4788196585583706
1778742425794718340,1.9577639545576073,-0.1518671973389988,-0.4788196585583707
1778742425810914901,1.963746910010188,-0.15497288970181156,-0.4787857766609844
1778742425827322483,1.9697299706860847,-0.15807837934895896,-0.47875189476359825
1778742425860634415,1.975719296965129,-0.16118699233920886,-0.4787518947635981
1778742425877791125,1.9817024628574729,-0.1642922792671259,-0.47871801286621196
1778742425878513953,1.9876918944587856,-0.16740068932585309,-0.47871801286621213
1778742425894121080,1.9936751655607083,-0.17050577353097496,-0.4786841309688257
1778742425910691033,1.999658541865341,-0.17361065500973705,-0.47865024907143944
1778742425927356737,2.005648184090563,-0.17671865919471394,-0.4786502490714394
1778742425943919626,2.0116253996721647,-0.17982021523822822,-0.47865024907143944
1778742425960751006,2.017615041897387,-0.1829282194232051,-0.4786502490714392
1778742425977392865,2.023598523397861,-0.18603289817204308,-0.4786163671740532
1778742425994520620,2.0295821100873073,-0.18913737418739285,-0.4785824852766668
1778742426027161564,2.0355658019588567,-0.19224164746569047,-0.4785486033792807
1778742426043875460,2.0415433327693906,-0.19534259593496842,-0.47854860337928073
1778742426060664410,2.047533396159919,-0.19844978832963128,-0.47848083958450804
1778742426077354491,2.053521723377084,-0.201555860474445,-0.4784907959971794
1778742426077988148,2.059505699852061,-0.20465958509929835,-0.478456914099793
1778742426110837318,2.065483514961199,-0.2077599854800492,-0.47845691409979313
1778742426127097681,2.07147386322278,-0.21086662863705552,-0.4783891503050205
1778742426127494337,2.0774581551470814,-0.21396974500044563,-0.4783552684076343
1778742426160414202,2.0834425522074183,-0.21707265860288974,-0.47832138651024797
1778742426160827188,2.089433216214947,-0.22017869285075306,-0.47832138651024797
1778742426177360641,2.095417718404449,-0.22328140368868904,-0.4782875046128616
1778742426194099315,2.101402325716246,-0.226383911758555,-0.4782536227154754
1778742426227097790,2.1073870381434685,-0.22948621705678937,-0.47821974081808905
1778742426227538159,2.113365588416603,-0.2325851995723261,-0.47821974081808905
1778742426260757845,2.1193565681081847,-0.2356906248789554,-0.47821974081808927
1778742426261469792,2.1253413856439614,-0.23879272740199678,-0.47818585892070276
1778742426293854066,2.131326308281422,-0.24189462714628399,-0.47815197702331674
1778742426294519795,2.1373113360136964,-0.2449963241082561,-0.4781180951259302
1778742426310919252,2.1432902012541684,-0.24809469891390418,-0.4781180951259304
1778742426343793330,2.1492690664946403,-0.25119307371955224,-0.4781180951259304
1778742426360539999,2.1552541993148573,-0.2542945678956486,-0.478084213228544
1778742426377558456,2.161245599822224,-0.257399181230724,-0.4780842132285441
1778742426393873512,2.167230837723513,-0.26050047261738407,-0.47805033133115776
1778742426394496399,2.173222343417631,-0.26360488295066026,-0.478050331331158
1778742426427367481,2.1792076863931213,-0.26670597154432385,-0.4780164494337718
1778742426443990996,2.1851931344359414,-0.269806857341431,-0.47798256753638546
1778742426444664349,2.1911848504829274,-0.27291086166041767,-0.4779825675363856
1778742426460893401,2.1971704035862065,-0.27601154465740857,-0.4779486856389991
1778742426494260859,2.2031560617430728,-0.2791120248507237,-0.4779148037416131
1778742426494985079,2.2091479881154137,-0.28221562314116744,-0.47791480374161277
1778742426510931473,2.215133751318996,-0.2853159005272475,-0.4778809218442268
1778742426527527886,2.2211257828436968,-0.28841929579807535,-0.47788092184422665
1778742426560454303,2.2271053827677236,-0.29151625248950314,-0.47788092184422665
1778742426560862020,2.233085087619087,-0.2946130065789623,-0.4778131580494542
1778742426577431882,2.2390583145025227,-0.29770704756107635,-0.47805033133115776
1778742426594028285,2.2450190054953,-0.3007948512932822,-0.4778809218442268
1778742426627449345,2.251011142165481,-0.30389804354093153,-0.4778131580494541
1778742426628259558,2.25697862459586,-0.30698795510004045,-0.4777453942546816
1778742426660674832,2.2629587490879226,-0.3100838987460773,-0.47767763045990896
1778742426677255835,2.268938978472997,-0.3131796397723727,-0.4776776304599092
1778742426677901315,2.2749316407673965,-0.3162818168506978,-0.47767763045990935
1778742426694404741,2.2809181391055806,-0.31938067448649154,-0.47764374856252295
1778742426710929116,2.286904847420373,-0.3224791264473259,-0.47754210287036436
1778742426727557990,2.292885496308844,-0.32557405695911945,-0.47754210287036414
1778742426744377658,2.298878578978788,-0.32867542183788134,-0.4775421028703643
1778742426777089757,2.304865497242697,-0.3317734681095285,-0.4775082209729779
1778742426793786200,2.3108586849893276,-0.33487462992949824,-0.4775082209729781
1778742426794432742,2.3168457082174867,-0.3379724733512169,-0.4774743390755917
1778742426827096469,2.3228327314456454,-0.34107031677293553,-0.4775082209729781
1778742426827504647,2.328819754673804,-0.3441681601946542,-0.47747433907559206
1778742426860385187,2.334813047490241,-0.3472691189522717,-0.4774743390755918
1778742426860709505,2.3408001756757764,-0.35036675952050556,-0.47744045717820577
1778742426878035177,2.346781139119705,-0.35346108210911614,-0.4774404571782056
1778742426910760001,2.352762102563634,-0.3565554046977267,-0.4774404571782056
1778742426911457930,2.358755500442997,-0.3596561603894321,-0.47744045717820577
1778742426943902450,2.364742733579036,-0.3627535981006252,-0.4774065752808194
1778742426944587124,2.370723801861052,-0.36584771804107,-0.4774065752808193
1778742426977092981,2.3767111399407206,-0.3689449528916665,-0.47737269338343297
1778742426977799767,2.382698687887029,-0.3720417820104033,-0.4772710476912742
1778742426994319434,2.3886863407563474,-0.3751384082578775,-0.47730492958866066
1778742427010713691,2.394673993625666,-0.3782350345053516,-0.47727104769127443
1778742427043823278,2.4006679167164533,-0.381334774814107,-0.47727104769127465
1778742427044239591,2.4066556745019074,-0.38443119818676363,-0.4772371657938882
1778742427060840602,2.4126497026143374,-0.38753073540825267,-0.47723716579388803
1778742427094159338,2.4186375653090537,-0.3906269559025372,-0.4772032838965021
1778742427110659186,2.4246255329061577,-0.39372297351489516,-0.4771694019991157
1778742427128034082,2.4306197710412296,-0.3968221045511772,-0.47716940199911556
1778742427128639626,2.4366078435338476,-0.3999179192780545,-0.4771355201017292
1778742427144190076,2.442589750273371,-0.40301041790532094,-0.4771355201017294
1778742427177251390,2.448577822765989,-0.40610623263219814,-0.47716940199911556
1778742427177929422,2.4545721659020603,-0.40920516057053996,-0.47710163820434287
1778742427210577329,2.4605479067778537,-0.4122943433079924,-0.4771355201017295
1778742427227082037,2.466529813517377,-0.4153868419352589,-0.4771355201017294
1778742427244022425,2.472517990898635,-0.41848245377310145,-0.47710163820434304
1778742427260433254,2.478512439028824,-0.42158117860994554,-0.47710163820434287
1778742427277198107,2.4845007212918473,-0.42467658755519977,-0.47706775630695697
1778742427277618047,2.490489108429762,-0.4277717936043121,-0.47703387440957057
1778742427310557049,2.4964837665275414,-0.43087011222748905,-0.4770338744095704
1778742427327199008,2.5024598213745812,-0.4339586875406666,-0.4769999925121842
1778742427327754647,2.508442147178051,-0.4370503754261331,-0.47699999251218456
1778742427344504682,2.5144370152158944,-0.4401482878214157,-0.4769322287174119
1778742427361244077,2.520425821784626,-0.4432426822504305,-0.47689834682002563
1778742427377482888,2.5264147331938744,-0.44633687376553954,-0.47686446492263923
1778742427394145617,2.5324037494367646,-0.4494308623631908,-0.4768305830252529
1778742427427294579,2.5383927656796548,-0.45252485096084205,-0.47686446492263934
1778742427443744542,2.544381677088903,-0.4556190424759511,-0.4768983468200254
1778742427444226120,2.5503768599852266,-0.45871634550272,-0.4768305830252532
1778742427477137008,2.5563659810548836,-0.46181013117936154,-0.47679670112786676
1778742427477775314,2.5623552069444315,-0.4649037139314418,-0.4767628192304804
1778742427510558679,2.568344537646995,-0.46799709375540943,-0.47672893733309396
1778742427510964513,2.5743339731556985,-0.47109027064771325,-0.47669505543570767
1778742427527421409,2.580335952799716,-0.47418966822672776,-0.47666117353832166
1778742427544370805,2.5863255979000717,-0.4772824392450514,-0.4766272916409352
1778742427577356054,2.5923153477859397,-0.48037500732105926,-0.47659340974354897
1778742427578009048,2.5983052024504443,-0.483467372451201,-0.47655952784616296
1778742427610840725,2.604301329550547,-0.48656284718044907,-0.4765595278461629
1778742427627290438,2.610291288986811,-0.48965500936117473,-0.47652564594877656
1778742427643735122,2.6162813531879587,-0.49274696858893463,-0.4764917640513902
1778742427644120125,2.6222697096526058,-0.49583775160928284,-0.47644792574133266
1778742427660856865,2.628260118885607,-0.49892904231401597,-0.47634628004917395
1778742427677309013,2.634256905952536,-0.5020232383119964,-0.47634628004917406
1778742427710415444,2.6402475246493724,-0.5051141230767704,-0.4763123981517877
1778742427710969569,2.6462382480678106,-0.5082048048662424,-0.47627851625440143
1778742427727464098,2.6522290762009737,-0.5112952836768643,-0.4762446343570151
1778742427760740312,2.658220009041984,-0.5143855595050882,-0.47621075245962907
1778742427777325844,2.664211046583964,-0.5174756323473667,-0.4761768705622427
1778742427793943677,2.670208357750994,-0.5205688123883306,-0.47617687056224256
1778742427810546692,2.676199709354617,-0.5236582762514893,-0.47600746107531133
1778742427811153538,2.6821537316647595,-0.5267284911186159,-0.4761768705622426
1778742427827441954,2.6881447692067395,-0.5298185639608943,-0.47621075245962896
1778742427844219542,2.6941420803737692,-0.5329117440018583,-0.47614298866485644
1778742427861069848,2.7001145064322225,-0.535992089270868,-0.47621075245962885
1778742427893931863,2.706099270456153,-0.5390790547027873,-0.4762107524596288
1778742427894589516,2.7120965816231832,-0.5421722347437512,-0.47614298866485655
1778742427927246070,2.718081554817865,-0.5452587946182621,-0.4761429886648565
1778742427943786004,2.7240728017411517,-0.5483484614780076,-0.4761091067674702
1778742427960472990,2.7300765964426015,-0.5514443416731771,-0.476075224870084
1778742427960856060,2.7360680527196832,-0.5545336025362023,-0.47604134297269773
1778742427994233737,2.7420533396189612,-0.5576195540480264,-0.4760413429726977
1778742428010421521,2.7480449005626233,-0.5607086119073716,-0.47600746107531133
1778742428027038092,2.753980932123038,-0.5637678950446045,-0.47573640589622124
1778742428043781454,2.7599610936486156,-0.5668485113998172,-0.4756347602040626
1778742428044185614,2.765965622441264,-0.5699429675682345,-0.47607522487008375
1778742428077219256,2.7719256059454285,-0.5730168954512671,-0.4762785162544015
1778742428093906382,2.7779163293638667,-0.5761075772407391,-0.47631239815178766
1778742428110858252,2.783906738596868,-0.5791988679454723,-0.4764818076387188
1778742428127216971,2.789896833582541,-0.5822907675335278,-0.47651568953610524
1778742428127840189,2.795886823805351,-0.5853828700755922,-0.47654957143349136
1778742428160945317,2.8018829817249804,-0.588478285104771,-0.4765495714334915
1778742428161650610,2.807866699482951,-0.5915672781110676,-0.47654957143349147
1778742428177359893,2.8138628574025804,-0.5946626931402463,-0.47654957143349136
1778742428210580912,2.8198527428556512,-0.5977549986327699,-0.4765834533308777
1778742428227059600,2.8258487958933043,-0.6008506168213793,-0.4765834533308775
1778742428244082816,2.8318385765697593,-0.6039431252608122,-0.47661733522826394
1778742428244633425,2.837834524718553,-0.6070389466052983,-0.47661733522826377
1778742428277279468,2.843824305395008,-0.6101314550447312,-0.47658345333087737
1778742428294060362,2.849814086071463,-0.6132239634841641,-0.4766173352282638
1778742428294772980,2.855810034220257,-0.6163197848286502,-0.4766173352282636
1778742428310846696,2.8617935426426007,-0.6194091833072766,-0.4766173352282638
1778742428344049701,2.8677894907913943,-0.6225050046517627,-0.4766173352282636
1778742428360871353,2.873785438940188,-0.6256008259962489,-0.47661733522826377
1778742428361615771,2.879775219616643,-0.6286933344356818,-0.47658345333087737
1778742428394028420,2.885771272654296,-0.6317889526242911,-0.47658345333087726
1778742428394738543,2.891754885747888,-0.6348781483685257,-0.4765834533308775
1778742428410873466,2.897750938785541,-0.6379737665571351,-0.4765834533308773
1778742428427847598,2.903740824238612,-0.6410660720496587,-0.476549571433491
1778742428444190428,2.9097369821582415,-0.6441614870788375,-0.47654957143349114
1778742428477308811,2.9157269723810515,-0.6472535896209018,-0.47651568953610496
1778742428494312690,2.9217170673667243,-0.6503454892089574,-0.4764818076387186
1778742428510667162,2.927713435029655,-0.6534404979086148,-0.4764818076387186
1778742428511368127,2.933703634771314,-0.656532194539112,-0.47644792574133243
1778742428543989373,2.9397001072955704,-0.6596270000686791,-0.4764479257413325
1778742428544698595,2.945690411786339,-0.6627184937380688,-0.47641404384394614
1778742428560996699,2.9516808210193406,-0.6658097844428019,-0.4763801619465598
1778742428593946050,2.957671334987698,-0.6689008721793298,-0.4763462800491735
1778742428594655883,2.9636681220546266,-0.6719950681773103,-0.4763462800491735
1778742428627452303,2.969658740751463,-0.6750859529420843,-0.4763123981517872
1778742428628164730,2.975655737479086,-0.6781797425679127,-0.4762446343570148
1778742428644394504,2.9816466703200963,-0.6812700183961367,-0.47621075245962846
1778742428677274944,2.9876377078620764,-0.6843600912384151,-0.4761768705622422
1778742428694061960,2.993635019029106,-0.687453271279379,-0.47617687056224217
1778742428694797682,2.9996261612651782,-0.6905431411321646,-0.47614298866485594
1778742428727301644,3.0056049653080423,-0.6936263912383074,-0.4761091067674697
1778742428744226833,3.011608864900341,-0.6967220680117439,-0.4760074610753109
1778742428760588920,3.0176006351565294,-0.6998107198530908,-0.4759058153831522
1778742428761296357,3.0235927193299186,-0.7028987626408483,-0.4758041696909933
1778742428793928033,3.0295850127470474,-0.7059863993751537,-0.4757702877936069
1778742428794670799,3.0355774107757276,-0.7090738330774163,-0.47573640589622085
1778742428810962320,3.0415699134090803,-0.7121610637440917,-0.47570252399883445
1778742428844023004,3.047531250291674,-0.7152323661668806,-0.4757702877936069
1778742428860825489,3.0535550243545853,-0.7183353199272509,-0.4755669964092895
1778742428877100920,3.059523365010682,-0.7214083117614059,-0.4753975869223582
1778742428893735044,3.0655295704576737,-0.7244995123580231,-0.475228177435427
1778742428910469760,3.071517573539404,-0.7275801900583335,-0.4750926498458818
1778742428910846558,3.0775183394496226,-0.7306666625579287,-0.4750248860511094
1778742428944334967,3.0835130371917923,-0.7337496286589468,-0.47499100415372303
1778742428960709617,3.0895079438336803,-0.7368321885294193,-0.4748893584615642
1778742428961437884,3.095509337073164,-0.7399174410612361,-0.47482159466679164
1778742428977619196,3.101504661431903,-0.7429991884281547,-0.47478771276940546
1778742428994466166,3.107500194607773,-0.7460805295220685,-0.4746860670772468
1778742429027232278,3.1135022149284994,-0.7491645619586015,-0.47461830328247423
1778742429027862839,3.119498165656037,-0.7522450904640599,-0.474584421385088
1778742429044323323,3.1254943251181095,-0.7553252126540712,-0.47448277569292935
1778742429077443249,3.1314906932871827,-0.7584049285144917,-0.474448893795543
1778742429094201711,3.1374934448891856,-0.7614875373454415,-0.4743811300007703
1778742429110671692,3.1434964053666787,-0.7645697394000864,-0.474313366205998
1778742429111315289,3.1494932951827868,-0.7676484393746635,-0.4742794843086116
1778742429143949249,3.1554965689218295,-0.7707300312383144,-0.47421172051383914
1778742429160504062,3.161487596109469,-0.7738048237901729,-0.4741439567190665
1778742429160833330,3.1674912874340944,-0.7768856020163061,-0.4740761929242941
1778742429177427959,3.173488907266906,-0.7799628796022686,-0.4740423110269078
1778742429210869187,3.1794929117083512,-0.7830430475631276,-0.4739745472321354
1778742429227226635,3.185490844302189,-0.7861197155009749,-0.47394066533474916
1778742429227903374,3.1914951617984224,-0.7891992731647358,-0.47387290153997647
1778742429260673814,3.197493407091317,-0.7922753314226804,-0.47383901964259023
1778742429277261831,3.2034917566034586,-0.7953511864469278,-0.473805137745204
1778742429293732223,3.2094964914095745,-0.7984299303317318,-0.4737373739504316
1778742429294103321,3.2154951535381415,-0.8015051756337027,-0.47370349205304535
1778742429310742955,3.2214939198584114,-0.8045802176878538,-0.4736696101556591
1778742429327682291,3.227499071864117,-0.8076581477371515,-0.4736018463608865
1778742429360600243,3.2334981507181753,-0.8107325800266635,-0.4735679644635003
1778742429377161909,3.2394973337363893,-0.8138068090542366,-0.47353408256611396
1778742429393992818,3.2455029028313835,-0.8168839252114933,-0.4734663187713416
1778742429410551750,3.251502398300743,-0.819957544432076,-0.47343243687395525
1778742429427189641,3.2575019979067097,-0.8230309603766047,-0.473398554976569
1778742429444143184,3.2635017016423964,-0.8261041730415511,-0.4733646730791828
1778742429444844240,3.269507791943879,-0.8291802717542776,-0.47329690928441037
1778742429477749708,3.2755078080273994,-0.8322528745593101,-0.47326302738702414
1778742429493930258,3.281514106763214,-0.8353285662695037,-0.47326302738702414
1778742429494618670,3.2875142269489035,-0.8384009657808433,-0.4732291454896378
1778742429527436410,3.2935207340914694,-0.8414762504743807,-0.47316138169486505
1778742429543950125,3.299521166542337,-0.8445480400834803,-0.4731274997974789
1778742429560437851,3.305521703067821,-0.8476196263847802,-0.47309361790009274
1778742429560857981,3.3115223436610326,-0.8506910093747542,-0.4730597360027064
1778742429577625760,3.317529371699806,-0.8537652764648734,-0.4729919722079341
1778742429594009057,3.323530324454868,-0.8568360494997155,-0.4729580903105477
1778742429610797505,3.324839068200516,-0.8575054446059333,-0.4726192713366852
1778742429627551478,3.3261044172803964,-0.8581520764223831,-0.4722465704654364
1778742429644441510,3.3273700072726307,-0.8587982365972289,-0.47187386959418764
1778742429677267987,3.328548518961412,-0.8593994347337904,-0.47156893251771137
1778742429677946380,3.3290162146585915,-0.8596379420394223,-0.4716028144150977
1778742429694451028,3.329184585109576,-0.8597238046694499,-0.47156893251771137
1778742429711133113,3.329234473081592,-0.8597492446035714,-0.47156893251771137
1778742429744000048,3.3292594170676004,-0.8597619645706321,-0.47156893251771137
1778742429760427698,3.3292594170676004,-0.8597619645706321,-0.47156893251771137
1778742429777112590,3.3292531811249715,-0.8597587844732237,-0.4716028144150977
1778742429793773275,3.3292469451823425,-0.8597556043758153,-0.4715689325177115
1778742429810396939,3.329240709131969,-0.8597524244896942,-0.47153505062032525
1778742429827147085,3.3292344730815957,-0.8597492446035733,-0.4715689325177114
1778742429844229563,3.3292344730815957,-0.8597492446035733,-0.4715689325177114
1778742429860674027,3.3292220010885916,-0.8597428846200429,-0.4715689325177115
1778742429861396433,3.3292220010885916,-0.8597428846200429,-0.4715689325177115
1778742429894069708,3.329215765038218,-0.8597397047339218,-0.47153505062032525
1778742429910654469,3.3292095289878447,-0.8597365248478008,-0.4715689325177114
1778742429927365480,3.3292032929374713,-0.8597333449616797,-0.4715350506203252
1778742429928122242,3.329197056887098,-0.8597301650755587,-0.47156893251771154
1778742429960462432,3.3291908208367245,-0.8597269851894376,-0.4715350506203253
1778742429977441584,3.329184584786351,-0.8597238053033166,-0.4715689325177115
1778742429993738386,3.3291783487359776,-0.8597206254171955,-0.47153505062032525
1778742429994362084,3.329172112685604,-0.8597174455310744,-0.4715689325177116
1778742430027099752,3.329172112685604,-0.8597174455310744,-0.4715689325177116
1778742430027520664,3.3291596406926,-0.859711085547544,-0.47156893251771154
1778742430044138888,3.3291596406926,-0.859711085547544,-0.47156893251771154
1778742430060979696,3.329147168699596,-0.8597047255640137,-0.4715689325177116
1778742430077691168,3.329147168699596,-0.8597047255640137,-0.4715689325177116
1778742430094616838,3.3291409326492225,-0.8597015456778926,-0.4715350506203253
1778742430111158176,3.329134696598849,-0.8596983657917716,-0.4715689325177115
1778742430143997086,3.3291284605484757,-0.8596951859056505,-0.47153505062032525
1778742430160711724,3.3291222244981022,-0.8596920060195294,-0.4715689325177116
1778742430161424082,3.3291222244981022,-0.8596920060195294,-0.4715689325177116
1778742430177448665,3.329109752505098,-0.8596856460359991,-0.47156893251771154
1778742430210607485,3.3291035164547247,-0.859682466149878,-0.4715350506203253
1778742430211374797,3.3290972804043513,-0.8596792862637569,-0.47156893251771165
1778742430244008076,3.3290972804043513,-0.8596792862637569,-0.47156893251771165
1778742430244542344,3.329084808411347,-0.8596729262802265,-0.4715689325177116
1778742430260663952,3.329084808411347,-0.8596729262802265,-0.4715689325177116
1778742430277559324,3.329072336418343,-0.8596665662966961,-0.47156893251771165
1778742430310750747,3.329072336418343,-0.8596665662966961,-0.47156893251771165
1778742430311528428,3.3290661003679696,-0.859663386410575,-0.47153505062032547
1778742430327520560,3.329059864317596,-0.8596602065244541,-0.47156893251771165
1778742430360690140,3.3290536282672227,-0.859657026638333,-0.47153505062032547
1778742430361456751,3.3290473922168493,-0.8596538467522119,-0.4715689325177118
1778742430377584360,3.3290473922168493,-0.8596538467522119,-0.4715689325177118
1778742430394224456,3.329034920223845,-0.8596474867686815,-0.47156893251771176
1778742430410660784,3.329034920223845,-0.8596474867686815,-0.47156893251771176
1778742430443950203,3.329022448230841,-0.8596411267851511,-0.4715689325177118
1778742430460790781,3.329022448230841,-0.8596411267851511,-0.4715689325177118
1778742430461566950,3.3290162121804676,-0.8596379468990301,-0.4715350506203255
1778742430477452137,3.329009976130094,-0.859634767012909,-0.47156893251771187
1778742430494124434,3.32899750413709,-0.8596284070293786,-0.4715689325177118
1778742430510941578,3.32899750413709,-0.8596284070293786,-0.4715689325177118
1778742430527766165,3.328991268194461,-0.8596252269319702,-0.4716028144150982
1778742430560715106,3.328985032251832,-0.8596220468345618,-0.471568932517712
1778742430561385092,3.3289787962014588,-0.8596188669484407,-0.47153505062032575
1778742430594240554,3.3289725601510853,-0.8596156870623197,-0.4715689325177119
1778742430594978631,3.3289725601510853,-0.8596156870623197,-0.4715689325177119
1778742430610848048,3.328960088158081,-0.8596093270787893,-0.471568932517712
1778742430627385659,3.328960088158081,-0.8596093270787893,-0.471568932517712
1778742430660482511,3.328953852107708,-0.8596061471926683,-0.47153505062032575
1778742430660888374,3.3289476160573344,-0.8596029673065473,-0.4715689325177119
1778742430677425684,3.32893514406433,-0.8595966073230169,-0.471568932517712
1778742430710662193,3.32893514406433,-0.8595966073230169,-0.471568932517712
1778742430711116087,3.328928908013957,-0.8595934274368958,-0.47153505062032575
1778742430727517609,3.3289226719635834,-0.8595902475507748,-0.4715689325177119
1778742430760699964,3.3289164360209544,-0.8595870674533664,-0.4716028144150982
1778742430761415046,3.3289102000783255,-0.859583887355958,-0.471568932517712
1778742430777508761,3.328903964027952,-0.859580707469837,-0.47153505062032575
1778742430810807919,3.3288977279775787,-0.859577527583716,-0.4715689325177119
1778742430811755705,3.3288977279775787,-0.859577527583716,-0.4715689325177119
1778742430827760670,3.3288852559845745,-0.8595711676001856,-0.471568932517712
1778742430860569293,3.3288852559845745,-0.8595711676001856,-0.471568932517712
1778742430861192952,3.3288727839915704,-0.8595648076166552,-0.4715689325177119
1778742430893911513,3.3288727839915704,-0.8595648076166552,-0.4715689325177119
1778742430910570154,3.328866547941197,-0.8595616277305341,-0.4715350506203257
1778742430927084350,3.3288603118908235,-0.859558447844413,-0.47156893251771204
1778742430944283772,3.32885407584045,-0.859555267958292,-0.4715350506203258
1778742430960432161,3.3288478397900767,-0.859552088072171,-0.471568932517712
1778742430960730449,3.3288416037397033,-0.8595489081860499,-0.47153505062032575
1778742430977360025,3.32883536768933,-0.8595457282999288,-0.4715689325177121
1778742431010430186,3.3288291316389564,-0.8595425484138077,-0.4715350506203259
1778742431010810621,3.328822895588583,-0.8595393685276868,-0.47156893251771204
1778742431027444255,3.328822895588583,-0.8595393685276868,-0.47156893251771204
1778742431044119127,3.328810423595579,-0.8595330085441564,-0.4715689325177121
1778742431077879674,3.328810423595579,-0.8595330085441564,-0.4715689325177121
1778742431078439651,3.3287979516025747,-0.859526648560626,-0.47156893251771204
1778742431094214788,3.3287979516025747,-0.859526648560626,-0.47156893251771204
1778742431127269310,3.3287917155522013,-0.8595234686745049,-0.4715350506203258
1778742431144218615,3.328785479501828,-0.8595202887883838,-0.47156893251771215
1778742431160529433,3.3287792434514545,-0.8595171089022627,-0.47153505062032597
1778742431177231648,3.328773007401081,-0.8595139290161417,-0.4715689325177123
1778742431194081393,3.328773007401081,-0.8595139290161417,-0.4715689325177123
1778742431210627950,3.328760535408077,-0.8595075690326113,-0.47156893251771226
1778742431227064709,3.328760535408077,-0.8595075690326113,-0.47156893251771226
1778742431244078757,3.328748063415073,-0.8595012090490809,-0.4715689325177123
1778742431244573590,3.328748063415073,-0.8595012090490809,-0.4715689325177123
1778742431261114958,3.3287418273646994,-0.8594980291629598,-0.47153505062032597
1778742431293981401,3.328735591314326,-0.8594948492768388,-0.47156893251771215
1778742431310884789,3.328723119321322,-0.8594884892933085,-0.47156893251771226
1778742431327270490,3.328723119321322,-0.8594884892933085,-0.47156893251771226
1778742431344011357,3.3287168832709484,-0.8594853094071874,-0.47153505062032597
1778742431360653257,3.328710647220575,-0.8594821295210664,-0.47156893251771215
1778742431361331509,3.328710647220575,-0.8594821295210664,-0.47156893251771215
1778742431393773534,3.328698175227571,-0.859475769537536,-0.47156893251771226
1778742431394171742,3.328698175227571,-0.859475769537536,-0.47156893251771226
1778742431427106666,3.3286857032345667,-0.8594694095540056,-0.47156893251771215
1778742431427507129,3.3286857032345667,-0.8594694095540056,-0.47156893251771215
1778742431461071462,3.3286732312415626,-0.8594630495704753,-0.47156893251771226
1778742431461401471,3.328666995191189,-0.8594598696843542,-0.47153505062032597
1778742431477603061,3.3286607591408157,-0.8594566897982332,-0.47156893251771215
1778742431494226616,3.3286607591408157,-0.8594566897982332,-0.47156893251771215
1778742431510964478,3.3286545230904423,-0.8594535099121121,-0.47153505062032597
1778742431527522277,3.328648287040069,-0.859450330025991,-0.4715689325177123
1778742431544426826,3.3286420509896955,-0.8594471501398699,-0.47153505062032597
1778742431577638828,3.328635814939322,-0.859443970253749,-0.47156893251771215
1778742431593935790,3.328635814939322,-0.859443970253749,-0.47156893251771215
1778742431610425900,3.328623342946318,-0.8594376102702186,-0.47156893251771226
1778742431627105651,3.3286171068959445,-0.8594344303840975,-0.47153505062032597
1778742431627768755,3.328610870845571,-0.8594312504979765,-0.47156893251771215
1778742431660430859,3.328610870845571,-0.8594312504979765,-0.47156893251771215
1778742431677105290,3.328598398852567,-0.8594248905144461,-0.47156893251771226
1778742431677483320,3.328598398852567,-0.8594248905144461,-0.47156893251771226
1778742431710723406,3.3285921628021935,-0.8594217106283251,-0.47153505062032597
1778742431727261978,3.32858592675182,-0.8594185307422041,-0.47156893251771215
1778742431743936670,3.328579690809191,-0.8594153506447957,-0.4716028144150985
1778742431744611165,3.328573454866562,-0.8594121705473873,-0.4715689325177123
1778742431760919719,3.3285672188161888,-0.8594089906612662,-0.47153505062032597
1778742431777716904,3.3285609827658154,-0.8594058107751452,-0.47156893251771215
1778742431810435586,3.3285609827658154,-0.8594058107751452,-0.47156893251771215
1778742431827347790,3.328548510772811,-0.8593994507916148,-0.47156893251771226
1778742431843741667,3.328548510772811,-0.8593994507916148,-0.47156893251771226
1778742431860441827,3.328536038779807,-0.8593930908080845,-0.47156893251771215
1778742431860794920,3.328536038779807,-0.8593930908080845,-0.47156893251771215
1778742431893715617,3.3285298027294337,-0.8593899109219634,-0.47153505062032597
1778742431910594958,3.3285235666790602,-0.8593867310358423,-0.4715689325177123
1778742431910985773,3.328511094686056,-0.8593803710523119,-0.47156893251771237
1778742431944140736,3.328511094686056,-0.8593803710523119,-0.47156893251771237
1778742431944749967,3.3285048586356827,-0.8593771911661908,-0.4715350506203262
1778742431977263498,3.3284986225853093,-0.8593740112800698,-0.4715689325177123
1778742431993976783,3.328492386534936,-0.8593708313939488,-0.471535050620326
1778742431994550907,3.3284861504845624,-0.8593676515078277,-0.47156893251771237
1778742432010797072,3.328479914434189,-0.8593644716217066,-0.4715350506203262
1778742432027531337,3.3284736783838156,-0.8593612917355856,-0.4715689325177123
1778742432044047547,3.3284736783838156,-0.8593612917355856,-0.4715689325177123
1778742432060795619,3.3284612063908114,-0.8593549317520552,-0.47156893251771237
1778742432093936805,3.3284612063908114,-0.8593549317520552,-0.47156893251771237
1778742432094615248,3.3284487343978073,-0.8593485717685249,-0.4715689325177123
1778742432110749520,3.3284487343978073,-0.8593485717685249,-0.4715689325177123
1778742432143896548,3.328442498347434,-0.8593453918824038,-0.471535050620326
1778742432144609697,3.3284362622970605,-0.8593422119962827,-0.47156893251771237
1778742432160778585,3.328430026246687,-0.8593390321101616,-0.4715350506203262
1778742432194150080,3.3284237901963136,-0.8593358522240406,-0.4715689325177123
1778742432210912580,3.32841755414594,-0.8593326723379195,-0.471535050620326
1778742432227224640,3.328411318095567,-0.8593294924517985,-0.47156893251771237
1778742432243905774,3.328411318095567,-0.8593294924517985,-0.47156893251771237
1778742432244565782,3.3283988461025626,-0.8593231324682681,-0.4715689325177123
1778742432277114099,3.3283988461025626,-0.8593231324682681,-0.4715689325177123
1778742432293754816,3.3283863741095585,-0.8593167724847377,-0.47156893251771237
1778742432310504881,3.3283863741095585,-0.8593167724847377,-0.47156893251771237
1778742432327490766,3.3283739021165544,-0.8593104125012073,-0.4715689325177123
1778742432343792527,3.3283739021165544,-0.8593104125012073,-0.4715689325177123
1778742432344156761,3.328367666066181,-0.8593072326150862,-0.471535050620326
1778742432360848075,3.3283614300158075,-0.8593040527289652,-0.47156893251771237
1778742432393939156,3.328355193965434,-0.8593008728428441,-0.4715350506203262
1778742432394598783,3.3283489579150607,-0.8592976929567231,-0.4715689325177123
1778742432427296294,3.3283427218646873,-0.859294513070602,-0.471535050620326
1778742432443901544,3.328336485814314,-0.8592913331844809,-0.47156893251771237
1778742432444771140,3.328336485814314,-0.8592913331844809,-0.47156893251771237
1778742432477402566,3.3283240138213097,-0.8592849732009505,-0.4715689325177123
1778742432478061421,3.3283240138213097,-0.8592849732009505,-0.4715689325177123
1778742432494099710,3.3283115418283056,-0.8592786132174202,-0.47156893251771237
1778742432510631470,3.3283115418283056,-0.8592786132174202,-0.47156893251771237
1778742432543822522,3.328305305777932,-0.8592754333312991,-0.4715350506203262
1778742432560418533,3.3282990697275587,-0.8592722534451781,-0.4715689325177123
1778742432560738293,3.3282928336771853,-0.859269073559057,-0.471535050620326
1778742432577791205,3.328286597626812,-0.8592658936729359,-0.47156893251771237
1778742432610712002,3.3282803615764385,-0.8592627137868148,-0.4715350506203262
1778742432627090449,3.328274125526065,-0.8592595339006939,-0.4715689325177123
1778742432627478048,3.3282678894756916,-0.8592563540145728,-0.47153505062032597
1778742432660631508,3.328261653425318,-0.8592531741284517,-0.4715689325177123
1778742432661260116,3.328261653425318,-0.8592531741284517,-0.4715689325177123
1778742432677544534,3.328249181432314,-0.8592468141449213,-0.47156893251771237
1778742432694264391,3.328249181432314,-0.8592468141449213,-0.47156893251771237
1778742432727272004,3.32823670943931,-0.8592404541613909,-0.4715689325177123
1778742432743724582,3.32823670943931,-0.8592404541613909,-0.4715689325177123
1778742432744009174,3.328230473496681,-0.8592372740639825,-0.47160281441509866
1778742432777124251,3.328224237554052,-0.8592340939665741,-0.4715689325177124
1778742432777479989,3.3282180015036786,-0.859230914080453,-0.47153505062032625
1778742432794007220,3.328211765453305,-0.8592277341943321,-0.47156893251771237
1778742432827335584,3.328205529402932,-0.859224554308211,-0.4715350506203262
1778742432844052566,3.3281992933525584,-0.8592213744220899,-0.4715689325177125
1778742432844694459,3.3281992933525584,-0.8592213744220899,-0.4715689325177125
1778742432877137706,3.3281868213595542,-0.8592150144385595,-0.4715689325177124
1778742432893737495,3.328180585309181,-0.8592118345524384,-0.47153505062032625
1778742432894171792,3.3281743492588074,-0.8592086546663174,-0.47156893251771254
1778742432927080215,3.3281743492588074,-0.8592086546663174,-0.47156893251771254
1778742432927590037,3.328168113208434,-0.8592054747801963,-0.47153505062032636
1778742432944184706,3.3281618771580606,-0.8592022948940753,-0.4715689325177125
1778742432961022088,3.3281556412154316,-0.8591991147966669,-0.4716028144150988
1778742432977292028,3.3281494052728027,-0.8591959346992585,-0.47156893251771254
1778742433010481156,3.3281494052728027,-0.8591959346992585,-0.47156893251771254
1778742433027758537,3.3281369332797985,-0.8591895747157281,-0.4715689325177125
1778742433028107321,3.328130697229425,-0.859186394829607,-0.4715350506203263
1778742433044317257,3.3281244611790517,-0.8591832149434859,-0.47156893251771254
1778742433060937044,3.3281244611790517,-0.8591832149434859,-0.47156893251771254
1778742433094245300,3.3281119891860476,-0.8591768549599555,-0.47156893251771254
1778742433094905187,3.3281119891860476,-0.8591768549599555,-0.47156893251771254
1778742433110991067,3.328105753135674,-0.8591736750738345,-0.47153505062032636
1778742433127414610,3.3280995170853007,-0.8591704951877134,-0.4715689325177126
1778742433160430388,3.3280932811426718,-0.859167315090305,-0.4716028144150988
1778742433160883431,3.328087045200043,-0.8591641349928966,-0.47156893251771254
1778742433193724837,3.3280808091496694,-0.8591609551067755,-0.4715350506203264
1778742433210890574,3.328074573099296,-0.8591577752206544,-0.47156893251771276
1778742433211663998,3.3280683370489226,-0.8591545953345333,-0.47153505062032647
1778742433244025739,3.328062100998549,-0.8591514154484123,-0.4715689325177126
1778742433260763241,3.328062100998549,-0.8591514154484123,-0.4715689325177126
1778742433261540341,3.328049629005545,-0.859145055464882,-0.47156893251771276
1778742433277481405,3.328049629005545,-0.859145055464882,-0.47156893251771276
1778742433294012032,3.328037157012541,-0.8591386954813516,-0.47156893251771276
1778742433310966247,3.328037157012541,-0.8591386954813516,-0.47156893251771276
1778742433344094028,3.3280246850195367,-0.8591323354978212,-0.4715689325177128
1778742433360629184,3.3280246850195367,-0.8591323354978212,-0.4715689325177128
1778742433377077204,3.3280184489691633,-0.8591291556117001,-0.4715350506203265
1778742433393738610,3.32801221291879,-0.859125975725579,-0.47156893251771287
1778742433410433721,3.3280059768684165,-0.8591227958394579,-0.4715350506203265
1778742433427081321,3.327999740818043,-0.859119615953337,-0.47156893251771276
1778742433427498696,3.327999740818043,-0.859119615953337,-0.47156893251771276
1778742433444427592,3.327987268825039,-0.8591132559698066,-0.4715689325177128
1778742433460991533,3.327987268825039,-0.8591132559698066,-0.4715689325177128
1778742433493892823,3.327974796832035,-0.8591068959862762,-0.47156893251771276
1778742433510612069,3.327974796832035,-0.8591068959862762,-0.47156893251771276
1778742433511251618,3.3279623248390307,-0.8591005360027458,-0.4715689325177128
1778742433527490960,3.3279623248390307,-0.8591005360027458,-0.4715689325177128
1778742433544232128,3.3279498528460265,-0.8590941760192154,-0.47156893251771276
1778742433577531256,3.3279498528460265,-0.8590941760192154,-0.47156893251771276
1778742433593970399,3.327943616795653,-0.8590909961330944,-0.47153505062032647
1778742433594676374,3.3279373807452797,-0.8590878162469733,-0.4715689325177128
1778742433627237937,3.3279311446949063,-0.8590846363608522,-0.4715350506203265
1778742433643919081,3.327924908644533,-0.8590814564747312,-0.47156893251771276
1778742433660966583,3.3279186725941594,-0.8590782765886101,-0.47153505062032647
1778742433677265709,3.327912436543786,-0.859075096702489,-0.4715689325177128
1778742433678000709,3.327912436543786,-0.859075096702489,-0.4715689325177128
1778742433694527579,3.3279062004934126,-0.859071916816368,-0.4715350506203265
1778742433727598823,3.327899964443039,-0.859068736930247,-0.47156893251771276
1778742433728200189,3.327887492450035,-0.8590623769467166,-0.4715689325177128
1778742433744248818,3.3278812563996616,-0.8590591970605955,-0.47153505062032647
1778742433760865819,3.3278812563996616,-0.8590591970605955,-0.47153505062032647
1778742433777524741,3.327875020349288,-0.8590560171744746,-0.4715689325177126
1778742433810592748,3.3278687842989148,-0.8590528372883535,-0.47153505062032647
1778742433811358197,3.3278625482485413,-0.8590496574022324,-0.4715689325177128
1778742433843892988,3.3278625482485413,-0.8590496574022324,-0.4715689325177128
1778742433860677389,3.32793106998221,-0.8590847824931936,-0.4758041696909946
1778742433861245712,3.3281796727301884,-0.8592136105712579,-0.48041210773552495
1778742433893944546,3.328161074391523,-0.8592038585561386,-0.4854605104460768
1778742433910564573,3.3281054307848343,-0.8591743155529962,-0.4907122045409461
1778742433927139725,3.328000624524176,-0.8591179537953331,-0.4960994262253604
1778742433927634218,3.3279207178126065,-0.859074411661186,-0.5017577030888647
1778742433944021361,3.327896211231989,-0.8590608681200521,-0.5079919722079355
1778742433961050428,3.327902316243616,-0.8590642928584419,-0.5144634146087097
1778742433977520600,3.3279205629978157,-0.8590746878553721,-0.5212059121885743
1778742434010578549,3.3279569137193326,-0.8590957265113464,-0.52811781925537
1778742434011233456,3.328005185340371,-0.8591241140192026,-0.5350974901169383
1778742434027556428,3.328053255705227,-0.8591528410103891,-0.5422126885680516
1778742434044271036,3.3281130854135017,-0.8591891784017067,-0.5493956508139374
1778742434060858832,3.3281845645069628,-0.8592333002692781,-0.5566463768545956
1778742434077967871,3.328255718783655,-0.859277944069614,-0.5640326304847989
1778742434110577645,3.3283324424253387,-0.8593268775224531,-0.5714527660123885
1778742434111229908,3.328420546382401,-0.8593839975080092,-0.5789406653347505
1778742434143739111,3.328508218207155,-0.8594417785701695,-0.5864963284518852
1778742434160452767,3.3285954489791574,-0.8595002233510812,-0.5941197553637922
1778742434160837199,3.3286880139795656,-0.8595632766674051,-0.601844827967858
1778742434194147869,3.3287915985253753,-0.8596350139789616,-0.6095699005719238
1778742434210890230,3.3288831739645706,-0.8596994960612495,-0.6174305007655347
1778742434227327258,3.328979932494733,-0.8597687693377767,-0.6252572190617594
1778742434243889887,3.329076143511679,-0.8598388010464387,-0.6331517011527567
1778742434260630905,3.3291717962737195,-0.859909593342023,-0.6411139470385261
1778742434261288908,3.3292668799196408,-0.8599811482180159,-0.6491439567190682
1778742434277659591,3.3293613859198596,-0.8600534643014459,-0.6571739663996102
1778742434294235144,3.329455305704669,-0.8601265401115433,-0.6652717398749249
1778742434310877063,3.329554119044416,-0.8602047189059062,-0.673403395247626
1778742434343892440,3.329641382760648,-0.8602749260553239,-0.6816028144150993
1778742434344334012,3.329728065489146,-0.8603458492855109,-0.6898699973773452
1778742434360693723,3.3297980154211726,-0.8604040558745664,-0.6981710622369773
1778742434377289625,3.3298728199661056,-0.8604673668535302,-0.7065737727887681
1778742434410424329,3.329936481759972,-0.8605221680944075,-0.7149087195457866
1778742434427276559,3.329994415102748,-0.8605728901585888,-0.7233453119949637
1778742434443966991,3.330025781047621,-0.8606008218162952,-0.7317480225467545
1778742434444604997,3.330072479837783,-0.8606431092020903,-0.7399813236116142
1778742434461224633,3.3300570296736955,-0.8606288862477679,-0.7481468608817016
1778742434494011716,3.3300979170949803,-0.860667151359563,-0.7564140438439472
1778742434510645940,3.3300776315995586,-0.8606478511348105,-0.7646134630114209
1778742434511261132,3.330087694552114,-0.8606575844274633,-0.7728806459736666
1778742434527582791,3.3300926857066004,-0.8606624924185889,-0.7811139470385263
1778742434560472960,3.3300728844054692,-0.8606426957402438,-0.7894488937955446
1778742434561045902,3.330067975587266,-0.8606377053991885,-0.7978177224499493
1778742434595549825,3.330053375448232,-0.8606226111638587,-0.8062543148991266
1778742434596380758,3.3300292549864894,-0.8605972497103254,-0.8146909073483035
1778742434611791902,3.330005350211023,-0.860571684857306,-0.8231952635922533
1778742434644325682,3.329972189109582,-0.8605356107481525,-0.8316996198362031
1778742434661241663,3.3299299493852845,-0.8604888688430643,-0.8402039760801526
1778742434661651494,3.3298834606142886,-0.8604365353531052,-0.8487422142214885
1778742434677852153,3.3298420235888746,-0.8603890803963056,-0.8572465704654381
1778742434694377440,3.3297873153914033,-0.8603253386271942,-0.8657848086067742
1778742434710960287,3.329737665924092,-0.8602664834626316,-0.8742891648507238
1778742434744050276,3.329675116280601,-0.8601910411528898,-0.8828274029920596
1778742434744750530,3.329617631127404,-0.8601204971442009,-0.8912639954412369
1778742434760908908,3.3295607479771236,-0.8600494668181831,-0.8998361154799591
1778742434793967537,3.3294958185301855,-0.859966949141772,-0.9084082355186811
1778742434794633927,3.329427312993681,-0.8598783433210363,-0.9168787098652446
1778742434827302624,3.329363796390203,-0.8597947332673191,-0.9253830661091943
1778742434828152092,3.3292884341822644,-0.8596937553607522,-0.9339213042505301
1778742434844413586,3.3292139334412996,-0.8595921402063919,-0.9423917785970936
1778742434877247568,3.3291402960912584,-0.8594898976483304,-0.950862252943657
1778742434877911042,3.329067530900734,-0.8593870325568369,-0.9594004910849929
1778742434910619975,3.328987655602551,-0.8592720545731173,-0.9678709654315563
1778742434911293228,3.3289087570762503,-0.8591564041405734,-0.9763414397781197
1778742434944166384,3.328830840982683,-0.8590400895569511,-0.9848119141246832
1778742434944806053,3.3287500644280317,-0.8589172720165968,-0.9932485065738603
1778742434977537028,3.3286741259150614,-0.8587996567869373,-1.0017189809204237
1778742434993907470,3.328599186371201,-0.8586814025491021,-1.010189455266987
1778742435010634872,3.328521552298642,-0.8585565748647609,-1.0186260477161642
1778742435011269111,3.3284449740967186,-0.858431096663506,-1.0270626401653413
1778742435027598946,3.328369457215935,-0.8583049768763326,-1.0354992326145183
1778742435060648047,3.3282950070312554,-0.8581782244799008,-1.0439358250636954
1778742435077604035,3.328218132381606,-0.8580447842751601,-1.0523385356154864
1778742435094026295,3.3281458270734405,-0.8579167962194238,-1.0607751280646636
1778742435094939205,3.3280712102567485,-0.8577820804791899,-1.0691778386164545
1778742435111366936,3.3280044082399525,-0.8576590459695921,-1.0775805491682453
1778742435143907849,3.327932065807915,-0.8575230953442649,-1.0859832597200363
1778742435160606086,3.327860868270062,-0.8573865416529795,-1.0943859702718273
1778742435177230512,3.3277908206533047,-0.857249394537127,-1.1027886808236183
1778742435177889127,3.3277219279033647,-0.8571116636799972,-1.1111913913754092
1778742435210611375,3.3276603524315997,-0.8569859319764499,-1.1195941019272
1778742435211334453,3.327587732243624,-0.8568344383848416,-1.1279968124789908
1778742435227628479,3.327525303391861,-0.8567013533050333,-1.1363656411333956
1778742435244123418,3.3274581561123733,-0.856555024077408,-1.1448022335825727
1778742435277158684,3.327392240751033,-0.8564081358030653,-1.1531710622369773
1778742435277594674,3.327330371693957,-0.8562671102033448,-1.1615737727887683
1778742435310546139,3.3272696898043677,-0.8561255697205284,-1.1699764833405595
1778742435327614872,3.327210199366718,-0.8559835243481004,-1.1783791938923498
1778742435328260783,3.327151904581337,-0.8558409841151925,-1.1867819044441412
1778742435360913428,3.327092211802976,-0.8556914589594109,-1.1951507330985456
1778742435377333906,3.327036315723146,-0.8555479611257699,-1.2035534436503366
1778742435378042676,3.326979144088799,-0.8553974539690429,-1.2119900360995137
1778742435394352072,3.3269232391259487,-0.8552464717345624,-1.220358864753918
1778742435410945188,3.3268804838210215,-0.8551279475433582,-1.2288293391004816
1778742435444100141,3.3268224895587033,-0.8549628364730505,-1.2371981677548864
1778742435444844279,3.3267681408227894,-0.8548038703920628,-1.2455331145119048
1778742435477468010,3.3267217490324312,-0.8546643827517955,-1.2539019431663094
1778742435494043122,3.326672219264866,-0.8545111907085134,-1.262270771820714
1778742435495114012,3.3266239732547525,-0.8543575895284785,-1.2706396004751186
1778742435527242700,3.326577014381091,-0.8542035899694388,-1.2790084291295232
1778742435527652621,3.3265333340192007,-0.8540559145619224,-1.287411139681314
1778742435544097735,3.3264889644383464,-0.8539011491255524,-1.2957799683357185
1778742435577333673,3.3264458916015456,-0.8537460177917415,-1.3041487969901233
1778742435578064645,3.3264041185254856,-0.8535905314254052,-1.3125176256445277
1778742435610896863,3.326363648135822,-0.853434700916324,-1.320886454298932
1778742435627287183,3.326324483266976,-0.8532785371783813,-1.3292552829533368
1778742435643997082,3.3262882751370464,-0.8531288542757938,-1.337657993505128
1778742435660607712,3.3262533260126617,-0.8529788724145414,-1.3460607040569184
1778742435677143188,3.326219633269987,-0.8528286033256006,-1.354395650813937
1778742435677577105,3.3261842507231916,-0.8526643715522366,-1.3627983613657277
1778742435694072315,3.3261516634520087,-0.8525067039596348,-1.371167190020132
1778742435727497924,3.326120396799646,-0.852348769174201,-1.3795360186745367
1778742435728076977,3.3260917574255617,-0.8521974556379524,-1.387938729226328
1778742435744126738,3.326063143855778,-0.8520390186990011,-1.3963075578807325
1778742435760802091,3.3260346736328645,-0.8518734486340519,-1.4047102684325234
1778742435777675711,3.3260087211940257,-0.8517145541063981,-1.413079097086928
1778742435794129833,3.3259851673437093,-0.851562366011807,-1.4214140438439467
1778742435827119742,3.325961872540442,-0.8514030601671536,-1.4297828724983515
1778742435843950240,3.3259399117406776,-0.8512435649532013,-1.4381517011527558
1778742435844819046,3.325919286482482,-0.8510838915404978,-1.4465205298071604
1778742435861054861,3.325900839421029,-0.8509310003833835,-1.4549232403589512
1778742435893928799,3.3258828949069064,-0.8507710035258741,-1.463292069013356
1778742435910474855,3.3258655708699036,-0.8506038991341247,-1.471694779565147
1778742435927090745,3.32585031214725,-0.8504436238353947,-1.4800636082195513
1778742435943862011,3.325837002940995,-0.8502902000268484,-1.488466318771342
1778742435944273785,3.325824434301752,-0.8501296913688029,-1.4968351474257469
1778742435977260818,3.32581320935642,-0.84996908314796,-1.5052039760801514
1778742435994232967,3.3258037610805955,-0.8498153732586102,-1.5136066866319424
1778742436010602487,3.3257952312347228,-0.8496545993747566,-1.521975515286347
1778742436011242166,3.3257877319666544,-0.8494867668362593,-1.5303104620433652
1778742436027456571,3.3257821401638608,-0.8493328683900634,-1.5386454088003836
1778742436044094823,3.325777643596536,-0.8491719311946041,-1.547082001249561
1778742436077267359,3.3257743599344844,-0.8490039632882543,-1.5554169480065796
1778742436077907068,3.325772638554711,-0.8488499729091663,-1.5638196585583706
1778742436110844717,3.3257721890024157,-0.8486889735367987,-1.572188487212775
1778742436111512700,3.3257730868262962,-0.8485279760401963,-1.5805573158671793
1778742436127580215,3.3257753319634715,-0.8483669916951218,-1.588926144521584
1778742436160543713,3.3257789242566993,-0.8482060317764172,-1.5972949731759887
1778742436160893790,3.3257838634543866,-0.8480451075572139,-1.6056638018303933
1778742436193743982,3.3257901492106074,-0.8478842303081426,-1.614032630484798
1778742436210676786,3.3257974466585214,-0.8477304033038361,-1.6223675772418165
1778742436211100633,3.3258068115994486,-0.8475626645251311,-1.6307702877936074
1778742436227515430,3.325816687815744,-0.8474089815385916,-1.6391729983453984
1778742436260693337,3.3258283599018035,-0.8472484051941102,-1.6475418269998028
1778742436261329329,3.325841380836475,-0.8470879325943921,-1.6559784194489804
1778742436293928633,3.3258551223687016,-0.8469345469031035,-1.6643133662059988
1778742436294513407,3.3258715129446332,-0.8467673483713497,-1.67271607675779
1778742436327263048,3.325887819749332,-0.8466142141553151,-1.6810510235148082
1778742436327889922,3.325906204256612,-0.8464542672582147,-1.689419852169213
1778742436344160875,3.3259259320865366,-0.8462944804855254,-1.6978564446183901
1778742436360879661,3.32594608318324,-0.8461418045761563,-1.7061913913754085
1778742436377718145,3.3259684825812323,-0.84598237036725,-1.7145602200298131
1778742436394054642,3.325992215456834,-0.8458231291960169,-1.7229290486842177
1778742436427221407,3.3260172801478682,-0.8456640922152125,-1.731297877338623
1778742436443945683,3.32604482530432,-0.8454983657406949,-1.7397005878904135
1778742436444557920,3.3260713454904507,-0.8453466664337499,-1.7480355346474319
1778742436477262244,3.3261003947225816,-0.8451883087938565,-1.7564043633018362
1778742436494439243,3.3261320915704444,-0.8450233260376802,-1.7648070738536275
1778742436510657295,3.326165168004634,-0.8448586143213351,-1.7731420206106459
1778742436527247816,3.3261953125581942,-0.8447147383125961,-1.7815108492650507
1778742436543928169,3.326228150307684,-0.8445642800718499,-1.789845796022069
1778742436544553049,3.326262240963445,-0.8444141007550656,-1.7981807427790875
1778742436561134714,3.3262991912297584,-0.8442573982413035,-1.8065495714334923
1778742436593965008,3.3263374516033104,-0.8441010104418571,-1.8149184000878968
1778742436610836986,3.3263770194044637,-0.8439449483096408,-1.8232872287423014
1778742436627427647,3.326417891862013,-0.8437892227747601,-1.831656057396706
1778742436643956652,3.3264600661133783,-0.8436338447437461,-1.8400248860511108
1778742436660699002,3.326503539204807,-0.8434788250987921,-1.8483937147055154
1778742436661459361,3.326546364124249,-0.8433308993529777,-1.8567964252573066
1778742436694032445,3.326594436528116,-0.8431699240629905,-1.8651991358090974
1778742436694779589,3.3266417979359666,-0.8430160478236083,-1.8735679644635022
1778742436710972683,3.326690445434144,-0.8428625733276128,-1.8819367931179067
1778742436744312889,3.326740375615529,-0.8427095113238795,-1.890305621772311
1778742436745066876,3.3267915849831673,-0.8425568725323942,-1.898674450426716
1778742436760983864,3.326844069950514,-0.8424046676435023,-1.9070432790811205
1778742436777821776,3.3268978268416864,-0.8422529073171601,-1.9154121077355253
1778742436810633836,3.3269504619500383,-0.842108181557985,-1.9238148182873163
1778742436811399415,3.3270067564158383,-0.8419573441185997,-1.9321836469417206
1778742436843947832,3.3270643112282436,-0.8418069830745457,-1.9405524755961256
1778742436860906735,3.3271231223562947,-0.8416571089566421,-1.9489213042505302
1778742436877298979,3.327183185681043,-0.8415077322616051,-1.957290132904935
1778742436893914618,3.327244496995841,-0.841358863451313,-1.9656589615593396
1778742436894655369,3.327304329819619,-0.8412169619601345,-1.973993908316358
1778742436927375324,3.327370895198451,-0.8410627119995481,-1.982396618868149
1778742436928105385,3.3274359243709646,-0.8409154292554054,-1.9907654475225538
1778742436944358443,3.3274993053673323,-0.8407750766661901,-1.9991681580743446
1778742436977425979,3.3275667954367267,-0.8406289052239275,-2.0075369867287494
1778742436994194580,3.327635506412199,-0.8404833037065947,-2.015905815383154
1778742437010691603,3.3277054334814475,-0.8403382823116684,-2.0242746440375585
1778742437011412477,3.3277765717469974,-0.8401938511959952,-2.032643472691963
1778742437044010959,3.327848916226546,-0.8400500204750805,-2.0410123013463677
1778742437044747052,3.3279192665381516,-0.8399130283816699,-2.0494150118981587
1778742437060944144,3.3279940129927352,-0.8397704311603534,-2.0577838405525632
1778742437077682447,3.3280699501875963,-0.8396284644655385,-2.066152669206968
1778742437110927251,3.32814707280433,-0.8394871382401303,-2.0745214978613724
1778742437127751177,3.3282253754415088,-0.8393464623821771,-2.082890326515777
1778742437128374395,3.3283013993546313,-0.8392125356685106,-2.091293037067568
1778742437160653118,3.3283855592420326,-0.8390671358289212,-2.099695747619359
1778742437161383189,3.32846381851506,-0.8389345029288351,-2.1080306943763776
1778742437177603766,3.328550400153133,-0.8387905320291764,-2.1164334049281686
1778742437194396272,3.3286345282943395,-0.8386532605614304,-2.124802233582573
1778742437210899697,3.328716096925909,-0.8385226368333261,-2.133204944134364
1778742437227859091,3.328802515381294,-0.8383867955635701,-2.1415737727887687
1778742437244286512,3.3288862588205537,-0.8382575553361601,-2.1499087195457873
1778742437261087875,3.3289787920024314,-0.8381173354721907,-2.1583114300975783
1778742437293954949,3.3290685933615816,-0.8379837064487908,-2.166680258751983
1778742437294669381,3.329159509881374,-0.8378508336282863,-2.1750490874063875
1778742437311000919,3.3292515351942993,-0.8377187263166755,-2.183417916060792
1778742437343965469,3.32934061169828,-0.8375931023681685,-2.1917528628178102
1778742437360949770,3.3294389295503044,-0.8374568760859269,-2.200155573369601
1778742437361716862,3.3295301003348636,-0.8373327636850846,-2.208558283921392
1778742437394178614,3.3296264999680236,-0.8372038136531863,-2.2169271125757968
1778742437394931128,3.3297239753735437,-0.8370756748795124,-2.2252959412302014
1778742437410882301,3.3298225197245506,-0.8369483563385034,-2.233664769884606
1778742437427590947,3.329922126119304,-0.8368218669471532,-2.2420335985390105
1778742437460567260,3.330022791838933,-0.8366962189750581,-2.2504701909881875
1778742437461325385,3.33012450554748,-0.8365714178472843,-2.2587712558478197
1778742437494078743,3.3302227905225954,-0.8364528595760985,-2.2671739663996107
1778742437510711104,3.3303265787649465,-0.8363297782990914,-2.2755427950540152
1778742437527350448,3.330431393406889,-0.8362075699080765,-2.28391162370842
1778742437543909850,3.3305372271075324,-0.836086242962149,-2.2922804523628244
1778742437544673104,3.330644072454614,-0.8359658059586699,-2.300649281017229
1778742437577389752,3.3307519219650183,-0.8358462673326718,-2.3090181096716336
1778742437578114383,3.3308607721047125,-0.8357276391442486,-2.317454702120811
1778742437610910312,3.3309706151883183,-0.8356099297691592,-2.3258235307752155
1778742437627331551,3.3310814395034827,-0.8354931437632839,-2.33419235942962
1778742437643997055,3.3311932372884163,-0.8353772893059507,-2.3425611880840247
1778742437644704663,3.33130600071315,-0.8352623745112449,-2.3509300167384293
1778742437677298216,3.3314197218800854,-0.8351484074274406,-2.359298845392834
1778742437693977867,3.331534392824546,-0.8350353960364373,-2.3676676740472384
1778742437694676599,3.331644980692256,-0.8349282217693982,-2.3760703845990294
1778742437710907395,3.3317666001548982,-0.8348123222167386,-2.3844730951508204
1778742437744634017,3.331884079441827,-0.8347022330840201,-2.392841923805225
1778742437760619736,3.331997330016051,-0.8345978764482084,-2.401244634357016
1778742437777479270,3.332116639058462,-0.8344897730144102,-2.4096134630114205
1778742437778200614,3.33223684861141,-0.8343826718315037,-2.417982291665825
1778742437794230057,3.3323579502557927,-0.834276580400522,-2.4263511203202297
1778742437827567738,3.3324746335059694,-0.8341760765740864,-2.4347538308720207
1778742437828296166,3.3325974973519217,-0.8340720310294544,-2.4431226595264253
1778742437844156747,3.332721227624545,-0.8339690173428075,-2.45149148818083
1778742437861312946,3.332845815658156,-0.8338670427289033,-2.4598603168352344
1778742437877612222,3.3329712527269977,-0.8337661143297262,-2.468229145489639
1778742437910747748,3.333097530045848,-0.8336662392139869,-2.4765979741440436
1778742437911456489,3.3332246387706372,-0.833567424376627,-2.484966802798448
1778742437927646347,3.3333525699990663,-0.8334696767383301,-2.4933356314528528
1778742437944206851,3.3334757187389594,-0.8333772084309877,-2.5017383420046437
1778742437977554942,3.333610905685547,-0.8332774663161499,-2.5101410525564347
1778742437994011508,3.333735587869067,-0.8331870763105482,-2.5184759993134533
1778742438010701298,3.33386102213605,-0.8330977329019139,-2.5268787098652443
1778742438011402555,3.3340044074327873,-0.832997405155604,-2.535247538519649
1778742438027783356,3.33413708973299,-0.8329062108179898,-2.5436163671740535
1778742438060621706,3.3342647302520034,-0.8328200487735272,-2.5520190777258445
1778742438061369771,3.3343989232896116,-0.8327310924434685,-2.560387906380249
1778742438094197251,3.3345338560795827,-0.8326432622539512,-2.5687567350346536
1778742438094976656,3.3346695191716447,-0.8325565643563282,-2.577125563689058
1778742438111090058,3.334805903064377,-0.83247100482265,-2.585494392343463
1778742438127505586,3.334937038915428,-0.8323902620918988,-2.5938971028952538
1778742438144347516,3.3350808312842615,-0.8323033842773245,-2.6022998134470448
1778742438177301817,3.335219325632692,-0.8322212848531313,-2.6106686421014493
1778742438194038076,3.3353342930479384,-0.8321544156267894,-2.618901943166309
1778742438210700394,3.3354558903289617,-0.832085031902129,-2.6272368899233274
1778742438211432268,3.3355841690410686,-0.8320132435185268,-2.6355379547829596
1778742438227780258,3.3357191746679966,-0.8319391524887203,-2.6438051377452054
1778742438244593644,3.3358609563269486,-0.8318628703729599,-2.65217396639961
1778742438277293740,3.336003371405432,-0.8317877774610402,-2.6605427950540146
1778742438294036852,3.3361401920603497,-0.8317170943061312,-2.6689455056058056
1778742438294768606,3.3362775994523286,-0.8316475586416877,-2.677280452362824
1778742438311003730,3.3364218547696014,-0.8315760645619428,-2.6856492810172288
1778742438327482970,3.336566703349997,-0.8315057802197499,-2.6940181096716334
1778742438344329319,3.336718459387068,-0.8314337100788278,-2.7024208202234243
1778742438377497938,3.3368644663174476,-0.8313658648411099,-2.710789648877829
1778742438394065736,3.3369982907311746,-0.8313050369996994,-2.7191584775322335
1778742438394783123,3.33714541272749,-0.8312396449650148,-2.727527306186638
1778742438427619799,3.3372994981322512,-0.8311726995541223,-2.735930016738429
1778742438444008085,3.33744769611114,-0.8311097840627604,-2.7442988453928336
1778742438444773984,3.337596415423187,-0.831048111003616,-2.7526676740472382
1778742438477697026,3.3377456456525554,-0.8309876846960781,-2.761036502701643
1778742438478365419,3.3378953763476247,-0.830928509372217,-2.7694053313560474
1778742438494325740,3.3380390666266075,-0.8308731098801092,-2.7778080419078384
1778742438527378197,3.338189768678444,-0.8308164539751013,-2.786176870562243
1778742438528038005,3.338347513218509,-0.8307586555315272,-2.794579581114034
1778742438544326040,3.3385057378476644,-0.8307021845945,-2.802982291665825
1778742438560957148,3.338644593883722,-0.8306539352292154,-2.8113511203202295
1778742438593999427,3.338790479196082,-0.830604604958207,-2.8196860670772477
1778742438611009558,3.338950071598391,-0.8305521238651801,-2.8280887776290387
1778742438627370281,3.339103430691896,-0.8305031137801026,-2.8364576062834432
1778742438644023893,3.339250508407963,-0.8304574613383656,-2.844792553040462
1778742438660981133,3.3394046647225215,-0.8304110196471629,-2.8531613816948664
1778742438677356734,3.3395659242068256,-0.830363909364613,-2.8615640922466574
1778742438678116142,3.3397208377031293,-0.8303200595223896,-2.869932920901062
1778742438694188375,3.3398693609639354,-0.8302793552105838,-2.8782678676580806
1778742438727415305,3.3400249852729162,-0.8302380990055443,-2.886636696312485
1778742438728126440,3.340174168992885,-0.8301998862106166,-2.895039406864276
1778742438744409977,3.3403304633126467,-0.8301612457446469,-2.9034082355186808
1778742438777354740,3.3404870755308886,-0.8301239146169198,-2.9117770641730853
1778742438793985017,3.340643994678979,-0.8300878954419911,-2.92014589282749
1778742438794664241,3.34080120976679,-0.8300531907425317,-2.9285147214818945
1778742438810955913,3.3409587097834668,-0.8300198029491506,-2.936883550136299
1778742438827554399,3.3411233440004904,-0.8299863429045438,-2.94528626068809
1778742438844326827,3.3412745110942006,-0.8299569403573883,-2.953688971239881
1778742438861342789,3.3414328016301322,-0.8299275276690635,-2.9620577998942856
1778742438894049518,3.341584440566713,-0.8299006644430355,-2.9704605104460766
1778742438894795600,3.341743202113757,-0.829873910542754,-2.978829339100481
1778742438910806216,3.3419021819974124,-0.8298484862120273,-2.987198167754886
1778742438927685398,3.3420613690832237,-0.8298243932314966,-2.9955669964092904
1778742438960973404,3.342220752222224,-0.8298016332885589,-3.003935825063695
1778742438977386648,3.342380320251714,-0.8297802079772499,-3.0123046537180995
1778742438994155920,3.342540061996046,-0.8297601187981316,-3.020673482372504
1778742439010972822,3.342699966267407,-0.8297413671581875,-3.0290423110269087
1778742439027280545,3.342860021866599,-0.8297239543707239,-3.0374111396813133
1778742439027920785,3.343020217583827,-0.8297078816552783,-3.045779968335718
1778742439044144938,3.343180542199482,-0.8296931501375336,-3.0541487969901224
1778742439060806064,3.3433340089503294,-0.8296803455920794,-3.0625515075419134
1778742439077699993,3.3434875774848063,-0.8296688258169704,-3.070886454298932
1778742439110620560,3.343655206098601,-0.8296576612373838,-3.079289164850723
1778742439111225362,3.3438159342600744,-0.8296483093333311,-3.0876579935051276
1778742439127804472,3.3439767350566667,-0.8296403028475096,-3.096026822159532
1778742439160630187,3.344130603111061,-0.8296339293212508,-3.104361768916551
1778742439161243095,3.34429151520749,-0.8296286098078612,-3.1127305975709554
1778742439177577469,3.344452466186605,-0.829624637110797,-3.12109942622536
1778742439194209639,3.34462044389139,-0.8296219001973641,-3.129502136777151
1778742439210822303,3.344781438859646,-0.8296206273281245,-3.1378709654315555
1778742439227513837,3.3449284388439087,-0.8296206953488688,3.1369455130936266
1778742439244467089,3.3450894325652425,-0.8296221172107119,3.128576684439222
1778742439260864452,3.3452574076652115,-0.8296250095783102,3.120173973887431
1778742439277817775,3.345418354898861,-0.8296291312261118,3.1118051452330264
1778742439294410010,3.3455792620034273,-0.8296345996536779,3.103436316578622
1778742439327246977,3.3457401177094783,-0.829641414478017,3.0950674879242173
1778742439343891241,3.345900910751182,-0.8296495752218398,3.0866986592698127
1778742439344432752,3.346068617486674,-0.8296594974630431,3.0782959487180217
1778742439361000410,3.3462362356964,-0.8296708171701191,3.070028765755776
1778742439377353669,3.34637583478031,-0.8296814046991782,3.06176158279353
1778742439410575360,3.3465153411677666,-0.8296931506711995,3.0534266360365114
1778742439411242872,3.34668262553663,-0.8297086406658412,3.0450916892794933
1778742439443997371,3.3468358458670586,-0.8297241174336982,3.0367567425224746
1778742439460685980,3.3469958900371024,-0.8297416349573553,3.02838791386807
1778742439461328534,3.347148830484125,-0.8297596688051014,3.0200529671110514
1778742439494262155,3.3473155041250697,-0.8297807376782111,3.0116502565592604
1778742439510575519,3.3474681213192525,-0.8298013287452011,3.003315309802242
1778742439511241387,3.3476344189868885,-0.8298251842631957,2.994912599250451
1778742439527566132,3.3477797492909036,-0.829847277310403,2.9865437705960463
1778742439560651793,3.3479456234956086,-0.8298739184104831,2.9781410600442553
1778742439577116986,3.348097465152471,-0.8298996110405815,2.969806113287237
1778742439593881138,3.348255978833279,-0.829927796373588,2.9614372846328325
1778742439594270550,3.3484142510877155,-0.8299573072779373,2.953068455978428
1778742439627974309,3.3485722708308856,-0.8299881416867775,2.9446996273240233
1778742439628502265,3.348736885390803,-0.8300216983055458,2.9362969167722324
1778742439660641252,3.3488943657939862,-0.8300551784879413,2.927928088117828
1778742439677299412,3.3490447253796742,-0.8300884650466654,2.919525377566037
1778742439678003904,3.3492016221471084,-0.8301245815853797,2.9111565489116322
1778742439694306968,3.3493582111706663,-0.8301620098861852,2.9027877202572276
1778742439727240209,3.3495144814833404,-0.8302007473277203,2.894418891602823
1778742439727931977,3.3496704221404454,-0.8302407911969354,2.8860500629484185
1778742439760738065,3.349826022220383,-0.8302821386892826,2.877681234294014
1778742439761419113,3.349981270825409,-0.8303247869089123,2.8693124056396093
1778742439777280976,3.3501361570823938,-0.8303687328688762,2.8609435769852047
1778742439810468200,3.350283951451287,-0.830412009011534,2.8525408664334138
1778742439810829959,3.350438078918391,-0.8304585463501355,2.844172037779009
1778742439843917834,3.3505918115297244,-0.8305063719103787,2.8358032091246046
1778742439860698598,3.3507451385183344,-0.8305554823427103,2.8274343804702
1778742439877105730,3.3508980491456763,-0.8306058742075886,2.8190655518157954
1778742439877508939,3.3510571615088067,-0.8306597931829045,2.8106628412640045
1778742439910647190,3.3512092055214393,-0.8307127423870783,2.8022940126096
1778742439911311576,3.3513476188685485,-0.8307622473902805,2.7939251839551953
1778742439927617455,3.351505327513431,-0.8308201437056155,2.7855902371981767
1778742439944219338,3.3516559963030943,-0.8308768880077213,2.777221408543772
1778742439977215678,3.351806184938773,-0.8309348912292958,2.7688525798893675
1778742439994171827,3.351955882901723,-0.8309941493079739,2.760483751234963
1778742439994758995,3.352098591909392,-0.8310520296943766,2.752081040683172
1778742440027319125,3.352247275016377,-0.8311137899866143,2.7437122120287674
1778742440043902082,3.352395436061441,-0.8311767924050244,2.735343383374363
1778742440060625226,3.352536644991793,-0.8312382418801145,2.726940672822572
1778742440077262156,3.352683728601646,-0.8313037202102138,2.718571844168167
1778742440093955813,3.3528302590903314,-0.8313704271505244,2.7102030155137626
1778742440110932180,3.3529825713903083,-0.831441314125885,2.7018003049619717
1778742440127521199,3.3531216423115024,-0.8315074600167496,2.693465358204953
1778742440143923271,3.3532664520199984,-0.8315778244134665,2.6850965295505484
1778742440144551207,3.3534043963857845,-0.8316462886519264,2.6766938189987575
1778742440160990871,3.353548005664478,-0.8317190717205138,2.668324990344353
1778742440193857264,3.353691000812279,-0.8317930540677694,2.6599561616899483
1778742440194469040,3.353833371814252,-0.8318682305121997,2.6515873330355437
1778742440210927279,3.353975108699176,-0.8319445957886811,2.643218504381139
1778742440227467264,3.354116201540241,-0.8320221445488274,2.6348496757267346
1778742440244396972,3.354256640455744,-0.832100871361365,2.62648084707233
1778742440277243808,3.3543903397238712,-0.8321772945626994,2.6181459003153114
1778742440277914586,3.354529441327026,-0.8322583608565569,2.6097093078661344
1778742440294208773,3.3546678568509503,-0.8323405931053207,2.60134047921173
1778742440327418801,3.3547995927647762,-0.8324203530514614,2.593005532454711
1778742440343909271,3.3549425714678036,-0.8325085635410904,2.5846028219029202
1778742440360799644,3.355078879023989,-0.8325942446365943,2.5762339932485157
1778742440361412432,3.355208571139474,-0.8326772865247047,2.567899046491497
1778742440394062874,3.3553492903598183,-0.8327690585303803,2.559496335939706
1778742440410615483,3.3554834040332677,-0.8328581344676131,2.5511275072853015
1778742440427278112,3.355610970605144,-0.8329444059561814,2.5427925605282833
1778742440443896576,3.3557378107269593,-0.8330317419939768,2.5343898499764923
1778742440460673142,3.3558696459854853,-0.8331241566281502,2.5260210213220877
1778742440461289847,3.3560007032341352,-0.8332176713199176,2.517652192667683
1778742440477511285,3.3561366355372595,-0.8333163952226327,2.509249482115892
1778742440494501448,3.35626610604236,-0.8334120946913305,2.5008806534614876
1778742440527458284,3.356383582861964,-0.8335004586933659,2.492511824807083
1778742440544046972,3.3565114335218373,-0.8335983116890785,2.4841429961526784
1778742440544709243,3.3566384607991844,-0.833697231205908,2.475774167498274
1778742440560806385,3.3567646557974102,-0.8337972103158396,2.4674053388438693
1778742440594150568,3.3568900096782106,-0.8338982420166481,2.4590365101894647
1778742440594772874,3.3570145136621905,-0.8340003192323877,2.45066768153506
1778742440611120683,3.3571327814730023,-0.8340989535313194,2.442264970983269
1778742440643928244,3.357260895900652,-0.834207630545577,2.433930024226251
1778742440644538617,3.3573827981160886,-0.8343128011206997,2.425561195571846
1778742440660803368,3.357503815918451,-0.8344189881797579,2.4171923669174413
1778742440693965875,3.357618716272636,-0.8345215255320164,2.4087896563656503
1778742440694664817,3.357737936218245,-0.8346297272167029,2.4004208277112458
1778742440727301362,3.357856246478168,-0.8347389228319856,2.392051999056841
1778742440744248283,3.357973638766323,-0.8348491047301437,2.3836831704024366
1778742440744939930,3.3580901048609197,-0.8349602651943806,2.375314341748032
1778742440777292495,3.358205636605036,-0.8350723964393636,2.366945513093627
1778742440793923493,3.3583152419309794,-0.8351805753306727,2.3585428025418365
1778742440810848552,3.358433819568468,-0.8352995851785324,2.3502078557848183
1778742440811468763,3.3585464999768275,-0.8354145813766085,2.3418390271304133
1778742440843915176,3.358653358811336,-0.8355254740701799,2.333504080373395
1778742440860911250,3.358768915605547,-0.8356474192517646,2.3251013698216045
1778742440861552753,3.3588786736554033,-0.8357652079205394,2.3167325411671995
1778742440877629695,3.358982711132819,-0.8358787517591787,2.3083298306154085
1778742440894123322,3.3590904783417517,-0.8359983645874158,2.299961001961004
1778742440910810267,3.359197240769265,-0.8361188751017766,2.2915921733065994
1778742440944003643,3.3593029909380507,-0.8362402748620801,2.2832233446521943
1778742440960634762,3.359403165960044,-0.8363572405192992,2.274820634100404
1778742440961245867,3.3595068652908466,-0.8364803967160214,2.266451805445999
1778742440994000667,3.359609530329183,-0.8366044164318064,2.258082976791594
1778742441010631115,3.3597111538847138,-0.8367292909806996,2.249714148137189
1778742441027268165,3.3598117288400418,-0.8368550116168767,2.2413453194827846
1778742441043990988,3.3599112481512106,-0.8369815695352562,2.23297649082838
1778742441044540375,3.3600054261864454,-0.8371034157402826,2.2246415440713614
1778742441077237195,3.360102817717451,-0.8372316182741436,2.216272715416957
1778742441077906580,3.360199132945442,-0.837360631362073,2.2079038867625522
1778742441094600409,3.3602943651247994,-0.837490445968396,2.199535058108147
1778742441127264817,3.3603885031604905,-0.8376210561909524,2.1910984656589703
1778742441143919340,3.3604815404058868,-0.8377524528079905,2.1827296370045652
1778742441160659927,3.360569479765777,-0.8378788753889723,2.174394690247547
1778742441177523278,3.3606642607752253,-0.8380175857355506,2.166059743490529
1778742441193958815,3.3607539746687003,-0.8381512734960882,2.1576231510413515
1778742441210599071,3.3608387126210753,-0.8382798638511982,2.1492882042843333
1778742441227569456,3.3609261764327614,-0.838415034416209,2.1409193756299283
1778742441228237509,3.361012505975508,-0.8385509322088666,2.1325505469755237
1778742441260599521,3.3610976952030627,-0.8386875477113128,2.1241817183211187
1778742441277214319,3.3611817381490376,-0.8388248713554236,2.115812889666714
1778742441277843948,3.3612646289273265,-0.8389628935234789,2.1074440610123095
1778742441310829148,3.3613463617325174,-0.8391016045488359,2.0990752323579045
1778742441327549567,3.3614304313809025,-0.8392470565829241,2.0906725218061135
1778742441328168476,3.361509826402938,-0.8393871188207899,2.082303693151709
1778742441360785223,3.3615846433473253,-0.8395217235191943,2.0739009825999184
1778742441361477963,3.3616616782541375,-0.839663097573152,2.0655321539455134
1778742441377463782,3.361737527341884,-0.8398051113608208,2.057163325291109
1778742441410908067,3.361808941611666,-0.8399415518316187,2.0488283785340906
1778742441411448937,3.361885599722981,-0.8400910427476288,2.0404256679822996
1778742441427608868,3.361957859814187,-0.8402349158834777,2.032056839327895
1778742441460710570,3.3620258217145818,-0.8403731084306526,2.023654128776104
1778742441461359436,3.3620956587823847,-0.8405181731884703,2.0152853001216995
1778742441494048171,3.362164279396671,-0.8406638173139781,2.006916471467295
1778742441494625922,3.3622287507140247,-0.8408036724148459,1.9985815247102767
1778742441510875644,3.362297803786703,-0.8409568248655404,1.9901788141584855
1778742441544368581,3.3623627465470602,-0.8411041457326203,1.981809985504081
1778742441561090603,3.362423681853003,-0.841245577300842,1.9734072749522902
1778742441561220891,3.362486144798011,-0.8413939665878575,1.9650384462978854
1778742441577870765,3.3625500280504412,-0.8415493465417092,1.9567034995408672
1778742441610919967,3.362607393675889,-0.8416922632482797,1.9483007889890762
1778742441611605513,3.3626686674051163,-0.8418486906439193,1.9399658422320576
1778742441643940754,3.3627261340008183,-0.841999085425672,1.931597013577653
1778742441660671363,3.362779898677598,-0.8421433953682635,1.9232620668206353
1778742441677556956,3.362834840085093,-0.8422947308952969,1.914825474371458
1778742441678172860,3.3628885079393496,-0.84244652273111,1.906456645717053
1778742441694217871,3.3629454597544095,-0.8426119962660373,1.8980878170626483
1778742441710868437,3.362994354495634,-0.8427580281265356,1.8896851065108575
1778742441727800068,3.36303336610067,-0.8428778367016565,1.881485687343384
1778742441744199455,3.3630756148494187,-0.8430113097072762,1.8732185043811382
1778742441777368004,3.3631208731083935,-0.843158509197746,1.8649513214188922
1778742441777987294,3.363166906877824,-0.8433127878160701,1.8565824927644876
1778742441810573344,3.3632116479189733,-0.8434674462760291,1.8482136641100833
1778742441811174860,3.3632532066895955,-0.8436157327170288,1.8398787173530649
1778742441827685509,3.363295358229106,-0.8437711169109383,1.8315098886986598
1778742441844488365,3.3633344343738556,-0.8439200768213555,1.8231749419416416
1778742441860781439,3.3633739846510418,-0.8440761433955297,1.8148061132872368
1778742441877554899,3.363412227464067,-0.8442325354901251,1.8064372846328323
1778742441910663534,3.3634491601345236,-0.8443892421519266,1.798068455978428
1778742441927190414,3.3634863259933034,-0.8445530795681083,1.7896657454266367
1778742441927857555,3.3635191366521653,-0.844703543718872,1.7813307986696185
1778742441944161681,3.363552123742953,-0.8448611281465334,1.7729619700152142
1778742441960957784,3.363583790896905,-0.8450189831159216,1.7645931413608094
1778742441994084714,3.363614135896152,-0.8451770975713667,1.7562243127064048
1778742441994798424,3.363641892278845,-0.8453285755671939,1.7478216021546138
1778742442027213497,3.3636695813119317,-0.8454871766940711,1.7394527735002092
1778742442043881295,3.3636959420852297,-0.8456460039890525,1.7310839448458044
1778742442060561508,3.363719881885444,-0.845798131849636,1.7226812342940139
1778742442061176900,3.3637435752980633,-0.8459573788973275,1.7143124056396088
1778742442077660047,3.363765935185277,-0.8461168186522313,1.7059435769852045
1778742442094366780,3.3637869599810686,-0.8462764399476839,1.6975747483308
1778742442127362890,3.3638057947921682,-0.8464292838219177,1.6892398015737815
1778742442143893197,3.3638249514024157,-0.8465961880587838,1.6809048548167629
1778742442160645737,3.3638412306349434,-0.8467493252083861,1.6725021442649721
1778742442161261760,3.363856906705572,-0.8469095602258125,1.664133315610567
1778742442177461768,3.3638712412634972,-0.847069920820876,1.6557644869561627
1778742442210632260,3.3638842333047707,-0.8472303957624199,1.647395658301758
1778742442211242323,3.36389588191947,-0.8473909738112796,1.6390268296473538
1778742442227663221,3.3639061862917634,-0.8475516437210687,1.6306580009929488
1778742442244272909,3.363915145699964,-0.8477123942389674,1.622289172338544
1778742442260794749,3.36392242587509,-0.8478662220617112,1.6138864617867532
1778742442293885199,3.3639284184516116,-0.8480201054234715,1.605551515029735
1778742442310595930,3.3639335506969386,-0.8481880270124883,1.597148804477944
1778742442327281703,3.3639369669073567,-0.8483419891166125,1.5888138577209254
1778742442343933441,3.3639392879510215,-0.848509973082384,1.5804111471691347
1778742442344609359,3.363940162242098,-0.8486709707085003,1.5720423185147299
1778742442377356034,3.363939689156739,-0.8488319700134375,1.5636734898603255
1778742442393905737,3.363937868728078,-0.8489929597213057,1.5553046612059207
1778742442410625585,3.363934701083612,-0.8491539285568874,1.546935832551516
1778742442427236285,3.363930186445193,-0.849314865246427,1.5385670038971113
1778742442427854412,3.363924325129012,-0.8494757585184199,1.5301981752427065
1778742442444285039,3.3639174335250623,-0.8496296042391762,1.5218632284856881
1778742442477649040,3.363908511136629,-0.8497973671402737,1.5134605179338971
1778742442478307034,3.36389947336727,-0.8499440890497657,1.5050916892794926
1778742442510626826,3.3638877387235024,-0.8501116787216899,1.4966889787277016
1778742442527272432,3.363875146623052,-0.8502721855408791,1.4883201500732968
1778742442543901858,3.3638612117251694,-0.8504325813594686,1.4799513214188922
1778742442544539633,3.3638459350058114,-0.8505928549438351,1.4715824927644878
1778742442577422618,3.3638293175349117,-0.8507529950689159,1.463213664110083
1778742442578094368,3.3638113604763062,-0.8509129905189957,1.4548448354556784
1778742442594424673,3.3637920650876514,-0.8510728300884917,1.4464760068012736
1778742442627331223,3.3637714327203363,-0.8512325025827384,1.438107178146869
1778742442627971042,3.3637504173610124,-0.8513850619307721,1.429704467595078
1778742442644227707,3.3637271100674573,-0.851544365948509,1.4213356389406737
1778742442677279724,3.363702470417621,-0.8517034693351981,1.4129668102862691
1778742442693980125,3.3636765001371876,-0.8518623609477339,1.4045979816318641
1778742442694587693,3.3636503905332176,-0.8520141314606162,1.3962630348748462
1778742442710893401,3.3636217699093733,-0.8521725671254482,1.3878942062204411
1778742442744498903,3.3635918243823246,-0.8523307577238091,1.3795253775660368
1778742442760626793,3.363560556049362,-0.8524886921765221,1.3711565489116324
1778742442777248874,3.3635279671004232,-0.8526463594223502,1.3627877202572272
1778742442793878220,3.3634955314972217,-0.8527969048694584,1.3543850097054366
1778742442794600466,3.3634587684793242,-0.8529608331480288,1.3459822991536456
1778742442827304450,3.3634222211209455,-0.8531176301205619,1.337613470499241
1778742442827875738,3.3633860063267194,-0.8532673114109062,1.32921075994745
1778742442860880555,3.3633468345050326,-0.8534234734049565,1.3208419312930453
1778742442861602501,3.363306357177367,-0.8535793021120198,1.3124731026386405
1778742442893928655,3.3632645771786276,-0.8537347866183391,1.3041042739842361
1778742442894621505,3.363221497434956,-0.853889916034264,1.2957354453298315
1778742442910808187,3.363179047867484,-0.8540379499297793,1.2873327347780406
1778742442943905109,3.3631333725453927,-0.8541923350487249,1.2789639061236362
1778742442944574615,3.3630864068152544,-0.8543463325168618,1.2705950774692312
1778742442960866297,3.3630381539664023,-0.8544999315486871,1.2622262488148266
1778742442977621191,3.3629886173783157,-0.8546531213866031,1.2538574201604218
1778742442994507676,3.362937800520383,-0.8548058913016711,1.245488591506017
1778742443010798797,3.362887974358001,-0.854951607990977,1.237153644748999
1778742443044085021,3.3628346128735793,-0.8551035077999969,1.228784816094594
1778742443060606550,3.362779982049158,-0.8552549557218151,1.2204159874401892
1778742443077549604,3.36272408571091,-0.8554059411494909,1.2120471587857846
1778742443093951616,3.3626669277736405,-0.8555564535084755,1.20367833013138
1778742443094799461,3.362611049615186,-0.8556999583216621,1.1952756195795893
1778742443127358659,3.362551375510961,-0.8558494909310987,1.1869067909251845
1778742443143931687,3.3624904520982506,-0.8559985189076124,1.17853796227078
1778742443160687994,3.3624282836439416,-0.8561470318137477,1.1701691336163753
1778742443177273676,3.3623621149668685,-0.8563014523634632,1.161766423064584
1778742443194118132,3.3623030863551517,-0.8564360800834869,1.153397594410179
1778742443194789882,3.3622372042704223,-0.8565829832860107,1.1450287657557747
1778742443227255792,3.3621671798964123,-0.8567356940814526,1.1366938189987563
1778742443244147206,3.3621018216387695,-0.8568751368946697,1.1282911084469653
1778742443244812945,3.362032272481128,-0.8570203399065921,1.119922279792561
1778742443277300126,3.361961510594047,-0.857164955795542,1.1115534511381562
1778742443293863796,3.3618895409334693,-0.8573089744330731,1.1031846224837516
1778742443310621997,3.3618163685399254,-0.8574523857325687,1.0948157938293468
1778742443311234103,3.3617419985381813,-0.8575951796499482,1.0864469651749422
1778742443344006267,3.361666436136881,-0.8577373461843708,1.0780781365205376
1778742443360658065,3.361589686628179,-0.857878875378935,1.069709307866133
1778742443377536404,3.3615117553873723,-0.8580197573213773,1.0613404792117285
1778742443378214136,3.361436085057443,-0.8581538841314056,1.0529377686599373
1778742443410523498,3.3613523090493644,-0.8582995054913443,1.0445350581081465
1778742443427247954,3.3612708562788245,-0.8584383811413747,1.0361662294537417
1778742443444165619,3.361188244147681,-0.8585765702718732,1.0277974007993373
1778742443444780901,3.36110447844183,-0.8587140632045035,1.0194285721449325
1778742443477705585,3.36101956502796,-0.858850850309689,1.0110597434905277
1778742443494110072,3.360933509853143,-0.8589869220072871,1.0026909148361232
1778742443510561208,3.36084631435866,-0.8591222658129888,0.9942543223869459
1778742443511170559,3.3607579892617294,-0.8592568751635266,0.9859532575273137
1778742443543912155,3.3606724319833843,-0.8593849218429921,0.9775505469755229
1778742443560672920,3.360577926327591,-0.8595238199388143,0.9691478364237319
1778742443577306644,3.3604862453694846,-0.8596561664609477,0.9607790077693275
1778742443577949108,3.360393460049465,-0.8597877410952387,0.9524101791149229
1778742443610576115,3.3603036566240556,-0.859912846429996,0.944007468563132
1778742443611195966,3.360204550529304,-0.8600485003351482,0.9356725218061136
1778742443644024237,3.360112665810327,-0.8601720851174579,0.9272698112543226
1778742443660699189,3.360015524442974,-0.8603004773086099,0.9189009825999178
1778742443661382571,3.3599173119976546,-0.8604280520536984,0.9105321539455132
1778742443677747843,3.359822349674857,-0.8605492880106126,0.9021294433937223
1778742443694176957,3.3597220115175013,-0.8606751977170631,0.8937606147393178
1778742443711039176,3.359620623169372,-0.8608002633113074,0.8853917860849133
1778742443743980893,3.359518191731394,-0.8609244760341407,0.8770229574305085
1778742443760847300,3.3594147243775447,-0.8610478271860911,0.8686541287761039
1778742443761576269,3.359310228354356,-0.8611703081280281,0.8602853001216991
1778742443777555095,3.359200121118885,-0.861297195466628,0.8518825895699085
1778742443810677115,3.3590935856942905,-0.8614179067059822,0.8435137609155037
1778742443827347669,3.3589860438005137,-0.8615377221519099,0.835144932261099
1778742443828005422,3.3588822202091526,-0.8616514615992309,0.8267422217093083
1778742443844090521,3.358772684044713,-0.8617694566359053,0.8183733930549034
1778742443860902484,3.3586621642473418,-0.861886530861886,0.8100045644004991
1778742443877950247,3.3585458188656707,-0.8620077238986655,0.8016018538487083
1778742443910636126,3.358438242954594,-0.8621179211007894,0.7932669070916897
1778742443927229423,3.3583198854767677,-0.8622371499036964,0.7848641965398988
1778742443943881191,3.3582055053939586,-0.8623504556699069,0.7764953678854942
1778742443944613877,3.358095193370753,-0.8624579138363546,0.7680926573337035
1778742443960815707,3.3579789291512268,-0.8625692854272475,0.7597238286792988
1778742443977569570,3.357861736964211,-0.8626796801341066,0.7513550000248942
1778742444010985470,3.3577487585466064,-0.8627843313508002,0.7429522894731031
1778742444027270028,3.3576245544309207,-0.8628974566691278,0.7345495789213121
1778742444027940827,3.3575083050454353,-0.8630015713463751,0.7262245885769649
1778742444060627016,3.357382226068253,-0.8631126032855305,0.7178218780251742
1778742444061285341,3.3572605123476027,-0.8632179919481345,0.7094530493707693
1778742444094035372,3.3571432492907145,-0.8633178186754636,0.7010503388189784
1778742444094811661,3.3570197852405315,-0.8634211512855748,0.6926815101645736
1778742444127295415,3.356895460751053,-0.863523447039719,0.6843126815101693
1778742444144163095,3.356770284529579,-0.8636246987734201,0.6759438528557643
1778742444160565217,3.356644265343062,-0.8637248993953224,0.66757502420136
1778742444161205006,3.356517412017493,-0.8638240418876864,0.6592061955469553
1778742444177481900,3.3563897334372843,-0.8639221193068809,0.6508373668925506
1778742444210548465,3.3562612385446453,-0.864019124783869,0.6424685382381462
1778742444227222054,3.356131936338958,-0.8641150515246894,0.6340997095837411
1778742444243938335,3.3560018326628183,-0.864209888402827,0.6256631171345645
1778742444244571993,3.3558709367022126,-0.8643036287223118,0.6172942884801594
1778742444277731164,3.355739263976814,-0.8643962747874527,0.6089932236205273
1778742444278349772,3.3556125804264036,-0.8644838377822363,0.6005905130687366
1778742444310652882,3.3554388409157943,-0.8646017978706273,0.5923233301064907
1778742444327221412,3.355345662910493,-0.8646639417305658,0.5840561471442449
1778742444327835793,3.3552051300555816,-0.8647559988687492,0.5757889641819988
1778742444360655507,3.355069723577518,-0.8648430970070674,0.5674201355275941
1778742444361269567,3.3549454357058663,-0.8649215923888443,0.5591868344627343
1778742444377785075,3.3548086019403023,-0.8650064305913335,0.55081800580833
1778742444394196846,3.3546770470018292,-0.865086488683762,0.5425508228460838
1778742444411018598,3.3545448293607665,-0.8651654475046234,0.5341481122942933
1778742444444073951,3.354399879006182,-0.8652503792107519,0.5258809293320471
1778742444460876466,3.3542785060568843,-0.8653201546160092,0.5176137463698015
1778742444477576206,3.354150464357027,-0.8653923648860377,0.5093804453049414
1778742444493920287,3.353997328293923,-0.8654770663982853,0.5010793804453098
1778742444494585665,3.353868107824911,-0.8655471454278756,0.4927783155856774
1778742444527521380,3.3537321280146872,-0.8656194329870505,0.4844433688286592
1778742444528175366,3.3536017596448144,-0.8656873527053707,0.47614230396902685
1778742444544228935,3.3534583601843666,-0.8657605482977471,0.46777347531462216
1778742444560790811,3.3533143556306646,-0.8658325461346115,0.45947241045499
1778742444577609127,3.353176041781661,-0.8659002608241098,0.4510696999031992
1778742444594227050,3.353024541027312,-0.8659728660679397,0.44273475314618066
1778742444610906682,3.352891451904817,-0.866035286300826,0.43436592449177597
1778742444627535897,3.3527451206038026,-0.8661024290617416,0.42599709583737155
1778742444644489951,3.3525982325273795,-0.8661683448641321,0.41762826718296686
1778742444660923042,3.352444386621252,-0.866235838842884,0.409225556631176
1778742444694017369,3.3523028483767545,-0.8662965259530852,0.40089060987415776
1778742444694666176,3.3521672645932648,-0.8663533241718481,0.39252178121975273
1778742444727264909,3.3520182526701654,-0.8664142868389013,0.3841529525653483
1778742444743970850,3.351868735785072,-0.8664740003304418,0.3757841239109437
1778742444744644173,3.351718724409681,-0.8665324604643224,0.367415295256539
1778742444777702151,3.351568229050322,-0.8665896631461777,0.3590464666021345
1778742444793913901,3.351417260247221,-0.86664560436971,0.35067763794772955
1778742444810565889,3.351265828573763,-0.8667002802169704,0.34230880929332524
1778742444827416917,3.35111394463575,-0.8667536868586329,0.3339399806389205
1778742444828017962,3.35096161907066,-0.8668058205542625,0.32557115198451586
1778742444844280869,3.350808862546901,-0.8668566776525778,0.3172023233301114
1778742444860780388,3.3506623448198876,-0.8669040965904711,0.30879961277832013
1778742444877607700,3.3505087568678165,-0.8669523846943744,0.30043078412391566
1778742444910913420,3.3503547701840057,-0.8669993857710531,0.2920619554695107
1778742444911555594,3.350207106752979,-0.8670431066029002,0.2836592449177201
1778742444927565569,3.350052353482251,-0.8670875185967634,0.2752904162633151
1778742444960680105,3.3498904888694536,-0.8671325057852058,0.2668877057115245
1778742444977236742,3.349735012540488,-0.8671743162041398,0.25851887705711973
1778742444993900863,3.3495859659162517,-0.8672130602850258,0.2501161665053289
1778742445010869034,3.349436600272606,-0.8672505556780548,0.24178121974831035
1778742445027283581,3.3492801233397813,-0.8672884498661808,0.23341239109390569
1778742445043970877,3.3491233347602694,-0.8673250332139582,0.2250435624395013
1778742445044617709,3.3489662455150535,-0.8673603031592031,0.2166747337850963
1778742445077289361,3.3488088666061757,-0.8673942572317186,0.2083059051306919
1778742445093997456,3.348651209055964,-0.8674268930534671,0.19993707647628747
1778742445110604088,3.348493283906262,-0.8674582083387374,0.19156824782188248
1778742445111181428,3.348335102217655,-0.8674882008943046,0.18319941916747806
1778742445127924561,3.3481766750686957,-0.8675168686195834,0.17483059051307306
1778742445144258082,3.3480180135551283,-0.8675442095067758,0.16646176185866865
1778742445160949726,3.3478591287891106,-0.867570221641011,0.15809293320426424
1778742445193937280,3.3477000318984365,-0.8675949032004805,0.1497241045498592
1778742445194639779,3.3475476596418825,-0.86761723469019,0.14132139399806867
1778742445227270213,3.347381236528873,-0.8676401987372255,0.1329186834462775
1778742445227889553,3.3472215687746787,-0.8676608677543908,0.1245498547918731
1778742445260902265,3.3470617336383564,-0.8676801998312803,0.11618102613746807
1778742445261676450,3.3469086981672307,-0.8676974086829959,0.1077783155856775
1778742445277486875,3.3467485612964714,-0.8677140574854574,0.0994094869312725
1778742445310656025,3.346588290704107,-0.8677293655625146,0.09104065827686808
1778742445311362611,3.346413949875598,-0.867744540394137,0.08260406582769106
1778742445343871774,3.3462604233597975,-0.867756607247339,0.07426911907067252
1778742445360661094,3.34609981822127,-0.8677678762081852,0.06583252662149547
1778742445377225666,3.3459461109270663,-0.867777366609049,0.05749757986447695
1778742445377994441,3.3457853396775135,-0.8677859459631785,0.04912875121007225
1778742445410790690,3.3456314953080644,-0.8677928676673579,0.04079380445305371
1778742445427270250,3.3454636077721305,-0.8677990138269799,0.032391093901263136
1778742445443979077,3.3453096691041613,-0.8678033596875211,0.024056147144244613
1778742445460653678,3.3451417022169454,-0.8678066950734029,0.01565343659245373
1778742445461283999,3.34498771237524,-0.867808463872845,0.007318489835435503
1778742445493859969,3.344819713209267,-0.8678089932427338,-0.0010164569215830258
1778742445494514326,3.3446587153584333,-0.8678081613611498,-0.00931752178121508
1778742445527782054,3.3445117286902852,-0.8678061816170325,-0.017618586640847433
1778742445543971852,3.3443577651219574,-0.8678028320457619,-0.025885769603093307
1778742445560608020,3.344196837741942,-0.8677979969282351,-0.03418683446272536
1778742445561247558,3.344056940521217,-0.8677926333815158,-0.042454017424971235
1778742445593951081,3.3439031078552865,-0.8677854562725751,-0.05078896418198975
1778742445610730362,3.34374235107085,-0.8677766100158778,-0.05915779283639416
1778742445627274265,3.3435886597445577,-0.8677668644413666,-0.0674927395934127
1778742445643985837,3.3434280731454797,-0.867755334298411,-0.0758615682478174
1778742445661177253,3.3432675886625587,-0.8677424606531786,-0.0842303969022218
1778742445677392409,3.3431072175356276,-0.8677282444072993,-0.09259922555662681
1778742445678046225,3.342946970996581,-0.8677126865564347,-0.10096805421103122
1778742445710653875,3.3427868602685864,-0.8676957881902083,-0.10933688286543591
1778742445727303439,3.3426268965653008,-0.8676775504921289,-0.11770571151984062
1778742445743933586,3.3424670910900836,-0.8676579747395081,-0.12607454017424502
1778742445760620641,3.3423074550352125,-0.8676370623033707,-0.13444336882865002
1778742445761325113,3.342154932787462,-0.8676157793538322,-0.14284607938044058
1778742445777753195,3.3419956699009408,-0.8675921926419592,-0.15121490803484558
1778742445794248235,3.3418435260348502,-0.8675683547726956,-0.15961761858663612
1778742445827376908,3.3416777752770357,-0.8675409561179128,-0.16802032913842732
1778742445843938464,3.3415260525873176,-0.8675145700339907,-0.17635527589544556
1778742445844618410,3.3413676693317482,-0.8674856607905687,-0.18472410454985028
1778742445860933366,3.3412026586221724,-0.8674541097886002,-0.19312681510164112
1778742445893976295,3.34104478247124,-0.867422548404493,-0.20149564375604553
1778742445894653576,3.340887175977617,-0.8673896669025831,-0.20986447241045053
1778742445927475474,3.3407366909858602,-0.8673569519632425,-0.21826718296224112
1778742445928153206,3.340579658105397,-0.8673214319061844,-0.22663601161664615
1778742445960412422,3.340429741738148,-0.8672862029006496,-0.23497095837366436
1778742445961079793,3.3402733240559925,-0.8672480648788198,-0.24333978702806902
1778742445977526160,3.340117231018185,-0.8672086191750237,-0.2517086156824737
1778742446010571945,3.339961473556995,-0.8671678685519156,-0.26007744433687807
1778742446011253484,3.3398060625811907,-0.8671258158635422,-0.2684462729912828
1778742446043948931,3.3396510089752716,-0.8670824640551427,-0.2768151016456875
1778742446044318245,3.3394963251115537,-0.8670378109219342,-0.28525169409486484
1778742446077243911,3.3393420219115115,-0.866991859616657,-0.29362052274926925
1778742446093834002,3.3391881086690383,-0.8669446185985545,-0.30198935140367394
1778742446110408352,3.339041269834154,-0.8668982035517497,-0.3103242981606924
1778742446127062274,3.3388881671299804,-0.8668483983113151,-0.31869312681509687
1778742446144185040,3.338735486593883,-0.866797313539641,-0.32706195546950156
1778742446160864411,3.338583238919131,-0.8667449528145456,-0.3354307841239062
1778742446161220449,3.3384314347686765,-0.8666913198032109,-0.34379961277831095
1778742446177257055,3.33828008477441,-0.866636418261926,-0.35216844143271564
1778742446194203054,3.3381357588540332,-0.8665826964906646,-0.36050338818973393
1778742446210626677,3.3379788083632076,-0.8665227753472379,-0.36890609874152513
1778742446227285348,3.3378288843070556,-0.8664640916409225,-0.37727492739592955
1778742446260439820,3.337685954436843,-0.866406758821343,-0.3856776379477204
1778742446277380809,3.3375370356357963,-0.8663455690289357,-0.3940464666021251
1778742446277781182,3.3373886341305647,-0.8662831351179179,-0.40241529525652986
1778742446310626525,3.337240760314727,-0.866219461460966,-0.41078412391093455
1778742446311248610,3.337093424544905,-0.8661545525175847,-0.41915295256533897
1778742446343937014,3.336946637140036,-0.8660884128337941,-0.42752178121974393
1778742446344649512,3.3368067650611994,-0.8660239783588456,-0.4358567279767621
1778742446360998052,3.336667437115251,-0.8659583755884945,-0.444259438528553
1778742446377549449,3.336516049705021,-0.8658855343088254,-0.45266214908034386
1778742446394261011,3.336377843863548,-0.8658175994475038,-0.46106485963213467
1778742446411122990,3.3362339565925567,-0.8657453675068775,-0.4694336882865394
1778742446427582321,3.336090678849952,-0.8656719339418408,-0.4778025169409442
1778742446444528189,3.3359480206704597,-0.8655973038954519,-0.48617134559534886
1778742446477124899,3.3358059920454153,-0.8655214825945665,-0.4945401742497532
1778742446493924178,3.3356646029220607,-0.8654444753494726,-0.502909002904158
1778742446494553647,3.3355238632028494,-0.8653662875535174,-0.5112778315585625
1778742446527851302,3.335389874485499,-0.8652903729724233,-0.5196805421103535
1778742446544162562,3.3352504658279862,-0.8652098358616571,-0.5280493707647582
1778742446544552945,3.3351177664515275,-0.8651316893614956,-0.5363843175217768
1778742446560807386,3.334973722005167,-0.8650452301371606,-0.5447870280735674
1778742446593954765,3.3348363790738933,-0.8649612187139544,-0.5531558567279721
1778742446594602509,3.334705683295709,-0.8648797655767236,-0.5614908034849906
1778742446610835139,3.334569762767124,-0.8647934718347194,-0.569859632139395
1778742446627364954,3.3344345691673745,-0.864706043632251,-0.5782284607937996
1778742446660909670,3.334440422297562,-0.8647098830159264,-0.5828702807357167
1778742446677084950,3.334317843641152,-0.8646287444123352,-0.5865634075508181
1778742446677414258,3.334125657491415,-0.8645005824684936,-0.5897144240077397
1778742446710443712,3.334021014985417,-0.8644303973850469,-0.59188286544046
1778742446710762719,3.3339629463989136,-0.8643913072422801,-0.593102613746365
1778742446743709275,3.3339049175758477,-0.8643521580955004,-0.5939157792836354
1778742446760579410,3.3338643145851736,-0.8643247282368,-0.5943562439496564
1778742446761240469,3.333841118453939,-0.8643090457785823,-0.5946272991287468
1778742446777598247,3.3338295217168668,-0.8643012025847636,-0.5946950629235191
1778742446810749062,3.3338179255113056,-0.864293358605124,-0.5947628267182918
1778742446811443085,3.3338179255113056,-0.864293358605124,-0.5946950629235191
1778742446843801209,3.3338237238134054,-0.8642972803002626,-0.5946611810261326
1778742446860647057,3.3338237238134054,-0.8642972803002626,-0.5945934172313603
1778742446877214334,3.3338295225140984,-0.8643012014060086,-0.5945595353339741
1778742446893757054,3.3338353214804872,-0.8643051221188036,-0.5944578896418152
1778742446894170071,3.3338411207125453,-0.8643090424386296,-0.594424007744429
1778742446910936318,3.3338469202102456,-0.8643129623654687,-0.5943223620522701
1778742446944078516,3.3338469202102456,-0.8643129623654687,-0.5942545982574975
1778742446944732502,3.333852720239151,-0.8643168815062798,-0.5942207163601114
1778742446977271672,3.3338585205336186,-0.86432080025405,-0.5941190706679526
1778742446993866742,3.3338643210936225,-0.8643247186087611,-0.5940851887705664
1778742446994498656,3.3338643210936225,-0.8643247186087611,-0.594017424975794
1778742447010846234,3.3338701220518803,-0.8643286363738502,-0.5939835430784078
1778742447044116767,3.333875923142876,-0.8643325539423895,-0.5939496611810213
1778742447044795250,3.333875923142876,-0.8643325539423895,-0.5938818973862486
1778742447077375548,3.3338817246320454,-0.8643364709212527,-0.5938480154888626
1778742447078098245,3.333875923010164,-0.8643325541389573,-0.5938141335914763
1778742447094486111,3.33388172476475,-0.8643364707246805,-0.5937802516940901
1778742447127264336,3.333887526652034,-0.864340387113827,-0.5937463697967036
1778742447143938637,3.333887526652034,-0.864340387113827,-0.5937463697967036
1778742447144516127,3.333887526652034,-0.864340387113827,-0.5936786060019312
1778742447177603231,3.333887526652034,-0.864340387113827,-0.5936786060019312
1778742447178379199,3.333893328937372,-0.8643443029132164,-0.593644724104545
1778742447194112758,3.333893328937372,-0.8643443029132164,-0.593644724104545
1778742447227330731,3.333893328937372,-0.8643443029132164,-0.5935769603097726
1778742447228028480,3.333893328937372,-0.8643443029132164,-0.5935769603097726
1778742447260581977,3.333893328937372,-0.8643443029132164,-0.5935769603097726
1778742447277266818,3.333899131620704,-0.8643482181228084,-0.5935430784123863
1778742447277934410,3.333899131620704,-0.8643482181228084,-0.5935430784123863
1778742447310711493,3.333904934436687,-0.8643521331357921,-0.593509196515
1778742447311357103,3.333904934436687,-0.8643521331357921,-0.593509196515
1778742447327614811,3.333904934436687,-0.8643521331357921,-0.593509196515
1778742447360773791,3.333904934436687,-0.8643521331357921,-0.593509196515
1778742447361403211,3.333899131488059,-0.864348218319421,-0.5934753146176135
1778742447393923094,3.333899131488059,-0.864348218319421,-0.5934753146176135
1778742447394546522,3.333899131488059,-0.864348218319421,-0.5934753146176135
1778742447410854414,3.333904934569325,-0.8643521329391749,-0.5934414327202272
1778742447427928176,3.333904934569325,-0.8643521329391749,-0.5934414327202272
1778742447460833684,3.333904934569325,-0.8643521329391749,-0.5934414327202272
1778742447477440136,3.333904934569325,-0.8643521329391749,-0.5934414327202272
1778742447478148105,3.333904934569325,-0.8643521329391749,-0.5934414327202272
1778742447494283349,3.333904934569325,-0.8643521329391749,-0.5934414327202272
1778742447510853932,3.333904934569325,-0.8643521329391749,-0.5934414327202272
1778742447544403337,3.333904934569325,-0.8643521329391749,-0.5934414327202272
1778742447560769340,3.333904934569325,-0.8643521329391749,-0.5934414327202272
1778742447561749598,3.333904934569325,-0.8643521329391749,-0.5934414327202272
1778742447593954421,3.333904934569325,-0.8643521329391749,-0.5934414327202272
1778742447610841106,3.333904934569325,-0.8643521329391749,-0.5934414327202272
1778742447627190127,3.333904934569325,-0.8643521329391749,-0.5934414327202272
1778742447627735206,3.333904934569325,-0.8643521329391749,-0.5934414327202272
1778742447644180451,3.333904934569325,-0.8643521329391749,-0.5934414327202272
1778742447660897623,3.333904934569325,-0.8643521329391749,-0.5934414327202272
1778742447677912674,3.3339107377832224,-0.8643560473623072,-0.5934075508228411
1778742447694320997,3.3339107377832224,-0.8643560473623072,-0.5934075508228411
1778742447711053359,3.3339107377832224,-0.8643560473623072,-0.5934075508228411
1778742447743946814,3.3339107377832224,-0.8643560473623072,-0.5934075508228411
1778742447744652318,3.3339107377832224,-0.8643560473623072,-0.5934075508228411
1778742447777564068,3.3339107377832224,-0.8643560473623072,-0.5934075508228411
1778742447778282216,3.3339107377832224,-0.8643560473623072,-0.5934075508228411
1778742447811137949,3.3339107377832224,-0.8643560473623072,-0.5933397870280683
1778742447827556072,3.3339107377832224,-0.8643560473623072,-0.5933397870280683
1778742447843916304,3.3339107377832224,-0.8643560473623072,-0.5933397870280683
1778742447844556083,3.3339107377832224,-0.8643560473623072,-0.5933397870280683
1778742447860783202,3.3339107377832224,-0.8643560473623072,-0.5933397870280683
1778742447893870556,3.3339107377832224,-0.8643560473623072,-0.5933397870280683
1778742447910689813,3.3339107377832224,-0.8643560473623072,-0.5933397870280683
1778742447927612107,3.3339107377832224,-0.8643560473623072,-0.5933397870280683
1778742447928307482,3.3339107377832224,-0.8643560473623072,-0.5933397870280683
1778742447944204291,3.3339107377832224,-0.8643560473623072,-0.5933397870280683
1778742447977282007,3.3339107377832224,-0.8643560473623072,-0.5933397870280683
1778742447993966929,3.3339107377832224,-0.8643560473623072,-0.5933397870280683
1778742448010595623,3.3339107377832224,-0.8643560473623072,-0.5933397870280683
1778742448011330142,3.3339107377832224,-0.8643560473623072,-0.5933397870280683
1778742448027468762,3.3339107377832224,-0.8643560473623072,-0.5933397870280683
1778742448060718977,3.3339107377832224,-0.8643560473623072,-0.5933397870280683
1778742448061345761,3.3339107377832224,-0.8643560473623072,-0.5933397870280683
1778742448077428776,3.3339107377832224,-0.8643560473623072,-0.5933397870280683
1778742448094200612,3.3339107377832224,-0.8643560473623072,-0.5933397870280683
1778742448127391414,3.3339107377832224,-0.8643560473623072,-0.5933397870280683
1778742448128033477,3.3339107377832224,-0.8643560473623072,-0.5933397870280683
1778742448160687185,3.3339107377832224,-0.8643560473623072,-0.5933397870280683
1778742448161640992,3.3339107377832224,-0.8643560473623072,-0.5933397870280683
1778742448177764845,3.3339107377832224,-0.8643560473623072,-0.5933397870280683
1778742448210857850,3.3339107377832224,-0.8643560473623072,-0.5933397870280683
1778742448227324756,3.3339107377832224,-0.8643560473623072,-0.5933397870280683
1778742448243868237,3.3339107377832224,-0.8643560473623072,-0.5933397870280683
1778742448244475825,3.3339107377832224,-0.8643560473623072,-0.5933397870280683
1778742448261092326,3.3339107377832224,-0.8643560473623072,-0.5933397870280683
1778742448294141828,3.3339107377832224,-0.8643560473623072,-0.5933397870280683
1778742448294587147,3.3339107377832224,-0.8643560473623072,-0.5933397870280683
1778742448327403655,3.3339107377832224,-0.8643560473623072,-0.5933397870280683
1778742448344084238,3.3339107377832224,-0.8643560473623072,-0.5933397870280683
1778742448344744977,3.3339107377832224,-0.8643560473623072,-0.5933397870280683
1778742448377747950,3.3339107377832224,-0.8643560473623072,-0.5933397870280683
1778742448378407096,3.3339107377832224,-0.8643560473623072,-0.5933397870280683
1778742448410812160,3.3339107377832224,-0.8643560473623072,-0.5933397870280683
1778742448411623476,3.3339107377832224,-0.8643560473623072,-0.5933397870280683
1778742448427768378,3.3339107377832224,-0.8643560473623072,-0.5933397870280683
1778742448444304126,3.3339107377832224,-0.8643560473623072,-0.5933397870280683
1778742448460839311,3.3339107377832224,-0.8643560473623072,-0.5933397870280683
1778742448477660633,3.3339107377832224,-0.8643560473623072,-0.5933397870280683
1778742448494188084,3.3339107377832224,-0.8643560473623072,-0.5933397870280683
1778742448510927138,3.3339107377832224,-0.8643560473623072,-0.5933397870280683
1778742448527890130,3.3339107377832224,-0.8643560473623072,-0.5933397870280683
1778742448560713871,3.3339107377832224,-0.8643560473623072,-0.5933397870280683
1778742448561426800,3.3339107377832224,-0.8643560473623072,-0.5933397870280683
1778742448594037045,3.3339107377832224,-0.8643560473623072,-0.5933397870280683
1778742448594778207,3.3339107377832224,-0.8643560473623072,-0.5933397870280683
1778742448627310083,3.3339107377832224,-0.8643560473623072,-0.5933397870280683
1778742448644077842,3.3339107377832224,-0.8643560473623072,-0.5933397870280683
1778742448660792289,3.3339107377832224,-0.8643560473623072,-0.5933397870280683
1778742448677594865,3.3339107377832224,-0.8643560473623072,-0.5933397870280683
1778742448693920902,3.3339107377832224,-0.8643560473623072,-0.5933397870280683
1778742448710594672,3.3339107377832224,-0.8643560473623072,-0.5933397870280683
1778742448727275987,3.3339107377832224,-0.8643560473623072,-0.5933397870280683
1778742448743989222,3.3339107377832224,-0.8643560473623072,-0.5933397870280683
1778742448760608027,3.3339107377832224,-0.8643560473623072,-0.5933397870280683
1778742448761362334,3.3339107377832224,-0.8643560473623072,-0.5933397870280683
1778742448794108138,3.3339107377832224,-0.8643560473623072,-0.5933397870280683
1778742448794834241,3.3339107377832224,-0.8643560473623072,-0.5933397870280683
1778742448810803419,3.3339107377832224,-0.8643560473623072,-0.5933397870280683
1778742448844361991,3.3339107377832224,-0.8643560473623072,-0.5933397870280683
1778742448844977443,3.3339107377832224,-0.8643560473623072,-0.5933397870280683
1778742448877369052,3.3339107377832224,-0.8643560473623072,-0.5933397870280683
1778742448878061601,3.3339107377832224,-0.8643560473623072,-0.5933397870280683
1778742448910778730,3.3339107377832224,-0.8643560473623072,-0.5933397870280683
1778742448911715064,3.3339107377832224,-0.8643560473623072,-0.5933397870280683
1778742448927611293,3.3339107377832224,-0.8643560473623072,-0.5933397870280683
1778742448944199850,3.3339107377832224,-0.8643560473623072,-0.5933397870280683
1778742448977363239,3.3339107377832224,-0.8643560473623072,-0.5933397870280683
1778742448978002217,3.3339107377832224,-0.8643560473623072,-0.5933397870280683
1778742449010568208,3.3339107377832224,-0.8643560473623072,-0.5933397870280683
1778742449011299972,3.3339107377832224,-0.8643560473623072,-0.5933397870280683
1778742449027910341,3.3339107377832224,-0.8643560473623072,-0.5933397870280683
1778742449044230497,3.3339107377832224,-0.8643560473623072,-0.5933397870280683
1778742449077295158,3.3339107377832224,-0.8643560473623072,-0.5933397870280683
1778742449094094387,3.3339107377832224,-0.8643560473623072,-0.5933397870280683
1778742449110455902,3.3339107377832224,-0.8643560473623072,-0.5933397870280683
1778742449111131860,3.3339107377832224,-0.8643560473623072,-0.5933397870280683
1778742449127391842,3.3339107377832224,-0.8643560473623072,-0.5933397870280683
1778742449160951957,3.3339107377832224,-0.8643560473623072,-0.5933397870280683
1778742449161704601,3.3339107377832224,-0.8643560473623072,-0.5933397870280683
1778742449177400307,3.3339107377832224,-0.8643560473623072,-0.5933397870280683
1778742449194013332,3.3339107377832224,-0.8643560473623072,-0.5933397870280683
1778742449227275649,3.3339107377832224,-0.8643560473623072,-0.5933397870280683
1778742449227904237,3.3339107377832224,-0.8643560473623072,-0.5933397870280683
1778742449260480878,3.3339107377832224,-0.8643560473623072,-0.5933397870280683
1778742449277224381,3.3339107377832224,-0.8643560473623072,-0.5933397870280683
1778742449277893546,3.3339107377832224,-0.8643560473623072,-0.5933397870280683
1778742449310590927,3.3339107377832224,-0.8643560473623072,-0.5933397870280683
1778742449311164910,3.3339107377832224,-0.8643560473623072,-0.5933397870280683
1778742449327387310,3.3339107377832224,-0.8643560473623072,-0.5933397870280683
1778742449360514400,3.3339107377832224,-0.8643560473623072,-0.5933397870280683
1778742449360774416,3.3339107377832224,-0.8643560473623072,-0.5933397870280683
1778742449393846661,3.3339107377832224,-0.8643560473623072,-0.5933397870280683
1778742449410405552,3.3339107377832224,-0.8643560473623072,-0.5933397870280683
1778742449427390996,3.3339107377832224,-0.8643560473623072,-0.5933397870280683
1778742449443781326,3.3339107377832224,-0.8643560473623072,-0.5933397870280683
1778742449460478651,3.3339107377832224,-0.8643560473623072,-0.5933397870280683
1778742449460957333,3.3339107377832224,-0.8643560473623072,-0.5933397870280683
1778742449494027895,3.3339107377832224,-0.8643560473623072,-0.5933397870280683
1778742449494783475,3.3339107377832224,-0.8643560473623072,-0.5933397870280683
1778742449510831262,3.3339107377832224,-0.8643560473623072,-0.5933397870280683
1778742449527404500,3.3339107377832224,-0.8643560473623072,-0.5933397870280683
1778742449544427005,3.3339107377832224,-0.8643560473623072,-0.5933397870280683
1778742449577283940,3.3339107377832224,-0.8643560473623072,-0.5933397870280683
1778742449593984170,3.3339107377832224,-0.8643560473623072,-0.5933397870280683
1778742449594387749,3.3339107377832224,-0.8643560473623072,-0.5933397870280683
1778742449627046016,3.3339107377832224,-0.8643560473623072,-0.5933397870280683
1778742449643887385,3.3339107377832224,-0.8643560473623072,-0.5933397870280683
1778742449644283149,3.3339107377832224,-0.8643560473623072,-0.5933397870280683
1778742449677362699,3.3339107377832224,-0.8643560473623072,-0.5933397870280683
1778742449677913738,3.3339107377832224,-0.8643560473623072,-0.5933397870280683
1778742449710592294,3.3339107377832224,-0.8643560473623072,-0.5933397870280683
1778742449711265817,3.3339107377832224,-0.8643560473623072,-0.5933397870280683
1778742449727318534,3.3339107377832224,-0.8643560473623072,-0.5933397870280683
1778742449744001812,3.3339107377832224,-0.8643560473623072,-0.5933397870280683
1778742449777239112,3.3339107377832224,-0.8643560473623072,-0.5933397870280683
1778742449777667969,3.3339107377832224,-0.8643560473623072,-0.5933397870280683
1778742449794306191,3.3339107377832224,-0.8643560473623072,-0.5933397870280683
1778742449827369429,3.3339107377832224,-0.8643560473623072,-0.5933397870280683
1778742449844031176,3.3339107377832224,-0.8643560473623072,-0.5933397870280683
1778742449844693809,3.3339107377832224,-0.8643560473623072,-0.5933397870280683
1778742449860736226,3.3339107377832224,-0.8643560473623072,-0.5933397870280683
1778742449893846494,3.3339107377832224,-0.8643560473623072,-0.5933397870280683
1778742449894314265,3.3339107377832224,-0.8643560473623072,-0.5933397870280683
1778742449927291560,3.3339107377832224,-0.8643560473623072,-0.5933397870280683
1778742449927686202,3.3339107377832224,-0.8643560473623072,-0.5933397870280683
1778742449960592691,3.3339107377832224,-0.8643560473623072,-0.5933397870280683
1778742449961028321,3.3339107377832224,-0.8643560473623072,-0.5933397870280683
1778742449977369207,3.3339107377832224,-0.8643560473623072,-0.5933397870280683
1778742450010501787,3.3339107377832224,-0.8643560473623072,-0.5933397870280683
1778742450027093902,3.3339107377832224,-0.8643560473623072,-0.5933397870280683
1778742450027678816,3.3339107377832224,-0.8643560473623072,-0.5933397870280683
1778742450060431453,3.3339107377832224,-0.8643560473623072,-0.5933397870280683
1778742450060802229,3.3339107377832224,-0.8643560473623072,-0.5933397870280683
1778742450093970858,3.3339107377832224,-0.8643560473623072,-0.5933397870280683
1778742450094574028,3.3339107377832224,-0.8643560473623072,-0.5933397870280683
1778742450127291568,3.3339107377832224,-0.8643560473623072,-0.5933397870280683
1778742450127772965,3.3339107377832224,-0.8643560473623072,-0.5933397870280683
1778742450143949949,3.3339107377832224,-0.8643560473623072,-0.5933397870280683
1778742450160634720,3.3339107377832224,-0.8643560473623072,-0.5933397870280683
1778742450193919580,3.3339107377832224,-0.8643560473623072,-0.5933397870280683
1778742450210812227,3.3339107377832224,-0.8643560473623072,-0.5933397870280683
1778742450227194482,3.3339107377832224,-0.8643560473623072,-0.5933397870280683
1778742450243846961,3.3339107377832224,-0.8643560473623072,-0.5933397870280683
1778742450244498082,3.3339107377832224,-0.8643560473623072,-0.5933397870280683
1778742450277147612,3.3339107377832224,-0.8643560473623072,-0.5933397870280683
1778742450293745838,3.3339107377832224,-0.8643560473623072,-0.5933397870280683
1778742450294397831,3.3339107377832224,-0.8643560473623072,-0.5933397870280683
1778742450310637774,3.3339107377832224,-0.8643560473623072,-0.5933397870280683
1778742450327668755,3.3339107377832224,-0.8643560473623072,-0.5933397870280683
1778742450344086547,3.3339107377832224,-0.8643560473623072,-0.5933397870280683
1778742450377080624,3.329459228814865,-0.8613580238258625,-0.592076200412106
1778742450393728735,3.3247970878540083,-0.8582179469699391,-0.5933975944101696
1778742450410528195,3.3200755956424417,-0.8550406852092217,-0.5912630348748362
1778742450411175308,3.315548672056653,-0.8520005911566583,-0.5915002081565396
1778742450427560498,3.310888992485504,-0.8488693961301208,-0.591839027130402
1778742450444328748,3.305754875621773,-0.8454150961967687,-0.5926521926676719
1778742450461049127,3.3003795287978783,-0.8417926701419203,-0.5933298306153975
1778742450477309619,3.294937259718296,-0.838119243503831,-0.5941429961526674
1778742450493971667,3.289463437536589,-0.8344174959809638,-0.5950916892794823
1778742450527066385,3.283970202642556,-0.8306944775282858,-0.5961759099958425
1778742450527609710,3.278469680204878,-0.8269572656112811,-0.5973956583017475
1778742450544047751,3.2729622769951767,-0.8232052786862277,-0.5986831704024254
1778742450577266545,3.2674541203238334,-0.8194419754717712,-0.6000723281952618
1778742450578173624,3.2619397761929747,-0.8156629234998525,-0.6015292497828704
1778742450594291675,3.2564252395087347,-0.811871782621677,-0.603020053267866
1778742450627222771,3.250910791674295,-0.8080681703804985,-0.6046125024450196
1778742450627797216,3.2454024078885064,-0.8042557814878936,-0.6062049516221736
1778742450644365545,3.2398944173866755,-0.8004305394521867,-0.6078312826967137
1778742450660725237,3.234386977333056,-0.7965922490702867,-0.6094914956686401
1778742450677465012,3.2288859172460875,-0.7927448204589203,-0.6111517086405667
1778742450710659070,3.223385588113374,-0.788884149606358,-0.6128458035098789
1778742450711034816,3.2178860188959373,-0.7850102281535375,-0.6145060164818057
1778742450727422320,3.212392757227611,-0.7811273677075133,-0.6160984656589595
1778742450744020306,3.206905685779758,-0.7772357644484238,-0.6176909148361133
1778742450760707191,3.2014246863193643,-0.7733356139493842,-0.6192156002184949
1778742450793825022,3.1959438762090993,-0.7694231369161972,-0.6207064037034898
1778742450810562564,3.1904630142249486,-0.7654986964579032,-0.6220955614963263
1778742450811166965,3.184998980752157,-0.7615748122587691,-0.6234847192891624
1778742450827565100,3.1795289097617716,-0.7576353447363565,-0.6248061132872266
1778742450860779987,3.17405830737554,-0.7536846468825898,-0.6260936253879043
1778742450861458079,3.1685982647831774,-0.749731291865698,-0.627279491796423
1778742450877461903,3.1631371820738003,-0.7457674452943306,-0.6284314763075557
1778742450910568904,3.157680534764307,-0.7417974951510922,-0.629515697023916
1778742450910902721,3.1522395068716977,-0.7378298798129015,-0.630599917740276
1778742450927694085,3.1467913460818795,-0.7338482911841893,-0.6316163746618636
1778742450960992912,3.1413471001309485,-0.7298613512516381,-0.6325650677886787
1778742450977126072,3.135906503755019,-0.7258694325307442,-0.6334459971207214
1778742450977747446,3.1304749985729967,-0.7218769605574346,-0.6342930445553775
1778742450993956791,3.1250354680886834,-0.7178717722834296,-0.6350723281952616
1778742451010994364,3.1196007358516415,-0.7138635401616137,-0.6358615682478167
1778742451043801875,3.1141730566660315,-0.7098540760255856,-0.6366069699903143
1778742451060612846,3.108742672316408,-0.7058364958066767,-0.6373184898354255
1778742451061218520,3.103315011678189,-0.7018152366759662,-0.6379622458857643
1778742451094228527,3.0978954945976964,-0.6977947468284165,-0.6385721200387171
1778742451110512675,3.0924728793950824,-0.6937666865800611,-0.6392158760890555
1778742451110924790,3.0870582703305947,-0.6897395892781865,-0.6397579864472358
1778742451143819467,3.081634616094997,-0.6857011961902513,-0.6403000968054158
1778742451144210031,3.0762242398330852,-0.6816684139367024,-0.6407744433688234
1778742451177279341,3.0708102351120004,-0.6776287879787611,-0.641282671829617
1778742451177961541,3.0653981471826226,-0.6735865943608498,-0.6417231364956384
1778742451194483612,3.0599878402216465,-0.6695420173016244,-0.6421636011616596
1778742451227180102,3.054579315278721,-0.66549505758577,-0.6426040658276809
1778742451227624649,3.049172436206876,-0.6614458991914312,-0.6429767666989298
1778742451244165565,3.043767066635381,-0.6573947259298242,-0.6433494675701785
1778742451277396233,3.038363207315075,-0.6533415383636811,-0.6437221684414274
1778742451293952789,3.0329663886580054,-0.6492906307638083,-0.64406098741529
1778742451294647072,3.0275652771719,-0.6452337822684039,-0.6443659244917663
1778742451327544505,3.0221654030204115,-0.6411752869624952,-0.6446708615682426
1778742451328108259,3.016766766705655,-0.6371151452234676,-0.6449757986447188
1778742451344011140,3.011363706690038,-0.6330492398547164,-0.645246853823809
1778742451360690711,3.0059672722133515,-0.6289861720557706,-0.6454840271055126
1778742451393969801,3.0005774614842036,-0.6249259449310937,-0.6457550822846025
1778742451410423963,2.9951774337022865,-0.6208560132419217,-0.6459583736689201
1778742451427089277,2.989783891544728,-0.6167891068015622,-0.6461955469506239
1778742451444101762,2.9843913141004035,-0.6127209212715052,-0.6464327202323277
1778742451460995722,2.9789664561832168,-0.6086257868929605,-0.6468054211035762
1778742451477361585,2.9736708415911566,-0.6046266667281794,-0.6468054211035762
1778742451478010040,2.968285849537627,-0.6005600508644147,-0.6468054211035762
1778742451510787404,2.9628680342250093,-0.5964672062254915,-0.6471442400774386
1778742451511444486,2.9575457834700747,-0.5924452803308984,-0.6471103581800522
1778742451527374790,2.9521563779332674,-0.5883728936891575,-0.6470764762826661
1778742451544272526,2.9467672483692064,-0.5843001418501962,-0.6472458857695973
1778742451560815217,2.941362126446877,-0.5802137212887817,-0.6474491771539149
1778742451594024904,2.936007601697475,-0.5761648407387971,-0.6474152952565286
1778742451610568847,2.9306137855551357,-0.5720866804400057,-0.6473475314617562
1778742451627090547,2.925236651522031,-0.5680212763284781,-0.6473814133591422
1778742451627587684,2.9198486260964076,-0.5639470638876699,-0.6474830590513011
1778742451660587332,2.9144665288836276,-0.5598766175249,-0.6475508228460739
1778742451661202935,2.909079193745557,-0.5558014923599374,-0.6476524685382328
1778742451693969799,2.9036866214362536,-0.5517216874762529,-0.6477202323330051
1778742451710898785,2.8982998386395487,-0.5476458322161726,-0.6477541142303914
1778742451711642742,2.892929871152825,-0.5435825570357875,-0.6477541142303916
1778742451743837606,2.8875322008196815,-0.5394978886312898,-0.6478557599225501
1778742451760445120,2.882151621039575,-0.5354254366389506,-0.6479235237173229
1778742451777054167,2.8767656669404333,-0.5313484863765682,-0.6479574056147088
1778742451793802779,2.871374338965603,-0.5272670372873582,-0.6480251694094815
1778742451794166172,2.865994449174706,-0.5231936738322023,-0.648092933204254
1778742451827224661,2.8606091858269007,-0.5191158111966071,-0.6481268151016402
1778742451827874229,2.8552240606479096,-0.5150377661004124,-0.6481606969990265
1778742451844376361,2.849919945096072,-0.5110382902331573,-0.6439932236205174
1778742451877080025,2.8445873194462505,-0.5070534749703294,-0.6394869312681457
1778742451877485467,2.8391801223344024,-0.5030516318457654,-0.6347773475314564
1778742451910442925,2.8337138686519285,-0.49904735329915556,-0.6296950629235184
1778742451927227476,2.828243062809552,-0.49508499182712695,-0.6239690222652415
1778742451943819490,2.8226587111781236,-0.4910886552726606,-0.6183107454017372
1778742451960616986,2.8170572166870698,-0.48712849625228116,-0.6124830590513016
1778742451977685598,2.8114893413569315,-0.4832422558701072,-0.6062487899322309
1778742451978518966,2.8058627568569996,-0.47936697899417585,-0.6000145208131603
1778742451994058355,2.8002291668329407,-0.47553913567961553,-0.5936108422071585
1778742452027139336,2.79457680269857,-0.4717516304726912,-0.5871055179089976
1778742452027760861,2.788899792313753,-0.46800116795578994,-0.5805324298160646
1778742452060586486,2.783192323876164,-0.4642843783418992,-0.5739254598257453
1778742452060963715,2.777460298822497,-0.46060557285857595,-0.5672507260406533
1778742452077302527,2.7717038465902304,-0.4569651087813418,-0.5605759922555612
1778742452094403391,2.7659173436936726,-0.4533593483583343,-0.5539351403678555
1778742452127147040,2.7601188334757563,-0.4497996158890719,-0.5472265246853774
1778742452143943794,2.754284593082166,-0.44627161886104005,-0.540517909002899
1778742452160735620,2.748426816175949,-0.44278284060540546,-0.5338092933204208
1778742452177151909,2.742587626587821,-0.43935892092850015,-0.5268635043562389
1778742452193967159,2.736700889943365,-0.43596104796459767,-0.5201210067763742
1778742452210451387,2.7307611186508858,-0.43258534937126314,-0.5134801548886686
1778742452227575325,2.724810939931655,-0.4292566112906668,-0.5066360116166454
1778742452228256733,2.718838229794381,-0.42596847236171187,-0.4998596321393946
1778742452260464872,2.712837165327026,-0.422717649349205,-0.4930493707647576
1778742452261030470,2.7067831590749987,-0.4194914118656316,-0.48620522749273437
1778742452293785952,2.7008127720599333,-0.4163616259479787,-0.47946272991286987
1778742452310492785,2.69476484338323,-0.41324441971137704,-0.47234753146175656
1778742452327144202,2.6886826075791532,-0.41016358676822606,-0.4653678606001883
1778742452327545076,2.682579119846734,-0.40712507372724543,-0.4584559535333926
1778742452360735567,2.676461013277416,-0.4041319995540138,-0.45151016456921056
1778742452377088035,2.670309647006799,-0.4011754275517251,-0.44456437560502876
1778742452377363870,2.6641378935587294,-0.3982616526159681,-0.43761858664084663
1778742452394106131,2.657952449875779,-0.39539365497910484,-0.43070667957405095
1778742452427198645,2.651740816288334,-0.3925658938195785,-0.4236931268150964
1778742452427828906,2.645515941194488,-0.3897845175296786,-0.4167134559535281
1778742452444192024,2.639271804791503,-0.3870466562145429,-0.40973378509195985
1778742452460890420,2.633008619984825,-0.38435265545778735,-0.4026863504356191
1778742452493897432,2.6267202003048125,-0.38170003356086524,-0.3956727976766646
1778742452494528234,2.620419755576827,-0.37909436277782316,-0.3886253630203238
1778742452510827931,2.6141075481436173,-0.3765358948143469,-0.3815440464665968
1778742452543895979,2.6077643701554245,-0.3740170224455858,-0.3744627299128699
1778742452560419422,2.601410163986567,-0.37154534528955385,-0.3674830590513016
1778742452560745734,2.5950452793921057,-0.3691208937847407,-0.3604017424975746
1778742452594218783,2.5886370693288376,-0.36673201019924884,-0.3532526621490751
1778742452610446703,2.5822317927141922,-0.364395869045577,-0.34620522749273436
1778742452610941707,2.5758298744285995,-0.36211230795276755,-0.33905614714423477
1778742452627489637,2.5693920793172307,-0.3598673317604576,-0.33200871248789404
1778742452644221898,2.56293195985889,-0.35766563205705443,-0.3249273959341672
1778742452660895828,2.556463016672512,-0.35551205409203473,-0.317812197483054
1778742452693876539,2.5499722927798536,-0.3534022843535874,-0.31073088092932694
1778742452710447132,2.5434801364202086,-0.3513427633408467,-0.3036495643755999
1778742452727595657,2.53696018457607,-0.34932512785590003,-0.29656824782187297
1778742452743762551,2.5304327770604504,-0.34735584495975974,-0.28945304937075966
1778742452760476478,2.523878091319098,-0.34542910708653685,-0.28233785091964647
1778742452777104952,2.517343606271092,-0.34355835478936114,-0.2753242981606918
1778742452793756850,2.510775901440943,-0.34172795120980887,-0.2682768635043512
1778742452794199413,2.504195399720189,-0.3399441011311427,-0.2611616650532379
1778742452827083550,2.497602431087001,-0.3382068940042298,-0.2541142303968972
1778742452844056410,2.490997268871921,-0.3365166407354924,-0.24693126815101138
1778742452860448663,2.4843801917953994,-0.3348736510935977,-0.23981606969989813
1778742452877087437,2.4777379268518485,-0.33327473257795215,-0.23263310745401236
1778742452893740177,2.4711048785627323,-0.3317279968557772,-0.2255517909002853
1778742452894043524,2.4644541392602033,-0.3302270669007839,-0.21836882865439955
1778742452910647101,2.457799703450267,-0.3287751009743796,-0.2112875121006725
1778742452943774121,2.4511147236628825,-0.32736539560010514,-0.2043756050338768
1778742452960447740,2.4447287130302713,-0.32606533513990577,-0.1972942884801498
1778742452960762961,2.4380997135027425,-0.32476672424205166,-0.1896030977734702
1778742452993931290,2.4313854393997962,-0.32350389120854844,-0.18221684414326692
1778742453010515529,2.4246621031570745,-0.32229022990188005,-0.17496611810260868
1778742453027125377,2.4179370610123905,-0.3211264287366354,-0.16774927395933664
1778742453027760487,2.411203795097875,-0.3200111910380155,-0.16053242981606458
1778742453060481443,2.4045665973807835,-0.3189595226186764,-0.1537560503388139
1778742453061077689,2.3977766492780894,-0.3179337089110674,-0.1461326234269068
1778742453077381204,2.3910833258015134,-0.3169724259985402,-0.13915295256533858
1778742453094603549,2.3843417172237404,-0.3160531165924638,-0.1319022265246803
1778742453127232680,2.3775728075885127,-0.3151799113759634,-0.12468538238140828
1778742453127875736,2.37081169787772,-0.31435704049993013,-0.11753630203290875
1778742453144447421,2.3640379104970464,-0.3135818447043876,-0.11035333978702298
1778742453177279840,2.35725872970797,-0.31285532434747065,-0.10317037754113721
1778742453177922705,2.3504535517460647,-0.31217600563964515,-0.0958180058083202
1778742453194375042,2.343671508117542,-0.31154862599316807,-0.08866892545982068
1778742453211130478,2.3368921371211515,-0.3109702274339541,-0.08155372700870744
1778742453244486164,2.3301018346362357,-0.3104396492932934,-0.07440464666020788
1778742453244942002,2.323286940652189,-0.30995648887872407,-0.06715392061954957
1778742453277310447,2.3164827236793553,-0.30952318138213175,-0.06003872216843634
1778742453277980684,2.309682565203835,-0.30913903855998126,-0.052821878025164276
1778742453310650813,2.3028728370685543,-0.308803290553932,-0.04570667957405104
1778742453327247376,2.296060882683895,-0.3085162340066738,-0.03852371732816524
1778742453327884049,2.289254041891408,-0.30827824361667805,-0.031374636979665756
1778742453344537280,2.282438673142027,-0.3080888424288226,-0.024191674733780026
1778742453360813393,2.2756151141103484,-0.30794860284382286,-0.016907066795735465
1778742453377586662,2.2688117203659286,-0.30785777576422113,-0.00979186834462224
1778742453410508611,2.2619938514238376,-0.307815501795014,-0.002608906098736355
1778742453427137406,2.255175854492001,-0.3078219699837824,0.004506292352376878
1778742453427481762,2.2483580780323247,-0.30787717999994285,0.011689254598262607
1778742453444257877,2.241540870495447,-0.30798112902175934,0.01880445304937592
1778742453460977183,2.234731575964522,-0.3081335396221661,0.0259535333978754
1778742453493813169,2.2279095511314173,-0.30833503943979573,0.03310261374637488
1778742453494603354,2.221103131742873,-0.3085847915313741,0.04025169409487443
1778742453527251561,2.214284685215003,-0.30888380983612923,0.047400774443374004
1778742453543980938,2.207475535640237,-0.30923109368036467,0.054515972894487154
1778742453560845822,2.2006690428092917,-0.30962704739266816,0.06169893514037304
1778742453561478407,2.193844621968022,-0.31007336698807114,0.068915779283645
1778742453594062312,2.1870584827811004,-0.31056604430206836,0.07603097773475824
1778742453610587940,2.1802690521715347,-0.3111076650161208,0.08318005808325779
1778742453611326297,2.173469719771429,-0.31169902270218847,0.09032913843175738
1778742453643976168,2.1666887270729505,-0.31233766111567607,0.0974782187802568
1778742453644619233,2.1599055206616993,-0.31302558173781114,0.10466118102614265
1778742453660861802,2.1531204340127434,-0.31376261916302334,0.11174249757986955
1778742453693950378,2.1463546437055583,-0.3145460746622055,0.1188238141335966
1778742453710841452,2.1395945990545853,-0.3153776498643692,0.125972894482096
1778742453727251600,2.1328267894144743,-0.3162593401020495,0.13312197483059557
1778742453743964946,2.126079325345453,-0.3171874832145405,0.14027105517909508
1778742453744721688,2.11932478046447,-0.3181656184049861,0.14735237173282217
1778742453777261689,2.1125981447346445,-0.31918874486746734,0.15453533397870786
1778742453793955086,2.105865206214064,-0.320262366252353,0.16171829622459377
1778742453810652401,2.099133229503571,-0.321385359827302,0.16886737657309314
1778742453827748936,2.0924232454905267,-0.32255404949727073,0.1760164569215927
1778742453843927232,2.0857217879333954,-0.3237706791081084,0.18316553727009208
1778742453860644916,2.0790223424800187,-0.32503659957055053,0.19034849951597785
1778742453861443618,2.0723252717853002,-0.32635184445647236,0.19749757986447755
1778742453893782115,2.0656514928848315,-0.3277121371410283,0.20464666021297692
1778742453910417041,2.0589807843653185,-0.32912166608635,0.21182962245886283
1778742453910761678,2.0523271859803263,-0.33057746467517685,0.21897870280736223
1778742453927311441,2.045670510438522,-0.3320838828545502,0.2261277831558618
1778742453960560314,2.0390384066970553,-0.33363466361352984,0.23327686350436136
1778742453977287074,2.0324107815298373,-0.335234572561832,0.2404598257502471
1778742453978160789,2.0257879988181546,-0.3368836250636756,0.24760890609874672
1778742453994107203,2.0191839834992655,-0.33857835385256196,0.2547918683446324
1778742454010603144,2.012599049763116,-0.34031857472662336,0.2619409486931319
1778742454027554523,2.00601321577191,-0.34210950064364865,0.26909002904163154
1778742454060804807,1.9994404780054482,-0.3439479084475183,0.2763746369796759
1778742454077333661,1.9929013294003168,-0.345827789167141,0.2834898354307892
1778742454093743749,1.9863622947557793,-0.347758112952815,0.2906050338819026
1778742454110456393,1.9798371601542095,-0.34973491401296175,0.29772023233301564
1778742454127150151,1.9733262559359979,-0.3517580922703761,0.3048354307841291
1778742454143688573,1.9668299818418338,-0.3538277654072487,0.3120183930300147
1778742454160460630,1.960355288404666,-0.3559415454087377,0.31909970958374184
1778742454177139300,1.9538891965901097,-0.35810366951380845,0.3262826718296277
1778742454194313483,1.9474388019059363,-0.3603121831357697,0.33346563407551333
1778742454194916031,1.9410043607656418,-0.3625667543171886,0.3405808325266268
1778742454210858628,1.9345862020279285,-0.36486726782888873,0.34776379477251235
1778742454243781699,1.9281846537193197,-0.367213606093621,0.3548789932236258
1778742454244117790,1.921806557578223,-0.3696030852450114,0.36202807357212524
1778742454277240581,1.9154391282071637,-0.37204049518274673,0.3691432720232384
1778742454293742123,1.9090827251951126,-0.3745258051731477,0.37629235237173814
1778742454294070399,1.9027507103182588,-0.377053790853349,0.38340755082285116
1778742454310879416,1.8964369298720978,-0.379626979629493,0.39059051306873704
1778742454327373263,1.8901482141279449,-0.38224265837300164,0.3977395934172365
1778742454343919069,1.8838654709490936,-0.3849086972227935,0.4048886737657361
1778742454360679104,1.8776084178916097,-0.38761690900103984,0.4120716360116218
1778742454393753163,1.8713708857890823,-0.3903697833661244,0.4191868344627352
1778742454394082531,1.8651531934363637,-0.3931671796210274,0.42636979670862085
1778742454410753655,1.858955658614314,-0.396008954793254,0.4334849951597342
1778742454444269215,1.8527722071812487,-0.3988978219371219,0.4406340755082337
1778742454460717486,1.8466158373523478,-0.40182770837345344,0.4477492739593471
1778742454477295363,1.8404931687454829,-0.4047954255315583,0.45493223620523277
1778742454477956623,1.8343667646549604,-0.40781923057150893,0.4620474346563459
1778742454510418806,1.8282808467893523,-0.4108772241511411,0.46919651500484527
1778742454527093338,1.8222044817638028,-0.41398502290207057,0.47634559535334503
1778742454543810110,1.8161629081760413,-0.417129718369626,0.48349467570184446
1778742454544405394,1.8101377304494424,-0.42032069899678376,0.4906098741529577
1778742454560901475,1.804129301799582,-0.42355789070558597,0.49775895450145746
1778742454577406814,1.798156446633588,-0.4268312257275562,0.5049080348499568
1778742454594030088,1.792200974614891,-0.43015048423428887,0.5120232333010705
1778742454610629005,1.7862693842293254,-0.4335122337041133,0.5192061955469559
1778742454643902364,1.7803619786353277,-0.43691630232093165,0.5263213939980691
1778742454644524530,1.7744972378317696,-0.44035200083900333,0.5335382381413412
1778742454677310039,1.7686331509824496,-0.44384386429905326,0.540619554695068
1778742454694231050,1.7628060352894475,-0.44737011495667384,0.5477686350435677
1778742454710543953,1.756998375493737,-0.45094169887662994,0.5549515972894532
1778742454711196817,1.7512182462598422,-0.45455378761983956,0.5621246031226678
1778742454743880171,1.7454623328777616,-0.4582081802011018,0.5692398015737811
1778742454744561189,1.7397385119581552,-0.4618997374714522,0.5763888819222804
1778742454760720518,1.7340295175653107,-0.46563979201951294,0.5835379622707801
1778742454793959842,1.7283531706086113,-0.46941659082632925,0.5906531607218933
1778742454794906616,1.7227039691166284,-0.47323387343349604,0.5978361229677792
1778742454811088499,1.7170822018151475,-0.477091444743012,0.6049513214188923
1778742454827447359,1.7114881560278166,-0.48098910759775537,0.6121342836647782
1778742454844262408,1.705927898918139,-0.48492271432368506,0.6192833640132777
1778742454860754983,1.7003845343251225,-0.488904137937029,0.626432444361777
1778742454877581834,1.6948697746652381,-0.4929250894281206,0.6335815247102763
1778742454894352740,1.689395154865624,-0.49697703452272335,0.6407306050587761
1778742454910834864,1.68394964240184,-0.5010680142350626,0.6478796854072755
1778742454927429824,1.6785167461510797,-0.5052104606533613,0.654994883858389
1778742454944538854,1.6731301405724517,-0.5093786978515416,0.6621439642068884
1778742454960769008,1.6677624608298858,-0.5135939842215582,0.6692930445553875
1778742454977446255,1.662457755775862,-0.5178211810811586,0.676374361109115
1778742454993942777,1.6571507480849803,-0.5221126021009285,0.683591205252387
1778742455010692662,1.651880040211489,-0.5264375023902202,0.6907064037035003
1778742455027293593,1.6466561560257966,-0.530786093313091,0.6977199564624545
1778742455043963516,1.6414366800774038,-0.5351944144021396,0.7049706825031129
1778742455060650321,1.6362596337945645,-0.5396310027068325,0.712085880954226
1778742455094078775,1.6311196439012805,-0.544099808464184,0.7192349613027258
1778742455094882877,1.6259960605452763,-0.5486192240894696,0.7264179235486112
1778742455110814964,1.6209257828507413,-0.5531564809810618,0.7335331219997249
1778742455143906085,1.6158724454554625,-0.5577438992276876,0.7406822023482242
1778742455160606646,1.6108571036353585,-0.5623624997113317,0.7477974007993372
1778742455161237548,1.6058749084448334,-0.5670168369448707,0.7549803630452231
1778742455193786817,1.6009261145195595,-0.571706673049168,0.7620955614963363
1778742455210917358,1.5960109747880993,-0.5764317683307704,0.7692785237422222
1778742455211598145,1.5911197173905414,-0.5812016556534264,0.7763937221933358
1778742455227464827,1.5862775332611727,-0.5859915381005528,0.783542802541835
1778742455243935721,1.5814846210046818,-0.5908011214610509,0.7907257647877206
1778742455277226001,1.576696946727472,-0.5956749699420097,0.7979087270336065
1778742455277859979,1.5719539771919506,-0.6005728637735577,0.8050239254847197
1778742455310681838,1.5672461439992291,-0.6055045400230199,0.8122068877306057
1778742455311452626,1.5625736877625764,-0.6104697466367032,0.8193220861817188
1778742455344044587,1.5579368472871755,-0.6154682298472066,0.8265050484276047
1778742455344672263,1.5533358595579192,-0.6204997341863913,0.8336202468787176
1778742455361006987,1.5487707881428985,-0.6255638478280624,0.840735445329831
1778742455393875414,1.5442420368332241,-0.6306604678428489,0.8479184075757168
1778742455394528518,1.5397453119524254,-0.6357946757025293,0.8550674879242164
1778742455410912135,1.5352945550592674,-0.6409503021511781,0.862216568272716
1778742455444160637,1.5308730559270625,-0.6461467332991228,0.8693756050338868
1778742455444879947,1.5264875234365134,-0.651376238990327,0.8765246853823864
1778742455477382788,1.5221484078995475,-0.6566261720715063,0.8836737657308859
1778742455478035882,1.517838093449845,-0.6619178461303166,0.8908228460793856
1778742455494101654,1.513570011278581,-0.6672346683559829,0.8979380445304985
1778742455510818095,1.5093485531987327,-0.6725707444124202,0.9050532429816118
1778742455543944303,1.5051523484020137,-0.6779533544023778,0.9122023233301114
1778742455544595003,1.5009947312210037,-0.6833658255917857,0.9193514036786112
1778742455560705610,1.4968843630034432,-0.6887967181626315,0.9265004840271105
1778742455577638193,1.4928086483698926,-0.6942623996595596,0.9336156824782239
1778742455610658740,1.488771925984957,-0.6997569420779016,0.9407308809293369
1778742455611280645,1.484770389638791,-0.7052858056021996,0.9478799612778366
1778742455643965102,1.4808166084940757,-0.7108317352501211,0.9550290416263362
1778742455644625480,1.4768945310584023,-0.7164172462910718,0.9621781219748358
1778742455677238300,1.4730163713643685,-0.7220248305648541,0.969293320425949
1778742455693923171,1.4691743635186951,-0.7276657170832823,0.9764424007744487
1778742455694559574,1.4653765837948431,-0.7333280481552966,0.9835575992255615
1778742455727781374,1.4616191884732086,-0.7390172576255973,0.9906727976766749
1778742455728298539,1.4579062805449354,-0.7447272519965373,0.9978218780251747
1778742455744302553,1.4542267405849605,-0.7504754352471781,1.0049709583736743
1778742455777121907,1.4505958518141713,-0.7562379319052384,1.0121200387221738
1778742455793737025,1.4470024646617818,-0.762032126652832,1.0192352371732871
1778742455794124022,1.4434468467688766,-0.7678577773804034,1.0263843175217864
1778742455810659098,1.439936472389434,-0.7737026380045887,1.0334995159728997
1778742455844043829,1.436471434488807,-0.7795663598045396,1.0406485963213992
1778742455844679901,1.4330413689650807,-0.7854668068641227,1.0477976766698986
1778742455860754319,1.429656947899395,-0.7913854906747467,1.0549128751210117
1778742455877474357,1.4263149261068087,-0.7973282185280037,1.0620958373668978
1778742455894237257,1.4230154743951549,-0.8032946866962306,1.069211035818011
1778742455910643868,1.4197587613965474,-0.8092845902384174,1.0763939980638966
1778742455943842564,1.4165449535587613,-0.8152976230157922,1.0835091965150097
1778742455960920214,1.4133773683673152,-0.8213272270703659,1.0906582768635091
1778742455961518984,1.4102465476825268,-0.8273917622413167,1.0978073572120088
1778742455993734076,1.4071624320435372,-0.8334723341490684,1.1049903194578945
1778742455994412559,1.4041218653446272,-0.8395747990731364,1.112105517909008
1778742456010759316,1.4011250029865223,-0.8456988451218344,1.1192884801548937
1778742456027260016,1.3981719981362566,-0.8518441593004835,1.1264036786060068
1778742456060589912,1.3952627927961476,-0.858010328961552,1.1335188770571198
1778742456077484764,1.392397743866365,-0.8641971390143944,1.1407018393030055
1778742456077988624,1.3895772080881776,-0.8704043688251848,1.1478848015488912
1778742456110616322,1.3868011199942134,-0.8766316040780519,1.1550000000000047
1778742456127262900,1.3840694098119088,-0.8828784339524677,1.1621151984511178
1778742456143771776,1.3813824281455531,-0.889144633241085,1.1692981606970037
1778742456144317325,1.3787377062676383,-0.8954363795160454,1.1764472410455031
1778742456177246248,1.3761405913280287,-0.9017403558794573,1.1835624394966164
1778742456193802043,1.3735911231134144,-0.9080562036311587,1.190711519845116
1778742456194257140,1.3710817246838234,-0.9144031355294515,1.1978606001936152
1778742456210913296,1.368620399572821,-0.920761358763811,1.2050435624395008
1778742456243728021,1.3662045924214912,-0.9271370155776291,1.2121587608906144
1778742456244012834,1.363834426699641,-0.9335297801166189,1.2193417231365
1778742456260971827,1.3615100235443833,-0.9399393256521329,1.2264569215876133
1778742456294112443,1.359233732348277,-0.9463586885013983,1.2336060019361126
1778742456294715933,1.3569988070094445,-0.9528073886595576,1.2407550822846123
1778742456327197282,1.3548100406660248,-0.959271901548702,1.2479041626331115
1778742456327851369,1.3526696329508623,-0.9657452143646312,1.2550193610842248
1778742456360639362,1.3505775979393109,-0.9722269664819558,1.2621684414327246
1778742456361285403,1.3485277497439598,-0.978736862592956,1.2693175217812238
1778742456377861648,1.346528602549489,-0.9852478633988874,1.2764666021297233
1778742456410630766,1.3445739363280447,-0.9917796628418238,1.2835818005808366
1778742456411319758,1.3426639461657377,-0.9983319572933798,1.2907308809293363
1778742456443903162,1.3408046690341622,-1.0048842705908343,1.2978799612778353
1778742456460894237,1.3389903080126782,-1.011456425342795,1.3049951597289486
1778742456477292001,1.3372229778185607,-1.0180413830484267,1.312178121974834
1778742456493922859,1.3355027687785224,-1.0246388071562562,1.3192933204259476
1778742456494628333,1.3338297688109542,-1.0312483604776628,1.326476282671833
1778742456511010287,1.3322042877660882,-1.0378697602822948,1.3336592449177187
1778742456527634393,1.3306261847756824,-1.0445026114755354,1.3407744433688318
1778742456560649619,1.3290969995593118,-1.0511397278353738,1.3479235237173315
1778742456577282211,1.3276138922186755,-1.057794464240082,1.355106485963217
1778742456594360201,1.3261770368348678,-1.0644665007812006,1.3622555663117166
1778742456610587070,1.3247907661655112,-1.0711349319783625,1.3694046466602163
1778742456611232670,1.3234522036660372,-1.0778131032426386,1.3765537270087156
1778742456643899874,1.3221587645407518,-1.084514419548349,1.383702807357215
1778742456644551425,1.320915821177527,-1.0912110465198783,1.3908518877057148
1778742456660867423,1.3197183274963624,-1.097930171007754,1.398000968054214
1778742456677505455,1.3185701923224633,-1.1046508041343617,1.4051839303001
1778742456710847935,1.3174701324256066,-1.1113794735587967,1.412299128751213
1778742456727284894,1.3164191700344774,-1.1181089013986976,1.4194482090997127
1778742456727920675,1.3154142820019743,-1.1248595180403187,1.4265972894482122
1778742456760575225,1.3144596421992698,-1.1316032843357275,1.4337463697967114
1778742456761195857,1.31355137499618,-1.1383675785108645,1.4408954501452111
1778742456777513268,1.31269248559149,-1.1451312633786352,1.448078412391097
1778742456811382362,1.3118829185663612,-1.1518939789745941,1.4552274927395965
1778742456811416998,1.31112082191278,-1.1586692525993711,1.4623426911907094
1778742456827774616,1.3104077992368584,-1.1654428277014588,1.4694917715392093
1778742456860703939,1.3097432192020808,-1.1722213271207533,1.4766408518877085
1778742456861334310,1.3091273455984385,-1.1790044252848917,1.4838576960309806
1778742456877416272,1.3085597424311461,-1.1857987575290847,1.491040658276866
1778742456910818617,1.3080409569188471,-1.1925969915344885,1.4982236205227522
1778742456911475388,1.3075713832035376,-1.1993917852418714,1.5053727008712514
1778742456943953060,1.3071500802153333,-1.2061967560568074,1.512555663117137
1778742456961017104,1.3067771697205557,-1.2130115607321363,1.5197047434656368
1778742456977533294,1.3064536529148194,-1.2198148730045817,1.5268538238141363
1778742456978242255,1.306178614298513,-1.2266273232069347,1.534036786060022
1778742457010577135,1.3059526327418396,-1.2334345732637524,1.5411858664085212
1778742457011312827,1.305775255356508,-1.2402502655443042,1.5483688286544073
1778742457043996221,1.3056468389863893,-1.2470670560820782,1.555551790900293
1778742457044626031,1.3055671930734403,-1.2538915913430722,1.5627008712487924
1778742457060856326,1.3055364012237336,-1.2607025217392802,1.569849951597292
1778742457094723146,1.3055544355349027,-1.2675204978879346,1.5770329138431776
1778742457095374316,1.3056213954039448,-1.2743451694094028,1.584181994191677
1778742457110839393,1.3057369058397887,-1.2811551898454376,1.5913310745401765
1778742457127544924,1.30590177328704,-1.287992202330788,1.5984801548886762
1778742457160584176,1.306113785195517,-1.2947578813026772,1.6057647628267209
1778742457177295137,1.3063763122214238,-1.3015568147161376,1.6130154888673789
1778742457193985559,1.3066885399523513,-1.3083676617885684,1.6201984511132648
1778742457194672899,1.3070497056675092,-1.315183098995835,1.6272797676669917
1778742457227671383,1.3074585147132378,-1.3219818191815855,1.634428848015491
1778742457243856703,1.3079165028328044,-1.3287844194845826,1.6416118102613773
1778742457260603211,1.308423111170568,-1.3355835717841056,1.6487270087124901
1778742457261218834,1.3089783138342161,-1.342378928581381,1.6559099709583762
1778742457277432848,1.3095823125466917,-1.349170122110896,1.6630929332042619
1778742457310434389,1.3102342911015008,-1.3559498451851868,1.6702420135527611
1778742457327324451,1.3109355561249796,-1.362731685006861,1.6774249757986468
1778742457344190277,1.3116861713973784,-1.3695152829985495,1.6845740561471465
1778742457345009328,1.3124836243987066,-1.3762794377654566,1.6917231364956458
1778742457361065200,1.313335090442578,-1.3830793358952915,1.6990077444336906
1778742457393940951,1.3142214702058965,-1.389768867636391,1.7060551790900311
1778742457410604722,1.315165341581913,-1.3965212176588304,1.7133059051306896
1778742457427228056,1.3161570136954408,-1.4032596379053905,1.7205227492739616
1778742457443994072,1.3171991994453809,-1.4100045970500126,1.7276718296224611
1778742457460817557,1.3182875695369005,-1.416728076174981,1.7348886737657334
1778742457461436917,1.3194242056327672,-1.4234435641978704,1.7420377541142325
1778742457494291408,1.3206101530680625,-1.4301576279956547,1.7492207163601186
1778742457510585885,1.3218454497365097,-1.4368699053395166,1.756369796708618
1778742457527297597,1.3231272714400535,-1.4435663265568777,1.7634849951597311
1778742457527997000,1.3244552285673459,-1.4502466147892876,1.7705663117134585
1778742457560645047,1.3258322100015267,-1.4569241177754286,1.777749273959344
1778742457577656320,1.3272571197526137,-1.4635915577790024,1.7849322362052296
1778742457578226787,1.3287294331935802,-1.4702486905801075,1.7919796708615703
1778742457610909511,1.33024740309689,-1.4768883809623954,1.7991287512100695
1778742457627436300,1.3318142979102436,-1.4835238888287072,1.8062439496611828
1778742457628128860,1.3334285900570848,-1.4901480253659962,1.813426911907069
1778742457644182699,1.335090197032343,-1.4967604520203928,1.8205421103581818
1778742457677204799,1.3367971677579562,-1.5033540831855323,1.8276911907066815
1778742457693884340,1.3385531472062975,-1.5099420768237353,1.8348741529525672
1778742457694537584,1.3403581421439517,-1.5165240687923602,1.8420232333010669
1778742457727287105,1.3422063467626102,-1.523079513909785,1.8491723136495664
1778742457743916210,1.3441034277060764,-1.5296282701194739,1.8563552758954522
1778742457744549817,1.346047498773971,-1.5361632308449087,1.8635382381413377
1778742457777216520,1.3480382387233119,-1.542684126370379,1.8706534365924512
1778742457793768297,1.3500755458091078,-1.5491906234185735,1.8778363988383369
1778742457810487023,1.3521593159063618,-1.5556823894480751,1.8849515972894502
1778742457810795571,1.3542894425153926,-1.5621590926703557,1.8921345595353358
1778742457843934523,1.3564636916448096,-1.5686137314459363,1.8992836398838355
1778742457844587628,1.3586883748386533,-1.5750659721177518,1.9063649564375629
1778742457861098477,1.3609564726257728,-1.5814956576798973,1.9134801548886755
1778742457893887513,1.3632702611034626,-1.587909042658246,1.9205953533397893
1778742457894284970,1.3656273090468807,-1.59429919492501,1.927744433688289
1778742457910852047,1.3680299800798124,-1.6006723333126107,1.9348935140367882
1778742457943733489,1.3704807752935881,-1.6070346227448933,1.9420764762826743
1778742457960638990,1.3729769920092612,-1.6133792288089759,1.949191674733787
1778742457977320175,1.3755185026473613,-1.619705827237549,1.9563746369796733
1778742457978027092,1.3781079400143466,-1.6260205274776602,1.9635237173281723
1778742457994410849,1.3807370509906696,-1.6323036394832016,1.970672797676672
1778742458027260681,1.3834165091956672,-1.6385806713237827,1.9778218780251713
1778742458027937721,1.3861378735304042,-1.644832015191914,1.9849370764762848
1778742458060636494,1.3889007030870413,-1.6510574865669163,1.9920183930300115
1778742458061301582,1.391707757798936,-1.65726314244236,1.9991674733785112
1778742458094157355,1.394564966072375,-1.66346128618724,2.006316553727011
1778742458110810736,1.3974694925838795,-1.669645132057244,2.0134995159728963
1778742458111596202,1.4004000262932421,-1.6757701685614854,2.02061471442401
1778742458143994243,1.4033833680941203,-1.6818930267747003,2.02776379477251
1778742458160585266,1.4064134136556965,-1.6880007225672862,2.034878993223623
1778742458161226457,1.4094837871468218,-1.694080404107054,2.0420280735721223
1778742458193868583,1.4126039462638635,-1.700150431461551,2.049177153920622
1778742458210563363,1.4157609312125246,-1.7061855923569975,2.0563262342691213
1778742458227233306,1.4189641678555729,-1.7122042632242764,2.063441432720235
1778742458244203030,1.422213581396329,-1.7182060909993089,2.0705905130687343
1778742458260841282,1.425501521601219,-1.7241765623591274,2.077763518901949
1778742458261718894,1.4288166358668821,-1.7300942567079087,2.085115890634766
1778742458294077811,1.4321949605110291,-1.7360244799413755,2.0921294433937203
1778742458310561759,1.4355979528547753,-1.7419001708035982,2.099380169434379
1778742458327228155,1.439064571336446,-1.7477873416268832,2.106563131680265
1778742458343968882,1.4425658007204534,-1.7536376849330972,2.1136105663366056
1778742458360586946,1.446097753849285,-1.75944496623296,2.1208274104798774
1778742458377512977,1.4496751073395129,-1.7652326218901286,2.1280103727257633
1778742458394140769,1.4533013868572202,-1.7710062880442683,2.135193334971649
1778742458394732847,1.456972712590032,-1.7767597211379607,2.1423424153201487
1778742458427279451,1.4606813652781279,-1.7824808241119579,2.149525377566034
1778742458443847209,1.464427070292953,-1.7881693577491893,2.1566744579145336
1778742458444497158,1.4682173343796043,-1.7938367224060154,2.1638574201604195
1778742458460769894,1.4720482088037454,-1.7994767157700595,2.1710403824063054
1778742458477421812,1.4759156162650846,-1.8050832191837727,2.178257226549577
1778742458510939646,1.4798233839241837,-1.8106616663621997,2.1854740706928495
1778742458527332982,1.4837792347699295,-1.81622330902298,2.192623151041349
1778742458528019951,1.4877705532157344,-1.8217509216237489,2.1997383494924625
1778742458544188679,1.4918055182574506,-1.8272554363264388,2.2069551936357343
1778742458577268899,1.495871559846785,-1.8327195947057138,2.214104273984234
1778742458577931923,1.499980871983659,-1.8381600613917384,2.2212872362301197
1778742458610608815,1.5041248058521997,-1.8435653859049532,2.228436316578619
1778742458611246660,1.5083116662855767,-1.848946401024001,2.235619278824505
1778742458644183027,1.5125326412530258,-1.8542917813962636,2.2427683591730045
1778742458660810979,1.5168095932937726,-1.8596284097551763,2.2500529671110487
1778742458677196761,1.5211071004322354,-1.8649124568210966,2.257134283664776
1778742458677842331,1.5254420955145218,-1.8701657927742366,2.264283364013276
1778742458710579928,1.52982792859327,-1.8754041791866116,2.271398562464389
1778742458727466193,1.5342235566192728,-1.8805793655848992,2.2784459971207296
1778742458728121422,1.5386739982306914,-1.8857445077381563,2.2855611955718427
1778742458760709835,1.5431612518147277,-1.8908777016048006,2.2927441578177286
1778742458761401223,1.547680529762164,-1.8959733711225202,2.299893238166228
1778742458793876871,1.5522407174028194,-1.9010418830029456,2.3070084366173416
1778742458810595657,1.5568416570007129,-1.9060829126414753,2.314157516965841
1778742458811152648,1.5614690059339327,-1.9110806484138256,2.3213065973143405
1778742458843953026,1.5661366736897293,-1.9160503568279579,2.328421795765454
1778742458860608471,1.5708346714654036,-1.9209817397881184,2.335503112319181
1778742458861251836,1.5755724190360199,-1.9258846850210494,2.3426183107702943
1778742458877761233,1.5803402791058214,-1.9307485550187766,2.3498351549135665
1778742458894400407,1.5851476431085296,-1.9355832603195642,2.3568825895699073
1778742458910765860,1.589984232895167,-1.9403787915973054,2.3640316699184067
1778742458927655772,1.594864832609015,-1.9451495747021204,2.371112986472134
1778742458960785196,1.5997894952151115,-1.949895058788714,2.3783298306154057
1778742458961492353,1.6047226609584448,-1.954581026324752,2.3854450290665192
1778742458993940921,1.6096890431365893,-1.959231775088189,2.3925602275176323
1778742458994556123,1.6147247875860815,-1.9638798808141174,2.399844835455677
1778742459027401937,1.6197418570053541,-1.9684447579693318,2.4068583882146317
1778742459043889742,1.6248171025964344,-1.972997450160796,2.413973586665745
1778742459060628356,1.6299192924676893,-1.9775093654434297,2.421054903219472
1778742459077275946,1.6350586568242442,-1.981989550485431,2.428170101670585
1778742459077821095,1.640224534275062,-1.986428405198432,2.4353191820190845
1778742459110610491,1.6454487966507558,-1.9908527468025479,2.4425021442649704
1778742459111221465,1.6506665683743176,-1.995208670038878,2.4494479332291523
1778742459127682340,1.6559310502219269,-1.999541146798907,2.4565631316802654
1778742459144284293,1.6612208611419574,-2.0038315572023913,2.463712212028765
1778742459161091858,1.666546749208503,-2.0080883212671035,2.4708951742746508
1778742459177550187,1.6719029328633879,-2.0123069016746746,2.478010372725764
1778742459210585372,1.677311400508155,-2.0165040666387317,2.485261098766422
1778742459227329205,1.6827221424608072,-2.020640924446514,2.4924101791149216
1778742459227997789,1.6881566601276883,-2.0247348753168053,2.499525377566035
1778742459260798658,1.6936315487232707,-2.028798213706106,2.506708339811921
1778742459261499242,1.6991353462956325,-2.032822308173494,2.513823538263034
1778742459277753463,1.704673384084756,-2.036811137882349,2.5209726186115335
1778742459310566675,1.710228378290876,-2.0407521733262355,2.528121698960033
1778742459327236297,1.7158114050805757,-2.044653395297041,2.5352707793085325
1778742459327898729,1.7214280110578524,-2.048518477611303,2.5424537415544184
1778742459360781644,1.727066116099683,-2.0523396675486505,2.549467294313373
1778742459361822377,1.7327196220115746,-2.056112873069717,2.556684138456645
1778742459377867299,1.7384234851016276,-2.0598607485812477,2.5638332188051445
1778742459394531931,1.7441422411725793,-2.063560147181149,2.570982299153644
1778742459410825647,1.7498989829192406,-2.0672262826754055,2.578063615707371
1778742459443971934,1.755658062505092,-2.0708362980941857,2.585280459850643
1778742459460660432,1.761460978718593,-2.0744155839753478,2.592531185891301
1778742459477217079,1.767283650418968,-2.077949167888269,2.599748030034573
1778742459477868179,1.7731436921908736,-2.081447815545796,2.606964874177845
1778742459494143109,1.779010663844845,-2.0848935461811617,2.6141478364237307
1778742459511140105,1.7849143570599895,-2.0883040491384186,2.6213307986696166
1778742459527694458,1.7908421670360408,-2.091672460171506,2.6283782333259573
1778742459544389989,1.7967510761175771,-2.0949746040911648,2.635595077469229
1778742459577390508,1.802739044743412,-2.098264050205029,2.64291356730466
1778742459594133690,1.8087322829812789,-2.1014999142973805,2.650130411447932
1778742459594810610,1.8147548469167158,-2.1046958253793058,2.657313373693818
1778742459610864869,1.8207940580092281,-2.107845055504285,2.6645302178370898
1778742459627615666,1.8268620164632239,-2.1109539144912093,2.6717131800829756
1778742459660932147,1.8329521490046015,-2.1140191077360884,2.6788961423288615
1778742459677526565,1.839057917399873,-2.1170372716321193,2.6861129864721334
1778742459693880055,1.8451915552081108,-2.1200144533930056,2.6932959487180193
1778742459694430594,1.8513464195849667,-2.122947501040507,2.700478910963905
1778742459727176879,1.8575159012293883,-2.1258331928534253,2.707695755107177
1778742459727781030,1.8637187714560925,-2.1286801255801797,2.714912599250449
1778742459744211727,1.869935595596034,-2.1314794507869115,2.7220955614963347
1778742459777286497,1.8761723666326773,-2.134234048949346,2.7292785237422206
1778742459777915445,1.8824029777255662,-2.1369328608007296,2.736393722193334
1778742459794366801,1.888684893443146,-2.1396008487911873,2.7435428025418336
1778742459827440690,1.894972797350347,-2.142218478530819,2.750691882890333
1778742459828111288,1.9012857791411861,-2.1447936260816465,2.757874845136219
1778742459860662410,1.9076170951023217,-2.1473233616805323,2.765057807382105
1778742459861286108,1.9139991395278737,-2.149819982987475,2.7723424153201495
1778742459877486256,1.9203467379150578,-2.1522504569566867,2.779491495668649
1778742459910812986,1.926731254838124,-2.1546427503456926,2.786674457914535
1778742459927277027,1.9331327906628222,-2.1569891226701765,2.7938574201604207
1778742459943946508,1.9395509371604376,-2.159289670330006,2.800972618611534
1778742459960624066,1.9459787219581235,-2.1615420698493266,2.8081216989600333
1778742459977239615,1.952429104891689,-2.1637506177909316,2.815304661205919
1778742459977897488,1.9588951852024552,-2.165912776299164,2.822487623451805
1778742459994180514,1.9653699390093782,-2.16802637137385,2.8296367038003045
1778742460027581796,1.9718729770542984,-2.1700978735308176,2.836785784148804
1778742460044388670,1.9783906581261166,-2.172122832405971,2.8439348644973035
1778742460044948046,1.984915983113049,-2.1740990049224576,2.8511178267431894
1778742460077493999,1.9914485878505621,-2.176026385617448,2.858266907091689
1778742460078083342,1.998001564292878,-2.177908837143107,2.8654498693375747
1778742460094384782,2.004567830959297,-2.1797443932074843,2.8725650677886883
1778742460111009108,2.0111470522536288,-2.181532959996903,2.879748030034574
1778742460127543903,2.0177118207074636,-2.183267294205623,2.886863228485687
1778742460144254263,2.024329502661511,-2.184965089704225,2.894046190731573
1778742460161059032,2.0309455677274,-2.186612149825751,2.901161389182686
1778742460194113985,2.037580016048124,-2.188213624296245,2.9083104695311857
1778742460210542427,2.0442053216517984,-2.1897627342529353,2.9154934317770715
1778742460211120950,2.050862040216214,-2.1912689623081,2.922642512125571
1778742460227632010,2.0574883270846867,-2.192718586858355,2.9297915924740705
1778742460244414457,2.0641727734956064,-2.1941308191974342,2.9369745547199564
1778742460260788786,2.070853427190128,-2.195492432290009,2.9440897531710695
1778742460277890481,2.0775161248017375,-2.1968010806523486,2.951204951622183
1778742460310631446,2.0842293200672963,-2.198069636258729,2.9584556776628412
1778742460311002403,2.0909514954011077,-2.1992897111668803,2.9656386399087267
1778742460343762894,2.0976615523778404,-2.200457981841425,2.972787720257226
1778742460344153508,2.104386675536246,-2.2015795176207367,2.9799029187083397
1778742460360729151,2.1111265756201245,-2.202653934606517,2.9871197628516115
1778742460377497882,2.1178601783526037,-2.203677807274943,2.994268843200111
1778742460410861803,2.124607839950006,-2.2046546322167524,3.0013840416512245
1778742460427498673,2.1313553619621364,-2.2055823539939126,3.008533121999724
1778742460428108425,2.138130153098529,-2.206464640261663,3.0156483204508375
1778742460460802530,2.1448902214976493,-2.2072960223875326,3.022797400799337
1778742460477374676,2.1516699678852214,-2.208080664930481,3.029946481147836
1778742460478063268,2.1584481788231913,-2.2088161786831653,3.0370616795989496
1778742460510620392,2.1652105932426906,-2.2095009853850502,3.044278523742222
1778742460527461240,2.172005629178628,-2.2101398215372234,3.051427604090721
1778742460543811514,2.178805038520027,-2.2107302938973667,3.058508920644448
1778742460560554907,2.18560150832838,-2.2112717014556273,3.065691882890334
1778742460577348044,2.192415638370295,-2.2117655190048007,3.072807081341447
1778742460577985779,2.199163243430597,-2.2122065064764844,3.0798545159977877
1778742460610592608,2.205976715621938,-2.212603018390336,3.0870713601410595
1778742460611216517,2.2127858633488646,-2.212950338463016,3.094186558592173
1778742460627557222,2.219597309946787,-2.213249201715443,3.101301757043286
1778742460644511887,2.226410710580531,-2.2134995930174144,3.1084169554943992
1778742460677389041,2.233218726802085,-2.2137011770620565,3.1155660358428987
1778742460693984311,2.2400420066474727,-2.213854399617592,3.122715116191398
1778742460694647285,2.2468592101040556,-2.213958615890577,3.129898078437284
1778742460727255927,2.253676984394125,-2.214014093180247,3.1370132768883976
1778742460727922417,2.2604809810739854,-2.2140208148206693,-3.138989068045303
1778742460744262421,2.2672988516680808,-2.213978808128672,-3.13187386959419
1778742460760985044,2.2741092498826347,-2.213888269964343,-3.1247247892456906
1778742460794106633,2.2808978146821537,-2.2137486706708924,-3.1173385356154872
1778742460794791108,2.2877201785264085,-2.2135589957473933,-3.11025721906176
1778742460827224195,2.294534020346054,-2.2133209124492583,-3.1030742568158742
1778742460844052039,2.3013529749188972,-2.2130337129828583,-3.0959251764673748
1778742460860823124,2.308169713420148,-2.2126980029806798,-3.088843859913648
1778742460861738248,2.3149838907467255,-2.212313799438322,-3.081694779565148
1778742460878048585,2.3217741968593466,-2.2118823380879116,-3.074579581114035
1778742460894283549,2.3285961168303198,-2.211399296775352,-3.067227209381218
1778742460927357879,2.335211874972486,-2.210881377665492,-3.0597054281614695
1778742460928078942,2.3419889412743387,-2.210300171174218,-3.0523769819133673
1778742460960780121,2.3487775786428817,-2.2096680899465104,-3.045126255872709
1778742460961453514,2.355554454991799,-2.2089871582674956,-3.037773884139892
1778742460993984648,2.3623401105493094,-2.208255377115218,-3.03055703999662
1778742461010639933,2.3691064001968627,-2.207476245928952,-3.0233401958533483
1778742461011425880,2.3758668908218628,-2.206648304198343,-3.016123351710076
1778742461044232670,2.3826074060574123,-2.2057738538799563,-3.009042035156349
1778742461045209221,2.3893692070378076,-2.2048472080460355,-3.0017574272183047
1778742461077524394,2.396117199881979,-2.2038726740163517,-2.994574464972419
1778742461078268041,2.402858018664785,-2.202849694966045,-2.987391502726533
1778742461094593898,2.409591315595536,-2.201778323675439,-2.980208540480647
1778742461127445603,2.41631674327163,-2.200658615421639,-2.973025578234761
1778742461128175584,2.423033994266252,-2.199490855568224,-2.965910379783648
1778742461160745743,2.4297358168765606,-2.1982762384680816,-2.9586935356403763
1778742461177426696,2.4364287421237725,-2.1970135141770215,-2.9515444552918764
1778742461178058500,2.443119316065342,-2.19570151405035,-2.944361493045991
1778742461194523031,2.449807175823894,-2.1943402070129983,-2.937212412697491
1778742461210829652,2.4564645613083633,-2.192935345983865,-2.9300294504516056
1778742461244061722,2.4631253612802224,-2.1914797128793775,-2.9228464882057197
1778742461244776754,2.469775533753288,-2.189976273463079,-2.9156635259598342
1778742461277445681,2.4764147356137416,-2.1884251053045123,-2.9084805637139484
1778742461294153075,2.4830357924413136,-2.186827817764317,-2.901263719570676
1778742461310808631,2.489651970230483,-2.1851812105063164,-2.8940807573247906
1778742461311437338,2.4962561499236546,-2.1834871223798316,-2.8868977950789048
1778742461327788153,2.502847990779995,-2.181745640790873,-2.8797148328330193
1778742461344212298,2.5094271526952894,-2.1799568555907043,-2.8725318705871334
1778742461377443836,2.515993296219489,-2.178120859071205,-2.8653489083412476
1778742461394124049,2.522539386735526,-2.176239790237842,-2.858199827992748
1778742461410624098,2.529078543224391,-2.1743098792517768,-2.851016865746862
1778742461411360641,2.5356036686617207,-2.1723330479420513,-2.8438339035009768
1778742461427804674,2.5421144949468166,-2.170309618900719,-2.8367187050498637
1778742461444347634,2.5486106893169973,-2.1682396955434826,-2.829535742803978
1778742461477254424,2.5550918480490243,-2.1661231640671583,-2.822352780558092
1778742461494138986,2.5615643118165323,-2.1639580225525465,-2.815203700209593
1778742461510735228,2.568007886785819,-2.1617512007166972,-2.808054619861093
1778742461511758879,2.574442088270452,-2.1594959456856317,-2.8008716576152075
1778742461544000281,2.5808467461887417,-2.1571992582994843,-2.793688695369321
1778742461544724741,2.587261109751237,-2.154847203009289,-2.786573496918208
1778742461560802255,2.5936518992297604,-2.1524516999637484,-2.7793566527749363
1778742461594069152,2.600031646993185,-2.1500073099631387,-2.7720381629395052
1778742461594809903,2.606393419219746,-2.147516511268473,-2.7647874368988465
1778742461610883680,2.612723965209772,-2.1449848494687513,-2.7575367108581887
1778742461643974080,2.6190488620874275,-2.14240184666445,-2.7502182210227577
1778742461660668198,2.625290517982732,-2.1398006208602163,-2.7432385501611893
1778742461677375612,2.6315200844068634,-2.137152628570323,-2.73608946981269
1778742461678070316,2.6377564339461297,-2.1344494538767282,-2.729075917053735
1778742461711115921,2.6439798413896467,-2.131699251012942,-2.7218929548078497
1778742461711720292,2.6501832391543596,-2.128904206796341,-2.714642228767191
1778742461743939402,2.6563600871403312,-2.126067702264668,-2.7075609122134643
1778742461760605137,2.6625481514016234,-2.1231721738676193,-2.7003101861728056
1778742461777333571,2.6686647076829586,-2.120256369474787,-2.6931949877216925
1778742461777933144,2.6746316997226773,-2.1173573686480522,-2.685479871530298
1778742461794417813,2.6806089878003427,-2.1143952295161745,-2.6775176256445286
1778742461810910288,2.686720300781348,-2.1113098495317644,-2.670605718577733
1778742461843978896,2.6928034388234643,-2.108184573134298,-2.663388874434461
1778742461844624587,2.6988515649747145,-2.1050221697668317,-2.6562397940859612
1778742461877809006,2.7048398493254724,-2.101836335569252,-2.6490907137374617
1778742461878508018,2.7108787471672144,-2.098567176371996,-2.6417383420046447
1778742461894255703,2.7168629575060868,-2.095270898073652,-2.6344876159639865
1778742461910923632,2.7227928581782157,-2.0919489277217846,-2.6274062994102594
1778742461927858690,2.7287292131432626,-2.0885672249363574,-2.620155573369601
1778742461944180650,2.7346047808139025,-2.0851640198958505,-2.6130403749184876
1778742461977970763,2.740498151887898,-2.081694135404373,-2.605891294569988
1778742461993997209,2.746342421319874,-2.078196388157005,-2.5986744504267163
1778742462010604623,2.752161535940974,-2.0746569494972027,-2.591593133872989
1778742462027565961,2.7579553196673263,-2.071076196624935,-2.5844440535244892
1778742462028197985,2.763729345983216,-2.0674504906104585,-2.577328855073376
1778742462044203472,2.769477304503547,-2.063783598622882,-2.5701458928274903
1778742462060909573,2.7751989014551475,-2.0600757080738723,-2.563030694376377
1778742462077543257,2.780893844412163,-2.056327008470498,-2.5558477321304913
1778742462094152634,2.7865618423110012,-2.052537691405542,-2.5487325336793782
1778742462127327185,2.7922027352208576,-2.0487081416696684,-2.541617335228265
1778742462128091771,2.797822066537246,-2.044834675449775,-2.534536018674538
1778742462160829299,2.803413695363661,-2.0409213249584943,-2.5273869383260386
1778742462161547007,2.808965792352844,-2.0369762089877397,-2.520237857977539
1778742462177701808,2.8145008978122665,-2.0329833112238256,-2.5130887776290396
1778742462210656890,2.819996021302827,-2.0289592164407106,-2.50593969728054
1778742462211310275,2.82547347183197,-2.024887587687891,-2.49879061693204
1778742462243914378,2.8309104984342905,-2.020785336753872,-2.4916415365835407
1778742462244573374,2.8363236868643162,-2.0166401570206114,-2.484526338132427
1778742462261173494,2.8417072447431893,-2.0124565666289955,-2.477411139681314
1778742462293873069,2.8470607564784913,-2.008234595987224,-2.470228177435428
1778742462310437911,2.8523894859904524,-2.003970177294324,-2.463146860881701
1778742462327093256,2.8576768704767996,-1.9996767769759822,-2.4559977805332016
1778742462343796132,2.8629067790981577,-1.9953683861148552,-2.4490181096716332
1778742462360663050,2.868143719931138,-1.9909917349165231,-2.4418690293231333
1778742462361223307,2.873333295738771,-1.986591425957276,-2.4347538308720202
1778742462394097425,2.8784966628525552,-1.9821496514190657,-2.4276047505235208
1778742462394832486,2.883633341611626,-1.9776663875046718,-2.420421788277635
1778742462427177225,2.8887378381641717,-1.9731465159417787,-2.413306589826522
1778742462443896642,2.8938100459952256,-1.9685904395905096,-2.4061913913754083
1778742462460669591,2.8988495527297533,-1.96399821835535,-2.3990084291295224
1778742462461250498,2.9038611625098785,-1.9593652503636891,-2.391859348781023
1778742462493968729,2.9088293110205967,-1.954706149444472,-2.3847102684325234
1778742462510716951,2.913764024569339,-1.9500116501962177,-2.377561188084024
1778742462511172890,2.918680081652787,-1.9452673265613585,-2.370378225838138
1778742462527769192,2.9235470089369073,-1.9405025873438266,-2.3632291454896386
1778742462544082355,2.9283847968694143,-1.9356983254941678,-2.3561139470385255
1778742462561310020,2.933183265762127,-1.930864650154877,-2.348964866690026
1778742462577622371,2.9379520345249377,-1.9259918718419593,-2.341849668238913
1778742462610531356,2.942700342983005,-1.9210699324084588,-2.334632824095641
1778742462611173920,2.947389139778341,-1.9161394556960054,-2.327517625644528
1778742462644143480,2.9520474403364134,-1.9111705567323853,-2.3203685452960285
1778742462660670611,2.956679600966253,-1.9061582007095788,-2.313219464947529
1778742462677278265,2.961266381671865,-1.901123206791149,-2.306070384599029
1778742462677950425,2.9658264037863438,-1.896045133995741,-2.2989213042505297
1778742462694275932,2.970340726945952,-1.8909450744460274,-2.29177222390203
1778742462710984969,2.974822815213497,-1.8858073698260693,-2.284521497861372
1778742462727374808,2.9792678842340123,-1.880637603351377,-2.277406299410259
1778742462760729451,2.983676057132818,-1.8754363404572103,-2.2702911009591453
1778742462761409768,2.9880471107424786,-1.8702038444618487,-2.2631759025080322
1778742462777753960,2.992380823774753,-1.8649403802647733,-2.2560607040569187
1778742462794019862,2.9966679761517585,-1.8596569400506386,-2.248877741811033
1778742462810688182,3.000921348880368,-1.854337302710413,-2.241660897667761
1778742462843727054,3.0051364014575825,-1.8489872510497918,-2.2345118173192615
1778742462844399345,3.009321683892309,-1.8435961439332922,-2.227362736970762
1778742462877616887,3.0134598123277,-1.8381863736930502,-2.2202136566222626
1778742462894081659,3.017563281323463,-1.8327414984694284,-2.2130306943763767
1778742462910635691,3.0216318000411304,-1.8272617374852256,-2.205881614027877
1778742462927261580,3.0256489213122193,-1.821770184636225,-2.1988341793715365
1778742462927989046,3.0296348653995,-1.816238695349146,-2.1915834533308782
1778742462944236333,3.03357249562886,-1.8106898680697265,-2.18433272729022
1778742462960639227,3.0374740829773312,-1.8051070966108318,-2.1771836469417205
1778742462994130350,3.041331595598188,-1.7995022761516262,-2.1700006846958346
1778742463010768322,3.04513725386296,-1.7938874694611182,-2.1629193681421075
1778742463027085723,3.0489257974686184,-1.7882105369841528,-2.155634760204063
1778742463043769452,3.052669526203152,-1.7825123250573964,-2.1485195617529493
1778742463044247563,3.0563798317553306,-1.776775613742586,-2.141268835712291
1778742463077302135,3.0600411220443546,-1.7710240854744213,-2.134085873466405
1778742463093903427,3.063653767556252,-1.7652583931131025,-2.1269706750152917
1778742463110658762,3.0672360259233105,-1.7594490859262135,-2.11975383087202
1778742463127633947,3.0707762665030587,-1.7536140776453708,-2.112536986728748
1778742463128314063,3.074267327599463,-1.74776581179803,-2.1053879063802485
1778742463160683158,3.077730469802561,-1.7418684762063308,-2.0981710622369767
1778742463177127330,3.081133756397598,-1.7359767823622785,-2.0910558637858636
1778742463194096734,3.0844985950567536,-1.7300549936293153,-2.0839745472321365
1778742463210657338,3.087821214195523,-1.724109413501297,-2.076825466883637
1778742463211212356,3.0911047156327207,-1.718134152644069,-2.069710268432524
1778742463227396753,3.0943387614900253,-1.7121478880831889,-2.062527306186638
1778742463244250867,3.0975362909437965,-1.7061261832255703,-2.055344343940752
1778742463260954704,3.1006967561646785,-1.7000691473508545,-2.048093617900094
1778742463293856385,3.1037975626957794,-1.6940206592871576,-2.0409445375515944
1778742463310572976,3.106861552933853,-1.6879377582670034,-2.0338632209978673
1778742463327289507,3.109888186574535,-1.6818205600680656,-2.0266463768545955
1778742463343966844,3.1128676399259763,-1.675688025377859,-2.0194634146087096
1778742463344670285,3.115800057489537,-1.6695406154978427,-2.01231433426021
1778742463361094279,3.1186915253114553,-1.663366108405385,-2.005199135809097
1778742463377847440,3.1215387775718626,-1.6571710879400754,-1.9980161735632112
1778742463394266625,3.1243386858545095,-1.6509622044165453,-1.9908670932147117
1778742463410809485,3.1270970726973752,-1.6447271081041293,-1.9837518947635984
1778742463443756132,3.1298137064765297,-1.6384660757683274,-1.9766028144150989
1778742463444220376,3.1324798176142035,-1.6321985744798095,-1.9693859702718266
1778742463460719083,3.135103641498323,-1.625905667979223,-1.9622707718207135
1778742463477360942,3.1376851648595383,-1.6195877282726812,-1.9551216914722143
1778742463494429013,3.140200005810644,-1.6133032286115592,-1.9477693197393973
1778742463510721747,3.1426953958371078,-1.6069357369848802,-1.940823530775215
1778742463527397781,3.1451225263066167,-1.600609346727871,-1.9334372771450115
1778742463560720304,3.1475135621084593,-1.5942393103233985,-1.9263220786938982
1778742463577318019,3.1498640401390747,-1.5878392808681854,-1.919206880242785
1778742463577973758,3.152166229391151,-1.581429160303982,-1.9119900360995128
1778742463610579915,3.1544386564874056,-1.5749564734513521,-1.9048748376483997
1778742463627494284,3.1566372766734023,-1.5685470861734816,-1.8976241116077415
1778742463627862886,3.1587984782907537,-1.562095448895305,-1.8904411493618556
1778742463644025873,3.160919919755228,-1.5556085304348333,-1.883292069013356
1778742463677203659,3.162988437438125,-1.54912658237923,-1.8761091067674704
1778742463693764374,3.1650166934174946,-1.5426099265894746,-1.868960026418971
1778742463710560878,3.1669942450124102,-1.5360923341897117,-1.8618109460704715
1778742463710895024,3.1689324229837466,-1.529533722511054,-1.8544585743376545
1778742463743834898,3.1708111639281076,-1.5230015298115096,-1.8472417301943824
1778742463744162271,3.1726504822371075,-1.5164290467831423,-1.840092649845883
1778742463761203732,3.1744408170437572,-1.5098503063808997,-1.832909687599997
1778742463793881235,3.176182173214281,-1.5032656727777765,-1.8257606072514978
1778742463810447480,3.1778796697387017,-1.496655140987551,-1.8185437631082255
1778742463810793700,3.179526255126503,-1.4900461715095856,-1.811394682759726
1778742463827443344,3.181127082185787,-1.4834187680416908,-1.8042117205138404
1778742463844173261,3.1826802639684137,-1.4767800369618747,-1.7970287582679545
1778742463877206733,3.1841857203383968,-1.4701303207936403,-1.7898457960220686
1778742463894028184,3.1856419897749144,-1.4634768254469623,-1.7826967156735694
1778742463894671069,3.187044865006818,-1.4568404838279894,-1.7755476353250697
1778742463927391825,3.1884122816728557,-1.450132437341758,-1.7682291454896393
1778742463943919927,3.189727092845888,-1.4434352814842861,-1.7610800651411396
1778742463960515659,3.1909925794417515,-1.4367357540624683,-1.7538971028952541
1778742463977116329,3.192208775055808,-1.4300342177290333,-1.7467480225467544
1778742463993849532,3.193379431523513,-1.4233103655270125,-1.7395989421982547
1778742463994204439,3.194500723853798,-1.4165852017736125,-1.732415979952369
1778742464011105412,3.1955758842733357,-1.4098383318273144,-1.7252330177064834
1778742464027465694,3.1965995131858396,-1.4031046920352341,-1.7180839373579837
1778742464060715749,3.1975749770181,-1.3963639063753905,-1.7109348570094842
1778742464077110787,3.1985043609641326,-1.3896024811941985,-1.7038535404557578
1778742464077444744,3.1993845945239316,-1.382841540957796,-1.6966705782098717
1778742464110416768,3.2002155028905124,-1.3760814143105842,-1.6895214978613722
1778742464110871344,3.2009996702952197,-1.3693016129505593,-1.682372417512873
1778742464144053439,3.201733839645104,-1.3625302972463782,-1.6752233371643732
1778742464144689852,3.202420401653454,-1.355746953188416,-1.6681081387132597
1778742464160717611,3.2030586818510236,-1.3489588958529637,-1.660992940262147
1778742464177517451,3.203648417783693,-1.3421664489058232,-1.6538099780162612
1778742464194014845,3.2041871449170363,-1.3354048764499664,-1.6467964252573066
1778742464227119592,3.2046814084217905,-1.3285907787409614,-1.6396134630114207
1778742464227488926,3.2051260321936335,-1.3217872918627855,-1.6324982645603077
1778742464260911880,3.205521714988962,-1.3149877951074749,-1.6253491842118077
1778742464261528925,3.2058694913255836,-1.3081716615539354,-1.6182001038633083
1778742464293932557,3.206168108004629,-1.301360204141678,-1.6110171416174228
1778742464294564571,3.206418021811124,-1.2945467859768123,-1.6039019431663095
1778742464327329601,3.2066185317083926,-1.287766750226088,-1.5968206266125828
1778742464328045766,3.2067715484487778,-1.2809364640038892,-1.589569900571924
1778742464360650480,3.2068752869601367,-1.2741192532603915,-1.582454702120811
1778742464361184638,3.2069305174475233,-1.267301476966521,-1.5753395036696978
1778742464377560410,3.2069371283919708,-1.2604764801683228,-1.5681904233211983
1778742464411119363,3.2068943971793096,-1.2536376136654976,-1.5609058153831534
1778742464411664592,3.2068034435043367,-1.2468832260227125,-1.5537567350346544
1778742464427396417,3.206662502013312,-1.240052679961371,-1.5465737727887683
1778742464460726053,3.206472811276057,-1.2332303165567875,-1.5394246924402686
1778742464461284347,3.20623471218392,-1.2264164752890205,-1.5323094939891555
1778742464494226173,3.2059468554181825,-1.219590542203909,-1.524991004153725
1778742464494949622,3.2056095136820555,-1.2127668757002568,-1.5178080419078388
1778742464527717808,3.205224980483135,-1.2059737504828825,-1.5106928434567255
1778742464528388576,3.204790440849041,-1.1991625978413392,-1.5034759993134539
1778742464560725200,3.204308210480478,-1.1923686906538928,-1.4963946827597265
1778742464561383975,3.203777652728552,-1.1855783865758804,-1.489245602411227
1778742464577574344,3.203197854276334,-1.1787850841569676,-1.482062640165341
1778742464594243545,3.2025692751661903,-1.1719961216219192,-1.4748796779194553
1778742464627042630,3.2018881242246198,-1.1651770569943622,-1.467595069981411
1778742464644247452,3.2011643790480715,-1.1584257391289805,-1.4604121077355252
1778742464660980054,3.2003914767948913,-1.1516728263421137,-1.453263027387026
1778742464677078809,3.1995659742751164,-1.1448908819609023,-1.4460800651411403
1778742464693726840,3.1986937995116738,-1.138128897401469,-1.438964866690027
1778742464694128435,3.197773534369415,-1.1313732896517588,-1.4318496682389135
1778742464727232611,3.1968047681094314,-1.1246244663518408,-1.4245989421982554
1778742464743949523,3.1957861633615403,-1.1178759058114311,-1.4173820980549834
1778742464760653070,3.1947191106522292,-1.1111348359026145,-1.410233017706484
1778742464777596213,3.193604923033072,-1.1044084914311116,-1.4030500554605982
1778742464778280938,3.192436596367348,-1.0976558162721721,-1.3959009751120983
1778742464794229877,3.191230192532417,-1.0909667357085173,-1.3888196585583714
1778742464827202662,3.1899694271503196,-1.0842520730474967,-1.3815689325177132
1778742464843831637,3.1886643737456772,-1.0775672726308028,-1.3744198521692135
1778742464861120720,3.187311563922902,-1.0708919728934574,-1.3672707718207142
1778742464877458019,3.1859095144280833,-1.0642196883361204,-1.3600878095748283
1778742464894080551,3.184456823644571,-1.057543917707384,-1.352972611123715
1778742464894802557,3.18297774400808,-1.0509743606881539,-1.3457218850830568
1778742464910885982,3.181431800864077,-1.0443339402349363,-1.3384033952476257
1778742464927721330,3.179839724073999,-1.0377116285166244,-1.3313220786938986
1778742464944211490,3.1782019179268914,-1.031107689765811,-1.3240713526532406
1778742464977524654,3.176519963195307,-1.0245293063564238,-1.316888390407355
1778742464993918230,3.1747819985780756,-1.017929298478455,-1.309739310058855
1778742464994554392,3.1730018311541306,-1.0113623037363582,-1.3024208202234246
1778742465027502992,3.171162813142717,-1.0047679327463626,-1.2952378579775388
1778742465043990267,3.1693075555158416,-0.9982945429745412,-1.2881226595264255
1778742465060428658,3.1673779504008706,-0.9917407007350395,-1.2808041696909949
1778742465060902702,3.1654025699787094,-0.9852078225647579,-1.2735195617529502
1778742465094047345,3.163396689313144,-0.9787428551436868,-1.2663704814044505
1778742465094883348,3.161316279532336,-0.9722059219832576,-1.2589842277742471
1778742465127146351,3.1592228314395623,-0.9657908632085571,-1.251733501733589
1778742465144251253,3.1570626182844292,-0.9593315133864473,-1.244381130000772
1778742465160789525,3.1548508721153996,-0.952874826629001,-1.2371642858575003
1778742465161399367,3.1526166128848887,-0.9465000238327667,-1.2302184968933183
1778742465193953054,3.1503057976400384,-0.9400558133377434,-1.2227644794683425
1778742465210616414,3.1479600459154686,-0.9336615057249773,-1.215615399119843
1778742465227266229,3.145573772269732,-0.9272971591687578,-1.2085340825661157
1778742465227938970,3.1431185450532984,-0.9208915788425356,-1.2010123013463678
1778742465260852583,3.14066777888052,-0.9146344113390747,-1.1939648666900269
1778742465277419901,3.1381301073470516,-0.9082911907699772,-1.186510849265051
1778742465294157562,3.1378203387932087,-0.9075254757818451,-1.1862397940859608
1778742465294872775,3.1375026016577583,-0.9067403311373651,-1.1862736759833472
1778742465310908700,3.1371848911246807,-0.9059551757277986,-1.1863075578807334
1778742465344036431,3.1368698194898825,-0.9051765038681904,-1.1863075578807334
1778742465360605652,3.1365547478550844,-0.9043978320085821,-1.1863075578807332
1778742465377513968,3.136237063924744,-0.9036126658348308,-1.1863414397781196
1778742465378110215,3.1359272434838594,-0.9028469718395494,-1.186273675983347
1778742465394462943,3.135659208355177,-0.9021851915362824,-1.1856638018303944
1778742465427276906,3.1355250506630328,-0.9018543581739404,-1.1854266285486905
1778742465443907334,3.13546716662919,-0.9017116506456666,-1.1854943923434629
1778742465444557493,3.1354487512897915,-0.9016662427688735,-1.1855282742408495
1778742465477290752,3.135440858342123,-0.9016467825176648,-1.1854266285486907
1778742465477880546,3.1354355957176674,-0.9016338092843038,-1.1854266285486907
1778742465511154566,3.1354303330932116,-0.9016208360509428,-1.1854266285486912
1778742465511741835,3.1354303330932116,-0.9016208360509428,-1.1854266285486912
1778742465544477469,3.135425070468756,-0.9016078628175818,-1.1854266285486912
1778742465560707193,3.135425070468756,-0.9016078628175818,-1.1854266285486912
1778742465577311901,3.1354224390466388,-0.9016013762454791,-1.1853927466513046
1778742465593966294,3.1354198076245217,-0.9015948896733764,-1.1854266285486912
1778742465610595760,3.135417176202405,-0.9015884031012737,-1.1853927466513048
1778742465611268612,3.135417176202405,-0.9015884031012737,-1.1853927466513048
1778742465627999611,3.1354119131383946,-0.9015754300462279,-1.1853927466513048
1778742465644170623,3.1354119131383946,-0.9015754300462279,-1.1853927466513048
1778742465677249130,3.1354092814965018,-0.9015689435632864,-1.1853588647539182
1778742465677943934,3.135406649854609,-0.9015624570803451,-1.1853927466513048
1778742465710922040,3.135404018212716,-0.9015559705974038,-1.1853588647539184
1778742465711501094,3.135404018212716,-0.9015559705974038,-1.1853588647539184
1778742465743969869,3.135404018212716,-0.9015559705974038,-1.1853588647539184
1778742465760971243,3.135398754709157,-0.901542997720688,-1.1853588647539184
1778742465761712556,3.135398754709157,-0.901542997720688,-1.1853588647539184
1778742465777716880,3.1353961228474914,-0.9015365113269155,-1.1853249828565322
1778742465794037287,3.135393490985826,-0.9015300249331428,-1.1853588647539188
1778742465827276831,3.1353908591241604,-0.9015235385393702,-1.1853249828565322
1778742465827977637,3.1353908591241604,-0.9015235385393702,-1.1853249828565322
1778742465844153237,3.135388227262495,-0.9015170521455976,-1.1853588647539184
1778742465860805436,3.1353855954008294,-0.9015105657518251,-1.1853249828565322
1778742465894302341,3.1353855954008294,-0.9015105657518251,-1.1853249828565322
1778742465895034947,3.1353803314577275,-0.9014975930534542,-1.1853249828565326
1778742465927540392,3.1353803314577275,-0.9014975930534542,-1.1853249828565326
1778742465928265774,3.135377699376292,-0.9014911067488578,-1.1852911009591465
1778742465944045821,3.135377699376292,-0.9014911067488578,-1.1852911009591465
1778742465960916206,3.1353750672948566,-0.9014846204442614,-1.1853249828565326
1778742465977484144,3.135372435213421,-0.9014781341396649,-1.1852911009591462
1778742466010788352,3.135372435213421,-0.9014781341396649,-1.1852911009591462
1778742466011349321,3.135369802912219,-0.9014716479242522,-1.18525721906176
1778742466027476860,3.1353671706110164,-0.9014651617088394,-1.1852911009591465
1778742466044077831,3.1353671706110164,-0.9014651617088394,-1.1852911009591465
1778742466077329769,3.135364538309814,-0.9014586754934266,-1.1852572190617603
1778742466078346125,3.135364538309814,-0.9014586754934266,-1.1852572190617603
1778742466094218599,3.1353619060086118,-0.9014521892780138,-1.1852911009591465
1778742466127867413,3.1353592737074094,-0.9014457030626011,-1.1852572190617603
1778742466144083150,3.1353592737074094,-0.9014457030626011,-1.1852572190617603
1778742466144520624,3.1353540088852405,-0.9014327307209646,-1.18525721906176
1778742466177305031,3.1353540088852405,-0.9014327307209646,-1.18525721906176
1778742466193949234,3.1353540088852405,-0.9014327307209646,-1.18525721906176
1778742466194638197,3.1353513763642744,-0.901426244594743,-1.185223337164374
1778742466227258411,3.1353487438433083,-0.9014197584685213,-1.18525721906176
1778742466227963775,3.1353487438433083,-0.9014197584685213,-1.18525721906176
1778742466261227886,3.135346111322342,-0.9014132723422996,-1.185223337164374
1778742466277361427,3.135346111322342,-0.9014132723422996,-1.185223337164374
1778742466277777389,3.135346111322342,-0.9014132723422996,-1.185223337164374
1778742466310513534,3.135340846060649,-0.9014003001790529,-1.1852233371643741
1778742466327335226,3.135340846060649,-0.9014003001790529,-1.1852233371643741
1778742466343895500,3.135340846060649,-0.9014003001790529,-1.1852233371643741
1778742466360524174,3.135338213319922,-0.9013938141420297,-1.1851894552669877
1778742466377553782,3.1353355805791954,-0.9013873281050065,-1.1852233371643741
1778742466393910718,3.1353355805791954,-0.9013873281050065,-1.1852233371643741
1778742466410839264,3.1353329478384686,-0.9013808420679834,-1.1851894552669882
1778742466411559756,3.1353329478384686,-0.9013808420679834,-1.1851894552669882
1778742466444051716,3.135330315097742,-0.9013743560309603,-1.1852233371643741
1778742466460586632,3.135327682357015,-0.9013678699939371,-1.1851894552669882
1778742466461281686,3.135327682357015,-0.9013678699939371,-1.1851894552669882
1778742466494103905,3.135325049396531,-0.9013613840461199,-1.1851555733696015
1778742466494811533,3.1353224164360465,-0.9013548980983027,-1.1851894552669882
1778742466510775491,3.1353224164360465,-0.9013548980983027,-1.1851894552669882
1778742466527664621,3.135319783475562,-0.9013484121504856,-1.1851555733696018
1778742466560853729,3.135319783475562,-0.9013484121504856,-1.1851555733696018
1778742466577287061,3.135314517334838,-0.9013354403440628,-1.1851555733696018
1778742466593944650,3.135314517334838,-0.9013354403440628,-1.1851555733696018
1778742466610558977,3.135314517334838,-0.9013354403440628,-1.1851555733696018
1778742466627259949,3.1353092511941134,-0.90132246853764,-1.1851555733696022
1778742466627922822,3.1353092511941134,-0.90132246853764,-1.1851555733696022
1778742466660929953,3.1353092511941134,-0.90132246853764,-1.1851555733696022
1778742466661518645,3.1353066180138742,-0.9013159826790361,-1.1851216914722156
1778742466677789087,3.1353066180138742,-0.9013159826790361,-1.1851216914722156
1778742466710709022,3.1353013514336436,-0.9013030110510476,-1.1851216914722156
1778742466727271099,3.1353013514336436,-0.9013030110510476,-1.1851216914722156
1778742466727946035,3.1353013514336436,-0.9013030110510476,-1.1851216914722156
1778742466760761271,3.1352987180336527,-0.9012965252816647,-1.1850878095748294
1778742466761438160,3.1352960846336617,-0.9012900395122818,-1.1851216914722158
1778742466794381881,3.1352960846336617,-0.9012900395122818,-1.1851216914722158
1778742466794996091,3.1352934512336708,-0.9012835537428989,-1.1850878095748296
1778742466811054148,3.1352934512336708,-0.9012835537428989,-1.1850878095748296
1778742466827568504,3.13529081783368,-0.901277067973516,-1.1851216914722158
1778742466860608408,3.135288184433689,-0.901270582204133,-1.1850878095748294
1778742466877204230,3.135288184433689,-0.901270582204133,-1.1850878095748294
1778742466877846413,3.135288184433689,-0.901270582204133,-1.1850878095748294
1778742466894236703,3.135285550813949,-0.9012640965239784,-1.1850539276774432
1778742466927230259,3.135285550813949,-0.9012640965239784,-1.1850539276774432
1778742466927832516,3.1352829171942096,-0.9012576108438238,-1.1850878095748296
1778742466944235921,3.1352829171942096,-0.9012576108438238,-1.1850878095748296
1778742466977462180,3.13528028357447,-0.9012511251636692,-1.1850539276774434
1778742466993894690,3.13528028357447,-0.9012511251636692,-1.1850539276774434
1778742466994525793,3.1352776499547304,-0.9012446394835146,-1.1850878095748296
1778742467027256638,3.1352750163349907,-0.90123815380336,-1.1850539276774434
1778742467043984781,3.1352750163349907,-0.90123815380336,-1.1850539276774434
1778742467060628023,3.1352750163349907,-0.90123815380336,-1.1850539276774434
1778742467061270838,3.1352697488757655,-0.9012251825322847,-1.1850539276774432
1778742467094060775,3.1352697488757655,-0.9012251825322847,-1.1850539276774432
1778742467094888803,3.1352697488757655,-0.9012251825322847,-1.1850539276774432
1778742467110905010,3.1352671150362803,-0.9012186969413658,-1.185020045780057
1778742467127607846,3.1352671150362803,-0.9012186969413658,-1.185020045780057
1778742467144237622,3.135264481196795,-0.9012122113504469,-1.1850539276774432
1778742467161008487,3.13526184735731,-0.9012057257595281,-1.185020045780057
1778742467194399099,3.13526184735731,-0.9012057257595281,-1.185020045780057
1778742467195109152,3.13526184735731,-0.9012057257595281,-1.185020045780057
1778742467210860675,3.13526184735731,-0.9012057257595281,-1.185020045780057
1778742467227527241,3.1352592135178248,-0.9011992401686092,-1.1850539276774434
1778742467260614866,3.1352565796783396,-0.9011927545776903,-1.1850200457800573
1778742467261243173,3.1352565796783396,-0.9011927545776903,-1.1850200457800573
1778742467293910657,3.1352565796783396,-0.9011927545776903,-1.1850200457800573
1778742467294664052,3.135253945619112,-0.9011862690760146,-1.1849861638826709
1778742467327308443,3.135253945619112,-0.9011862690760146,-1.1849861638826709
1778742467343952115,3.1352513115598843,-0.901179783574339,-1.185020045780057
1778742467360711799,3.1352486775006567,-0.9011732980726634,-1.1849861638826709
1778742467361408116,3.1352486775006567,-0.9011732980726634,-1.1849861638826709
1778742467393983555,3.1352486775006567,-0.9011732980726634,-1.1849861638826709
1778742467394637190,3.1352486775006567,-0.9011732980726634,-1.1849861638826709
1778742467411107713,3.135246043441429,-0.9011668125709877,-1.1850200457800573
1778742467443920835,3.1352434093822015,-0.9011603270693122,-1.184986163882671
1778742467460626024,3.1352434093822015,-0.9011603270693122,-1.184986163882671
1778742467477295817,3.135240775103234,-0.9011538416568872,-1.1849522819852847
1778742467493982932,3.135240775103234,-0.9011538416568872,-1.1849522819852847
1778742467494721730,3.135240775103234,-0.9011538416568872,-1.1849522819852847
1778742467510774887,3.1352381408242667,-0.9011473562444622,-1.1849861638826709
1778742467527585979,3.1352355065452993,-0.9011408708320372,-1.1849522819852847
1778742467560744308,3.1352355065452993,-0.9011408708320372,-1.1849522819852847
1778742467577421855,3.1352355065452993,-0.9011408708320372,-1.1849522819852847
1778742467593922856,3.135232872266332,-0.9011343854196122,-1.184986163882671
1778742467610618468,3.1352302379873644,-0.9011279000071872,-1.1849522819852851
1778742467611328621,3.1352302379873644,-0.9011279000071872,-1.1849522819852851
1778742467627792010,3.1352302379873644,-0.9011279000071872,-1.1849522819852851
1778742467660604090,3.1352276034886604,-0.9011214146840203,-1.1849184000878987
1778742467661326556,3.1352249689899563,-0.9011149293608534,-1.1849522819852851
1778742467677607017,3.1352249689899563,-0.9011149293608534,-1.1849522819852851
1778742467694269786,3.135222334491252,-0.9011084440376864,-1.1849184000878985
1778742467727282788,3.135222334491252,-0.9011084440376864,-1.1849184000878985
1778742467744005241,3.135222334491252,-0.9011084440376864,-1.1849184000878985
1778742467744633318,3.135219699992548,-0.9011019587145195,-1.1849522819852851
1778742467777288909,3.135217065493844,-0.9010954733913525,-1.1849184000878987
1778742467777976169,3.135217065493844,-0.9010954733913525,-1.1849184000878987
1778742467810903338,3.135217065493844,-0.9010954733913525,-1.1849184000878987
1778742467811604003,3.135217065493844,-0.9010954733913525,-1.1849184000878987
1778742467844056698,3.1352144307754064,-0.9010889881574512,-1.1848845181905125
1778742467860637140,3.1352117960569688,-0.9010825029235499,-1.1849184000878987
1778742467861329559,3.1352117960569688,-0.9010825029235499,-1.1849184000878987
1778742467894001592,3.1352117960569688,-0.9010825029235499,-1.1848506362931266
1778742467910676113,3.1352091611188007,-0.9010760177789214,-1.1848845181905125
1778742467911273632,3.1352091611188007,-0.9010760177789214,-1.1848845181905125
1778742467927737612,3.1352065261806326,-0.901069532634293,-1.1848506362931264
1778742467960644833,3.1352065261806326,-0.901069532634293,-1.1848506362931264
1778742467961348875,3.1352065261806326,-0.901069532634293,-1.1848506362931264
1778742467977645616,3.1352065261806326,-0.901069532634293,-1.1848506362931264
1778742468010643319,3.135203891022737,-0.9010630475789451,-1.18481675439574
1778742468027263126,3.1352012558648417,-0.9010565625235971,-1.1848506362931266
1778742468044189237,3.1352012558648417,-0.9010565625235971,-1.1848506362931266
1778742468044951700,3.1352012558648417,-0.9010565625235971,-1.1848506362931266
1778742468077350292,3.1352012558648417,-0.9010565625235971,-1.1848506362931266
1778742468078063250,3.135198620706946,-0.9010500774682492,-1.1848167543957402
1778742468094448009,3.135198620706946,-0.9010500774682492,-1.1848167543957402
1778742468110905748,3.135198620706946,-0.9010500774682492,-1.1848167543957402
1778742468127558458,3.1351959855490508,-0.9010435924129012,-1.1848506362931266
1778742468144171722,3.1351959855490508,-0.9010435924129012,-1.1848506362931266
1778742468177314973,3.1351933503911553,-0.9010371073575533,-1.1848167543957404
1778742468194154699,3.1351933503911553,-0.9010371073575533,-1.1848167543957404
1778742468210621014,3.1351933503911553,-0.9010371073575533,-1.1848167543957404
1778742468211229834,3.1351933503911553,-0.9010371073575533,-1.1848167543957404
1778742468227530633,3.1351933503911553,-0.9010371073575533,-1.1848167543957404
1778742468260664877,3.135190715013535,-0.9010306223914931,-1.1847828724983542
1778742468277261921,3.135190715013535,-0.9010306223914931,-1.1847828724983542
1778742468293936593,3.135188079635915,-0.9010241374254331,-1.1848167543957402
1778742468294590238,3.135188079635915,-0.9010241374254331,-1.1848167543957402
1778742468327334028,3.135185444258295,-0.901017652459373,-1.1847828724983542
1778742468328009645,3.135185444258295,-0.901017652459373,-1.1847828724983542
1778742468360707978,3.135185444258295,-0.901017652459373,-1.1847828724983542
1778742468377296476,3.135185444258295,-0.901017652459373,-1.1847828724983542
1778742468378002130,3.135182808880675,-0.9010111674933129,-1.1848167543957404
1778742468394245370,3.135182808880675,-0.9010111674933129,-1.1848167543957404
1778742468411032636,3.1351801735030547,-0.9010046825272529,-1.1847828724983542
1778742468427611836,3.1351801735030547,-0.9010046825272529,-1.1847828724983542
1778742468460826072,3.1351801735030547,-0.9010046825272529,-1.1847828724983542
1778742468461430313,3.1351801735030547,-0.9010046825272529,-1.1847828724983542
1778742468477535560,3.1351801735030547,-0.9010046825272529,-1.1847828724983542
1778742468510592285,3.135174902528093,-0.9009917126844261,-1.1847828724983542
1778742468527363972,3.135174902528093,-0.9009917126844261,-1.1847828724983542
1778742468528036644,3.135174902528093,-0.9009917126844261,-1.1847828724983542
1778742468560718125,3.135174902528093,-0.9009917126844261,-1.1847828724983542
1778742468561422607,3.135174902528093,-0.9009917126844261,-1.1847828724983542
1778742468593977877,3.1351722669307516,-0.9009852278076613,-1.184748990600968
1778742468610596863,3.1351722669307516,-0.9009852278076613,-1.184748990600968
1778742468627288677,3.1351696313334103,-0.9009787429308965,-1.1847828724983542
1778742468627954807,3.1351696313334103,-0.9009787429308965,-1.1847828724983542
1778742468644126349,3.1351696313334103,-0.9009787429308965,-1.1847828724983542
1778742468677637501,3.1351696313334103,-0.9009787429308965,-1.1847828724983542
1778742468678313189,3.135166995736069,-0.9009722580541317,-1.1847489906009683
1778742468710871896,3.135166995736069,-0.9009722580541317,-1.1847489906009683
1778742468727253439,3.135166995736069,-0.9009722580541317,-1.1847489906009683
1778742468743925545,3.135166995736069,-0.9009722580541317,-1.1847489906009683
1778742468744604219,3.1351643599190093,-0.9009657732666697,-1.184715108703582
1778742468777263427,3.1351617241019496,-0.9009592884792077,-1.1847489906009683
1778742468777942271,3.1351617241019496,-0.9009592884792077,-1.1847489906009683
1778742468810581121,3.1351617241019496,-0.9009592884792077,-1.1847489906009683
1778742468811278850,3.1351617241019496,-0.9009592884792077,-1.1847489906009683
1778742468843888494,3.1351617241019496,-0.9009592884792077,-1.1847489906009683
1778742468860634782,3.13515908828489,-0.9009528036917457,-1.1847151087035817
1778742468877251453,3.13515908828489,-0.9009528036917457,-1.1847151087035817
1778742468894095598,3.13515908828489,-0.9009528036917457,-1.1847151087035817
1778742468894841900,3.13515645246783,-0.9009463189042837,-1.1847489906009683
1778742468910763627,3.1351538166507704,-0.9009398341168217,-1.184715108703582
1778742468927705989,3.1351538166507704,-0.9009398341168217,-1.184715108703582
1778742468944266192,3.1351538166507704,-0.9009398341168217,-1.184715108703582
1778742468977254207,3.1351538166507704,-0.9009398341168217,-1.184715108703582
1778742468977932399,3.1351538166507704,-0.9009398341168217,-1.184715108703582
1778742468994158126,3.1351538166507704,-0.9009398341168217,-1.184715108703582
1778742469027243416,3.1351538166507704,-0.9009398341168217,-1.184715108703582
1778742469043935661,3.1351485447969347,-0.900926864631206,-1.184715108703582
1778742469060621084,3.1351485447969347,-0.900926864631206,-1.184715108703582
1778742469077342444,3.1351485447969347,-0.900926864631206,-1.184715108703582
1778742469094465350,3.1351485447969347,-0.900926864631206,-1.184715108703582
1778742469094859982,3.1351485447969347,-0.900926864631206,-1.184715108703582
1778742469127391657,3.1351485447969347,-0.900926864631206,-1.184715108703582
1778742469128094296,3.1351459087601596,-0.9009203799330542,-1.1846812268061957
1778742469160951662,3.1351432727233846,-0.9009138952349024,-1.1847151087035819
1778742469177280384,3.1351459087601596,-0.9009203799330542,-1.1846812268061957
1778742469193980655,3.1351432727233846,-0.9009138952349024,-1.1847151087035819
1778742469194673435,3.1351432727233846,-0.9009138952349024,-1.1847151087035819
1778742469210885745,3.1351406366866095,-0.9009074105367505,-1.1846812268061957
1778742469243912824,3.1351406366866095,-0.9009074105367505,-1.1846812268061957
1778742469260926653,3.1351406366866095,-0.9009074105367505,-1.1846812268061957
1778742469277273670,3.1351406366866095,-0.9009074105367505,-1.1846812268061957
1778742469277958785,3.1351406366866095,-0.9009074105367505,-1.1846812268061957
1778742469294185334,3.1351406366866095,-0.9009074105367505,-1.1846812268061957
1778742469327569984,3.135138000430122,-0.9009009259279164,-1.1846473449088095
1778742469328274807,3.135135364173635,-0.9008944413190823,-1.1846812268061957
1778742469360647760,3.135135364173635,-0.9008944413190823,-1.1846812268061957
1778742469361351581,3.135135364173635,-0.9008944413190823,-1.1846812268061957
1778742469377565775,3.135135364173635,-0.9008944413190823,-1.1846812268061957
1778742469410673549,3.135135364173635,-0.9008944413190823,-1.1846812268061957
1778742469427268839,3.135135364173635,-0.9008944413190823,-1.1846812268061957
1778742469443949532,3.135135364173635,-0.9008944413190823,-1.1846812268061957
1778742469460617722,3.1351327279171475,-0.9008879567102481,-1.1846473449088095
1778742469461281987,3.1351327279171475,-0.9008879567102481,-1.1846473449088095
1778742469493996361,3.13513009166066,-0.900881472101414,-1.184681226806196
1778742469510657818,3.13513009166066,-0.900881472101414,-1.184681226806196
1778742469511252871,3.13513009166066,-0.900881472101414,-1.184681226806196
1778742469527667548,3.13513009166066,-0.900881472101414,-1.184681226806196
1778742469560693385,3.13513009166066,-0.900881472101414,-1.184681226806196
1778742469561426091,3.135127455404173,-0.9008749874925799,-1.1846473449088097
1778742469594117341,3.135127455404173,-0.9008749874925799,-1.1846473449088097
1778742469610555131,3.135127455404173,-0.9008749874925799,-1.1846473449088097
1778742469611239164,3.135127455404173,-0.9008749874925799,-1.1846473449088097
1778742469627505357,3.135127455404173,-0.9008749874925799,-1.1846473449088097
1778742469644455123,3.135127455404173,-0.9008749874925799,-1.1846473449088097
1778742469660889607,3.1351248191476855,-0.9008685028837458,-1.184681226806196
1778742469677496881,3.1351248191476855,-0.9008685028837458,-1.184681226806196
1778742469710615995,3.135122182891198,-0.9008620182749115,-1.1846473449088095
1778742469711262287,3.135122182891198,-0.9008620182749115,-1.1846473449088095
1778742469727651696,3.135122182891198,-0.9008620182749115,-1.1846473449088095
1778742469744190769,3.135122182891198,-0.9008620182749115,-1.1846473449088095
1778742469777559339,3.135122182891198,-0.9008620182749115,-1.1846473449088095
1778742469793924681,3.135122182891198,-0.9008620182749115,-1.1846473449088095
1778742469810560719,3.135122182891198,-0.9008620182749115,-1.1846473449088095
1778742469827294594,3.1351195464150012,-0.9008555337554025,-1.1846134630114236
1778742469827997193,3.1351195464150012,-0.9008555337554025,-1.1846134630114236
1778742469844140672,3.1351195464150012,-0.9008555337554025,-1.1846134630114236
1778742469877282972,3.1351169099388043,-0.9008490492358935,-1.1846473449088097
1778742469894004172,3.1351169099388043,-0.9008490492358935,-1.1846473449088097
1778742469894670332,3.1351169099388043,-0.9008490492358935,-1.1846473449088097
1778742469927605325,3.1351169099388043,-0.9008490492358935,-1.1846473449088097
1778742469928113854,3.1351169099388043,-0.9008490492358935,-1.1846473449088097
1778742469960581658,3.1351169099388043,-0.9008490492358935,-1.1846473449088097
1778742469961200478,3.1351142734626074,-0.9008425647163845,-1.1846134630114233
1778742469977715624,3.1351142734626074,-0.9008425647163845,-1.1846134630114233
1778742470010603508,3.1351142734626074,-0.9008425647163845,-1.1846134630114233
1778742470027212144,3.1351142734626074,-0.9008425647163845,-1.1846134630114233
1778742470027879696,3.1351142734626074,-0.9008425647163845,-1.1846134630114233
1778742470060621773,3.1351142734626074,-0.9008425647163845,-1.1846134630114233
1778742470061241825,3.1351142734626074,-0.9008425647163845,-1.1846134630114233
1778742470094069313,3.1351142734626074,-0.9008425647163845,-1.1846134630114233
1778742470110582237,3.1351116369864105,-0.9008360801968754,-1.1846473449088097
