t_ns,x,y,yaw
1778693708513510105,-0.0,0.0,-0.0
1778693708550390651,-2.5253691546822665e-06,-1.5367631931439973e-05,5.184184484796321e-05
1778693708578810274,-0.00017950426263269037,6.961698090890422e-05,1.2672649888014731e-05
1778693708607358023,-0.00016828757361508906,-2.6052741304738447e-05,-1.2105587527525143e-05
1778693708633877298,-0.00020718964515253901,2.052100171567872e-05,2.474808368563772e-05
1778693708663820089,-0.00037405447801575065,1.1262957741564605e-05,1.096637836828352e-05
1778693708692981830,-6.838228728156537e-05,6.854582170490175e-05,9.018686434654384e-05
1778693708720542333,-0.00035772251430898905,5.260371835902333e-05,-5.995995015267561e-06
1778693708749729432,1.7545229638926685e-05,-3.809737245319411e-05,2.9830669415265987e-05
1778693708776012777,5.060187686467543e-05,3.0101698939688504e-05,9.120184089680795e-06
1778693708806296279,0.00010885798837989569,6.131306236056844e-07,1.1355260801614793e-05
1778693708834656589,-0.00023567758034914732,0.0001056426772265695,-1.8573520569094706e-06
1778693708862877083,3.251345333410427e-05,0.00010973436292260885,3.391227418944523e-05
1778693708891558356,0.00014010074664838612,0.00017821413348428905,-3.495045644550092e-05
1778693708919109291,4.162806817475939e-06,3.161619315505959e-05,1.9253810610898782e-05
1778693708945421491,6.597287574550137e-05,0.00011256118887104094,-9.327931780755723e-06
1778693708975439887,5.4542688303627074e-05,8.681503095431253e-05,2.345453027942501e-05
1778693709008944828,7.094067404977977e-05,4.961850572726689e-05,5.3147885054025434e-05
1778693709035494512,-0.00013578198559116572,0.00011968332546530291,-2.4588468907826293e-06
1778693709063591439,-0.00012973794946447015,0.0001361506583634764,5.4697783713682426e-05
1778693709090918547,-0.00023976515512913465,0.00012390172923915088,-2.597219446957439e-05
1778693709117243011,-0.0003570773988030851,0.00014662399189546704,-1.6977238780637576e-05
1778693709144511968,-0.0003499643935356289,4.856817758991383e-05,1.3108273768231604e-05
1778693709171646037,-0.00020742375636473298,0.00011157559492858127,-1.0810925987547798e-06
1778693709200230575,-0.00038307346403598785,3.666870907181874e-05,1.005227183897158e-05
1778693709231215967,-0.00039994806866161525,0.00021460272546391934,-6.341187779204224e-05
1778693709259641191,-0.00029320246540009975,0.00019684224389493465,-1.9666921500508432e-05
1778693709287668696,-0.000284513458609581,0.00013143529940862209,7.718392977368934e-06
1778693709315149777,-0.0002634755801409483,0.00018975831335410476,2.76194511850307e-05
1778693709344105264,-0.00023296258586924523,0.0001083954339264892,3.14498297792782e-05
1778693709373788379,-0.0001055361281032674,2.0432731616892852e-05,4.2180114733468256e-05
1778693709405529934,-6.196778849698603e-05,-3.363486939633731e-06,2.351280966200031e-05
1778693709433510960,-9.174127626465634e-05,-5.463587967824424e-06,3.556110956375071e-05
1778693709461963066,-0.00016533360758330673,2.7073188903159462e-05,6.079967367634026e-06
1778693709489813983,-0.00033760094083845615,3.513673073030077e-05,7.573138359772941e-06
1778693709520478102,-0.0003164259542245418,4.685943713411689e-05,-2.7461898081821885e-05
1778693709550811388,-0.00015035353135317564,0.00012379371037241071,-4.9035190705918844e-05
1778693709579626527,-0.00018478321726433933,8.381126099266112e-05,-3.2915136767444015e-05
1778693709607187912,-0.0004981987294740975,-1.2779057215084322e-05,2.6615557078207876e-05
1778693709635888602,-0.0003630703722592443,8.028179581742734e-05,-2.965618991263023e-06
1778693709663882843,-0.000304416666040197,-3.18583806802053e-06,2.279716227307697e-05
1778693709689387752,-0.00032587326131761074,8.402531420870218e-06,9.660001476688388e-06
1778693709716706724,-0.00036282470682635903,2.727410537772812e-05,-9.64080084818193e-05
1778693709746883121,-0.00029281890601851046,5.4386426199926063e-05,-0.0001375270953267208
1778693709774883034,-0.00020785855303984135,-3.814098454313353e-05,-8.151903180027558e-05
1778693709801714806,-0.00029839007765986025,2.1724130419897847e-05,-6.65571290339682e-05
1778693709831233137,-0.0005619156290777028,4.052826261613518e-05,-8.705625228678806e-05
1778693709859067032,-0.000466428289655596,0.00010827129881363362,-9.560166301089187e-05
1778693709888692517,-0.0003645526885520667,6.153426511446014e-05,-5.2406863707355744e-05
1778693709917011629,-0.00034604809479787946,-5.702291309717111e-05,-1.0821719179075476e-05
1778693709944701950,-0.00038602034328505397,-2.356086224608589e-05,-3.4088987836135614e-05
1778693709971395989,-0.00037033043918199837,7.679481495870277e-05,-0.00010292706191776002
1778693709999284779,-0.00040565873496234417,-1.9351591618033126e-05,-6.285568025209442e-05
1778693710027900337,-0.00042573915561661124,-4.644444925361313e-05,-0.00011169974531820517
1778693710056604213,-0.00038540284731425345,-7.476652172044851e-06,-0.00012615936244323489
1778693710085145769,-0.00047020273632369936,-0.00010970294533763081,-8.486269639496082e-05
1778693710113707193,-0.0003862614103127271,-7.747283234493807e-05,-6.389216164871284e-05
1778693710140668572,-0.0006073637050576508,2.853863225027453e-05,-6.526155501319439e-05
1778693710168919654,-0.00035448430571705103,-5.637744834530167e-05,-8.135165725250066e-05
1778693710195125210,-0.0003561828925739974,-1.112335485231597e-05,-3.949022966018798e-05
1778693710223130272,-0.0004866788221988827,0.00013133333413861692,-9.914053744860812e-05
1778693710251714059,-0.0005623273900710046,7.541143713751808e-05,-6.297267088264502e-05
1778693710282330876,-0.00044976957724429667,0.00010085687972605228,-6.278950882009807e-05
1778693710310799433,-0.00030283108935691416,4.1997212974820286e-05,1.2256379825560116e-05
1778693710336832861,-0.00048258036258630455,1.7069876776076853e-05,-2.4665782941166532e-05
1778693710365628733,-0.00029544593417085707,1.082771359506296e-05,6.664199308674589e-07
1778693710393873452,-0.00031242379918694496,-3.4525208320701495e-05,-1.7279919779885453e-05
1778693710423018360,-0.00037364495801739395,7.68231984693557e-06,-2.697605356178266e-05
1778693710452162396,-0.00022947858087718487,0.0003172203141730279,-5.0290882953303226e-05
1778693710479213767,-0.00017464988923165947,3.8719830627087504e-05,2.707003070182229e-05
1778693710506169897,-0.00029221115983091295,7.517750782426447e-05,1.6075530764686734e-06
1778693710534575323,-0.0005716666928492486,-3.666634438559413e-05,-1.1816342629570235e-05
1778693710563448432,-0.0001945982949109748,-3.318059680168517e-05,5.319246369443074e-05
1778693710594463169,-0.00048187229549512267,3.5751301766140386e-05,-4.3013992643751637e-05
1778693710622833058,-0.00036457704845815897,-4.18665113102179e-05,4.786863588717028e-07
1778693710654497415,-0.00046435496187768877,-3.7069254176458344e-05,-2.4491109237628365e-06
1778693710685252507,-0.00038807382225058973,7.856272532080766e-06,-4.4632779838312004e-05
1778693710715036785,-0.00035880645737051964,-3.176685640937649e-05,-1.6196514921036584e-05
1778693710743537984,-0.00042518286500126123,-0.00018343872216064483,3.698826055500262e-05
1778693710771610896,-0.0005558420089073479,-0.00011830531730083749,2.3753555936970332e-05
1778693710800085604,-0.0003952609549742192,-0.00010722677689045668,2.710490396176078e-05
1778693710828046151,-0.0004949393915012479,-5.383623647503555e-05,1.7500473410405473e-05
1778693710854298467,-0.0005188928917050362,-2.5609495423850603e-05,-3.310025575001663e-05
1778693710882102404,-0.0006196185131557286,-0.00011854313925141469,-2.6367953497650546e-05
1778693710908907105,-0.00029340109904296696,-8.895814244169742e-05,-1.848812223122562e-05
1778693710936511492,-0.0003486931382212788,-4.1368763049831614e-05,-4.268112613214544e-05
1778693710965127761,-0.00039340148214250803,-1.318325121246744e-05,-2.0804354906660578e-05
1778693710992212616,-0.0005514493095688522,5.1645896746777e-05,-7.371982967082148e-05
1778693711021938112,-0.00034396996488794684,9.817556929192506e-06,2.16353919399512e-05
1778693711054995428,-0.0003056129498872906,4.055214594700374e-05,1.0210441508835362e-05
1778693711083924875,-0.0003006834303960204,-8.258283196482807e-05,6.1013540225244354e-05
1778693711110870754,-0.00032675627153366804,-0.00012472383968997747,2.7610853528537963e-05
1778693711140896945,-0.0005225660861469805,-8.241874456871301e-05,8.312937706587155e-05
1778693711170792165,-0.0003054535773117095,0.00010403372289147228,-4.702818104014093e-05
1778693711202345630,-0.0004458248149603605,7.032188295852393e-05,3.651182576875067e-05
1778693711232685629,-0.0003887101192958653,5.5410524510079995e-05,-1.029773835979537e-05
1778693711258720179,-0.000396795105189085,4.946385888615623e-05,-4.8919453736760905e-06
1778693711287313715,-0.00026938223163597286,3.752435077331029e-05,-1.22656451458346e-05
1778693711317695523,-0.0002671141119208187,-3.388058394193649e-05,1.5112172365740833e-05
1778693711343092587,-0.00016564925317652524,0.00012345366121735424,-3.483632795345017e-05
1778693711373831427,-0.00017183632007800043,4.5885775762144476e-05,-1.8940597214377915e-05
1778693711402901201,-0.0005917075905017555,5.2796603995375335e-05,1.4643638583499644e-05
1778693711432267933,-0.0008576828404329717,4.0965214793686755e-06,2.2295051661605596e-06
1778693711460575051,-0.000847315532155335,-3.473243850748986e-05,-1.5776914758429624e-05
1778693711487382276,-0.0006175650632940233,-3.251605812693015e-05,-8.626632643580123e-06
1778693711516500723,-0.0006823602016083896,4.6559864131268114e-05,-2.846511795393129e-05
1778693711543468715,-0.0007226397283375263,6.454682443290949e-05,-2.0104856659972247e-05
1778693711573556533,-0.000745363358873874,9.59367971518077e-05,-7.194621597600088e-05
1778693711603352644,-0.0008315865998156369,7.940909563330933e-05,-6.610449330300068e-05
1778693711636932989,-0.0007721640286035836,9.764780406840146e-05,-7.19117764543185e-05
1778693711666111981,-0.0006526141660287976,0.00015102476754691452,-6.98317275443363e-05
1778693711692321445,-0.0005151816876605153,0.00010495822061784565,-2.8517277414503787e-06
1778693711721434833,-0.0003892181848641485,0.00022427371004596353,-1.5784490928124324e-05
1778693711749808388,-0.000700533390045166,4.895691745332442e-05,-2.9188507031280126e-05
1778693711776143762,-0.0008023619884625077,0.00011896427895408124,-0.00012461620368960473
1778693711805119858,-0.0007568997680209577,1.5419323062815238e-07,-6.512576656178559e-05
1778693711835176636,-0.0007759354775771499,6.856879281258443e-06,-5.55956449627248e-05
1778693711863766084,-0.0009607215179130435,0.00015489800716750324,-7.268063633358056e-05
1778693711890258267,-0.0008569430792704225,8.633888501208276e-05,2.6661106815623486e-05
1778693711918821344,-0.0009668534039519727,0.00011966208694502711,-1.650251635613209e-05
1778693711949226868,-0.000998108764179051,4.976276613888331e-05,1.9520298244802623e-05
1778693711977440458,-0.0008077968959696591,7.240816194098443e-05,-6.055358626441267e-07
1778693712007463683,-0.0007831617258489132,5.770462303189561e-05,1.0538513411739985e-05
1778693712033658438,-0.0006201507640071213,1.558712392579764e-05,4.588335154833397e-05
1778693712061212208,-0.0006267267744988203,1.3077361472824123e-05,9.576854372026221e-05
1778693712087659346,-0.0007968110148794949,5.7462366385152563e-05,3.757336027838787e-05
1778693712116222272,-0.0005740475025959313,1.2180228623037692e-05,0.00012370599610521477
1778693712143945887,-0.0005255583673715591,1.1441237802500837e-05,0.0001193786318354356
1778693712172761596,-0.0008590052020736039,0.00015192590944934636,2.260484001903814e-05
1778693712201811542,-0.000547703995835036,6.491057138191536e-05,8.463324127139734e-05
1778693712231929227,-0.0004983838298358023,5.888563464395702e-05,6.298246582154434e-05
1778693712259526500,-0.000661346479319036,6.273341568885371e-05,0.00012453939185168484
1778693712287735902,-0.0006266814307309687,2.8193126127007417e-05,9.973290276603151e-05
1778693712320485220,-0.0008314888691529632,-1.5304962289519608e-05,5.634745998949585e-05
1778693712348261244,-0.000826783652883023,-1.7737439748088946e-06,1.821966530795269e-05
1778693712372938553,-0.000533061393070966,0.00010786047641886398,-2.5466231979816446e-05
1778693712400964024,-0.0005040498799644411,4.779791925102472e-05,8.269133559203787e-05
1778693712430859174,-0.0007260525017045438,6.800926348660141e-05,2.9855086870639007e-05
1778693712456237080,-0.0005794624448753893,5.7945449952967465e-05,4.6947964508100045e-05
1778693712485574435,-0.00027355391648598015,6.749987369403243e-05,0.00017770171835591774
1778693712514329458,-0.00043408956844359636,-1.283895835513249e-05,0.00013218787225352123
1778693712542002426,-0.0007622779230587184,-0.00013029275578446686,0.00014170361568636172
1778693712574742687,-0.0008809474529698491,-0.00012070400407537818,9.174951646944554e-05
1778693712603636405,-0.0006453730165958405,-0.0001351883984170854,7.266610562052766e-05
1778693712633466250,-0.0005780323408544064,-7.217010715976357e-05,9.342559643770419e-05
1778693712660496721,-0.0007227893220260739,0.00010943852976197377,-1.5863285995579178e-06
1778693712689038127,-0.0004905302193947136,8.484596764901653e-05,7.86253500876557e-05
1778693712718149480,-0.0004732220259029418,4.36105219705496e-05,2.832913515124127e-05
1778693712743332725,-0.0005240251193754375,0.00012517804862000048,6.851749869010948e-05
1778693712771769891,-0.0005111962673254311,1.39563580887625e-05,0.00012564728577216068
1778693712802640884,-0.0010108560090884566,5.972258804831654e-06,0.00010765201188156463
1778693712835884907,-0.0009421342983841896,7.499916682718322e-05,8.10099295269468e-05
1778693712864075933,-0.0006484704208560288,3.6650937545346096e-05,0.00012797708990841842
1778693712891600588,-0.00079397636000067,5.797238918603398e-05,6.0309754871129467e-05
1778693712919780844,-0.00047717831330373883,-2.8924101570737548e-05,9.052324413018208e-05
1778693712948212179,-0.0007070115534588695,7.508236012654379e-05,2.794914350574362e-05
1778693712972994148,-0.000708691542968154,0.00010726680920924991,3.222810382844785e-05
1778693713000994010,-0.0006581146735697985,4.164443089393899e-05,2.4216145465652554e-05
1778693713028974885,-0.0006592742283828557,8.794521272648126e-05,3.941973650257247e-05
1778693713056748024,-0.000936499098315835,0.00012474664254114032,-6.361536056801499e-05
1778693713084571539,-0.000838912499602884,9.647310798754916e-05,-3.618686555890307e-05
1778693713112351340,-0.00044869736302644014,0.00014003919204697013,-3.398447094411732e-05
1778693713142810637,-0.0009031736408360302,0.0002442168479319662,-3.566453589608255e-05
1778693713171030218,-0.000788573466707021,0.00010390688839834183,3.0110604021485824e-05
1778693713201705737,-0.0008765948587097228,0.00025133314193226397,-8.255776198408209e-05
1778693713230659049,-0.0007745492039248347,0.00015426699246745557,-2.063391017318276e-05
1778693713258303882,-0.0009620393393561244,-2.4572045731474645e-05,-1.68299475444953e-06
1778693713285999533,-0.000740067393053323,1.0928768460871652e-05,4.358202617665745e-05
1778693713313585424,-0.0007091755978763103,0.000101668898423668,-2.497059952027374e-05
1778693713340887835,-0.0008348148548975587,0.00011184025788679719,-4.0275062018085095e-05
1778693713369210412,-0.0006492106476798654,3.60867525159847e-05,-2.975277201109788e-05
1778693713397299043,-0.0005474366480484605,5.893774869036861e-05,-3.024122364759775e-07
1778693713423547541,-0.0005215947167016566,2.5808685677475296e-05,5.962247066517627e-05
1778693713457509224,-0.0005058804526925087,4.0162954974221066e-05,2.5893811431873568e-05
1778693713488646745,-0.00019296644313726574,3.846575418720022e-05,9.465035704696862e-05
1778693713520155726,-0.0007478373590856791,7.874355651438236e-05,6.983810024062525e-05
1778693713548846025,-0.00110176345333457,-6.83883044985123e-05,7.907811547324623e-05
1778693713578085113,-0.0007410972029902041,5.2923434850526974e-05,4.817561438678737e-05
1778693713606608854,-0.0008219315204769373,-9.052515815710649e-05,0.000128330013811219
1778693713634540235,-0.0008727015228942037,-0.0001264189777430147,0.0001817893727636744
1778693713660454986,-0.0006702080718241632,7.545275730080903e-05,3.7954645004860716e-05
1778693713692268628,-0.0008119948906823993,-4.1855426388792694e-05,9.649278170440624e-05
1778693713721173688,-0.0008734211442060769,4.2214596760459244e-05,5.984109321063722e-05
1778693713749452231,-0.0009547340450808406,8.820994844427332e-05,6.517675635768185e-05
1778693713780928780,-0.0007572871982119977,0.00011275209544692189,8.057624485671085e-06
1778693713806939574,-0.0006595238810405135,-1.3125885743647814e-05,5.9533014468361026e-05
1778693713835994199,-0.0005228309892117977,-4.3279975216137245e-05,8.666308647798156e-05
1778693713866178531,-0.0008219655137509108,3.1983039662009105e-05,0.00012117835405601966
1778693713894895892,-0.0007334348629228771,6.378671241691336e-05,0.00013983282779705193
1778693713925203830,-0.0009537576697766781,9.903511818265542e-05,0.0001722293472515831
1778693713954166529,-0.0004116166674066335,-1.3867979760107119e-05,0.0001463509870109683
1778693713980620921,-0.0005788132548332214,4.651219569495879e-05,5.4555546996798654e-05
1778693714008139052,-0.0006932690157555044,7.035108865238726e-05,0.00010184432836448528
1778693714036821988,-0.0007449485710822046,-8.889236050890759e-05,0.00015093340017530884
1778693714067460376,-0.0005924056167714298,-2.775280154310167e-05,0.00011505685651163984
1778693714094253554,-0.0007916173781268299,0.00012204889208078384,0.00010276783755001315
1778693714123206555,-0.0008156034164130688,-1.6316696928697638e-05,0.00012773453881760035
1778693714151306928,-0.0006724852719344199,8.565962343709543e-05,6.855419550322561e-05
1778693714179254139,-0.0005907266750000417,4.4761152821592987e-05,0.00021961630260624205
1778693714206832806,-0.000726254831533879,0.00013847991067450494,0.00010364756885814595
1778693714233906730,-0.0008102728752419353,0.00013833660341333598,0.00012109458166739032
1778693714262302387,-0.0006965679349377751,0.00017145927995443344,9.438151263623009e-05
1778693714290029167,-0.0008141653379425406,0.00016962194058578461,9.021602497609483e-05
1778693714320051339,-0.0008420977974310517,0.0002270346158184111,7.816379919225112e-05
1778693714348754143,-0.0005069179460406303,0.0001301801239605993,0.0001269181151390654
1778693714375988312,-0.0006202447693794966,0.00013465018128044903,6.98749740151041e-05
1778693714403492748,-0.0009366892627440393,0.00016105776012409478,1.6552505302067607e-05
1778693714433406513,-0.0004574680351652205,0.00010537733760429546,1.2504545031753713e-05
1778693714461403118,-0.0008398652425967157,6.25892062089406e-05,4.999537764597216e-05
1778693714489270857,-0.0011221187887713313,1.8049664504360408e-05,7.017177479847537e-05
1778693714517963411,-0.000688633881509304,2.6021345547633246e-05,8.739720790813146e-05
1778693714544043558,-0.0012336850631982088,8.233233529608697e-05,-9.735876155631278e-06
1778693714573648153,-0.0012295773485675454,4.38781498814933e-05,3.7107468246951387e-06
1778693714601957294,-0.000935751071665436,1.1175800409546355e-06,0.00013130559853316993
1778693714629534900,-0.0008318148320540786,0.0002454295172356069,5.7471391229775314e-05
1778693714658362261,-0.0013582322280853987,0.00024683205992914736,6.042091651289883e-05
1778693714687541594,-0.000863022927660495,0.0003965563082601875,-7.211081253172128e-06
1778693714713158576,-0.0006496945861726999,0.0002373580791754648,8.107507437681342e-05
1778693714741704390,-0.0008141915895976126,0.00020118846441619098,6.405121224475358e-05
1778693714770736622,-0.0003972826525568962,0.00014537385141011328,6.419939743983025e-05
1778693714798880679,-0.0004574492631945759,0.00022874453861732036,6.541190440171682e-05
1778693714830418444,-0.0012653223238885403,8.671987598063424e-05,5.905154185184393e-05
1778693714857921317,-0.0010353024117648602,-6.779570685466751e-05,0.00019113429415174227
1778693714884704676,-0.0009192905272357166,-2.259512802993413e-05,0.00018863549950581723
1778693714910988020,-0.0009439222631044686,2.1651767383445986e-05,0.00014265485690223106
1778693714939762551,-0.0008705363143235445,2.8826174457208253e-05,0.00014916610040152276
1778693714967903391,-0.0008646747446618974,8.027946023503318e-05,0.00013055378638130255
1778693715000078493,-0.0008736052550375462,-5.353503001970239e-05,0.00015504436523745417
1778693715027730220,-0.0008187000639736652,1.8195485608885065e-05,0.00011527352447147624
1778693715055781349,-0.0007266984321177006,3.773194839595817e-05,0.00014350310378034184
1778693715086706184,-0.0006087206420488656,0.00033327785786241293,9.37979940259528e-05
1778693715114543525,-0.0011992311337962747,-7.616771472385153e-05,4.809018756093765e-05
1778693715142062638,-0.0012512258253991604,-2.3680813399096223e-07,9.895719933752165e-05
1778693715172279261,-0.0006902147433720529,0.00016777790733613074,0.00013670906444788493
1778693715202144504,-0.0012359642423689365,-0.00012450868962332606,0.00018032795577439277
1778693715232815324,-0.0007298692944459617,0.00015937990974634886,9.43190991021681e-05
1778693715264665626,-0.0008723024511709809,0.0002632307296153158,1.9412672781155757e-05
1778693715293810052,-0.0005826501292176545,6.179533374961466e-05,0.0001227072725101506
1778693715320564596,-0.0005926379817537963,0.00017943930288311094,3.215326364364975e-05
1778693715348283270,-0.0006909254007041454,0.00022475809964817017,5.0058196488571284e-06
1778693715376697723,-0.000789337616879493,0.00013333364040590823,1.73039880494539e-05
1778693715403718926,-0.0009420576971024275,0.00010886286327149719,8.946017858852067e-06
1778693715434658058,-0.0008079036488197744,-1.647052886255551e-05,2.0843687111004196e-05
1778693715462925080,-0.0007339584408327937,0.00012358205276541412,5.273307648887712e-05
1778693715491165240,-0.0008027853909879923,9.619157935958356e-05,4.189606896693953e-05
1778693715520374129,-0.0005906176520511508,3.5424993257038295e-05,6.269040525775002e-05
1778693715550025282,-0.0005571195506490767,2.098489858326502e-05,0.00012646977662054574
1778693715578435888,-0.0006228651036508381,4.447476385394111e-05,0.00011777732136970582
1778693715607165432,-0.0004548835859168321,2.9107452064636163e-05,7.834480010870949e-05
1778693715635839751,-0.00040928632370196283,1.3828976079821587e-05,6.510996882928083e-05
1778693715664537164,0.0003902209864463657,8.170407818397507e-05,-4.9911857247582094e-05
1778693715691148554,0.002661632839590311,0.00014409032883122563,-2.1902018576305815e-05
1778693715717637702,0.008827587589621544,0.00015209864068310708,2.5090884510720474e-05
1778693715746320016,0.022240793332457542,0.0002744882949627936,-1.6389454485159093e-05
1778693715775389369,0.0338975228369236,-0.00017204454343300313,0.0002487216400347165
1778693715803994866,0.04024157673120499,-7.603782432852313e-05,0.00037139778477917
1778693715833175682,0.05435659736394882,0.0003950186655856669,0.00033988189158886626
1778693715861607287,0.06748094409704208,4.4162072299513966e-05,0.0006480177530028567
1778693715889413188,0.07979162782430649,0.00030769838485866785,0.0006489766276978653
1778693715914297382,0.08817089349031448,6.49724097456783e-05,0.0008261173069030645
1778693715942185199,0.10058087110519409,0.0007861622143536806,0.0009209056576189336
1778693715977443086,0.10856515169143677,0.00021285619004629552,0.00116468481249971
1778693716002892919,0.12510068714618683,0.0005106563912704587,0.001242543483995376
1778693716032130283,0.12793278694152832,0.0002983780577778816,0.0013342113571694475
1778693716059132139,0.14356058835983276,-0.0015691638691350818,0.0018277095685779552
1778693716087589102,0.15227004885673523,0.0004192848864477128,0.0013037595448377925
1778693716117272247,0.15860047936439514,-0.0002147417690139264,0.0013188613479191737
1778693716145324889,0.1807653307914734,0.0007514564786106348,0.0015277749998369808
1778693716171691692,0.19478259980678558,0.0001477316691307351,0.0017241753803060548
1778693716199932914,0.20179367065429688,-0.00038244485040195286,0.0017814409556871497
1778693716227363068,0.21428842842578888,0.00011030345922335982,0.0018457586278256873
1778693716255958686,0.22737853229045868,-0.0005785466637462378,0.0021842163527679014
1778693716286167284,0.23681853711605072,-0.0005109336343593895,0.0022738436377756494
1778693716316947142,0.24914225935935974,-0.00039544986793771386,0.0022049629305286845
1778693716344610982,0.2640829384326935,-0.00020443054381757975,0.0024433309168753526
1778693716370976423,0.27700698375701904,-0.0003112743142992258,0.002299376089416331
1778693716398606518,0.28312262892723083,-0.00015887978952378035,0.0025003325362091752
1778693716426459308,0.29563167691230774,-0.00010671414202079177,0.0024424992930647178
1778693716456992816,0.2972266972064972,-0.00031213450711220503,0.00238970552346038
1778693716487082246,0.3117866814136505,0.0004822000628337264,0.002391720958605039
1778693716515084592,0.3275408446788788,0.0010250243358314037,0.00237250394938508
1778693716542586553,0.3424665629863739,0.0017346623353660107,0.0023434493805323474
1778693716571920451,0.347834974527359,0.0009373873472213745,0.0024391908759814973
1778693716601972810,0.36151066422462463,0.0010717380791902542,0.00239740600830621
1778693716627928559,0.3754684627056122,0.0009084162884391844,0.0027270269268887684
1778693716653943491,0.3816590905189514,0.0009783698478713632,0.0026831346188059017
1778693716683052319,0.3864297866821289,0.00019032694399356842,0.002527298518720863
1778693716710247204,0.40716707706451416,0.0011688434751704335,0.002332133885219225
1778693716735889755,0.4239945411682129,0.0014423730317503214,0.0025701034876715444
1778693716761663837,0.4315105676651001,0.001119836699217558,0.0029390844154631676
1778693716786541147,0.4441291391849518,0.0015736657660454512,0.002774789999744148
1778693716815355673,0.44931018352508545,0.0014162510633468628,0.002809297208214714
1778693716841976692,0.46251416206359863,0.0019950205460190773,0.00275180951463374
1778693716869668325,0.46993812918663025,0.0018401434645056725,0.002806549946206197
1778693716897559980,0.4837605655193329,0.002565118484199047,0.0027218129357706425
1778693716926947860,0.48899853229522705,0.0018672726582735777,0.0027191251106289576
1778693716952454582,0.5103377103805542,0.0025938914623111486,0.002607229402303924
1778693716980414708,0.5166527032852173,0.0015287477290257812,0.0026826590926517734
1778693717006655190,0.5313488841056824,0.0024325577542185783,0.0030710389993107976
1778693717041159468,0.5335597395896912,0.002216679509729147,0.002843581557865266
1778693717069249250,0.5515981316566467,0.0025040865875780582,0.003022341711711555
1778693717095447242,0.565509021282196,0.001901586540043354,0.0032420569278316922
1778693717121140760,0.5784368515014648,0.0029178853146731853,0.0030268171499750252
1778693717148939136,0.5814693570137024,0.002798734698444605,0.0028822855914140463
1778693717175544004,0.5982435345649719,0.003050036495551467,0.002953792686145882
1778693717200560751,0.6064541339874268,0.0027366839349269867,0.003303265166809535
1778693717224800664,0.6183143258094788,0.0025373767130076885,0.003239076038192977
1778693717254376494,0.6215678453445435,0.0024481769651174545,0.003108788955852853
1778693717285739224,0.6389833688735962,0.003096179338172078,0.0030849409873322034
1778693717319582731,0.6528986692428589,0.002633061958476901,0.0033555191135130904
1778693717346819074,0.6566044688224792,0.0022243426647037268,0.003270354836376386
1778693717372829718,0.6808578372001648,0.0028768256306648254,0.003170327818699608
1778693717401427049,0.685223400592804,0.0030081276781857014,0.0029824411917387748
1778693717430214243,0.7009704113006592,0.0024793308693915606,0.003263375109681355
1778693717456158450,0.7144847512245178,0.0028320204000920057,0.003279099918575002
1778693717484501526,0.721422553062439,0.0025604874826967716,0.0033166546941953857
1778693717514541692,0.7332984209060669,0.0022715956438332796,0.0033756396650424457
1778693717545023631,0.7472348809242249,0.0028189164586365223,0.0032788979820519153
1778693717574296603,0.7602865695953369,0.002565376227721572,0.0034651004109012462
1778693717599589125,0.7687246799468994,0.0024205236695706844,0.003739204515817851
1778693717625436147,0.7829421162605286,0.002722484990954399,0.003376903687575562
1778693717652794182,0.7866665124893188,0.0024174468126147985,0.0035080626557322256
1778693717679217805,0.8023776412010193,0.002950634341686964,0.0034112673434563024
1778693717708660590,0.8158612847328186,0.0029973769560456276,0.0033416882497363082
1778693717737872455,0.8182532787322998,0.0027001132257282734,0.003484409930358697
1778693717766467843,0.8362334370613098,0.003844671417027712,0.0032319824546242783
1778693717794766785,0.8481262922286987,0.004163897596299648,0.003235678524028819
1778693717821463017,0.8559821844100952,0.0034383239690214396,0.0034010409735381066
1778693717850320776,0.8677228689193726,0.003369513899087906,0.00340483194538642
1778693717877894814,0.8843089938163757,0.00317210191860795,0.0037336145689361236
1778693717907177313,0.8958556056022644,0.0032847868278622627,0.0037108136538704438
1778693717937542890,0.897889256477356,0.0032397706527262926,0.0036852616443039266
1778693717967303893,0.8998236656188965,0.0031616492196917534,0.0034653210465402564
1778693717993463912,0.9183934330940247,0.003361126873642206,0.00382437989451074
1778693718024136175,0.9309079647064209,0.003462191903963685,0.0038291742939146694
1778693718055105244,0.9338985681533813,0.003352522384375334,0.0038781411438386015
1778693718084367204,0.9549947381019592,0.002888659480959177,0.003949991281618154
1778693718112062363,0.9713598489761353,0.0032666223123669624,0.004173671079440367
1778693718142019861,0.9872782230377197,0.003096925327554345,0.004126639569825131
1778693718172696973,0.9927838444709778,0.002719030249863863,0.004236766881014255
1778693718202873529,1.0064570903778076,0.003129294840618968,0.0043391182736715475
1778693718232955624,1.0223628282546997,0.003736247308552265,0.004348693097735911
1778693718262984599,1.0342190265655518,0.004071243107318878,0.004266940819220364
1778693718293376737,1.0435372591018677,0.0035877341870218515,0.0046848658600994915
1778693718321837447,1.0632566213607788,0.004326115362346172,0.00482848112438238
1778693718351876661,1.0713258981704712,0.003767474787309766,0.005190897190172182
1778693718378900950,1.0840438604354858,0.003331165062263608,0.005255450624074152
1778693718405325363,1.0972663164138794,0.0046278187073767185,0.005168972568655919
1778693718433267814,1.1052522659301758,0.004080596379935741,0.005670941433741821
1778693718459841893,1.1191145181655884,0.004200314171612263,0.005512049342330898
1778693718488130065,1.1257730722427368,0.004605877213180065,0.005534559530129864
1778693718514115841,1.1360681056976318,0.0054680160246789455,0.005347788449069031
1778693718543165826,1.1504374742507935,0.0047059934586286545,0.005580155882765366
1778693718569320855,1.164206862449646,0.004208392463624477,0.005975059065958578
1778693718597450264,1.1698871850967407,0.004605503752827644,0.005799289108304454
1778693718629281869,1.1714389324188232,0.004453436005860567,0.005412006475609726
1778693718661181434,1.1735972166061401,0.004491751082241535,0.005015977847282064
1778693718689851615,1.2087777853012085,0.005377442575991154,0.00585418910300631
1778693718719949932,1.2162386178970337,0.004262430593371391,0.006249142687449808
1778693718749065963,1.2292877435684204,0.005025677848607302,0.006119195405806594
1778693718777449146,1.2436126470565796,0.004248420242220163,0.00639511806551382
1778693718805529310,1.2558679580688477,0.004983734339475632,0.0061286947413313805
1778693718834354767,1.2658809423446655,0.0038064769469201565,0.0066281944585479535
1778693718863468735,1.276895523071289,0.0055086612701416016,0.006254623653818745
1778693718896669905,1.2931222915649414,0.004348373971879482,0.006725695959077538
1778693718922807440,1.3058103322982788,0.005628720857203007,0.0065590268678186675
1778693718954413956,1.311468482017517,0.006657185032963753,0.006226640760804911
1778693718983346007,1.3286168575286865,0.005291497800499201,0.00674877436260964
1778693719014621851,1.3382104635238647,0.0060178618878126144,0.006802497970313578
1778693719041349934,1.3520243167877197,0.004524205345660448,0.0069873558856576035
1778693719069859959,1.3593770265579224,0.003965515643358231,0.007353700194862671
1778693719095467653,1.372728705406189,0.005269888322800398,0.006954412635843364
1778693719124123326,1.3858798742294312,0.007315588183701038,0.006767817083545861
1778693719152186988,1.3944835662841797,0.006846045143902302,0.007073809842356771
1778693719182030318,1.405702829360962,0.006189566105604172,0.007280815795943822
1778693719209884000,1.4183298349380493,0.006192217580974102,0.007317694727691451
1778693719238496270,1.433334231376648,0.0064970762468874454,0.007520905940546441
1778693719268086667,1.4391534328460693,0.007156956009566784,0.007421603989874324
1778693719295390819,1.45353102684021,0.006148298736661673,0.007715876349990042
1778693719323372305,1.4663654565811157,0.005513754673302174,0.007855903851516985
1778693719359578702,1.47316312789917,0.005586530081927776,0.00785203141365287
1778693719390992660,1.486388921737671,0.006290998309850693,0.007981818618604853
1778693719419718907,1.5013883113861084,0.009336101822555065,0.0073047085505338035
1778693719448122509,1.514676570892334,0.007660881616175175,0.007838111320418378
1778693719477283085,1.5284358263015747,0.007836357690393925,0.00759204619731097
1778693719510929475,1.532556176185608,0.007884476333856583,0.007480034884017911
1778693719541136409,1.5546680688858032,0.008147751912474632,0.007940479783678334
1778693719570209889,1.5625816583633423,0.00812973640859127,0.007778992376184684
1778693719600585235,1.5739901065826416,0.007612572051584721,0.008076190587020514
1778693719628970080,1.5888065099716187,0.008927671238780022,0.007607805575329198
1778693719655749351,1.6013976335525513,0.009397548623383045,0.007696860868921197
1778693719685193088,1.6063989400863647,0.008780915290117264,0.00782290990228319
1778693719711758070,1.6228445768356323,0.009251621551811695,0.007807484654395605
1778693719740468216,1.6369637250900269,0.008762678131461143,0.007955859893289386
1778693719767540877,1.6426705121994019,0.008672492578625679,0.008024214382732929
1778693719793165834,1.658193826675415,0.009699700400233269,0.007840809956045231
1778693719819773377,1.6647772789001465,0.008786004967987537,0.008008626545774599
1778693719847640695,1.6785801649093628,0.00867399387061596,0.008076900042620945
1778693719876718724,1.6920775175094604,0.009232060052454472,0.008063432945499412
1778693719904975535,1.7046254873275757,0.009030804969370365,0.008282923328377233
1778693719933552678,1.71251380443573,0.00872837845236063,0.008450952036299243
1778693719962153085,1.7274242639541626,0.010094000026583672,0.008039453461913116
1778693719989044480,1.7386984825134277,0.008478911593556404,0.008620690547434745
1778693720017931935,1.744637131690979,0.010830922052264214,0.008043702531005656
1778693720045529738,1.7572897672653198,0.010145414620637894,0.008222378730093327
1778693720073173048,1.7726441621780396,0.009698830544948578,0.008176074539237738
1778693720101258181,1.7791683673858643,0.009468118660151958,0.008379367901654115
1778693720127586751,1.7929985523223877,0.009807882830500603,0.008185961753002062
1778693720152197813,1.8047035932540894,0.00908243004232645,0.008406934568968029
1778693720181399578,1.8130744695663452,0.00979339238256216,0.008225810311898991
1778693720208373440,1.826768159866333,0.009056161157786846,0.008524416368829264
1778693720234953680,1.8327603340148926,0.008157786913216114,0.008883818472104274
1778693720265419809,1.8446948528289795,0.010195394977927208,0.008713851165572009
1778693720292281276,1.8592267036437988,0.009104188531637192,0.008622609507613717
1778693720324305459,1.8610124588012695,0.009236946702003479,0.008765935743947451
1778693720353205939,1.8781245946884155,0.009075434878468513,0.00885269229462775
1778693720382046485,1.8923141956329346,0.009432971477508545,0.008753911215948611
1778693720410470204,1.9065529108047485,0.009422380477190018,0.008920525276202977
1778693720439416111,1.9121462106704712,0.01004371140152216,0.008870044726386151
1778693720468891448,1.9260061979293823,0.009713559411466122,0.009049708693570468
1778693720497557701,1.9385439157485962,0.010085530579090118,0.009020529124387347
1778693720523556191,1.9531681537628174,0.01020515151321888,0.009109729173817287
1778693720549178022,1.9588594436645508,0.010762659832835197,0.009076677766570625
1778693720575674142,1.9714823961257935,0.011199571192264557,0.009233418046115995
1778693720603229995,1.9791197776794434,0.010518688708543777,0.009200542104903023
1778693720630107082,1.9927712678909302,0.010934161022305489,0.0091061567359726
1778693720655395437,2.0071473121643066,0.01099667139351368,0.009242755655004589
1778693720682599609,2.0138673782348633,0.012126490473747253,0.008994264290776058
1778693720715411585,2.02667498588562,0.010489506646990776,0.009596876164608187
1778693720743187939,2.0416626930236816,0.011510580778121948,0.00923631431738756
1778693720767379189,2.053966760635376,0.011146587319672108,0.009414573041271922
1778693720794855911,2.060915946960449,0.010873389430344105,0.009401085352193693
1778693720819541375,2.0751805305480957,0.010795420967042446,0.009495426233620128
1778693720850225099,2.080470323562622,0.011171963065862656,0.009448295555934356
1778693720877758990,2.0948147773742676,0.011392117477953434,0.00968832740310738
1778693720904436827,2.107288360595703,0.010928936302661896,0.009770433866859015
1778693720931099164,2.1150574684143066,0.01139447744935751,0.009741280638997294
1778693720954299403,2.128653049468994,0.01038750633597374,0.014144060490205924
1778693720981792546,2.132765769958496,0.012410074472427368,0.017470986996927246
1778693721008504959,2.1463522911071777,0.017115484923124313,0.02730817579163688
1778693721032109849,2.1526405811309814,0.015741217881441116,0.033865816003465395
1778693721058283794,2.1664700508117676,0.017090409994125366,0.04721576044568406
1778693721082989657,2.171731472015381,0.01858299970626831,0.05374066833641775
1778693721110419569,2.1856307983398438,0.021871961653232574,0.06730392371631651
1778693721134582806,2.200535535812378,0.024248763918876648,0.08167709846209124
1778693721165288812,2.20239520072937,0.0250922292470932,0.08852802509135488
1778693721194277270,2.2192840576171875,0.029112592339515686,0.10304616927175973
1778693721223248294,2.230562925338745,0.031948283314704895,0.11785689883571215
1778693721252308409,2.2384157180786133,0.0338473916053772,0.1252951931132471
1778693721280187629,2.2484130859375,0.03740915656089783,0.1406386804420138
1778693721307983650,2.2618117332458496,0.04044678807258606,0.15683276579170544
1778693721336967419,2.268125534057617,0.04225170612335205,0.16497180058231914
1778693721366000001,2.282588481903076,0.045601069927215576,0.18209793495163598
1778693721390431519,2.2950940132141113,0.05006548762321472,0.19911552521808837
1778693721414380958,2.3017771244049072,0.05269944667816162,0.20757801805138804
1778693721441554571,2.315028190612793,0.05794250965118408,0.22509572243735765
1778693721469522741,2.3199853897094727,0.06073462963104248,0.23377698940262046
1778693721497007629,2.3294365406036377,0.0652739405632019,0.25236821114597346
1778693721521305472,2.3446199893951416,0.07022571563720703,0.2713416922725079
1778693721548243475,2.3464221954345703,0.07429957389831543,0.28029058243121807
1778693721575058053,2.3603193759918213,0.0807873010635376,0.2995665257560949
1778693721601917206,2.3633127212524414,0.08354324102401733,0.30899084181550884
1778693721628118223,2.3750317096710205,0.0882110595703125,0.32932602629971924
1778693721658383919,2.3819143772125244,0.09409981966018677,0.3494577686702652
1778693721684572912,2.3896234035491943,0.09778499603271484,0.35975175279414534
1778693721711357543,2.4020376205444336,0.1037934422492981,0.3806764303484058
1778693721740527066,2.4067959785461426,0.10767650604248047,0.3906759162199357
1778693721765728284,2.4140775203704834,0.11463236808776855,0.41160189921672813
1778693721792668021,2.4282193183898926,0.12326306104660034,0.43242153864717164
1778693721818536964,2.4326019287109375,0.12620097398757935,0.44307381038580507
1778693721845924635,2.445889711380005,0.1353474259376526,0.4642600242715465
1778693721872905791,2.4565939903259277,0.14200490713119507,0.4862924160969654
1778693721899233299,2.4611122608184814,0.1467917561531067,0.49663881378532276
1778693721922207516,2.4688024520874023,0.15454792976379395,0.5180277632481458
1778693721946587075,2.4746971130371094,0.1598108410835266,0.528736131552028
1778693721972411694,2.4851250648498535,0.16936767101287842,0.550226687873846
1778693722000226110,2.487952947616577,0.1732083559036255,0.5608863168015535
1778693722026054034,2.498257637023926,0.1811201572418213,0.5829795947144871
1778693722051784923,2.503835439682007,0.18726348876953125,0.5933343126266999
1778693722079430477,2.509632110595703,0.1970665454864502,0.6142319014117331
1778693722107495973,2.5177290439605713,0.20633864402770996,0.6357851627462602
1778693722134386826,2.5225956439971924,0.21015584468841553,0.6471086507625715
1778693722160515555,2.530212879180908,0.220192551612854,0.6683160344530554
1778693722186911643,2.535229206085205,0.23016691207885742,0.6897423203351931
1778693722211684143,2.5386688709259033,0.23433566093444824,0.7009273820480294
1778693722239053029,2.5441415309906006,0.24428319931030273,0.7221701068211498
1778693722266705155,2.5477964878082275,0.25086450576782227,0.7318556243845211
1778693722293546053,2.554201126098633,0.2597287893295288,0.7543313949541326
1778693722320159657,2.5636537075042725,0.2689085006713867,0.7751893457746558
1778693722350404453,2.569162368774414,0.274211049079895,0.7857505637421052
1778693722374072785,2.5770530700683594,0.28428518772125244,0.8073709674170798
1778693722398476210,2.5800881385803223,0.29121291637420654,0.8171782455269194
1778693722423793830,2.5822386741638184,0.2976245880126953,0.8395154217619467
1778693722447813612,2.5830154418945312,0.3083515167236328,0.8482642994469763
1778693722473577464,2.5879697799682617,0.31672191619873047,0.87057742343843
1778693722498537842,2.596024990081787,0.3243652582168579,0.8812226596316587
1778693722525137149,2.599792957305908,0.3333306312561035,0.903464149660432
1778693722550987086,2.600674867630005,0.33657991886138916,0.9143812723267888
1778693722577584639,2.617858648300171,0.3503788709640503,0.9374116746498118
1778693722599063120,2.616093635559082,0.36335086822509766,0.9577773973838537
1778693722625154067,2.6171562671661377,0.36487817764282227,0.9689264032594299
1778693722649372438,2.620898485183716,0.3749901056289673,0.9787870608218219
1778693722674575910,2.6294305324554443,0.3850761651992798,1.0019103521615145
1778693722700381101,2.6256418228149414,0.39266228675842285,1.0108801233319202
1778693722725056515,2.633561849594116,0.40425944328308105,1.0334731779078543
1778693722752169543,2.6369757652282715,0.40807628631591797,1.0449526767323423
1778693722776543271,2.6408848762512207,0.41880476474761963,1.0665166989413972
1778693722801742826,2.6424264907836914,0.42418599128723145,1.0764471839547303
1778693722825793638,2.639108419418335,0.42864930629730225,1.0933821920632303
1778693722850229525,2.6419460773468018,0.4294999837875366,1.0999681502960814
1778693722873077821,2.6401681900024414,0.43157511949539185,1.1117585262659806
1778693722898365814,2.6428494453430176,0.43628638982772827,1.1184992447893056
1778693722921742339,2.6470253467559814,0.44654256105422974,1.134943937642437
1778693722945687229,2.648746967315674,0.45431435108184814,1.1437950520451772
1778693722968842771,2.652721405029297,0.46584057807922363,1.1645590666173335
1778693722993075280,2.6506621837615967,0.47471123933792114,1.1730710609056694
1778693723016839976,2.650177240371704,0.48389512300491333,1.1942508800713305
1778693723043831020,2.6505260467529297,0.4923238754272461,1.2042751579726423
1778693723069165031,2.65342116355896,0.5032752156257629,1.2260796599439976
1778693723099385721,2.654258966445923,0.5109574794769287,1.2363797378957597
1778693723122445471,2.655377149581909,0.5221129655838013,1.2581039416195556
1778693723145188586,2.654109001159668,0.5305485725402832,1.2680523550430363
1778693723165744436,2.657938003540039,0.5392401814460754,1.2909263189539046
1778693723185272915,2.65820574760437,0.5479849576950073,1.3012940841914902
1778693723206292851,2.65901255607605,0.5519632697105408,1.3115087256739495
1778693723229720243,2.6612062454223633,0.557835578918457,1.319804169729085
1778693723250107701,2.660654306411743,0.5741138458251953,1.331579641654451
1778693723271378386,2.6616969108581543,0.5768009424209595,1.3373561968568155
1778693723291292190,2.6614198684692383,0.5821352601051331,1.341447246660471
1778693723311365529,2.6625571250915527,0.589811384677887,1.3451705400552698
1778693723333100911,2.6639022827148438,0.6023817658424377,1.35135324542433
1778693723354913129,2.6659767627716064,0.6082750558853149,1.3543836397985518
1778693723377114981,2.666842222213745,0.6141461730003357,1.356489533299571
1778693723401055672,2.6697170734405518,0.6275278329849243,1.3607677948409598
1778693723421871389,2.6696527004241943,0.6352126002311707,1.3619491901682796
1778693723444093670,2.671370267868042,0.6402586698532104,1.3642632086935431
1778693723465568564,2.673733949661255,0.654317319393158,1.3672466703182686
1778693723487377416,2.6751585006713867,0.6604422926902771,1.3692358795274477
1778693723510799788,2.676623582839966,0.6661715507507324,1.3714608550501308
1778693723532638307,2.6775588989257812,0.6810199022293091,1.373868860553188
1778693723553176363,2.6777849197387695,0.6868090629577637,1.3758141319252517
1778693723574262525,2.6761083602905273,0.6947001218795776,1.376473284710119
1778693723596920889,2.6802165508270264,0.6988937258720398,1.3790595507804961
1778693723617986562,2.681359052658081,0.7122032046318054,1.3825334517455887
1778693723638753655,2.683689594268799,0.7193809151649475,1.3842526093142495
1778693723659754925,2.684648275375366,0.7247483730316162,1.386006447467225
1778693723681543018,2.686305284500122,0.7389543652534485,1.389219334148403
1778693723703871461,2.6881296634674072,0.7464558482170105,1.390684371025278
1778693723724774564,2.688715696334839,0.754433810710907,1.391444288093684
1778693723744687046,2.6883630752563477,0.760384738445282,1.393113609523866
1778693723764390309,2.691873073577881,0.7737158536911011,1.395911083143512
1778693723784423691,2.692967653274536,0.7800512313842773,1.397354350862174
1778693723804886814,2.6920104026794434,0.7850930690765381,1.3985496652489893
1778693723826156457,2.692338228225708,0.7903234958648682,1.399935891968695
1778693723844729682,2.697941541671753,0.7986242175102234,1.4018823653134096
1778693723864931005,2.695281505584717,0.8111037015914917,1.4032577694850794
1778693723885470634,2.6975369453430176,0.8182581067085266,1.4045474877031978
1778693723904094396,2.7004051208496094,0.8229653835296631,1.4067853001718418
1778693723924109805,2.6990902423858643,0.8313698768615723,1.4068770145460758
1778693723945884561,2.699387788772583,0.8382283449172974,1.4076504951903588
1778693723968518839,2.701321601867676,0.8520755767822266,1.4096591893302681
1778693723991704118,2.704220771789551,0.857316255569458,1.4113521010613885
1778693724014563055,2.7049880027770996,0.8633962869644165,1.4121795832685
1778693724035626484,2.7059900760650635,0.8767940998077393,1.4137612953684604
1778693724053741875,2.707580327987671,0.8831087350845337,1.4148830119741977
1778693724073194459,2.7077760696411133,0.8913084268569946,1.4151363855121937
1778693724094723867,2.708772659301758,0.8938367366790771,1.416438692039843
1778693724114277253,2.7107415199279785,0.9099481105804443,1.4176087365194172
1778693724132904341,2.7134718894958496,0.9180293083190918,1.419742117568826
1778693724153040129,2.711834192276001,0.9232286214828491,1.4228286670330317
1778693724172013619,2.711001396179199,0.930181622505188,1.42686272384983
1778693724189356475,2.7146780490875244,0.9345051646232605,1.4333687491823484
1778693724209614577,2.7124569416046143,0.9413423538208008,1.4388469698399902
1778693724230163854,2.7125532627105713,0.9480153322219849,1.4450267984892706
1778693724248548810,2.712329149246216,0.9623257517814636,1.457849416472865
1778693724267147103,2.7131919860839844,0.9677837491035461,1.4650555481970815
1778693724284587896,2.7141709327697754,0.9737482070922852,1.4724001500144572
1778693724300793933,2.7132883071899414,0.9797421097755432,1.4793761764198787
1778693724317593783,2.712749719619751,0.9851182699203491,1.4864171871777725
1778693724336263823,2.7091121673583984,0.9946273565292358,1.492133842414757
1778693724354003907,2.715036153793335,0.9967871308326721,1.501101992018068
1778693724369353088,2.713226318359375,1.0034408569335938,1.508449189611177
1778693724384226631,2.712193250656128,1.010352611541748,1.5139562450302138
1778693724399389115,2.712825298309326,1.0168558359146118,1.5189194730342932
1778693724414953336,2.710662364959717,1.0245319604873657,1.5224536002185576
1778693724429571752,2.712852954864502,1.0273784399032593,1.5269736741021869
1778693724446630576,2.708338737487793,1.037284016609192,1.5285812714501326
1778693724464375210,2.7104668617248535,1.0424765348434448,1.5317288695461175
1778693724481248830,2.7108490467071533,1.0484540462493896,1.533862699332368
1778693724497674156,2.710395097732544,1.0553123950958252,1.5359991849475119
1778693724514357743,2.711068868637085,1.0624241828918457,1.5379844056647998
1778693724529926243,2.7097067832946777,1.069824457168579,1.5392506014366638
1778693724544667142,2.7119553089141846,1.0739635229110718,1.5417660089657519
1778693724559289706,2.7132225036621094,1.078607201576233,1.5440305032634785
1778693724575909061,2.7131879329681396,1.0873568058013916,1.5456308050104095
1778693724593496334,2.7112884521484375,1.0948141813278198,1.5466638593287152
1778693724609136410,2.7100508213043213,1.1038275957107544,1.5477539863728413
1778693724626980854,2.712902069091797,1.108708143234253,1.550209465882016
1778693724642473569,2.710986852645874,1.1153546571731567,1.5516360127295172
1778693724659187766,2.7075681686401367,1.125025987625122,1.5523443267781616
1778693724675191546,2.709994077682495,1.1296894550323486,1.5546551958068207
1778693724691055720,2.7111716270446777,1.136504888534546,1.556659334149576
1778693724704858638,2.7088584899902344,1.1439380645751953,1.5579488202190641
1778693724721724745,2.7103006839752197,1.149788498878479,1.5596890619245352
1778693724737263247,2.7106235027313232,1.1574808359146118,1.5614437854108216
1778693724754589401,2.7102012634277344,1.1649305820465088,1.5627034152755677
1778693724770196294,2.710578441619873,1.170817494392395,1.5645050415793538
1778693724786107428,2.712783098220825,1.1751062870025635,1.5665420654629036
1778693724802620851,2.7088513374328613,1.1849684715270996,1.5669848123095904
1778693724818840563,2.710833787918091,1.1906769275665283,1.5685484234737905
1778693724835005401,2.7148072719573975,1.1931581497192383,1.5713398627894446
1778693724850250252,2.7124478816986084,1.2018907070159912,1.5720831404090831
1778693724864028114,2.7089486122131348,1.211012840270996,1.5723587066828284
1778693724877776779,2.709265947341919,1.2168372869491577,1.5737186772923535
1778693724894811788,2.7100343704223633,1.2218676805496216,1.5754692296904305
1778693724910719785,2.7089884281158447,1.2272268533706665,1.5764573567960902
1778693724928631057,2.708596706390381,1.2349469661712646,1.57745660133938
1778693724945305247,2.7104480266571045,1.241438627243042,1.5791430151457344
1778693724963257757,2.708698272705078,1.2494423389434814,1.5797077967143496
1778693724977324800,2.709225654602051,1.2555875778198242,1.5807365232550448
1778693724994263686,2.7088325023651123,1.2613134384155273,1.581888187350008
1778693725007533777,2.707021474838257,1.2705018520355225,1.5818398024127347
1778693725023062030,2.7084667682647705,1.2745277881622314,1.5837864631646652
1778693725037538004,2.707429885864258,1.2813938856124878,1.584283942846926
1778693725052987967,2.7061169147491455,1.2902767658233643,1.584922435937338
1778693725066351196,2.708237648010254,1.2965123653411865,1.5865854967339421
1778693725081407858,2.7072510719299316,1.3021715879440308,1.587626659287362
1778693725096488356,2.7028613090515137,1.3107552528381348,1.5870201553901924
1778693725113240154,2.7063536643981934,1.3151570558547974,1.5888020575081554
1778693725127287159,2.706582546234131,1.3222014904022217,1.5895405861776224
1778693725143662849,2.706346273422241,1.3284660577774048,1.5906873520178593
1778693725156393201,2.7061767578125,1.3350071907043457,1.5915705053178748
1778693725172749744,2.705096483230591,1.3413240909576416,1.5919010556820579
1778693725189215807,2.7057487964630127,1.3476645946502686,1.592876379561149
1778693725205504010,2.704519510269165,1.353365421295166,1.593506022109784
1778693725223317906,2.704096555709839,1.361528992652893,1.5940936977658997
1778693725240256079,2.704580068588257,1.3687983751296997,1.5947552189265843
1778693725254827616,2.7042160034179688,1.3759007453918457,1.595646932687398
1778693725271199859,2.703483819961548,1.3828426599502563,1.5960430672943073
1778693725287012364,2.701482057571411,1.3884316682815552,1.5964669844367585
1778693725302901215,2.7019617557525635,1.3939452171325684,1.5971516173300824
1778693725318958548,2.7033581733703613,1.4006303548812866,1.5986642603093109
1778693725334902433,2.6987462043762207,1.4075181484222412,1.5980459834906666
1778693725350641889,2.700295925140381,1.414623498916626,1.5986994679503712
1778693725364911198,2.698758840560913,1.4208821058273315,1.599278457395625
1778693725377621962,2.6996705532073975,1.426936388015747,1.5998360047003835
1778693725393901489,2.699373722076416,1.434112548828125,1.6004107000448813
1778693725409045929,2.700141429901123,1.4410966634750366,1.601255657566393
1778693725424776708,2.6996030807495117,1.4472737312316895,1.601920434738152
1778693725439533267,2.6997077465057373,1.4556993246078491,1.6021123493437914
1778693725456033926,2.6989758014678955,1.462580680847168,1.6026128264738506
1778693725469418486,2.6995348930358887,1.4700912237167358,1.6031340503390605
1778693725483516348,2.6966586112976074,1.4739855527877808,1.6033591578872828
1778693725500527742,2.6983399391174316,1.4833005666732788,1.6035870286017524
1778693725514143834,2.6986145973205566,1.4891164302825928,1.604784108855548
1778693725530031092,2.6993567943573,1.4961285591125488,1.6050058894033525
1778693725546353811,2.7042088508605957,1.4998390674591064,1.6071843804323496
1778693725561532887,2.6981077194213867,1.5050697326660156,1.6067685392062163
1778693725576468067,2.696678400039673,1.5111218690872192,1.6072533642083617
1778693725590587009,2.695878267288208,1.520193099975586,1.6067707379282943
1778693725604133158,2.6959762573242188,1.528209924697876,1.6068450500787006
1778693725618960983,2.6976637840270996,1.532605528831482,1.608034206506728
1778693725632914770,2.6932127475738525,1.5393424034118652,1.6073982392915858
1778693725647154333,2.69325590133667,1.5471194982528687,1.60796360050513
1778693725663918584,2.6923394203186035,1.5526275634765625,1.6084504055614453
1778693725682294202,2.6927969455718994,1.5607666969299316,1.6086227015093986
1778693725698521259,2.6939327716827393,1.5665844678878784,1.6093683406564292
1778693725715300108,2.689554214477539,1.5743309259414673,1.6086613746159304
1778693725731196564,2.69002366065979,1.5806881189346313,1.6091364714746907
1778693725747028326,2.6899023056030273,1.5867146253585815,1.609587973939
1778693725761761280,2.688481569290161,1.5944725275039673,1.6094167805204753
1778693725775759983,2.687140464782715,1.6020784378051758,1.6094706847653761
1778693725788495093,2.6876161098480225,1.6076933145523071,1.6100571571611975
1778693725804354337,2.690990924835205,1.6112676858901978,1.6114288186920476
1778693725818860318,2.6872546672821045,1.6186306476593018,1.611091103360158
1778693725833572423,2.6838507652282715,1.6287267208099365,1.610546883415234
1778693725849298813,2.689987897872925,1.6328543424606323,1.612291910296829
1778693725864161636,2.6869897842407227,1.6386733055114746,1.6119576226605625
1778693725880034877,2.6890480518341064,1.6457576751708984,1.612630587598454
1778693725893531441,2.6866190433502197,1.6514673233032227,1.6126862299507694
1778693725908103498,2.692039728164673,1.6604292392730713,1.6138060162541648
1778693725920126529,2.687868118286133,1.661064863204956,1.613593208694127
1778693725934691553,2.684380531311035,1.671646237373352,1.6138354002987783
1778693725947964831,2.6861605644226074,1.6832728385925293,1.6134502277548095
1778693725963985523,2.686020851135254,1.6858506202697754,1.6143328034327713
1778693725977907539,2.687408685684204,1.6912916898727417,1.615271707162049
1778693725992807222,2.6877365112304688,1.6964004039764404,1.6158264772068969
1778693726008357967,2.686814069747925,1.7054343223571777,1.61557804310434
1778693726022402858,2.6883134841918945,1.70989191532135,1.6164830404229147
1778693726037023277,2.687023401260376,1.7204793691635132,1.6159644980826815
1778693726049981384,2.6839544773101807,1.7277864217758179,1.6154890513135325
1778693726061296363,2.6842727661132812,1.7304621934890747,1.616373501141786
1778693726072098113,2.685253620147705,1.736979365348816,1.6167646827305266
1778693726085688436,2.6818134784698486,1.7450578212738037,1.615955258688324
1778693726100842514,2.6817870140075684,1.7517902851104736,1.6160803235325958
1778693726114881774,2.6791911125183105,1.7609392404556274,1.6155407048868913
1778693726128162075,2.6790688037872314,1.766326904296875,1.615874341603507
1778693726141473165,2.6792428493499756,1.7719459533691406,1.6162805260561581
1778693726154796458,2.6742520332336426,1.7767030000686646,1.6158122772679702
1778693726173324076,2.674412488937378,1.7801836729049683,1.6162630400148563
1778693726190814174,2.6809771060943604,1.7933787107467651,1.6169593063726089
1778693726207091286,2.6767284870147705,1.792442798614502,1.6175580600514539
1778693726225259978,2.6785435676574707,1.8060003519058228,1.6173734294639308
1778693726239554766,2.678913116455078,1.8102095127105713,1.6179068285359977
1778693726255320592,2.679661512374878,1.8187288045883179,1.6179939217424453
1778693726271843203,2.679450035095215,1.822779893875122,1.618538468172662
1778693726288087272,2.6766769886016846,1.8296607732772827,1.618289464922705
1778693726305227491,2.676725149154663,1.83285391330719,1.6187493219604079
1778693726323157558,2.6754539012908936,1.8406660556793213,1.6185831503790364
1778693726340307436,2.673339366912842,1.8444138765335083,1.6188871678546555
1778693726356393984,2.6714589595794678,1.8528213500976562,1.6184177147694858
1778693726375939145,2.6693434715270996,1.8563660383224487,1.6187109657274659
1778693726389638376,2.6684234142303467,1.8600966930389404,1.6188777504427074
1778693726404424141,2.67128849029541,1.8744583129882812,1.618925474259994
1778693726424030087,2.6696486473083496,1.87932288646698,1.6191577978677565
1778693726439359320,2.671234607696533,1.894248127937317,1.6186649438996559
1778693726457712725,2.6731934547424316,1.895068645477295,1.619778599604637
1778693726502118092,2.664734363555908,1.8946701288223267,1.6198115706572966
1778693726517268012,2.6677558422088623,1.9012075662612915,1.620530460660421
1778693726532453380,2.665408134460449,1.913135290145874,1.6195234827033187
1778693726545312437,2.667189598083496,1.9161689281463623,1.620384824277252
1778693726568152637,2.6643731594085693,1.9225490093231201,1.619769996716678
1778693726582498202,2.665876865386963,1.9311645030975342,1.6202734504553942
1778693726598239892,2.667452335357666,1.9423694610595703,1.6201189249219836
1778693726617204073,2.6642675399780273,1.946249008178711,1.6198542663720048
1778693726629754030,2.668142795562744,1.9567817449569702,1.620123229273615
1778693726642538976,2.668306589126587,1.9605193138122559,1.620501013696619
1778693726654414415,2.6699492931365967,1.9662144184112549,1.6214732368251434
1778693726684280838,2.6701712608337402,1.9783377647399902,1.621260195084954
1778693726695355499,2.6674208641052246,1.9800647497177124,1.6215692572013858
1778693726707147008,2.669520378112793,1.9889620542526245,1.621724930450472
1778693726720294736,2.6660635471343994,1.9907326698303223,1.6219472092193066
1778693726749505638,2.6694633960723877,2.0017571449279785,1.6218128244365777
1778693726761959281,2.66672945022583,2.009655237197876,1.6216728225714234
1778693726773019694,2.6663737297058105,2.015336751937866,1.6218706678009938
1778693726783651490,2.6656382083892822,2.0212819576263428,1.6220991227886072
1778693726793203223,2.6666078567504883,2.029139757156372,1.6224525402746681
1778693726806977648,2.6676809787750244,2.0332467555999756,1.6232032876992197
1778693726825540774,2.6672165393829346,2.0434229373931885,1.6224134181942143
1778693726840016467,2.6627049446105957,2.0457749366760254,1.622562143406673
1778693726856668314,2.6636948585510254,2.056112051010132,1.6221237706383458
1778693726872872958,2.6675827503204346,2.060736894607544,1.6233597497117163
1778693726889654923,2.660498857498169,2.0681955814361572,1.622099246221681
1778693726905665606,2.6606333255767822,2.0731167793273926,1.6221718186614054
1778693726920501477,2.6646881103515625,2.0885422229766846,1.6224541366274536
1778693726940828710,2.6691837310791016,2.0915277004241943,1.6236356625149848
1778693726956875944,2.6673707962036133,2.1057636737823486,1.6223854475130888
1778693726974165298,2.6680893898010254,2.1098241806030273,1.6232829281688912
1778693726990725660,2.668614149093628,2.111764907836914,1.6239502610553174
1778693727004550501,2.669243097305298,2.126784324645996,1.6233116986395473
1778693727022026662,2.667085647583008,2.127779722213745,1.6238365289680274
1778693727040443789,2.6784002780914307,2.1599345207214355,1.6228154832048305
1778693727055335736,2.676482915878296,2.1598961353302,1.6234282336915926
1778693727073355665,2.672049045562744,2.1602046489715576,1.6232897727992828
1778693727089843088,2.670426368713379,2.1648364067077637,1.6236450034032925
1778693727124553198,2.669847249984741,2.164351224899292,1.6240523242790064
1778693727136712609,2.6611011028289795,2.172684907913208,1.6235134978748778
1778693727147959819,2.6681597232818604,2.1901323795318604,1.6229528922757062
1778693727165030826,2.668604850769043,2.190737724304199,1.623870873199254
1778693727178064617,2.665759801864624,2.1959054470062256,1.6237779777852943
1778693727190659540,2.6628482341766357,2.198575735092163,1.6243646312201812
1778693727206884211,2.658585786819458,2.203963279724121,1.623685432075769
1778693727223334664,2.6548149585723877,2.1988584995269775,1.6240704842113496
1778693727237792102,2.6591618061065674,2.2165069580078125,1.62394040652507
1778693727256653227,2.6592235565185547,2.2195048332214355,1.6242715525457094
1778693727271049067,2.657097816467285,2.2341291904449463,1.6228738390163029
1778693727287625360,2.6631391048431396,2.240062952041626,1.6240750781752278
1778693727303711067,2.6664347648620605,2.24566650390625,1.6250793930433485
1778693727331927360,2.6794028282165527,2.2678070068359375,1.625006092455243
1778693727342472049,2.669373035430908,2.263303279876709,1.6253664007315591
1778693727355875715,2.6677803993225098,2.2743544578552246,1.6255472288568587
1778693727371889324,2.6664648056030273,2.277993679046631,1.6263311500661495
1778693727387992694,2.6687183380126953,2.287057399749756,1.6256810105164148
1778693727405776893,2.667921781539917,2.2935149669647217,1.627126869159536
1778693727422732740,2.6647932529449463,2.29848051071167,1.6292661852963717
1778693727439087080,2.65425968170166,2.288599729537964,1.6328516621015612
1778693727454939711,2.6605920791625977,2.3044543266296387,1.638330566049959
1778693727471823692,2.6641318798065186,2.3144922256469727,1.6440305276409815
1778693727488990342,2.661179780960083,2.3247270584106445,1.6497014105002554
1778693727504294576,2.654026508331299,2.331782341003418,1.6556732793755142
1778693727524101286,2.658403158187866,2.339217185974121,1.6626379576021308
1778693727539949830,2.6673734188079834,2.336205005645752,1.6712543991470807
1778693727557739448,2.6564090251922607,2.357450246810913,1.6762438437666156
1778693727574117824,2.657036066055298,2.354618787765503,1.6836482169844562
1778693727590940667,2.6583218574523926,2.351820468902588,1.6916483480402795
1778693727603753235,2.651709794998169,2.3539681434631348,1.697900272104319
1778693727640289330,2.6472086906433105,2.364401340484619,1.7042142469224415
1778693727653415477,2.6466352939605713,2.366365671157837,1.7121738336206587
1778693727673287141,2.6432366371154785,2.3720428943634033,1.719047682198478
1778693727686412085,2.6460564136505127,2.3830220699310303,1.7277300351633438
1778693727697715573,2.639425039291382,2.3846471309661865,1.7340009482696623
1778693727716807027,2.6394920349121094,2.3898448944091797,1.7420236466842718
1778693727740241762,2.636294364929199,2.396221399307251,1.7505518980007833
1778693727753895586,2.632411003112793,2.4092459678649902,1.7577520482892715
1778693727763443523,2.631481170654297,2.4121265411376953,1.766581490359315
1778693727774656558,2.6280484199523926,2.4182283878326416,1.7743143077492687
1778693727787869580,2.6259307861328125,2.4270291328430176,1.7820452716606507
1778693727805282540,2.626110792160034,2.4323573112487793,1.7907931214908084
1778693727822916142,2.621790647506714,2.4405813217163086,1.7989631552063816
1778693727839666316,2.6214420795440674,2.4417057037353516,1.8076091935082634
1778693727857608958,2.623950481414795,2.434763193130493,1.8163604235524975
1778693727875439295,2.6218979358673096,2.440213680267334,1.8245714658544745
1778693727890836446,2.62137508392334,2.4442389011383057,1.8340856221218171
1778693727906850206,2.6208696365356445,2.460968255996704,1.8429923420904344
1778693727932396562,2.611924409866333,2.4709949493408203,1.8510848210752244
1778693727945330111,2.611424684524536,2.4750561714172363,1.8609933746763552
1778693727957581107,2.607046365737915,2.4801902770996094,1.8696395383072497
1778693727972202979,2.603951930999756,2.487699508666992,1.878919048327918
1778693727989373867,2.6000382900238037,2.494997024536133,1.888561972391137
1778693728007173305,2.598097562789917,2.498198986053467,1.897807506505182
1778693728023455116,2.596328020095825,2.5027379989624023,1.9092446581077598
1778693728041906278,2.594149112701416,2.5169734954833984,1.9186321817557945
1778693728055754803,2.5849428176879883,2.526491641998291,1.9286971886513906
1778693728074357034,2.582252025604248,2.5296874046325684,1.937655552176076
1778693728090265522,2.583233118057251,2.5322322845458984,1.9481462522881066
1778693728105618219,2.578369617462158,2.542531967163086,1.9587209654633093
1778693728124162548,2.5681424140930176,2.5512261390686035,1.9685948960305724
1778693728140585689,2.569972038269043,2.5506510734558105,1.9781779981755978
1778693728158463416,2.566568374633789,2.5556130409240723,1.9890702691193791
1778693728173198063,2.560896635055542,2.561310291290283,1.9997979345730854
1778693728192156594,2.560920000076294,2.565915107727051,2.0102012448848634
1778693728208396695,2.554072618484497,2.574798583984375,2.0212397842745493
1778693728240334421,2.5462260246276855,2.5812950134277344,2.03168871183875
1778693728256298185,2.5495381355285645,2.5798795223236084,2.0426985270556512
1778693728270753700,2.544412612915039,2.592088460922241,2.0533730478306107
1778693728285054328,2.5401244163513184,2.595461845397949,2.062754919724254
1778693728298489635,2.5372912883758545,2.595003366470337,2.0739979134657194
1778693728338245146,2.5302681922912598,2.6012964248657227,2.0837910090306324
1778693728354420473,2.5312719345092773,2.6033730506896973,2.0954387365816034
1778693728369347578,2.518897533416748,2.614745855331421,2.1060820421971123
1778693728382761233,2.5184834003448486,2.6229441165924072,2.1170940510678107
1778693728398618043,2.526893138885498,2.6138980388641357,2.1273054435284413
1778693728413569935,2.5107476711273193,2.626771926879883,2.138108034651055
1778693728438533538,2.5086722373962402,2.6325325965881348,2.149118497731228
1778693728453951320,2.5036919116973877,2.6369240283966064,2.1602684855577725
1778693728469500622,2.4999806880950928,2.638737440109253,2.1697622638318204
1778693728482801362,2.4946420192718506,2.6425952911376953,2.1799240772168407
1778693728496257058,2.4899914264678955,2.6492247581481934,2.192345326161256
1778693728509792496,2.4865241050720215,2.6522254943847656,2.2028210762712903
1778693728526624187,2.4824936389923096,2.653963327407837,2.212567631335569
1778693728541258232,2.4860963821411133,2.6555612087249756,2.2239066902381612
1778693728558278382,2.471724033355713,2.660259485244751,2.2335957724195445
1778693728572149671,2.4663915634155273,2.664198875427246,2.2439476508362226
1778693728586330652,2.4600586891174316,2.6699867248535156,2.256208147306695
1778693728602701803,2.4538118839263916,2.675663471221924,2.267213076962173
1778693728618037127,2.448687791824341,2.6767425537109375,2.277856771559995
1778693728633647406,2.4432079792022705,2.6792895793914795,2.287977645063006
1778693728653129495,2.4369049072265625,2.685342311859131,2.2985124989872237
1778693728670545531,2.433319330215454,2.6894476413726807,2.3098611422638196
1778693728688512309,2.4281535148620605,2.693399429321289,2.320870361801561
1778693728705050699,2.4219131469726562,2.697805643081665,2.3314048373741825
1778693728720355194,2.417215585708618,2.7012152671813965,2.342392931393475
1778693728735008987,2.411302328109741,2.703991413116455,2.352627477738669
1778693728750564241,2.4069337844848633,2.7077834606170654,2.3632376138410884
1778693728787388956,2.3995041847229004,2.7122914791107178,2.3742845561489334
1778693728801782232,2.3940811157226562,2.7147469520568848,2.3847223646352957
1778693728819422796,2.3885390758514404,2.7178854942321777,2.3952069501432898
1778693728837259876,2.3816897869110107,2.721029043197632,2.405469938070896
1778693728853918276,2.376739978790283,2.724794387817383,2.4166125031198264
1778693728871493475,2.3794426918029785,2.728079319000244,2.4277036517118384
1778693728886876570,2.3701388835906982,2.7304751873016357,2.43833462872969
1778693728905210108,2.36425518989563,2.733412742614746,2.4486656230845867
1778693728924848175,2.367619037628174,2.7364485263824463,2.460076741750796
1778693728945553570,2.360056161880493,2.739036798477173,2.470881943307348
1778693728963380100,2.3483762741088867,2.7410051822662354,2.480804750700899
1778693728980934971,2.3400511741638184,2.7446701526641846,2.491997364424901
1778693728998635239,2.335792064666748,2.747478723526001,2.5029848038941243
1778693729020023868,2.33123779296875,2.749624013900757,2.5138747764258915
1778693729036763553,2.326050281524658,2.751818895339966,2.524688314972429
1778693729053999425,2.319728374481201,2.7541720867156982,2.5354178689555007
1778693729072313725,2.312809705734253,2.756939172744751,2.546141723125628
1778693729090930724,2.3112845420837402,2.759568691253662,2.557363498884702
1778693729109476306,2.3018620014190674,2.7618958950042725,2.5682431303313
1778693729128500682,2.295074224472046,2.7631936073303223,2.5786464382340335
1778693729149960416,2.2887048721313477,2.765516996383667,2.589434930929266
1778693729171100271,2.28371000289917,2.767585277557373,2.600407997587595
1778693729186747891,2.2801637649536133,2.7700541019439697,2.611790426786651
1778693729204200446,2.2711939811706543,2.7711925506591797,2.6223595258854506
1778693729222534665,2.2640204429626465,2.773277997970581,2.6329747926050193
1778693729241199855,2.259920597076416,2.7750041484832764,2.644066715392645
1778693729260805040,2.2528915405273438,2.776155710220337,2.654501591333457
1778693729278500529,2.2473273277282715,2.777784585952759,2.6652110784376672
1778693729296596232,2.24265718460083,2.7802655696868896,2.6766547992100045
1778693729316107427,2.238842248916626,2.7818877696990967,2.687455469298447
1778693729336418149,2.2311737537384033,2.7823691368103027,2.697475390292067
1778693729353613143,2.226260185241699,2.7838447093963623,2.7087759366667683
1778693729373233567,2.2193000316619873,2.784514904022217,2.7195403495234034
1778693729393087356,2.2117760181427,2.7861361503601074,2.7307023500328858
1778693729409167942,2.2046310901641846,2.7862472534179688,2.7411346801641487
1778693729429054494,2.2007405757904053,2.786895513534546,2.7518825165723113
1778693729450586707,2.1984684467315674,2.7883965969085693,2.76289514453112
1778693729468846374,2.190366268157959,2.7886998653411865,2.7733689462060167
1778693729487917399,2.1824116706848145,2.7885823249816895,2.7835620747682093
1778693729506500472,2.174250364303589,2.7903687953948975,2.7953153771090453
1778693729525483028,2.168980121612549,2.792178153991699,2.8066619177732295
1778693729546251103,2.163700580596924,2.7918386459350586,2.816912024749261
1778693729565757629,2.157618284225464,2.7930989265441895,2.827974095715793
1778693729582951621,2.1492414474487305,2.792880058288574,2.83880874563972
1778693729602747870,2.145418643951416,2.7937021255493164,2.84965490107321
1778693729622710437,2.137509822845459,2.794079065322876,2.860751952671358
1778693729643847206,2.1387691497802734,2.7966201305389404,2.8720662619630977
1778693729664481976,2.13045334815979,2.7949259281158447,2.8822644412828295
1778693729684731931,2.125415086746216,2.795609712600708,2.8929161272449577
1778693729704266762,2.117745876312256,2.7960808277130127,2.9043534817875205
1778693729724351562,2.109794855117798,2.796914577484131,2.915028774232868
1778693729744257310,2.100994825363159,2.796807050704956,2.9259183612734345
1778693729765666639,2.098477363586426,2.7967982292175293,2.9365706328891337
1778693729786845628,2.0956411361694336,2.7978293895721436,2.9473135578336365
1778693729807783757,2.090738534927368,2.7957377433776855,2.9559336870723247
1778693729825993187,2.0876290798187256,2.7948460578918457,2.9636946788092673
1778693729846420972,2.0878167152404785,2.794907331466675,2.9703527999989374
1778693729869191119,2.0869674682617188,2.7954788208007812,2.9749009081750923
1778693729889633752,2.08605694770813,2.794513702392578,2.977252869856943
1778693729914647732,2.0856196880340576,2.7940590381622314,2.978634918680189
1778693729935229851,2.0861077308654785,2.7946977615356445,2.9794480172345343
1778693729955861105,2.084259510040283,2.794013261795044,2.982354079937564
1778693729977379712,2.0819010734558105,2.79376482963562,2.9844864102868938
1778693729997043549,2.0790066719055176,2.793734312057495,2.9909007741249334
1778693730015080860,2.0788254737854004,2.7940282821655273,2.9950907733316505
1778693730036497673,2.0711891651153564,2.7939229011535645,3.0010192681242134
1778693730055513182,2.0605595111846924,2.7934482097625732,3.0075525688372466
1778693730076566341,2.0561821460723877,2.7936880588531494,3.015148302079859
1778693730099432831,2.048541784286499,2.7930712699890137,3.032998920362172
1778693730122891461,2.039539098739624,2.7926273345947266,3.041417509828018
1778693730148250209,2.030303478240967,2.7920279502868652,3.0481948879300305
1778693730169459155,2.019789695739746,2.7925612926483154,3.059416219033541
1778693730190361526,2.0122268199920654,2.7918643951416016,3.063645204535047
1778693730213610737,2.006486654281616,2.7932968139648438,3.0679228992617085
1778693730234152860,1.9916902780532837,2.792152166366577,3.0732656556027016
1778693730255184668,1.9855520725250244,2.793109178543091,3.0759569089141237
1778693730275611661,1.978943943977356,2.7926132678985596,3.077907034842942
1778693730297104860,1.9728827476501465,2.7924938201904297,3.0796059186034705
1778693730317693281,1.960510492324829,2.7936739921569824,3.083312588663047
1778693730339411339,1.9584920406341553,2.7946107387542725,3.0850347027918845
1778693730359901212,1.9527546167373657,2.796128511428833,3.0877576686782664
1778693730380819885,1.9334406852722168,2.794401168823242,3.0900674471885328
1778693730400826976,1.9258778095245361,2.793581247329712,3.091703912592205
1778693730417964741,1.9176353216171265,2.793724298477173,3.093767353806944
1778693730436073649,1.9122250080108643,2.7941527366638184,3.0949028976705724
1778693730454202055,1.9039751291275024,2.79451060295105,3.097740968097705
1778693730474044582,1.9013783931732178,2.7952921390533447,3.0989521715300468
1778693730494819540,1.8985899686813354,2.7970712184906006,3.1009382157403786
1778693730515224181,1.8834623098373413,2.795593023300171,3.104084493847984
1778693730535079853,1.8745901584625244,2.7955644130706787,3.1058140016285036
1778693730555676581,1.8696730136871338,2.7976746559143066,3.1081453243897115
1778693730574514952,1.8625068664550781,2.796085834503174,3.108962934555377
1778693730595859256,1.8611482381820679,2.796295642852783,3.110398187185366
1778693730615719347,1.8564143180847168,2.8023178577423096,3.11432050749296
1778693730634074866,1.840454339981079,2.7978591918945312,3.114974868322917
1778693730656436473,1.837971806526184,2.7982516288757324,3.116559709756377
1778693730677162888,1.8384183645248413,2.798710584640503,3.1180557934607513
1778693730697737032,1.8403207063674927,2.800126075744629,3.121103414470177
1778693730716998941,1.838887095451355,2.799450397491455,3.1226703918273144
1778693730740155906,1.8381227254867554,2.799619436264038,3.1238701990683277
1778693730759297766,1.8361058235168457,2.800668954849243,3.12522626843734
1778693730776797221,1.8365328311920166,2.799934148788452,3.1258055033656964
1778693730797821064,1.8358880281448364,2.801069736480713,3.1295533133470217
1778693730815242960,1.8320904970169067,2.8005690574645996,3.130364820541239
1778693730833486656,1.8277771472930908,2.8007395267486572,3.1315738078377553
1778693730853394358,1.829018235206604,2.8010547161102295,3.133351444317966
1778693730869498359,1.8268684148788452,2.801109790802002,3.133372420191374
1778693730890292524,1.8260120153427124,2.8033671379089355,3.136024853864559
1778693730910212670,1.8202325105667114,2.803835153579712,3.1367948011685254
1778693730928017377,1.8121753931045532,2.8048205375671387,3.1390641331322144
1778693730949860504,1.8116950988769531,2.8056986331939697,3.140069216280476
1778693730968031030,1.7966742515563965,2.805344820022583,3.141456860884934
1778693730988457853,1.7951704263687134,2.8060097694396973,-3.14126064817364
1778693731005921239,1.790982961654663,2.810105085372925,-3.139358353524442
1778693731028024692,1.7903549671173096,2.8099193572998047,-3.1388340186389683
1778693731047241535,1.7875241041183472,2.809774160385132,-3.1369076033759606
1778693731066945208,1.785416603088379,2.8096954822540283,-3.1366151386216194
1778693731088778355,1.7840919494628906,2.8096132278442383,-3.135824146243431
1778693731106841256,1.7818498611450195,2.8105719089508057,-3.1345349097519977
1778693731124599395,1.77706778049469,2.8157966136932373,-3.132165577748542
1778693731141356863,1.7760646343231201,2.816840648651123,-3.1313222837310564
1778693731158953193,1.7747349739074707,2.8168880939483643,-3.1299033404767362
1778693731179117174,1.7721610069274902,2.8156754970550537,-3.1294970246530864
1778693731200423436,1.7726433277130127,2.8163015842437744,-3.1271895920588477
1778693731220079958,1.7713713645935059,2.816429853439331,-3.12666499810076
1778693731240487344,1.7689568996429443,2.8179540634155273,-3.126204394013608
1778693731260019289,1.7659989595413208,2.8242909908294678,-3.1234111200999566
1778693731279336373,1.752052664756775,2.8235297203063965,-3.1236969409956754
1778693731298146410,1.7242152690887451,2.817624092102051,-3.1235950443164806
1778693731322915512,1.7219985723495483,2.818113327026367,-3.1228195650937822
1778693731342521187,1.7182952165603638,2.8187105655670166,-3.122012180776271
1778693731361444741,1.712951898574829,2.8192362785339355,-3.122120709335303
1778693731380909197,1.6954842805862427,2.817905902862549,-3.1213234175716473
1778693731399519692,1.6914992332458496,2.8191845417022705,-3.1209981342285276
1778693731418503350,1.6930218935012817,2.8194921016693115,-3.120100081833929
1778693731437386236,1.6960679292678833,2.8190362453460693,-3.1185730297194683
1778693731456345588,1.6878207921981812,2.8174121379852295,-3.1187919418771592
1778693731477459482,1.6842422485351562,2.819065570831299,-3.1179596253989423
1778693731496129432,1.6763603687286377,2.8239126205444336,-3.116511773149845
1778693731516376862,1.6739578247070312,2.824394941329956,-3.1157236419131493
1778693731535087269,1.6714801788330078,2.825563669204712,-3.114995004936871
1778693731552528983,1.6625193357467651,2.8287177085876465,-3.113652663150913
1778693731571739484,1.6598554849624634,2.8304152488708496,-3.1131735900385786
1778693731591540342,1.654691457748413,2.832862377166748,-3.1120593782056285
1778693731611372881,1.6531089544296265,2.834186315536499,-3.1107632926035413
1778693731629876322,1.6555447578430176,2.8345394134521484,-3.108806296548525
1778693731648697370,1.652957558631897,2.8350279331207275,-3.108346828127423
1778693731666180564,1.6534749269485474,2.8349764347076416,-3.1082466916802463
1778693731683104550,1.6540272235870361,2.8350918292999268,-3.1075530975341557
1778693731700878449,1.6523582935333252,2.834235906600952,-3.1068876075438094
1778693731717818726,1.6503574848175049,2.8355679512023926,-3.106585611547291
1778693731735924579,1.644361138343811,2.8382904529571533,-3.1049530456364853
1778693731754706802,1.6417644023895264,2.8401072025299072,-3.104559572516228
1778693731775018916,1.6415343284606934,2.8402347564697266,-3.1038290354360227
1778693731791403563,1.6420631408691406,2.841200113296509,-3.1030983881881187
1778693731808833686,1.6414566040039062,2.841057300567627,-3.1016736500500395
1778693731824372969,1.6406188011169434,2.840596914291382,-3.101272049384101
1778693731841992072,1.6417224407196045,2.840815544128418,-3.1008531310956946
1778693731857947008,1.6404047012329102,2.840841054916382,-3.100925479365068
1778693731876163061,1.6363346576690674,2.846597909927368,-3.0991286966635743
1778693731894917903,1.6372987031936646,2.8473916053771973,-3.0979163532440945
1778693731914237692,1.6374253034591675,2.8478527069091797,-3.097120727533434
1778693731931949873,1.6374560594558716,2.848754405975342,-3.0958526781798352
1778693731947754412,1.637014627456665,2.848275661468506,-3.096123306648717
1778693731965254879,1.6371182203292847,2.8480746746063232,-3.0954335044843915
1778693731980599621,1.636239767074585,2.847721576690674,-3.0951531007491186
1778693731997727006,1.636841058731079,2.847944974899292,-3.0942353464478694
1778693732015915616,1.6361175775527954,2.8482015132904053,-3.093606820727528
1778693732033718500,1.637265682220459,2.84861421585083,-3.0934945611761893
1778693732052097524,1.6414926052093506,2.851818084716797,-3.092243234591883
1778693732070217112,1.641719102859497,2.851515769958496,-3.0919414469230073
1778693732088939141,1.6423273086547852,2.85318660736084,-3.090975504356882
1778693732108586165,1.642403483390808,2.8535773754119873,-3.0902408805520474
1778693732125870730,1.6425089836120605,2.855720043182373,-3.088695448934804
1778693732141993807,1.642338752746582,2.8556203842163086,-3.088455591256672
1778693732161154543,1.6413708925247192,2.8564860820770264,-3.0881397712275587
1778693732179213466,1.640546441078186,2.8570687770843506,-3.087538790790941
1778693732196426213,1.639040231704712,2.8597280979156494,-3.085894189877885
1778693732215417967,1.6384326219558716,2.86213755607605,-3.0847695528755152
1778693732233358223,1.6374844312667847,2.8636271953582764,-3.0835608084902377
1778693732251645642,1.636744499206543,2.863954782485962,-3.083556455798889
1778693732270284211,1.637673020362854,2.864564895629883,-3.0823400784088357
1778693732286372292,1.6368743181228638,2.8650619983673096,-3.0818682746970394
1778693732303831800,1.6360621452331543,2.8647525310516357,-3.081412836154298
1778693732323634311,1.6352958679199219,2.8643152713775635,-3.081243025399072
1778693732341303600,1.636505365371704,2.8665263652801514,-3.080267135400662
1778693732356968994,1.635383129119873,2.8665781021118164,-3.079876759582902
1778693732375466855,1.6337958574295044,2.8674912452697754,-3.0790198857169893
1778693732390704041,1.63340425491333,2.8675332069396973,-3.078845705514528
1778693732408842165,1.6337401866912842,2.867710828781128,-3.0780450078527264
1778693732425041017,1.632789969444275,2.8666765689849854,-3.078451744643737
1778693732442900449,1.6352100372314453,2.868910074234009,-3.0774750990139426
1778693732461159314,1.6333930492401123,2.8688149452209473,-3.0770173443817295
1778693732477052272,1.633015751838684,2.8685600757598877,-3.076623634259511
1778693732495609486,1.631421685218811,2.868483304977417,-3.0757404965450528
1778693732513943574,1.6346255540847778,2.8685336112976074,-3.0757518558002217
1778693732534128755,1.6334935426712036,2.868964910507202,-3.075377958498144
1778693732553105600,1.6343040466308594,2.8688371181488037,-3.0761501461575538
1778693732571318958,1.6338764429092407,2.869046449661255,-3.075797419154202
1778693732587965875,1.6329913139343262,2.8697941303253174,-3.076134397660787
1778693732603751789,1.6330350637435913,2.870224714279175,-3.075919302661771
1778693732620828116,1.631645917892456,2.8708786964416504,-3.075617843568946
1778693732639729066,1.6306120157241821,2.8708198070526123,-3.0747382836492863
1778693732658331456,1.629933476448059,2.8701000213623047,-3.074339151737079
1778693732676564331,1.6296536922454834,2.8692080974578857,-3.074013448360881
1778693732695702123,1.6303019523620605,2.8693554401397705,-3.074330896269351
1778693732715509283,1.6310865879058838,2.870948076248169,-3.0738650753495778
1778693732732961428,1.6306037902832031,2.869074583053589,-3.0745143443663694
1778693732751441454,1.6317754983901978,2.8674018383026123,-3.0761782259508905
1778693732770154376,1.6323935985565186,2.8674614429473877,-3.076229666950772
1778693732786911824,1.6330983638763428,2.8662025928497314,-3.0782674480080408
1778693732806329551,1.6335272789001465,2.866225004196167,-3.0779034897675244
1778693732824174625,1.6322808265686035,2.8650705814361572,-3.0799084009614432
1778693732842157452,1.6350924968719482,2.865321397781372,-3.080349282136751
1778693732858499488,1.6353737115859985,2.864906072616577,-3.0803494870516737
1778693732875979155,1.633581280708313,2.8666322231292725,-3.079006899003871
1778693732892109667,1.6289457082748413,2.8629589080810547,-3.081829055071408
1778693732913314605,1.629854679107666,2.8623015880584717,-3.0828327432941594
1778693732931513064,1.6290321350097656,2.860651969909668,-3.084282752898497
1778693732948132298,1.6276490688323975,2.8581788539886475,-3.0842968585313737
1778693732964584183,1.6266969442367554,2.858821153640747,-3.0843041274468757
1778693732984275723,1.6282392740249634,2.8595845699310303,-3.0850355268754948
1778693733002278548,1.6278866529464722,2.8580846786499023,-3.085873058869032
1778693733021587567,1.6273269653320312,2.8580985069274902,-3.0849404130949623
1778693733039972753,1.6248984336853027,2.8573102951049805,-3.084902539439957
1778693733056853256,1.625476360321045,2.857649326324463,-3.0843307280064414
1778693733075025996,1.624182939529419,2.8568367958068848,-3.0855121278988262
1778693733092206271,1.6209551095962524,2.855548858642578,-3.0869153652740504
1778693733113296120,1.6210620403289795,2.8558740615844727,-3.0861082837808
1778693733132757349,1.6212655305862427,2.855658769607544,-3.0853798382794557
1778693733152250159,1.622624397277832,2.8568732738494873,-3.083265255561577
1778693733172087396,1.6237338781356812,2.8554463386535645,-3.0842525888616716
1778693733188575320,1.623532772064209,2.855916738510132,-3.084343417295481
1778693733206568307,1.623774766921997,2.857923984527588,-3.0835165056783
1778693733222469671,1.6219968795776367,2.857656717300415,-3.083032955516673
1778693733240079777,1.6189709901809692,2.8536593914031982,-3.084621412577705
1778693733256190070,1.6176948547363281,2.853072166442871,-3.084673475978069
1778693733274729099,1.619125485420227,2.852046251296997,-3.0865957330485463
1778693733291940213,1.624352216720581,2.8514299392700195,-3.086056765478148
1778693733311462760,1.622388243675232,2.85018253326416,-3.087097714536113
1778693733329751221,1.6254709959030151,2.852191686630249,-3.0858349858118768
1778693733345654809,1.6264982223510742,2.8535335063934326,-3.0855158890505066
1778693733362672174,1.625504970550537,2.85504412651062,-3.0851746157587407
1778693733379583536,1.6303298473358154,2.8526623249053955,-3.086523918000665
1778693733399833651,1.6285192966461182,2.851844549179077,-3.086580975037345
1778693733416808665,1.6285690069198608,2.8544938564300537,-3.08522189425573
1778693733434480138,1.627804160118103,2.8552191257476807,-3.08423475474567
1778693733452060357,1.6288577318191528,2.853872299194336,-3.0847533868341483
1778693733467576135,1.6260452270507812,2.8519246578216553,-3.0839635337148734
1778693733482607959,1.6248862743377686,2.8517959117889404,-3.0845543241097393
1778693733499568295,1.6236562728881836,2.8504159450531006,-3.085247355674868
1778693733515659752,1.6240209341049194,2.8443331718444824,-3.0899770913586155
1778693733532776977,1.6239930391311646,2.844719409942627,-3.0900113008435044
1778693733547683402,1.6283092498779297,2.846564531326294,-3.088504303943128
1778693733563085142,1.628670334815979,2.8468284606933594,-3.0886654396254793
1778693733578367054,1.6271125078201294,2.84708833694458,-3.0882674743001877
1778693733594130364,1.6274421215057373,2.8464484214782715,-3.0888492201305557
1778693733611053619,1.6243823766708374,2.846372604370117,-3.088470375243154
1778693733626470248,1.624084234237671,2.8463375568389893,-3.0879103619147306
1778693733642725197,1.6253803968429565,2.8459441661834717,-3.087654796323362
1778693733658555435,1.6252511739730835,2.846526622772217,-3.087346163688997
1778693733673401415,1.6253187656402588,2.8490099906921387,-3.084075925680378
1778693733689402910,1.6241978406906128,2.8486506938934326,-3.083746793053799
1778693733706641336,1.6250014305114746,2.8495984077453613,-3.0844111922592807
1778693733724109702,1.6241182088851929,2.8489391803741455,-3.084898164533878
1778693733741111276,1.623299479484558,2.849064588546753,-3.084428333377016
1778693733758944127,1.6295331716537476,2.8521854877471924,-3.083393926177707
1778693733776777569,1.62758207321167,2.8515377044677734,-3.0830729549834595
1778693733797066238,1.6249381303787231,2.8544116020202637,-3.0811352174648894
1778693733812850028,1.6232872009277344,2.8503270149230957,-3.083586416475852
1778693733832386952,1.6223653554916382,2.8511135578155518,-3.083109246876347
1778693733849414356,1.6262190341949463,2.850695848464966,-3.0827116108868333
1778693733869739394,1.6270583868026733,2.851840019226074,-3.082239828274808
1778693733890055235,1.626176118850708,2.849976062774658,-3.08342904891148
1778693733907501658,1.6271663904190063,2.851001262664795,-3.0828567985324518
1778693733923348499,1.6217725276947021,2.8528833389282227,-3.082024102759596
1778693733939000988,1.62010657787323,2.8533079624176025,-3.081229087631819
1778693733954791370,1.6215529441833496,2.8537259101867676,-3.081792837912378
1778693733974897080,1.6202290058135986,2.856045722961426,-3.0782570697771585
1778693733993639337,1.6219803094863892,2.8534095287323,-3.0814954620589665
1778693734009097465,1.6222715377807617,2.8529653549194336,-3.081678441081263
1778693734025519923,1.6197997331619263,2.854612112045288,-3.081413241597147
1778693734047653234,1.6206107139587402,2.8544819355010986,-3.0812958128967365
1778693734065366016,1.6177963018417358,2.855915069580078,-3.080179427136294
1778693734084302072,1.6178089380264282,2.854609727859497,-3.0817973530900433
1778693734102227801,1.6195704936981201,2.853628158569336,-3.0808950632054652
1778693734121123340,1.6187329292297363,2.8535654544830322,-3.0812405168981845
1778693734136349045,1.6187918186187744,2.8537235260009766,-3.0804799926433595
1778693734151587383,1.6196495294570923,2.8517117500305176,-3.0817043372163315
1778693734168139309,1.620539665222168,2.8500397205352783,-3.084000678013172
1778693734183725541,1.6204594373703003,2.8496804237365723,-3.0844659115026127
1778693734198614202,1.6199004650115967,2.85264253616333,-3.0821280168932197
1778693734216518119,1.6191562414169312,2.8507637977600098,-3.0835862599081945
1778693734232606119,1.6182594299316406,2.8515682220458984,-3.083213751347834
1778693734249777488,1.618835210800171,2.850327491760254,-3.083528815955208
1778693734266025413,1.6193360090255737,2.8494057655334473,-3.083971776176068
1778693734285409105,1.6200898885726929,2.848958969116211,-3.084422935631947
1778693734305595909,1.621346354484558,2.8478283882141113,-3.085218529922478
1778693734328268699,1.6205745935440063,2.846161365509033,-3.084371710767051
1778693734349502041,1.6196510791778564,2.844280481338501,-3.086028755148857
1778693734369140730,1.620479941368103,2.843641519546509,-3.086714671129093
1778693734387855584,1.620837926864624,2.841804027557373,-3.086775486765979
1778693734406145889,1.622843623161316,2.8416614532470703,-3.088226251320225
1778693734423550793,1.6214274168014526,2.8414764404296875,-3.0876818855967203
1778693734441330092,1.6192065477371216,2.8390164375305176,-3.088155685051466
1778693734459928624,1.6179442405700684,2.8391382694244385,-3.0894714259109413
1778693734480025998,1.617514967918396,2.839272975921631,-3.088635718753126
1778693734496475318,1.6152602434158325,2.837944269180298,-3.088932402726253
1778693734517316992,1.6142860651016235,2.838325023651123,-3.089731520230987
1778693734535485715,1.6124099493026733,2.8367793560028076,-3.089786429561259
1778693734553645259,1.6138412952423096,2.8371407985687256,-3.0899204816183827
1778693734572997160,1.6109130382537842,2.838543653488159,-3.0897440177622313
1778693734590691537,1.6096844673156738,2.842358350753784,-3.0870038602531054
1778693734608959759,1.6081739664077759,2.8434267044067383,-3.086608003651938
1778693734624891631,1.6081781387329102,2.8434362411499023,-3.0848890212474687
1778693734643421052,1.608515739440918,2.8440771102905273,-3.084059060989516
1778693734661044824,1.6084446907043457,2.8433845043182373,-3.085206599523916
1778693734676591350,1.6062061786651611,2.843644142150879,-3.081396739520728
1778693734696626546,1.6067160367965698,2.846525192260742,-3.075955089779017
1778693734717253250,1.6071215867996216,2.84755277633667,-3.0716752167390386
1778693734736906486,1.606898307800293,2.8487391471862793,-3.0659709244195334
1778693734754797197,1.6096467971801758,2.8502085208892822,-3.0595350301780364
1778693734773001648,1.589569091796875,2.845580577850342,-3.0517060451922564
1778693734792607703,1.58976411819458,2.84641432762146,-3.0443813386548975
1778693734810523022,1.5907399654388428,2.8429062366485596,-3.0408624094525543
1778693734830024959,1.5831143856048584,2.839724063873291,-3.026255455900473
1778693734849034627,1.5785462856292725,2.8396453857421875,-3.018557199501906
1778693734868360618,1.5731395483016968,2.839214563369751,-3.0101190069525936
1778693734887240568,1.547287940979004,2.8350603580474854,-3.002403314769636
1778693734908828136,1.5441778898239136,2.8318347930908203,-2.9979212636082635
1778693734928537559,1.5416615009307861,2.829608678817749,-2.9894426164476764
1778693734946349571,1.518889307975769,2.8267102241516113,-2.9743938708294984
1778693734967173221,1.5144740343093872,2.824505090713501,-2.966866732707342
1778693734988435107,1.5132942199707031,2.823791265487671,-2.95851308148546
1778693735005600695,1.5047965049743652,2.821075916290283,-2.9507699773756233
1778693735024878334,1.5011736154556274,2.819025993347168,-2.942704146869706
1778693735049644149,1.489306926727295,2.8168420791625977,-2.934527329956839
1778693735073060117,1.4751362800598145,2.811702251434326,-2.9182650360238838
1778693735092790931,1.4711110591888428,2.808919906616211,-2.9091878250252705
1778693735110741948,1.463052749633789,2.8067824840545654,-2.9008836672968044
1778693735130317746,1.4497443437576294,2.8003852367401123,-2.8842335953468616
1778693735150035104,1.4466800689697266,2.798703193664551,-2.8739970935928487
1778693735171786786,1.4376018047332764,2.795628786087036,-2.865108133223108
1778693735191667716,1.4308476448059082,2.792923927307129,-2.85617410355492
1778693735211887504,1.4227304458618164,2.789825677871704,-2.847445399286285
1778693735232349273,1.4101791381835938,2.7832305431365967,-2.8288531875555356
1778693735251772901,1.40305757522583,2.780466079711914,-2.819216931912418
1778693735270963103,1.3981250524520874,2.7786591053009033,-2.8087054199440287
1778693735289589308,1.3916544914245605,2.773481845855713,-2.80035461452946
1778693735308781534,1.3841060400009155,2.7717974185943604,-2.789519946608404
1778693735330202985,1.3815281391143799,2.7693445682525635,-2.7793854977474615
1778693735349241307,1.3665485382080078,2.760930061340332,-2.7594413829572475
1778693735370017597,1.3635612726211548,2.757584571838379,-2.7497197626083048
1778693735391752897,1.35971200466156,2.753702402114868,-2.7398350833330536
1778693735411795466,1.3518168926239014,2.750643491744995,-2.728994674596154
1778693735431506723,1.3345507383346558,2.7406458854675293,-2.7101090633488174
1778693735452503143,1.3337337970733643,2.736375570297241,-2.700777421533436
1778693735474057237,1.3331407308578491,2.731595039367676,-2.6905755430085314
1778693735497248597,1.3208224773406982,2.7288026809692383,-2.679701223973817
1778693735519814783,1.309809923171997,2.722055435180664,-2.6588283334339495
1778693735541753833,1.2984251976013184,2.716035842895508,-2.6486542379948896
1778693735563878316,1.2917463779449463,2.7119836807250977,-2.637760567184078
1778693735583285141,1.2857768535614014,2.702916145324707,-2.617152792206401
1778693735611251165,1.2842035293579102,2.698056221008301,-2.607150455399206
1778693735638323634,1.2772148847579956,2.6899359226226807,-2.585699463922899
1778693735662999828,1.2682541608810425,2.6853320598602295,-2.5744990391048526
1778693735685823035,1.2563807964324951,2.6777896881103516,-2.5518980210737765
1778693735709789214,1.248286247253418,2.6707570552825928,-2.5422572788439335
1778693735733683094,1.2398356199264526,2.6605749130249023,-2.52087288456551
1778693735757893900,1.2349369525909424,2.6575756072998047,-2.5095025620201077
1778693735780664817,1.2353808879852295,2.652956247329712,-2.499288898643689
1778693735802168726,1.2258520126342773,2.6414008140563965,-2.4779727292826927
1778693735825063259,1.220851182937622,2.6368050575256348,-2.4664124847205415
1778693735846506342,1.2183647155761719,2.6345748901367188,-2.4556618860785386
1778693735869667684,1.2115049362182617,2.6232757568359375,-2.434754748862834
1778693735892813166,1.2065967321395874,2.61912202835083,-2.42309987054784
1778693735915208186,1.2022355794906616,2.6123909950256348,-2.412246440330128
1778693735939120081,1.1959806680679321,2.6041808128356934,-2.39033313114528
1778693735965487173,1.1884504556655884,2.5949206352233887,-2.38018745176415
1778693735988052438,1.1801862716674805,2.5868468284606934,-2.35788047641535
1778693736008551889,1.1785672903060913,2.5805439949035645,-2.3476947942002275
1778693736033365866,1.1788241863250732,2.575441360473633,-2.337405983717917
1778693736059957987,1.1693565845489502,2.5640745162963867,-2.315154462554651
1778693736085210361,1.1613479852676392,2.5534415245056152,-2.293000854402248
1778693736114868265,1.155055284500122,2.547346591949463,-2.2824028006820414
1778693736140529469,1.1511485576629639,2.5353200435638428,-2.261150595360734
1778693736162642661,1.1458580493927002,2.5306146144866943,-2.2495058866659785
1778693736185535310,1.1431519985198975,2.519684076309204,-2.2286765691724457
1778693736209791292,1.1401512622833252,2.5135042667388916,-2.217599513791778
1778693736235102328,1.1341131925582886,2.503049373626709,-2.1955846793158242
1778693736264175145,1.133040428161621,2.4975390434265137,-2.185025670380718
1778693736289681203,1.1256057024002075,2.4853296279907227,-2.163035027668683
1778693736315666716,1.1243749856948853,2.4788758754730225,-2.1525008664210517
1778693736341850668,1.1187572479248047,2.4677622318267822,-2.1304827597433205
1778693736372277810,1.1145715713500977,2.454838752746582,-2.119501660450227
1778693736398660391,1.112950086593628,2.449215888977051,-2.098046125261754
1778693736422950829,1.1080515384674072,2.437505006790161,-2.076010091903853
1778693736445283560,1.1072741746902466,2.4313104152679443,-2.065199123749241
1778693736467988090,1.1044607162475586,2.419278144836426,-2.043913724115263
1778693736491661690,1.1035568714141846,2.4142379760742188,-2.0333841159143407
1778693736513169106,1.099225401878357,2.406517505645752,-2.021957751891683
1778693736535506575,1.0960144996643066,2.3933181762695312,-2.000068176676114
1778693736560900640,1.098022222518921,2.391130208969116,-1.9898905370606415
1778693736588661732,1.097014307975769,2.380980968475342,-1.9685181680456365
1778693736618131767,1.0934200286865234,2.3726086616516113,-1.9570070901150611
1778693736644713188,1.0915122032165527,2.3580424785614014,-1.935485929897732
1778693736673889102,1.0895847082138062,2.346529006958008,-1.9145007731763066
1778693736699308214,1.0884698629379272,2.3414480686187744,-1.9039251691405739
1778693736722649810,1.0875186920166016,2.333240509033203,-1.8830916773081694
1778693736750602940,1.0879404544830322,2.330944776535034,-1.8736986545972534
1778693736776488562,1.0903358459472656,2.326786756515503,-1.8602024659610807
1778693736800856157,1.091108798980713,2.331815242767334,-1.8531084655326708
1778693736825792298,1.0901179313659668,2.332751750946045,-1.851416280084618
1778693736852220085,1.0909409523010254,2.3330764770507812,-1.8507581024683701
1778693736877315239,1.088226556777954,2.3312973976135254,-1.8502911540687925
1778693736903484193,1.0903959274291992,2.325005531311035,-1.850708106961587
1778693736929816197,1.0888862609863281,2.3236825466156006,-1.8504283569258788
1778693736956823742,1.0873116254806519,2.3240363597869873,-1.852642322911527
1778693736983916138,1.0876781940460205,2.3208749294281006,-1.8514989658503702
1778693737011434277,1.0872589349746704,2.31815242767334,-1.845315825114975
1778693737035856376,1.085716724395752,2.3082733154296875,-1.8359827489047762
1778693737058647061,1.0820972919464111,2.2988595962524414,-1.8299122783399202
1778693737082005830,1.0819216966629028,2.2976696491241455,-1.825108476133568
1778693737108470407,1.0825817584991455,2.2852625846862793,-1.8168515920189672
1778693737134152582,1.0788851976394653,2.2818756103515625,-1.8124587534584162
1778693737158912245,1.0768355131149292,2.271073818206787,-1.8068358631779549
1778693737184326838,1.0731470584869385,2.2634365558624268,-1.8037372880454428
1778693737209481606,1.075908899307251,2.246438980102539,-1.8012664702022956
1778693737235146687,1.0753722190856934,2.24495267868042,-1.7994804313570032
1778693737259735044,1.0696537494659424,2.228043556213379,-1.7952550385048431
1778693737285734133,1.0688869953155518,2.220146894454956,-1.793652923842291
1778693737311946610,1.065439224243164,2.210843563079834,-1.7899063946357947
1778693737338528822,1.0592855215072632,2.1966142654418945,-1.7860556496708015
1778693737365432728,1.0601122379302979,2.1900336742401123,-1.7847248876884498
1778693737391251744,1.0547425746917725,2.1772513389587402,-1.7804750335176591
1778693737416532431,1.0532346963882446,2.168473482131958,-1.7791485945015786
1778693737442523916,1.0514178276062012,2.1520419120788574,-1.7720971963184278
1778693737468703640,1.0511622428894043,2.1509432792663574,-1.7666883158704751
1778693737495063628,1.0492480993270874,2.141509532928467,-1.7539003445408532
1778693737520586839,1.0502955913543701,2.1204569339752197,-1.7413326663707434
1778693737544057932,1.0443118810653687,2.1168994903564453,-1.7336480129123386
1778693737567705513,1.0534069538116455,2.0978071689605713,-1.7218592014366092
1778693737594171503,1.0495789051055908,2.0937271118164062,-1.7137472268628784
1778693737620537904,1.0466036796569824,2.08768367767334,-1.6987973452018739
1778693737646226801,1.0476090908050537,2.079775333404541,-1.6914215483101434
1778693737671629471,1.0357404947280884,2.067063331604004,-1.6737095705176939
1778693737697053172,1.0500000715255737,2.057173013687134,-1.6691816467216891
1778693737722260340,1.0531002283096313,2.0494792461395264,-1.6580454309337485
1778693737749017857,1.049983263015747,2.040226697921753,-1.6530397306795748
1778693737773049891,1.0436177253723145,2.0261433124542236,-1.6448524783676448
1778693737798653054,1.0459798574447632,2.022707223892212,-1.6427532107160716
1778693737823651514,1.0399136543273926,2.01147723197937,-1.6370024633868248
1778693737847584629,1.03725266456604,2.0008044242858887,-1.6345947539535832
1778693737873212339,1.0401737689971924,1.9895459413528442,-1.6319478872141706
1778693737898836703,1.0399495363235474,1.9810885190963745,-1.63001269314641
1778693737922247121,1.041433572769165,1.9722181558609009,-1.626995924763834
1778693737947119289,1.0414955615997314,1.963080883026123,-1.6252883344675153
1778693737973277993,1.0364290475845337,1.9490020275115967,-1.6207581200572851
1778693737999078733,1.035444736480713,1.9433280229568481,-1.6186092182934246
1778693738023522143,1.03730046749115,1.9323900938034058,-1.6159903028363627
1778693738048771300,1.0446749925613403,1.9222638607025146,-1.6163044696645867
1778693738071205695,1.0323723554611206,1.910195231437683,-1.6097721931888378
1778693738096815882,1.0383622646331787,1.9012508392333984,-1.6100250515924484
1778693738125239609,1.0425286293029785,1.8894129991531372,-1.607960431929384
1778693738150734746,1.043107032775879,1.8841705322265625,-1.6063720477797543
1778693738176558250,1.0295013189315796,1.8747854232788086,-1.6003404873379394
1778693738203041433,1.0394725799560547,1.8568968772888184,-1.5998812114664724
1778693738228353010,1.039560079574585,1.849003791809082,-1.5983319021635622
1778693738253705074,1.0337482690811157,1.8378372192382812,-1.5947601146616774
1778693738279693633,1.0398688316345215,1.8287087678909302,-1.5935279283702954
1778693738308407384,1.0460537672042847,1.8209147453308105,-1.586618249782671
1778693738334619269,1.041676640510559,1.8078681230545044,-1.5797772174526683
1778693738360228153,1.0419021844863892,1.79556405544281,-1.5665379319350776
1778693738384529692,1.0587444305419922,1.7763334512710571,-1.5573173517783434
1778693738410586150,1.057265043258667,1.7701784372329712,-1.5514858506813693
1778693738437009299,1.0506244897842407,1.760149598121643,-1.5425231262277712
1778693738462396199,1.0566133260726929,1.7474932670593262,-1.5417332610227517
1778693738486356617,1.0624022483825684,1.7407588958740234,-1.5383986582836973
1778693738511970470,1.0590482950210571,1.7370128631591797,-1.5353113456115717
1778693738542432679,1.0475056171417236,1.7320607900619507,-1.5287988253580962
1778693738579207939,1.0378116369247437,1.7251605987548828,-1.5237838405447077
1778693738608844982,1.039332389831543,1.7054357528686523,-1.51829647392364
1778693738635445790,1.0404900312423706,1.699162483215332,-1.5169103360949858
1778693738658603625,1.0653014183044434,1.6699126958847046,-1.5212786705985668
1778693738682652191,1.0664188861846924,1.662438154220581,-1.5197365178772102
1778693738707149533,1.0672504901885986,1.6475471258163452,-1.5165878999823483
1778693738731509293,1.0673693418502808,1.6433041095733643,-1.5148358215410986
1778693738756288964,1.0705112218856812,1.630323886871338,-1.5123451988225025
1778693738782293875,1.070812702178955,1.6234112977981567,-1.5110501662476732
1778693738808030653,1.0740745067596436,1.6087782382965088,-1.50886024691819
1778693738838040288,1.0732473134994507,1.6031591892242432,-1.5069397815825736
1778693738865889448,1.070285439491272,1.5899993181228638,-1.5033717586867896
1778693738892330461,1.072587251663208,1.575202465057373,-1.5013181655043102
1778693738919499904,1.0708858966827393,1.5712590217590332,-1.4995048934320572
1778693738944003348,1.0776358842849731,1.555727243423462,-1.4985071599584145
1778693738969765104,1.0780166387557983,1.541494369506836,-1.496295038860879
1778693738996971898,1.0796854496002197,1.53684663772583,-1.4954112353510682
1778693739023531387,1.0772892236709595,1.5234731435775757,-1.492920229697974
1778693739050557096,1.079601764678955,1.5164422988891602,-1.4920190519756482
1778693739077601260,1.0868192911148071,1.5034953355789185,-1.4919154544595359
1778693739103239470,1.0850452184677124,1.4879735708236694,-1.4897703053453886
1778693739130471091,1.0858829021453857,1.4833921194076538,-1.4891410239421528
1778693739155644214,1.0871998071670532,1.466651439666748,-1.4875613805704508
1778693739182183814,1.0793565511703491,1.465879201889038,-1.4842857348436111
1778693739208062984,1.08650541305542,1.452958106994629,-1.4848904001007406
1778693739234228000,1.0855454206466675,1.44827401638031,-1.4837846614195165
1778693739261406711,1.0899182558059692,1.4333797693252563,-1.4833738105992778
1778693739288213261,1.0910334587097168,1.4185678958892822,-1.4816769159052858
1778693739315965406,1.0902702808380127,1.4132307767868042,-1.480722935407166
1778693739343017946,1.0891996622085571,1.4021061658859253,-1.4789823004446387
1778693739371848841,1.0941886901855469,1.390451192855835,-1.479264026836041
1778693739398171568,1.0952056646347046,1.3766030073165894,-1.4784684071032725
1778693739424944874,1.0930348634719849,1.3683949708938599,-1.476268518349332
1778693739452629411,1.0924311876296997,1.3624579906463623,-1.4755953923170273
1778693739482003923,1.0956149101257324,1.3458073139190674,-1.4751115010123905
1778693739508149521,1.0983085632324219,1.3317254781723022,-1.474429114879037
1778693739533798282,1.1003354787826538,1.3231315612792969,-1.4741762066375583
1778693739559056136,1.0983202457427979,1.3118962049484253,-1.4725598088010643
1778693739583455110,1.1031969785690308,1.3061401844024658,-1.473417101913393
1778693739611482200,1.0988116264343262,1.2918846607208252,-1.470765255546022
1778693739637334028,1.10313081741333,1.2794735431671143,-1.4707081488220746
1778693739663740044,1.107994556427002,1.273100733757019,-1.4715942164619604
1778693739689838573,1.1109751462936401,1.2568259239196777,-1.4715588248517688
1778693739714687286,1.1071115732192993,1.2497223615646362,-1.4704943789956797
1778693739738519929,1.1023650169372559,1.2371876239776611,-1.4677375957427556
1778693739762669638,1.1052134037017822,1.2303199768066406,-1.467957127357194
1778693739788943912,1.1011327505111694,1.2150158882141113,-1.4656983945239501
1778693739813593826,1.1058464050292969,1.211732268333435,-1.4667678410167702
1778693739838467086,1.1155675649642944,1.195320963859558,-1.4687356467265993
1778693739865849725,1.1119647026062012,1.1888630390167236,-1.4671289221921633
1778693739897834530,1.1139992475509644,1.1749725341796875,-1.4669814536166568
1778693739925863604,1.1155517101287842,1.161702275276184,-1.4663561122012287
1778693739953297352,1.116288423538208,1.147082805633545,-1.465793984713951
1778693739979402714,1.1182677745819092,1.1323281526565552,-1.4651509842803276
1778693740007108170,1.117690920829773,1.1211421489715576,-1.4641751137479335
1778693740035269636,1.1187998056411743,1.1154049634933472,-1.4641775135564818
1778693740062112626,1.122259497642517,1.1004186868667603,-1.4641748276557653
1778693740092854288,1.1229592561721802,1.0878900289535522,-1.4634941029265165
1778693740120957523,1.1238563060760498,1.0803699493408203,-1.4633735055282493
1778693740148150932,1.1256099939346313,1.06803297996521,-1.462631871756502
1778693740176411167,1.1253892183303833,1.053515911102295,-1.4623431495933077
1778693740202913717,1.1285505294799805,1.0398989915847778,-1.4617243222720024
1778693740231449297,1.1281697750091553,1.034822702407837,-1.4612261554523212
1778693740258808302,1.1300162076950073,1.0224032402038574,-1.4608216982597557
1778693740285175714,1.1338939666748047,1.0144898891448975,-1.4615681235312974
1778693740311700446,1.134441614151001,0.9993610382080078,-1.4608847050484302
1778693740337274023,1.1372469663619995,0.9849797487258911,-1.4609148577294249
1778693740364500264,1.1364238262176514,0.9797573089599609,-1.4598677303954084
1778693740394230866,1.139954924583435,0.9640687108039856,-1.460494536229216
1778693740422326697,1.139389991760254,0.9533621668815613,-1.4594693486893264
1778693740446266906,1.1397532224655151,0.9474506378173828,-1.458914108817166
1778693740470998505,1.141331672668457,0.9318202137947083,-1.458417090988896
1778693740497420862,1.1425414085388184,0.9260833263397217,-1.4585062148963792
1778693740525489080,1.147002100944519,0.9110527038574219,-1.4590837317169234
1778693740552367618,1.1468281745910645,0.9048003554344177,-1.4585104277725
1778693740578511453,1.1486271619796753,0.8903882503509521,-1.458228061672977
1778693740604605563,1.1499712467193604,0.8776613473892212,-1.4582037466094162
1778693740631733798,1.1519732475280762,0.8695821762084961,-1.458358510874528
1778693740661830909,1.1514472961425781,0.8560293316841125,-1.4574203722525854
1778693740687954145,1.1544532775878906,0.8436499238014221,-1.457673582986326
1778693740712687738,1.1519306898117065,0.8333150744438171,-1.456159151294769
1778693740738068486,1.1596438884735107,0.8230384588241577,-1.4577834364292623
1778693740764507124,1.1598479747772217,0.8149024844169617,-1.4576081112056807
1778693740790334005,1.1615469455718994,0.8050821423530579,-1.4577675309022586
1778693740816566679,1.1587762832641602,0.7943370342254639,-1.4562460567330586
1778693740842683873,1.1625761985778809,0.7834938168525696,-1.4567504773537414
1778693740871307292,1.1643574237823486,0.7765766978263855,-1.4569775678529238
1778693740901229279,1.1567647457122803,0.7641112208366394,-1.452804633885836
1778693740926389937,1.1585700511932373,0.7507910132408142,-1.4524777410875138
1778693740954811190,1.159252405166626,0.7382331490516663,-1.4520565427427827
1778693740982833551,1.1625843048095703,0.73018479347229,-1.4525482868910073
1778693741010945332,1.1643880605697632,0.7154684066772461,-1.4526603722680327
1778693741037773273,1.1657862663269043,0.7020067572593689,-1.4521678732772363
1778693741065565976,1.1650580167770386,0.6952333450317383,-1.4516696186159237
1778693741092131596,1.1689445972442627,0.6830459237098694,-1.4524774917507437
1778693741117630740,1.1692496538162231,0.677308201789856,-1.4521959596235376
1778693741143324085,1.1708256006240845,0.6635072827339172,-1.4518888824370244
1778693741170454373,1.169175386428833,0.6495910882949829,-1.450904973009054
1778693741197990837,1.170857548713684,0.6390076875686646,-1.4507382392617039
1778693741222872152,1.174149513244629,0.6269664764404297,-1.4513127401557815
1778693741249277065,1.1740565299987793,0.6227501034736633,-1.4510233308784954
1778693741273983436,1.1744639873504639,0.6092440485954285,-1.4463375747086913
1778693741301212673,1.1760488748550415,0.6020958423614502,-1.4424675244153045
1778693741333150488,1.181744933128357,0.590147852897644,-1.4326630025873246
1778693741363663343,1.1865391731262207,0.5746234059333801,-1.4208512849765242
1778693741390659014,1.1902426481246948,0.5664984583854675,-1.4076772302723932
1778693741416182415,1.1910830736160278,0.5568984746932983,-1.4003087305129405
1778693741441532204,1.1979520320892334,0.546352744102478,-1.3877254450898153
1778693741467920235,1.1977072954177856,0.5397693514823914,-1.3799308024869688
1778693741493032561,1.1998178958892822,0.5273395776748657,-1.3645795937722525
1778693741522266334,1.2049065828323364,0.515087366104126,-1.350312687597042
1778693741551820659,1.2089343070983887,0.5087673664093018,-1.3436736339124018
1778693741582911828,1.2144384384155273,0.4962701201438904,-1.3279895467772684
1778693741610670816,1.216978907585144,0.4836135506629944,-1.3115092600307356
1778693741638566515,1.2196277379989624,0.47049573063850403,-1.2941172154819118
1778693741665646818,1.223196029663086,0.46343082189559937,-1.2861787976699066
1778693741691546176,1.2280726432800293,0.4513598680496216,-1.2690709163449985
1778693741717922525,1.2322636842727661,0.44524186849594116,-1.2613753280598972
1778693741743351987,1.2390480041503906,0.4352000951766968,-1.2441141707893726
1778693741770467546,1.2429540157318115,0.4242194592952728,-1.2254693093608107
1778693741797101667,1.2521182298660278,0.4198833107948303,-1.2189424868214491
1778693741822443191,1.255661964416504,0.40921440720558167,-1.199508040582918
1778693741846285062,1.259070634841919,0.4041652977466583,-1.1899962593888693
1778693741871234807,1.2651065587997437,0.3921297490596771,-1.170856381427074
1778693741895560622,1.2681256532669067,0.38552138209342957,-1.1604760130271974
1778693741920357987,1.278258204460144,0.3750652074813843,-1.1418711118516283
1778693741956129320,1.2805324792861938,0.3696291446685791,-1.1312661589738968
1778693741984166779,1.2872467041015625,0.3652641177177429,-1.1104021648630145
1778693742011726667,1.2941111326217651,0.3540302813053131,-1.0892970038469414
1778693742038165736,1.2996686697006226,0.3456609845161438,-1.0678507034810722
1778693742063931118,1.3068571090698242,0.3414822816848755,-1.0588689097210164
1778693742085281142,1.317214846611023,0.330435186624527,-1.0387377297755869
1778693742111688861,1.3206762075424194,0.32603421807289124,-1.0276332000771253
1778693742139113270,1.328848958015442,0.31754493713378906,-1.0062090629283234
1778693742164174358,1.3323971033096313,0.31261834502220154,-0.9950734891528464
1778693742190710592,1.343892216682434,0.30439069867134094,-0.9749990822172543
1778693742213794206,1.3469810485839844,0.3008882701396942,-0.9632154482960433
1778693742241690385,1.356522798538208,0.29251155257225037,-0.9420824272995368
1778693742268011809,1.3605124950408936,0.2880452573299408,-0.9310239431316317
1778693742294463241,1.3716167211532593,0.2846130430698395,-0.9101309828800622
1778693742319538967,1.3836255073547363,0.2763749361038208,-0.8891772921103754
1778693742344327525,1.3876041173934937,0.27205896377563477,-0.8778162530357475
1778693742373197324,1.3964831829071045,0.2645086646080017,-0.8563328694590854
1778693742397916208,1.4009242057800293,0.26049476861953735,-0.844556026836235
1778693742422262272,1.4111464023590088,0.2538865804672241,-0.8231591698942736
1778693742448578796,1.4147179126739502,0.24996960163116455,-0.8120631398413698
1778693742479072174,1.4263417720794678,0.2434059977531433,-0.790737173004188
1778693742503680277,1.4386823177337646,0.2347736358642578,-0.769715313746081
1778693742529467712,1.4429311752319336,0.23236972093582153,-0.7588603954588446
1778693742553513923,1.4545484781265259,0.22488999366760254,-0.737021664881609
1778693742576694421,1.4589107036590576,0.22233116626739502,-0.7260762693669944
1778693742600421122,1.4716005325317383,0.21609610319137573,-0.7046820644777063
1778693742628698469,1.4747624397277832,0.21326512098312378,-0.6933536414367001
1778693742655153989,1.4866465330123901,0.20802658796310425,-0.6721971412861081
1778693742680134133,1.4910067319869995,0.20397955179214478,-0.6610202160695638
1778693742704345358,1.5037593841552734,0.1982167363166809,-0.6394628653551564
1778693742728746968,1.5097079277038574,0.19510304927825928,-0.6285746607537115
1778693742754153966,1.5201563835144043,0.19039154052734375,-0.6063808768356962
1778693742776255515,1.5250869989395142,0.18765497207641602,-0.595162166013855
1778693742800734251,1.5317919254302979,0.1864190697669983,-0.5852390622749509
1778693742824416708,1.5439684391021729,0.181676983833313,-0.5636372672832264
1778693742850703576,1.55060875415802,0.17959272861480713,-0.5527059269349369
1778693742875536669,1.5610640048980713,0.17542511224746704,-0.5308272959907426
1778693742901804520,1.5684934854507446,0.17349761724472046,-0.5204760604158332
1778693742925884616,1.5805585384368896,0.16981804370880127,-0.49864989612365285
1778693742949743759,1.5868160724639893,0.16756761074066162,-0.48773313905968524
1778693742971667389,1.5980699062347412,0.1643766164779663,-0.46641344736489415
1778693742993191375,1.6039047241210938,0.16304254531860352,-0.45554886448311066
1778693743015305277,1.6168304681777954,0.1599128246307373,-0.43394807092065346
1778693743040637913,0.16335232555866241,0.09147481620311737,-0.4441569282840949
1778693743068503384,0.16800415515899658,0.08929166197776794,-0.43334155040964695
1778693743096542367,0.17522037029266357,0.08835864067077637,-0.41316446720134525
1778693743123555401,0.18381284177303314,0.08386349678039551,-0.39183419124867097
1778693743157231063,0.1819513738155365,0.08397871255874634,-0.38139465733861316
1778693743186744530,0.19291099905967712,0.08241289854049683,-0.3595857635308429
1778693743216238349,0.20826125144958496,0.07968933880329132,-0.3377408158694371
1778693743248531692,0.22201967239379883,0.07805996388196945,-0.3161465404705239
1778693743278073553,0.23522667586803436,0.07706452906131744,-0.2945946985998704
1778693743308090812,0.24786227941513062,0.07624904811382294,-0.2728847021040473
1778693743338022137,0.25398674607276917,0.07588795572519302,-0.26226466312411323
1778693743369664126,0.2661363184452057,0.07498869299888611,-0.2405333017561626
1778693743404225670,0.2801273465156555,0.07458080351352692,-0.21866380176257796
1778693743439272088,0.2923423945903778,0.07487188279628754,-0.19700279622644037
1778693743467935843,0.30589351058006287,0.07459723204374313,-0.17517852448367138
1778693743497830868,0.31965649127960205,0.07523209601640701,-0.1536071934613327
1778693743527302956,0.31796157360076904,0.07278025895357132,-0.13138984131634124
1778693743554933839,0.32357481122016907,0.07383450865745544,-0.11622932401054951
1778693743585182349,0.3258250653743744,0.07353273034095764,-0.10983920930502328
1778693743617400840,0.3373061418533325,0.07356337457895279,-0.10027347315535326
1778693743646278313,0.34931740164756775,0.07333234697580338,-0.09265443491392857
1778693743675995178,0.36007973551750183,0.07289963215589523,-0.08757649679541685
1778693743704211619,0.3690825402736664,0.0717584416270256,-0.08503932447910242
1778693743734281809,0.38059937953948975,0.0713014006614685,-0.08136331790831192
1778693743766080027,0.3960183560848236,0.0700468122959137,-0.0773335311244317
1778693743797583202,0.40786120295524597,0.06918324530124664,-0.07406997093503098
1778693743828643892,0.42115187644958496,0.06932924687862396,-0.07095640763875606
1778693743856523901,0.4359060525894165,0.06924843788146973,-0.06810838287790867
1778693743887316249,0.4413698613643646,0.06823422759771347,-0.06594600812826192
1778693743918472372,0.4533456265926361,0.068707674741745,-0.06273642219278189
1778693743949529926,0.46701109409332275,0.06689301878213882,-0.059065949225709506
1778693743978465129,0.47860172390937805,0.06743727624416351,-0.05648826350301972
1778693744007331080,0.4920356869697571,0.06697133183479309,-0.05339402953464807
1778693744036727764,0.4994138479232788,0.06701304018497467,-0.05215601370643897
1778693744067090191,0.5117226839065552,0.06636135280132294,-0.0490035222454044
1778693744100023446,0.5237190127372742,0.06615947186946869,-0.04665027001167248
1778693744130068698,0.5387872457504272,0.06563182175159454,-0.04383876417588625
1778693744158245403,0.5502475500106812,0.06490187346935272,-0.041517479897786154
1778693744185354229,0.5583335757255554,0.06452721357345581,-0.04038011030149233
1778693744216312234,0.5709244012832642,0.06408460438251495,-0.037986463688314424
1778693744247218379,0.5837674140930176,0.06340273469686508,-0.035890261233912556
1778693744277185171,0.5964099168777466,0.06340095400810242,-0.034270006688139475
1778693744307140762,0.6101757884025574,0.06326483190059662,-0.03257394419802836
1778693744345166277,0.6167148351669312,0.06341066211462021,-0.03173913904753621
1778693744375414185,0.6372694969177246,0.06295828521251678,-0.028989755279147874
1778693744405743680,0.6437831521034241,0.06271052360534668,-0.028242758948080097
1778693744435603508,0.6570862531661987,0.06267412006855011,-0.026763250334960857
1778693744467780048,0.6703372001647949,0.06178148463368416,-0.024839662482740575
1778693744499424613,0.6847115159034729,0.06222904473543167,-0.02360226816878133
1778693744528893945,0.695716142654419,0.06199534237384796,-0.022541135728479846
1778693744560822492,0.7089875340461731,0.06203535571694374,-0.021352188353863523
1778693744592066282,0.7149714231491089,0.06174096465110779,-0.020580281436726924
1778693744623844161,0.7152183055877686,0.06156058609485626,-0.02028931166009424
1778693744651788192,0.71577388048172,0.06152091547846794,-0.020184465374252576
1778693744682114841,0.71551913022995,0.06135198101401329,-0.020329157695890557
1778693744713572719,0.7152827978134155,0.061364345252513885,-0.02016473638146922
1778693744745433346,0.7157754898071289,0.06159871071577072,-0.020130812869681637
1778693744782672170,0.7153546214103699,0.06102975085377693,-0.019949427272769774
1778693744815165635,0.714901864528656,0.061390869319438934,-0.02042875054822761
1778693744847838342,0.7154363393783569,0.06155601516366005,-0.020375741014462944
1778693744880709879,0.7156707644462585,0.061402469873428345,-0.02018702638466077
1778693744913691245,0.7155540585517883,0.06162995845079422,-0.02021259489920558
1778693744947344054,0.7155521512031555,0.06157297268509865,-0.020388902768960965
1778693744977923455,0.7159983515739441,0.061805736273527145,-0.020471116920572775
1778693745005824083,0.7159820199012756,0.06203116104006767,-0.020595517096861547
1778693745037106436,0.7158164978027344,0.062188901007175446,-0.02072346935738116
1778693745068814682,0.7157168984413147,0.06228617578744888,-0.020879272721811448
1778693745099404313,0.7157000303268433,0.06202104687690735,-0.02058865401003845
1778693745133528311,0.7154977917671204,0.061943210661411285,-0.02053931033663532
1778693745165566096,0.7155782580375671,0.061928026378154755,-0.020475799174611512
1778693745194692654,0.7155016660690308,0.06214110553264618,-0.020610639996202603
1778693745223414129,0.7151911854743958,0.06203432008624077,-0.020661811782689745
1778693745256492621,0.7150338292121887,0.06209512799978256,-0.020554909349215427
1778693745288889732,0.7153064012527466,0.06203298270702362,-0.020551277683785993
1778693745320565576,0.7150477170944214,0.062163520604372025,-0.02076646662973319
1778693745352386848,0.7152296304702759,0.06209925189614296,-0.02061912514156508
1778693745385601139,0.7153590321540833,0.06201234459877014,-0.020558563413305107
1778693745417382334,0.7152252793312073,0.06190565600991249,-0.02046660170725917
1778693745449602678,0.7155102491378784,0.06204989179968834,-0.020541567446038005
1778693745480052682,0.7153446078300476,0.06203768402338028,-0.02056266072666599
1778693745510912900,0.7148813009262085,0.061992112547159195,-0.020691772908530248
1778693745543200061,0.7152416706085205,0.062274858355522156,-0.020726966523613076
1778693745571364923,0.7153570652008057,0.062273912131786346,-0.02065858909244718
1778693745603758788,0.7153234481811523,0.06228776276111603,-0.020584615228390987
1778693745635102819,0.7154046297073364,0.06232205405831337,-0.02080161632781713
1778693745667350164,0.7154014706611633,0.06205516308546066,-0.02065903886679687
1778693745699542364,0.7149796485900879,0.062125079333782196,-0.02063489682455894
1778693745730053926,0.7152903079986572,0.06204437464475632,-0.02054269153860388
1778693745762361186,0.7151429057121277,0.06212170422077179,-0.020587670191589594
1778693745794010529,0.7154989242553711,0.06207941472530365,-0.020598494459854545
1778693745830242961,0.715191662311554,0.06204072758555412,-0.020572856342086304
1778693745864652133,0.7154203653335571,0.062019865959882736,-0.020493985660175733
1778693745896390838,0.7151522636413574,0.06171657145023346,-0.02035484783002147
1778693745928793088,0.7155600190162659,0.06206648051738739,-0.020537049138454534
1778693745960485314,0.7154800295829773,0.06207995489239693,-0.020522583541414514
1778693745992209030,0.7157067656517029,0.06212248653173447,-0.020432571639069225
1778693746020672171,0.715578556060791,0.061744701117277145,-0.02041282247505163
1778693746052957689,0.7157271504402161,0.06179963797330856,-0.020446270384288697
1778693746083886127,0.7151647210121155,0.06218947842717171,-0.020616840028613123
1778693746113704706,0.7155205011367798,0.06234651058912277,-0.020746603897609437
1778693746145329933,0.7153222560882568,0.06225403770804405,-0.02063048611013186
1778693746177137839,0.7153261303901672,0.06232326105237007,-0.020660239999000855
1778693746207469498,0.7154241800308228,0.062086932361125946,-0.020584098691875854
1778693746236006069,0.7152585387229919,0.06218542158603668,-0.02058357385332835
1778693746269019116,0.7153751850128174,0.06178756058216095,-0.020510874706327474
1778693746301651346,0.715421199798584,0.062113501131534576,-0.020744863908602897
1778693746329994408,0.7153832316398621,0.06229160353541374,-0.020768866520817816
1778693746362225813,0.7153583765029907,0.062368445098400116,-0.020661319885576956
1778693746394311750,0.715337872505188,0.062433186918497086,-0.020662378950223766
1778693746426283669,0.7154479026794434,0.06235770881175995,-0.02063621673571017
1778693746455278997,0.715607225894928,0.06244281679391861,-0.02068908461340242
1778693746487836975,0.7155984044075012,0.062403395771980286,-0.020719932559441063
1778693746519612830,0.7154496312141418,0.06235672906041145,-0.020669308149421514
1778693746551748802,0.7156199216842651,0.06239437311887741,-0.020680254709875997
1778693746584478678,0.715449869632721,0.06228909641504288,-0.020567741513463137
1778693746614988927,0.7148656845092773,0.06251848489046097,-0.020813345857978796
1778693746645845368,0.715420126914978,0.062228064984083176,-0.020576677771520082
1778693746675942288,0.7153624296188354,0.06235259771347046,-0.020614717950753796
1778693746706957491,0.7152829766273499,0.062294356524944305,-0.020565736925657867
1778693746739099014,0.7151834964752197,0.06208276376128197,-0.020494195515757888
1778693746771948498,0.7154242396354675,0.0621613934636116,-0.020681526414069132
1778693746803773367,0.748039186000824,0.06403549760580063,-0.022284486732172176
1778693746834589570,0.748290479183197,0.06394830346107483,-0.0221733572652228
1778693746866444045,0.7486915588378906,0.06415421515703201,-0.02229025376871278
1778693746898285566,0.7484575510025024,0.06367813050746918,-0.022089100899482107
1778693746931504806,0.7482675909996033,0.06383951008319855,-0.022131189504978367
1778693746963065400,0.7484027743339539,0.06379756331443787,-0.022162474991989096
1778693746993330201,0.7482523322105408,0.06383036822080612,-0.022076777384971397
1778693747024936602,0.7478116750717163,0.0640053078532219,-0.022212583744524284
1778693747056279320,0.7482216954231262,0.06398888677358627,-0.02223808965038455
1778693747086372323,0.7481030225753784,0.06373921781778336,-0.022186136043112016
1778693747117869987,0.7478410601615906,0.063938669860363,-0.022184422898011837
1778693747150181645,0.7479490637779236,0.06380439549684525,-0.02224946435737715
1778693747182504514,0.7481715083122253,0.06384855508804321,-0.022129914136452468
1778693747213671276,0.7481830716133118,0.06389688700437546,-0.022149505000139486
1778693747245229335,0.7481288909912109,0.06397566199302673,-0.022083043359118978
1778693747276577914,0.7480072975158691,0.0639922097325325,-0.022185747579230218
1778693747309356203,0.7479616403579712,0.06388206779956818,-0.022209868387589107
1778693747341393216,0.7477731108665466,0.06402955204248428,-0.022215259813573206
1778693747373111571,0.7480380535125732,0.06397248804569244,-0.02224586024500689
1778693747402193775,0.7476187944412231,0.06404682248830795,-0.02226806428756548
1778693747432035999,0.7479469776153564,0.06403890997171402,-0.022394383683550474
1778693747463223831,0.7480759024620056,0.06405003368854523,-0.022284121725732724
1778693747494548465,0.748100757598877,0.06388434767723083,-0.022326973860119143
1778693747523822995,0.7480674982070923,0.06407609581947327,-0.022327971200795597
1778693747556236176,0.7475133538246155,0.06424076110124588,-0.02246590814018723
1778693747586543268,0.7477412223815918,0.06390568614006042,-0.02214142417171295
1778693747618704007,0.7480918765068054,0.06390858441591263,-0.022264037814640737
1778693747649814672,0.7479573488235474,0.06355983018875122,-0.02204225408677865
1778693747679490419,0.7480519413948059,0.06351882219314575,-0.022070429794940564
1778693747709049452,0.7479536533355713,0.0637897253036499,-0.02216631773125872
1778693747739898067,0.7479029893875122,0.06385699659585953,-0.022219937666858734
1778693747773511640,0.7482196092605591,0.06386943906545639,-0.022125334958125745
1778693747805963465,0.747639536857605,0.06371716409921646,-0.022090382789835935
1778693747836059864,0.7479576468467712,0.06358876824378967,-0.021921146232864824
1778693747867792276,0.7493405342102051,0.06378360092639923,-0.021285709085996682
1778693747898671650,0.7553989887237549,0.06420968472957611,-0.02123934163682279
1778693747930191436,0.7677093744277954,0.06398887932300568,-0.02027527819102463
1778693747960802157,0.7796397805213928,0.06439221650362015,-0.019322001937338372
1778693747990487902,0.7930508852005005,0.06346388161182404,-0.01772380820181276
1778693748020914541,0.7998313307762146,0.06323391944169998,-0.01699002680100916
1778693748050512659,0.8126039505004883,0.06352604925632477,-0.01597444176036486
1778693748082874202,0.8253918886184692,0.06310131400823593,-0.014957183331327725
1778693748114758343,0.8398906588554382,0.06367885321378708,-0.014255321865641485
1778693748145547936,0.8516148328781128,0.06343898922204971,-0.013053685595059645
1778693748174573250,0.864454448223114,0.06305250525474548,-0.012102479966046036
1778693748204497350,0.8710386753082275,0.0636557787656784,-0.011624223687972016
1778693748237144518,0.8861501812934875,0.06352352350950241,-0.010858490860706954
1778693748264749161,0.9003219604492188,0.06292911618947983,-0.010040911638664631
1778693748297283593,0.9051334857940674,0.06253203749656677,-0.009135180437277981
1778693748330186269,0.9269722104072571,0.0636078268289566,-0.008434723781563496
1778693748361132550,0.9409036040306091,0.0635165423154831,-0.007742253951531804
1778693748394768706,0.9533963203430176,0.06300376355648041,-0.007332763700551625
1778693748427122324,0.9665510654449463,0.06342380493879318,-0.007168988141539811
1778693748457857131,0.9815390110015869,0.06317952275276184,-0.006632382232630058
1778693748488292297,0.9879717230796814,0.06306282430887222,-0.0063457478201349995
1778693748520876765,1.0019493103027344,0.06291183084249496,-0.005786057613912465
1778693748554674209,1.0151523351669312,0.06325975060462952,-0.005766560599976738
1778693748586595091,1.0018117427825928,0.05970223993062973,-0.001865809352364645
1778693748617472661,1.0176020860671997,0.060533471405506134,-0.0017705058802385868
1778693748648131323,1.0276726484298706,0.059618592262268066,-0.001140630304260278
1778693748677453744,1.0426182746887207,0.06095413863658905,-0.0010988243926507459
1778693748706941912,1.0551501512527466,0.06046813353896141,-0.0007386746554478952
1778693748737465276,1.0621320009231567,0.05955321341753006,-0.0003065612948552097
1778693748769322186,1.0761770009994507,0.05936141312122345,6.133402861032734e-05
1778693748800643503,1.0885357856750488,0.05986200273036957,0.0004911664945232225
1778693748830140798,1.101561427116394,0.05965287983417511,0.0007404370818415007
1778693748860783811,1.114548683166504,0.05915455147624016,0.0010367511533261999
1778693748892598930,1.1287508010864258,0.060487303882837296,0.0011340174707617611
1778693748923497210,1.1353752613067627,0.06052404269576073,0.0012182563499288984
1778693748954622794,1.1488944292068481,0.059964727610349655,0.001769666372178252
1778693748987613317,1.1582040786743164,0.06079689413309097,0.00039408166728601806
1778693749021017901,1.1731858253479004,0.060606490820646286,0.0007390598009128038
1778693749050652989,1.1841307878494263,0.06102573126554489,0.0007079424554232663
1778693749085509765,1.197498083114624,0.06165342777967453,0.0008607631256536205
1778693749122336039,1.2049777507781982,0.06127024069428444,0.0011281938427791128
1778693749152944145,1.226456880569458,0.06017976626753807,0.0016799412182439879
1778693749179389014,1.2395108938217163,0.05964553356170654,0.002019835862197809
1778693749207793764,1.2521908283233643,0.05928477644920349,0.002495493315512474
1778693749237698236,1.2550393342971802,0.06176866590976715,0.0019332079810921918
1778693749268116569,1.2704576253890991,0.05927027761936188,0.002777319369499413
1778693749297837331,1.284339427947998,0.06001934036612511,0.00280344501499051
1778693749327272889,1.2968151569366455,0.059440843760967255,0.0030850899738230266
1778693749356510067,1.3094449043273926,0.058235689997673035,0.0037494967123405092
1778693749385446873,1.3148607015609741,0.060602910816669464,0.003091734222395423
1778693749415656878,1.3306121826171875,0.0575491301715374,0.003908235197044735
1778693749445775109,1.345123291015625,0.05707481876015663,0.004464929027136456
1778693749474498267,1.3567367792129517,0.05723705515265465,0.004638736674162348
1778693749504242473,1.3620027303695679,0.0600183866918087,0.003875928450158438
1778693749534010144,1.3763176202774048,0.05627917870879173,0.005007838555891329
1778693749563203059,1.3896151781082153,0.05751917511224747,0.004871401631320353
1778693749591466849,1.4046519994735718,0.058976851403713226,0.0047226641544429035
1778693749622768038,1.4084676504135132,0.05699285492300987,0.005462560531068162
1778693749652522214,1.4234826564788818,0.05592365562915802,0.005698184545401908
1778693749681617251,1.4354920387268066,0.05812680721282959,0.00528829397506278
1778693749711984888,1.449585199356079,0.05624385178089142,0.005938749937864334
1778693749741210204,1.4622176885604858,0.05812069773674011,0.0055979243243704
1778693749770108235,1.4684725999832153,0.05844153091311455,0.005848365111163521
1778693749798190379,1.4836382865905762,0.054837968200445175,0.006849952837100534
1778693749826994691,1.4955259561538696,0.055427998304367065,0.006983624723754313
1778693749854877705,1.509418249130249,0.05403639003634453,0.007465621295104632
1778693749885623183,1.5153582096099854,0.05620657652616501,0.006967115276865459
1778693749915116671,1.5285186767578125,0.05411396920681,0.007556910234091123
1778693749945295858,1.5417677164077759,0.05603659152984619,0.007092931723028442
1778693749974876653,1.555482268333435,0.05544247478246689,0.00751773774463322
1778693750006099331,1.563546895980835,0.05478277802467346,0.007751175434350863
1778693750036041506,1.5763044357299805,0.05483071133494377,0.007590640503911157
1778693750065764962,1.588610053062439,0.055636823177337646,0.007618516525786334
1778693750094952286,1.6022911071777344,0.05524871498346329,0.008219531243546109
1778693750125133617,1.6160832643508911,0.05565236508846283,0.007825534152335705
1778693750154240166,1.6195330619812012,0.05594729259610176,0.007930919038369753
1778693750183473147,1.6332464218139648,0.05428420752286911,0.008540412779889128
1778693750213397767,1.6463422775268555,0.05420006439089775,0.00864230708339312
1778693750242125694,1.6613478660583496,0.0528881661593914,0.00874434776276447
1778693750269991886,1.6676149368286133,0.05440262332558632,0.008546946231595362
1778693750298355116,1.6809157133102417,0.05644509568810463,0.008034059120416753
1778693750325857182,1.696246862411499,0.05365876853466034,0.009016934109048984
1778693750354134048,1.699555516242981,0.05525319650769234,0.008824606710829422
1778693750384116399,1.7131646871566772,0.05303005874156952,0.009675326217273078
1778693750411607785,1.7267112731933594,0.05439797788858414,0.009351804939538728
1778693750438106877,1.741108775138855,0.053601451218128204,0.009686445385208456
1778693750467360367,1.7486817836761475,0.05364468693733215,0.009352991767816433
1778693750495753495,1.761371374130249,0.05424213781952858,0.009389217887672016
1778693750522712254,1.7745336294174194,0.05172856152057648,0.009976863356866547
1778693750551410063,1.7814760208129883,0.052329644560813904,0.010032888709650929
1778693750580469472,1.7960000038146973,0.05312786251306534,0.009873291373001233
1778693750609594567,1.8090981245040894,0.053284697234630585,0.009704348859178666
1778693750638039313,1.8204880952835083,0.05275146663188934,0.010123550763296381
1778693750666964757,1.8273309469223022,0.0524580255150795,0.01059647953061912
1778693750694229480,1.8408424854278564,0.050568509846925735,0.01084471818388749
1778693750725999383,1.8544342517852783,0.05083649605512619,0.011026275439735382
1778693750754397851,1.8676587343215942,0.04943366348743439,0.011466539781809284
1778693750782669647,1.8743950128555298,0.0512755922973156,0.011106186460088607
1778693750809268830,1.8858184814453125,0.05363061651587486,0.010619329624745997
1778693750836947734,1.892791509628296,0.04983336478471756,0.011639578907910248
1778693750868726885,1.9071274995803833,0.04837426543235779,0.01220059129664881
1778693750901057087,1.9213294982910156,0.048368267714977264,0.012199607938675621
1778693750930317030,1.93473482131958,0.048798367381095886,0.012033668844095898
1778693750958035109,1.9466325044631958,0.049160413444042206,0.0122455185287623
1778693750986282307,1.9550212621688843,0.04779064655303955,0.012811725284811787
1778693751012000148,1.9678140878677368,0.04856044054031372,0.012682069535454456
1778693751039398697,1.9829961061477661,0.04816942662000656,0.012974504531119221
1778693751067806382,1.9901959896087646,0.04823995381593704,0.013044411244921726
1778693751095319379,2.0042724609375,0.0478791669011116,0.013089282281707379
1778693751123498258,2.0183353424072266,0.04835138097405434,0.013071488086857501
1778693751151769623,2.0207412242889404,0.046968962997198105,0.013597465399454216
1778693751179046089,2.0365657806396484,0.0483175553381443,0.013400591466547054
1778693751206184641,2.0487914085388184,0.050738587975502014,0.01261884644329443
1778693751235231036,2.054168701171875,0.047496818006038666,0.01355304017201273
1778693751262822312,2.0692529678344727,0.04778321459889412,0.01331321147127821
1778693751286254771,2.0839321613311768,0.04868149757385254,0.013025914600742785
1778693751317046286,2.089674949645996,0.049659766256809235,0.012769805927673615
1778693751344851762,2.1028831005096436,0.04814639687538147,0.013240242529215365
1778693751369391814,2.118326187133789,0.04739682376384735,0.013669176117661658
1778693751397239520,2.124356746673584,0.04804930090904236,0.01341001831991176
1778693751422623544,2.1357955932617188,0.05006791651248932,0.012765073824711728
1778693751449872016,2.144244909286499,0.04856109991669655,0.013302758379402636
1778693751478124365,2.159116744995117,0.04869996756315231,0.013346614332208748
1778693751506621150,2.173815965652466,0.04802876338362694,0.013774725037614384
1778693751537409740,2.1812732219696045,0.04836944490671158,0.013754368267745506
1778693751564192002,2.193124532699585,0.04765097051858902,0.014061375158026525
1778693751590702626,2.207578182220459,0.04845663160085678,0.013844124688115767
1778693751618797554,2.2118642330169678,0.05042686685919762,0.013317382206256057
1778693751647647774,2.2259230613708496,0.04686371237039566,0.01438986403548925
1778693751673158409,2.240492105484009,0.0481155626475811,0.014040523526472365
1778693751699617084,2.245553970336914,0.048870574682950974,0.014023413280914583
1778693751726232589,2.260042428970337,0.04725818708539009,0.014811780002259523
1778693751753261792,2.2679221630096436,0.04760503023862839,0.014726616176500947
1778693751781507979,2.2798759937286377,0.04903949797153473,0.014201609905855858
1778693751808349214,2.2953383922576904,0.04916706681251526,0.014466595271878551
1778693751834391925,2.3039350509643555,0.04774226248264313,0.015133157622377075
1778693751860288277,2.3144874572753906,0.05035308748483658,0.014114602919135005
1778693751887315316,2.326648235321045,0.04940229281783104,0.014576465203091285
1778693751912816353,2.336353063583374,0.05052065849304199,0.01431509380638734
1778693751939476523,2.348705530166626,0.049567848443984985,0.014742822253921409
1778693751967727959,2.354318380355835,0.04946824163198471,0.014591902599189716
1778693751994298939,2.36834716796875,0.052440300583839417,0.013930027029393806
1778693752024972769,2.3812832832336426,0.049824804067611694,0.014869139740469575
1778693752051168382,2.3884570598602295,0.05069706588983536,0.014510571626906915
1778693752077955764,2.4037904739379883,0.05035554617643356,0.015198650383424975
1778693752103742416,2.4191641807556152,0.04987194389104843,0.015100597105773477
1778693752130388007,2.425372838973999,0.05021059513092041,0.015141868017403798
1778693752156659455,2.438581943511963,0.05105055868625641,0.01474225714458043
1778693752181191141,2.442171812057495,0.04871566221117973,0.01594878250673816
1778693752206738055,2.4584178924560547,0.05078087002038956,0.015319486185841304
1778693752234675824,2.4641506671905518,0.05035891383886337,0.015547166561705178
1778693752261975093,2.4778857231140137,0.051889654248952866,0.01540772877705775
1778693752288757415,2.4897918701171875,0.050614215433597565,0.015680036368696047
1778693752314629310,2.493896007537842,0.05325273424386978,0.014026090413848096
1778693752341158950,2.5102150440216064,0.05090145021677017,0.015551812684206046
1778693752367861360,2.5176150798797607,0.05201362073421478,0.015337600892008642
1778693752393578149,2.5294713973999023,0.05254901573061943,0.015195453382476904
1778693752423508700,2.5406172275543213,0.0526164285838604,0.015257894445168271
1778693752453370291,2.548550844192505,0.05211614444851875,0.015532336358852497
1778693752483078218,2.562920331954956,0.05341807007789612,0.015304369968995396
1778693752512504236,2.5758140087127686,0.053446054458618164,0.015508373896497124
1778693752539557025,2.5903255939483643,0.05320210009813309,0.01572771830806092
1778693752569696626,2.5976169109344482,0.05248361825942993,0.01596118552270565
1778693752598513211,2.6118810176849365,0.05427246168255806,0.015428326452605995
1778693752627204839,2.6248719692230225,0.054280489683151245,0.015342086885120305
1778693752656441977,2.635632038116455,0.053716350346803665,0.015727544695106038
1778693752683786943,2.643556833267212,0.05457233265042305,0.015355362485026322
1778693752708442166,2.657029390335083,0.05440583825111389,0.015614271476031052
1778693752739174808,2.6640751361846924,0.052967023104429245,0.01620624012867576
1778693752764706754,2.677722215652466,0.0537102073431015,0.01628986083744795
1778693752788773814,2.691619396209717,0.05366801470518112,0.01609752092697128
1778693752816736109,2.6978678703308105,0.05350048094987869,0.016318023265344636
1778693752842877518,2.71152663230896,0.05478169769048691,0.01587699034414847
1778693752869247513,2.718413829803467,0.053659144788980484,0.016385252678899336
1778693752897174781,2.7314674854278564,0.05462958291172981,0.01598969790249527
1778693752926901424,2.7447738647460938,0.05552876368165016,0.015860996471862097
1778693752953603914,2.758833169937134,0.05465330556035042,0.015988762253315015
1778693752982142990,2.7657575607299805,0.054813750088214874,0.0162225428392402
1778693753007867112,2.780221462249756,0.05237796530127525,0.01743145468440166
1778693753038660331,2.7864673137664795,0.053343407809734344,0.016874841943019147
1778693753065656471,2.80047869682312,0.05539693683385849,0.01648458074951428
1778693753094684630,2.8136184215545654,0.05519040301442146,0.016551073372968357
1778693753119593527,2.8261704444885254,0.05431624874472618,0.01694951256987892
1778693753143820211,2.833787679672241,0.05598379299044609,0.01665457296967311
1778693753172435572,2.8470284938812256,0.05197634920477867,0.017901493196462073
1778693753198678685,2.853520393371582,0.05478431656956673,0.01739598589284816
1778693753223536584,2.8678579330444336,0.054241422563791275,0.01762041883329881
1778693753254388214,2.870115041732788,0.05428260564804077,0.01776883530359582
1778693753284567120,2.887019157409668,0.05377093330025673,0.018262177440636355
1778693753312036935,2.9010393619537354,0.05375766009092331,0.018494734154996754
1778693753342107674,2.9139180183410645,0.05422312393784523,0.01834353441089344
1778693753370554183,2.9207797050476074,0.05432739481329918,0.018414101174275107
1778693753400536333,2.9340827465057373,0.05658122897148132,0.017729996297939865
1778693753429398095,2.947509288787842,0.05627604201436043,0.01789428259764594
1778693753459250417,2.9610142707824707,0.05590584874153137,0.01801080900933843
1778693753487569062,2.9671521186828613,0.05616730824112892,0.018069871673950383
1778693753516676903,2.980041980743408,0.056173186749219894,0.018003258241801986
1778693753546898370,2.9939444065093994,0.05552786961197853,0.01825947948830948
1778693753574719095,3.0065977573394775,0.05344942584633827,0.019233875862708718
1778693753601422296,3.0139899253845215,0.05371762067079544,0.019115429199858244
1778693753631957943,3.0270683765411377,0.05539749190211296,0.01866993951003678
1778693753656351536,3.0422394275665283,0.05550498887896538,0.018708082842364356
1778693753684457415,3.048499345779419,0.05445827543735504,0.019020315108754474
1778693753712742115,3.061372995376587,0.05623598396778107,0.018596432452293615
1778693753739357919,3.076075553894043,0.056397080421447754,0.01849828564074381
1778693753768294253,3.0815675258636475,0.056344181299209595,0.018827422110785457
1778693753795535231,3.0946226119995117,0.055522941052913666,0.019276551098719983
1778693753821694614,3.1081106662750244,0.05570489168167114,0.019353304853497278
1778693753849439704,3.113598346710205,0.05854227766394615,0.018362093978430343
1778693753876494146,3.128908157348633,0.056265249848365784,0.019420411344733362
1778693753902068002,3.1422359943389893,0.057781390845775604,0.01896200514129604
1778693753929040848,3.14953875541687,0.05629030987620354,0.01968274293653395
1778693753954589295,3.163184881210327,0.056638699024915695,0.01982098833570227
1778693753982000408,3.1691322326660156,0.05798652023077011,0.019122588169679152
1778693754007816485,3.1830434799194336,0.0572725385427475,0.01941976232401987
1778693754035494828,3.1895384788513184,0.05761866644024849,0.01951409539197519
1778693754064914274,3.204090118408203,0.05970877408981323,0.018851619786407866
1778693754091706125,3.2163264751434326,0.06004451587796211,0.018600655908300772
1778693754117744316,3.2226688861846924,0.057158052921295166,0.020176491316535573
1778693754145008569,3.2372586727142334,0.05857187137007713,0.019764598486866115
1778693754172267641,3.2502105236053467,0.05769587308168411,0.020268063472231066
1778693754197374104,3.2576072216033936,0.058308832347393036,0.02005854006394947
1778693754227537560,3.260704278945923,0.05840609222650528,0.02021569373529821
1778693754254928314,3.284475088119507,0.05888700485229492,0.020337731327147276
1778693754284732494,3.2910373210906982,0.059380125254392624,0.01988192620136005
1778693754314557244,3.3046228885650635,0.05939553678035736,0.020022538118242148
1778693754344488327,3.3185338973999023,0.05991227552294731,0.020154478198588704
1778693754372640664,3.330951452255249,0.05843684822320938,0.02093305071751283
1778693754400555438,3.3375110626220703,0.05928549915552139,0.020541866515516666
1778693754427926304,3.350679397583008,0.0597086027264595,0.020407216739930664
1778693754454007628,3.363830804824829,0.06019068881869316,0.020269225137992068
1778693754482723922,3.370382308959961,0.059838663786649704,0.020609151169975973
1778693754512314995,3.382148265838623,0.06337804347276688,0.019478433679718726
1778693754539096205,3.3960514068603516,0.06202418729662895,0.020091359742513408
1778693754571681274,3.4031057357788086,0.0627354085445404,0.019782781659464406
1778693754599194231,3.4163877964019775,0.06367812305688858,0.019634073255845694
1778693754625998475,3.429778814315796,0.06467801332473755,0.019073685717020575
1778693754653168697,3.4362924098968506,0.06390157341957092,0.01966971213359764
1778693754682412709,3.448843002319336,0.06424454599618912,0.019580711043713804
1778693754709896159,3.4636101722717285,0.06467099487781525,0.01917839029094167
1778693754737030634,3.469982624053955,0.06491054594516754,0.0194393061563351
1778693754764783619,3.4843008518218994,0.06560059636831284,0.019114117498066577
1778693754792765501,3.4976861476898193,0.06530196219682693,0.019792308264935003
1778693754819815404,3.5026423931121826,0.06435596197843552,0.020378655024476878
1778693754847594148,3.516763210296631,0.06481354683637619,0.020242460079104383
1778693754875872917,3.531790256500244,0.06549011170864105,0.020195271499982775
1778693754900393492,3.536850929260254,0.06625745445489883,0.01976345739874446
1778693754927870079,3.551112413406372,0.06609287112951279,0.020283049732148613
1778693754955131947,3.5651683807373047,0.06592168658971786,0.02058533307372189
1778693754982152043,3.5727953910827637,0.06642210483551025,0.020614215101887167
1778693755008804768,3.5855681896209717,0.06825430691242218,0.0193903297482367
1778693755035442293,3.5918068885803223,0.06798896938562393,0.01975153446486835
1778693755062648024,3.605210304260254,0.07031514495611191,0.018742313629577137
1778693755089131495,3.619772434234619,0.06836991012096405,0.020053151653096315
1778693755115526709,3.6275932788848877,0.07141466438770294,0.018931368724634055
1778693755141025461,3.639644145965576,0.07006855309009552,0.0193838247651792
1778693755165673258,3.647584915161133,0.0683160275220871,0.02088658937907146
1778693755191317288,3.66143536567688,0.06837085634469986,0.020583398372093904
1778693755217756866,3.6670682430267334,0.06892766058444977,0.020385148460481735
1778693755243772464,3.6820449829101562,0.07067086547613144,0.019999796575470862
1778693755268676691,3.6940300464630127,0.07065275311470032,0.020195591050994246
1778693755307284536,3.697646379470825,0.07111085206270218,0.01992063999510084
1778693755339849466,3.713921546936035,0.07139206677675247,0.020046854223002855
1778693755370036557,3.7273449897766113,0.07117970287799835,0.02025958976177149
1778693755402194060,3.7406256198883057,0.07129582017660141,0.0205976030117126
1778693755433090976,3.7538788318634033,0.07344713807106018,0.019432052070948832
1778693755463896357,3.7679824829101562,0.0728958398103714,0.019995777881986965
1778693755494778695,3.781629800796509,0.0725327730178833,0.02062455858310703
1778693755520982213,3.794391632080078,0.07261093705892563,0.02075505674504041
1778693755551079893,3.8023619651794434,0.06982064247131348,0.02310602331860115
1778693755581242257,3.814911127090454,0.07131188362836838,0.022229858662684232
1778693755606766728,3.8286099433898926,0.07232628017663956,0.02187982638360713
1778693755634523160,3.835270404815674,0.07249611616134644,0.021791531476834058
1778693755663135635,3.848472833633423,0.07215306907892227,0.0220335707486506
1778693755691982368,3.86183500289917,0.07283607125282288,0.02259622320014963
1778693755720409890,3.8682639598846436,0.07221473753452301,0.023138244607867037
1778693755747806765,3.881824254989624,0.07185671478509903,0.02373884379351292
1778693755775209953,3.8953373432159424,0.07222557812929153,0.023839161917560227
1778693755801962558,3.9023284912109375,0.07296758145093918,0.02346839730082649
1778693755829416693,3.9155209064483643,0.07283295691013336,0.023958255755078116
1778693755856092722,3.9292569160461426,0.07507872581481934,0.02280152336896222
1778693755881161934,3.935976505279541,0.07369585335254669,0.024165446795064424
1778693755912697519,3.949601173400879,0.07358904182910919,0.024533034674059418
1778693755938940732,3.963444948196411,0.07407306134700775,0.024690522957091208
1778693755966109733,3.969358444213867,0.07409941405057907,0.02480247963701921
1778693755989491043,3.9792027473449707,0.07435625046491623,0.024317901849459235
1778693756015838825,3.9819023609161377,0.07415415346622467,0.024534348958819875
1778693756045093467,3.9834022521972656,0.07714614272117615,0.022231400659564776
1778693756070821356,3.9838528633117676,0.0758960098028183,0.023363200864711043
1778693756098360432,3.983822822570801,0.0756153091788292,0.02354602213456714
1778693756124841219,3.983269214630127,0.0750373899936676,0.023890335592233566
1778693756151598403,3.983470916748047,0.07552401721477509,0.023546223548623527
1778693756179007912,3.9843246936798096,0.07400352507829666,0.02482978353711002
1778693756204670096,3.983992099761963,0.07583235204219818,0.023175965055610825
1778693756227635703,3.983717918395996,0.07530717551708221,0.02374940364743407
1778693756252264143,3.9837779998779297,0.07669298350811005,0.022910908523695216
1778693756279230617,3.9836690425872803,0.07563795149326324,0.023699055970371512
1778693756306124221,3.9837348461151123,0.07597989588975906,0.023399348821397013
1778693756332316898,3.984091281890869,0.0760471373796463,0.02340803354141823
1778693756356225645,3.98372220993042,0.07657308876514435,0.022871446582851507
1778693756383493463,3.983426094055176,0.0773652046918869,0.022259179726134403
1778693756410647505,3.9833874702453613,0.07604318857192993,0.02315603292044844
1778693756436484483,3.983543872833252,0.07596513628959656,0.02318641484567346
1778693756465472585,3.9834468364715576,0.07665665447711945,0.022834716942423873
1778693756492613531,3.983219623565674,0.0759095847606659,0.0233036593368385
1778693756519552232,3.9832592010498047,0.07577775418758392,0.023461099454296693
1778693756544802159,3.9834365844726562,0.07557937502861023,0.023571327276238768
1778693756572939117,3.9833056926727295,0.07557178288698196,0.023777662019898203
1778693756600641054,3.9834518432617188,0.07645810395479202,0.02310204799851712
1778693756629211259,3.983656644821167,0.0756153017282486,0.023771204688643757
1778693756655461225,3.9839959144592285,0.0743211954832077,0.024548668414692276
1778693756682347936,3.9834916591644287,0.07420529425144196,0.02479104802087181
1778693756709991923,3.983936309814453,0.07575871050357819,0.02361644987967771
1778693756735380194,3.984391212463379,0.07659352570772171,0.023027981542673485
1778693756762024172,3.983858108520508,0.07646108418703079,0.023045450888422997
1778693756789654172,3.9836792945861816,0.07757004350423813,0.022183831039088026
1778693756816593073,3.983985662460327,0.07554299384355545,0.02379921502948035
1778693756844382918,3.9839701652526855,0.07655958831310272,0.022888083721238402
1778693756871970757,3.9837889671325684,0.07619158923625946,0.023143562992629294
1778693756899965093,3.9841666221618652,0.07561174035072327,0.023705049300900265
1778693756925523138,3.983971357345581,0.0766201838850975,0.022894333286157326
1778693756950560048,3.983421564102173,0.07714831829071045,0.022493517196557383
1778693756976082516,3.983665943145752,0.07441927492618561,0.024675940567387214
1778693757003578700,3.9841115474700928,0.07466116547584534,0.024415654366544887
1778693757029637852,3.9844202995300293,0.07533039152622223,0.024063920435685532
1778693757056531616,3.983867645263672,0.075555220246315,0.02405881610390452
1778693757083539789,3.984050989151001,0.07704019546508789,0.022854827756945584
1778693757110866711,3.9838666915893555,0.07601264864206314,0.023698501875734454
1778693757137435054,3.9838449954986572,0.07497984170913696,0.02449274789324121
1778693757165001944,3.983691692352295,0.07572513818740845,0.02396352809391145
1778693757193217782,3.9840869903564453,0.0761880874633789,0.023665367573896128
1778693757219450895,3.9837920665740967,0.07644368708133698,0.023257669467247808
1778693757245572616,3.9838669300079346,0.07635192573070526,0.023333841306265538
1778693757271834455,3.9839301109313965,0.07644599676132202,0.02321672109168786
1778693757297729413,3.983983039855957,0.07669460773468018,0.023146513372929552
1778693757325642964,3.9837327003479004,0.07647572457790375,0.0231157547666914
1778693757349863586,3.983633041381836,0.07584979385137558,0.023728378680733273
1778693757374255585,3.9835550785064697,0.07632173597812653,0.023211818172149602
1778693757400621493,3.9836080074310303,0.07625284790992737,0.02335200610873367
1778693757426810191,3.983708381652832,0.07654313743114471,0.023149774328651833
1778693757452800081,3.984127998352051,0.07632818818092346,0.023450186670428776
1778693757478091867,3.9840292930603027,0.07633738219738007,0.02348843545828141
1778693757505728169,3.9844164848327637,0.0756477564573288,0.024168171341189294
1778693757532792560,3.9835307598114014,0.07639679312705994,0.023317842419927598
1778693757563254936,3.9834258556365967,0.07597177475690842,0.023596724720619335
1778693757589234576,3.982917070388794,0.07610535621643066,0.023433891383174997
1778693757616795564,3.983003854751587,0.07672858238220215,0.023083252041481886
1778693757643170278,3.9829232692718506,0.07688157260417938,0.022838846876896326
1778693757670799576,3.9830429553985596,0.07668982446193695,0.023206828073172096
1778693757698555356,3.9832355976104736,0.07555325329303741,0.02397442470706524
1778693757725190457,3.983628511428833,0.07524906098842621,0.024057329397051904
1778693757750804690,3.9833157062530518,0.07488558441400528,0.024160796746754486
1778693757777831328,3.982931137084961,0.07613124698400497,0.02310221872689404
1778693757804489152,3.9833109378814697,0.0747300535440445,0.024636768291043203
1778693757831223142,3.983175754547119,0.07526866346597672,0.02423164270897288
1778693757857228671,3.982992649078369,0.07548226416110992,0.02403626960308155
1778693757885488633,3.9831578731536865,0.07534290105104446,0.024207668511222077
1778693757913479532,3.9829955101013184,0.07513603568077087,0.024192765045739882
1778693757939356817,3.9833550453186035,0.07492197304964066,0.024465285241614614
1778693757966656225,3.9835262298583984,0.0737701952457428,0.025158060979533537
1778693757993957798,3.983687162399292,0.07436159253120422,0.024803714470559023
1778693758021242870,3.9833667278289795,0.0747404396533966,0.02450454989258664
1778693758047606753,3.983633279800415,0.07532571256160736,0.024213683937100414
1778693758074669330,3.9832310676574707,0.07566796988248825,0.023849112374178635
1778693758102507888,3.983358860015869,0.07624584436416626,0.023296661978029078
1778693758129672329,3.983438730239868,0.075508713722229,0.024043077923006462
1778693758155499237,3.9832632541656494,0.07403383404016495,0.024957456910486644
1778693758182875983,3.983044385910034,0.07466808706521988,0.02445106349716022
1778693758209927739,3.9833192825317383,0.07545464485883713,0.023977920564848113
1778693758234877633,3.98315167427063,0.07590015232563019,0.02357341306385254
1778693758262867911,3.982956886291504,0.07524111866950989,0.02409800436255409
1778693758290305714,3.983034133911133,0.07490993291139603,0.024167394994997708
1778693758318280762,3.9828710556030273,0.07560301572084427,0.023719408433375645
1778693758345076009,3.9828691482543945,0.0752815306186676,0.02395640804379335
1778693758371811391,3.9830291271209717,0.07470805943012238,0.024334760268699084
1778693758401192653,3.9833264350891113,0.0741955116391182,0.024698441592976617
1778693758429328759,3.9832417964935303,0.07434398680925369,0.024522412049631306
1778693758455188781,3.9828104972839355,0.0754033774137497,0.023801552035778724
1778693758482433976,3.9828853607177734,0.07588669657707214,0.023466430035491124
1778693758510703877,3.982848644256592,0.07555749267339706,0.023849055070538024
1778693758539269844,3.982623815536499,0.07571223378181458,0.023677603104580162
1778693758567461656,3.982861042022705,0.07548563927412033,0.023825114477609825
1778693758594135921,3.9826016426086426,0.07559555023908615,0.02375352754007421
1778693758618354650,3.9827675819396973,0.07410500198602676,0.024755353740465055
1778693758646235859,3.9831607341766357,0.07530011981725693,0.02394856926969154
1778693758673555627,3.9831855297088623,0.07558592408895493,0.023627191484593493
1778693758701460241,3.983079671859741,0.0753670334815979,0.023820987289067275
1778693758728108005,3.983065366744995,0.07572327554225922,0.023565105814704786
1778693758755046776,3.982978105545044,0.07485951483249664,0.024249665247926076
1778693758783027605,3.982851266860962,0.07515428215265274,0.02407977039253269
1778693758808883839,3.9831671714782715,0.0749504342675209,0.024192232846686926
1778693758834070986,3.983198881149292,0.07656265050172806,0.02304923248746294
1778693758858833733,3.983409881591797,0.07563653588294983,0.023785337589832534
1778693758885593672,3.9835352897644043,0.07572133839130402,0.023469636802791922
1778693758913096139,3.9832475185394287,0.07481949031352997,0.02425577283736015
1778693758941512329,3.983119010925293,0.07447058707475662,0.024627018743801344
1778693758971822675,3.9831485748291016,0.0745004266500473,0.024534860500904813
1778693758999216815,3.9831390380859375,0.07422754168510437,0.024758537345728162
1778693759025940464,3.982804775238037,0.07558169215917587,0.02381965806225427
1778693759054183093,3.9827020168304443,0.07528834044933319,0.023930612477753462
1778693759082596108,3.9823687076568604,0.07443001866340637,0.02427614674951138
1778693759109100669,3.982565402984619,0.07480043172836304,0.024096658138480193
1778693759134213143,3.9825167655944824,0.07431994378566742,0.02444947412168763
1778693759162881295,3.982581377029419,0.0739874541759491,0.02472509902463548
1778693759187993448,3.98291015625,0.0746232196688652,0.024250620198356075
1778693759216168929,3.983384370803833,0.0734989196062088,0.02345845506460551
1778693759244307249,3.9824860095977783,0.07330087572336197,0.01689204901234839
1778693759268904079,3.983415126800537,0.07207348197698593,0.007974800660083287
1778693759297908432,3.982999801635742,0.07206664234399796,0.001465238526229665
1778693759325344903,3.9840199947357178,0.06959627568721771,-0.010237931200585394
1778693759352025400,3.983710527420044,0.06896861642599106,-0.017166187165410775
1778693759380434116,3.9847850799560547,0.06643394380807877,-0.029554009592545335
1778693759407182533,3.9846794605255127,0.06599089503288269,-0.044239638636151477
1778693759434344960,3.985614061355591,0.06403230130672455,-0.05054946338696203
1778693759461485215,3.9861714839935303,0.0657530426979065,-0.06703615339486604
1778693759489223201,3.986847162246704,0.06294718384742737,-0.07985005513000631
1778693759517147031,3.9870352745056152,0.0605393648147583,-0.0862510536160272
1778693759541423089,3.988208532333374,0.057678937911987305,-0.10009522420231516
1778693759569217643,3.9882988929748535,0.058045268058776855,-0.10884211516592
1778693759592952648,3.989090919494629,0.0559365451335907,-0.12401818989692893
1778693759617691880,3.990295648574829,0.05308842658996582,-0.13050642497769885
1778693759642926858,3.9894297122955322,0.05194568634033203,-0.14653767117030458
1778693759669350796,3.9901537895202637,0.05094623565673828,-0.15434340024696602
1778693759693811566,3.9904489517211914,0.04697227478027344,-0.1687725812383714
1778693759716330279,3.991589069366455,0.04765206575393677,-0.1875442399758884
1778693759741021439,3.991910219192505,0.04629158973693848,-0.19550945383413024
1778693759767530179,3.9932143688201904,0.04704195261001587,-0.20499960627668395
1778693759793860748,3.9913206100463867,0.04314810037612915,-0.21984604975922137
1778693759817806846,3.9935197830200195,0.041717469692230225,-0.23777205152177133
1778693759842230145,3.992903232574463,0.03999727964401245,-0.24545764744592716
1778693759866239143,3.9917876720428467,0.037641823291778564,-0.25261782677016503
1778693759892651618,3.993461847305298,0.03748440742492676,-0.27094852422948695
1778693759918513413,3.9922287464141846,0.03417158126831055,-0.2780261624298674
1778693759943352135,3.9922165870666504,0.031836509704589844,-0.295069128891801
1778693759968859904,3.9916107654571533,0.030478715896606445,-0.3121977957461098
1778693759995774348,3.992650032043457,0.028977394104003906,-0.32060945470440255
1778693760022110007,3.994471788406372,0.03020620346069336,-0.3405422669218232
1778693760048738675,3.994335651397705,0.02825784683227539,-0.3481925490069324
1778693760074721420,3.993411064147949,0.025783538818359375,-0.3651817356713102
1778693760102363403,3.99290132522583,0.024090051651000977,-0.3729619777726893
1778693760131810931,3.99311900138855,0.02229773998260498,-0.3901304563656351
1778693760162685374,3.992680072784424,0.020193934440612793,-0.4071135384561638
1778693760193421933,3.9921092987060547,0.01842951774597168,-0.42398948733063935
1778693760221471383,3.9914064407348633,0.016469359397888184,-0.4406937076676709
1778693760251985849,3.990027904510498,0.014796137809753418,-0.4483065697763142
1778693760284423235,3.9898343086242676,0.012785911560058594,-0.4648314080400977
1778693760315423097,3.989175319671631,0.010743141174316406,-0.4815344818701083
1778693760345497231,3.9893057346343994,0.00927877426147461,-0.4992339780313688
1778693760372364856,3.9875693321228027,0.007338166236877441,-0.5069723164622048
1778693760399636632,3.98708176612854,0.005728483200073242,-0.5239467421221391
1778693760429544209,3.984774589538574,0.002795577049255371,-0.5393462811530975
1778693760457331789,3.984546184539795,0.0010008811950683594,-0.5563759449895835
1778693760484704287,3.9857735633850098,0.0013283491134643555,-0.5659235457816949
1778693760514092653,3.9844117164611816,-0.0006192922592163086,-0.5825714232271372
1778693760543378293,3.982174873352051,-0.0028148889541625977,-0.5985168023018864
1778693760572073445,3.9826927185058594,-0.004151105880737305,-0.6161952346538436
1778693760601217144,3.9814562797546387,-0.0059233903884887695,-0.6237250106173465
1778693760631035381,3.98234224319458,-0.00679171085357666,-0.6413141387657132
1778693760657837670,3.9804821014404297,-0.008210539817810059,-0.6578527131855616
1778693760686906787,3.978563070297241,-0.00998079776763916,-0.665228708201718
1778693760714917583,3.979806900024414,-0.010130167007446289,-0.683542952351259
1778693760740636405,3.976551055908203,-0.014033198356628418,-0.6980054458895942
1778693760768424086,3.9763100147247314,-0.014972686767578125,-0.7060558931870995
1778693760795767648,3.974759578704834,-0.01629197597503662,-0.7231591416804034
1778693760823243223,3.976062297821045,-0.01800978183746338,-0.7403833302620685
1778693760853416648,3.973379135131836,-0.01869034767150879,-0.748445472370144
1778693760882655278,3.9739744663238525,-0.019150614738464355,-0.7663763668712694
1778693760909397383,3.971167802810669,-0.022899866104125977,-0.7803303341306188
1778693760937958339,3.9725608825683594,-0.022812485694885254,-0.7900992827858793
1778693760967948894,3.971468448638916,-0.023636221885681152,-0.8074483559821778
1778693760995141439,3.9697842597961426,-0.025173306465148926,-0.823967357186226
1778693761021983094,3.9673972129821777,-0.027225852012634277,-0.8399020474288347
1778693761049634664,3.9693551063537598,-0.027237772941589355,-0.8497536238716301
1778693761076278401,3.96637225151062,-0.02769756317138672,-0.8663850677671854
1778693761105953054,3.9678854942321777,-0.028465986251831055,-0.8846741221011494
1778693761133236952,3.9629368782043457,-0.031041979789733887,-0.8898286883853264
1778693761163208030,3.9611377716064453,-0.032842040061950684,-0.9062519588286757
1778693761187935089,3.960822582244873,-0.03269624710083008,-0.924069000577266
1778693761215479364,3.9605467319488525,-0.03347325325012207,-0.9324189619035471
1778693761241335698,3.9618449211120605,-0.03476917743682861,-0.9501907233394697
1778693761268080969,3.956753730773926,-0.03679001331329346,-0.9563250002750984
1778693761295675291,3.9544637203216553,-0.038330674171447754,-0.972238928189403
1778693761320920578,3.9560446739196777,-0.03719985485076904,-0.9919597719529616
1778693761347327353,3.9530389308929443,-0.039647579193115234,-0.9980684327372318
1778693761374166893,3.951051712036133,-0.04157865047454834,-1.0133198067222446
1778693761400178704,3.9481544494628906,-0.04301893711090088,-1.0203799506563442
1778693761426547075,3.950223684310913,-0.041251301765441895,-1.0400130527280913
1778693761450519694,3.9497687816619873,-0.0427546501159668,-1.0569797071843376
1778693761474455682,3.947298288345337,-0.0428847074508667,-1.0646127888334849
1778693761501129316,3.9473724365234375,-0.042743682861328125,-1.0737864416581637
1778693761527761441,3.9471302032470703,-0.04428672790527344,-1.090713451552787
1778693761552812147,3.941042900085449,-0.045764803886413574,-1.1051841322101927
1778693761580271541,3.937854766845703,-0.04556441307067871,-1.1126960519095794
1778693761604955777,3.9389195442199707,-0.04845750331878662,-1.1298606330416938
1778693761630855354,3.9421229362487793,-0.04816091060638428,-1.1402197367100588
1778693761654952119,3.9408092498779297,-0.04528629779815674,-1.158949076711311
1778693761680491428,3.9317779541015625,-0.049283504486083984,-1.1619731615257514
1778693761704759400,3.9328222274780273,-0.05084550380706787,-1.1793881844736611
1778693761728810909,3.9363582134246826,-0.04737222194671631,-1.1918560663523603
1778693761754843560,3.932405948638916,-0.04938149452209473,-1.2071515802131798
1778693761780430579,3.930480480194092,-0.05153656005859375,-1.213908891985203
1778693761806896767,3.9225456714630127,-0.05384838581085205,-1.227402952511572
1778693761831859055,3.9271960258483887,-0.050567030906677246,-1.2400409862067534
1778693761862147659,3.925112247467041,-0.0513606071472168,-1.25635614090909
1778693761892050527,3.9233174324035645,-0.05265498161315918,-1.2730128572208927
1778693761921299326,3.923218250274658,-0.05280637741088867,-1.2817651726054888
1778693761952297625,3.9196724891662598,-0.053063154220581055,-1.297740299270804
1778693761979754334,3.920336961746216,-0.053772926330566406,-1.3150426241526874
1778693762005271029,3.9155490398406982,-0.05342113971710205,-1.330827553472983
1778693762036412611,3.917961835861206,-0.05573916435241699,-1.3398582835017014
1778693762067207772,3.9138731956481934,-0.05512005090713501,-1.356330279199723
1778693762095887575,3.913356304168701,-0.053013622760772705,-1.3751411262610629
1778693762120360809,3.911700963973999,-0.05482405424118042,-1.391711001479806
1778693762147287987,3.911280870437622,-0.05408293008804321,-1.4005844439609259
1778693762172681137,3.9083268642425537,-0.05507659912109375,-1.4167555853187457
1778693762198130003,3.908846616744995,-0.054659247398376465,-1.425785058345592
1778693762222367727,3.908374547958374,-0.05597329139709473,-1.4425375791712247
1778693762245888894,3.9030587673187256,-0.055262595415115356,-1.449780328570814
1778693762270216049,3.9033377170562744,-0.05638962984085083,-1.4670279565217812
1778693762293453554,3.8986709117889404,-0.05527520179748535,-1.474365835522897
1778693762318323935,3.898688793182373,-0.056041717529296875,-1.4912326844880386
1778693762344166343,3.8985157012939453,-0.057050853967666626,-1.4995215765949277
1778693762369050180,3.8920767307281494,-0.054669275879859924,-1.5155653234522768
1778693762393569963,3.8969640731811523,-0.05674433708190918,-1.5254685407471642
1778693762417491293,3.896240711212158,-0.05732928216457367,-1.5426613257479003
1778693762441251626,3.8945658206939697,-0.05895080417394638,-1.550001200513827
1778693762466169459,3.8869969844818115,-0.05456334352493286,-1.5566366726271834
1778693762490347409,3.8921070098876953,-0.05970853567123413,-1.5750373204081278
1778693762514861120,3.8892295360565186,-0.059301719069480896,-1.5829410489898925
1778693762539083745,3.8840534687042236,-0.05734375864267349,-1.598548412756236
1778693762562032309,3.8857216835021973,-0.056927479803562164,-1.607821504664139
1778693762585929193,3.8853812217712402,-0.05688871443271637,-1.6251519792589333
1778693762612199346,3.8844361305236816,-0.05695436894893646,-1.6335121570417956
1778693762637960779,3.880791187286377,-0.05699795484542847,-1.6496227685778189
1778693762664808726,3.8811638355255127,-0.058070868253707886,-1.6581308999341478
1778693762695707204,3.8797788619995117,-0.058236658573150635,-1.674856882973039
1778693762719645226,3.877580165863037,-0.05871927738189697,-1.691268665644918
1778693762750127570,3.876821756362915,-0.0598427951335907,-1.6996878332716643
1778693762775932445,3.875499963760376,-0.058397650718688965,-1.7166810875832341
1778693762800712916,3.8729465007781982,-0.05803006887435913,-1.7242556583643676
1778693762823707727,3.87145733833313,-0.059043049812316895,-1.7411533538392296
1778693762847293116,3.8710756301879883,-0.05586647987365723,-1.7498639388784119
1778693762870751704,3.8685784339904785,-0.05591166019439697,-1.7662135586331869
1778693762894775910,3.8676373958587646,-0.05892521142959595,-1.774200450694323
1778693762917029347,3.866636037826538,-0.05764579772949219,-1.7909897433934492
1778693762937799753,3.8667614459991455,-0.05656552314758301,-1.8001221479887106
1778693762957757498,3.8632819652557373,-0.057697415351867676,-1.807346564744203
1778693762977674485,3.862802028656006,-0.056031644344329834,-1.816129592909601
1778693762999229729,3.860588788986206,-0.05813103914260864,-1.8327704766930164
1778693763021783198,3.8592429161071777,-0.05734652280807495,-1.8406084785296968
1778693763044129412,3.858518600463867,-0.057418763637542725,-1.84931483688866
1778693763066393769,3.855370044708252,-0.05620396137237549,-1.8660466901333177
1778693763087615597,3.8544678688049316,-0.05514705181121826,-1.873454011209045
1778693763109292172,3.852065086364746,-0.05251121520996094,-1.8812313735710635
1778693763127219281,3.851793050765991,-0.05350685119628906,-1.8900721974962196
1778693763148654225,3.8494553565979004,-0.051447272300720215,-1.9065163424569462
1778693763168629483,3.8482542037963867,-0.05458271503448486,-1.914461474230613
1778693763189192343,3.847729206085205,-0.05744016170501709,-1.9239776554249868
1778693763209108939,3.846928358078003,-0.058626651763916016,-1.9321610522510617
1778693763230111508,3.8442680835723877,-0.05711770057678223,-1.9402766694617963
1778693763251455469,3.844360828399658,-0.059435129165649414,-1.9579617997655112
1778693763273465801,3.84358811378479,-0.05778205394744873,-1.9652678839663436
1778693763294321680,3.8408496379852295,-0.050600409507751465,-1.972613344362235
1778693763313353417,3.838240623474121,-0.04951357841491699,-1.9889241213883162
1778693763336206408,3.8359744548797607,-0.041194796562194824,-1.9958727981744269
1778693763357417566,3.836754560470581,-0.04554736614227295,-2.005674381504439
1778693763381162239,3.8342092037200928,-0.04646480083465576,-2.0138848159817693
1778693763403760924,3.8330178260803223,-0.043840885162353516,-2.030276819906895
1778693763427679199,3.832893133163452,-0.04251277446746826,-2.038436493479283
1778693763449037767,3.8299412727355957,-0.04452323913574219,-2.054524947561065
1778693763472873845,3.8286125659942627,-0.0418926477432251,-2.0626409299784934
1778693763495802440,3.827322244644165,-0.04164326190948486,-2.0707950562658586
1778693763519249645,3.8263587951660156,-0.043059587478637695,-2.087927696301533
1778693763539850788,3.825470447540283,-0.041991233825683594,-2.0958408556441026
1778693763563542640,3.8238601684570312,-0.03845250606536865,-2.1036622983613764
1778693763586675996,3.8226327896118164,-0.04122018814086914,-2.1211143692416234
1778693763610409578,3.8213584423065186,-0.041368722915649414,-2.128905678039213
1778693763633664246,3.820598602294922,-0.03988313674926758,-2.145720378810079
1778693763658847505,3.819014310836792,-0.03639018535614014,-2.153459505492073
1778693763679375127,3.8204007148742676,-0.043410420417785645,-2.1638962634099452
1778693763700328613,3.8174870014190674,-0.04053544998168945,-2.1793053845621317
1778693763720723682,3.815690517425537,-0.035398006439208984,-2.1864260598006227
1778693763746687922,3.8145809173583984,-0.03595232963562012,-2.1946569784369423
1778693763775433420,3.814342975616455,-0.037131547927856445,-2.2119419413632917
1778693763800591381,3.8132550716400146,-0.0385667085647583,-2.2207847593355496
1778693763823172613,3.813412666320801,-0.0361173152923584,-2.2376520952651027
1778693763847042475,3.810828685760498,-0.03770244121551514,-2.2453467261892555
1778693763870225927,3.81162166595459,-0.03808128833770752,-2.262918891327718
1778693763895178846,3.809154987335205,-0.03738713264465332,-2.2711152029806527
1778693763916834963,3.8066163063049316,-0.03671884536743164,-2.28754712904597
1778693763938777075,3.8072404861450195,-0.036338090896606445,-2.2959747170661524
1778693763963147342,3.8063111305236816,-0.034514665603637695,-2.304042785713647
1778693763985591132,3.8056445121765137,-0.03365123271942139,-2.320474443912742
1778693764009585422,3.8052186965942383,-0.031223177909851074,-2.3290141480614164
1778693764041044740,3.8011703491210938,-0.028273701667785645,-2.3444747533737647
1778693764064139062,3.7998151779174805,-0.029929041862487793,-2.353213925234262
1778693764088300540,3.8010826110839844,-0.028383970260620117,-2.369895957132831
1778693764112110678,3.8045523166656494,-0.028585195541381836,-2.379507224757505
1778693764135096913,3.803842782974243,-0.025507330894470215,-2.396644229128114
1778693764157213899,3.80312442779541,-0.024183273315429688,-2.4045607097505575
1778693764183212765,3.8018851280212402,-0.02351677417755127,-2.4127316683649256
1778693764208527986,3.80153751373291,-0.022098064422607422,-2.429563393093492
1778693764234197903,3.8007702827453613,-0.023804187774658203,-2.438810990547898
1778693764257428475,3.7992208003997803,-0.022764086723327637,-2.4554292620503406
1778693764284941431,3.7960565090179443,-0.021329283714294434,-2.4628155275178476
1778693764308622031,3.796553373336792,-0.02095162868499756,-2.4807702139252674
1778693764331424927,3.795426845550537,-0.019886493682861328,-2.4885852410789533
1778693764354530099,3.794552803039551,-0.017990469932556152,-2.5051703428041483
1778693764380302733,3.795228958129883,-0.017780423164367676,-2.5139127716140326
1778693764405245282,3.792668581008911,-0.017249226570129395,-2.5305621365356563
1778693764430646006,3.792764663696289,-0.015746593475341797,-2.538867770846061
1778693764455035971,3.794048309326172,-0.014439225196838379,-2.555865930090715
1778693764480657977,3.790830373764038,-0.013773560523986816,-2.56376327434211
1778693764504450722,3.79073429107666,-0.011681914329528809,-2.5803531690135535
1778693764528537047,3.7919793128967285,-0.011333346366882324,-2.5892624699504045
1778693764552414864,3.7885169982910156,-0.009507298469543457,-2.605134273434236
1778693764575890523,3.789189577102661,-0.00993335247039795,-2.6138551186912395
1778693764599819258,3.7925000190734863,-0.0073680877685546875,-2.622546271644803
1778693764622963174,3.789241075515747,-0.006838440895080566,-2.63905391253712
1778693764647810732,3.787290573120117,-0.005639433860778809,-2.647097064120275
1778693764670017740,3.7862308025360107,-0.004454970359802246,-2.663838637913599
1778693764695293355,3.7836503982543945,-0.004052519798278809,-2.6718912898276956
1778693764720777448,3.7835092544555664,-0.002811431884765625,-2.6888085310829792
1778693764743698249,3.777256965637207,-0.0007436275482177734,-2.6956343893490136
1778693764768858984,3.7767772674560547,-0.0007781982421875,-2.7132855300319894
1778693764794291559,3.7816214561462402,0.002749800682067871,-2.7208851891922996
1778693764817466765,3.777644157409668,0.0021317005157470703,-2.7382552903484205
1778693764840090308,3.7732837200164795,0.0035390853881835938,-2.7455814301603634
1778693764865111538,3.780410051345825,0.005165457725524902,-2.754609513777802
1778693764888424236,3.773064136505127,0.005906939506530762,-2.7708915294986998
1778693764911786980,3.773858070373535,0.005812644958496094,-2.77948028864133
1778693764935376467,3.78200364112854,0.009172677993774414,-2.7971192911051337
1778693764956396439,3.77529239654541,0.008474946022033691,-2.8049514488699914
1778693764981032724,3.780545711517334,0.010277748107910156,-2.813705813742083
1778693765001916015,3.7804601192474365,0.0111769437789917,-2.8307033943679776
1778693765023788464,3.7803053855895996,0.01440119743347168,-2.838542658970302
1778693765048599382,3.783714771270752,0.016352534294128418,-2.847190249938217
1778693765072704763,3.7834908962249756,0.017530858516693115,-2.863840639725342
1778693765097248451,3.7842841148376465,0.0165671706199646,-2.873305218381946
1778693765121790817,3.779768943786621,0.020159125328063965,-2.8878016747692223
1778693765145922198,3.7740211486816406,0.02105391025543213,-2.8948524746559765
1778693765169876791,3.766958475112915,0.020773470401763916,-2.9118987635951408
1778693765194652662,3.7670741081237793,0.022122740745544434,-2.9199577506580248
1778693765220380050,3.769453287124634,0.023746788501739502,-2.93744916012737
1778693765245348538,3.767390727996826,0.025642871856689453,-2.9447688357346045
1778693765269662037,3.7700552940368652,0.02705007791519165,-2.962101857391174
1778693765295069995,3.7705931663513184,0.027508914470672607,-2.9704210820608714
1778693765318285407,3.770217180252075,0.0295371413230896,-2.9869550131056015
1778693765349258147,3.7629761695861816,0.02999216318130493,-2.995638424265567
1778693765377103838,3.764728546142578,0.030916482210159302,-3.0126189973971154
1778693765400205162,3.763943672180176,0.03444939851760864,-3.028857038308639
1778693765427148781,3.7647552490234375,0.03404518961906433,-3.037438224199393
1778693765450593061,3.7621970176696777,0.03757718205451965,-3.0534022438079775
1778693765474156057,3.7617204189300537,0.038707464933395386,-3.061522063893566
1778693765500368410,3.7603518962860107,0.039654508233070374,-3.0697106553872944
1778693765525875016,3.7611746788024902,0.04119996726512909,-3.0866589876489776
1778693765552287100,3.7616071701049805,0.04179909825325012,-3.0951226625806862
1778693765578158753,3.761218786239624,0.0436304435133934,-3.1117616085902657
1778693765605326249,3.761185646057129,0.04552862048149109,-3.128635847779608
1778693765631024380,3.761559009552002,0.04617701843380928,-3.1369513513767378
1778693765654435847,3.7613472938537598,0.048096396028995514,3.1298525475953656
1778693765678474331,3.7586865425109863,0.05043148249387741,3.1216782645017656
1778693765702768282,3.759028673171997,0.051446110010147095,3.105045168490596
1778693765726462058,3.7597925662994385,0.05273956060409546,3.0970366789128336
1778693765749364533,3.7603273391723633,0.0546451210975647,3.080355554337545
1778693765773058409,3.758802890777588,0.05668920278549194,3.072481100135398
1778693765797741433,3.758002519607544,0.05753546953201294,3.0642217016275026
1778693765820612067,3.7590157985687256,0.05872616171836853,3.0469106316238324
1778693765846405010,3.7602524757385254,0.059264183044433594,3.038577666665837
1778693765873868822,3.7587392330169678,0.06243067979812622,3.022188230957183
1778693765898753170,3.759037494659424,0.06227228045463562,3.01400262617375
1778693765923018717,3.7590811252593994,0.06500738859176636,2.997425163117922
1778693765947250950,3.7588348388671875,0.0663955807685852,2.9896109266385342
1778693765971695539,3.759648084640503,0.06658387184143066,2.971746157072492
1778693765993267976,3.7608373165130615,0.06911927461624146,2.9642030391020935
1778693766015006038,3.7603821754455566,0.07109308242797852,2.947830638467236
1778693766038854930,3.758911609649658,0.07193368673324585,2.9392331248413788
1778693766063767422,3.7577693462371826,0.07253873348236084,2.9305539017585103
1778693766087649547,3.760202646255493,0.0754631757736206,2.9142912539006387
1778693766109162510,3.7584807872772217,0.07665973901748657,2.9064754142988227
1778693766134260045,3.761683702468872,0.07611948251724243,2.8975814086039913
1778693766154902276,3.7610464096069336,0.07874846458435059,2.881528181206947
1778693766175651431,3.7604546546936035,0.08102136850357056,2.873815321267187
1778693766200179970,3.7618789672851562,0.08052927255630493,2.8646401563593358
1778693766225949618,3.7629897594451904,0.08200991153717041,2.8482387665204705
1778693766253335410,3.764908790588379,0.08406269550323486,2.839797050898966
1778693766280714150,3.764704465866089,0.08562028408050537,2.8227246537005803
1778693766305652711,3.7647030353546143,0.0883721113204956,2.806620993289914
1778693766328184308,3.7661406993865967,0.08939552307128906,2.7982063911917776
1778693766355732471,3.767874002456665,0.09118640422821045,2.7815667255677887
1778693766379669120,3.7651917934417725,0.09212136268615723,2.77312947887259
1778693766403643421,3.7673180103302,0.09542596340179443,2.757353414131204
1778693766427408663,3.766737222671509,0.09585404396057129,2.7484047634101043
1778693766450287323,3.768127202987671,0.09797394275665283,2.731987270761712
1778693766474160932,3.7701144218444824,0.09889423847198486,2.723786601377187
1778693766496374843,3.77099609375,0.09969305992126465,2.715424181547077
1778693766521185130,3.7704241275787354,0.10070931911468506,2.6985789356411893
1778693766545452700,3.77026629447937,0.1025078296661377,2.6905773427122286
1778693766569624508,3.7701592445373535,0.10346341133117676,2.6737704111317027
1778693766591376478,3.770010471343994,0.10471701622009277,2.6654341538002626
1778693766615901991,3.7716519832611084,0.10563695430755615,2.657948053064297
1778693766639014707,3.771777629852295,0.1077190637588501,2.641540479627067
1778693766661761575,3.771902084350586,0.1080923080444336,2.632670529471676
1778693766684524274,3.7741613388061523,0.11003673076629639,2.616339223466857
1778693766706562139,3.7732784748077393,0.1100548505783081,2.607428412692721
1778693766730294628,3.772392749786377,0.11171138286590576,2.5993198342515886
1778693766752198848,3.774184465408325,0.1135554313659668,2.582723936290457
1778693766774578064,3.774221658706665,0.11473619937896729,2.5745694664344874
1778693766796988390,3.7760207653045654,0.11524832248687744,2.566631743281182
1778693766818669574,3.7748935222625732,0.11788034439086914,2.5501617447430194
1778693766840898564,3.77608060836792,0.1183086633682251,2.541347100113836
1778693766864518949,3.777157783508301,0.11887264251708984,2.533448803924632
1778693766887021321,3.7780094146728516,0.121010422706604,2.516072963969294
1778693766909717873,3.7777161598205566,0.12214779853820801,2.5075973021776465
1778693766929790466,3.7819790840148926,0.12428975105285645,2.4921709382367876
1778693766952729752,3.78294038772583,0.1253201961517334,2.4838902564213994
1778693766974168703,3.7823009490966797,0.1253981590270996,2.4755315615942752
1778693766994353802,3.7834396362304688,0.12597310543060303,2.4673935476288786
1778693767015794647,3.7824223041534424,0.12757039070129395,2.450270938690395
1778693767037521809,3.7827329635620117,0.12875080108642578,2.441780591483562
1778693767057948558,3.7835922241210938,0.12958920001983643,2.4340206147108607
1778693767078986364,3.785107374191284,0.12948846817016602,2.4244609567892845
1778693767100815501,3.78570556640625,0.1338411569595337,2.409702698404936
1778693767122093164,3.7849807739257812,0.13457608222961426,2.4012128366363665
1778693767143832900,3.7847514152526855,0.13379108905792236,2.3916258817463665
1778693767165328600,3.7868175506591797,0.13586819171905518,2.37517290995979
1778693767187748524,3.7869880199432373,0.13616251945495605,2.3669770599764854
1778693767211168327,3.7886507511138916,0.13662409782409668,2.3588008925275727
1778693767234031597,3.790916919708252,0.1383686065673828,2.3418448175033864
1778693767254448437,3.793226480484009,0.13917362689971924,2.3332860358460903
1778693767272879758,3.7909421920776367,0.1407557725906372,2.3255507398501196
1778693767291597355,3.7934117317199707,0.1417407989501953,2.317308360806549
1778693767312134025,3.7958226203918457,0.14055383205413818,2.309161219186253
1778693767331843235,3.799368381500244,0.142492413520813,2.2933307551051025
1778693767352547564,3.798835277557373,0.14285969734191895,2.284264230659636
1778693767373756767,3.7952089309692383,0.14642202854156494,2.2766632789055308
1778693767397219642,3.795928478240967,0.14644014835357666,2.2682681014641637
1778693767419593658,3.795952320098877,0.14956212043762207,2.251839326408911
1778693767441601285,3.796243190765381,0.15102803707122803,2.243388018874102
1778693767461247455,3.7969982624053955,0.1505204439163208,2.2346981630732428
1778693767483049991,3.7983436584472656,0.15260887145996094,2.2183568436341137
1778693767504989678,3.7993767261505127,0.15422749519348145,2.2101729861494217
1778693767524861438,3.799429178237915,0.1540602445602417,2.201895086391241
1778693767544027000,3.801330089569092,0.15467298030853271,2.1936839718257923
1778693767563573129,3.8023695945739746,0.1558856964111328,2.1770947839686134
1778693767583510705,3.8025996685028076,0.15563714504241943,2.168044049433836
1778693767604357406,3.802781581878662,0.15741705894470215,2.1604690619628384
1778693767625323425,3.803032875061035,0.15931379795074463,2.1527643702779224
1778693767645078743,3.8029086589813232,0.15901148319244385,2.1434204150572405
1778693767663897593,3.803079605102539,0.1605619192123413,2.127199493411563
1778693767683500029,3.8053627014160156,0.1615980863571167,2.1186119085710406
1778693767703435090,3.806281328201294,0.1616419553756714,2.110818716678856
1778693767722087213,3.811802387237549,0.16157960891723633,2.1029761939460885
1778693767741247866,3.810818672180176,0.16078495979309082,2.093701349847149
1778693767761861021,3.8095312118530273,0.16265106201171875,2.0853830186140723
1778693767778725912,3.8135876655578613,0.16480767726898193,2.0700635903237385
1778693767797429332,3.8157873153686523,0.16260170936584473,2.061110155360084
1778693767819619818,3.81626296043396,0.163468599319458,2.0530495046963133
1778693767839005390,3.8179707527160645,0.16450905799865723,2.0449525966039013
1778693767858372617,3.8184022903442383,0.165094256401062,2.036378493419314
1778693767877733051,3.8208603858947754,0.16377770900726318,2.028040643555906
1778693767895815897,3.8172571659088135,0.16771423816680908,2.01086627551593
1778693767914856741,3.8201537132263184,0.16778695583343506,2.0030728215382396
1778693767933949495,3.8226170539855957,0.16827905178070068,1.9949778090611037
1778693767949746698,3.8223910331726074,0.1693553924560547,1.9866313153933566
1778693767967824954,3.8233773708343506,0.16976070404052734,1.9784507873832575
1778693767986345966,3.8252437114715576,0.16920030117034912,1.9703795242504714
1778693768004506841,3.8235373497009277,0.1719801425933838,1.9618295558836893
1778693768022139858,3.8268234729766846,0.17159199714660645,1.9539872295718062
1778693768042357799,3.823488712310791,0.17389535903930664,1.945477385798671
1778693768060762569,3.8253860473632812,0.17434954643249512,1.9372200067328118
1778693768076792526,3.827078104019165,0.17528057098388672,1.9206143247456626
1778693768094787353,3.8319504261016846,0.1750577688217163,1.9129001391741822
1778693768111797431,3.8332295417785645,0.17453324794769287,1.9045525704852515
1778693768128913161,3.8323068618774414,0.17589282989501953,1.8957605189184454
1778693768146882941,3.83768892288208,0.17745131254196167,1.8888962040957726
1778693768163558550,3.842475652694702,0.17945486307144165,1.8815198426957365
1778693768181626948,3.8399219512939453,0.1765841245651245,1.8724576548518546
1778693768199108015,3.846709966659546,0.1820836067199707,1.8654761002769018
1778693768216131458,3.8480093479156494,0.1823369860649109,1.8574840692757217
1778693768233983664,3.8348891735076904,0.17842257022857666,1.8453397889649503
1778693768251115103,3.837114095687866,0.17858284711837769,1.8371931178100325
1778693768268615657,3.8466432094573975,0.1832934021949768,1.8314211493516936
1778693768285452264,3.8459489345550537,0.18305444717407227,1.8229524584520125
1778693768302501767,3.8457071781158447,0.18241524696350098,1.8145371289858006
1778693768319155806,3.8448410034179688,0.18419861793518066,1.8057095370799001
1778693768339503304,3.851384401321411,0.18308186531066895,1.7981760410149839
1778693768355806041,3.849033832550049,0.18394237756729126,1.7889826428520053
1778693768371383725,3.8493199348449707,0.18339675664901733,1.7805357622725373
1778693768389669618,3.85123872756958,0.18385589122772217,1.7722789325330812
1778693768409517834,3.850045680999756,0.18404221534729004,1.7635697788944493
1778693768428699897,3.8548665046691895,0.18279600143432617,1.7565669853661698
1778693768446039604,3.8546085357666016,0.18502527475357056,1.7392605764291236
1778693768462757424,3.8566551208496094,0.18343409895896912,1.7311111631534248
1778693768483176279,3.8588716983795166,0.18430060148239136,1.7232332126734433
1778693768500048303,3.8590915203094482,0.18743625283241272,1.7142948456297125
1778693768518606145,3.858423948287964,0.1858016550540924,1.7058150562659535
1778693768538041753,3.859285593032837,0.1842074990272522,1.6971680237260212
1778693768554496110,3.857461452484131,0.18524831533432007,1.6883321304177583
1778693768573644119,3.864198684692383,0.1857302039861679,1.6816068038010745
1778693768591893763,3.8601298332214355,0.18665193021297455,1.6717363884090783
1778693768610907966,3.8643863201141357,0.1872280240058899,1.6648323137928203
1778693768629392388,3.8654303550720215,0.18970349431037903,1.6479394064662332
1778693768648178987,3.8681275844573975,0.18690305948257446,1.6399260720503186
1778693768667561623,3.867561101913452,0.18835631012916565,1.6311287208817273
1778693768685088087,3.8742921352386475,0.18819236755371094,1.6246003653684673
1778693768702854829,3.8698318004608154,0.1879911720752716,1.6145005161109998
1778693768722151221,3.870065927505493,0.1876847743988037,1.6063354127679894
1778693768740830375,3.872793674468994,0.18634924292564392,1.598623977075201
1778693768756285665,3.869462013244629,0.18537785112857819,1.5889081394776394
1778693768773929573,3.8712563514709473,0.18787424266338348,1.5802743717050456
1778693768791492325,3.876448631286621,0.18783457577228546,1.573625201081476
1778693768808369881,3.8759236335754395,0.18562589585781097,1.5650909877086312
1778693768826847900,3.876195192337036,0.18937084078788757,1.5561278757945218
1778693768844819884,3.8810477256774902,0.1866537481546402,1.5493389567305502
1778693768862651871,3.8869588375091553,0.1838640570640564,1.533915872757913
1778693768880444242,3.8792288303375244,0.18133661150932312,1.5232416675897993
1778693768898628561,3.879310131072998,0.18611544370651245,1.514317038329598
1778693768916692230,3.889104127883911,0.18790999054908752,1.5085856413335128
1778693768934906917,3.8970043659210205,0.1837591528892517,1.502779275389761
1778693768949615052,3.8954663276672363,0.1909109354019165,1.4928260678883274
1778693768964695096,3.9151809215545654,0.18212363123893738,1.4907434055636999
1778693768981848808,3.8842124938964844,0.19288885593414307,1.4720129849122068
1778693768997847655,3.8900747299194336,0.19333860278129578,1.4653955849591058
1778693769014791016,3.891191005706787,0.1917659044265747,1.4574873463692823
1778693769032811081,3.894585371017456,0.1856597661972046,1.4501660042946374
1778693769051603131,3.8898367881774902,0.18778860569000244,1.4403049385012199
1778693769069561068,3.891059398651123,0.19314783811569214,1.4313629215847399
1778693769088080356,3.892707109451294,0.1785297393798828,1.4245548252621456
1778693769106812321,3.919433355331421,0.17666125297546387,1.424657636789537
1778693769124486235,3.90301251411438,0.1779283881187439,1.4100565532938745
1778693769143131174,3.8952131271362305,0.18921375274658203,1.3982055779669904
1778693769163173459,3.908926010131836,0.1851983666419983,1.3863138699007187
1778693769183385960,3.904294729232788,0.18283146619796753,1.3756405176582807
1778693769203672632,3.905806541442871,0.1808260679244995,1.368029492855723
1778693769225391808,3.9039952754974365,0.1831476092338562,1.3583422217128502
1778693769245793409,3.910914421081543,0.17645972967147827,1.3529727209076374
1778693769269297683,3.9110052585601807,0.17750704288482666,1.335115884338688
1778693769294243087,3.9319100379943848,0.17390793561935425,1.3337375964959515
1778693769319831709,3.9325931072235107,0.17275339365005493,1.3169478163466701
1778693769345048011,3.9367096424102783,0.17278581857681274,1.3097242449025406
1778693769370506414,3.93617844581604,0.1731809377670288,1.292006710498169
1778693769396211829,3.9369471073150635,0.17298591136932373,1.2835908835738432
1778693769421947362,3.9405624866485596,0.1731414794921875,1.2674378593321431
1778693769447567173,3.938671588897705,0.1714465618133545,1.2585660195223471
1778693769472748157,3.942589044570923,0.17052769660949707,1.2431183074595065
1778693769497834571,3.9447131156921387,0.1710566282272339,1.2348332876546595
1778693769524178945,3.9413321018218994,0.17034602165222168,1.2162356638202363
1778693769550061969,3.9452011585235596,0.17016851902008057,1.2090583571713043
1778693769575584455,3.946195363998413,0.17003405094146729,1.191744670218284
1778693769602611974,3.948035955429077,0.17012572288513184,1.1839059114845634
1778693769627779452,3.9508426189422607,0.17051398754119873,1.167594931531407
1778693769652635746,3.949477434158325,0.1694941520690918,1.1497879794237147
1778693769678048522,3.9540140628814697,0.16913676261901855,1.143577509718479
1778693769702802932,3.9542105197906494,0.1689317226409912,1.1262798746237634
1778693769729372216,3.9552059173583984,0.16957426071166992,1.1179209637260907
1778693769754780143,3.9596869945526123,0.16976416110992432,1.1025983481654398
1778693769778603586,3.9682183265686035,0.17117762565612793,1.096989173010662
1778693769804657416,3.963730812072754,0.1683591604232788,1.0788888197588546
1778693769829607910,3.96309757232666,0.1669163703918457,1.0705092291037759
1778693769856164770,3.9627461433410645,0.16574466228485107,1.0532382024097224
1778693769881210526,3.9666826725006104,0.16714632511138916,1.0457649866997614
1778693769904728636,3.965696334838867,0.1671053171157837,1.0281589865315284
1778693769929622542,3.9655818939208984,0.16543042659759521,1.0198446977156972
1778693769953242266,3.969277858734131,0.16510498523712158,1.0036003446543715
1778693769979045177,3.968029499053955,0.16521060466766357,0.9946293432065431
1778693770003356892,3.969025135040283,0.16400372982025146,0.9780107211782268
1778693770028560098,3.965747356414795,0.16212868690490723,0.9687342456355748
1778693770053362650,3.9658796787261963,0.16017663478851318,0.9513146361252371
1778693770078821584,3.9672820568084717,0.16267716884613037,0.9428035642353106
1778693770104083512,3.965337038040161,0.15939223766326904,0.9252901053861878
1778693770127319754,3.9703712463378906,0.1574784517288208,0.9190332171362059
1778693770150296661,3.976555347442627,0.1585448980331421,0.9032134929991411
1778693770172707377,3.975048542022705,0.15521693229675293,0.895218566849377
1778693770196951222,3.971311569213867,0.15520727634429932,0.8851696615665646
1778693770222108140,3.9796485900878906,0.15649354457855225,0.8703130212916392
1778693770247253736,3.9827823638916016,0.15568792819976807,0.8627298188945314
1778693770271402560,3.9789109230041504,0.154754638671875,0.8440132008610324
1778693770295970284,3.9880623817443848,0.1550142765045166,0.8387374399607086
1778693770320320382,3.988917827606201,0.15330934524536133,0.8220895077434729
1778693770343596800,3.989475727081299,0.1543649435043335,0.8131380135023092
1778693770367885160,3.9906959533691406,0.15206491947174072,0.7968245716733131
1778693770389373015,3.986867904663086,0.1504422426223755,0.7871569996712674
1778693770413913857,3.990417003631592,0.1519150733947754,0.7793727006955281
1778693770438359868,3.992765426635742,0.1501837968826294,0.7627884051419384
1778693770459695572,3.9882967472076416,0.1486377716064453,0.7529478084772494
1778693770484956759,3.9937241077423096,0.1474003791809082,0.7381401029009034
1778693770509495377,3.991135835647583,0.14821112155914307,0.727952847632915
1778693770534084972,3.993500232696533,0.1447979211807251,0.7120580944818728
1778693770557239668,3.9930081367492676,0.1436232328414917,0.7036550862916561
1778693770582235348,3.996504783630371,0.1454848051071167,0.6953941959280152
1778693770605173571,3.9974732398986816,0.14400315284729004,0.6790914162281452
1778693770629079612,3.994692087173462,0.1395326852798462,0.6699948439707423
1778693770652144025,3.998668909072876,0.1409362554550171,0.653795133415509
1778693770675978289,3.998664379119873,0.14184069633483887,0.6447089656893414
1778693770701252731,3.9992637634277344,0.14063012599945068,0.6370332163265602
1778693770726408487,4.003209114074707,0.13696908950805664,0.6221303598907789
1778693770751039331,4.006852149963379,0.13868844509124756,0.6050503828404153
1778693770774815032,4.0048909187316895,0.13594543933868408,0.5967875182531929
1778693770796441211,4.009754657745361,0.1364457607269287,0.5895901277272627
1778693770818461301,4.011965751647949,0.13532042503356934,0.5731327402056614
1778693770840028147,4.008448600769043,0.13124680519104004,0.5643488626088558
1778693770864307921,4.013083457946777,0.13142454624176025,0.5571854689164031
1778693770887461805,4.0083394050598145,0.1290072202682495,0.538396496398701
1778693770911747530,4.014397621154785,0.1308460235595703,0.5318942630977203
1778693770935215244,4.006811141967773,0.12594950199127197,0.5124907310620653
1778693770956754877,4.005410194396973,0.12224853038787842,0.5046200755951206
1778693770979932557,4.0117082595825195,0.1276639699935913,0.49669568241808953
1778693771003943528,4.021912097930908,0.12809038162231445,0.48320752944201056
1778693771027449475,4.018970012664795,0.12579023838043213,0.4737932117812534
1778693771048743850,4.017358303070068,0.1229557991027832,0.45675614964763245
1778693771071769670,4.017847061157227,0.12446784973144531,0.4473321002971412
1778693771095696851,4.018435001373291,0.125274658203125,0.43831778547850286
1778693771118663317,4.016586780548096,0.12321043014526367,0.42023946906969656
1778693771141810639,4.019167900085449,0.11884903907775879,0.41494692169369135
1778693771164697554,4.0234856605529785,0.12119126319885254,0.4063639497158599
1778693771187697295,4.02331018447876,0.11844503879547119,0.39002883971927077
1778693771211074506,4.020074844360352,0.11821377277374268,0.3797185217305971
1778693771233522383,4.0180158615112305,0.11551451683044434,0.3618315373083042
1778693771255610393,4.027306079864502,0.11635422706604004,0.35710869412086166
1778693771278323416,4.019225120544434,0.11238038539886475,0.34623002885602816
1778693771298267674,4.0235161781311035,0.111907958984375,0.3305761363759052
1778693771317698242,4.019509792327881,0.11158668994903564,0.3200319446025743
1778693771340813863,4.016975402832031,0.1128150224685669,0.30907738912625426
1778693771364345950,4.014866828918457,0.11246764659881592,0.2993404019638394
1778693771389208015,4.014556407928467,0.11164867877960205,0.28197738417049717
1778693771417077400,4.032764434814453,0.10564416646957397,0.2824074621815577
1778693771445456127,4.034049034118652,0.10390472412109375,0.26573790060303953
1778693771474445520,4.036004066467285,0.10025954246520996,0.25072352701203815
1778693771502435726,4.03536319732666,0.10041278600692749,0.2414428409262768
1778693771530239406,4.036980152130127,0.09766983985900879,0.22566596449228682
1778693771556493207,4.037221908569336,0.09738385677337646,0.20765425014834774
1778693771584938311,4.037679195404053,0.09507697820663452,0.20048470882411096
1778693771610997251,4.03823709487915,0.09375488758087158,0.18342234405292632
1778693771635994965,4.038984775543213,0.09103518724441528,0.16757925366033896
1778693771665584544,4.040073871612549,0.08892101049423218,0.16022138359161378
1778693771693067141,4.039731025695801,0.08837154507637024,0.1425768646081442
1778693771718334028,4.041443824768066,0.08638215065002441,0.13509250702784256
1778693771745642032,4.040345191955566,0.08587062358856201,0.11709920243005999
1778693771772315224,4.042508125305176,0.08257630467414856,0.10183058822434807
1778693771799539638,4.041971206665039,0.08199998736381531,0.09288109093388218
1778693771825084977,4.041680335998535,0.08193063735961914,0.07462053865565063
1778693771847627765,4.041655540466309,0.08209598064422607,0.06538102075274216
1778693771873735348,4.041934490203857,0.080146923661232,0.048742302036733576
1778693771898548299,4.043350696563721,0.07706514000892639,0.04241980241193883
1778693771923842238,4.043259143829346,0.07577022910118103,0.024961256156095967
1778693771949121029,4.043921947479248,0.07401829957962036,0.017549464586180764
1778693771974813419,4.044126987457275,0.07308498024940491,7.900099194184539e-05
1778693771999241656,4.0444254875183105,0.07163161784410477,-0.006068921609075817
1778693772023247116,4.045022964477539,0.06955340504646301,-0.013523746228370475
1778693772049097156,4.043063163757324,0.07160662859678268,-0.017721067298880244
1778693772072705809,4.043391227722168,0.07086450606584549,-0.01945568412231316
1778693772097330751,4.042999744415283,0.07052723318338394,-0.019689278925307276
1778693772122242200,4.041906833648682,0.07033924013376236,-0.020094047426889125
1778693772146100650,4.041840076446533,0.07084089517593384,-0.02066246913949644
1778693772170624890,4.041719436645508,0.07069896906614304,-0.020624800812609836
1778693772195749877,4.042250156402588,0.07092365622520447,-0.020613156743370224
1778693772220171060,4.042215824127197,0.06998265534639359,-0.01969586196473354
1778693772244881335,4.04279088973999,0.06996344774961472,-0.019474677718764925
1778693772272690145,4.042735576629639,0.06977394223213196,-0.01887843700958069
1778693772298462948,4.042616367340088,0.06977161020040512,-0.019132943342820216
1778693772324066919,4.0429863929748535,0.07027725130319595,-0.019350899436020592
1778693772349655601,4.041957855224609,0.07158073037862778,-0.020516167321200533
1778693772375229174,4.041763782501221,0.07167697697877884,-0.020573331657572254
1778693772401544392,4.042540073394775,0.07035207748413086,-0.019330917177211096
1778693772426843682,4.042843341827393,0.07112690061330795,-0.020152087004447147
1778693772453380704,4.043200969696045,0.06912039965391159,-0.018330358651257213
1778693772477383358,4.043661594390869,0.06921308487653732,-0.018218940511114626
1778693772502363508,4.04329252243042,0.070045605301857,-0.0188406593771965
1778693772526310367,4.043485164642334,0.06975537538528442,-0.018594514338682328
1778693772550884883,4.043747901916504,0.0693768858909607,-0.01834930490596995
1778693772574794520,4.043663501739502,0.06917218118906021,-0.018109142399611085
1778693772599169054,4.042961120605469,0.07052979618310928,-0.01947854833936689
1778693772624830955,4.042912483215332,0.0707540512084961,-0.019435225377973583
1778693772650509569,4.042953968048096,0.07011803984642029,-0.018963472226840306
1778693772679148713,4.042438983917236,0.07175130397081375,-0.02036418140865015
1778693772705203856,4.042773723602295,0.071110799908638,-0.019898127691416433
1778693772730304856,4.042628288269043,0.07191590219736099,-0.02050800813949021
1778693772758542134,4.04287052154541,0.07189757376909256,-0.020486667030329347
1778693772784122169,4.042842388153076,0.07173784077167511,-0.020533018912244867
1778693772811197058,4.042579650878906,0.07158967107534409,-0.02031772600170186
1778693772836846586,4.042636394500732,0.07135985791683197,-0.020045862954680197
1778693772859751104,4.042541980743408,0.07260547578334808,-0.02116074187832653
1778693772885888253,4.043704032897949,0.07104267925024033,-0.019717719590555433
1778693772912566424,4.042538642883301,0.07250244915485382,-0.021109247954676013
1778693772938644841,4.042358875274658,0.07275312393903732,-0.021370504271710528
1778693772963786630,4.043158054351807,0.07123280316591263,-0.019949902166495618
1778693772988324045,4.0431976318359375,0.07248163968324661,-0.020988568879882097
1778693773019989215,4.042179584503174,0.07371297478675842,-0.022150620776765096
1778693773048636565,4.042046546936035,0.07342301309108734,-0.021680156898465645
1778693773073426192,4.042011260986328,0.07364833354949951,-0.022101344195173747
1778693773098792419,4.0421319007873535,0.07373780757188797,-0.022214228072809903
1778693773122930171,4.04194974899292,0.07370255887508392,-0.022069618801228118
1778693773151316372,4.042979717254639,0.0713534876704216,-0.020017555709203643
1778693773175448013,4.042479515075684,0.07245223969221115,-0.021038309460278563
1778693773201387855,4.042737007141113,0.07258886098861694,-0.0211074974343304
1778693773226031733,4.042835235595703,0.07217714190483093,-0.020756098435727642
1778693773251933382,4.042898654937744,0.07215794920921326,-0.020677743746278978
1778693773278201511,4.042521953582764,0.0721917375922203,-0.020635258744330143
1778693773302644436,4.0425333976745605,0.07212821394205093,-0.020654280802259395
1778693773327841260,4.042360305786133,0.07242890447378159,-0.0207994663913044
1778693773350667409,4.043061256408691,0.07174722850322723,-0.020237052210735608
1778693773374444472,4.042994022369385,0.07200796157121658,-0.020435491162396242
1778693773399839855,4.043025493621826,0.07202889025211334,-0.020487177458891885
1778693773426002001,4.042624473571777,0.07249099016189575,-0.020870851413599387
1778693773449687991,4.042633056640625,0.07366908341646194,-0.021908687337565076
1778693773475385421,4.043321132659912,0.07210104912519455,-0.02055150228411127
1778693773500184606,4.043067455291748,0.07209600508213043,-0.020559064359137322
1778693773527241109,4.042881011962891,0.07221264392137527,-0.02061154108284679
1778693773549330041,4.042514324188232,0.07226742804050446,-0.020666545622856535
1778693773575865840,4.042063236236572,0.07355454564094543,-0.021831811795160694
1778693773601877549,4.0420942306518555,0.07360906153917313,-0.021895363273281454
1778693773628370457,4.042590618133545,0.07353046536445618,-0.02179735089045544
1778693773654055462,4.041909694671631,0.0735122337937355,-0.021701711591330667
1778693773678335136,4.042118072509766,0.07351409643888474,-0.021861563936065403
1778693773703550134,4.041540145874023,0.07338438928127289,-0.021650077467729446
1778693773728248837,4.0419745445251465,0.07352757453918457,-0.021794518718620225
1778693773754472060,4.041691780090332,0.07362381368875504,-0.021784900829211088
1778693773781002650,4.041540622711182,0.07366004586219788,-0.021835987680900892
1778693773810577670,4.04176139831543,0.0735456645488739,-0.02172062275019869
1778693773840297928,4.042087554931641,0.0736226961016655,-0.02185379854463473
1778693773870875883,4.041940212249756,0.07371939718723297,-0.02195877318009422
1778693773897106600,4.041584014892578,0.07369484752416611,-0.02189964872574947
1778693773921591906,4.042159557342529,0.07351930439472198,-0.021673499273956433
1778693773949161168,4.041647911071777,0.07368896156549454,-0.021907793150353145
1778693773977309165,4.041837692260742,0.07364155352115631,-0.021935371578265236
1778693774003231543,4.042260646820068,0.07358825206756592,-0.021825328940956172
1778693774027813844,4.042328357696533,0.07377617061138153,-0.021910639592067405
1778693774052540530,4.041922569274902,0.07365608215332031,-0.02192416162023628
1778693774077984476,4.0421600341796875,0.07374215871095657,-0.022006234268018756
1778693774103363036,4.042237758636475,0.07373917102813721,-0.022044446412399613
1778693774130401766,4.041953086853027,0.07377486675977707,-0.022066939938625626
1778693774155999514,4.042110443115234,0.07364362478256226,-0.021752314252749587
1778693774181404836,4.041949272155762,0.0737181007862091,-0.02175476968778266
1778693774209933139,4.042250156402588,0.0724664106965065,-0.02079808620845699
1778693774235946341,4.043168067932129,0.07189135998487473,-0.020216434726558558
1778693774260790731,4.042682647705078,0.07201360911130905,-0.020436033942283098
1778693774285755783,4.0430684089660645,0.0721440464258194,-0.0204208947941775
1778693774310810555,4.042934417724609,0.07181137055158615,-0.020271722626280384
1778693774336177784,4.042726993560791,0.07199385017156601,-0.020397701692394025
1778693774361907405,4.042807102203369,0.07202274352312088,-0.020329638553688092
1778693774386794077,4.0426716804504395,0.07255882024765015,-0.0209361090763996
1778693774413103113,4.043532848358154,0.07172083854675293,-0.02007189806791395
1778693774437465895,4.043188571929932,0.07263005524873734,-0.02078681097199818
1778693774463572124,4.043018341064453,0.07198813557624817,-0.02016165664871095
1778693774489810135,4.043254375457764,0.07151550054550171,-0.01993878861978264
1778693774515550997,4.04326868057251,0.07233593612909317,-0.020605846566346793
1778693774542454208,4.042989253997803,0.07258511334657669,-0.020916604632655912
1778693774567882293,4.042545318603516,0.0726078525185585,-0.020864854780006256
1778693774593184558,4.042245864868164,0.07315780967473984,-0.02147110614955849
1778693774619014560,4.042918682098389,0.07211560755968094,-0.020528979052571342
1778693774642893899,4.042270660400391,0.07228592783212662,-0.020764887393486742
1778693774667833853,4.042370796203613,0.0724092423915863,-0.02092348275008842
1778693774695049199,4.042263984680176,0.07265842705965042,-0.021068530211701745
1778693774723610044,4.042063236236572,0.07330301403999329,-0.021647825058024057
1778693774750361895,4.042154312133789,0.07253380119800568,-0.020922285347640752
1778693774776055538,4.042278289794922,0.07235490530729294,-0.02083995678059197
1778693774802524479,4.042108535766602,0.07193135470151901,-0.020527083708284922
1778693774827193415,4.043540000915527,0.07055690139532089,-0.01925948409272024
1778693774852404526,4.043035507202148,0.07181533426046371,-0.020384470894790927
1778693774875842984,4.042052268981934,0.07254485785961151,-0.020960204711828603
1778693774899554312,4.042143821716309,0.07240145653486252,-0.020749284070049435
1778693774925413680,4.042994022369385,0.07195127755403519,-0.02022238886104444
1778693774951283609,4.042935371398926,0.07188700884580612,-0.02033006492558848
1778693774977261032,4.0432209968566895,0.07180439680814743,-0.02024782603998233
1778693775002527529,4.0420379638671875,0.07304125279188156,-0.021355994858841678
1778693775028720324,4.042366027832031,0.07344577461481094,-0.021583120099573784
1778693775054485692,4.042923927307129,0.07177063822746277,-0.019981591832755354
1778693775081836778,4.043233394622803,0.07114211469888687,-0.019657780613035445
1778693775105907582,4.042885780334473,0.07238218933343887,-0.020809990706406687
1778693775131548794,4.042958736419678,0.07223016768693924,-0.02067985198362779
1778693775156315847,4.042881965637207,0.07172427326440811,-0.02023572564265957
1778693775182010551,4.042810916900635,0.07129538804292679,-0.019978630724583966
1778693775208740331,4.042946815490723,0.0716618150472641,-0.020297667001056837
1778693775235081088,4.042868614196777,0.07184205949306488,-0.020313004876001486
1778693775259998598,4.043057441711426,0.07170441001653671,-0.020190036413909998
1778693775282776535,4.043190002441406,0.07130830734968185,-0.019838063681856245
1778693775306403011,4.043229579925537,0.07166895270347595,-0.020172777290453248
1778693775329128517,4.043089866638184,0.07122547924518585,-0.019803747357612315
1778693775355912130,4.0425944328308105,0.07262448966503143,-0.02086241318044972
1778693775381691124,4.042282581329346,0.07271567732095718,-0.02101107795061334
1778693775407323990,4.043532371520996,0.0717928484082222,-0.02025404006769665
1778693775433196904,4.043105602264404,0.07149709016084671,-0.019967927623330137
1778693775458995005,4.0428571701049805,0.07094252854585648,-0.0195645192470984
1778693775485996193,4.042662143707275,0.07107853144407272,-0.0198242644253126
1778693775509333016,4.0431742668151855,0.07167408615350723,-0.020196755055357216
1778693775534783384,4.042769432067871,0.07172250747680664,-0.02023969451502364
1778693775560163728,4.03955602645874,0.07176540791988373,-0.02109819015735394
1778693775586268344,4.032641887664795,0.06890442967414856,-0.019633525219906765
1778693775614834058,4.026674747467041,0.06852634996175766,-0.020770718853089933
1778693775639692686,4.013547897338867,0.07073009014129639,-0.023595337226564917
1778693775664387481,4.0068039894104,0.06974095851182938,-0.023888415232656293
1778693775688956066,3.9915683269500732,0.07294076681137085,-0.02899504282386509
1778693775715070100,3.9862725734710693,0.07227818667888641,-0.028968566509363795
1778693775740900313,3.9754207134246826,0.06849416345357895,-0.02851315700886934
1778693775767548426,3.965893268585205,0.07226261496543884,-0.03347631636785627
1778693775790917782,3.952848434448242,0.07380837202072144,-0.03784341547614885
1778693775816977662,3.945960283279419,0.07419285178184509,-0.039731434577272816
1778693775843569339,3.9334285259246826,0.07097408175468445,-0.04046939573791799
1778693775872994713,3.9204158782958984,0.07232660055160522,-0.04472280784973532
1778693775897830538,3.914618730545044,0.07147535681724548,-0.045474781568924996
1778693775922897964,3.900491237640381,0.07399898767471313,-0.05050736601449181
1778693775949243080,3.8933050632476807,0.07273958623409271,-0.05108916520417651
1778693775974546276,3.881939172744751,0.07078154385089874,-0.052062013037440576
1778693776000151529,3.8744373321533203,0.07178384065628052,-0.05422842606677471
1778693776024935515,3.8606276512145996,0.07359546422958374,-0.05783951090238921
1778693776048492147,3.8535573482513428,0.07509756088256836,-0.060261142945192095
1778693776074059528,3.8404757976531982,0.07403038442134857,-0.06102973915160879
1778693776102207374,3.833768844604492,0.07279427349567413,-0.06114390812100946
1778693776126580986,3.8205556869506836,0.07612079381942749,-0.06453622513576555
1778693776152320386,3.80861234664917,0.07370755076408386,-0.06324719024026836
1778693776176405928,3.80005145072937,0.0760381817817688,-0.06495682007876459
1778693776201303550,3.787029266357422,0.07900577783584595,-0.06729697837832917
1778693776226494402,3.7825777530670166,0.0751175582408905,-0.06441993458482223
1778693776249710966,3.768585443496704,0.07638011872768402,-0.06596492535904964
1778693776275116297,3.7632744312286377,0.07291895151138306,-0.06390573658585243
1778693776299287223,3.7550880908966064,0.07745882868766785,-0.06731877757603373
1778693776325252293,3.741299867630005,0.07769137620925903,-0.06790733139766943
1778693776350725273,3.7333176136016846,0.07978123426437378,-0.06966636210635184
1778693776375731954,3.7210533618927,0.08057114481925964,-0.07013928556050766
1778693776401359219,3.7135868072509766,0.08135524392127991,-0.07100774298128505
1778693776426099331,3.700477361679077,0.07943277060985565,-0.06603390681536543
1778693776452070762,3.6927735805511475,0.08057278394699097,-0.06375600458535205
1778693776477508746,3.6803152561187744,0.07981662452220917,-0.05378566867433335
1778693776502094353,3.665238380432129,0.08353936672210693,-0.04444787661554723
1778693776527071567,3.6572327613830566,0.08579427003860474,-0.04018807770479681
1778693776551238345,3.6432676315307617,0.08652200549840927,-0.027650907767105257
1778693776577174920,3.635423183441162,0.08557675778865814,-0.020482339178459746
1778693776601973183,3.6222078800201416,0.08756884932518005,-0.008040412041518735
1778693776627463096,3.616428852081299,0.08932331949472427,-0.0020375658086989397
1778693776651217867,3.6002700328826904,0.09089408814907074,0.009909135542486966
1778693776675913894,3.5923428535461426,0.09503881633281708,0.014236695785104605
1778693776699179271,3.5836334228515625,0.09682799130678177,0.019574897327840825
1778693776724731964,3.5728352069854736,0.09561343491077423,0.03401871937430305
1778693776749760206,3.5643296241760254,0.09571444988250732,0.0402210816654811
1778693776774028236,3.5483238697052,0.09867963194847107,0.05138318793591282
1778693776801193647,3.5423266887664795,0.09965687245130539,0.05771010680556137
1778693776827894472,3.5283114910125732,0.09969682991504669,0.0707697548028078
1778693776851627531,3.515392780303955,0.09731929004192352,0.08547665544662775
1778693776876312538,3.509492874145508,0.0959976315498352,0.0926428565308945
1778693776898466122,3.4931089878082275,0.09902384877204895,0.10389785221834148
1778693776926176473,3.4878616333007812,0.09850901365280151,0.11115685379536418
1778693776949735571,3.4792327880859375,0.09857109189033508,0.11757810546361355
1778693776974666888,3.4661142826080322,0.09433421492576599,0.13277580638901576
1778693776998547960,3.456608295440674,0.09735921025276184,0.13734398071085718
1778693777022673929,3.4412522315979004,0.09810706973075867,0.14979080096310954
1778693777048167248,3.4368789196014404,0.09301581978797913,0.15929926243179524
1778693777073548193,3.419205904006958,0.09772199392318726,0.16957087971620904
1778693777097365393,3.410496711730957,0.10203471779823303,0.17380749452800137
1778693777120918649,3.4031126499176025,0.09025472402572632,0.19294697846001507
1778693777143314597,3.3921689987182617,0.09585720300674438,0.1959102521463167
1778693777168787908,3.3810980319976807,0.08795672655105591,0.21341436323847846
1778693777191085347,3.3737945556640625,0.08639198541641235,0.2203833950990487
1778693777213488779,3.3633127212524414,0.08970797061920166,0.22481801129508677
1778693777242116521,3.3488101959228516,0.09252297878265381,0.23563852306188054
1778693777267745449,3.3404781818389893,0.09201020002365112,0.24210375224205913
1778693777288639069,3.3263041973114014,0.08953136205673218,0.255981359801882
1778693777314060320,3.3223142623901367,0.0831250548362732,0.26550268160163054
1778693777339362234,3.3078548908233643,0.0762333869934082,0.2815738961606516
1778693777363083341,3.304009437561035,0.07985532283782959,0.2859909258175542
1778693777385731429,3.28835129737854,0.07318049669265747,0.301241973301694
1778693777409185146,3.279985189437866,0.08199423551559448,0.3027098754054807
1778693777433822271,3.27063250541687,0.08336609601974487,0.30823430519460093
1778693777458424850,3.2585184574127197,0.0782308578491211,0.32361743561078565
1778693777483730882,3.247868299484253,0.08265101909637451,0.32702908828466387
1778693777508543442,3.2393641471862793,0.0686991810798645,0.34632812498983806
1778693777533788387,3.2360193729400635,0.05634033679962158,0.3587830053066128
1778693777557919907,3.2231640815734863,0.05327177047729492,0.372208447389782
1778693777582985630,3.206340789794922,0.0625917911529541,0.3725048502496076
1778693777604131291,3.1972734928131104,0.05608844757080078,0.3876707218996546
1778693777627495246,3.1919474601745605,0.052707672119140625,0.3951652084329051
1778693777649526788,3.174903631210327,0.0511319637298584,0.4074012212491557
1778693777673196416,3.1679575443267822,0.051377177238464355,0.41295666499577643
1778693777695519624,3.1631226539611816,0.04993903636932373,0.4196727901216966
1778693777718929848,3.150420904159546,0.04190170764923096,0.43497507558274356
1778693777744273451,3.1407063007354736,0.03854107856750488,0.44183979937071044
1778693777767659719,3.1262013912200928,0.03571045398712158,0.45441925311234577
1778693777792454805,3.117917060852051,0.033609867095947266,0.46137778977249233
1778693777816229514,3.1119959354400635,0.026620864868164062,0.47037785041624686
1778693777839922888,3.1011643409729004,0.024935483932495117,0.48201017577227107
1778693777862520390,3.0996451377868652,0.02147376537322998,0.48943837144558877
1778693777885533816,3.0764214992523193,0.017145752906799316,0.5017405324094482
1778693777910463890,3.076772689819336,0.014495134353637695,0.5094438684746919
1778693777934157925,3.061861038208008,0.014564871788024902,0.520330351048227
1778693777956877129,3.053011894226074,0.008043885231018066,0.5283907830751953
1778693777978923980,3.045647621154785,0.004619240760803223,0.5354953298648285
1778693778002529225,3.039363145828247,-0.00672149658203125,0.551577968073346
1778693778027514124,3.027149200439453,0.0032199621200561523,0.5522429713717588
1778693778052127414,3.0185887813568115,-0.011476874351501465,0.5696428101971643
1778693778076704734,3.008753776550293,-0.010787129402160645,0.5748444372133142
1778693778101829119,2.99379301071167,-0.01478731632232666,0.5869981819875877
1778693778125618947,2.9925496578216553,-0.020761489868164062,0.595221776011779
1778693778149700051,2.985503673553467,-0.02192378044128418,0.6013087469723175
1778693778176373042,2.9728317260742188,-0.0300905704498291,0.6152731897812485
1778693778199564848,2.9689183235168457,-0.04437375068664551,0.6325839723099952
1778693778222532326,2.955012798309326,-0.04542076587677002,0.6377389072824016
1778693778246470767,2.9468445777893066,-0.04946887493133545,0.6444878479059936
1778693778271032288,2.9363107681274414,-0.049918174743652344,0.6551976159006412
1778693778295200678,2.922111988067627,-0.04811882972717285,0.6592860297413689
1778693778319350844,2.9221911430358887,-0.07018804550170898,0.6802377684368167
1778693778343969223,2.915750026702881,-0.07437396049499512,0.6871230006489226
1778693778368637517,2.888857841491699,-0.06858694553375244,0.6936445727020688
1778693778392297668,2.8967599868774414,-0.08653271198272705,0.707566826250335
1778693778415500104,2.884489059448242,-0.08578026294708252,0.7115282070568263
1778693778438743629,2.875546455383301,-0.10059082508087158,0.7283541834991576
1778693778462428757,2.8730533123016357,-0.10691308975219727,0.736145985008028
1778693778483869862,2.861191749572754,-0.11576282978057861,0.7499566810986305
1778693778508266928,2.8640687465667725,-0.12707138061523438,0.7600039585347759
1778693778530111163,2.8441312313079834,-0.1218414306640625,0.7616510406134303
1778693778554363443,2.832578659057617,-0.12079501152038574,0.7715255241194063
1778693778579263900,2.8336756229400635,-0.13509857654571533,0.7832471097800632
1778693778602436891,2.818302631378174,-0.14550745487213135,0.7968507644948911
1778693778623056227,2.8089189529418945,-0.14852893352508545,0.8024677764401492
1778693778645934054,2.8008546829223633,-0.1491708755493164,0.807244058969497
1778693778668849904,2.7843728065490723,-0.15836215019226074,0.8200782622751382
1778693778694115358,2.78336763381958,-0.16635608673095703,0.8286369777945508
1778693778718188857,2.777125120162964,-0.17706704139709473,0.84401943339264
1778693778738305213,2.7764439582824707,-0.18802392482757568,0.8538361882868799
1778693778763237602,2.766663074493408,-0.1938002109527588,0.8596830941950813
1778693778784955014,2.753417491912842,-0.19177043437957764,0.8688582722616934
1778693778807889289,2.7552647590637207,-0.19713139533996582,0.8767009625218614
1778693778831384654,2.7412047386169434,-0.18859624862670898,0.8771706982538658
1778693778852354579,2.729776382446289,-0.21475374698638916,0.8967907007202716
1778693778873161163,2.7263622283935547,-0.21619248390197754,0.9026508937763866
1778693778893475197,2.710455894470215,-0.2200855016708374,0.9074801073488205
1778693778916483352,2.7075212001800537,-0.23457419872283936,0.9235316367961502
1778693778942162296,2.706270694732666,-0.23752689361572266,0.9303210497768327
1778693778963085602,2.706021785736084,-0.24243104457855225,0.9374423561202955
1778693778985283471,2.7010886669158936,-0.2610222101211548,0.9545773733901034
1778693779009264594,2.6811723709106445,-0.2532467842102051,0.9546106639259618
1778693779033014556,2.6770830154418945,-0.25982868671417236,0.9617410092178893
1778693779057086772,2.674431800842285,-0.27887678146362305,0.9790681290741189
1778693779078495375,2.6737396717071533,-0.2764931917190552,0.9840675348917955
1778693779099618783,2.6569297313690186,-0.28385770320892334,0.9953242252825296
1778693779122692344,2.6577773094177246,-0.30204832553863525,1.006564588076274
1778693779143322911,2.66890025138855,-0.3115701675415039,1.0168716021865456
1778693779165980217,2.647416114807129,-0.30113381147384644,1.0217052721502062
1778693779187196923,2.654946804046631,-0.31745797395706177,1.0336318276968817
1778693779210252519,2.664274215698242,-0.33409684896469116,1.0466241873977649
1778693779232825244,2.642333507537842,-0.35302627086639404,1.0602077606791314
1778693779254531705,2.634873628616333,-0.3551235795021057,1.0648897844145275
1778693779277619222,2.6246023178100586,-0.36176598072052,1.0708928156118973
1778693779301916568,2.618170976638794,-0.37172824144363403,1.0840199322535031
1778693779331440070,2.6148927211761475,-0.377547025680542,1.0908081938483647
1778693779362713071,2.5798630714416504,-0.3679225444793701,1.0941544911042176
1778693779391084273,2.571927547454834,-0.3806678056716919,1.107839904114223
1778693779418215939,2.569115400314331,-0.3862289786338806,1.1148775379894418
1778693779445258826,2.5623786449432373,-0.3987247347831726,1.1284956236105612
1778693779473021035,2.553215503692627,-0.41246742010116577,1.1420993323283362
1778693779502771961,2.551743268966675,-0.41755449771881104,1.1490728444782765
1778693779531553606,2.5431876182556152,-0.42986059188842773,1.1623270568870614
1778693779558354601,2.5391998291015625,-0.4396205544471741,1.1756513603653325
1778693779585491387,2.5345332622528076,-0.44726961851119995,1.182609948612135
1778693779612834908,2.5271639823913574,-0.4599651098251343,1.1961643387783336
1778693779637671443,2.522589683532715,-0.472536563873291,1.2099172922068835
1778693779665015204,2.5161590576171875,-0.47903332114219666,1.2162250762304283
1778693779692226232,2.5110318660736084,-0.49041062593460083,1.2292966422880351
1778693779716495785,2.50854229927063,-0.49972426891326904,1.2371651080622303
1778693779741790235,2.4988956451416016,-0.5132797956466675,1.2500956312294083
1778693779768014098,2.496058702468872,-0.5194941759109497,1.2568502025817097
1778693779794798221,2.493981122970581,-0.5309622883796692,1.2709968141853525
1778693779821374778,2.486645221710205,-0.537147581577301,1.2824762217004138
1778693779846821438,2.482671022415161,-0.5460087060928345,1.289608538189832
1778693779871144152,2.4804344177246094,-0.5598543882369995,1.3036434778663308
1778693779895872281,2.4747021198272705,-0.5645527243614197,1.3096474431351874
1778693779919950128,2.4704670906066895,-0.5872787237167358,1.3252309716459252
1778693779943831601,2.4641964435577393,-0.5890420079231262,1.3303730475832216
1778693779968103068,2.4658071994781494,-0.607039213180542,1.346103487362997
1778693779989174106,2.461574077606201,-0.6117432117462158,1.3521686651147837
1778693780012881977,2.4647531509399414,-0.6239310503005981,1.3613186178640302
1778693780036098260,2.4539828300476074,-0.6244625449180603,1.3712039538298486
1778693780058879753,2.4567174911499023,-0.6310350894927979,1.3783852717269607
1778693780081742872,2.4516563415527344,-0.6359865665435791,1.3844563276189799
1778693780102842965,2.448131561279297,-0.6469830274581909,1.3977399766467655
1778693780124033742,2.4369924068450928,-0.6572693586349487,1.4037187775704805
1778693780147771610,2.4380548000335693,-0.6677209734916687,1.4117177389567723
1778693780170961282,2.4302096366882324,-0.680937647819519,1.4235366120969468
1778693780192558304,2.4363186359405518,-0.6822642087936401,1.4306527339306432
1778693780213418520,2.4302866458892822,-0.6900837421417236,1.4369878369208455
1778693780235920099,2.424323558807373,-0.6990371346473694,1.4494445076842084
1778693780258209763,2.4257047176361084,-0.7162508964538574,1.4581476812123932
1778693780281037875,2.427077531814575,-0.7126165628433228,1.4644739399298277
1778693780304778639,2.420112133026123,-0.7318733930587769,1.4775569648649531
1778693780328356331,2.4184460639953613,-0.7402142286300659,1.4842303175488205
1778693780350299193,2.4206137657165527,-0.7465764880180359,1.497822653702488
1778693780369188618,2.4181950092315674,-0.751956582069397,1.503672613732911
1778693780391169282,2.416823625564575,-0.7531228065490723,1.5096320826819623
1778693780415929812,2.4173996448516846,-0.7600640058517456,1.5171108851112283
1778693780441425466,2.4125452041625977,-0.7852834463119507,1.5321541515043582
1778693780468962866,2.412188768386841,-0.7930971384048462,1.5391599754203178
1778693780497187288,2.34946346282959,-0.716552734375,1.5353435124503294
1778693780524626982,2.3448009490966797,-0.7281190156936646,1.5481954971184806
1778693780552384412,2.3448994159698486,-0.7366785407066345,1.555299276376114
1778693780576007762,2.3424713611602783,-0.7508896589279175,1.56863971400277
1778693780601822475,2.340627908706665,-0.7570112347602844,1.575395006204492
1778693780627714154,2.3377795219421387,-0.7697376012802124,1.588166671097816
1778693780656710299,2.3426191806793213,-0.788089394569397,1.6024343267848746
1778693780682444858,2.339644193649292,-0.7919308543205261,1.608545052537763
1778693780707884094,2.3401525020599365,-0.807536780834198,1.6226631990729465
1778693780732323521,2.3361499309539795,-0.812764048576355,1.628101990669118
1778693780755440084,2.332895278930664,-0.8266738653182983,1.6413020358573471
1778693780778043226,2.338839530944824,-0.8377413749694824,1.6494593208590609
1778693780804816929,2.338944435119629,-0.8552292585372925,1.6633597425270616
1778693780830071983,2.34153151512146,-0.8610159754753113,1.670820653694066
1778693780854955929,2.3409149646759033,-0.8750096559524536,1.6843816378481788
1778693780878401840,2.3351283073425293,-0.8766829371452332,1.6898458267720535
1778693780905220519,2.339212656021118,-0.8950737714767456,1.703850481341493
1778693780929164180,2.3403313159942627,-0.9043301939964294,1.7109064246155374
1778693780950573644,2.3404643535614014,-0.9127392768859863,1.7246044653694808
1778693780973999647,2.3370001316070557,-0.9141103029251099,1.7304389482512077
1778693780998153549,2.34618878364563,-0.935991108417511,1.738856659350886
1778693781022962913,2.346623182296753,-0.9500172734260559,1.7522892627021673
1778693781048194552,2.344424247741699,-0.9583297967910767,1.758594006623269
1778693781069623373,2.348369836807251,-0.9796589612960815,1.7728718170289193
1778693781089497988,2.3522422313690186,-0.9826825857162476,1.7797997090749484
1778693781111231621,2.358793020248413,-0.9970496892929077,1.7880885779939921
1778693781132855844,2.3480310440063477,-0.9959425926208496,1.7994693801037862
1778693781156495786,2.3469371795654297,-1.0044310092926025,1.8056079677576022
1778693781181357209,2.3506953716278076,-1.012730598449707,1.8128712035899626
1778693781206461525,2.3531947135925293,-1.025454044342041,1.8266500934043572
1778693781231026692,2.3512179851531982,-1.0322904586791992,1.832628149040529
1778693781253836038,2.356844663619995,-1.049283742904663,1.8470673246005611
1778693781276739594,2.3541312217712402,-1.053600549697876,1.853029027277485
1778693781301053131,2.40114688873291,-1.1314082145690918,1.882058161408495
1778693781323509203,2.4032349586486816,-1.140178918838501,1.8889436220520053
1778693781346164675,2.401029109954834,-1.1464593410491943,1.8947348557300416
1778693781368215383,2.4035308361053467,-1.161742925643921,1.9077094547076447
1778693781390191248,2.407721996307373,-1.1710898876190186,1.9146851000412204
1778693781412052264,2.405647039413452,-1.1799616813659668,1.9205071152745188
1778693781433516493,2.4138708114624023,-1.1894372701644897,1.9355688700221279
1778693781453680199,2.4132022857666016,-1.1953067779541016,1.9424888789655952
1778693781472291161,2.418941020965576,-1.2051188945770264,1.9497058938037235
1778693781494064600,2.4215519428253174,-1.209877610206604,1.9567349973274915
1778693781514751565,2.42498779296875,-1.2259465456008911,1.970033551371003
1778693781535174626,2.423743486404419,-1.231853723526001,1.9753244028515349
1778693781554299059,2.429469108581543,-1.23610520362854,1.9836542184165464
1778693781574710879,2.4342875480651855,-1.2469050884246826,1.9908213455311745
1778693781594697036,2.432197093963623,-1.2474983930587769,1.997794588176848
1778693781614023865,2.437100648880005,-1.262819766998291,2.0108805084753736
1778693781632601765,2.444312572479248,-1.271582007408142,2.0193116203906216
1778693781653382048,2.4426722526550293,-1.2772531509399414,2.0245263618180176
1778693781672705009,2.447514057159424,-1.2852792739868164,2.0320386379650426
1778693781694859565,2.44496750831604,-1.2944400310516357,2.0369673855820087
1778693781715771450,2.4516005516052246,-1.3081047534942627,2.0514504406471903
1778693781734692474,2.455230236053467,-1.3133431673049927,2.058486805738658
1778693781752896380,2.4585256576538086,-1.325904130935669,2.0644172767256856
1778693781773772356,2.460332155227661,-1.3254599571228027,2.072020880876025
1778693781795000002,2.4615492820739746,-1.3391435146331787,2.0776962835723998
1778693781815642302,2.4705865383148193,-1.349900722503662,2.091952227638243
1778693781835020660,2.4695897102355957,-1.3543503284454346,2.098536171179766
1778693781856521298,2.462902784347534,-1.3594605922698975,2.1024498230936954
1778693781876019824,2.4745564460754395,-1.3693733215332031,2.111683604692208
1778693781895485388,2.473672389984131,-1.3752833604812622,2.1171110136253395
1778693781915834318,2.48576021194458,-1.3827745914459229,2.1330113144676224
1778693781934498272,2.4881725311279297,-1.387561321258545,2.140252532444813
1778693781955805290,2.491342544555664,-1.3945825099945068,2.147042142148316
1778693781976688410,2.493053913116455,-1.4001030921936035,2.153185798475521
1778693781997855962,2.5022764205932617,-1.401119351387024,2.162162297919816
1778693782018025569,2.511795997619629,-1.4201936721801758,2.175910796279647
1778693782038100726,2.5182976722717285,-1.4264676570892334,2.184032641807538
1778693782059649406,2.5145130157470703,-1.4246667623519897,2.1894179274758967
1778693782082334214,2.520555019378662,-1.4529201984405518,2.201110528374409
1778693782107585180,2.5222206115722656,-1.4523661136627197,2.2085640183185333
1778693782128895776,2.530802011489868,-1.4582886695861816,2.2159169739687106
1778693782148859310,2.544269561767578,-1.4585521221160889,2.232497102097922
1778693782171778756,2.5408670902252197,-1.479870080947876,2.2360476543946333
1778693782191231385,2.536287546157837,-1.489048957824707,2.2398410101952804
1778693782214500969,2.54490065574646,-1.478898048400879,2.2496182835356975
1778693782237256633,2.556443929672241,-1.4814612865447998,2.265112777048238
1778693782261392701,2.555922031402588,-1.5099012851715088,2.2682442440821844
1778693782284657846,2.5629405975341797,-1.5128413438796997,2.2821433901829615
1778693782308193188,2.5611610412597656,-1.5192670822143555,2.2875474388905825
1778693782338653968,2.5645062923431396,-1.5267388820648193,2.293581763277511
1778693782364667069,2.575718879699707,-1.5379722118377686,2.307650463780264
1778693782388005705,2.59352445602417,-1.544908046722412,2.3230981797507755
1778693782413566042,2.5977585315704346,-1.551229476928711,2.3295152119242433
1778693782435236344,2.607555627822876,-1.5627787113189697,2.343955666321347
1778693782460917311,2.611971139907837,-1.5673260688781738,2.3509036519350635
1778693782485275853,2.619497299194336,-1.5790762901306152,2.363590427936774
1778693782511010182,2.6220998764038086,-1.584794044494629,2.370052116859961
1778693782538044713,2.6301968097686768,-1.5942888259887695,2.383493702132144
1778693782563216497,2.6366994380950928,-1.5999510288238525,2.3911467522924914
1778693782588670752,2.650620222091675,-1.6114423274993896,2.4057514751642066
1778693782616361875,2.653846502304077,-1.617807149887085,2.4122131277766745
1778693782641660893,2.656723737716675,-1.6287930011749268,2.4240617723673887
1778693782666447152,2.667827844619751,-1.6318970918655396,2.433033237866395
1778693782692480372,2.675114393234253,-1.6424570083618164,2.4454545594738453
1778693782715999803,2.672161340713501,-1.6510193347930908,2.4498935282466907
1778693782737618186,2.690605640411377,-1.6585142612457275,2.466298890412589
1778693782761753192,2.6979153156280518,-1.6633621454238892,2.473478092855142
1778693782786314391,2.707376480102539,-1.6729165315628052,2.4869954548870816
1778693782813304337,2.7109181880950928,-1.678370475769043,2.493271591592562
1778693782839217948,2.72350811958313,-1.6883972883224487,2.507238968306205
1778693782864858006,2.7270829677581787,-1.6919928789138794,2.5140595237044048
1778693782894401456,2.7405312061309814,-1.6917924880981445,2.5288945787740578
1778693782919842575,2.7501018047332764,-1.7020864486694336,2.5420813961625317
1778693782946962097,2.7566936016082764,-1.7067469358444214,2.5491269771558196
1778693782972005588,2.7680721282958984,-1.716384768486023,2.5625143885421693
1778693782998557737,2.7744829654693604,-1.7205488681793213,2.5695952085415668
1778693783020670423,2.784451484680176,-1.7290180921554565,2.5831710970162547
1778693783047428346,2.789750814437866,-1.7340408563613892,2.5896423680480347
1778693783072665716,2.8036885261535645,-1.742667317390442,2.6037951490422087
1778693783094907138,2.8087844848632812,-1.7454713582992554,2.6106234281954217
1778693783117014704,2.8220505714416504,-1.7568182945251465,2.6236556345950564
1778693783139314597,2.8240747451782227,-1.7594541311264038,2.630228266924215
1778693783165039348,2.829873561859131,-1.763529896736145,2.6370524978308287
1778693783186879614,2.839933395385742,-1.7727547883987427,2.6501282700400584
1778693783214152770,2.842895984649658,-1.7765147686004639,2.656701373406289
1778693783238345887,2.8610432147979736,-1.7833027839660645,2.671549160595646
1778693783264321095,2.864685535430908,-1.788442850112915,2.6773105815278297
1778693783290840532,2.871060609817505,-1.7858679294586182,2.6905921582186973
1778693783317841058,2.8760898113250732,-1.7893909215927124,2.697617279723238
1778693783343203426,2.8872034549713135,-1.7970670461654663,2.71054538412816
1778693783369331296,2.9023678302764893,-1.804093599319458,2.7248850162419296
1778693783395596708,2.906956195831299,-1.8083263635635376,2.7313574926295674
1778693783419425851,2.9207496643066406,-1.816361665725708,2.7444234657200486
1778693783445133529,2.925541639328003,-1.8191359043121338,2.751510775237896
1778693783470707802,2.9384498596191406,-1.8273791074752808,2.764218496383216
1778693783496571046,2.943112373352051,-1.8288414478302002,2.7719380010495094
1778693783522691261,2.954967498779297,-1.8364315032958984,2.784557537301077
1778693783548679655,2.961829900741577,-1.8388645648956299,2.7923348999328668
1778693783578793693,2.975053548812866,-1.8457624912261963,2.8056510932363348
1778693783603431168,2.990255832672119,-1.850703239440918,2.8198678047447316
1778693783632555557,2.992892265319824,-1.8588786125183105,2.8252687030693053
1778693783656251345,3.0055439472198486,-1.8635920286178589,2.83932972195633
1778693783680039159,3.0144495964050293,-1.866464614868164,2.8459544422320526
1778693783703514986,3.028449773788452,-1.8723340034484863,2.8598953385794963
1778693783726754904,3.03383207321167,-1.8746848106384277,2.8664589679986094
1778693783751530984,3.04864239692688,-1.8806699514389038,2.8800917608626873
1778693783775548005,3.054334878921509,-1.8836711645126343,2.886081978292775
1778693783799168258,3.057774305343628,-1.885634183883667,2.89315669201138
1778693783822959368,3.0711913108825684,-1.8905386924743652,2.9067257324833373
1778693783847981577,3.079745054244995,-1.8930871486663818,2.913327576865745
1778693783873832258,3.095738172531128,-1.8979980945587158,2.9271135520973224
1778693783901384797,3.0997705459594727,-1.900801420211792,2.9335816154316325
1778693783930464691,3.1063971519470215,-1.9059343338012695,2.947027407832393
1778693783956580668,3.126451015472412,-1.9093329906463623,2.960679624764248
1778693783984666576,3.1348252296447754,-1.9115686416625977,2.967336962522021
1778693784013065059,3.151195526123047,-1.919403076171875,2.9805863477535177
1778693784039356922,3.1645419597625732,-1.9220017194747925,2.994519102011109
1778693784065387145,3.169435977935791,-1.9235376119613647,3.0016067420379504
1778693784092282610,3.1835880279541016,-1.9254424571990967,3.0159814808101744
1778693784120333941,3.188683032989502,-1.9291024208068848,3.0222256802895133
1778693784146427625,3.2057316303253174,-1.9304418563842773,3.0358164069408335
1778693784168905498,3.219033718109131,-1.9353371858596802,3.048868298626367
1778693784192950613,3.2245864868164062,-1.9346572160720825,3.0564129822509494
1778693784218788329,3.238647699356079,-1.9375813007354736,3.0700480261502605
1778693784244634581,3.24641752243042,-1.940155029296875,3.076195403968326
1778693784268461679,3.2607805728912354,-1.9432398080825806,3.0890632427068794
1778693784294323200,3.2647950649261475,-1.9406325817108154,3.097306544722356
1778693784316965888,3.2829644680023193,-1.9435828924179077,3.110948248055042
1778693784342349066,3.2896976470947266,-1.9446640014648438,3.1172448622152027
1778693784369109493,3.29508376121521,-1.9454193115234375,3.1241669745596234
1778693784400649533,3.3006296157836914,-1.9469668865203857,3.1381681998565356
1778693784428540368,3.3214826583862305,-1.9491839408874512,-3.1321471431473187
1778693784454254838,3.3379292488098145,-1.9509084224700928,-3.1187230639835333
1778693784478980461,3.3442323207855225,-1.9567596912384033,-3.1128776096188555
1778693784502411143,3.3608672618865967,-1.9569462537765503,-3.0992621990166787
1778693784525748767,3.3666224479675293,-1.9574803113937378,-3.0921442441329394
1778693784551237888,3.375302791595459,-1.9565898180007935,-3.08488546820314
1778693784575866636,3.3888370990753174,-1.957114577293396,-3.071268047387309
1778693784601282387,3.396089553833008,-1.9598549604415894,-3.0651165504125912
1778693784625083295,3.4112722873687744,-1.9585504531860352,-3.0514266095221254
1778693784650552878,3.4184436798095703,-1.9575300216674805,-3.043909858299911
1778693784675751013,3.430023670196533,-1.959572434425354,-3.030937782936944
1778693784698027261,3.4363794326782227,-1.9588884115219116,-3.0237064046372706
1778693784725418783,3.4510538578033447,-1.9578616619110107,-3.0094888406007287
1778693784750607861,3.460298776626587,-1.9575142860412598,-3.0034676536871405
1778693784773931809,3.4749624729156494,-1.9593621492385864,-2.990603414751322
1778693784798770678,3.4801793098449707,-1.957702398300171,-2.983062261641133
1778693784823282764,3.496551752090454,-1.9557533264160156,-2.968826736465987
1778693784848397099,3.5029561519622803,-1.956749439239502,-2.963129429879407
1778693784874045954,3.5212039947509766,-1.955989956855774,-2.949814113401915
1778693784900430033,3.523893356323242,-1.9573612213134766,-2.9436671110472394
1778693784924772405,3.5417699813842773,-1.952920913696289,-2.9291987260191816
1778693784947176727,3.547739028930664,-1.9512214660644531,-2.921799436417516
1778693784972146827,3.5622615814208984,-1.9518781900405884,-2.9088163311715785
1778693784993560789,3.5712552070617676,-1.9525961875915527,-2.9029006394392116
1778693785017880548,3.577153444290161,-1.949445128440857,-2.895505090740196
1778693785047596576,3.5942435264587402,-1.947800636291504,-2.8821352108425713
1778693785077335388,3.6071529388427734,-1.947524070739746,-2.869217517844534
1778693785104410976,3.622154474258423,-1.945264458656311,-2.855828504791278
1778693785131439225,3.630791425704956,-1.9428715705871582,-2.848149486532747
1778693785154159039,3.6447365283966064,-1.9407907724380493,-2.8350163631840473
1778693785180271680,3.652686595916748,-1.940161943435669,-2.8286398875163012
1778693785203581410,3.6673851013183594,-1.9368281364440918,-2.8147981431034426
1778693785231004041,3.674450397491455,-1.9349560737609863,-2.8080873415259284
1778693785255465340,3.6868739128112793,-1.932271957397461,-2.7945711300719487
1778693785284305717,3.694337844848633,-1.9299663305282593,-2.7875496423715824
1778693785308537628,3.707477569580078,-1.926411509513855,-2.774228543664205
1778693785336618926,3.712883472442627,-1.9250965118408203,-2.7673460430940016
1778693785367101066,3.730424404144287,-1.9214622974395752,-2.7539812247059325
1778693785390289515,3.7416093349456787,-1.9170079231262207,-2.7403441231936636
1778693785415567653,3.7492570877075195,-1.915300726890564,-2.7339421173096343
1778693785441181361,3.763129711151123,-1.9095194339752197,-2.719935325716734
1778693785466232195,3.7686963081359863,-1.908207893371582,-2.7130257801426914
1778693785492734289,3.782052516937256,-1.9041264057159424,-2.7000191977595938
1778693785518584529,3.7899725437164307,-1.9005769491195679,-2.6927728374151627
1778693785541672987,3.8033652305603027,-1.8959420919418335,-2.6787977510289847
1778693785568778322,3.8084769248962402,-1.8951226472854614,-2.6726407615991024
1778693785592119643,3.821469783782959,-1.8873469829559326,-2.6581406170068114
1778693785618486369,3.831976890563965,-1.8863344192504883,-2.6523799308384715
1778693785644951692,3.844357967376709,-1.8803997039794922,-2.638561353141226
1778693785669989551,3.8570029735565186,-1.8749592304229736,-2.625071666999147
1778693785694086124,3.8611319065093994,-1.8728922605514526,-2.6184667781040436
1778693785720163307,3.8763911724090576,-1.8653759956359863,-2.6043820774191486
1778693785746474396,3.8833813667297363,-1.8628536462783813,-2.597856977073492
1778693785769220120,3.895297050476074,-1.8558543920516968,-2.5839002906888435
1778693785791788295,3.896559715270996,-1.8513339757919312,-2.5763836002230893
1778693785816584453,3.9079043865203857,-1.8505014181137085,-2.5707533157110367
1778693785841272094,3.9174108505249023,-1.8424196243286133,-2.556453862433115
1778693785866323469,3.92665696144104,-1.8393816947937012,-2.5499007694305713
1778693785891533316,3.9415478706359863,-1.8325055837631226,-2.5365041160703616
1778693785916986528,3.9459023475646973,-1.829394817352295,-2.529366338325676
1778693785947106297,3.9572877883911133,-1.8224061727523804,-2.5156863057362826
1778693785971477013,3.970916748046875,-1.815821647644043,-2.50270785779192
1778693785999099305,3.976907253265381,-1.8121594190597534,-2.4954817514624668
1778693786022474430,3.9930336475372314,-1.8042141199111938,-2.4820555807260694
1778693786046419523,3.9984405040740967,-1.8001983165740967,-2.4749843268005285
1778693786069021202,4.011480808258057,-1.792140007019043,-2.4617455386257463
1778693786093172860,4.0153350830078125,-1.7882672548294067,-2.454452060073587
1778693786116634170,4.027217864990234,-1.7801635265350342,-2.4410885434811047
1778693786141115056,4.033204078674316,-1.7767292261123657,-2.4342576450601006
1778693786165404847,4.038167476654053,-1.7730547189712524,-2.427696255012274
1778693786187313162,4.054341793060303,-1.7635327577590942,-2.414346850111282
1778693786212005342,4.0581817626953125,-1.7608745098114014,-2.4082352421433972
1778693786236911950,4.067601203918457,-1.7514742612838745,-2.393695864145572
1778693786260744038,4.075194835662842,-1.747484803199768,-2.3867392285254767
1778693786284502375,4.086614608764648,-1.7392808198928833,-2.374014199077202
1778693786313593450,4.090128421783447,-1.7359811067581177,-2.3674978576345995
1778693786336440638,4.102931022644043,-1.7246248722076416,-2.3533805881109813
1778693786361726280,4.110067844390869,-1.7226556539535522,-2.3473986377825735
1778693786385073832,4.119687557220459,-1.7125420570373535,-2.333259916906535
1778693786408280997,4.122930526733398,-1.7081471681594849,-2.3263577291983193
1778693786430528320,4.13163948059082,-1.700806975364685,-2.319438161522358
1778693786453480508,4.142012119293213,-1.693499207496643,-2.305877243159184
1778693786479460235,4.150793075561523,-1.6871004104614258,-2.2992951117921097
1778693786500013063,4.159556865692139,-1.6798744201660156,-2.2860647280403823
1778693786519886034,4.160872459411621,-1.676729679107666,-2.2793232332487148
1778693786540924079,4.167418003082275,-1.6713749170303345,-2.2725177735015065
1778693786564771295,4.173785209655762,-1.6613006591796875,-2.264505720547295
1778693786589712520,4.181956768035889,-1.651672124862671,-2.251034652188756
1778693786614095429,4.188140392303467,-1.6458559036254883,-2.2440668207679977
1778693786636960561,4.198141098022461,-1.6367785930633545,-2.2312886947881667
1778693786662380389,4.204330921173096,-1.6312836408615112,-2.224510485342704
1778693786687007304,4.212839603424072,-1.622091293334961,-2.2110472720185643
1778693786711808280,4.2179388999938965,-1.6176446676254272,-2.2045161074509014
1778693786734121409,4.230045318603516,-1.6034197807312012,-2.189951128356813
1778693786755084781,4.234605312347412,-1.5997567176818848,-2.184033109394137
1778693786777718682,4.23808479309082,-1.5937118530273438,-2.17656155694265
1778693786801284501,4.246334075927734,-1.5847891569137573,-2.163372216293199
1778693786825088204,4.253072261810303,-1.57912015914917,-2.1573278457814493
1778693786846980680,4.256545543670654,-1.5738790035247803,-2.1501679292192004
1778693786871017428,4.264930725097656,-1.5632686614990234,-2.1360669793769764
1778693786894060309,4.272345066070557,-1.5552170276641846,-2.1301043634909225
1778693786917646698,4.279673099517822,-1.5452566146850586,-2.1167910153572036
1778693786944075121,4.285221576690674,-1.540210247039795,-2.110030183263507
1778693786966323025,4.294084072113037,-1.5283478498458862,-2.0966043308595244
1778693786988897853,4.29522705078125,-1.5229473114013672,-2.0894151497384033
1778693787011607428,4.300957202911377,-1.516333818435669,-2.082768099313083
1778693787031739724,4.30901575088501,-1.5076086521148682,-2.0699469149070935
1778693787054762486,4.313892841339111,-1.497501254081726,-2.0616462757387697
1778693787077490166,4.318306922912598,-1.492591381072998,-2.055878242520013
1778693787099734784,4.3311591148376465,-1.4789283275604248,-2.0425589342320167
1778693787123742256,4.3344526290893555,-1.4739620685577393,-2.03574964937908
1778693787147302845,4.33558464050293,-1.4720737934112549,-2.0291416804586344
1778693787170165883,4.343862533569336,-1.4590814113616943,-2.015600628554733
1778693787193691004,4.341425895690918,-1.4540225267410278,-2.008403379434026
1778693787216484630,4.34896183013916,-1.4418585300445557,-1.995044304563401
1778693787238458851,4.353621006011963,-1.4348936080932617,-1.9886032612243376
1778693787259598239,4.357327461242676,-1.428149700164795,-1.9816452160661404
1778693787282589171,4.361617088317871,-1.421129822731018,-1.9745316422956847
1778693787304976411,4.369935512542725,-1.4044270515441895,-1.9603383301688848
1778693787327700955,4.368886470794678,-1.4107673168182373,-1.95550583744705
1778693787348154283,4.3753204345703125,-1.398110032081604,-1.9413106831696894
1778693787368190896,4.37883186340332,-1.3885693550109863,-1.934156449325112
1778693787389784491,4.378758430480957,-1.3897969722747803,-1.9281730563737587
1778693787410869345,4.386508941650391,-1.3761920928955078,-1.9211858061717797
1778693787432297825,4.393049716949463,-1.3600668907165527,-1.9068991824718484
1778693787453725083,4.391326904296875,-1.3640459775924683,-1.901055173466563
1778693787475021510,4.389832496643066,-1.3636846542358398,-1.8948055648490636
1778693787496234268,4.399792194366455,-1.3473901748657227,-1.8875809426108918
1778693787517074485,4.4066596031188965,-1.3320658206939697,-1.8731929663149984
1778693787539654223,4.4088053703308105,-1.3280625343322754,-1.8670594436499577
1778693787565011130,4.4122843742370605,-1.3205889463424683,-1.8600696321176198
1778693787586819265,4.418148040771484,-1.3068996667861938,-1.8464942004597924
1778693787607286690,4.420478820800781,-1.2991902828216553,-1.8395698719193772
1778693787627787399,4.4239182472229,-1.2965033054351807,-1.8334452548545475
1778693787648081534,4.427015781402588,-1.280029296875,-1.8191133264868948
1778693787668649221,4.432363033294678,-1.272681474685669,-1.8124619892734595
1778693787691544260,4.434728622436523,-1.269080638885498,-1.8062853325031047
1778693787712841820,4.4336466789245605,-1.2613840103149414,-1.7987173489469843
1778693787732480453,4.440008163452148,-1.2494454383850098,-1.7855597232798421
1778693787753041538,4.442507743835449,-1.2420082092285156,-1.7788062074309516
1778693787774480147,4.440481662750244,-1.2366915941238403,-1.7716273395648223
1778693787794619726,4.440911769866943,-1.2282767295837402,-1.7643581381367974
1778693787816366554,4.447643756866455,-1.21622896194458,-1.7515161076692105
1778693787838324594,4.449824333190918,-1.2098438739776611,-1.7449055712332786
1778693787862405557,4.450680732727051,-1.202955961227417,-1.7374608762567025
1778693787883569031,4.453810214996338,-1.191327691078186,-1.724610284117853
1778693787905433392,4.45750617980957,-1.1854047775268555,-1.7185089377810296
1778693787926320770,4.456970691680908,-1.1778631210327148,-1.7111415123133644
1778693787949907228,4.460334300994873,-1.1631441116333008,-1.697189770708101
1778693787971825433,4.462497711181641,-1.1576473712921143,-1.6907435395723536
1778693787993490715,4.463233947753906,-1.1522431373596191,-1.683751084036789
1778693788016989456,4.467230796813965,-1.1383154392242432,-1.6702867606005867
1778693788040297633,4.46671724319458,-1.1309924125671387,-1.663141067513769
1778693788064393404,4.465198516845703,-1.1195286512374878,-1.6544815819372038
1778693788091397155,4.468756675720215,-1.1055362224578857,-1.641470773132692
1778693788118325632,4.470390319824219,-1.0991371870040894,-1.6347977987757132
1778693788146045330,4.471333026885986,-1.0837478637695312,-1.620567840363895
1778693788174551078,4.47836446762085,-1.075729489326477,-1.6095483736760803
1778693788199665292,4.4806013107299805,-1.0692365169525146,-1.6033546374231005
1778693788225825523,4.482385158538818,-1.055471420288086,-1.5894734557920969
1778693788251754463,4.484113693237305,-1.0490604639053345,-1.583403643237329
1778693788277655960,4.486060619354248,-1.033774733543396,-1.5698780299134867
1778693788302475262,4.485991477966309,-1.0200779438018799,-1.555267725902748
1778693788329797831,4.490243911743164,-1.015801191329956,-1.5498062535865444
1778693788353936764,4.489985466003418,-1.001120924949646,-1.535883295508532
1778693788379618933,4.489966869354248,-0.9924579858779907,-1.5289500312780293
1778693788405113083,4.490143775939941,-0.9775375723838806,-1.5151857900804333
1778693788432252984,4.4913716316223145,-0.9717340469360352,-1.5083390776152046
1778693788458462018,4.4898152351379395,-0.956196665763855,-1.4936445850425517
1778693788484749291,4.490264415740967,-0.9500702619552612,-1.4869903616162052
1778693788509722106,4.492687225341797,-0.9360196590423584,-1.4745460211173573
1778693788535699217,4.489946365356445,-0.9205280542373657,-1.460124224425141
1778693788562317052,4.491218090057373,-0.9138706922531128,-1.4533135060926636
1778693788585154691,4.490622520446777,-0.8998962640762329,-1.4400598224277328
1778693788609285419,4.489559650421143,-0.8926823735237122,-1.4327884808156846
1778693788633357003,4.489438533782959,-0.8849045634269714,-1.4260023555206403
1778693788657488252,4.490037441253662,-0.8717482686042786,-1.4131723772231555
1778693788683731130,4.492037773132324,-0.8650482296943665,-1.4078205025540136
1778693788709681400,4.4881272315979,-0.8463118672370911,-1.3932123902936113
1778693788739604373,4.487890243530273,-0.8393413424491882,-1.3867199006066686
1778693788769679677,4.486824989318848,-0.8250828385353088,-1.373202342165482
1778693788800036458,4.48545503616333,-0.8106738924980164,-1.3596421609305307
1778693788830611455,4.484118938446045,-0.8025845885276794,-1.34757012886386
1778693788858938101,4.480576515197754,-0.7882386445999146,-1.3326090948402642
1778693788888838511,4.480559349060059,-0.7806309461593628,-1.3266620777786657
1778693788919606707,4.436956882476807,-0.7406485676765442,-1.3264615270595776
1778693788948459076,4.435033321380615,-0.7270892858505249,-1.3127349047988246
1778693788977432507,4.433762073516846,-0.713831901550293,-1.2995947793076759
1778693789009223184,4.431895732879639,-0.7000683546066284,-1.28596283114613
1778693789039529148,4.429308891296387,-0.69100022315979,-1.2788027286203978
1778693789068590206,4.425480842590332,-0.6777515411376953,-1.2642717851657856
1778693789095470852,4.425032615661621,-0.663743257522583,-1.2524663879992437
1778693789122173187,4.421260833740234,-0.6498252153396606,-1.238115971974088
1778693789151267418,4.419528961181641,-0.6420925855636597,-1.2316174870572083
1778693789180043031,4.416684627532959,-0.6277999877929688,-1.2185459925617739
1778693789209261028,4.412199974060059,-0.6149168014526367,-1.2036132613478459
1778693789238039797,4.4117841720581055,-0.6074756383895874,-1.1983058428839137
1778693789267213830,4.405695915222168,-0.5926077365875244,-1.1836070566492203
1778693789295647981,4.405908107757568,-0.5798603296279907,-1.172508920260876
1778693789323334165,4.401370048522949,-0.5656731128692627,-1.158302084908804
1778693789354489700,4.397050380706787,-0.5583134889602661,-1.150225902598133
1778693789383757502,4.389580726623535,-0.544025182723999,-1.1349552216945216
1778693789411124616,4.384746551513672,-0.5304940938949585,-1.1208075729037248
1778693789436881437,4.39023494720459,-0.5248360633850098,-1.1113191204905035
1778693789463538637,4.386162281036377,-0.5155189037322998,-1.1047567038925998
1778693789488423654,4.377274990081787,-0.49810731410980225,-1.0895460118743203
1778693789516209147,4.38214635848999,-0.49698925018310547,-1.0856635607658585
1778693789546098355,4.380217552185059,-0.4852656126022339,-1.0735829387721136
1778693789574628649,4.379566192626953,-0.47707223892211914,-1.0611715931262247
1778693789603098108,4.377418518066406,-0.47234296798706055,-1.054971820573958
1778693789630454412,4.377688884735107,-0.4614410400390625,-1.044085936594772
1778693789655710297,4.3705949783325195,-0.44826269149780273,-1.0294383507161533
1778693789683635877,4.368318557739258,-0.44352400302886963,-1.022962416836543
1778693789710550398,4.373188018798828,-0.4330185651779175,-1.0149619889748593
1778693789738075503,4.359827041625977,-0.4199107885360718,-0.9978898506856128
1778693789767330241,4.3559956550598145,-0.41336512565612793,-0.9902886068137529
1778693789797273723,4.349097728729248,-0.4008585214614868,-0.9767089513778017
1778693789828247220,4.346575736999512,-0.388822078704834,-0.9651883598831121
1778693789852442190,4.3377556800842285,-0.37586474418640137,-0.9510252022995891
1778693789882951522,4.33527135848999,-0.3705092668533325,-0.9435757520788819
1778693789909494534,4.327202796936035,-0.3591982126235962,-0.9296444174895307
1778693789938215322,4.323797702789307,-0.3505452871322632,-0.9235961938296977
1778693789965210637,4.319747447967529,-0.33892810344696045,-0.911855180190371
1778693789993124184,4.310606956481934,-0.32561254501342773,-0.8972010154086286
1778693790019824105,4.310378074645996,-0.31516313552856445,-0.8870625232657848
1778693790052126760,4.309123992919922,-0.3100355863571167,-0.8814708536520356
1778693790080841997,4.305667877197266,-0.29924535751342773,-0.8704385479012755
1778693790108198251,4.292989730834961,-0.2861053943634033,-0.8547844346597805
1778693790136578809,4.28923225402832,-0.2802720069885254,-0.8477018088211681
1778693790165204155,4.27867317199707,-0.2694218158721924,-0.8326675446622899
1778693790194131197,4.274103164672852,-0.26061010360717773,-0.8210550700115102
1778693790221917541,4.259920120239258,-0.24737262725830078,-0.8052412054894266
1778693790250131832,4.258055686950684,-0.24181270599365234,-0.7995609830704385
1778693790278021655,4.248922824859619,-0.23218417167663574,-0.7858006326159568
1778693790303321914,4.245138168334961,-0.22114872932434082,-0.7748218150499336
1778693790332534280,4.238412857055664,-0.21349668502807617,-0.7678880863434049
1778693790360864964,4.23065185546875,-0.20371508598327637,-0.7545301347091474
1778693790389149980,4.221470832824707,-0.19420969486236572,-0.7400474837356028
1778693790418401902,4.215532302856445,-0.18817293643951416,-0.7337745515945856
1778693790445854139,4.210320472717285,-0.1796342134475708,-0.7214292486754192
1778693790473255929,4.197257995605469,-0.16807889938354492,-0.7066741883908845
1778693790501957290,4.191585063934326,-0.16363251209259033,-0.6995021632653782
1778693790529705532,4.179144859313965,-0.1541386842727661,-0.6846688645635949
1778693790557595885,4.171963691711426,-0.14630234241485596,-0.6749196035053315
1778693790586091453,4.171698570251465,-0.14202547073364258,-0.6719808739053172
1778693790613013117,4.1659440994262695,-0.13742351531982422,-0.6651392934145736
1778693790641770695,4.161145210266113,-0.13777780532836914,-0.6605987707639626
1778693790668952486,4.1627888679504395,-0.13711535930633545,-0.6611626788192431
1778693790697962366,4.162634372711182,-0.1360682249069214,-0.6617038089644695
1778693790726972807,4.160140514373779,-0.13663482666015625,-0.6604819830713964
1778693790754943373,4.161066055297852,-0.13718688488006592,-0.6602939054011963
1778693790783753080,4.161562919616699,-0.13795101642608643,-0.6602458726708675
1778693790811174679,4.159952640533447,-0.13852310180664062,-0.6593718114187215
1778693790837730875,4.163148403167725,-0.1382235288619995,-0.6608024002429526
1778693790865862068,4.162413120269775,-0.13784468173980713,-0.6606728212845789
1778693790896555020,4.161978244781494,-0.13748610019683838,-0.660485151860961
1778693790925228157,4.1621503829956055,-0.13723456859588623,-0.6606869716086621
1778693790953240744,4.161753177642822,-0.1374495029449463,-0.6602456179751586
1778693790982162495,4.162792205810547,-0.1376422643661499,-0.6607666930833308
1778693791009913983,4.16258430480957,-0.13767409324645996,-0.6602582995811537
1778693791038824894,4.162783145904541,-0.13831102848052979,-0.6603452057358895
1778693791069346319,4.16520357131958,-0.13722634315490723,-0.6617651147015606
1778693791098100019,4.162909984588623,-0.13753056526184082,-0.6606984742707978
1778693791125647858,4.162240505218506,-0.13798224925994873,-0.660106249094325
1778693791154770774,4.163849353790283,-0.13709545135498047,-0.6611036932785839
1778693791183877799,4.161929130554199,-0.13826429843902588,-0.6598471830074669
1778693791212148017,4.161557197570801,-0.13728082180023193,-0.6602896962144366
1778693791239822227,4.159940242767334,-0.13841724395751953,-0.6591409178708236
1778693791268700796,4.161011219024658,-0.1377544403076172,-0.6598825296217171
1778693791298603901,4.160782337188721,-0.13818418979644775,-0.6595542865531675
1778693791324927423,4.160238265991211,-0.1374194622039795,-0.6597440085871923
1778693791352864295,4.1582770347595215,-0.13690876960754395,-0.6590317879670257
1778693791380704392,4.1602630615234375,-0.1366664171218872,-0.659934882662067
1778693791409730112,4.1593337059021,-0.13783526420593262,-0.6589963391933082
1778693791438130298,4.1599297523498535,-0.1367197036743164,-0.6595132495299496
1778693791467214279,4.161357879638672,-0.13760554790496826,-0.6599186678109676
1778693791495136042,4.16109037399292,-0.13731420040130615,-0.6601288598517278
1778693791524019460,4.160739898681641,-0.13720953464508057,-0.6598592385491088
1778693791552722103,4.162048816680908,-0.13701939582824707,-0.6604447071743155
1778693791578669989,4.161489486694336,-0.13692820072174072,-0.6602630920020277
1778693791606999961,4.159908771514893,-0.13657867908477783,-0.6597174508780995
1778693791636205093,4.161859512329102,-0.13643360137939453,-0.6607427073349385
1778693791663871318,4.161587238311768,-0.13694190979003906,-0.660589535035241
1778693791691396304,4.158215045928955,-0.1379777193069458,-0.658590689581149
1778693791719464025,4.160484790802002,-0.1370408535003662,-0.6598326788053388
1778693791748412097,4.159833908081055,-0.13750553131103516,-0.6592588663946842
1778693791777218057,4.16019868850708,-0.13721692562103271,-0.6596341006658095
1778693791805384127,4.161128997802734,-0.13686597347259521,-0.660040980329093
1778693791833724478,4.161276817321777,-0.13613128662109375,-0.6606488576796832
1778693791863286532,4.160391807556152,-0.13704955577850342,-0.6596662297343201
1778693791892779103,4.160322189331055,-0.1371821165084839,-0.6595094178305074
1778693791925547656,4.160046100616455,-0.13707184791564941,-0.6595502920361576
1778693791953778750,4.160472869873047,-0.1367628574371338,-0.659968557229381
1778693791983443529,4.160783290863037,-0.1370241641998291,-0.6598653035378668
1778693792011647972,4.16175651550293,-0.1370476484298706,-0.660173584856751
1778693792042323641,4.159426689147949,-0.1374037265777588,-0.6590854512677612
1778693792074989909,4.161914825439453,-0.1368197202682495,-0.6605802682938154
1778693792107462848,4.158021926879883,-0.13725805282592773,-0.6584135448159107
1778693792136683891,4.159145355224609,-0.13769733905792236,-0.6585786043240616
1778693792166394528,4.158209323883057,-0.13738083839416504,-0.6584662656494709
1778693792193570587,4.158511161804199,-0.1367243528366089,-0.658932958918277
1778693792224591084,4.159415245056152,-0.13673746585845947,-0.6591646671357803
1778693792253796127,4.160464286804199,-0.1368541717529297,-0.659764322694407
1778693792279785491,4.159854888916016,-0.13737881183624268,-0.6592306626484581
1778693792306091770,4.160280227661133,-0.13714897632598877,-0.6594123588114913
1778693792335833958,4.160099983215332,-0.1370295286178589,-0.6594528999971917
1778693792365086841,4.158703327178955,-0.1373119354248047,-0.6589095636540148
1778693792393372077,4.162935256958008,-0.13643908500671387,-0.6608230720507123
1778693792421526995,4.162073135375977,-0.13625645637512207,-0.6604192404740673
1778693792449292159,4.162407398223877,-0.13584542274475098,-0.6608170988084741
1778693792477099123,4.161868095397949,-0.13598108291625977,-0.6606728893121451
1778693792505762321,4.161604404449463,-0.1364198923110962,-0.6605738893103432
1778693792534592217,4.163002014160156,-0.13604843616485596,-0.6613603431585715
1778693792563475354,4.162529945373535,-0.13635766506195068,-0.6609982825119661
1778693792592385584,4.163123607635498,-0.13661491870880127,-0.6609497356271691
1778693792621348874,4.162595272064209,-0.1367931365966797,-0.6607095926513967
1778693792650812269,4.161435127258301,-0.13740324974060059,-0.6599088715119589
1778693792679759830,4.162948131561279,-0.13674533367156982,-0.6610024923363573
1778693792708520203,4.162783622741699,-0.13695955276489258,-0.6604097765732371
1778693792736249469,4.160212516784668,-0.13746821880340576,-0.6594914612936285
1778693792766114100,4.161251068115234,-0.1368027925491333,-0.6602467613807679
1778693792795628452,4.160823822021484,-0.1370840072631836,-0.6600542876021748
1778693792823902627,4.161717414855957,-0.13670563697814941,-0.6604997164233377
1778693792852894923,4.163448333740234,-0.13663887977600098,-0.6611861643630355
1778693792882243489,4.163308143615723,-0.13623106479644775,-0.661393902819416
1778693792917099978,4.160983562469482,-0.13685226440429688,-0.6603012044840276
1778693792951690760,4.162152290344238,-0.13671040534973145,-0.6605333259922727
1778693792977759315,4.1615705490112305,-0.13726043701171875,-0.6602838255768749
1778693793007411571,4.160449981689453,-0.13703274726867676,-0.6601722186589646
1778693793036191101,4.161323547363281,-0.13715589046478271,-0.6602337574309772
1778693793066178416,4.161969184875488,-0.13715648651123047,-0.6605088101282272
1778693793094238683,4.162724494934082,-0.13679146766662598,-0.6608761271232303
1778693793121517168,4.161890029907227,-0.13620781898498535,-0.6605989125193327
1778693793150196586,4.160952568054199,-0.1372992992401123,-0.659817789056636
1778693793177675373,4.161828517913818,-0.13632655143737793,-0.6607312268415734
1778693793205589451,4.1596174240112305,-0.13728272914886475,-0.6594979945327556
1778693793234615742,4.159008979797363,-0.13689792156219482,-0.6593882372589337
1778693793263111350,4.159129619598389,-0.13707518577575684,-0.6593268198239512
1778693793291302346,4.162708282470703,-0.136330246925354,-0.6610952947990195
1778693793320329068,4.161579132080078,-0.13670802116394043,-0.6603922457563015
1778693793349279484,4.160361289978027,-0.13745057582855225,-0.659403890177839
1778693793381104607,4.161400318145752,-0.1374446153640747,-0.6598817945142081
1778693793407751566,4.163064956665039,-0.13728010654449463,-0.6607898870715986
1778693793436140591,4.161202907562256,-0.13704681396484375,-0.6599377663235605
1778693793466139097,4.160040855407715,-0.13713109493255615,-0.659626874174793
1778693793497947317,4.1611104011535645,-0.137201189994812,-0.6597208105798797
1778693793525614865,4.161486625671387,-0.13749563694000244,-0.6595890390203014
1778693793555012785,4.161739349365234,-0.1365044116973877,-0.6602689441391787
1778693793582673139,4.160901069641113,-0.13708114624023438,-0.6597985542598023
1778693793612473336,4.160006523132324,-0.13760149478912354,-0.659197072985993
1778693793640413023,4.16170597076416,-0.13679158687591553,-0.6601355238476406
1778693793667365205,4.162048816680908,-0.13736271858215332,-0.6599004150697471
1778693793693385809,4.161489486694336,-0.13695883750915527,-0.6598085897608893
1778693793722345102,4.1613569259643555,-0.1371455192565918,-0.6598459218499106
1778693793751591122,4.160880088806152,-0.13747012615203857,-0.6595709944990252
1778693793781695290,4.162355422973633,-0.13686871528625488,-0.6603458383897217
1778693793809295199,4.161675930023193,-0.1366434097290039,-0.6603733313042184
1778693793838761359,4.161853790283203,-0.13659870624542236,-0.6605413426549851
1778693793866019866,4.159444808959961,-0.137298583984375,-0.6591848913634849
1778693793895068569,4.1610846519470215,-0.13724303245544434,-0.6598467099353958
1778693793921079866,4.16377592086792,-0.13641893863677979,-0.6611912870762505
1778693793950852280,4.164307117462158,-0.13615179061889648,-0.6614492592039253
1778693793980457005,4.1622843742370605,-0.136541485786438,-0.6605943986389167
1778693794008953445,4.164079189300537,-0.13627517223358154,-0.6613919314185267
1778693794034950904,4.16147518157959,-0.13699007034301758,-0.6605815670591014
1778693794062021142,4.159920692443848,-0.1367107629776001,-0.6601709013811327
1778693794090933344,4.16195011138916,-0.13673460483551025,-0.6608041767558829
1778693794118177724,4.163088321685791,-0.1359337568283081,-0.6615352919145198
1778693794144187908,4.162942886352539,-0.13678193092346191,-0.6607474893533547
1778693794172588685,4.159895896911621,-0.13732028007507324,-0.6594288769057924
1778693794202123085,4.162118911743164,-0.1368180513381958,-0.6602504778901324
1778693794230726880,4.162478446960449,-0.1366666555404663,-0.6605112210610627
1778693794257666568,4.163637161254883,-0.13649725914001465,-0.6609071824666918
1778693794284038642,4.16298770904541,-0.13660109043121338,-0.660600057133094
1778693794312820156,4.162511825561523,-0.13661396503448486,-0.6604560874553557
1778693794341760262,4.163671493530273,-0.1365337371826172,-0.6610018352390072
1778693794373868685,4.162701606750488,-0.1367509365081787,-0.6603679935783711
1778693794402831294,4.162274360656738,-0.13716399669647217,-0.6599382868787678
1778693794429272080,4.163727760314941,-0.13643181324005127,-0.6609031392316809
1778693794456477285,4.164254665374756,-0.13661491870880127,-0.6609247671119368
1778693794485417692,4.163339614868164,-0.13685882091522217,-0.6602306023522941
1778693794514205056,4.162988662719727,-0.13679957389831543,-0.6602527594610051
1778693794541031588,4.1621928215026855,-0.1368253231048584,-0.6599580351435989
1778693794571148040,4.160553932189941,-0.1369251012802124,-0.6594099158777761
1778693794599335299,4.163670063018799,-0.13598930835723877,-0.661087715387638
1778693794627330131,4.1625165939331055,-0.13645994663238525,-0.6605143564969405
1778693794654811192,4.16220760345459,-0.13569939136505127,-0.6607818673119238
1778693794682892449,4.16246223449707,-0.13705337047576904,-0.6600808149309872
1778693794711524818,4.162579536437988,-0.1370105743408203,-0.6604896534559274
1778693794737303941,4.161565780639648,-0.13674163818359375,-0.659972858448245
1778693794767253815,4.162975311279297,-0.13688039779663086,-0.6604468349334551
1778693794795270769,4.161639213562012,-0.1373370885848999,-0.6597382397129292
1778693794823306769,4.1605424880981445,-0.13669514656066895,-0.6594720264270977
1778693794851393988,4.160335063934326,-0.13669705390930176,-0.6594712407175819
1778693794880365784,4.161972999572754,-0.13634610176086426,-0.6600362770999361
1778693794912084223,4.161596298217773,-0.13656044006347656,-0.6596102667847836
1778693794940392003,4.161673069000244,-0.13655543327331543,-0.6596637448606693
1778693794968753494,4.163030624389648,-0.13629436492919922,-0.660296557266374
1778693794997381344,4.16387939453125,-0.13609099388122559,-0.6608451063801697
1778693795024130739,4.16303825378418,-0.13658559322357178,-0.6603000288134966
1778693795051862840,4.164107322692871,-0.13615167140960693,-0.6608824914537632
1778693795081379927,4.163013458251953,-0.13649463653564453,-0.6600833071156298
1778693795109302802,4.1630449295043945,-0.13617074489593506,-0.6604772403502177
1778693795138684110,4.164168834686279,-0.13642001152038574,-0.6606322183296867
1778693795167709088,4.162521839141846,-0.13666272163391113,-0.6603074566836026
1778693795195441529,4.161942958831787,-0.13692915439605713,-0.659879556549513
1778693795224811175,4.163471698760986,-0.13634324073791504,-0.6609092494538835
1778693795253155373,4.163198471069336,-0.1363694667816162,-0.6607906896735625
1778693795280727478,4.162025451660156,-0.1361238956451416,-0.6604036485847838
1778693795314678318,4.16232967376709,-0.13626551628112793,-0.6605335116848409
1778693795342106448,4.164262771606445,-0.1359555721282959,-0.6615143497931086
1778693795369712468,4.161760330200195,-0.13623559474945068,-0.6603087509988733
1778693795398653766,4.162351608276367,-0.1358851194381714,-0.660484535844339
