t_ns,x,y,yaw
1778741843475543118,-3.4618214211600767e-06,-5.395066437326268e-11,-5.56898235526404e-07
1778741843480725041,-3.9242590003086265e-05,-8.375839771445159e-10,-2.3897778006709558e-05
1778741843482272339,-4.760563843295775e-05,-9.418771212953035e-10,-3.932505842918488e-05
1778741843484600285,-7.503510261476139e-05,-1.042088095905402e-09,-6.097069588184567e-05
1778741843486791319,-9.213012792851286e-05,-1.4408767567945076e-09,-6.914800283697176e-05
1778741843489192074,-0.00010672584656674674,-1.7190757593217898e-09,-8.150046767907426e-05
1778741843491750769,-0.00013072489342747553,-2.330226214881642e-09,-9.789371312951546e-05
1778741843493258111,-0.00014659249374424893,-2.6200171660804425e-09,-0.00010998401574546791
1778741843496603816,-0.00016765364184340316,-2.978592321463103e-09,-0.00011935432421550374
1778741843498578739,-0.0001882018647672867,-2.4650078708691755e-09,-0.00011535803550044578
1778741843500994391,-0.0002050706215026071,-3.6903677964085663e-09,-0.00010626823832948773
1778741843503376059,-0.00022358882604555999,-4.023460660464911e-09,-9.739946547071554e-05
1778741843505285147,-0.00024467432096177176,-4.393742960466786e-09,-8.97581496865918e-05
1778741843506995375,-0.000258779834596576,-4.6461598884179705e-09,-8.626990045268458e-05
1778741843538192878,-0.00028575653934938126,-4.613179270932848e-09,-8.667759418123921e-05
1778741843572682263,-0.0003006682421119164,-5.397895257289707e-09,-8.683719304647397e-05
1778741843637963337,-0.00032885478774068275,-5.865980230402049e-09,-8.694080395921233e-05
1778741843671910318,-0.0003381290163879462,-6.098649182172678e-09,-8.161778948867493e-05
1778741843722216630,-0.00035662229759167614,-6.432718156704351e-09,-7.315638271432334e-05
1778741843772002861,-0.0003776937207804293,-6.8095088237522225e-09,-6.531460645753383e-05
1778741843822064206,-0.00039405182951771745,-7.164199011802413e-09,-6.119792098457923e-05
1778741843872081607,-0.0004125804591517728,-7.477440180589703e-09,-6.077308342966603e-05
1778741843921584738,-0.00043367149592576335,-7.810676852654346e-09,-6.632820907048753e-05
1778741843971856484,-0.0004477791419092616,-8.02674268865223e-09,-7.09113828993857e-05
1778741844021611375,-0.0004692067367303065,-8.181228338626907e-09,-7.959416699909738e-05
1778741844071759435,-0.0004896382904937851,-8.469723022932162e-09,-8.383290491931206e-05
1778741844121720790,-0.0005037297441781028,-8.690380401928528e-09,-8.558044930007115e-05
1778741844171670091,-0.0005301645472541558,-8.975505125367558e-09,-9.045400044493945e-05
1778741844221844501,-0.0005457750319110466,-9.191413068575556e-09,-9.348866704428359e-05
1778741844271768295,-0.0005666872213227833,-9.367791945364636e-09,-9.845565337940343e-05
1778741844321735179,-0.0005878246193119083,-9.367870193634968e-09,-0.00010974915891459601
1778741844371807114,-0.0006017704396324121,-9.610985781795523e-09,-0.00012148804696998639
1778741844421691352,-0.0006280430572365614,-9.53040082461956e-09,-0.00013350106613208013
1778741844471759680,-0.0006439519365429369,-9.752858401898625e-09,-0.0001393792799921911
1778741844521610474,-0.0006629623477087043,-9.155968997430505e-09,-0.0001471291766668159
1778741844571625029,-0.0006792291742690529,-9.327234979969549e-09,-0.0001551476603558477
1778741844621460384,-0.0006926675347258629,-1.0069968661912695e-08,-0.00016117854208497207
1778741844671554491,-0.0007204288539607985,-9.665820595133884e-09,-0.0001754406900364991
1778741844721536865,-0.000739978178918801,-1.0378640246632827e-08,-0.00018243731149913955
1778741844771728689,-0.0007558252849841121,-1.0624219748784825e-08,-0.00019037937205279576
1778741844837888527,-0.0007760936710769893,-1.0695817639744899e-08,-0.00019614196515638227
1778741844887860582,-0.0007961576275425335,-1.0831882055258553e-08,-0.00020260943666672304
1778741844921587564,-0.0008135128675766376,-1.0921658843011827e-08,-0.00021209141458111702
1778741844971628290,-0.000825859606459993,-1.1069281253721961e-08,-0.00021759004394095174
1778741845021601226,-0.0008518676513928926,-1.1049138033229665e-08,-0.0002278246248068605
1778741845071478571,-0.0008677591512779271,-1.1316130113607525e-08,-0.00023268080212091038
1778741845121698728,-0.0008886898649387474,-1.1616083026750183e-08,-0.00023648640658624484
1778741845171484037,-0.0008979921224445561,-1.1920640456911175e-08,-0.0002380141213005338
1778741845221642297,-0.0009292612010811789,-1.0905405291770507e-08,-0.0002404425205591032
1778741845271638417,-0.0009440966368812544,-1.1471134261052387e-08,-0.00024275227915593334
1778741845338000321,-0.0009673825036249931,-1.2475196698909957e-08,-0.0002458527059494564
1778741845371586715,-0.0009814213019791588,-1.2453519951740231e-08,-0.0002492868403694004
1778741845421653701,-0.0010015091572750975,-1.1946492552058744e-08,-0.0002557377875294087
1778741845487889083,-0.0010200066920823295,-1.2613290849042237e-08,-0.00026158911002260865
1778741845521460398,-0.001041020239484642,-1.1798532311904745e-08,-0.0002660872105750834
1778741845588224288,-0.0010566489153166782,-1.2956976268108224e-08,-0.0002684226301110649
1778741845621642892,-0.0010777408568164327,-1.3271749374564546e-08,-0.00027118351404231694
1778741845671548591,-0.001093435377114108,-1.3489205641739168e-08,-0.00027380130607346226
1778741845721602461,-0.0011057394213801715,-1.3639208143287436e-08,-0.00027606638619248614
1778741845771870540,-0.0011339184348092032,-1.3826954045457926e-08,-0.0002829923345135654
1778741845821532213,-0.0011493769022961936,-1.4012431326356191e-08,-0.00029006300971046173
1778741845871717435,-0.0011634079579893025,-1.3971309089174005e-08,-0.00029460139768922033
1778741845938054961,-0.0011896671096821405,-1.394793261151342e-08,-0.00030438119973164035
1778741845971497421,-0.0012020328014917339,-1.3861875917463873e-08,-0.00030834051699279996
1778741846021673675,-0.0012176929149469854,-1.3794554074633518e-08,-0.00031607487451923433
1778741846071643836,-0.0012390111287753967,-1.348489962815681e-08,-0.0003273358385396108
1778741846121679362,-0.0012578863444180483,-1.3301880180508877e-08,-0.0003332186827158523
1778741846171617281,-0.001281452078842649,-1.3034753391168765e-08,-0.0003440515808930122
1778741846221711819,-0.0013019117431135453,-1.3563492644231325e-08,-0.00035004086516865485
1778741846288077490,-0.0013173467913223458,-1.3772941169442059e-08,-0.0003561089564092512
1778741846321628396,-0.001341989379734498,-1.3486821705112939e-08,-0.00036243703491356527
1778741846371608747,-0.001357853945385169,-1.3829790804966758e-08,-0.00037202150707482673
1778741846421569871,-0.0013768058212665784,-1.3118078743939248e-08,-0.0003830407562825932
1778741846471788806,-0.0013979722578047519,-1.3689413096028213e-08,-0.0003938423946761027
1778741846538135971,-0.0014138445953790276,-1.3696306679669705e-08,-0.00040331565416584775
1778741846571631021,-0.001429309812130709,-1.37784359287351e-08,-0.00040954819647565094
1778741846638079459,-0.0014613200285221468,-1.2487550865638939e-08,-0.00041887909297910747
1778741846671637470,-0.001463274699777593,-1.3732897235805026e-08,-0.00042194994159272525
1778741846721907622,-0.0014853089423787008,-1.4018482647555323e-08,-0.00043636070363506363
1778741846771502939,-0.001509969256336796,-1.3641533875493594e-08,-0.0004484059352076742
1778741846837766525,-0.001525842877763506,-1.4011873173537874e-08,-0.00045871847451239844
1778741846871632302,-0.0015467376403555274,-1.3845690297715675e-08,-0.0004662855507935326
1778741846937890818,-0.0015661350174186932,-1.3925280154534276e-08,-0.00047711909286896065
1778741846987818258,-0.0015817521532520867,-1.4308557761031625e-08,-0.00048120874054102813
1778741847037879613,-0.0016020443715324313,-1.4328496493983827e-08,-0.00047600366812172723
1778741847071445097,-0.0016174500556946068,-1.475648405238051e-08,-0.00046441688128728836
1778741847121666898,-0.0016394950424773941,-1.4799445189709802e-08,-0.0004514420015100384
1778741847171639985,-0.0016518480670012702,-1.4991204563485727e-08,-0.0004446972289935403
1778741847221438639,-0.0016778642014126537,-1.5000158723153117e-08,-0.0004328268228448451
1778741847271509923,-0.0016993202625801634,-1.4616754298344051e-08,-0.0004211103804250272
1778741847321605974,-0.001710550258752967,-1.554924724852894e-08,-0.0004073853705715002
1778741847371933015,-0.0017233373036220224,-1.5514186684777843e-08,-0.0003991676493302343
1778741847421637931,-0.0017514299463465678,-1.5452458106475465e-08,-0.0003860039343042132
1778741847471855804,-0.0017655305502315547,-1.544704636230608e-08,-0.0003808714921307299
1778741847521799064,-0.00178474930485656,-1.5726786416618936e-08,-0.0003701194551566367
1778741847571806196,-0.0018074035575778636,-1.6114998287879968e-08,-0.0003572061018157769
1778741847621724187,-0.0018320313917274261,-1.5868354840388557e-08,-0.00035049593389535616
1778741847671470772,-0.0018475092791449882,-1.6794343210213508e-08,-0.0003496776716693794
1778741847721550853,-0.0018668399119183957,-1.665859884554333e-08,-0.00034906290753777824
1778741847771593402,-0.001883180966799393,-1.6430965559692355e-08,-0.00034497647236708673
1778741847821823539,-0.001903000332121028,-1.7206664678857916e-08,-0.0003399265165611176
1778741847871496974,-0.0019199896016750544,-1.714230325378671e-08,-0.0003363738865815869
1778741847921584840,-0.0019334335343312154,-1.7127235588305417e-08,-0.0003342378158111003
1778741847971519734,-0.0019615389897363962,-1.7060966114144097e-08,-0.00033205735943919734
1778741848037928937,-0.001980752170339888,-1.7306359000792454e-08,-0.00032757236727309896
1778741848071529779,-0.002000078801785231,-1.744706841076846e-08,-0.000324176734003423
1778741848121778701,-0.002009152822419941,-1.768397930043914e-08,-0.0003231258944547122
1778741848171618384,-0.002032489313181492,-1.7955528966879828e-08,-0.00032211696583628324
1778741848221680060,-0.002045362496145825,-1.7897454006520073e-08,-0.000320614914088857
1778741848271672203,-0.0020699453116025087,-1.762125805038293e-08,-0.0003170392264384425
1778741848321486557,-0.002093333442910453,-1.770338908739942e-08,-0.0003111838032245906
1778741848371411933,-0.002101958487228872,-1.7725858447458896e-08,-0.00030967081523591844
1778741848421634816,-0.0021330419583740876,-1.7820648315150276e-08,-0.0003055367361244344
1778741848471643140,-0.0021494794643793524,-1.7865236089210814e-08,-0.0003059967431937594
1778741848521741435,-0.002167944981744841,-1.7941565818645862e-08,-0.0003095487948963082
1778741848571798582,-0.0021888959163007824,-1.8163503294020178e-08,-0.000319235708357457
1778741848621481636,-0.0022100519015765393,-1.7698167027725954e-08,-0.0003303010629300829
1778741848671364491,-0.002227610555228766,-1.7805303523346338e-08,-0.0003439152739943552
1778741848721515718,0.00700111426204987,-9.702398420400608e-07,-0.0003582837390401217
1778741848771767325,0.021913851171144937,-3.785341553080991e-06,-0.00036466964017733966
1778741848821552484,0.03643120033103018,-5.397972990250057e-06,-0.00034728334046141285
1778741848871477679,0.056764324255216395,-7.313231726479243e-06,-0.0002605601422742687
1778741848921497254,0.07596372233577607,-8.038815548711014e-06,-0.00010286785043422951
1778741848987909454,0.09693580711035465,-1.3417159169188719e-06,0.00011782704764495833
1778741849021699807,0.11692612740668266,8.805694701857122e-06,0.0003572635748358976
1778741849087810441,0.14347089590109113,2.857578057031558e-05,0.0006670390646159596
1778741849121246659,0.15689420675561808,4.014403164737925e-05,0.0008164470697962222
1778741849171506493,0.16994731776239017,5.4835226101244206e-05,0.0009637181846251507
1778741849221588697,0.19101798038209952,8.147467322006372e-05,0.0012362096279399106
1778741849271740324,0.2028939626213276,9.968538167427737e-05,0.001360438357133287
1778741849321415193,0.21759374142290488,0.00012757825938035944,0.0015653220075990681
1778741849371436812,0.2354449582437301,0.00016533763952225608,0.001683106191963546
1778741849421586365,0.24461109166377598,0.00018548718315993892,0.0017489752567412253
1778741849471688217,0.2573716440451035,0.00022514528309388574,0.0017813661062699992
1778741849521680611,0.2686706070438411,0.00025752657324703204,0.0017912544247504767
1778741849571580689,0.2940350212927964,0.0003256134152885678,0.0017963661061917156
1778741849621530341,0.3083151754653399,0.00037172219348810537,0.0018099904183364046
1778741849688070854,0.328256876481033,0.00043507827404895154,0.0018196787932915905
1778741849721429555,0.3480084935034242,0.0004986877191540988,0.0018178935961978837
1778741849771518532,0.36133134038292625,0.0005420251115413007,0.001814491098388604
1778741849821565800,0.38791564220912417,0.0006297757284881502,0.001797399491926921
1778741849871693121,0.407798614852923,0.0006967991413704557,0.0017798898119609774
1778741849921488960,0.4276577560617651,0.0007648859110466248,0.0017863001807958412
1778741849971451998,0.4474924694379146,0.0008343498467293541,0.0018086902506384563
1778741850021444221,0.4673275716450982,0.0009056974503650923,0.0018396311967654455
1778741850071412599,0.48732409554343564,0.0009722676501988121,0.0018661070475878285
1778741850121727527,0.49084868828960576,0.0009943007728416367,0.0018492896093036395
1778741850171643856,0.5070224781674462,0.0010679156373967797,0.0018153203656297023
1778741850221515199,0.5194549481099582,0.001121327067024822,0.0017999969027688858
1778741850288022629,0.5525944247780936,0.0012575217518946183,0.0018694884194037087
1778741850321489205,0.5659188123011338,0.0013118080376287094,0.0018955842367249789
1778741850371527025,0.5812538483010574,0.0013717548684623257,0.0019400667720645972
1778741850421798601,0.5928840036770817,0.0014277487056848603,0.0019419501597979227
1778741850471535468,0.6118357280931754,0.0015082963272006476,0.001970517113026205
1778741850521254661,0.6312996127586636,0.001586734942760536,0.0020132686314484616
1778741850573907553,0.6482997349293751,0.0016656752926247293,0.002039052571591871
1778741850621857996,0.6588009719635275,0.001713326909809147,0.00203655239404954
1778741850671864717,0.68119229557326,0.0018157563379206719,0.00201192461316424
1778741850721533173,0.6979454681351543,0.0018959110712968954,0.001973687814715852
1778741850787955742,0.7177060671351275,0.001990535094832687,0.0019308334632492927
1778741850838035803,0.744336889918894,0.0021176243327241735,0.0018485693599066264
1778741850887848775,0.7641883522624202,0.0022054572828249363,0.0017960926301219262
1778741850937799389,0.7775028935305347,0.0022751251447946323,0.001769607874944512
1778741850971465465,0.7877647309906944,0.0023288527926920858,0.0017304420393116082
1778741851038739767,0.8091433195053901,0.002435410740568445,0.0016706513362043651
1778741851071533250,0.823337075398207,0.002514151342296738,0.0016196538418471462
1778741851138038026,0.8337695601030192,0.0025736157275378633,0.0015334433165232753
1778741851171390735,0.8498236990936251,0.0026644108139204426,0.001435865570345474
1778741851221496985,0.8628520809427596,0.002737408123242373,0.0013511284719376349
1778741851271778069,0.8828470671511367,0.002855627495643288,0.0011629001567876607
1778741851321445473,0.8877107693985526,0.0028883835680508286,0.0010535338959689609
1778741851371533599,0.9091754968427237,0.003024543434006268,0.0007895422242194527
1778741851421507618,0.9236160368303621,0.003118344648518874,0.0005858087096997088
1778741851471545979,0.9421661493792075,0.0032378284228907718,0.0003605878303356569
1778741851521531699,0.9621766652686838,0.003365079758620705,0.0001484192512832827
1778741851571669901,0.9821172276301351,0.0034888799024594508,-8.571634937792894e-05
1778741851621660411,0.9984848697694267,0.003595914033590947,-0.000243900229598637
1778741851671591868,1.0151480815379397,0.0037102753243785425,-0.0003127205192190452
1778741851721644868,1.0343432876484928,0.003823981489535827,-0.000363582539163243
1778741851771684231,1.0418344850382737,0.003898568431829687,-0.00035248958875477854
1778741851837976932,1.0678287653661365,0.004080445373711353,-0.0004857981230048658
1778741851871594426,1.0878131282353483,0.00421887420644044,-0.000603626074469954
1778741851921281708,1.1077448915561705,0.004355796046445687,-0.0007004246648705248
1778741851988049384,1.1213053252500687,0.004455457684655023,-0.0008037278360966127
1778741852021546819,1.1343473448876045,0.004553324891240463,-0.0009232435567820829
1778741852071530606,1.1536054051004778,0.004691150002213019,-0.0010826332565638808
1778741852121692513,1.173623427555028,0.0048330138150013665,-0.0012680738362584876
1778741852188005723,1.1900708170858088,0.004952064158276176,-0.0014619461623857077
1778741852221576949,1.200556883542925,0.005028395377621331,-0.0015563681479231482
1778741852287878357,1.2331457967222756,0.005259506763793652,-0.0018654009915466396
1778741852321441116,1.246450769332773,0.005353096511752557,-0.001990048241482967
1778741852388066792,1.2666780853616102,0.005501872274647344,-0.0022346875673742157
1778741852438075567,1.2797291678213478,0.005601954868508216,-0.0024087875418037363
1778741852471518999,1.288900061144769,0.0056727570985006665,-0.0025518112157518753
1778741852521379171,1.2993797367359863,0.005751821638920377,-0.002656765065543354
1778741852571415838,1.3187741218749784,0.005895721537488779,-0.002874531448173734
1778741852621609315,1.3388186054341555,0.006043584815695982,-0.0030957908821687137
1778741852671766202,1.365227906502957,0.006220314224270236,-0.00337109430616378
1778741852737778329,1.3919761340625403,0.006431911734089764,-0.003605854725447166
1778741852771392055,1.4052200761289215,0.00652720450818855,-0.0037028925932585115
1778741852821641449,1.4250868579172358,0.006652934119686915,-0.0038287508321364068
1778741852871641857,1.4448963901823508,0.006808863541342347,-0.003923444125613074
1778741852921544089,1.4647209184168353,0.006947623041345296,-0.004008869931222403
1778741852971267721,1.4725602783162446,0.007009556633362893,-0.004073007193093226
1778741853021619950,1.4848303598770505,0.00710580710393486,-0.004150511996700245
1778741853088029424,1.5070092459756053,0.00727187081374546,-0.004407126354823099
1778741853121488866,1.518417646846463,0.007364476361522398,-0.004528641448657832
1778741853171388583,1.5303115635636448,0.0074542190021505954,-0.00467871107683715
1778741853221463524,1.5559664870021745,0.007636252001156449,-0.0050068359921668915
1778741853271638816,1.5638257113589318,0.007713024109433339,-0.005166728803233767
1778741853321597916,1.5898947438695619,0.00791098745801378,-0.0055421897806393625
1778741853371510327,1.60357823751457,0.008023296864331312,-0.005815066803542823
1778741853421458316,1.6229260089130093,0.008170390888182786,-0.0060906330489265414
1778741853471539058,1.6429073506114698,0.008320887462012533,-0.00635886989983403
1778741853537978610,1.6693222968747616,0.008500270906332852,-0.006674240033504031
1778741853571588919,1.6707564086653772,0.008536955878630742,-0.006755162863810504
1778741853621711351,1.689124181327348,0.008686237999474638,-0.00699304179097382
1778741853671407390,1.7078785584189309,0.008819410699033152,-0.0072307505378161885
1778741853738032535,1.7287902811757279,0.00898759434957395,-0.007481094692229462
1778741853771635831,1.7487501681464064,0.009138166344719622,-0.007695424465691492
1778741853821527062,1.7632650788022926,0.009257205475095107,-0.007895510814293516
1778741853871637260,1.7816298208117844,0.009397658153333915,-0.008051880230184771
1778741853921658158,1.801501607771241,0.009548013498093496,-0.00823451091545424
1778741853971250179,1.8179203862397166,0.009679430598694676,-0.008466347100553053
1778741854037915159,1.834614644724874,0.009809576642136636,-0.008553564042021566
1778741854087861856,1.8609746126684121,0.010010133401482879,-0.008794847392794567
1778741854137778225,1.8659356983430104,0.01006340793270558,-0.008951333503514734
1778741854171655243,1.8780620624810622,0.010168445404934416,-0.0090397348583684
1778741854221492631,1.893967019581732,0.010297405941343426,-0.009160941038301562
1778741854271497679,1.9068411336422184,0.010399960318954746,-0.00931654966997675
1778741854321724970,1.9276054363711013,0.010693410305236068,-0.009450859467219352
1778741854371362357,1.940535220669171,0.011038758047283548,-0.008780496464577237
1778741854421539092,1.9601044009416295,0.011832947974242702,-0.004643566344494143
1778741854471448607,1.974788937511223,0.012699727019956602,0.0039477787572459455
1778741854521719451,1.9997667246474446,0.014679323085984033,0.02281331243869777
1778741854571867752,2.0197291364442465,0.01675224181072422,0.04098848867324545
1778741854621686905,2.0396227135814917,0.019281876996109674,0.06056358439977361
1778741854671468367,2.0593802182089638,0.022272857282765863,0.08143420678268631
1778741854721621497,2.0728978941289364,0.024665124609244173,0.10312478115061907
1778741854771602309,2.0917318649568153,0.028306017417762567,0.12533993265191246
1778741854821561288,2.110858030705994,0.03223048789238246,0.14863617963754952
1778741854871722714,2.130385556239005,0.03734467653919509,0.17320296745030325
1778741854937973876,2.1460623366101985,0.04170390011872437,0.1993256746158844
1778741854971737157,2.1616836909480295,0.04624057512556599,0.22646506619229312
1778741855038026312,2.174763260832508,0.05066462514198536,0.2540430773415406
1778741855088008987,2.189432421652105,0.055765024773589245,0.2817350776657599
1778741855121645597,2.1963983422892808,0.05834208381683229,0.30091349940676615
1778741855171684790,2.216003264528086,0.06600616583895819,0.33997445176713464
1778741855221384496,2.2292503194116513,0.07146848609435788,0.3701839896388508
1778741855271555339,2.2458730438298304,0.07901003119916655,0.4007765274821233
1778741855321809011,2.254582600885936,0.08306329839814651,0.4327187479250125
1778741855371735459,2.270357937291007,0.09090286988111959,0.46535989662608307
1778741855421541547,2.2815890341919842,0.09682847732736226,0.48726860582009973
1778741855471591130,2.3042185472109686,0.1097026532851853,0.5311507451774996
1778741855521473684,2.312125877477493,0.11453489907609062,0.5642959927892619
1778741855571699482,2.325517162903984,0.12338619842532282,0.5972151725148148
1778741855621534416,2.338164854779035,0.13140116813413866,0.6298080420376513
1778741855671588948,2.3528628196438093,0.14174661988795795,0.662925994454601
1778741855721471813,2.36017860846979,0.14711741475109882,0.696880818020917
1778741855771499524,2.37125485401004,0.15552555435117624,0.7315278732254328
1778741855821874977,2.3800149438164424,0.1624356804292965,0.7673927717817303
1778741855871573270,2.3898809441982887,0.1704879933728708,0.802937379939959
1778741855921461195,2.400164440100828,0.17919441500711325,0.8386552871672226
1778741855971442417,2.413461705464744,0.1910563770641741,0.8755731520664467
1778741856021791771,2.427278690944848,0.20412451670677004,0.91314740501888
1778741856071649298,2.437498192612395,0.21426394939907725,0.9512252879625541
1778741856121657742,2.4499123891075167,0.22734426606597785,0.9900018322857714
1778741856188009125,2.4573692627511496,0.2353984344449508,1.027807221083969
1778741856221540395,2.4587847068648547,0.23676333878076544,1.0644657586807398
1778741856271528620,2.460243360155066,0.23866706864420448,1.0964640819374232
1778741856321637436,2.459409120689909,0.23715086560941973,1.1180409859010874
1778741856371560948,2.4668036273719802,0.2459973759703401,1.1361891347272266
1778741856421483228,2.4771729952797874,0.25836868146822056,1.1455763422981189
1778741856471620247,2.4822148065835266,0.26419886285334315,1.1486007390948565
1778741856521616909,2.495681077814974,0.28140997704287013,1.1567905384419221
1778741856571534339,2.509400478197095,0.2960785838937216,1.1655982440090433
1778741856621384612,2.521734240769223,0.310674626220512,1.1768860116840179
1778741856671701284,2.5341100967374772,0.3255373366344496,1.1880195007213636
1778741856721512933,2.5444927080612336,0.33793891481053656,1.1975927024783068
1778741856771616107,2.5539394183710127,0.35102930349271505,1.2049164183262828
1778741856838047022,2.5635795267778283,0.3611950908048077,1.2096787486290212
1778741856871668112,2.57337523682328,0.37325997770380687,1.2160005833092642
1778741856921793319,2.5818307231575552,0.383726610936105,1.222983935813846
1778741856987939161,2.5958665773754506,0.40166201297894705,1.2330198283692122
1778741857021614394,2.601861877230779,0.4091873230143687,1.2389074120641046
1778741857071605185,2.6066150807877944,0.41495348087378237,1.2457393449774
1778741857137883749,2.61408526418205,0.4246030353156464,1.252751831513005
1778741857171595893,2.6246351729915998,0.4383999456105795,1.2593196469750891
1778741857221446115,2.632261793654099,0.4483884073881738,1.2628905343961419
1778741857271728591,2.6389759713762535,0.45659138361469415,1.2707949766600153
1778741857321627687,2.643769018055889,0.462657927477257,1.2764927260331698
1778741857371766430,2.6526410628826445,0.4750264922496731,1.2828299806003551
1778741857438027040,2.6634794937217348,0.48859299358977604,1.2900555240364244
1778741857471721701,2.6695639034925955,0.49667988763628196,1.2924905546581835
1778741857521756014,2.680448934446546,0.5111841039651888,1.2981845334724111
1778741857571600586,2.6921530458179275,0.5268970940102188,1.3035669535091852
1778741857621521354,2.703979612156983,0.5428969882397163,1.3079522517215487
1778741857671394350,2.7122576182048697,0.5538552211537895,1.3136257479349875
1778741857721430577,2.7234577740037578,0.5693065258184427,1.3172061227650147
1778741857771588786,2.7343332371888978,0.5856644628912123,1.3210723881784725
1778741857821563246,2.7465897999194433,0.6016009943663302,1.3221685169853599
1778741857871538837,2.75423314200351,0.6123834934654151,1.3235554477569975
1778741857937922492,2.7657558193927603,0.6284575798087054,1.3283591111338275
1778741857971536850,2.773546184401458,0.6393873765694714,1.332117590651551
1778741858021827622,2.7844237866042687,0.6552390224090098,1.3350467878611605
1778741858071680379,2.793843120934862,0.6687281166782266,1.339660324445247
1778741858121448706,2.803287079907567,0.6825669596237306,1.3406162272202966
1778741858171633746,2.810968079233744,0.6936504309409955,1.343397698054571
1778741858221574191,2.818023567173786,0.7041902189654516,1.3448442974968975
1778741858271311528,2.832788828973859,0.7262800388543289,1.3474536210722903
1778741858321725585,2.8401760921054207,0.7373484862199925,1.3483020865961999
1778741858371625503,2.8486137355674708,0.7492263447815994,1.3519724080325277
1778741858422578026,2.8588592409640716,0.7648665624623494,1.351894755425537
1778741858471728425,2.8659019655361426,0.7757812236795323,1.353510542312363
1778741858521558088,2.8704151505004605,0.7825776826365396,1.3564793232062033
1778741858571662535,2.880974399094364,0.7994239628545148,1.3642671333024978
1778741858637895513,2.8886961160188283,0.8119749022190922,1.374000747365818
1778741858671433855,2.897045231164007,0.825602797577097,1.3815562109698503
1778741858721373228,2.903818084306063,0.8373826020018925,1.3865154323920201
1778741858771541186,2.917254728188629,0.8602598476343949,1.3954706197487434
1778741858821566081,2.9272621326540946,0.8774381267867593,1.4005291010789334
1778741858871432275,2.935263721044634,0.8908773833061181,1.4076794471226703
1778741858921516193,2.9410223755871763,0.9006732065818104,1.4092934693178547
1778741858971667879,2.950269602683883,0.9170509990352578,1.4132040954044571
1778741859037998714,2.9575963525610414,0.9297483336868397,1.4181450662230555
1778741859071516828,2.9665077415573555,0.9457494165761032,1.4212784588588665
1778741859121705586,2.9761275578326387,0.9631120114673118,1.4246867520919195
1778741859171715182,2.9857692889352285,0.9805558764295145,1.42732345156983
1778741859221567870,2.992165749545749,0.9921730615674792,1.4287112680992688
1778741859288007202,3.007993068235404,1.0216108431402044,1.4321582870412621
1778741859321531648,3.014356997981267,1.0328270383900482,1.4325118571432753
1778741859387844337,3.0209764705800324,1.0446799521209347,1.4345860097636898
1778741859421790797,3.027256109093382,1.056102889267074,1.4355097352967334
1778741859471519849,3.0316558032443397,1.0641320309971514,1.4377731569376795
1778741859521570083,3.0394369502418326,1.0788793287406702,1.4370727701789505
1778741859588040824,3.054832047400346,1.108211178711321,1.4395711153707893
1778741859621543058,3.0609496568969865,1.1200530670687174,1.4407707480804968
1778741859671788754,3.070287457575203,1.1376441910075106,1.4411262454862264
1778741859721989003,3.0795045502869764,1.1552486314683807,1.4416678179179154
1778741859771621351,3.082833937604893,1.1606177600136502,1.443958311814322
1778741859821711030,3.0898057807490256,1.1731811462394257,1.441524277813431
1778741859871665201,3.0957502980549636,1.1855291189877697,1.4407566207690783
1778741859937955668,3.1038886183173826,1.2014998763712488,1.4403996280132516
1778741859971555047,3.111482763988558,1.2160808603555033,1.4429432898877563
1778741860021521772,3.1191474797194934,1.2310694681303116,1.4416585752526039
1778741860071600730,3.1279720363434067,1.248343997999681,1.442649420922475
1778741860121520526,3.137192778199546,1.2665127675165204,1.4428038477623222
1778741860187925181,3.1462509589776047,1.2842696639644973,1.4430272260716883
1778741860238118196,3.1582852885889037,1.3078911737565837,1.4430252634851275
1778741860287899638,3.1642846123550066,1.319688802954469,1.4429422947847221
1778741860321657228,3.173266195743147,1.3373837224062255,1.4427518856619432
1778741860371615697,3.179242170746413,1.3491808337810998,1.4425955471634302
1778741860421593944,3.191171165981178,1.372786287307126,1.4422137445676482
1778741860471615273,3.200199571681328,1.3908970179847473,1.442356045206962
1778741860521399169,3.20336182565045,1.3966001952331488,1.4419554831947705
1778741860588123984,3.2163073026261784,1.4214746478121039,1.4433150196465094
1778741860621706942,3.2188413965486005,1.4270503088673978,1.4405093191645992
1778741860671640603,3.2252011169312165,1.4382678091010186,1.4406661042685986
1778741860738109941,3.2286048912950975,1.4461919626914372,1.4318993111983849
1778741860771640810,3.2335605738000424,1.4564453585052415,1.4314203994278334
1778741860821573039,3.2395841789908983,1.4685600166630715,1.4308193079088871
1778741860887902551,3.247281928806854,1.4843400378978107,1.429964421141472
1778741860921943761,3.256012662098051,1.5021846257522447,1.4301204200827433
1778741860971578784,3.2623291339665985,1.514132754025286,1.4310471627855474
1778741861037957540,3.267336732695014,1.5243704384915393,1.431522646223108
1778741861071602646,3.2740097201100444,1.538061449707331,1.4291611918022757
1778741861137908082,3.285352914712014,1.5613952234012436,1.4291269695747195
1778741861171600158,3.288289523832386,1.567404584499431,1.4291317899028435
1778741861221531265,3.2972006804916894,1.5852958715607688,1.4290804454555364
1778741861271507338,3.301447141143629,1.5934420774935396,1.4289459051235465
1778741861321876419,3.3075329957678115,1.6057726242372554,1.4290977043280728
1778741861371637291,3.3146887989681475,1.620602526911637,1.4273635847041062
1778741861421633382,3.320683265796793,1.6327548395183875,1.4270544528318576
1778741861471523471,3.3277053376974512,1.6470590238791878,1.428236122510829
1778741861521807079,3.335044890844543,1.6622296740527167,1.4266322744680917
1778741861571822146,3.3418145032817352,1.6753995568618762,1.4280851112630764
1778741861621695062,3.3432789687392686,1.6784916431408359,1.42692218846255
1778741861671415307,3.348143307882479,1.688504570312057,1.4241309855819768
1778741861721801661,3.353929679771602,1.7004221946021156,1.4236793598566841
1778741861771410795,3.3618390864475405,1.7168084265683399,1.4223612444784628
1778741861821661080,3.3693656295433088,1.732313612874457,1.4222898992092512
1778741861871683741,3.371776721706934,1.7368809885497296,1.4211950722418898
1778741861922702050,3.3795935481117088,1.7531774085385534,1.4200267562102171
1778741861971617431,3.3820335067150724,1.7583043327142573,1.4199684629995932
1778741862038183794,3.3906558874124224,1.776083629059317,1.4201008038713425
1778741862071601297,3.3957834204415454,1.7868296380967141,1.4194616443396768
1778741862121719871,3.400974274072094,1.797154535190733,1.420907743433137
1778741862187879569,3.408379029481552,1.8124374772635274,1.4190932611321898
1778741862221435636,3.4154824463322124,1.8272153621491636,1.4186651933462668
1778741862271414474,3.424516995723935,1.8463166335470504,1.417921987386281
1778741862321549860,3.430316541733039,1.8583915860617766,1.4173207325436632
1778741862372008201,3.441573740405859,1.8824842584278079,1.4162027419190428
1778741862421825642,3.4502978127655086,1.9005554985100934,1.4148689963015444
1778741862471692907,3.4574145637924634,1.914323214343559,1.415442123454561
1778741862521740936,3.4647197800474956,1.9296022990056025,1.4135283892914483
1778741862571748649,3.466959963916092,1.9331827343209842,1.412901049046777
1778741862621700826,3.4740010500355267,1.9480603916417583,1.4121284683739652
1778741862671568102,3.4821372787198492,1.9652199883736983,1.4117385400349889
1778741862721674442,3.4878724675661,1.9772597979324185,1.4113961353915068
1778741862771842190,3.499438075351153,2.001423228079987,1.4103033615443987
1778741862837939459,3.5106933157724765,2.0254383215951504,1.4114073616511895
1778741862871516897,3.51611580419477,2.0375177866629044,1.4150297370063845
1778741862921512035,3.523933219813494,2.0557899021239137,1.425412722163311
1778741862971625139,3.530082539498329,2.0701659067902116,1.4430286320597379
1778741863038020737,3.537222982498801,2.0893971103915017,1.4682398142201245
1778741863071689628,3.538898276244173,2.0940241072880412,1.4739232757462906
1778741863121641515,3.54367829310252,2.106039231968895,1.4986786399866432
1778741863171502639,3.5488883074147988,2.1228319790958006,1.5164889381057272
1778741863237937902,3.55243079231242,2.134831626158168,1.5368166381187027
1778741863271668251,3.5558666861208903,2.14663795863735,1.5559705410756077
1778741863321689119,3.559918324995267,2.160997212731131,1.5766189990027657
1778741863371835045,3.56436658335766,2.1808789652917238,1.5997209600326423
1778741863421689506,3.5661925533560415,2.188753019037337,1.6164814743564442
1778741863488094452,3.569622017021398,2.2050672136264975,1.6521715445944452
1778741863521621172,3.570796571278182,2.2109312964405134,1.677158776834647
1778741863571595441,3.572710363866519,2.2225668915276677,1.7016664564118764
1778741863621614285,3.574853621669589,2.236811625372261,1.725484773601928
1778741863671525675,3.576051365425752,2.2448337679529975,1.7454249414480003
1778741863721673715,3.57737429660658,2.2560603063324614,1.7639071153046204
1778741863771433535,3.57856662789168,2.268162563465578,1.7825621570925738
1778741863821626300,3.579665868617247,2.2813538362202634,1.8002737604058918
1778741863871714767,3.5806105967503874,2.2981278001797456,1.8173780571299618
1778741863921408221,3.5812308869520333,2.3132369362610743,1.8375152210042722
1778741863971382640,3.5814000725479485,2.3298025243669898,1.8606278841146242
1778741864021538626,3.5810518005164975,2.3488737361149754,1.8886103223537036
1778741864071597375,3.5797563811827455,2.3679803692210624,1.9192720196404363
1778741864121600399,3.57961960708312,2.3783842101856583,1.9523302117789791
1778741864171381971,3.579218120921863,2.3850937191803983,1.983602543881103
1778741864221504803,3.5785208173282115,2.392784069780328,2.004856299045729
1778741864271775397,3.576565970958245,2.4095836257784455,2.043556898425452
1778741864321670906,3.5740699444265687,2.426861242822491,2.0710633211079674
1778741864371392975,3.570493994933681,2.444639989641164,2.0986087814052397
1778741864421479057,3.567047533958875,2.4646531667880907,2.1258781855124624
1778741864471818793,3.5626483928535557,2.4837258014426618,2.154887000732307
1778741864521453164,3.5576952154488253,2.5026140374350043,2.1842908195252146
1778741864587989129,3.5502228210129094,2.527506032337584,2.2234917591828154
1778741864637904827,3.547892062277217,2.5350957372514022,2.244691399895313
1778741864671677496,3.541882571141401,2.55205811721253,2.2748279793208823
1778741864721538179,3.5373027577370855,2.564030010682509,2.2952223548224646
1778741864771424811,3.5316221089952933,2.578233427995632,2.338852188974049
1778741864821470155,3.5273469944230524,2.5885398726349926,2.3583737429152185
1778741864871607174,3.5163972193720645,2.6120188204985575,2.4001865592094402
1778741864921594048,3.510406210376492,2.6247283396582226,2.4306511798264303
1778741864971563458,3.506280828227991,2.633795376018513,2.4597431124529816
1778741865021504553,3.4992043663620884,2.6480506154694856,2.484027285483802
1778741865071613469,3.4946169361558668,2.6579693844759467,2.508931393706
1778741865121501073,3.4877314673033024,2.6716075013643295,2.530580286170741
1778741865171561827,3.480933749312121,2.685400423934432,2.5542149925321285
1778741865221603044,3.4734165436485025,2.70016663557554,2.5747076813475074
1778741865287865568,3.460807385843061,2.7216205101282536,2.603032140770777
1778741865338248195,3.458649418041776,2.7292569722219144,2.615702942773936
1778741865371786568,3.4499568512346395,2.7457688776521634,2.6340586322494026
1778741865421406411,3.4480171465997045,2.7503787042468115,2.6482140353881363
1778741865487959710,3.439615325434201,2.766083319235178,2.6772059693403367
1778741865521436806,3.434637191567248,2.775906053893782,2.686113056256418
1778741865571591489,3.4276711214288533,2.787466018806337,2.704007964571531
1778741865621491076,3.422509550092061,2.7988591463813592,2.717650286055287
1778741865671597867,3.4203496698777736,2.8040624295435665,2.7344667956595066
1778741865721775003,3.413046471257456,2.8169377478721307,2.749153337754179
1778741865771464610,3.4066659657754617,2.828801401605352,2.7645518817967787
1778741865821520354,3.3973803469767767,2.8425871271097156,2.779667169834074
1778741865871615253,3.393987702809845,2.852532668817395,2.7940736926077356
1778741865921628857,3.387369934398059,2.864735011579014,2.8119299487878084
1778741865971909610,3.3785923754503906,2.8773899580307645,2.8294581781259263
1778741866021765975,3.3687551492666588,2.893728386094254,2.84507713048491
1778741866071742879,3.36054258717457,2.9120889866608484,2.8541365416735154
1778741866138063413,3.3509568371164016,2.929394335188894,2.8707378145027747
1778741866187982187,3.3457583962462,2.939447448207366,2.8841450478719386
1778741866221585874,3.3407336606762708,2.9479453197251733,2.8878058514171494
1778741866287989837,3.326577321685884,2.9682038562697004,2.89808576767837
1778741866321733521,3.3200486344194284,2.9796099694499087,2.8988721803890733
1778741866371656643,3.3148163824712866,2.9955873544414118,2.894569027524467
1778741866421622446,3.3107884363217965,3.0025808477802007,2.896221431357123
1778741866471452140,3.307002806798205,3.011945806044024,2.8876366123986745
1778741866521683088,3.29893764386832,3.027394508991079,2.8806612746216302
1778741866571800029,3.2896222447655754,3.0459053796253537,2.8745859904852065
1778741866621592231,3.283663785111253,3.057832528982305,2.873512509986483
1778741866671621154,3.2750940813723597,3.0737274989317016,2.871020308033149
1778741866721553744,3.265691283546665,3.0911225231990573,2.867102937812861
1778741866771619978,3.2542789278271487,3.107599640062578,2.865746819590738
1778741866821778989,3.2507624543865115,3.117904655397503,2.8672664208557457
1778741866871684728,3.244091847741853,3.132218221218202,2.8595385335317483
1778741866921606537,3.2364149075993853,3.1441022940698375,2.86111472891222
1778741866971605473,3.2307611059952026,3.1577476239117424,2.8556896593904346
1778741867021471256,3.222695599455794,3.1730848208553386,2.8497738262981924
1778741867071663089,3.216254895931231,3.186018316383289,2.8454461213816913
1778741867121422930,3.210680992022987,3.196523147846213,2.8402653328189515
1778741867171624242,3.201058148166633,3.2153867924372603,2.8339865902987853
1778741867221460718,3.1923903760213337,3.231609154420896,2.8272655215921434
1778741867271429767,3.1814729922554017,3.2484745590342614,2.8235141582931167
1778741867338029373,3.177904980951479,3.260286128815641,2.817930798964425
1778741867371553088,3.1750956345512913,3.266355836104901,2.812882884761896
1778741867421764860,3.167513399339572,3.281365783120212,2.799490464895272
1778741867471694404,3.1642329263874447,3.288095472969265,2.7939915315634867
1778741867537946789,3.155786880278573,3.3047026119994865,2.783816672997652
1778741867571763822,3.1494471550396863,3.317310708068639,2.778176899979412
1778741867621574550,3.144332511359645,3.32753428397776,2.7697619634817965
1778741867671556684,3.1385337181424293,3.338954656043401,2.7629845684646117
1778741867721245339,3.1317019798049675,3.3524120881180792,2.7578697566433084
1778741867771605162,3.1239622971076515,3.3672372955673042,2.7487359627029955
1778741867821883601,3.113976384189393,3.384190230554708,2.7424772415084346
1778741867871632801,3.1088571954616713,3.397267153523502,2.733870597245927
1778741867921474407,3.0991369114226024,3.4140287215727816,2.727406430829622
1778741867971662905,3.0940312973870276,3.426542830452279,2.718617099321894
1778741868021676940,3.081102208630009,3.4503294967725426,2.7037193585229007
1778741868071431179,3.074267532011571,3.4684753988530446,2.6859481420296802
1778741868121766436,3.0687751147160824,3.4804962601106624,2.6755105757394393
1778741868171498344,3.062502968384419,3.4957702278190834,2.6629212023389597
1778741868237908940,3.0529672270382293,3.5164435314866798,2.647390998049726
1778741868271534639,3.051870080297565,3.5194214653791573,2.6466455840489287
1778741868321627544,3.0463806776702063,3.5319945719350967,2.637563870180057
1778741868371634897,3.042723435541746,3.5415719589116375,2.624788462608998
1778741868421478677,3.0363829793583132,3.5550206043173627,2.612899291940817
1778741868471587021,3.0315242916035094,3.5654966155080765,2.6072218523495714
1778741868521715665,3.025948056489303,3.578195880313044,2.599537276386176
1778741868571800985,3.01550638147968,3.600431276048065,2.58839749686699
1778741868621669383,3.012271351055306,3.6095904834429446,2.5797016419557384
1778741868671385290,3.0074251490742974,3.6207908523568686,2.570201166165133
1778741868721408913,3.00005325988014,3.6371375774923194,2.561546011234876
1778741868771354577,2.9917671635449485,3.654995723507956,2.5539680204132242
1778741868837876606,2.984167710601859,3.6735570503825543,2.543644418495351
1778741868871551709,2.9822907535216956,3.6798113475529344,2.5392014199362043
1778741868938082554,2.974107748948149,3.69864589887393,2.526866130934244
1778741868971573146,2.970677365034268,3.7070381649915785,2.5238307107934546
1778741869021571030,2.9663081192614307,3.7175901547116075,2.5154758978826255
1778741869071659196,2.9590628861583204,3.7342346950754948,2.5082029166946516
1778741869121591836,2.953866180950763,3.7463724396267133,2.5031600525537048
1778741869171871547,2.943111362502825,3.7710274545480647,2.493890181884467
1778741869221811370,2.9354276991433705,3.789653066380861,2.4861060186252857
1778741869271601939,2.9279502009530507,3.808204560447047,2.4785572017750352
1778741869321559547,2.9274883442083826,3.81274655787085,2.4748561760412082
1778741869388002455,2.9231355617878387,3.824169687982398,2.4647901540238975
1778741869421377627,2.9189755057784357,3.83410984144937,2.461095559835967
1778741869471603876,2.912224512642612,3.8507913053571556,2.4575967399200493
1778741869521726748,2.904615189624651,3.8682264272561024,2.453513148066345
1778741869571428728,2.896614572066964,3.8868541521855726,2.4489178745919027
1778741869621413467,2.889273825777967,3.905332989904165,2.443110114879386
1778741869671498047,2.881265280504218,3.9241153089271292,2.4388045179972773
1778741869721677537,2.8759047808572062,3.9390771451542097,2.435223694930773
1778741869771362395,2.8711822382955647,3.9514594260172156,2.431259296952488
1778741869821530333,2.8652844988013118,3.966619316661004,2.4263699829947765
1778741869887954495,2.8597861689349697,3.9800694339442333,2.422318279990982
1778741869921535729,2.8552425083926383,3.9916860471836664,2.417875849996121
1778741869971542440,2.8505059609581234,4.003213567088175,2.415047444522024
1778741870037877012,2.8405341908742785,4.02787295432069,2.4100501410975603
1778741870071305916,2.8331546932502154,4.046454944617157,2.406158653258034
1778741870121729862,2.825868929953016,4.06499344303783,2.402258960391001
1778741870171560607,2.821045795309199,4.0773420118098445,2.3996925613167974
1778741870221878381,2.81384908204177,4.095854505874181,2.395960769615903
1778741870272346611,2.8067770332959245,4.114758982815456,2.3922523966945963
1778741870321622350,2.7997638716725657,4.132653617284269,2.3887963917540365
1778741870371426394,2.7925446949947177,4.151206322554915,2.3856941909337603
1778741870437922955,2.787832097757666,4.163998223169402,2.3833570274724147
1778741870471531952,2.7808283302605847,4.1819336459578365,2.3807821389809654
1778741870521594189,2.7736470401324134,4.200479029807615,2.3774263347313163
1778741870571600128,2.7710033304389867,4.207957833942605,2.3765005838354902
1778741870621399955,2.764068472189313,4.226352384956995,2.3727793281309513
1778741870671472431,2.760907515732359,4.235268772820524,2.370245073803595
1778741870721759556,2.7551166579397126,4.249878800892129,2.3661142911826287
1778741870771437952,2.748362766636302,4.267421206600029,2.3642463612958284
1778741870821635145,2.7451744370642484,4.275973462056577,2.3617268550204606
1778741870871700338,2.740744259300114,4.287511755139024,2.3585361073681668
1778741870938018268,2.7338462616236594,4.304886191784832,2.3562312912737067
1778741870971761641,2.726546340520423,4.323539641710595,2.3541371986689157
1778741871037919115,2.7191870518045276,4.342347570373414,2.3522557162393127
1778741871071536098,2.715233869903881,4.353216731719567,2.3557859498978218
1778741871121642829,2.711568854650875,4.362056947506425,2.3576351451920647
1778741871171675459,2.703655495465523,4.380404660891978,2.36891715614191
1778741871221670358,2.6959690588489313,4.39690000465149,2.3790867846662884
1778741871271578190,2.6901677718809798,4.409244869197912,2.3902835259443656
1778741871321585011,2.684296533028949,4.42119214709173,2.4024802947689725
1778741871387864819,2.6723001835469495,4.443774226884991,2.420915626122582
1778741871421603733,2.668494980288017,4.450987729662222,2.4321546894754817
1778741871471713571,2.66255930975265,4.461418742457551,2.442688923210337
1778741871521540880,2.6489927400117352,4.484091460033773,2.467801939201495
1778741871571662129,2.6382263558257613,4.501015082373815,2.4889730809559047
1778741871621640967,2.6307936500727687,4.512475620868466,2.5115446657381497
1778741871671731778,2.619789930861167,4.528152361212602,2.5346424687398574
1778741871721672594,2.608002676477956,4.544081033495633,2.559090394584725
1778741871771482750,2.595854301399301,4.559628763105293,2.584445799765552
1778741871821779363,2.586767174287669,4.570946732790314,2.6122158462875174
1778741871871423073,2.574886822593947,4.584666578330305,2.6393838841643813
1778741871921723974,2.561735593242203,4.5990332391386755,2.6677952228881505
1778741871971450241,2.5518214635450414,4.60955943253028,2.697423778343789
1778741872021454397,2.539120525569201,4.622098657047401,2.726332405837729
1778741872071581377,2.52742838941421,4.63323706088068,2.756038652921137
1778741872138105239,2.5222514624697294,4.638249056388331,2.782095383802427
1778741872171612422,2.5098821832667446,4.6489825738841954,2.807370208221087
1778741872221570080,2.495979060946591,4.660390835313829,2.8323442308174993
1778741872271636184,2.4800012524857555,4.673045036507512,2.8571008128754496
1778741872321628418,2.469552347130362,4.680881048323883,2.874662227356051
1778741872371666298,2.4480137028830575,4.695644784277668,2.9128301482107872
1778741872438040194,2.4346570748124217,4.705206305736185,2.953522319746811
1778741872471434793,2.4332837098926587,4.70623825846124,2.9636405844509284
1778741872521434090,2.4145560108241413,4.7179735199465735,3.001895537722696
1778741872571510924,2.402604550916895,4.725601103162725,3.030474601664098
1778741872621559475,2.3874728714043116,4.734228921774171,3.057079582031574
1778741872671538844,2.3709927207949137,4.7450214258910135,3.080775627793706
1778741872721465883,2.359187808202465,4.751573434974804,3.1038005398510764
1778741872771568086,2.3463311131708755,4.760324528261345,3.124042002043014
1778741872821266419,2.339210040523521,4.764965389009486,-3.1410732662912917
1778741872871430049,2.3306920510103653,4.769944857266396,-3.1303299586928053
1778741872921819049,2.314053555906124,4.779911844162371,-3.1075904323240904
1778741872971506121,2.304016985287047,4.785751735689341,-3.0967434271225684
1778741873021613884,2.282046784879876,4.798462316900229,-3.074939302357574
1778741873071132254,2.2654122689780003,4.807986435479042,-3.060386741066597
1778741873121387208,2.2484123364174033,4.8175986504478985,-3.050331996673067
1778741873171547091,2.2311984288241455,4.827250853084176,-3.0447563560118627
1778741873221535056,2.21969038385214,4.833668481134583,-3.043414351790675
1778741873271470552,2.1966238699196143,4.846427626198989,-3.0431626349270564
1778741873337928007,2.1792748811117955,4.855913382392103,-3.0435654292824066
1778741873371202567,2.167674013194708,4.862197784313341,-3.0437293949941435
1778741873421553534,2.1444210261634247,4.874652874046636,-3.043675937995993
1778741873471399329,2.1327657178648796,4.880826542640105,-3.043549263354773
1778741873521626470,2.120009752957624,4.887875137407649,-3.041517362992367
1778741873587986830,2.098010696587115,4.898783353085678,-3.0381947316616635
1778741873638212889,2.080354126074719,4.908210536673052,-3.0372906071577463
1778741873671453414,2.068376704590877,4.913995978037397,-3.0343669293358158
1778741873721423956,2.055054716220645,4.920523466813536,-3.0247889891185835
1778741873771579891,2.0503647816702637,4.923303949968598,-3.0118981704676875
1778741873821531327,2.036727642411645,4.929040358209897,-2.999759233845827
1778741873871431555,2.020041366548728,4.9356898152841735,-2.9861700021083593
1778741873921702209,2.0017048292430397,4.942591903716796,-2.973169593264931
1778741873971570576,1.9826292131793328,4.948679512071106,-2.9576303429494066
1778741874021696925,1.9672763540491547,4.954660959097098,-2.9386883414746086
1778741874071581624,1.96146297697512,4.95673076081609,-2.925862649073834
1778741874137975348,1.9389075244263407,4.963194132722898,-2.898155257953675
1778741874171551192,1.919854079053777,4.9680903090053965,-2.8758849703505303
1778741874221478401,1.9040265353192436,4.971991982241041,-2.8506672066673784
1778741874271597416,1.8929235937307727,4.974553410817502,-2.826722951220944
1778741874321534094,1.8845821878424989,4.976334105841986,-2.808199011836608
1778741874371498214,1.8672718014530783,4.9795776422124,-2.775045053553471
1778741874421501829,1.8486111543170782,4.982841478398829,-2.749786370391316
1778741874487894010,1.8374241135638412,4.985204699631245,-2.724660155929982
1778741874537916451,1.8223386388689067,4.987743654401375,-2.7059219495647997
1778741874571882639,1.8039190462255643,4.990775908139376,-2.687360021955089
1778741874621610809,1.7912701604948778,4.9928348600279895,-2.676260862514261
1778741874671665091,1.7745749293734598,4.995998878732121,-2.6535510499790504
1778741874721654569,1.7588183944788027,4.998396038885403,-2.6411200400684685
1778741874787921201,1.7400784983776874,5.001141718050642,-2.628702579714202
1778741874821781136,1.720974744308651,5.003875728238721,-2.617674914288795
1778741874871809889,1.7105511560621942,5.00586044079,-2.6046256407082367
1778741874921761355,1.6947038807537005,5.007947402936065,-2.597520074626853
1778741874971857667,1.6814304185582825,5.009877342233803,-2.588953384698404
1778741875021353073,1.6683820298392704,5.01171650872275,-2.5798694104312854
1778741875071535389,1.6497929923643424,5.0139063295266055,-2.5706396239815965
1778741875121628244,1.6361397954333516,5.015766653170956,-2.5607202995206895
1778741875171322430,1.6174193275250142,5.017829936072269,-2.5526578979201218
1778741875237928438,1.591219869104344,5.0189637568759435,-2.542876114408142
1778741875288054647,1.578272879954926,5.021929467772395,-2.543097403850353
1778741875337922263,1.5585712590487433,5.0239101928320835,-2.542204272268031
1778741875371528425,1.5388639585818193,5.025825982258658,-2.543151460739337
1778741875421522342,1.5184966318147095,5.026006979203123,-2.542687752226138
1778741875471640565,1.5060176474769436,5.029150235055555,-2.543800451021805
1778741875521592872,1.4865860053487956,5.030698220890089,-2.5444246920565448
1778741875571715865,1.472067716587519,5.032154531664077,-2.5432314093890263
1778741875621441720,1.4538288562802533,5.0334424017506105,-2.5441911057524496
1778741875688286234,1.4340705675949528,5.034773788868792,-2.5452022437210466
1778741875721335424,1.4142098675183985,5.036100507493064,-2.546698052214345
1778741875771557997,1.4062120038412353,5.036956670887377,-2.5456464417945046
1778741875821559618,1.3879556353487703,5.0380448469226025,-2.5473690884470144
1778741875871606666,1.3734046784404736,5.039179281792243,-2.547065082767737
1778741875921590413,1.3485192363525058,5.040464687762101,-2.5493377995629087
1778741875971474971,1.3404989382712618,5.041174558740843,-2.5487919339240044
1778741876021590389,1.3255595866650354,5.04212932741338,-2.5486936395697013
1778741876087995415,1.3075653907262514,5.043205810541015,-2.550966397713653
1778741876121382529,1.289644128525723,5.043456291556542,-2.551269119966615
1778741876171387116,1.2756440742054913,5.044707942365956,-2.5531293137613456
1778741876221559222,1.2655455290347595,5.045536665182071,-2.552605122058192
1778741876288035594,1.2488032285170396,5.046245332780892,-2.555913878786948
1778741876321599946,1.2366251956972811,5.046618218142475,-2.556600544523238
1778741876371670419,1.2168283254811307,5.047272904017153,-2.5580315952830333
1778741876421717016,1.1968099659838936,5.048018616586187,-2.5601630597314657
1778741876471480693,1.1768553343041386,5.048799447988795,-2.5626694323390935
1778741876521436527,1.1674990930607558,5.049721781671368,-2.5622275963296683
1778741876571289225,1.1505373698912715,5.050255765099495,-2.564587681241228
1778741876621604975,1.1409553024754002,5.050761037541694,-2.5638371648399954
1778741876671655740,1.1276888169061632,5.0514001703778275,-2.565047226443319
1778741876738150526,1.1016043989079012,5.0522961158993835,-2.5670098444642995
1778741876771400229,1.0967757601155486,5.0524540645580185,-2.5682578369455356
1778741876821694278,1.0716983079205975,5.0530604976405336,-2.5708613356887966
1778741876871551073,1.0636641521886712,5.053547391837724,-2.5706100715371942
1778741876921455730,1.0539756043009951,5.054360892425643,-2.5730174938082127
1778741876971744107,1.0432208223570558,5.054503065962876,-2.5744682187477603
1778741877021502665,1.022362871812703,5.055092044350077,-2.5748684333344145
1778741877071474280,1.01612043986009,5.055424259304226,-2.576716929848417
1778741877121594597,0.992641956536528,5.055802336914885,-2.5792878921167475
1778741877171413760,0.9726953357122619,5.056186834166809,-2.5812407024769435
1778741877221467190,0.9632203330891074,5.056888127717808,-2.5810523303842197
1778741877271547652,0.9523353622806122,5.057091839113828,-2.5825783179768957
1778741877321548121,0.9265240301520465,5.057524202958041,-2.585283754815542
1778741877371478306,0.9100002873002685,5.0581019917407515,-2.5854325263201434
1778741877437860759,0.8932650170777018,5.058479523751468,-2.588639343715685
1778741877471429028,0.8829459277345351,5.059125006771885,-2.5880005686649383
1778741877521446820,0.8729979624022524,5.059282206263947,-2.590366941643007
1778741877571528614,0.8539924213105282,5.059488914089834,-2.5923552023499363
1778741877638007140,0.832607745924961,5.060077656340272,-2.593675773184974
1778741877671560351,0.8141660185763328,5.06033377593406,-2.5963317649208038
1778741877721402138,0.7977189611728889,5.060807648995148,-2.5965264564806825
1778741877771529589,0.7915076295525496,5.061155969413372,-2.5979996600420923
1778741877821528645,0.7730591941288263,5.061561156148639,-2.6002550337666737
1778741877871634725,0.7688571623819952,5.061951106549143,-2.600318624688457
1778741877921549351,0.7537612554921528,5.061979831352477,-2.603605644148986
1778741877971528349,0.728556663638559,5.062094814014926,-2.605861480916089
1778741878021570167,0.7086864621535827,5.061649245366273,-2.6071954045052252
1778741878087889650,0.692753015275595,5.06302587446439,-2.6078602006740486
1778741878121532912,0.688154484377622,5.063025933149258,-2.6106914418489557
1778741878171633071,0.6627841221465047,5.062712367197722,-2.6134135429628502
1778741878221642598,0.6544423998139928,5.063534887756174,-2.6147433236637556
1778741878271510794,0.6328204965280788,5.063931518024621,-2.616686153641715
1778741878321585635,0.6194389573460082,5.064278207193151,-2.618526382226682
1778741878371541439,0.613338269349924,5.064514057653432,-2.620686888047691
1778741878421386372,0.5998376028333531,5.064791991711577,-2.6244061436956483
1778741878471614004,0.5884907357166833,5.064777916609687,-2.6255181275021764
1778741878521640012,0.5700971143271436,5.064818113478441,-2.6275080632686456
1778741878571487469,0.5487976900468473,5.065185490212153,-2.629430053669458
1778741878621527804,0.536815126396736,5.06526156416912,-2.631470346440773
1778741878671531780,0.5174498434954903,5.065366345667319,-2.6329569288068155
1778741878721509545,0.508382766706788,5.066292827483875,-2.6333985498578496
1778741878771461692,0.4908741013471871,5.066014645575833,-2.637337007438564
1778741878821788974,0.4709279118090128,5.066085736288494,-2.639648836752823
1778741878871762412,0.4508769628585243,5.065573075608499,-2.641497835143266
1778741878921660245,0.4428818968592107,5.0666012056738285,-2.642801215010819
1778741878971586873,0.42447693398110586,5.066748131602934,-2.6459077470161527
1778741879021740534,0.40740888653298385,5.0673277249999975,-2.646754384063143
1778741879071522357,0.3963286493866507,5.067544944009426,-2.6500371586852283
1778741879121493229,0.38791775568982634,5.0677155195475265,-2.650180844233099
1778741879171597807,0.37071989034274155,5.06786697340364,-2.6537291872864595
1778741879238003734,0.34532788471768033,5.067803329792508,-2.656197455444076
1778741879271464339,0.342073972552807,5.067985544705337,-2.6548410877359006
1778741879322015397,0.3184915766504239,5.0676507441007415,-2.654472440773147
1778741879371555228,0.30889379327043265,5.067573808090501,-2.6499864929362147
1778741879421666268,0.29197655628635544,5.066882362592085,-2.6430407110373513
1778741879471449744,0.27021961779521697,5.065821723967187,-2.625717023881593
1778741879538050713,0.24587028576465622,5.0636331993035055,-2.608199566696748
1778741879587863705,0.23258025146930797,5.062229142174444,-2.59747461229797
1778741879621507318,0.21612422021286198,5.060420562868682,-2.578207350939331
1778741879671381797,0.204826587462527,5.059036561402145,-2.560199970669864
1778741879721611012,0.19511739092053715,5.057788292996229,-2.5403039361677973
1778741879771431197,0.17968732402415474,5.055022025937902,-2.5231685849874035
1778741879821794247,0.16670119826168048,5.052591976096961,-2.5051132069476107
1778741879871482471,0.1578041412721904,5.050835281941599,-2.4914594434045383
1778741879921427314,0.13533208360959811,5.045525811112289,-2.46482974723461
1778741879971683090,0.11670039064258,5.040294375989571,-2.4402837994864166
1778741880021658932,0.09735297662386413,5.034915790043887,-2.414914330361086
1778741880071707754,0.0818522840443016,5.030125439245557,-2.385909176533868
1778741880137968194,0.06609684457309473,5.024629382395665,-2.3581219406457437
1778741880171571530,0.052731004592030076,5.019769256305089,-2.328177560864441
1778741880238016753,0.030121917372394762,5.0104021567079835,-2.289295733617177
1778741880271592557,0.018294608024347066,5.0051159771092415,-2.2695950675424177
1778741880321528212,0.0006409912933247144,4.996713631533076,-2.2397932634589868
1778741880371423591,-0.011666777364819195,4.990687269304121,-2.2088279796682464
1778741880421675379,-0.0244396559877383,4.983925050964498,-2.1763549349967
1778741880471438305,-0.0358143276713495,4.977769454191677,-2.1454012172954284
1778741880521403527,-0.04805638012213217,4.970625117688454,-2.1146385675051915
1778741880588007141,-0.062016490262830036,4.961839657648558,-2.0839572950311958
1778741880621640756,-0.07392132191162254,4.954177849540873,-2.0509694840488426
1778741880671526506,-0.07733133769646534,4.952247656287819,-2.0281855842106356
1778741880721640151,-0.0943747235855728,4.939995489258053,-1.9856993619175254
1778741880771661029,-0.10188073175856854,4.934587690496001,-1.962592877369564
1778741880821619448,-0.11214125749584504,4.927009329052679,-1.9202218004506626
1778741880871597043,-0.12204288611976452,4.919152843664528,-1.8878726046963106
1778741880921641296,-0.13513135540177199,4.908044386394162,-1.8558940465934917
1778741880987930912,-0.1492446885479454,4.89547464888198,-1.8238957342406494
1778741881021595635,-0.16099204642534704,4.884789315098367,-1.7898961566105838
1778741881071605392,-0.1733621303881426,4.872641791111938,-1.7582450747064162
1778741881121679952,-0.18699574911156483,4.858994246845864,-1.72758751964139
1778741881171518122,-0.2004997786587155,4.84534344949108,-1.702021792051852
1778741881221610767,-0.212682333339769,4.830265166528626,-1.6799578290192196
1778741881271778274,-0.2198784150275177,4.826216816968445,-1.662884538227981
1778741881321786548,-0.2323332560705265,4.813130974293896,-1.650093513065897
1778741881388010609,-0.24188341175928474,4.803439995749763,-1.6367121722928637
1778741881421461715,-0.25031893992465815,4.794441052598832,-1.6280119642977233
1778741881471525234,-0.26776870930489777,4.775685733345654,-1.611402807649011
1778741881521468965,-0.27650552780710896,4.766200289764939,-1.6048630569002769
1778741881571569275,-0.2876147834033264,4.753506249954269,-1.5895090152092752
1778741881621574913,-0.2962266572463715,4.745706568721443,-1.586161489851698
1778741881671635758,-0.30658556230778117,4.732195574800055,-1.5797614929066945
1778741881721894218,-0.31684457472000044,4.722785727552535,-1.5743618410448048
1778741881771486399,-0.32521677214333977,4.713233616327955,-1.5696390886143412
1778741881821419971,-0.3424218325219647,4.693498425512338,-1.5625771969486728
1778741881871585424,-0.35108930940889266,4.683508567666845,-1.560700924380036
1778741881921681576,-0.3683634810994371,4.66351119556455,-1.5606043621688623
1778741881987880920,-0.37776546463037664,4.652981823141766,-1.5593981228158618
1778741882021559920,-0.3870143010099192,4.642231851197157,-1.557415290379067
1778741882071568986,-0.39439262583983503,4.632954605315556,-1.5562812799550565
1778741882121579895,-0.4044216911470339,4.620902989812873,-1.54810938077523
1778741882171590133,-0.4148045109059539,4.607204763991544,-1.541115613555288
1778741882221840668,-0.4263937989666348,4.591803717874293,-1.5339333213278703
1778741882271497953,-0.43491520803938116,4.580908746613024,-1.5267749691373802
1778741882321720115,-0.4461955143040938,4.565636964007037,-1.5223229130705975
1778741882371608911,-0.4551355960204902,4.553991804617038,-1.517640962219243
1778741882438415201,-0.46869522735657304,4.533289024331437,-1.5129501603279427
1778741882471682648,-0.47736920262511606,4.523217659093469,-1.5138774834373172
1778741882521773570,-0.48893808972421793,4.507077059208949,-1.5133101040042944
1778741882571748500,-0.4934150948751683,4.502251144209435,-1.5079830641928305
1778741882621601748,-0.5018557304767968,4.4901417726266555,-1.5088896968071575
1778741882671561139,-0.5098693740631443,4.4786428272857,-1.5048693781324096
1778741882721612956,-0.5192079434124113,4.463975881096942,-1.505036701404635
1778741882788004676,-0.534193392229271,4.442063079174888,-1.5026300936860668
1778741882821479598,-0.5405605851997973,4.430038610109022,-1.4966078022723626
1778741882871553678,-0.5517297180498387,4.413616291209493,-1.4889151723186924
1778741882937928876,-0.5624519083054358,4.395714807001428,-1.469216327219531
1778741882987879520,-0.5717122546225311,4.379246738171169,-1.4551267590783936
1778741883021815110,-0.5779656317879519,4.367970447398994,-1.446832846147004
1778741883088416419,-0.5891528968063549,4.348092105300763,-1.4331048148825212
1778741883121470499,-0.5929301735803115,4.3417283927665595,-1.4292154364423821
1778741883171665088,-0.6004520057813714,4.327692798762825,-1.4272609597795647
1778741883221394050,-0.6069184631106646,4.315962652096423,-1.4232230674803206
1778741883288057759,-0.6114599931588521,4.308195137976854,-1.4184117062808375
1778741883321407472,-0.619225788969975,4.293145456526209,-1.4137753373050301
1778741883387933709,-0.6297145707185187,4.2732947792303335,-1.4053242393462062
1778741883421702330,-0.63280390238126,4.267839217995231,-1.4029691283079027
1778741883471546552,-0.6400225265887216,4.252654023925166,-1.3978914758762457
1778741883521587147,-0.644317689746578,4.245644657745955,-1.3955311359023947
1778741883588039062,-0.6569975546654093,4.220805093718849,-1.3874429954633338
1778741883621759422,-0.658924865238607,4.2179855761755185,-1.383810761242632
1778741883671508973,-0.6602822637420439,4.216547162319192,-1.382753941248828
1778741883721441983,-0.6604688522084389,4.217029363919543,-1.3876251591968665
1778741883771738837,-0.66042520433281,4.217505215065862,-1.3959462697918112
1778741883821746460,-0.6603313909688499,4.217810191108146,-1.4057627964231383
1778741883871291220,-0.6624280856966538,4.217586892240884,-1.4121734994514876
1778741883921778016,-0.6601206387733267,4.218108167800341,-1.4236548061275813
1778741883971805827,-0.6600148595851442,4.218191144997585,-1.4310431965424821
1778741884021692309,-0.6599496057458499,4.218227039289099,-1.4354232797661806
1778741884071721904,-0.6598517761999299,4.218279674235196,-1.4412575160704655
1778741884137996892,-0.6597339094640639,4.218326068312099,-1.4478254479149566
1778741884171773508,-0.6596505587174073,4.218357425241838,-1.4519721235006184
1778741884221792433,-0.6595707928762204,4.218387775825801,-1.4555517975532806
1778741884271549247,-0.6594964716668565,4.218413456955237,-1.4586353393816183
1778741884321404760,-0.659426046196711,4.218437880795724,-1.461289206553159
1778741884371872069,-0.6593588842041268,4.218461822949144,-1.4635706644900288
1778741884421474139,-0.6592953167680641,4.218484354728788,-1.4655265901925645
1778741884487958937,-0.6592144661508488,4.21851468648226,-1.4677038470810955
1778741884537902477,-0.6591768176004426,4.218527645402433,-1.4686300932964866
1778741884571521113,-0.6591227657443224,4.218545624793516,-1.469846877127353
1778741884621516492,-0.6590871444171074,4.218559713110952,-1.4705535055941816
1778741884688020957,-0.6590180158555473,4.218590101649894,-1.4717481184795942
1778741884721714005,-0.6589702736635459,4.218607985114428,-1.472480594670968
1778741884771765621,-0.6589244440652803,4.218626550831811,-1.473091694505447
1778741884821683794,-0.6588797223494505,4.218646578457762,-1.4736004409030063
1778741884871477659,-0.658837511376159,4.21866497574509,-1.474020789226664
1778741884921482256,-0.6587976531230768,4.218681356990994,-1.4743671072263251
1778741884971582625,-0.6590795875414448,4.218794740762879,-1.474575392330843
1778741885021746526,-0.658720779448082,4.218718918132324,-1.4748790140713333
1778741885088112687,-0.6586722489110162,4.218744891298722,-1.475117850503549
1778741885121537133,-0.6588506013785281,4.218852713642478,-1.4751810887011407
1778741885171318394,-0.6586261524020338,4.218770665498827,-1.4752970206502278
1778741885221642340,-0.658583303706352,4.2187945592315,-1.475431449352713
1778741885271651075,-0.6585540207394551,4.218808952611894,-1.4755111502761795
1778741885338326285,-0.6585240021138736,4.218827889897726,-1.4755774728415667
1778741885371505233,-0.6584971337930665,4.2188420584802095,-1.4756344396658636
1778741885421724880,-0.6584826415568361,4.218953391484596,-1.4756821806537552
1778741885488507335,-0.6584345815287722,4.218884617767197,-1.475749157119112
1778741885521659732,-0.6583812620978238,4.218989375359337,-1.475777901180661
1778741885571640764,-0.6583946994568424,4.218911178778268,-1.4758296242451037
1778741885621670770,-0.6605252595029154,4.212854315814114,-1.476163423458609
1778741885671591948,-0.6673266566518978,4.199174710981563,-1.4809677140604964
1778741885721712285,-0.6751025669840925,4.183027567688591,-1.4910575323186666
1778741885771599659,-0.6834948278428234,4.16600242928503,-1.5032896303190617
1778741885821791081,-0.6895108465737269,4.148241253278942,-1.5092470112648249
1778741885871732147,-0.6972470636909704,4.133999104899327,-1.5169648197883965
1778741885921595716,-0.7048378133535323,4.123718335571132,-1.5216673587345009
1778741885971508838,-0.7101707822333378,4.112634992767976,-1.5245669532072936
1778741886021685403,-0.7179491774235705,4.09735160177545,-1.5249598649318288
1778741886071578588,-0.7229759758209355,4.087127380139275,-1.5229146607816573
1778741886121594236,-0.7283196334902284,4.075998029738657,-1.524036473749048
1778741886171803984,-0.739782415745114,4.053391000780775,-1.5297406778961329
1778741886221675166,-0.746702176680577,4.03560250720176,-1.5329821595481534
1778741886271757592,-0.7553037770132933,4.02382937851313,-1.5385272582746135
1778741886321631369,-0.7640404737051353,4.006636674159833,-1.5431318631429198
1778741886387948137,-0.7704692427269793,3.994506850439217,-1.543821393235864
1778741886421477052,-0.7791236539318984,3.9772488421403827,-1.546662093528967
1778741886471825233,-0.7867114989184812,3.9626038942361674,-1.547891539602318
1778741886521569033,-0.7942278285847751,3.947628405377895,-1.5497083506366311
1778741886587968368,-0.8004129744054168,3.9356343409510246,-1.5493108019971404
1778741886621650935,-0.808913168309412,3.9182897163333057,-1.5507584845545566
1778741886687986729,-0.8170386787509993,3.9027643191557475,-1.5497119103662118
1778741886721394954,-0.8216084959300287,3.8937523476216382,-1.5509358564223603
1778741886771484373,-0.8270118166183187,3.8829800886245147,-1.55213694238202
1778741886821563431,-0.8374518605660256,3.862662145052659,-1.554257362411221
1778741886871677236,-0.8449739027762545,3.8477913861534767,-1.556874238292449
1778741886921677695,-0.8537923076172195,3.830199060431775,-1.5591636429972744
1778741886971740513,-0.8601650378062715,3.8180515901936287,-1.5596957559401352
1778741887021606356,-0.8674172730015344,3.8039467937720874,-1.55985368233046
1778741887087916631,-0.8749133071189711,3.788952708975593,-1.5618683195366212
1778741887121621220,-0.8823321253672108,3.774449361446986,-1.5619162711559393
1778741887171592143,-0.8878343939112202,3.763929927042516,-1.5633374999073748
1778741887221454309,-0.8960257935739585,3.747874546369747,-1.5644547492058463
1778741887271560459,-0.902845125973251,3.7350504911315165,-1.5650410851376033
1778741887321489903,-0.9082967844310306,3.724387485696387,-1.56639946896099
1778741887371617064,-0.9203679090172243,3.7008448228549176,-1.5690787953988472
1778741887421250944,-0.9264921524770252,3.6889898165234536,-1.5707252927814606
1778741887471594307,-0.93475102477589,3.674009786828905,-1.5713166310544286
1778741887522057938,-0.9382877748791846,3.6675489993511112,-1.5724040087769173
1778741887571671390,-0.9460688660007976,3.6529748305638607,-1.5748255282089816
1778741887622204624,-0.9543212915050129,3.6367063810122793,-1.5769016093874122
1778741887671580804,-0.9634092021640978,3.619089990871387,-1.5786980718786148
1778741887721585531,-0.9720626917719662,3.6010476176587516,-1.5801868835763417
1778741887771502451,-0.9792433819906115,3.5892879700392357,-1.582417161271626
1778741887821645892,-0.9876350052693703,3.5720874682383417,-1.5840064626641746
1778741887871639258,-0.9974502271849706,3.5543483209128075,-1.5872118105627606
1778741887921616523,-1.0068795331699436,3.536750017767397,-1.591026511397224
1778741887971692005,-1.0164980554390484,3.5194590413588562,-1.5987834286389642
1778741888021637048,-1.0263123408961399,3.5022400240874942,-1.6094036867160928
1778741888071464628,-1.0357861929840966,3.4844252284229813,-1.619967260880395
1778741888121604903,-1.042751166690228,3.4738376167608016,-1.627375506911554
1778741888171659105,-1.0560599890507663,3.451046787030824,-1.6371265888817383
1778741888221523294,-1.0659365886643895,3.43319790263789,-1.6424139414191377
1778741888288064529,-1.0732023920082767,3.422443859074569,-1.6484982683365
1778741888321746556,-1.0804375379607252,3.4105330854177915,-1.6537336007875054
1778741888371649309,-1.0864161955581049,3.4003023004504804,-1.6577903545187223
1778741888421630361,-1.0947836719156767,3.3863959326323374,-1.661254857733201
1778741888471560686,-1.1023793623825817,3.3754714511561446,-1.6681531740663536
1778741888521596042,-1.1039377624184799,3.3719521584743046,-1.6735477242230843
1778741888588048408,-1.1128822085492578,3.356786418633724,-1.684090364254145
1778741888621502360,-1.1183952587526647,3.3471629227956905,-1.68627784194791
1778741888671527165,-1.1230129834230609,3.3396516867486907,-1.6898770869151427
1778741888721947975,-1.1300008483518458,3.327763119186855,-1.691811426031282
1778741888771640948,-1.136047589071879,3.317552046716849,-1.6957386475296918
1778741888821550244,-1.1444715289233776,3.3030131201488198,-1.6984843248083306
1778741888871628200,-1.149006774035624,3.2955234818905574,-1.699406486763719
1778741888921675318,-1.1563302412557612,3.2834372564665117,-1.70504497262546
1778741888971541912,-1.1642678647277072,3.269750576398837,-1.7101205550732073
1778741889021563121,-1.1739182817252434,3.253214513286156,-1.7143591646955092
1778741889087927880,-1.1810780048166738,3.2414312819029703,-1.7184019998526072
1778741889121388865,-1.1909546790370018,3.2247780914448034,-1.7230957625642158
1778741889187885585,-1.2030300690467701,3.2050355154349943,-1.7276734502277669
1778741889221676770,-1.2049820466353591,3.202439115926959,-1.7301895023448886
1778741889271533174,-1.209744791668667,3.1944669618404196,-1.734609796493596
1778741889321859004,-1.221921929755612,3.174066622238438,-1.739701714392495
1778741889371563939,-1.2321810814945264,3.15704934454257,-1.7434407793933189
1778741889421686882,-1.2394547576536268,3.1454415302267984,-1.746905937027028
1778741889471568895,-1.249501772559986,3.1289315742602435,-1.751200045049211
1778741889521619430,-1.2558885154871884,3.1191260030754098,-1.7532797232423833
1778741889588031299,-1.2638214345458108,3.1061755816767387,-1.7585424255630715
1778741889638002161,-1.2739622981098973,3.0897800902234747,-1.7632573532184086
1778741889671442107,-1.2807784714017125,3.078614376610327,-1.765399815562057
1778741889737941332,-1.2912992892313286,3.0615644692839212,-1.7686685974261374
1778741889771549498,-1.2983525411444097,3.050237958453382,-1.7709718299966293
1778741889821834880,-1.3090294895972987,3.0334844050972514,-1.7749388090451685
1778741889871691114,-1.311802682582449,3.0295872477017816,-1.7754871891991206
1778741889921418112,-1.3203928069711248,3.0166735622537004,-1.7812860396358814
1778741889971528691,-1.3244988351520548,3.009399472800971,-1.7834533241160453
1778741890021629532,-1.3340747380829523,2.9939902904352937,-1.787590576382768
1778741890071503319,-1.3405072172098023,2.9835305937624916,-1.7892250196028716
1778741890121505973,-1.347791710637873,2.972006776236321,-1.7917276586637096
1778741890171637431,-1.3615528864490571,2.9498602432341436,-1.7955274054149468
1778741890221665914,-1.3686656621809519,2.938540665442829,-1.797539769566249
1778741890271847929,-1.3827238067395322,2.9158676869592726,-1.8013549528339405
1778741890321465188,-1.3918706100650327,2.9023138619015296,-1.8032704475761823
1778741890371647754,-1.3975192041301319,2.893521217779188,-1.8060312215514027
1778741890437987685,-1.4114146468480668,2.8716990029788065,-1.8097261759314982
1778741890471585592,-1.4204039710803549,2.8579397955539756,-1.8108561242895485
1778741890521613603,-1.4293287755274637,2.844119317728833,-1.8139480758110496
1778741890571606117,-1.4365582077801062,2.832975896985556,-1.8167004349753666
1778741890637897326,-1.4471715476837517,2.81634204455167,-1.8187794014262455
1778741890671460396,-1.4547100574390222,2.8048802432643756,-1.8206156405588059
1778741890738115839,-1.4669631659441495,2.7860133298472833,-1.8222207949666962
1778741890771558740,-1.4726793107960672,2.7771656387048025,-1.8245617262056884
1778741890821557285,-1.4831336496593903,2.760889905717951,-1.8266411116795942
1778741890871815906,-1.4903588423947471,2.749701872612202,-1.8279103356966775
1778741890921828087,-1.504856955423351,2.7273886599585255,-1.8305878417676393
1778741890971567108,-1.5125698931899596,2.7159687871301634,-1.8315030595256152
1778741891021648041,-1.520139269239323,2.7044538731458934,-1.8336765632068541
1778741891071821710,-1.5283417582634884,2.6919894241740168,-1.834804282311133
1778741891121567945,-1.5371606049811861,2.6786795448172396,-1.8373168169107874
1778741891171538236,-1.5438736208590096,2.668422654294666,-1.8380645048382456
1778741891221539988,-1.549740073721327,2.6603714398808807,-1.8413535734073256
1778741891271625509,-1.5544068377675928,2.6523772456949906,-1.8423388169106991
1778741891321599918,-1.564611901047718,2.6366733745843325,-1.8444005770076957
1778741891371497351,-1.5730810880499917,2.623916432998833,-1.8465377135562038
1778741891421579105,-1.580704608662643,2.611806801218123,-1.8484896965846167
1778741891488470007,-1.5910628895317798,2.596191961410208,-1.850312397931713
1778741891521611884,-1.5986828397635133,2.5841071544733283,-1.85144683257369
1778741891571684972,-1.6068183070395128,2.5718400595180406,-1.8523910508430053
1778741891621764071,-1.6100558667957328,2.567433109958125,-1.8539812610234516
1778741891671773577,-1.6181198083798902,2.554835815142689,-1.85686913932987
1778741891721636695,-1.6260654788625732,2.542685078749447,-1.8571642656668281
1778741891771699162,-1.6332408488169776,2.5317539184130147,-1.8585656634425411
1778741891821547502,-1.6404592999294967,2.520740268057896,-1.8600252278968656
1778741891871605902,-1.6488531182736639,2.5079330800141846,-1.8620940649633573
1778741891921746567,-1.6574281163139242,2.4946763467433324,-1.863159099252067
1778741891971571351,-1.665753977499226,2.482018989599568,-1.8639871430993908
1778741892021543356,-1.670577906242011,2.4749476926071194,-1.8657831236439386
1778741892071527625,-1.6759441140365714,2.466626834552881,-1.8675750557225566
1778741892121819309,-1.6892635794793294,2.446032964058328,-1.8691674624164505
1778741892171725899,-1.6937302775732845,2.4393901252265144,-1.8695090731233104
1778741892221733582,-1.7056445206869295,2.4212795478787053,-1.8706695796036326
1778741892271967686,-1.714833805103019,2.407210015524448,-1.873073272502161
1778741892321807179,-1.7201912087336468,2.399199935999928,-1.8730904579547498
1778741892371778232,-1.7329522105142356,2.3796833214476036,-1.876125600009267
1778741892438401294,-1.7471224741023252,2.3575598788952825,-1.8782609308476765
1778741892471877989,-1.7548969626418724,2.3463212476741915,-1.8799001136100464
1778741892521666775,-1.7658960796492948,2.3297185805255283,-1.8819459637612999
1778741892571699856,-1.7769001360062375,2.313156171057613,-1.8839823407203091
1778741892621601066,-1.7855227616179452,2.3002274259408715,-1.8841317307268786
1778741892671659776,-1.7919526498694447,2.2909738630538627,-1.8865256047213377
1778741892721613877,-1.8023982509510532,2.27509840598587,-1.8878689904606611
1778741892771577797,-1.8134232179828005,2.2584270572229044,-1.8891271559277176
1778741892821624974,-1.8241860672767025,2.2417412535394456,-1.8903344911271653
1778741892871476059,-1.8321456732441548,2.2305338663051093,-1.8915788588598517
1778741892921717638,-1.8428051203211941,2.214465173986242,-1.8929831728999191
1778741892971436320,-1.8481414177986466,2.206856411862049,-1.8938159673252295
1778741893021497254,-1.8575361275370617,2.192633346802286,-1.8952974994566874
1778741893071469389,-1.8647387354828358,2.1817267231779454,-1.8958973242743373
1778741893121532037,-1.8724202757573654,2.1703507646595455,-1.8967703059230665
1778741893171495786,-1.8831208620030697,2.1541854434406593,-1.8978476097802564
1778741893221626964,-1.897904812493066,2.1319865134670826,-1.8993793298633734
1778741893271636651,-1.906124172256154,2.1199425318305165,-1.9000274856770953
1778741893322004339,-1.9135282070015176,2.1090531567438036,-1.901323467055007
1778741893371360381,-1.9202738906331365,2.099399212568632,-1.9026252855768773
1778741893421686200,-1.927108134556583,2.0891780606115073,-1.9043612437333506
1778741893471517706,-1.9382164687404873,2.07202847521432,-1.9051827037966247
1778741893521562430,-1.9493346380333407,2.055315323562917,-1.9060895071755806
1778741893571516100,-1.957051438134445,2.0439846482889727,-1.906941834323973
1778741893637967664,-1.9659203025077328,2.0308586516673532,-1.9071039880096592
1778741893671495377,-1.9752284380319145,2.016911602359219,-1.909074689148001
1778741893721429600,-1.9861968017716989,2.0004585409065325,-1.9100294849210648
1778741893771621263,-1.9973110082009369,1.983867615133349,-1.911115537903444
1778741893821659084,-2.0055269655408114,1.9718767930136045,-1.911613740667316
1778741893887942859,-2.019022333278268,1.9514808349410437,-1.9131017988747097
1778741893921454891,-2.024935669889764,1.943100855993169,-1.912721395738513
1778741893988000405,-2.035062960308737,1.9282140576679043,-1.9146946787654777
1778741894021487520,-2.0374673114812,1.9249251732881474,-1.9152438987070508
1778741894071546030,-2.041836276350399,1.9185527020426818,-1.9181381545288254
1778741894121221660,-2.0504058056520003,1.9055269098655716,-1.9197463916087922
1778741894171490961,-2.0576909055213677,1.8946372290977984,-1.9205192770830268
1778741894221428350,-2.0673896152395206,1.880018124236837,-1.920854097062436
1778741894271531365,-2.0754087581058513,1.8681394001313818,-1.9211269159326227
1778741894321542384,-2.0820722943038996,1.8585004172504624,-1.9220241687092323
1778741894371573602,-2.0929700503768727,1.8418417432523773,-1.9230183343563036
1778741894421410369,-2.1006943942865184,1.830438682140723,-1.923667167039004
1778741894471490430,-2.111467251775587,1.814270343127614,-1.92463379809642
1778741894521524894,-2.1188944680559945,1.8031713377371923,-1.92535024832296
1778741894571599324,-2.1301681250952633,1.786448975916849,-1.9260609497507153
1778741894621665559,-2.141089261658599,1.7702885166421616,-1.9276614721396963
1778741894671576077,-2.150349761249943,1.7566906711770327,-1.9276391327084827
1778741894721576095,-2.1596958683162613,1.742807411798157,-1.92951825483024
1778741894771583007,-2.1706907195114575,1.726428802884247,-1.9305289769539895
1778741894821614505,-2.181849840594314,1.7098677364857302,-1.9316508696280152
1778741894871442275,-2.1930029779782703,1.693363336178303,-1.9328993358052233
1778741894921555659,-2.201243300434455,1.681410678111471,-1.9333966669210085
1778741894988512526,-2.212548682715172,1.664933718046814,-1.9339566340272867
1778741895021330005,-2.2144385747141584,1.6623055177600767,-1.9353333505505732
1778741895071402502,-2.222640006992929,1.6502859974453457,-1.9368694905646175
1778741895137931083,-2.23364892798464,1.633644053149192,-1.9378232509370614
1778741895171631916,-2.240188265205237,1.6238181825581326,-1.9380026116323583
1778741895221675717,-2.2438267526871574,1.6187138093902886,-1.9373832078033755
1778741895288013034,-2.245842739330145,1.6162777575770992,-1.943534772617366
1778741895321495120,-2.2457842812732913,1.6164328218192052,-1.9455545219110644
1778741895371664731,-2.245486886019837,1.6169883792718454,-1.9541800508858027
1778741895421571762,-2.2453305150660725,1.6172086183090317,-1.9601545438561907
1778741895471537676,-2.2452206654480173,1.6173250760032845,-1.965413776946686
1778741895537890582,-2.245134381675048,1.6173931088740836,-1.9699373490526113
1778741895571416842,-2.2450693850881667,1.6174253244024495,-1.973776914214991
1778741895621515659,-2.245015104640652,1.6174428109000651,-1.9770148318199814
1778741895671445523,-2.24496738119488,1.6174534903698885,-1.9797410503842288
1778741895721414422,-2.24492611472246,1.617458059084973,-1.982032990493619
1778741895771402147,-2.2448846509542926,1.6174670562541715,-1.9839578353710452
1778741895821392297,-2.24485076374382,1.6174680154733196,-1.9855721245148845
1778741895871884102,-2.2448276796099225,1.6174714135662576,-1.9864997230717782
1778741895921605860,-2.2447848604136005,1.6174773628111827,-1.988053600190228
1778741895971398654,-2.244756648159962,1.6174791157984616,-1.9889953403660192
1778741896021372131,-2.2447368337891977,1.617483336985526,-1.9895346274670966
1778741896071564466,-2.244698594182476,1.617492786396496,-1.9904302011770094
1778741896138001062,-2.2446633959400106,1.6175014787565711,-1.9911246845997914
1778741896171551708,-2.244717661578132,1.6177084922661595,-1.9912945896511363
1778741896221593085,-2.2446232706752958,1.6175111056947333,-1.9917661858611557
1778741896288032366,-2.244598751000073,1.617519945225411,-1.9920578148824815
1778741896321404412,-2.244575825589928,1.6175279639764737,-1.992291710002187
1778741896371599201,-2.244554694022949,1.617534630840568,-1.9924803116094523
1778741896421505491,-2.2445332645820257,1.6175433006958746,-1.992629488961209
1778741896471516660,-2.24451145202915,1.6175538534431178,-1.9927489682585107
1778741896521399214,-2.2444902078811504,1.6175647779354965,-1.9928432575856017
1778741896571644660,-2.2444789629414026,1.6175681888406976,-1.992895901708847
1778741896621508739,-2.244453401213213,1.6175814993784579,-1.9929840062109512
1778741896671503758,-2.24444040577105,1.6175892154648501,-1.9930212648162557
1778741896721474080,-2.2443230405869,1.6176871865021734,-1.9930958761731414
1778741896771635987,-2.244396191633146,1.6176177984953801,-1.993133684051493
1778741896821373154,-2.2443819500970217,1.6176244673462354,-1.9931784743473921
1778741896871519551,-2.244370248945158,1.6176328554213983,-1.993209625011143
1778741896938013446,-2.244347046708175,1.6176504485819685,-1.9932776757212127
1778741896971474932,-2.244330122610268,1.6176638752033843,-1.993335972794013
1778741897021482625,-2.2443145611578657,1.6176760618836232,-1.9934008137503936
1778741897071493244,-2.2443013991241467,1.617685302678615,-1.9934726447338926
1778741897121619903,-2.2441332318329916,1.6177258398582064,-1.9935476549138083
1778741897171473783,-2.244275347466109,1.6177087465222209,-1.993610912500646
1778741897221698980,-2.2442600816003826,1.6177231534563716,-1.9937069632633917
1778741897271653332,-2.2440777184219347,1.617747772398512,-1.9938362740585596
1778741897321698786,-2.2440593161077036,1.6177583539315379,-1.9939495532357996
1778741897371591811,-2.2442154723119314,1.6177663249890304,-1.9940915527430767
1778741897421966263,-2.2442086984575327,1.6177723787513238,-1.9941805913014552
1778741897471736603,-2.2441907355677246,1.6177921749912132,-1.9943691323549677
1778741897521806795,-2.24417829734999,1.6178060850210092,-1.9945203153123203
1778741897571593387,-2.243981125315031,1.6178103496564045,-1.9946499514574898
1778741897621616659,-2.244157305536902,1.6178307289172424,-1.994791555928652
1778741897671652907,-2.2441406469375313,1.6178511862317817,-1.9950236709496387
1778741897721668374,-2.2441304994522326,1.6178633151968322,-1.9952048111503888
1778741897771582419,-2.2441181838337867,1.617879257325636,-1.995390506314836
1778741897821696054,-2.2442209361753016,1.6177188414063364,-1.9956310998028914
1778741897871749013,-2.2442876706210435,1.6176214592170817,-1.9975147394146704
1778741897921491079,-2.244152186636917,1.6178170959318352,-2.003151715614915
1778741897971592501,-2.2442611986895806,1.6176605602732996,-2.0123340918905432
1778741898021433035,-2.2443029131052623,1.6176045824689487,-2.02429429171397
1778741898071581967,-2.2443795539916227,1.6175035144994807,-2.033460906731059
1778741898121639134,-2.244606026886477,1.6172207048612748,-2.054458323027445
1778741898171648410,-2.244593307229186,1.6169463478197532,-2.0729147869687448
1778741898221526656,-2.245021183825043,1.6167382337553957,-2.0903041057845715
1778741898271526925,-2.2453114394135527,1.6164111885722852,-2.1046341712538963
1778741898321659446,-2.2455728328961424,1.6161281536168555,-2.11575716249988
1778741898371554114,-2.2458229283450812,1.6158660957522415,-2.1272221834685805
1778741898421463078,-2.2459074320407555,1.6155136088597606,-2.1407957231027885
1778741898471549702,-2.2463536481365813,1.6153337862760326,-2.1549474830232866
1778741898521620906,-2.246615841007021,1.615082253338215,-2.1691616698609066
1778741898588012766,-2.2468594726710633,1.614857779138383,-2.1840583612949933
1778741898621544006,-2.247019245484083,1.6147152615085283,-2.1949110544074584
1778741898688096863,-2.2473111152095564,1.6144707541517753,-2.22550627748261
1778741898721672517,-2.247360953794476,1.6144345335353094,-2.2389540869282847
1778741898771536696,-2.2473717359613716,1.6144307134964135,-2.253145194405183
1778741898821618671,-2.247375833835765,1.6144333090693415,-2.2826275907424973
1778741898888056679,-2.2472603487635414,1.6145217616743543,-2.3053859726724313
1778741898937915318,-2.2470978762032447,1.6146363178887422,-2.3284179283998374
1778741898971649424,-2.246963384441416,1.614723749499787,-2.3518680183293306
1778741899021532981,-2.246716286201707,1.6148799691632592,-2.3754781062402985
1778741899071606679,-2.2463868974568837,1.615077648329991,-2.3975783671853246
1778741899121531675,-2.246159149017013,1.6152048092403302,-2.4183930670614417
1778741899171531834,-2.2457957267215374,1.6154044983999518,-2.436721859140622
1778741899221732755,-2.245346631347861,1.6155112498878714,-2.455850276035708
1778741899271674452,-2.245128626908698,1.6157399872025466,-2.4749635046301908
1778741899337968416,-2.2445589840449407,1.6160065533720205,-2.5010186867796325
1778741899388520026,-2.2442011006870266,1.6161609226266669,-2.5206847002657167
1778741899421538287,-2.243887010042559,1.6162924263653118,-2.5337189959225492
1778741899472582465,-2.2434816141798706,1.6164506472386049,-2.5545423932084366
1778741899538096183,-2.2430704644813972,1.616599619978299,-2.5765283375073893
1778741899571626039,-2.2426475602118967,1.616741215858445,-2.599737051663978
1778741899621895822,-2.2422012674683187,1.616878651156924,-2.6240296035162634
1778741899671795889,-2.2417430238039593,1.617007170382076,-2.6487527649625173
1778741899721880579,-2.241350656880343,1.6171055633901281,-2.6735801123546
1778741899771702368,-2.2407911339824818,1.6172382719743916,-2.6974171204518984
1778741899821811955,-2.240355090611166,1.6173276041528282,-2.7205489245862924
1778741899871770554,-2.2401681913203437,1.6173590181561632,-2.7357617215748378
1778741899921897985,-2.23951821393036,1.6174712561920384,-2.7655203906844172
1778741899971484786,-2.239104591584331,1.617531413334175,-2.7864906664773277
1778741900021768284,-2.2387882260829852,1.6175710674498351,-2.804621927144182
1778741900071657862,-2.238285954139028,1.61753758060753,-2.820594257458734
1778741900121845177,-2.23783660443878,1.6176781234018605,-2.836835505556649
1778741900171481352,-2.2375943830085534,1.6176966098449834,-2.8484769650900263
1778741900221838481,-2.23688155973578,1.6177417038422568,-2.87503536384497
1778741900271499744,-2.236551661672362,1.6177487461503197,-2.896610847584889
1778741900321465427,-2.2359522219784447,1.6177604458001216,-2.9179686785835046
1778741900372416106,-2.235693914066722,1.6177574290647387,-2.932246134478915
1778741900421614337,-2.2350634735208676,1.6177439833211729,-2.9588099917803174
1778741900471560703,-2.2347440207045053,1.6177310685041657,-2.9714244571048885
1778741900521651714,-2.234228050342664,1.6176980541146277,-2.9964305842146692
1778741900571499923,-2.2337088368258193,1.6176583411704848,-3.0150925665642463
1778741900621508468,-2.2333413727637255,1.617540077201167,-3.033956051324628
1778741900671558271,-2.2328663016546058,1.6175668113187338,-3.051595028969924
1778741900721594238,-2.2324373139265754,1.617509182010781,-3.0695716482920976
1778741900787979095,-2.2318287310280316,1.617342936424549,-3.093318222239203
1778741900821705547,-2.2315107290567995,1.6173602218300531,-3.105816825068025
1778741900871512777,-2.2312829006555894,1.6173155578641008,-3.11862631689077
1778741900921575185,-2.2307473982113764,1.6172074392161324,-3.1381693766496586
1778741900987991793,-2.2302259274388883,1.6170840946212703,3.117311558347728
1778741901022064544,-2.2299325774930594,1.6170099904453878,3.1036846895228196
1778741901071723732,-2.229430203707932,1.6168764071071196,3.0836139324923035
1778741901121756573,-2.2288501952428743,1.6167048616150077,3.0573266082750887
1778741901171531623,-2.2284745396458865,1.616582622908948,3.0376954451167686
1778741901221625430,-2.2281124421487926,1.6164630278487049,3.0241823313907226
1778741901271884562,-2.227628641029445,1.6162904726575804,3.0038594938374654
1778741901321849493,-2.2272040906098822,1.616126149695246,2.9826811517933676
1778741901371602691,-2.226620008236173,1.615881446428567,2.9528609769551135
1778741901421547825,-2.226248997338434,1.6157123293057687,2.929042938325976
1778741901471625130,-2.225719415003513,1.615462497941599,2.905696699740096
1778741901521827855,-2.225312684331143,1.615255292772261,2.8828036510996427
1778741901571883690,-2.225045124433429,1.6151123811970594,2.8676527649447285
1778741901621900690,-2.2245017686539184,1.6147509794728565,2.836528440181824
1778741901671701048,-2.224094630493295,1.6145612628992816,2.8127021017657396
1778741901721649929,-2.2236580423359666,1.614235230747434,2.7895000026696444
1778741901771943717,-2.2232695710835286,1.614028732828102,2.766624356925238
1778741901821593598,-2.222892201233876,1.6137642978482374,2.743830401016208
1778741901871698225,-2.2225110769654193,1.613483418700726,2.720056867656771
1778741901938165329,-2.2221282385171244,1.6131863826920712,2.695583918323118
1778741901971805025,-2.2217639392639237,1.6128380710251289,2.670843336251071
1778741902021604772,-2.2214858952076697,1.6126459462792522,2.6459813450377716
1778741902071756379,-2.2212473435196283,1.6124354664345806,2.6298179020840706
1778741902121596202,-2.2207193019203206,1.611952913900054,2.6002130815086044
1778741902171500328,-2.220425790764616,1.611667675597455,2.579759376369008
1778741902221561623,-2.2200648521065816,1.6113068286039192,2.5603452244633544
1778741902271542394,-2.2199262618811417,1.6111581881709998,2.546778465425957
1778741902321675236,-2.2194811450015273,1.6106806855028373,2.5197996844136465
1778741902371550526,-2.219253587212547,1.6104266680801596,2.5065048497287803
1778741902421526028,-2.218976395674837,1.6101040731022442,2.487064741633228
1778741902488163587,-2.218587191983077,1.6096326419545814,2.461802683769692
1778741902521630944,-2.218317570691582,1.6092910092431643,2.442756547670582
1778741902571534709,-2.218107151148962,1.6090178145510263,2.430208745227321
1778741902621532163,-2.217775102164834,1.6085624257789721,2.4041139619519996
1778741902671506071,-2.2174810341192197,1.6080967421411476,2.383861705609739
1778741902721541888,-2.2172089360252296,1.6077319760697772,2.3624216182509947
1778741902771376922,-2.2169677863077375,1.6073463581612037,2.340397367379702
1778741902821558636,-2.2167593079077714,1.60699372547579,2.317120021556148
1778741902871511655,-2.216521498358338,1.6065751386421534,2.2941486690206787
1778741902921657240,-2.216296374436291,1.606161715830129,2.272299272245636
1778741902971631860,-2.216072922446421,1.6056864812433798,2.2521357789995253
1778741903021594708,-2.2159095941665754,1.6054095809882278,2.239069582831762
1778741903071745423,-2.215663404393543,1.6048841160925875,2.212296340450848
1778741903121602048,-2.2154828995757834,1.6044762511658621,2.1914301747776905
1778741903171583191,-2.2152793116319596,1.6039961070719528,2.1708115114337154
1778741903221685634,-2.215123656380982,1.6035474331396125,2.1504602872505156
1778741903288443622,-2.2149920825895197,1.6032442820688015,2.130706015120248
1778741903337908070,-2.2148149982535967,1.6027504991600074,2.111207908606759
1778741903388078182,-2.2146776018374204,1.6023217487184314,2.0854777683105645
1778741903421593191,-2.2146020821278185,1.6020132192968932,2.073284563043469
1778741903471614068,-2.2144827052718004,1.6016009607087716,2.0543894418838686
1778741903538090811,-2.2143327544770544,1.6011449577779755,2.036477755149832
1778741903571581032,-2.214219986079983,1.6006458397245353,2.0186386831754035
1778741903621676572,-2.2141141106276163,1.6001906435628366,1.9994744656876344
1778741903671826266,-2.2140238034908575,1.5998157029197348,1.9788920954204068
1778741903721633296,-2.213916306441572,1.599248448521921,1.95704925551997
1778741903771779403,-2.213865129353486,1.5989354009204204,1.942230208555845
1778741903821577877,-2.213821781354922,1.5984941040523513,1.913868617114803
1778741903871720668,-2.2137482406107534,1.5979265085307544,1.8888617781405994
1778741903921504444,-2.213704721285733,1.5976561558977316,1.8773517948091996
1778741903971620022,-2.213664908373208,1.5971314777322743,1.8604360186910531
1778741904021399931,-2.2136324387993205,1.596784536914714,1.842025130694868
1778741904071752681,-2.2136113063965532,1.5964024457144481,1.8235975529379393
1778741904121552508,-2.2135883525568922,1.5958885448322433,1.8061677431454335
1778741904171744903,-2.213583992874678,1.5955595535102989,1.7888669426569959
1778741904221547194,-2.2135836290213797,1.5953438589854896,1.7778945034214073
1778741904271662322,-2.2136000574042276,1.5948402462128402,1.756285465081393
1778741904337938282,-2.213595179147297,1.5942911194314597,1.7408872242515603
1778741904371630969,-2.213608632276275,1.5939672554095385,1.7301709797900724
1778741904421965605,-2.2136563924185513,1.593320796534382,1.7042101030216685
1778741904471461162,-2.2136992147012,1.5928398541832223,1.681536299462187
1778741904521376228,-2.2137619807894606,1.5923488114869295,1.6574735334619373
1778741904571789664,-2.213833709659309,1.5918722248312245,1.6330083751702584
1778741904621710982,-2.213890968925906,1.5915355274516896,1.6096934866858836
1778741904671598877,-2.2139885780997686,1.5910012592498846,1.588095789755094
1778741904721479067,-2.2140885240385173,1.5905439124866092,1.567358948313797
1778741904771682904,-2.2141919000567203,1.5900930224865024,1.5462059760273696
1778741904821613359,-2.2142707333002796,1.5897873451162,1.5309223434551154
1778741904888123235,-2.2144483727954416,1.5891629669462042,1.4989042305740323
1778741904921684872,-2.2145975093288612,1.5886954642746471,1.4742647626929148
1778741904971595901,-2.214698872752835,1.5883954794814084,1.457734698214983
1778741905021706019,-2.214866807146808,1.5879596749120977,1.4260302036691854
1778741905071566642,-2.21506415186325,1.5874231196856516,1.404207383411455
1778741905137899490,-2.2152381073147103,1.5870027628427772,1.3834555604742986
1778741905171571588,-2.2153850875435572,1.5866731076832166,1.3627923165873108
1778741905221588638,-2.2155565872240057,1.586296298256367,1.3427393548192867
1778741905271637460,-2.215740119323898,1.585924597321824,1.324661017118023
1778741905321495017,-2.2159584650586632,1.5854619482343055,1.3083132129103916
1778741905371753507,-2.2161222795359286,1.5851715628178964,1.2910505628016642
1778741905421354215,-2.2164047001649614,1.5846267757280479,1.2719510897972297
1778741905471534196,-2.2164925657443533,1.5844792445311158,1.2583886330356633
1778741905521568670,-2.216651373052737,1.584211299523469,1.2396949972475977
1778741905587956222,-2.2169603487674596,1.5836984405094567,1.2172371691230968
1778741905637866990,-2.217190544323228,1.5833351183335254,1.2014013929334144
1778741905671546111,-2.217399802330238,1.5830161546726658,1.1858215053304713
1778741905721623427,-2.2174661671555906,1.5829229402521272,1.1763242391588646
1778741905771578269,-2.2177880937939616,1.5824497606378767,1.1589297727925416
1778741905821440044,-2.218091527658798,1.5820234035376357,1.145286919005989
1778741905887938999,-2.2183541387878836,1.581674374182384,1.1288324945425254
1778741905921425223,-2.2186841493769087,1.5812516174337272,1.1096028016745307
1778741905971703241,-2.2188005470135557,1.5811140363295777,1.095923707809649
1778741906038073140,-2.2192407696438576,1.580587312770687,1.0701658449921652
1778741906088024816,-2.21967238838611,1.5800974822763652,1.0442388123143678
1778741906121497243,-2.2198790213613084,1.579882545843492,1.0309580435393881
1778741906171474738,-2.2202169990065888,1.5795356548733093,1.0089932025327126
1778741906221586700,-2.2205642242847525,1.5791970519706011,0.9852462193733462
1778741906271534609,-2.2209021949018206,1.5788829484723577,0.9612170338158643
1778741906321685645,-2.2212984733783996,1.5785279017433158,0.9380804322329829
1778741906371657109,-2.2216503026351333,1.5782297369249056,0.915262521328617
1778741906421542629,-2.2220167632927668,1.5779335109021486,0.8926406990985711
1778741906471808314,-2.2224019909235833,1.5776371074503257,0.8688409530051899
1778741906521645943,-2.2226551174665707,1.57745098852199,0.8525858998807321
1778741906587902726,-2.2231888267495883,1.5770780814852416,0.8196610834716789
1778741906621846992,-2.223592463029068,1.5768136262507952,0.794790393742157
1778741906671420628,-2.2239721867819586,1.5765776160435145,0.7704686528420641
1778741906721790230,-2.224332605329198,1.5763622856098949,0.7480804828604617
1778741906771521998,-2.22478108240325,1.5761033060561989,0.7273653735460761
1778741906821673745,-2.2251824199482093,1.575883883968821,0.7073674564876926
1778741906871368772,-2.2253529915426853,1.575800396315189,0.6934566248291345
1778741906921548373,-2.22603369020629,1.57545894379049,0.6642338967727008
1778741906971754323,-2.226385830979543,1.575298477772217,0.6421232196956801
1778741907021473536,-2.226810935280141,1.5751121077617398,0.6209286547971691
1778741907071786551,-2.2273174445442616,1.574898398894103,0.600335526773613
1778741907121436873,-2.227616489479556,1.5747803729667036,0.5867682919751295
1778741907171832736,-2.228187539560511,1.5745709902565324,0.5589648708340312
1778741907221741911,-2.22861698585643,1.5744259127823186,0.5370464968464131
1778741907271505970,-2.229125115164246,1.5742610356949636,0.5147726705722193
1778741907321620656,-2.229400621301481,1.5741849210637726,0.49983421715287335
1778741907371588884,-2.2298738998207366,1.574061504153679,0.46969886646730297
1778741907421695626,-2.230379338291824,1.5739364823239168,0.44681117448510754
1778741907471831974,-2.2307663275324243,1.5738504718473474,0.425445893532637
1778741907521431940,-2.231165956497398,1.573768241570132,0.4062442110437852
1778741907571972678,-2.231570621166431,1.573690482036009,0.3888159272439675
1778741907621601730,-2.2320694416495965,1.5736027148025338,0.37220564721914545
1778741907671735753,-2.23255574402657,1.573527390633544,0.35394387397899196
1778741907721631113,-2.232978476751955,1.5734729371716556,0.33484870899070224
1778741907771984184,-2.2334989662606115,1.5734180638511537,0.31402692742312954
1778741907821454663,-2.233972054554827,1.5733796297844898,0.29221575840850317
1778741907871683627,-2.234286114197026,1.5733606714743165,0.27732346192223595
1778741907921489937,-2.234913777691389,1.5733385554201085,0.2458157853956369
1778741907971683514,-2.2353978426834,1.5733353368564598,0.22143495256670676
1778741908021692429,-2.2358860354241488,1.5733443721810823,0.19675721358874432
1778741908087990180,-2.2363714112063975,1.5733657621152604,0.1719207887211569
1778741908121657288,-2.236855116575201,1.573399313964045,0.14704325118306946
1778741908171737048,-2.237203732003891,1.57343543600038,0.12221110008057588
1778741908221543698,-2.2375279294411943,1.5734698751311327,0.10609977534173565
1778741908271764217,-2.238253474838477,1.573557371201115,0.07628696263995272
1778741908321446660,-2.238701610616032,1.573630356301095,0.055400049216434155
1778741908371620700,-2.2391483707224547,1.5737110471665776,0.03440642092610124
1778741908421595240,-2.239446348174272,1.5737711001880328,0.019407230442318735
1778741908471589838,-2.2400734019456854,1.5739112223449379,-0.011534429246418119
1778741908521721457,-2.240544051948586,1.5740293704105908,-0.03433542152858581
1778741908571560919,-2.240969973837767,1.5741469851003709,-0.05654140764311011
1778741908621722265,-2.241200956327052,1.5742167675931225,-0.07087206912980505
1778741908671794591,-2.241775922914295,1.5743930873273528,-0.09786762145259954
1778741908721558890,-2.2421022612893626,1.574499177703624,-0.11027060157651114
1778741908771748380,-2.2425764756115325,1.5746692403596392,-0.13566484744758833
1778741908821541714,-2.2428250459390724,1.5747620555868118,-0.14882223686075766
1778741908871822167,-2.2434892547116756,1.5750212109323822,-0.17551542494631178
1778741908921420530,-2.2437708597048056,1.5751402322673784,-0.18894851038771734
1778741908988086222,-2.244452768541176,1.5754501997999728,-0.22353080377033582
1778741909021581813,-2.2447851854950946,1.575609680018796,-0.23812820697472856
1778741909071577263,-2.245199800041028,1.575821129941036,-0.2603586198609809
1778741909137875656,-2.2455432797221526,1.5760078316240822,-0.2826721469727595
1778741909187870454,-2.24617188494295,1.5763627315796416,-0.312223584934189
1778741909221585774,-2.2464452464673283,1.5765271703667858,-0.32718005408815604
1778741909271641018,-2.2467443929082243,1.5767224440196557,-0.34946926849530513
1778741909321501660,-2.2470072909903345,1.5768867295439135,-0.3637380125940144
1778741909371676682,-2.247465633588394,1.5771979928193618,-0.3906966879372269
1778741909421620574,-2.2478064134047866,1.5774346325073887,-0.40813330852167745
1778741909471602147,-2.2481577806673783,1.5776858274827557,-0.4254249193466517
1778741909521495592,-2.2485053440410794,1.5779467423648461,-0.4427077475612618
1778741909571614787,-2.248865140480265,1.5782247335882011,-0.46004549142749346
1778741909621607081,-2.2491247587599426,1.5784316679313148,-0.4717129690103024
1778741909671741405,-2.249417736453822,1.5786769398860308,-0.4895166245601885
1778741909721494934,-2.249820685765991,1.5790284893008415,-0.5151758606609782
1778741909788000841,-2.2502247195139713,1.579392293395744,-0.5354273174134812
1778741909821543102,-2.250543988052669,1.5796973512913977,-0.55559260982107
1778741909871186110,-2.250860249065618,1.5800118763315125,-0.5767711810876852
1778741909937915293,-2.2511871036557447,1.5803569335407466,-0.5991785167042671
1778741909971573925,-2.251510320728821,1.5807138248823744,-0.6228441235233797
1778741910021432444,-2.251746554325028,1.580992514745032,-0.6472020376068902
1778741910071482808,-2.252122553080537,1.5814345184526224,-0.6710685324207315
1778741910121995493,-2.2523731525740636,1.5817617558705952,-0.6940514074557806
1778741910171525596,-2.252630642502469,1.5821050920585606,-0.7153524613652533
1778741910237973965,-2.2529729672647356,1.5825687993762656,-0.7403360643093199
1778741910271659929,-2.2531516541325507,1.5828223858286854,-0.7523091982523731
1778741910337933144,-2.2535093253587317,1.5833523818592998,-0.7776249448633541
1778741910371369061,-2.253634378477336,1.5835552992999102,-0.7916293103223301
1778741910421500850,-2.253939444743405,1.5840393020251748,-0.8136032339249474
1778741910471690721,-2.254176458445324,1.584451959339163,-0.8358323040232634
1778741910521850714,-2.2543558683485374,1.58478589331085,-0.8575383660271418
1778741910571538868,-2.2546275054994735,1.585292340938744,-0.8792165138393195
1778741910625040668,-2.2548208547282123,1.5856960101584732,-0.9013652257716619
1778741910672651645,-2.255012748274893,1.5861109450828368,-0.9238905125181867
1778741910721895582,-2.2551086219280876,1.58633209202611,-0.939299734572133
1778741910788029762,-2.2553974195581628,1.5870174911700723,-0.9698143982593814
1778741910821680138,-2.2555300913768823,1.5873648303148304,-0.991785792011571
1778741910888053604,-2.2557169806312563,1.5878751118245436,-1.012981225990817
1778741910921401093,-2.2558486843466583,1.5882668891781027,-1.0339954133887281
1778741910971655596,-2.2559588424022015,1.5886060050950446,-1.0477519782451006
1778741911038061814,-2.256092896223042,1.5890693524519794,-1.0762163222754753
1778741911071186269,-2.2561990278423614,1.589443720521034,-1.0905121634453634
1778741911121366561,-2.2563268687965308,1.589941697558137,-1.1121847852158533
1778741911171773334,-2.2564479255257632,1.5904771892566927,-1.1413035124588229
1778741911221549095,-2.2565440413815696,1.590951446872155,-1.1625136106310678
1778741911287965011,-2.256652594868013,1.5915523931573634,-1.1898405039906998
1778741911321280500,-2.256682401868112,1.591729218364258,-1.1963799561530717
1778741911371545152,-2.2567768140022144,1.592370906561914,-1.2227146125753194
1778741911421309792,-2.2568304352642747,1.592828258553608,-1.2437557930931407
1778741911488008878,-2.2568800481510762,1.5933777028770464,-1.2733526087699623
1778741911521467399,-2.256903188394937,1.5937027532593513,-1.2878408910945296
1778741911571577386,-2.256925089170395,1.5940515226098229,-1.3019449071845937
1778741911621630937,-2.2569445070114935,1.5945245288510976,-1.322575337238961
1778741911671776873,-2.2569524213407393,1.5949946949386173,-1.3433453128810382
1778741911737944407,-2.256944609947563,1.5956185775840992,-1.373991628030224
1778741911771424378,-2.2569248666947033,1.596094582776317,-1.398188969620414
1778741911821510901,-2.256893007020269,1.5965721535215434,-1.4228307595087835
1778741911888116810,-2.25683383224223,1.5971982159636138,-1.4554121252005832
1778741911937841824,-2.2567926333236104,1.5975633854207187,-1.471044803648046
1778741911971289595,-2.2567387702539716,1.5979472957322178,-1.4938724322995622
1778741912021527967,-2.2566587403093177,1.5985009282538876,-1.5152880938247455
1778741912087947040,-2.256550417458952,1.5990979652501192,-1.542753936682077
1778741912121292605,-2.256485322118741,1.5994131262739837,-1.556275262702794
1778741912171397323,-2.256388571978843,1.599847690195488,-1.5772772903181564
1778741912221712682,-2.256316680304692,1.6001433541574583,-1.5921596443164012
1778741912288447476,-2.256171550100996,1.600681608146226,-1.6234672273504145
1778741912321391587,-2.2560577927882366,1.6010835146162072,-1.6390004838834678
1778741912371356178,-2.255917231217061,1.6015324361010834,-1.6619620409392777
1778741912421459683,-2.255773280314617,1.6019554577003532,-1.6846749095383178
1778741912471354010,-2.255609904197668,1.602402305087027,-1.707668802369268
1778741912521439080,-2.255370828082856,1.6030017079906163,-1.7399587002348886
1778741912571502039,-2.25522556568953,1.6033294527459963,-1.7646595220231394
1778741912621462672,-2.254973571152387,1.6038913800108217,-1.788639014806477
1778741912671514248,-2.2548010530946625,1.6042402863737268,-1.8118506190245598
1778741912721476295,-2.25455215249996,1.604734401962771,-1.83356494582982
1778741912771231607,-2.254323492369736,1.6051586710765358,-1.8548466755890718
1778741912821551114,-2.2541006241137342,1.6055479438185236,-1.8768778891566988
1778741912887933717,-2.2537767033539358,1.6060816367896154,-1.9075060412303093
1778741912921644368,-2.2536434875152036,1.6062846144803018,-1.9233492089418087
1778741912971439856,-2.2533771669821423,1.6066879873848983,-1.946224455677765
1778741913021310749,-2.253151044766091,1.607014292859499,-1.9672977874912034
1778741913071562917,-2.252901482596047,1.6073591278423065,-1.9849119125583974
1778741913121447606,-2.2528136727157952,1.6074572627994437,-1.996923450190722
1778741913171588542,-2.252862106720999,1.607403387158034,-2.004225995275762
1778741913221473031,-2.2528280242581613,1.6074056790990479,-2.0064850351114005
1778741913271724628,-2.2528760306016022,1.60737918876567,-2.006950784317943
1778741913321686033,-2.2528840028686705,1.6073679155310834,-2.007088967707998
1778741913371394115,-2.252891240654063,1.6073590359805312,-2.0070443847530868
1778741913421635012,-2.252893654119313,1.6073572539025418,-2.0069947745632515
1778741913471872764,-2.2528984618321246,1.6073519528287055,-2.0069525416779257
1778741913521511403,-2.252903614706387,1.6073462219152512,-2.0069259646318383
1778741913571526010,-2.2529046131979014,1.6073465794225317,-2.006907971496447
1778741913637807340,-2.252905354191643,1.6073471985150052,-2.0069000265215218
1778741913671630475,-2.252906075492958,1.6073477508514076,-2.0068985240660036
1778741913721495096,-2.2529108099691424,1.6073423485978746,-2.006903686978513
1778741913771462712,-2.252911645657448,1.6073426657364367,-2.0069130991144966
1778741913821641942,-2.252912248261352,1.6073432165492898,-2.0069256782917093
1778741913887984589,-2.2529128382304884,1.607343698697792,-2.0069406702009003
1778741913921469690,-2.252916081759555,1.6073401421571112,-2.006957692433154
1778741913971691140,-2.252918135699453,1.607338459709025,-2.0069754337458363
1778741914021702120,-2.2529132047859,1.607330501831479,-2.006991877101388
1778741914071699623,-2.252919147296888,1.6073393297984675,-2.0070094559062737
1778741914121699671,-2.252918465303537,1.607340998829358,-2.0070219259365336
1778741914171740247,-2.2529200634471658,1.6073400213441484,-2.007049056319125
1778741914237908742,-2.252920511286602,1.6073403206140824,-2.0070711807179102
1778741914271560160,-2.252918122496806,1.607344504032782,-2.0070860113638656
1778741914338167562,-2.252920458188977,1.6073423562752607,-2.007122115679209
1778741914371571368,-2.2529215815261705,1.6073412594783065,-2.0071364347916485
1778741914438176495,-2.2529221919644544,1.6073414011467024,-2.0071656377333555
1778741914471612513,-2.252918754657961,1.6073469557034108,-2.007180620721541
1778741914538054810,-2.252922560226869,1.6073419728641616,-2.0072034168491886
1778741914588043316,-2.2529220622288113,1.6073433371374204,-2.00722587731774
1778741914621549218,-2.252924419827832,1.607338995798296,-2.0072474583205464
1778741914671511805,-2.2529235132636334,1.6073422595490046,-2.0072616979155016
1778741914738010910,-2.2529259014777687,1.6073401447588886,-2.007296464572717
1778741914771529735,-2.2529239891340165,1.6073426630273324,-2.0073034391457756
1778741914821705338,-2.2529242799852383,1.6073428910423226,-2.007331585256197
1778741914871636295,-2.252921820233893,1.6073470261756568,-2.007352708159397
1778741914921516325,-2.2529245494511576,1.6073433409994828,-2.007373996607412
1778741914971610112,-2.2529238150929425,1.6073446523907844,-2.0073882556687233
1778741915021419657,-2.2529240574232037,1.6073447886664078,-2.007417244643946
1778741915071327841,-2.2529250333681508,1.607343613554031,-2.0074319765047424
1778741915121477735,-2.2529253619309593,1.607343601121521,-2.0074616196470125
1778741915171591890,-2.252925482830913,1.6073437374878483,-2.0074833572802957
1778741915221698702,-2.2529255968807465,1.6073438566659566,-2.0075048533510667
1778741915271453583,-2.2529253298024328,1.6073444701023338,-2.007525933686543
1778741915321625469,-2.2529221579779177,1.6073494077687753,-2.007547056831593
1778741915371588737,-2.2529304007702287,1.607344376056056,-2.007568393281526
1778741915421592152,-2.2529259930670635,1.6073440860219141,-2.0075828465119834
1778741915488052473,-2.252931225245921,1.6073444510015655,-2.007618715257344
1778741915521468633,-2.252926151311702,1.6073443144613213,-2.0076332762222613
1778741915571332943,-2.2529252155333412,1.6073458007723647,-2.0076550734717777
1778741915621493277,-2.2529262245434305,1.6073444782229325,-2.0076770855041
1778741915688019373,-2.248099838430143,1.6146314553369407,-2.0086134706969543
1778741915721461653,-2.2417588658373155,1.6243446611574888,-2.013772999248555
1778741915771552244,-2.235040789115833,1.6348428439878588,-2.021877032562603
1778741915821692800,-2.22560585715533,1.650413860075416,-2.0299452979055945
1778741915871346799,-2.218125957201451,1.6621393535494267,-2.0340024904254537
1778741915937999888,-2.2050031123156497,1.684716820326984,-2.0302746926365467
1778741915971428231,-2.1988957538735256,1.6959892372261853,-2.0236296475576405
1778741916021448518,-2.192177520446963,1.708083560121214,-2.010815974614585
1778741916071725263,-2.18296894905973,1.7258645024276709,-1.9952354971268067
1778741916121437183,-2.176972930456658,1.73792634550117,-1.9839360854526786
1778741916188036248,-2.1654960506166323,1.7622342972439824,-1.9603874222997006
1778741916221795412,-2.157341560600583,1.7806200309514972,-1.9419820420378417
1778741916271949915,-2.1521160759932987,1.7929600894717272,-1.929576567174195
1778741916321363065,-2.148445537621389,1.8018708869544162,-1.9104497107705305
1778741916387833225,-2.13792351145531,1.8292113055502588,-1.8814321576564264
1778741916421459395,-2.134907163215189,1.8373136796575256,-1.8696650437824083
1778741916471577037,-2.130673602796135,1.8490739524758992,-1.8527686408482682
1778741916521649504,-2.1261432965670073,1.8623175037485986,-1.8352362251361545
1778741916571622420,-2.1226780045696483,1.8731094236892736,-1.8178143115745191
1778741916637844408,-2.116216086408076,1.893948076889718,-1.7943837150858848
1778741916671624311,-2.112977308786365,1.9051969488884901,-1.7829346757683469
1778741916721757793,-2.110290200054873,1.9141937987614628,-1.7652416996268505
1778741916771420198,-2.1055793907214015,1.9319953421378289,-1.7477932074326823
1778741916821660404,-2.1007563950263877,1.9516704102415068,-1.7303859312998062
1778741916888127108,-2.0949466112783073,1.9780886661215962,-1.706653207432507
1778741916921430032,-2.0936151074388016,1.9846941821302673,-1.7004352903680113
1778741916971533197,-2.090909351357317,1.9987102264570702,-1.6748179913779333
1778741917021596666,-2.089076940385374,2.0095561969057414,-1.6567702572211227
1778741917071820701,-2.0877310965216056,2.0171343030933198,-1.6451758878322995
1778741917121796714,-2.0859233932495607,2.0282093143617677,-1.6226546517701281
1778741917171580059,-2.0841544771279543,2.041387830212366,-1.6064383743789692
1778741917221537446,-2.0813384335152914,2.0632177658139326,-1.5892401113246883
1778741917271605374,-2.079873992741988,2.077659307729745,-1.5719524572373558
1778741917321802167,-2.0790352720062444,2.0845956203477014,-1.554939585575242
1778741917387885280,-2.077568560612862,2.1029571889669745,-1.5368094964921883
1778741917437859790,-2.076321724184349,2.1232178814767186,-1.5191826359311533
1778741917471353367,-2.0757624079613013,2.137903068037806,-1.5009611946413433
1778741917521573405,-2.0753690412207995,2.144523307416795,-1.4891203880298491
1778741917587935068,-2.07497209585063,2.17009108399577,-1.4640249981651814
1778741917621509880,-2.074999813849568,2.1863864592550546,-1.4449294789932143
1778741917671461957,-2.0752473604135626,2.196572527221615,-1.4268473756716196
1778741917721678528,-2.075865067135865,2.2169354022135144,-1.4080461831816462
1778741917787892009,-2.0766437656386945,2.2335596785085308,-1.3829490000842553
1778741917821465168,-2.076941683836754,2.238755964621734,-1.3717283253815877
1778741917871413308,-2.0770887707670966,2.2423851125524523,-1.3553967083300797
1778741917921671578,-2.0778085920430875,2.2512675260538537,-1.345066192905203
1778741917971729096,-2.0789137762459236,2.2637919729982157,-1.3300953255387187
1778741918021212610,-2.08182006489615,2.288608417667914,-1.3097390328877165
1778741918071738020,-2.0824750003761823,2.2959572672897433,-1.294357156089881
1778741918122161525,-2.0837100434268754,2.3066277300701334,-1.2771583566291427
1778741918171573743,-2.086046788841496,2.3215220657876015,-1.2602398197074796
1778741918221743845,-2.087220372312024,2.330524215998328,-1.2437045087826555
1778741918287944782,-2.0893759954672744,2.343973911390151,-1.22089057472786
1778741918321458999,-2.0902180657615106,2.3487538597456576,-1.21146099154404
1778741918388045881,-2.0930439971617094,2.3640358793955123,-1.194572264638086
1778741918421595786,-2.0946632563275362,2.3724160462701596,-1.1831809551846169
1778741918471527474,-2.0997928780342825,2.3960287185688203,-1.1614143860643977
1778741918521590583,-2.1028900692136134,2.4095516389634457,-1.143922569998988
1778741918571613274,-2.1060649454320637,2.4225704042843725,-1.1260741077392575
1778741918621584969,-2.1085586479782195,2.4327051405599014,-1.1073439373793903
1778741918671575850,-2.1128704344812235,2.4482188982553597,-1.0903709568116755
1778741918721656341,-2.116613792265569,2.4610215048480573,-1.0783963107979742
1778741918771608288,-2.1233741912369943,2.483148897527419,-1.05414970585512
1778741918821398987,-2.126980004927488,2.4943854270252332,-1.03706421720391
1778741918871368087,-2.131188901262162,2.5068053032126056,-1.0189349739195093
1778741918921462285,-2.135412313151965,2.5187077557107846,-1.0014880449656247
1778741918971514422,-2.142226511280741,2.535893725865018,-0.983518711982784
1778741919021528848,-2.145150941180386,2.5446343619484546,-0.9658828039468969
1778741919088054073,-2.1522624979396676,2.5621334667112152,-0.942237229278037
1778741919121367978,-2.157556950110907,2.574492652579692,-0.9299287062538256
1778741919171735016,-2.1628867267481673,2.5862629502013013,-0.911811317761477
1778741919237930152,-2.168601995172527,2.599436715895713,-0.8944024703877402
1778741919271592651,-2.1745144927208213,2.611811136037851,-0.8752334675549269
1778741919321688402,-2.1794273414235463,2.6218726305518154,-0.8594276468399538
1778741919371710683,-2.186066036362766,2.6351908950991034,-0.8473492723244664
1778741919421571105,-2.195487033014627,2.65318729762977,-0.8240545511348959
1778741919471402182,-2.205259654957425,2.6700072349284873,-0.8061320844414573
1778741919521652837,-2.2120351433199055,2.6825377967072375,-0.7947157499243018
1778741919571480728,-2.22227713595821,2.699836711766401,-0.7703066530665175
1778741919621471979,-2.227101505819908,2.707813703783734,-0.756490884792953
1778741919671521121,-2.2364889126380123,2.7224426294244397,-0.7396913252863203
1778741919721518244,-2.2477016265318563,2.7394059589564472,-0.7152984358131551
1778741919771536587,-2.2566429328920767,2.752434793293911,-0.6954743875255569
1778741919821493774,-2.2644168267315554,2.763435828687365,-0.6774940244063558
1778741919888183783,-2.2787769494783197,2.7825671690933436,-0.6546460614554119
1778741919921478712,-2.286819177812274,2.792479775035398,-0.6421858813297324
1778741919971499780,-2.2913363416339845,2.798786561396588,-0.6302823485240832
1778741920021558871,-2.3038857573756113,2.8141231382211607,-0.6119785996968528
1778741920071657858,-2.3214348700931593,2.8346284767882746,-0.5875946360010795
1778741920137922346,-2.3277361584272573,2.8421005937504296,-0.5674629412334653
1778741920171398931,-2.3384762256524008,2.853714388916606,-0.5508272502976457
1778741920221369033,-2.3529792195414276,2.8690043973493022,-0.5323722067049008
1778741920271543754,-2.362459124217904,2.878640821606349,-0.5202376037213079
1778741920321589119,-2.372641207961204,2.888905509615113,-0.5013504377372371
1778741920371504776,-2.383399882378565,2.899350696391488,-0.48169642832447535
1778741920421538168,-2.3954182170977987,2.9107534386991825,-0.45957597878820117
1778741920471453124,-2.410990812767501,2.924397961788368,-0.44174366517155805
1778741920521628707,-2.4264355456529314,2.937593590971212,-0.42333178704512964
1778741920571433494,-2.442074424775064,2.950435248644003,-0.40503201938408573
1778741920621493015,-2.4526077768881684,2.9587873370636735,-0.39261607387191383
1778741920671596160,-2.4685897736550686,2.9710117125953355,-0.37391202588645234
1778741920721787513,-2.48480167730517,2.9828773111501223,-0.35515411971662436
1778741920771759488,-2.5012455555215736,2.9943828910870325,-0.3363113356243508
1778741920837968710,-2.5291811992990105,3.012763425179828,-0.30470258214166623
1778741920887839613,-2.5405322069560348,3.019831507580132,-0.29198609880296683
1778741920937963437,-2.563518053009717,3.033467853743566,-0.2664508840695805
1778741920987738757,-2.575161122302534,3.040040669981034,-0.2536343669396035
1778741921021585838,-2.5927938997358924,3.049580947439246,-0.2343635638023787
1778741921071578052,-2.604661174889522,3.055728874144991,-0.22149278003425718
1778741921121611904,-2.628661851876493,3.067513878934533,-0.19572412483941545
1778741921171447509,-2.6407822515503763,3.073144934983802,-0.18282109762693732
1778741921221523091,-2.6652671280396305,3.083885585954536,-0.15698542527452505
1778741921271636045,-2.6776786851656365,3.089404465241635,-0.13739458049355233
1778741921321418649,-2.689649522503332,3.0939377524083587,-0.12201584384350816
1778741921371353203,-2.7021048061970228,3.0986362645773227,-0.1095933676398766
1778741921421385272,-2.7162743580763227,3.1045303588771693,-0.08405788902780077
1778741921487945323,-2.7274592218244087,3.1079065782629756,-0.07291872181662029
1778741921521404796,-2.744815383574784,3.113768346976482,-0.05512486122209292
1778741921587806215,-2.76164906520875,3.1189522350813177,-0.031194785271753123
1778741921621345500,-2.772085103817355,3.1219802370936622,-0.02136907650979669
1778741921671715032,-2.7821119552092473,3.1249917942251413,-0.0024768959798904255
1778741921721412845,-2.797626948201875,3.129056996655625,0.012287021225569461
1778741921771573589,-2.810520180403491,3.1322549226503753,0.0245684915256974
1778741921821395699,-2.8369550929634313,3.1383154475966384,0.049230345031301415
1778741921871426065,-2.8499556443551537,3.1412249898961893,0.06827100759136595
1778741921921475046,-2.869757522560358,3.1448951551272257,0.08645901787731168
1778741921971484202,-2.8839845730138873,3.1474706603617366,0.10586815990646681
1778741922021289459,-2.8925767974484513,3.1490407458634873,0.12386556195983943
1778741922071402283,-2.90776646075659,3.1513456090192435,0.14002702341752515
1778741922121362686,-2.9133157898441,3.15221290872925,0.1560184160266611
1778741922171273604,-2.9179326561680794,3.1528430203891977,0.1629751331156788
1778741922221546722,-2.942159681826832,3.1554438358588346,0.18492149389290313
1778741922271754246,-2.955715642172734,3.1567059720507635,0.19620138801681364
1778741922321977800,-2.9828214035298948,3.158752761088077,0.21869924324800347
1778741922371360563,-2.9961381734423305,3.1595466913636607,0.23777772147142207
1778741922438110065,-3.022977232505424,3.160529021608479,0.26147892321323907
1778741922471684997,-3.029716994837265,3.160646991801549,0.26757125577682794
1778741922521771891,-3.051500154372618,3.160824398679847,0.2943401266746362
1778741922571589041,-3.069309423402793,3.160360705963116,0.3109406223620059
1778741922621598427,-3.0896886883925214,3.1595038134889086,0.3294505639045453
1778741922671638462,-3.1061082120992687,3.158945991565243,0.3495430646089783
1778741922721720817,-3.1229280195123263,3.1576097077936494,0.36657324770075794
1778741922771379084,-3.12939570503674,3.157572575336151,0.3840062772587878
1778741922821651792,-3.142961085070212,3.155933009233996,0.39502274353680633
1778741922871515902,-3.1579681682950547,3.1544523235180724,0.41803747115679046
1778741922921467819,-3.1662650492459496,3.153570080829888,0.4336276295899837
1778741922971331637,-3.180999977084336,3.1515904585254773,0.4486928982777983
1778741923021649091,-3.196336064163623,3.1491427340866514,0.46496103432009583
1778741923071575088,-3.2096162448497476,3.146985093178436,0.4812349106207762
1778741923121472852,-3.2186682571541847,3.1454620450437445,0.49434003108618185
1778741923171389321,-3.241250995631081,3.140802683582586,0.5165804504770247
1778741923221546518,-3.2615660381214036,3.136196816044166,0.5346876551010272
1778741923287967474,-3.2882291799856094,3.1296584851717806,0.5583738420895807
1778741923321355261,-3.294956488567315,3.1283359394502614,0.5636711405844322
1778741923371502940,-3.31694349114414,3.1224099728821466,0.5900358044406051
1778741923421655990,-3.3273826939530315,3.1193155337813,0.6006189554248027
1778741923471528275,-3.336694466615528,3.1168017831177828,0.6252460770022368
1778741923521334183,-3.3522798027113785,3.1116047303638505,0.640566663354166
1778741923571832752,-3.365938205908993,3.10699542191979,0.6579248130947574
1778741923637997780,-3.3849102263812325,3.100189298644084,0.6804595646504743
1778741923671597400,-3.3905016811169535,3.0980528890641175,0.6858974687249207
1778741923721751683,-3.40998340668849,3.0904967961646492,0.7102009375935521
1778741923771945881,-3.4275847024362,3.083106549098804,0.7275377382799918
1778741923821412062,-3.446073282611095,3.0749581908127976,0.7453308498096902
1778741923871493466,-3.458325474625512,3.0693235279635056,0.757031008299557
1778741923921318100,-3.4825304642306802,3.057592640832106,0.7806081657131795
1778741923971580819,-3.5003830581930457,3.048398393567728,0.7985909029719416
1778741924037994612,-3.5238661080932374,3.0355564944121567,0.8227604349527838
1778741924071360486,-3.529677348360097,3.0322431406962544,0.8288347623751783
1778741924121471977,-3.5421186689839126,3.0251544777997927,0.8482563588719305
1778741924171488797,-3.5591076684658387,3.0149019918601754,0.8724459390954209
1778741924238128910,-3.5801163036612578,3.0011508199681143,0.8962044155754842
1778741924271616627,-3.58208840069074,3.000288173446671,0.9075995904296565
1778741924321661370,-3.5917968302366803,2.993644227823559,0.91841170898374
1778741924371497577,-3.6090971111897145,2.981616566249106,0.9424240101299262
1778741924421474922,-3.6244718361765442,2.9702963720452495,0.9593177301464131
1778741924471675602,-3.6350309304290382,2.9625255435493507,0.9779365087301679
1778741924521853149,-3.645801066566745,2.9540171978870506,0.9891437308779505
1778741924571467262,-3.663752887285781,2.9396640266808594,1.0154539411845382
1778741924621871270,-3.676530140501528,2.9287589423825473,1.0320948306371278
1778741924687925568,-3.687023400896834,2.9198314339418374,1.049337085480353
1778741924721621000,-3.701922076494782,2.906324339169691,1.067327447862535
1778741924788130114,-3.7166885741527826,2.8925941884731703,1.0910636733053876
1778741924821461252,-3.7257187733434485,2.8835264718059945,1.1034213596044402
1778741924871419651,-3.731818184616754,2.8779189231968294,1.1158285730868647
1778741924921675326,-3.745062886064106,2.864289971303058,1.1330594600272965
1778741924971588910,-3.7633956864571374,2.8445942513764035,1.1569508244009121
1778741925021528463,-3.7731422519395967,2.8339415049286605,1.175768355533278
1778741925071526929,-3.7812277555062557,2.824586261429408,1.1871273509697833
1778741925121939984,-3.7902006707849476,2.814322563229219,1.2101140278511728
1778741925171570659,-3.7982604957969563,2.8043867971755354,1.2217231021178065
1778741925221589774,-3.807098252565619,2.793629024576563,1.2433108384075258
1778741925288363513,-3.8222924098070408,2.773393772132767,1.266250053461782
1778741925321518956,-3.823732436144136,2.771913017190184,1.272142448933355
1778741925371400839,-3.8382245423688137,2.7514276438556022,1.2947494207396115
1778741925421447407,-3.846039419991742,2.740563149029216,1.3124955893841594
1778741925488036423,-3.858437397156612,2.7223883090585645,1.3364213572540233
1778741925521480106,-3.8622137376303605,2.7167918100924524,1.3477461046455055
1778741925571602418,-3.871529615358346,2.7016512233482435,1.3650157457216905
1778741925621472218,-3.8794015715426053,2.6890815048954733,1.3823404627994096
1778741925687942809,-3.886410307859915,2.6775393176181854,1.4040652297753766
1778741925721533722,-3.889453638344044,2.6721386691221864,1.4096695529607688
1778741925771386800,-3.9023334246096297,2.648587067635249,1.432273990861069
1778741925821433367,-3.9065113756944614,2.641365806282579,1.4495019091814818
1778741925887916853,-3.9177293504195556,2.6190079771077466,1.4714873935124393
1778741925921351228,-3.921293755029294,2.612058028499809,1.485197377429266
1778741925971405539,-3.9265796518277747,2.6007930446135274,1.4942891375955645
1778741926021513774,-3.934977475805643,2.5825538290142114,1.517374864011065
1778741926071506478,-3.938865871626426,2.5739938146213075,1.5310369790170653
1778741926121892532,-3.9457963418516426,2.5577568451722943,1.5522008152556115
1778741926171283700,-3.953039785769559,2.539361657509028,1.5694560375800952
1778741926221363380,-3.9565943079992567,2.5304874381879627,1.5830568905962217
1778741926288111480,-3.966943945746934,2.5014737338032456,1.6098237443408407
1778741926321899158,-3.9712091709754427,2.488676995309188,1.6213056994486246
1778741926371403773,-3.976288455995592,2.4732810864623493,1.6409138767068852
1778741926421674486,-3.9794509077048366,2.4628196744509974,1.6509038439264778
1778741926471588351,-3.98480793370069,2.4438324828786175,1.6682236134323383
1778741926521526331,-3.9907430250970264,2.4217470878755014,1.6937629790384978
1778741926571696002,-3.994464043459987,2.405249067683082,1.7099972049326546
1778741926621516649,-3.9989444404063486,2.3854761887306553,1.7267219591536263
1778741926671235612,-4.002451635549026,2.3656727819467718,1.7446323586665924
1778741926721484564,-4.00463086930593,2.357701298448474,1.7624117711804936
1778741926771476127,-4.006526390983021,2.346160374921743,1.773015441408706
1778741926821536841,-4.0105426333983765,2.3201639434161807,1.793609476963053
1778741926871335867,-4.013476994631966,2.3004944265661336,1.8049224719262298
1778741926921371513,-4.015962881726964,2.2847697520430446,1.8145523172661786
1778741926971493714,-4.0174781303876514,2.274201106545389,1.8164436563706214
1778741927021367642,-4.020091484926249,2.254964525252616,1.820752485205861
1778741927088012565,-4.023674982656771,2.22889338929173,1.827804654500535
1778741927121547942,-4.025025583494037,2.2196552570155053,1.8322829698879266
1778741927171326529,-4.025835076055553,2.2169939030159225,1.8332087291903614
1778741927221580090,-4.027392631931398,2.213353539971172,1.831943282998605
1778741927271778477,-4.024918207163103,2.231344191828869,1.8079874751703697
1778741927321628289,-4.0229494383374576,2.2470631379993478,1.7721918035695141
1778741927371443425,-4.0215785235686035,2.2577938793552836,1.751412616356447
1778741927421645628,-4.0183152097597885,2.282042539974858,1.7091314656045353
1778741927471741069,-4.01761284761999,2.3011154084127776,1.6886019955253966
1778741927537966693,-4.012277000773636,2.3230819379989747,1.6530226318904608
1778741927571708764,-4.011121906721034,2.330142583418532,1.6435242834795172
1778741927621409472,-4.009250703423427,2.3424586327822827,1.630528275770721
1778741927687971818,-4.0072013026074815,2.3621832255450363,1.6147620088977028
1778741927721717917,-4.006196209004273,2.3614034850915124,1.6079294128877846
1778741927771486835,-4.005923493208655,2.361929890687629,1.6007525931359492
1778741927837950052,-4.005794165370531,2.3625697199218756,1.5947545506865275
1778741927871617230,-4.005769100716451,2.3619693440580782,1.5932432332594235
1778741927921555992,-4.005851937247244,2.3609217142368553,1.5927702109033606
1778741927971523298,-4.005849017873405,2.3607262914396507,1.592686451135993
1778741928021485164,-4.005848868413123,2.36063917835524,1.5926910188978107
1778741928071783360,-4.005726502674351,2.3607621239286845,1.5926969749032336
1778741928121583147,-4.0058496010828675,2.360551562390937,1.5926751510201962
1778741928187997801,-4.005851337989341,2.3605009233889573,1.5926422375958147
1778741928221532407,-4.005719102203893,2.3605853008386175,1.5926313329194413
1778741928271492409,-4.0058550292401165,2.3604370261911387,1.5925803643656629
1778741928321770267,-4.005718247009388,2.3605098997077123,1.592567290597133
1778741928371605211,-4.005718136461089,2.360481808781842,1.5925279293174288
1778741928438149693,-4.005861912284657,2.360353664834471,1.5924558842450294
1778741928488007179,-4.005864336534228,2.3603289120226605,1.5924037224019099
1778741928521604144,-4.005867134352854,2.3603021062502494,1.5923481375556665
1778741928571697059,-4.005869771729913,2.3602782557339266,1.5922883509815637
1778741928638118246,-4.005873267584736,2.3602483666509455,1.5922043251393385
1778741928671562870,-4.005728105558733,2.3603059094538024,1.5921941961359725
1778741928721309446,-4.005878788410846,2.360204795887507,1.5920906098693546
1778741928771305998,-4.005880763735673,2.3601900470525936,1.5920413345979487
1778741928821627228,-4.005885484154528,2.360155615519957,1.5919390807710752
1778741928871710265,-4.005888831775168,2.360132568330628,1.5918619478041744
1778741928938014498,-4.005893043739932,2.360103700039225,1.5917872384166294
1778741928971482137,-4.0057495597564685,2.3601455968763774,1.5917490647046308
1778741929021618565,-4.005900303699856,2.360057853083836,1.5916362678896385
1778741929071549161,-4.0059045610439155,2.3600308296552956,1.5915596027130194
1778741929121545483,-4.005763539791177,2.3600681311304723,1.5915193878582468
1778741929171676891,-4.0059126477180795,2.359982122129883,1.5914053761862936
1778741929221562401,-4.00591662369882,2.359959291011807,1.5913292891658264
1778741929287965083,-4.005920588463527,2.359937085833269,1.5912540527186605
1778741929321484930,-4.005924752786364,2.359913869244474,1.5911793458310735
1778741929387915114,-4.005929178521752,2.359888642767906,1.5911057415986
1778741929421711869,-4.005931854277036,2.359874331696638,1.5910568080305703
1778741929471794976,-4.005937553984202,2.3598437880489374,1.5909579099095028
1778741929537993839,-4.005943048874024,2.3598151946607038,1.5908598021663662
1778741929587859431,-4.00581532522948,2.3598384973952022,1.5908225132083942
1778741929637914685,-4.005951399815149,2.359772286401148,1.590721663988198
1778741929687952625,-4.0059562086680955,2.3597460754024753,1.5906571863650374
1778741929721448287,-4.005959143234976,2.359731153325525,1.5906154438447224
1778741929771671771,-4.005961418950886,2.359721589270076,1.590575004239696
1778741929821660678,-4.005967016405612,2.359693769143976,1.5904967743531424
1778741929871474141,-4.0058497212353394,2.3597101444922,1.5904688380645808
1778741929921694330,-4.005974203438227,2.3596580594685563,1.5904016517032984
1778741929971582976,-4.005979986844207,2.359629541961607,1.5903293211840879
1778741930021622119,-4.005984338888764,2.359608182795777,1.59027874832959
1778741930087977690,-4.005877265546736,2.3596112602870885,1.5902410088238916
1778741930138297378,-4.0059930883928265,2.3595654966895956,1.5901843379666047
1778741930171533505,-4.005997445711724,2.3595442693831528,1.5901399422476103
1778741930221469701,-4.006002068736394,2.3595212638027983,1.590099691000134
1778741930271636888,-4.006006323141536,2.3595010279173536,1.5900614253966845
1778741930321673697,-4.005906778340021,2.359509206016516,1.5900454510684252
1778741930371750451,-4.006014958773985,2.359459241532936,1.5899846392205272
1778741930438028726,-4.006021079657453,2.359429002333252,1.5899370262729258
1778741930487856085,-4.00602375366756,2.3594165801243294,1.5899159735132118
1778741930521619927,-4.006028070399876,2.3593956193415786,1.5898858462594978
1778741930571529604,-4.0060309723899445,2.359381469480452,1.5898667274109004
1778741930621756524,-4.0060364807988105,2.359355079832601,1.5898309549018108
1778741930671556772,-4.006040399369603,2.3593373607846617,1.589806664942844
1778741930722023029,-4.006044553702377,2.3593173709779007,1.5897841202301743
1778741930771517754,-4.006048755741695,2.3592968478577614,1.589762945505132
1778741930821492515,-4.006051034712263,2.3592874663530004,1.589748757694064
1778741930871719275,-4.0060566386951155,2.3592598497724637,1.5897208763095207
1778741930921757376,-4.005980149021462,2.35926074560319,1.5897163099567928
1778741930971744570,-4.006064297516576,2.3592240688264066,1.589686822545521
1778741931021668754,-4.0059915871708105,2.3592233374930824,1.5896890655250144
1778741931071645658,-4.006072412874964,2.3591840248898075,1.5896691221729196
1778741931121504518,-4.0060751849386715,2.359170099171439,1.5896653108035856
1778741931171805399,-4.006009239806387,2.3591589558213135,1.5896691222464605
1778741931221550201,-4.006082893976218,2.3591331328826013,1.5896539562521337
1778741931271481148,-4.006087903870316,2.359108575170082,1.5896429932477822
1778741931321438695,-4.006091590114032,2.359091099746043,1.5896344848674975
1778741931371478159,-4.006030686074957,2.359087332590971,1.5896369413653826
1778741931421631219,-4.00609896302526,2.3590553695965797,1.5896251745665475
1778741931487934331,-4.00610430857334,2.3590278384398,1.5896251843058433
1778741931521436425,-4.0061067812454105,2.359015439651455,1.5896258945079138
1778741931571586799,-4.006110800721477,2.3589945189489816,1.5896289252662612
1778741931621554767,-4.0060576832386525,2.3589878180682318,1.5896421014203066
1778741931671527553,-4.006116585806258,2.3589664470263716,1.5896400995215965
1778741931737915417,-4.0060688890814875,2.358951224532875,1.5896604092841236
1778741931771619045,-4.006124881377876,2.358924609614868,1.5896596805485954
1778741931821545553,-4.006126941932644,2.3589152506345625,1.5896646942012138
1778741931871532476,-4.006131812734998,2.35888963860169,1.5896752978942432
1778741931921413858,-4.006135053777641,2.3588738521060213,1.5896845567306812
1778741931971668853,-4.0061380938528846,2.358859362081775,1.589694458389575
1778741932021532461,-4.006141583504056,2.3588407804813007,1.589706245972935
1778741932087848026,-4.006144854250832,2.358824381323575,1.5897179651917985
1778741932121324111,-4.006147743974254,2.3588104957986773,1.5897298150926626
1778741932171594424,-4.006150183955234,2.3587970657530937,1.5897381056195954
1778741932237962850,-4.00615439728424,2.358775506607578,1.5897569140872987
1778741932271592056,-4.0061183270076475,2.3587665698959808,1.5897764208827103
1778741932321563390,-4.006160704667364,2.3587423863280184,1.5897888360386239
1778741932371503534,-4.006164112430814,2.358723556925466,1.589804862350758
1778741932437858715,-4.006167161243936,2.3587078089927513,1.5898215840776875
1778741932471459667,-4.006168783596444,2.3587003524976455,1.5898331896041198
1778741932521487007,-4.006171761084114,2.3586848185294644,1.5898510100843684
1778741932588212113,-4.006176848947168,2.358657421982063,1.5898835240157771
1778741932621448982,-4.0061772967535605,2.3586564390476084,1.5898908366096904
1778741932672499952,-4.006181699588567,2.3586312145163073,1.5899203129017623
